# Blender 5.2.2 LTS
# www.blender.org
mtllib ak base.mtl
o AK.002
v 1.314336 1.179720 -17.209728
v 1.314336 0.467605 -19.058506
v 2.011392 2.035666 -19.058506
v 2.011392 1.974244 -17.209728
v 2.011392 4.662377 -19.058506
v 2.011392 4.933420 -17.209728
v 2.011393 5.319843 -35.485203
v 2.011393 3.895922 -35.485203
v 2.011393 3.954825 -36.364040
v 2.011393 5.323386 -36.364010
v 1.258772 0.516356 -19.982113
v 2.011392 2.088302 -19.982113
v 2.011392 6.150005 -19.058506
v 2.011392 6.175351 -17.209728
v 2.011392 5.274605 -22.300240
v 2.011392 6.094065 -22.967930
v 2.011392 6.118801 -21.239613
v 2.011392 5.001861 -21.239613
v 2.606416 2.875874 -23.712818
v 2.497468 2.030863 -23.712887
v 2.473621 2.125263 -25.749374
v 2.612515 2.945745 -25.749920
v 2.011392 2.473025 -21.239613
v 1.183142 0.895868 -21.239613
v 1.310827 1.098978 -22.300240
v 2.011392 2.915154 -22.300240
v 2.011392 6.136787 -19.982113
v 2.011392 4.806143 -19.982113
v 2.011393 5.275659 -33.277416
v 2.011393 5.946552 -33.277416
v 2.011393 6.009645 -28.869179
v 2.011393 5.275216 -28.869179
v 2.011393 3.739722 -33.277416
v 1.220379 1.745885 -33.277042
v 1.394157 1.722038 -35.485096
v 2.011393 5.914970 -35.485203
v 1.394158 2.075795 -36.364010
v 0.088382 1.446090 -36.364040
v 0.088382 3.954825 -36.364040
v 0.088382 5.914970 -35.485203
v 2.011393 5.902398 -36.364010
v 0.088382 5.902398 -36.364040
v 0.088381 4.933420 -17.209728
v 0.088381 6.175351 -17.209728
v 0.088381 1.974244 -17.209728
v 0.088382 5.323386 -36.364040
v 0.088381 6.150005 -19.058506
v 0.088381 6.118801 -21.239616
v 0.088381 6.094065 -22.967930
v 0.088382 1.012310 -33.277081
v 1.259045 1.469257 -28.868977
v 0.088382 1.014626 -28.868977
v 0.088381 6.136787 -19.982113
v 2.011392 6.055535 -25.742458
v 0.088381 6.055535 -25.742458
v 0.088382 1.092299 -35.485096
v 0.088382 5.946552 -33.277416
v 2.619805 3.028938 -28.873028
v 2.445209 2.237719 -28.805473
v 2.412300 2.313894 -31.660606
v 2.635374 3.143201 -31.660572
v 2.011392 5.274876 -25.735817
v 1.287185 1.267987 -25.735817
v 0.088381 1.060481 -25.735817
v 0.088382 6.009645 -28.869179
v 2.619805 3.742551 -31.660572
v 2.619805 3.806223 -28.873131
v 2.619805 3.816580 -25.749920
v 2.619805 3.825302 -23.712818
v 0.088381 1.098978 -22.300240
v 0.088381 0.157114 -19.058506
v 0.088381 0.205898 -19.982113
v 0.088381 0.869229 -17.209728
v 0.088381 0.585376 -21.239613
v -1.834664 2.035666 -19.058506
v -1.137574 0.467605 -19.058506
v -1.137574 1.179720 -17.209728
v -1.834665 1.974244 -17.209728
v -1.834664 4.662377 -19.058506
v -1.834665 4.933420 -17.209728
v -1.834629 5.319843 -35.485203
v -1.834629 5.323386 -36.364040
v -1.834629 3.954825 -36.364040
v -1.834629 3.895922 -35.485203
v -1.834664 2.088302 -19.982113
v -1.082044 0.516356 -19.982113
v -1.834665 6.175351 -17.209728
v -1.834664 6.150005 -19.058506
v -1.834664 5.274605 -22.300240
v -1.834664 5.001861 -21.239616
v -1.834664 6.118801 -21.239616
v -1.834664 6.094065 -22.967930
v -2.429654 2.875874 -23.712818
v -2.435752 2.945745 -25.749920
v -2.296858 2.125263 -25.749378
v -2.320740 2.030863 -23.712887
v -1.134065 1.098978 -22.300240
v -1.006414 0.895868 -21.239613
v -1.834664 2.473025 -21.239616
v -1.834664 2.915154 -22.300240
v -1.834664 4.806143 -19.982113
v -1.834664 6.136787 -19.982113
v -1.834664 6.009645 -28.869179
v -1.834629 5.946552 -33.277416
v -1.834629 5.275659 -33.277416
v -1.834664 5.275216 -28.869179
v -1.217393 1.722038 -35.485096
v -1.043649 1.745885 -33.277042
v -1.834629 3.739722 -33.277416
v -1.834629 5.914970 -35.485203
v -1.217393 2.075795 -36.364010
v -1.834629 5.902398 -36.364040
v -1.082316 1.469257 -28.868977
v -1.834664 6.055535 -25.742462
v -2.443042 3.028938 -28.873028
v -2.458611 3.143201 -31.660572
v -2.235536 2.313894 -31.660606
v -2.268446 2.237719 -28.805473
v -1.834664 5.274876 -25.735817
v -1.110422 1.267987 -25.735817
v -2.443042 3.806223 -28.873131
v -2.443042 3.742551 -31.660572
v -2.443042 3.825302 -23.712818
v -2.443042 3.816580 -25.749920
v 0.839671 -2.989804 6.022775
v 0.839671 -3.220850 6.023764
v 0.839671 -3.215876 5.820517
v 0.839671 -2.985307 5.823241
v -0.547220 -3.215876 5.820517
v -0.547220 -3.220850 6.023764
v -0.547220 -2.989804 6.022775
v -0.547220 -2.985307 5.823241
v 0.839671 0.470572 -0.607894
v 0.839671 0.469721 -0.782934
v -0.547219 0.469721 -0.782934
v -0.547219 0.470572 -0.607894
v 0.839671 -0.644355 6.012897
v 0.839671 -0.644355 5.850940
v -0.547220 -0.644355 5.850940
v -0.547220 -0.644355 6.012897
v -0.547220 -2.135935 6.019199
v 0.839671 -2.135935 6.019199
v 0.839671 -4.041265 4.992982
v 0.839671 -4.238585 5.000546
v 0.839671 -4.230103 3.451459
v 0.839671 -4.032783 3.447576
v -0.547220 -4.238585 5.000546
v -0.547219 -4.230103 3.451459
v -0.547220 -4.041265 4.992982
v -0.547219 -4.032783 3.447576
v 0.839671 -3.180141 -0.595699
v 0.839671 -3.195028 -0.795131
v 0.839671 -2.328724 -0.792269
v 0.839671 -2.317175 -0.598595
v -0.547219 -3.195028 -0.795131
v -0.547219 -2.328724 -0.792269
v -0.547219 -3.180141 -0.595699
v -0.547219 -2.317175 -0.598595
v 0.839671 -3.998066 5.507743
v 0.839671 -4.164896 5.631919
v -0.547220 -3.998066 5.507743
v -0.547220 -4.164896 5.631919
v 0.839671 -3.612253 -0.496119
v 0.839671 -3.753055 -0.671158
v -0.547219 -3.753055 -0.671158
v -0.547219 -3.612219 -0.496119
v 0.839671 -3.710161 5.767714
v 0.839671 -3.819109 5.950212
v -0.547220 -3.710161 5.767745
v -0.547220 -3.819109 5.950212
v 0.839671 -4.074821 -0.350242
v 0.839671 -3.905439 -0.202388
v 0.839671 -4.212728 0.278475
v 0.839671 -4.015442 0.282086
v -0.547219 -4.074821 -0.350276
v -0.547219 -4.212728 0.278475
v -0.547219 -3.905439 -0.202388
v -0.547219 -4.015442 0.282086
v 0.839671 -0.930388 -0.787601
v 0.839671 -0.924187 -0.603261
v -0.547219 -0.930388 -0.787601
v -0.547219 -0.924187 -0.603261
v 0.839671 -4.215692 0.819230
v 0.839671 -4.018406 0.821548
v -0.547219 -4.215692 0.819196
v -0.547219 -4.018406 0.821548
v 0.839671 -4.221858 1.941721
v 0.839671 -4.024539 1.941381
v -0.547219 -4.221858 1.941721
v -0.547219 -4.024539 1.941381
v 0.839671 -2.133073 5.833325
v -0.547220 -2.133073 5.833325
v 0.968004 -2.989533 -1.170077
v 0.968004 -2.676486 -1.170077
v 0.968038 -2.676486 -2.091093
v 0.968038 -2.989533 -2.091093
v 1.203240 -2.989533 -2.030419
v 1.203240 -2.676486 -2.030419
v 1.203240 -2.676486 -1.167455
v 1.203240 -2.989533 -1.167455
v 0.968038 -2.558748 -2.784709
v 1.203206 -2.558748 -2.784709
v 1.203206 -2.824646 -2.629940
v 0.968038 -2.824646 -2.629940
v 0.679008 -0.362856 -0.829401
v 0.679008 -2.283142 -0.829401
v 0.146226 -2.283142 -0.829401
v 0.146226 -0.362856 -0.829401
v 0.679008 -2.989533 -0.829401
v 0.914279 -2.989533 -0.663084
v 0.146226 -2.989533 -0.663084
v 0.146226 -2.989533 -0.829401
v 0.914279 -2.676486 -0.663084
v 0.146226 -2.676486 -0.663084
v 0.146226 -0.362856 -0.663084
v 0.914279 -0.362856 -0.663084
v 0.895746 -0.362856 -0.914570
v 0.895746 -2.283142 -0.914570
v 1.131017 -2.989533 -0.748254
v 1.131017 -2.676486 -0.748254
v 0.895746 -2.989533 -0.914570
v 1.131017 -0.362856 -0.748254
v 0.968004 -0.362856 -1.170077
v 0.968004 -2.283142 -1.170077
v 1.203240 -0.362856 -1.167455
v 0.968038 -0.362856 -2.272675
v 0.968038 -2.283142 -2.272675
v 1.203206 -0.362856 -2.905990
v 1.203240 -0.362856 -2.529237
v 1.203240 -2.283142 -2.529237
v 1.203206 -2.283142 -2.905990
v 0.968038 -0.362856 -2.905990
v 0.968038 -2.283142 -2.905990
v 0.679008 -2.676486 -0.829401
v 0.146226 -2.676486 -0.829401
v 0.914279 -2.283142 -0.663084
v 0.146226 -2.283142 -0.663084
v 0.895746 -2.676486 -0.914570
v 1.131017 -2.283142 -0.748254
v 1.203240 -2.283142 -1.167455
v 0.968038 -2.283142 -2.562180
v 0.968038 -2.639455 -2.450608
v 1.203240 -2.969194 -2.354879
v 1.203240 -2.639455 -2.417665
v 0.968038 -2.969194 -2.387822
v 0.968038 -0.362856 -2.562180
v 1.203240 -0.362856 -2.211999
v 1.203240 -2.283142 -2.211999
v 2.179207 0.503379 -2.205390
v 2.179241 0.451767 -1.162140
v 2.179241 0.251790 -1.172019
v 2.179207 0.303369 -2.215304
v 2.179208 0.319040 -2.532132
v 2.179208 0.519051 -2.522252
v 2.179208 0.337675 -2.908408
v 2.179208 0.537651 -2.898495
v 1.540304 0.251790 -1.172019
v 1.540270 0.303369 -2.215304
v 1.540270 0.319040 -2.532132
v 1.540270 0.337675 -2.908408
v 1.488011 0.537651 -2.898495
v 1.487840 0.520073 -2.542557
v 1.487432 0.505219 -2.242830
v 1.487976 0.451869 -1.163741
v 1.359269 0.231078 -1.173041
v 1.359235 0.282690 -2.216327
v 1.359235 0.298361 -2.533154
v 1.359235 0.316962 -2.909431
v 1.229915 0.484642 -2.256764
v 1.230153 0.430679 -1.165342
v 1.230187 0.516427 -2.899550
v 1.230085 0.499189 -2.550597
v 1.242247 0.169041 -1.176107
v 1.032562 0.306810 -1.171815
v 1.242247 0.220619 -2.219392
v 1.242213 0.236290 -2.536221
v 1.242213 0.254925 -2.912497
v 1.032528 0.361182 -2.270596
v 1.032596 0.392592 -2.905683
v 1.032562 0.375524 -2.560920
v -0.675552 -2.676486 -1.170077
v -0.675552 -2.989533 -1.170077
v -0.675585 -2.989533 -2.091093
v -0.675585 -2.676486 -2.091093
v -0.910788 -2.676486 -2.030419
v -0.910788 -2.989533 -2.030419
v -0.910788 -2.989533 -1.167455
v -0.910788 -2.676486 -1.167455
v -0.675585 -2.558748 -2.784709
v -0.675585 -2.824646 -2.629940
v -0.910754 -2.824646 -2.629940
v -0.910754 -2.558748 -2.784709
v -0.386556 -2.283142 -0.829401
v -0.386556 -0.362856 -0.829401
v -0.621827 -2.989533 -0.663084
v -0.386556 -2.989533 -0.829401
v -0.621827 -2.676486 -0.663084
v -0.621827 -0.362856 -0.663084
v -0.603294 -2.283142 -0.914570
v -0.603294 -0.362856 -0.914570
v -0.838565 -2.989533 -0.748254
v -0.838565 -2.676486 -0.748254
v -0.603294 -2.989533 -0.914570
v -0.838565 -0.362856 -0.748254
v -0.675552 -2.283142 -1.170077
v -0.675552 -0.362856 -1.170077
v -0.910788 -0.362856 -1.167455
v -0.675585 -0.362856 -2.272675
v -0.675585 -2.283142 -2.272675
v -0.910788 -0.362856 -2.529237
v -0.910754 -0.362856 -2.905990
v -0.910754 -2.283142 -2.905990
v -0.910788 -2.283142 -2.529237
v -0.675585 -0.362856 -2.905990
v -0.675585 -2.283142 -2.905990
v -0.386556 -2.676486 -0.829401
v -0.621827 -2.283142 -0.663084
v -0.603294 -2.676486 -0.914570
v -0.838565 -2.283142 -0.748254
v -0.910788 -2.283142 -1.167455
v -0.675585 -2.639455 -2.450608
v -0.675585 -2.283142 -2.562180
v -0.910788 -2.639455 -2.417665
v -0.910788 -2.969194 -2.354879
v -0.675585 -2.969194 -2.387822
v -0.675585 -0.362856 -2.562180
v -0.910788 -0.362856 -2.211999
v -0.910788 -2.283142 -2.211999
v -1.886755 0.503379 -2.205390
v -1.886755 0.303369 -2.215304
v -1.886789 0.251790 -1.172019
v -1.886789 0.451767 -1.162140
v -1.886755 0.319040 -2.532132
v -1.886755 0.519051 -2.522252
v -1.886755 0.337675 -2.908408
v -1.886755 0.537651 -2.898528
v -1.247818 0.303369 -2.215304
v -1.247852 0.251790 -1.172019
v -1.247818 0.319040 -2.532132
v -1.247818 0.337675 -2.908408
v -1.195388 0.520073 -2.542557
v -1.195559 0.537651 -2.898528
v -1.194979 0.505219 -2.242830
v -1.195525 0.451869 -1.163741
v -1.066783 0.282690 -2.216327
v -1.066817 0.231078 -1.173041
v -1.066783 0.298361 -2.533154
v -1.066783 0.316962 -2.909431
v -0.937701 0.430679 -1.165342
v -0.937463 0.484642 -2.256764
v -0.937633 0.499189 -2.550597
v -0.937735 0.516427 -2.899550
v -0.740110 0.306810 -1.171815
v -0.949795 0.169041 -1.176107
v -0.949795 0.220619 -2.219392
v -0.949761 0.236290 -2.536221
v -0.949761 0.254925 -2.912497
v -0.740075 0.361182 -2.270596
v -0.740109 0.375524 -2.560920
v -0.740143 0.392592 -2.905683
v -0.478267 0.360774 2.864679
v -0.478267 0.360774 4.817466
v 0.135937 0.360774 4.817466
v 0.135937 0.360774 2.864679
v -0.475439 -0.050251 4.814399
v 0.135971 -0.050251 4.814399
v -0.359439 -0.268045 3.197861
v -0.475882 -0.000649 2.868426
v 0.135971 -0.000649 2.868426
v 0.138492 -0.268011 3.197826
v 0.650834 -0.268045 3.197861
v 0.765540 -0.000649 2.868426
v 0.765097 -0.050251 4.814399
v 0.651243 -0.317068 4.588838
v 0.138492 -0.317068 4.588838
v -0.243405 -0.736610 3.611611
v -0.243405 -0.779467 4.327369
v -0.343461 -0.595502 4.544755
v -0.343461 -0.546445 3.350823
v 0.139242 -0.546445 3.350823
v 0.140673 -0.736610 3.611611
v 0.535856 -0.736610 3.611611
v 0.635913 -0.546445 3.350823
v 0.635913 -0.595502 4.544755
v 0.535856 -0.779467 4.327369
v 0.139242 -0.595502 4.544755
v 0.140673 -0.779467 4.327369
v -0.243405 -1.454720 4.315856
v -0.243405 -1.405663 3.955896
v -0.217446 -2.165676 3.877371
v -0.217446 -2.214733 4.178460
v 0.140673 -1.405663 3.955896
v 0.535856 -1.405663 3.955896
v 0.509897 -2.165676 3.877371
v 0.141047 -2.165676 3.877371
v 0.535856 -1.454720 4.315856
v 0.509897 -2.214733 4.178460
v 0.140673 -1.454720 4.315856
v 0.141047 -2.214733 4.178460
v -0.127575 -2.967660 3.579791
v -0.127575 -2.838783 3.491284
v 0.142308 -2.838783 3.491284
v 0.420027 -2.967660 3.579791
v 0.420027 -2.838783 3.491284
v 0.142308 -2.967660 3.579791
v 0.035268 -3.331809 2.960171
v 0.035268 -3.202898 2.871664
v 0.144454 -3.260812 2.768609
v 0.257013 -3.331809 2.960171
v 0.257013 -3.202898 2.871664
v 0.144454 -3.389724 2.857116
v -0.359848 -0.317068 4.588838
v 0.767924 0.360774 4.817466
v 0.767924 0.360774 2.864679
v -0.210290 1.506668 -9.488965
v 0.502744 1.506668 -9.488965
v 0.502744 1.506668 -10.889754
v -0.210290 1.506668 -10.889754
v -0.393302 1.323147 -3.580868
v 0.685754 1.506669 -3.572998
v -0.393302 1.506669 -3.572998
v -0.210290 1.353228 -10.899804
v 0.685755 1.506668 -9.125567
v -0.393301 1.506668 -9.125567
v -1.274765 1.345971 -9.135106
v -1.274765 1.506668 -9.125567
v -0.792743 1.506668 -9.488965
v -0.792743 1.347470 -9.498607
v 1.085197 1.506668 -9.488965
v 1.567218 1.506668 -9.125567
v 1.085197 1.506668 -10.889754
v 0.685754 1.271092 -2.985128
v -0.393302 1.271092 -2.985128
v -0.792743 1.353228 -10.899806
v -1.274766 1.323147 -3.580868
v -0.792743 1.506668 -10.889754
v 1.567218 1.506669 -3.572998
v -1.274766 1.506669 -3.572998
v 1.002924 0.485118 -10.465274
v 1.002924 -0.856360 -10.571326
v 1.000028 -0.884228 -9.768285
v 1.000028 0.471116 -9.661925
v 1.278905 -0.884228 -9.768285
v 1.276009 -0.855100 -10.608459
v 1.276009 0.485765 -10.502440
v 1.278905 0.471082 -9.661925
v 0.689230 0.495678 -11.196908
v 0.666677 -0.833058 -11.300849
v 0.146227 -0.831253 -11.295636
v 0.146227 0.497757 -11.189925
v 0.461829 -0.839156 -11.004325
v 0.146227 -0.841098 -11.011342
v 0.146227 0.492817 -10.905494
v 0.484381 0.494725 -10.900315
v 0.146227 1.381026 -11.189925
v 0.146227 1.376053 -10.905494
v 0.484381 1.377961 -10.900315
v 0.689230 1.378948 -11.196908
v 1.278905 1.354351 -9.661925
v 1.276009 1.369034 -10.502440
v 1.002924 1.368387 -10.465274
v 1.000028 1.354351 -9.661925
v 1.116948 0.494929 -11.028001
v 1.116948 -0.836874 -11.133780
v 0.880008 -0.845288 -10.891391
v 0.880008 0.490705 -10.785508
v 0.880008 1.373975 -10.785508
v 1.116948 1.378199 -11.028001
v 1.000028 0.878462 -9.661925
v 1.002924 0.892497 -10.465274
v 1.278905 0.878462 -9.661925
v 1.276009 0.893145 -10.502440
v 1.116948 0.902309 -11.028001
v 0.880008 0.898085 -10.785508
v 0.689230 0.903058 -11.196908
v 0.146227 0.905136 -11.189925
v 0.146227 0.900196 -10.905494
v 0.484381 0.902104 -10.900315
v -0.710470 0.485118 -10.465274
v -0.707574 0.471116 -9.661925
v -0.707574 -0.884228 -9.768285
v -0.710470 -0.856360 -10.571326
v -0.986451 -0.884228 -9.768285
v -0.986451 0.471116 -9.661925
v -0.983555 0.485765 -10.502440
v -0.983555 -0.855100 -10.608459
v -0.396776 0.495678 -11.196908
v -0.374223 -0.833058 -11.300849
v -0.169375 -0.839156 -11.004325
v -0.191928 0.494725 -10.900315
v -0.396776 1.378948 -11.196908
v -0.191928 1.377961 -10.900315
v -0.986451 1.354351 -9.661927
v -0.707574 1.354351 -9.661925
v -0.710470 1.368387 -10.465274
v -0.983555 1.369034 -10.502440
v -0.824494 0.494929 -11.028001
v -0.824494 -0.836874 -11.133780
v -0.587554 -0.845288 -10.891391
v -0.587554 0.490705 -10.785508
v -0.587554 1.373975 -10.785508
v -0.824494 1.378199 -11.028001
v -0.707574 0.878462 -9.661925
v -0.710470 0.892497 -10.465274
v -0.986451 0.878462 -9.661925
v -0.983555 0.893145 -10.502440
v -0.824494 0.902309 -11.028001
v -0.587554 0.898085 -10.785508
v -0.396776 0.903058 -11.196908
v -0.191928 0.902104 -10.900315
v -1.748916 5.880019 -23.915382
v -1.644192 7.924856 -23.921345
v -1.748916 7.917565 -24.808193
v -1.748916 5.872864 -25.114288
v 2.041372 7.917565 -24.808193
v 1.936648 7.924856 -23.921310
v 2.041338 5.880019 -23.915348
v 2.041372 5.872864 -25.114288
v 0.146228 5.872864 -25.114288
v 0.146228 5.880019 -23.915382
v -1.748915 7.692990 -36.339752
v -1.460363 8.360032 -36.339752
v -0.594706 8.880549 -36.339752
v 0.146229 9.026462 -36.339752
v 0.146229 5.798015 -36.339752
v -1.748915 5.798015 -36.339752
v -0.594706 9.030584 -35.760532
v 0.146229 9.176495 -35.760532
v -0.594707 9.230630 -23.923733
v -1.460364 8.710112 -23.923115
v 0.146228 9.376540 -23.923733
v -1.748916 6.164006 -25.393303
v -1.748916 7.898214 -25.511723
v 2.041372 6.164006 -25.393299
v 2.041372 7.898214 -25.511723
v 0.146228 6.164006 -25.393299
v -0.594707 9.215299 -24.686810
v 0.146228 9.361211 -24.686810
v -0.594707 9.190328 -26.386097
v -0.594707 9.202388 -25.566399
v 0.146228 9.348298 -25.566399
v 0.146228 9.336238 -26.386097
v -1.748916 7.904890 -26.194027
v -1.748916 7.857673 -27.363972
v -1.748916 6.350116 -27.603844
v -1.748916 6.336558 -25.805042
v 2.041372 7.904890 -26.194027
v 2.041372 6.336558 -25.805042
v 2.041372 6.350116 -27.603844
v 2.041372 7.857673 -27.363972
v 0.146228 6.350116 -27.603844
v 0.146228 6.336558 -25.805042
v 0.146228 9.300944 -27.239830
v -0.594707 9.155034 -27.239830
v -1.748916 7.844455 -28.160370
v -1.748916 6.221545 -28.080856
v 2.041372 7.844455 -28.160370
v 2.041372 6.221545 -28.080856
v 0.146228 6.221545 -28.080856
v -0.594707 9.145700 -29.421722
v -0.594707 9.149413 -28.199310
v 0.146228 9.295323 -28.199310
v 0.146228 9.291612 -29.421722
v -1.748916 5.850378 -28.439144
v -1.748916 7.881418 -29.148945
v -1.748915 7.827966 -30.574600
v -1.748915 5.830483 -31.286167
v 2.041373 7.827966 -30.574600
v 2.041372 7.881418 -29.148945
v 2.041372 5.850378 -28.439144
v 2.041373 5.830483 -31.286167
v 0.146229 5.830483 -31.286167
v 0.146228 5.850378 -28.439144
v 0.146229 9.236796 -30.297497
v -0.594707 9.090884 -30.297497
v -1.748915 7.781941 -31.561573
v -1.748915 6.169831 -31.652225
v 2.041373 6.169831 -31.652225
v 2.041373 7.781941 -31.561573
v 0.146229 6.169831 -31.652225
v -0.594706 9.084854 -32.627853
v -0.594707 9.086661 -31.516945
v 0.146229 9.232573 -31.516945
v 0.146229 9.230766 -32.627853
v -1.748915 7.789947 -32.487118
v -1.748915 7.731930 -33.495960
v -1.748915 6.256497 -33.555275
v -1.748915 6.261506 -32.211273
v 2.041373 7.789947 -32.487087
v 2.041373 6.261506 -32.211239
v 2.041373 6.256497 -33.555275
v 2.041373 7.731930 -33.495960
v 0.146229 6.256497 -33.555275
v 0.146229 6.261506 -32.211273
v 0.146229 9.183105 -33.464417
v -0.594706 9.037193 -33.464417
v -1.748915 7.731521 -34.298420
v -1.748915 6.185875 -34.134220
v 2.041373 7.731521 -34.298420
v 2.041373 6.185875 -34.134220
v 0.146229 6.185875 -34.134220
v -0.594706 9.033480 -34.382057
v 0.146229 9.179390 -34.382057
v -1.748915 7.791853 -35.416248
v -1.748915 5.808611 -34.512844
v 2.041373 7.791853 -35.416248
v 2.041373 5.808611 -34.512844
v 2.041373 5.798015 -36.339752
v 2.041373 7.692990 -36.339752
v 0.146229 5.808611 -34.512844
v 0.887164 8.880549 -36.339752
v 1.752821 8.360032 -36.339752
v 0.887164 9.030584 -35.760532
v 1.752820 8.710112 -23.923115
v 0.887163 9.230630 -23.923695
v 0.887163 9.215299 -24.686810
v 0.887163 9.202388 -25.566399
v 0.887163 9.190328 -26.386097
v 0.887163 9.155034 -27.239830
v 0.887164 9.149413 -28.199310
v 0.887164 9.145700 -29.421722
v 0.887164 9.090884 -30.297497
v 0.887164 9.086661 -31.516945
v 0.887164 9.084854 -32.627853
v 0.887164 9.037193 -33.464417
v 0.887164 9.033480 -34.382057
v -1.460364 8.696792 -24.717163
v 1.752821 8.526827 -35.674446
v 1.752820 8.696792 -24.717163
v -1.460363 8.526827 -35.674480
v -1.460364 8.682279 -25.552738
v 1.752820 8.674920 -26.338097
v 1.752820 8.682279 -25.552738
v -1.460363 8.674920 -26.338097
v -1.460363 8.636628 -27.270866
v 1.752820 8.636628 -27.270866
v -1.460363 8.629098 -28.189564
v 1.752820 8.635571 -29.353550
v 1.752820 8.629098 -28.189564
v -1.460363 8.635571 -29.353550
v -1.460363 8.581099 -30.366787
v 1.752820 8.581099 -30.366787
v -1.460363 8.566415 -31.528084
v 1.752820 8.567062 -32.592663
v 1.752820 8.566415 -31.528084
v -1.460363 8.567062 -32.592663
v -1.460363 8.516811 -33.472321
v 1.752821 8.516811 -33.472321
v -1.460363 8.513916 -34.361141
v 1.752821 8.513916 -34.361141
v -1.563281 5.946312 -36.230053
v -1.807477 5.946312 -36.238026
v -1.563281 5.933843 -36.238026
v -1.373320 5.937080 -36.232132
v -1.793066 6.365445 -36.238026
v -1.550676 6.370963 -36.230053
v 1.855705 5.933843 -36.238026
v 2.099935 5.946312 -36.238026
v 1.855705 5.946312 -36.230053
v 1.665778 5.937080 -36.232098
v 1.855705 5.933843 -36.309464
v 2.099935 5.946312 -36.309464
v -0.830624 5.929687 -36.238026
v -0.830624 5.933843 -36.230053
v -1.563281 5.933843 -36.309464
v -0.830624 5.929687 -36.309464
v 0.146229 5.933843 -36.230053
v 0.146229 5.929687 -36.238026
v -1.373320 5.937080 -36.831108
v -1.563281 5.946312 -36.856556
v -0.830624 5.946312 -36.889263
v -0.830624 5.933843 -36.856556
v -1.550676 6.370963 -36.856556
v -0.823436 6.387452 -36.889263
v 0.146229 5.933843 -36.856556
v 0.146229 5.946312 -36.889263
v -1.476851 8.565936 -36.758373
v -0.773016 9.084853 -36.758373
v -0.780238 8.675941 -36.856556
v -1.306105 8.289445 -36.831108
v -1.476851 8.565936 -36.615116
v -0.773016 9.084853 -36.615116
v 0.146229 9.172883 -36.758373
v 0.146229 9.172883 -36.615116
v 0.146229 8.752967 -36.856556
v -1.306105 8.289445 -36.232132
v -1.557149 7.708557 -36.230053
v -0.801837 7.616371 -36.227360
v -0.780238 8.675941 -36.230053
v -0.823436 6.387452 -36.227360
v 0.146229 6.398456 -36.227360
v 0.146229 7.660387 -36.227360
v 0.146229 8.752967 -36.230053
v -1.793066 6.365445 -36.309464
v -1.807477 5.946312 -36.309464
v 1.855705 5.946312 -36.856556
v 1.843134 6.370963 -36.856556
v 2.085525 6.365445 -36.758373
v 2.099935 5.946312 -36.758373
v 2.085525 6.365445 -36.615086
v 2.099935 5.946312 -36.615086
v 0.146229 6.398456 -36.889263
v -0.830624 5.946312 -36.227360
v 0.146229 5.946312 -36.227360
v -1.800255 7.686550 -36.238026
v -1.476851 8.565936 -36.238026
v -1.476851 8.565936 -36.309464
v -1.800255 7.686550 -36.309464
v 1.846370 7.708557 -36.856556
v 2.089476 7.686550 -36.758373
v 1.598563 8.289445 -36.831108
v 1.769309 8.565936 -36.758373
v 2.089476 7.686550 -36.615086
v 1.769309 8.565936 -36.615086
v -1.557149 7.708557 -36.856556
v -0.801837 7.616371 -36.889263
v 0.146229 7.660387 -36.889263
v 0.146229 5.929687 -36.309464
v -0.773016 9.084853 -36.238026
v 0.146229 9.172883 -36.238026
v 0.146229 9.172883 -36.309464
v -0.773016 9.084853 -36.309464
v 2.085525 6.365445 -36.238026
v 1.843134 6.370963 -36.230053
v 1.598563 8.289445 -36.232098
v 1.846370 7.708557 -36.230053
v 2.089476 7.686550 -36.238026
v 1.769309 8.565936 -36.238026
v 2.085525 6.365445 -36.309464
v 2.089476 7.686550 -36.309464
v 1.769309 8.565936 -36.309464
v -1.563281 5.933843 -36.447029
v -1.807477 5.946312 -36.447029
v -1.807477 5.946312 -36.615116
v -1.563281 5.933843 -36.615116
v 1.855705 5.933843 -36.447029
v 2.099935 5.946312 -36.447029
v 1.855705 5.933843 -36.615086
v -0.830624 5.929687 -36.447029
v -0.830624 5.929687 -36.615116
v 0.146229 5.929687 -36.447029
v 0.146229 5.929687 -36.615116
v -1.793066 6.365445 -36.447029
v -1.793066 6.365445 -36.615116
v -1.476851 8.565936 -36.447029
v -1.800255 7.686550 -36.447029
v -1.800255 7.686550 -36.615116
v -0.773016 9.084853 -36.447029
v 0.146229 9.172883 -36.447029
v 2.085525 6.365445 -36.447029
v 1.769309 8.565936 -36.447029
v 2.089476 7.686550 -36.447029
v -1.563281 5.933843 -36.758373
v -1.807477 5.946312 -36.758373
v 1.855705 5.933843 -36.758373
v 1.665778 5.937080 -36.831108
v -0.830624 5.929687 -36.758373
v 0.146229 5.929687 -36.758373
v -1.793066 6.365445 -36.758373
v -1.800255 7.686550 -36.758373
v 1.123082 5.933843 -36.230053
v 1.123082 5.929687 -36.238026
v 1.123082 5.933843 -36.856556
v 1.123082 5.946312 -36.889263
v 1.065474 9.084853 -36.615116
v 1.065474 9.084853 -36.758373
v 1.072662 8.675941 -36.856556
v 1.115894 6.387452 -36.227360
v 1.117018 7.774546 -36.227360
v 1.072662 8.675941 -36.230053
v 1.115894 6.387452 -36.889263
v 1.123082 5.946312 -36.227360
v 1.094295 7.616371 -36.889263
v 1.123082 5.929687 -36.309464
v 1.065474 9.084853 -36.238026
v 1.065474 9.084853 -36.309464
v 1.123082 5.929687 -36.615116
v 1.123082 5.929687 -36.447029
v 1.065474 9.084853 -36.447029
v 1.123082 5.929687 -36.758373
v 2.043723 6.009918 -24.171638
v 1.806544 5.996086 -24.171638
v 1.807260 6.221171 -24.181721
v 2.044540 6.218310 -24.171638
v -1.514804 6.221171 -24.181725
v -1.514088 5.996086 -24.171638
v -1.751267 6.009441 -24.171638
v -1.752084 6.218310 -24.171638
v -1.514088 5.996086 -24.022594
v -1.751267 6.009441 -24.022594
v 1.094975 5.991624 -24.171638
v 1.806544 5.996086 -24.022594
v 1.094975 5.991624 -24.022594
v 0.146228 5.991624 -24.171638
v 0.146228 6.235444 -24.185062
v 1.095384 6.229721 -24.185062
v 1.807260 6.221171 -23.177105
v 1.095384 6.229721 -23.172642
v 1.094975 5.991624 -23.190460
v 1.806544 5.996086 -23.190460
v 1.689352 8.826419 -23.306355
v 1.016313 9.271205 -23.322914
v 1.026534 9.018559 -23.210217
v 1.531551 8.713178 -23.232056
v 1.689352 8.877622 -23.493591
v 1.016313 9.329699 -23.518429
v 0.146228 9.443961 -23.322914
v 0.146228 9.502490 -23.518429
v 0.146228 9.175439 -23.210217
v 1.531551 8.778554 -24.179100
v 1.740555 8.229556 -24.181721
v 1.057263 8.393453 -24.185062
v 1.026534 9.115344 -24.181725
v 1.793599 7.503236 -24.181721
v 1.087583 7.587144 -24.185062
v 0.146228 7.643083 -24.185062
v 0.146228 8.502742 -24.185062
v 0.146228 9.272227 -24.181725
v 2.044540 6.218310 -24.022594
v 2.043723 6.009441 -24.022594
v -1.752084 6.218310 -23.319748
v -1.751267 6.009441 -23.319748
v -1.751267 6.009441 -23.190460
v -1.752084 6.218310 -23.190460
v 0.146228 6.235444 -23.172642
v 0.146228 5.991624 -23.190460
v 1.809372 6.754977 -24.181721
v 2.046959 6.743528 -24.171638
v 2.028937 7.475267 -24.171638
v -1.514804 6.221171 -23.177105
v -1.516916 6.754977 -23.177105
v -1.754537 6.743528 -23.190460
v -1.501143 7.474687 -23.181229
v -1.736481 7.451997 -23.207016
v -1.754537 6.743528 -23.319748
v -1.736481 7.459321 -23.344582
v 1.809372 6.754977 -23.177105
v 1.096610 6.789316 -23.172642
v 1.793598 7.474687 -23.181225
v 1.087583 7.556824 -23.172642
v 0.146228 6.812209 -23.172642
v 0.146228 7.612763 -23.172642
v 0.146228 5.991624 -24.022594
v 1.689352 8.887910 -24.171638
v 1.016313 9.355967 -24.171638
v 0.146228 9.528722 -24.171638
v 0.146228 9.512538 -24.055706
v 1.016313 9.339747 -24.055706
v 1.968297 8.174911 -24.171638
v 1.689352 8.873738 -24.051586
v 1.968297 8.166802 -24.039150
v 2.028937 7.473222 -24.026749
v -1.396896 8.887944 -24.171638
v -1.239095 8.778554 -24.179100
v -1.448099 8.229556 -24.181725
v -1.675841 8.174911 -24.171638
v -1.501143 7.503236 -24.181725
v -1.736481 7.475267 -24.171638
v -1.675841 8.166802 -24.039150
v -1.736481 7.473222 -24.026752
v -1.752084 6.218310 -24.022594
v -1.396896 8.873738 -24.051586
v 1.806544 5.996086 -23.672001
v 2.043723 6.009441 -23.672001
v 2.043722 6.009441 -23.319744
v 1.806544 5.996086 -23.319744
v -1.514088 5.996086 -23.672005
v -1.751267 6.009441 -23.672005
v -1.514088 5.996086 -23.319748
v 1.094975 5.991624 -23.672001
v 1.094975 5.991624 -23.319744
v 0.146228 5.991624 -23.672001
v 0.146228 5.991624 -23.319744
v 2.044540 6.218310 -23.672001
v 2.044540 6.218310 -23.319744
v 1.689352 8.881743 -23.787903
v 1.968297 8.193003 -23.738232
v 1.968297 8.212419 -23.419086
v 2.028937 7.467159 -23.688560
v 2.028937 7.459321 -23.344582
v 1.016313 9.341655 -23.804424
v 0.146228 9.514413 -23.804424
v -1.752084 6.218310 -23.672005
v -1.396896 8.877622 -23.493591
v -1.396896 8.881743 -23.787903
v -1.675841 8.193003 -23.738232
v -1.675841 8.212419 -23.419086
v -1.736481 7.467159 -23.688564
v 2.043722 6.009441 -23.190460
v -1.514088 5.996086 -23.190460
v 2.044540 6.218310 -23.190460
v 1.968297 8.183156 -23.256687
v 1.740555 8.216644 -23.193661
v 2.028937 7.451997 -23.207016
v -0.802928 6.229721 -24.185062
v -0.802519 5.991624 -24.171638
v -0.723857 9.329699 -23.518429
v -0.723857 9.271205 -23.322914
v -1.396896 8.826419 -23.306358
v -0.734078 9.018559 -23.210217
v -1.239095 8.713178 -23.232056
v -0.804154 6.789316 -24.185062
v 0.146228 6.812209 -24.185062
v -1.516916 6.754977 -24.181725
v -0.795127 7.587144 -24.185062
v -0.802928 6.229721 -23.172642
v -0.802519 5.991624 -23.190460
v -0.764807 8.373491 -23.172642
v 0.146228 8.482779 -23.172642
v -1.448100 8.216644 -23.193661
v -0.795127 7.556824 -23.172642
v -0.802519 5.991624 -24.022594
v -0.734078 9.115344 -24.181725
v -0.723857 9.355967 -24.171638
v -0.723857 9.339747 -24.055706
v -0.802519 5.991624 -23.319748
v -0.802519 5.991624 -23.672005
v -0.723857 9.341655 -23.804424
v 1.096611 6.789316 -24.185062
v -1.675841 8.183156 -23.256687
v 1.057262 8.373491 -23.172642
v 2.046959 6.743528 -24.022594
v -1.754503 6.743528 -24.171638
v -1.754503 6.743528 -24.022594
v 2.046959 6.743528 -23.319744
v 2.046959 6.743528 -23.672001
v -1.754503 6.743528 -23.672005
v 2.046959 6.743528 -23.190460
v -0.764806 8.393453 -24.185062
v -0.804155 6.789316 -23.172642
v 1.855739 5.823294 -36.248280
v 1.665778 5.819579 -36.232098
v 1.855739 5.808986 -36.230053
v 2.099935 5.808986 -36.248280
v 1.861564 5.531641 -36.230053
v 2.106612 5.534878 -36.248280
v -1.563281 5.808986 -36.230053
v -1.373320 5.819579 -36.232132
v -1.563281 5.823294 -36.248280
v -1.807477 5.808986 -36.248280
v 1.123082 5.828063 -36.248280
v 1.123082 5.823294 -36.230053
v 0.146229 5.828063 -36.248280
v 0.146229 5.823294 -36.230053
v 1.665778 5.819579 -36.978588
v 1.855739 5.808986 -37.023045
v 1.123082 5.808986 -37.080242
v 1.123082 5.823294 -37.023045
v 1.126421 5.521898 -37.080242
v 1.861564 5.531641 -37.023045
v 0.146229 5.823294 -37.023045
v 0.146229 5.808986 -37.080242
v 1.693748 2.305649 -36.851513
v 1.010625 1.849961 -36.851513
v 1.028034 2.128702 -37.023045
v 1.544975 2.437184 -36.978588
v 1.693748 2.293964 -36.635456
v 1.010625 1.803289 -36.635456
v 0.146229 1.687697 -36.851513
v 0.146229 1.617722 -36.635456
v 0.146229 1.999688 -37.023045
v 1.544975 2.395758 -36.232098
v 1.780756 2.962369 -36.230053
v 1.080225 2.778438 -36.227360
v 1.028034 2.035425 -36.230053
v 1.866232 3.866113 -36.230053
v 1.129112 3.771507 -36.227360
v 0.146229 3.708414 -36.227360
v 0.146229 2.655829 -36.227360
v 0.146229 1.859772 -36.230053
v -1.569106 5.531641 -37.023045
v -1.814154 5.534878 -36.851513
v -1.807477 5.808986 -36.851513
v -1.563281 5.808986 -37.023045
v -1.814154 5.534878 -36.635456
v -1.807477 5.808986 -36.635456
v 0.146229 5.515426 -37.080242
v 1.123082 5.808986 -36.227360
v 0.146229 5.808986 -36.227360
v 0.146229 5.515426 -36.227360
v 1.126421 5.521898 -36.227360
v 1.879143 4.808150 -36.230053
v 2.126678 4.821129 -36.248280
v 2.111961 3.897660 -36.248280
v -1.586685 4.808150 -37.023045
v -1.834220 4.821129 -36.851513
v -1.573774 3.869997 -37.023045
v -1.819503 3.897660 -36.851513
v -1.834220 4.821129 -36.635456
v -1.819503 3.897660 -36.635456
v 1.879143 4.808150 -37.023045
v 1.136471 4.769243 -37.080242
v 1.866232 3.869997 -37.023045
v 1.129112 3.787042 -37.080242
v 0.146229 4.743319 -37.080242
v 0.146229 3.731751 -37.080242
v 1.855739 5.823294 -36.308887
v 2.099935 5.808986 -36.308887
v -1.563281 5.823294 -36.308887
v -1.807477 5.808986 -36.308887
v 1.123082 5.828063 -36.308887
v 0.146229 5.828063 -36.308887
v 1.010625 1.787754 -36.248280
v 1.693748 2.290080 -36.248280
v 0.146229 1.594420 -36.248280
v 2.106612 5.534878 -36.308887
v -1.814154 5.534878 -36.248280
v -1.569106 5.531641 -36.230053
v 2.014255 3.023690 -36.248280
v 1.693748 2.290080 -36.308887
v 2.014255 3.023690 -36.308887
v 2.111961 3.897660 -36.308887
v -1.488298 2.962369 -36.230053
v -1.721797 3.023690 -36.248280
v -1.401290 2.290080 -36.248280
v -1.252551 2.395758 -36.232132
v -1.573774 3.866113 -36.230053
v -1.819503 3.897660 -36.248280
v 1.010625 1.787754 -36.308887
v 0.146229 1.594420 -36.308887
v -1.814154 5.534878 -36.308887
v -1.721797 3.023690 -36.308887
v -1.401290 2.290080 -36.308887
v -1.819503 3.897660 -36.308887
v 1.855739 5.823294 -36.444679
v 2.099935 5.808986 -36.444679
v 2.099935 5.808986 -36.635456
v 1.855739 5.823294 -36.635456
v -1.563247 5.823294 -36.444679
v -1.807477 5.808986 -36.444679
v -1.563247 5.823294 -36.635456
v 1.123082 5.828063 -36.444679
v 1.123082 5.828063 -36.635456
v 0.146229 5.828063 -36.444679
v 0.146229 5.828063 -36.635456
v 2.106612 5.534878 -36.444679
v 2.106612 5.534878 -36.635456
v 1.693748 2.290080 -36.444679
v 2.014255 3.023690 -36.444679
v 2.014255 3.023690 -36.635456
v 2.111961 3.897660 -36.444679
v 2.111961 3.897660 -36.635456
v 1.010625 1.787754 -36.444679
v 0.146229 1.594420 -36.444679
v -1.814154 5.534878 -36.444679
v -1.401290 2.290080 -36.444679
v -1.721797 3.023690 -36.444679
v -1.721797 3.023690 -36.635456
v -1.401290 2.293964 -36.635456
v -1.819503 3.897660 -36.444679
v 1.855739 5.823294 -36.851513
v 2.099935 5.808986 -36.851513
v -1.563247 5.823294 -36.851513
v -1.373320 5.819579 -36.978588
v 1.123082 5.828063 -36.851513
v 0.146229 5.828063 -36.851513
v 2.106612 5.534878 -36.851513
v 2.014255 3.023690 -36.851513
v 1.780756 2.977904 -37.023045
v 2.111961 3.897660 -36.851513
v -0.830624 5.828063 -36.248280
v -0.830624 5.823294 -36.230053
v -0.830624 5.823294 -37.023045
v -0.830624 5.808986 -37.080242
v -0.718167 1.803323 -36.635456
v -0.718167 1.849961 -36.851513
v -1.401290 2.305649 -36.851513
v -0.735575 2.128702 -37.023045
v -1.252551 2.437184 -36.978588
v -0.833962 5.521898 -36.227360
v -0.844012 4.769243 -36.227360
v 0.146229 4.743319 -36.227360
v -1.586685 4.808150 -36.230053
v -0.836654 3.771507 -36.227360
v -0.833962 5.521898 -37.080242
v -0.830624 5.808986 -36.227360
v -0.787767 2.840646 -37.080242
v 0.146229 2.749106 -37.080242
v -1.488298 2.977904 -37.023045
v -0.836654 3.787042 -37.080242
v -0.830624 5.828063 -36.308887
v -0.718167 1.787754 -36.248280
v -0.735575 2.035425 -36.230053
v -0.718167 1.787754 -36.308887
v -0.830624 5.828063 -36.635456
v -0.830624 5.828063 -36.444679
v -0.718167 1.787754 -36.444679
v -0.830624 5.828063 -36.851513
v 1.136471 4.769243 -36.227360
v -1.721797 3.023690 -36.851513
v 1.080225 2.840646 -37.080242
v 2.126678 4.821129 -36.308887
v -1.834220 4.821129 -36.248280
v -1.834220 4.821129 -36.308887
v 2.126678 4.821129 -36.635456
v 2.126678 4.821129 -36.444679
v -1.834220 4.821129 -36.444679
v 2.126678 4.821129 -36.851513
v -0.787767 2.778438 -36.227360
v -0.844012 4.769243 -37.080242
v -1.666610 7.073985 -14.540913
v -1.666610 8.712703 -14.540913
v -1.666609 8.712703 -16.872631
v -1.666609 6.619320 -17.288666
v 1.959064 8.712703 -16.872631
v 1.959064 8.712703 -14.540913
v 1.959064 7.073985 -14.540913
v 1.959064 6.619320 -17.288666
v -0.984509 7.073985 -14.540913
v -0.984509 6.619320 -17.288666
v 1.276963 6.619320 -17.288666
v 1.276963 7.073985 -14.540913
v -0.984508 8.712702 -22.714500
v 1.276964 8.712702 -22.714500
v 1.276964 6.619320 -22.714500
v -0.984508 6.619320 -22.714500
v -0.984509 8.712703 -16.872631
v 1.276963 8.712703 -16.872631
v 1.276964 8.712702 -20.488663
v -0.984508 8.712702 -20.488663
v 1.276963 8.712703 -14.540913
v -0.984509 8.712703 -14.540913
v -0.984508 5.213999 -22.714500
v 1.276964 5.213999 -22.714500
v 1.276964 5.214000 -20.771595
v -0.984508 5.214000 -20.771595
v -1.666609 5.214000 -17.288666
v -1.666609 6.619320 -20.771595
v -1.666609 5.214000 -20.771595
v 1.959065 5.213999 -22.714500
v 1.959065 6.619320 -22.714500
v 1.959064 6.619320 -20.771595
v 1.959064 5.214000 -20.771595
v -0.984509 5.214000 -17.288666
v 1.276963 5.214000 -17.288666
v 1.303536 9.382165 -17.874695
v 1.959064 9.382165 -17.874695
v 1.959065 9.382164 -20.847496
v 1.303537 9.382164 -20.847496
v -1.011081 10.014765 -22.191837
v -1.666609 10.014765 -22.191837
v -1.666609 10.014765 -21.504082
v -1.011081 10.014765 -21.504082
v 1.959064 8.712702 -20.488663
v 1.303537 9.382164 -22.714500
v -1.666609 9.382164 -20.847496
v -1.666609 9.382164 -22.714500
v -1.666609 8.712702 -22.714500
v -1.666609 8.712702 -20.488663
v -1.666609 6.619320 -22.714500
v 1.959065 8.712702 -22.714500
v -1.666609 5.213999 -22.714500
v 1.959064 5.214000 -17.288666
v 1.959065 10.014765 -22.191837
v 1.303537 10.014765 -22.191837
v 1.303537 10.014765 -21.504082
v 1.959065 10.014765 -21.504082
v -1.666609 9.382165 -17.874695
v -1.011081 9.382165 -17.874695
v -1.011081 9.382164 -20.847496
v 1.959065 9.382164 -22.714500
v -1.011081 9.382164 -22.714500
v -1.609955 5.169269 -14.633847
v -1.609955 7.269807 -14.633848
v -1.609955 6.679654 -17.228500
v -1.609955 5.169269 -17.228500
v -0.742050 5.169269 -17.228500
v 0.146227 5.169269 -17.228500
v 0.146227 5.169269 -14.633847
v -0.742050 5.169269 -14.633847
v -0.463649 8.660103 -22.394028
v 0.146228 8.660103 -22.394028
v 0.146228 6.682957 -22.394028
v -0.484226 6.682957 -22.394028
v -0.693027 7.269807 -14.633848
v 0.146227 7.269807 -14.633848
v -0.517442 5.169268 -22.394028
v -0.932930 5.169268 -22.394028
v -0.932930 6.682957 -22.394028
v -0.932930 8.660103 -22.394028
v -0.932930 9.861870 -22.394028
v -0.463649 9.861870 -22.394028
v -0.932931 7.991800 -14.633848
v -0.932931 7.269807 -14.633848
v -0.662673 7.991800 -14.633848
v -0.662672 8.192594 -17.228500
v 0.146227 7.991800 -14.633848
v 0.146227 8.192594 -17.228500
v -0.932930 8.439790 -18.614540
v -0.932931 8.192594 -17.228500
v -0.932931 9.445908 -17.228500
v -0.932930 9.836967 -18.614540
v -0.662672 9.445908 -17.228500
v -0.539348 9.836967 -18.614540
v -0.539348 8.439790 -18.614540
v -0.932931 5.169269 -17.228500
v -0.932930 5.169269 -18.614540
v -0.603122 5.169269 -18.614540
v -0.932931 6.679654 -17.228500
v -0.932930 6.681391 -18.614540
v -0.932930 8.561340 -19.524723
v -0.932930 10.243698 -19.524723
v -0.932930 10.034456 -20.457901
v -0.932930 8.637279 -20.457901
v -0.514036 10.243698 -19.524723
v -0.463650 10.034456 -20.457901
v -0.514036 8.561340 -19.524723
v -0.463650 8.637279 -20.457901
v 0.146228 5.169269 -19.524723
v -0.574506 5.169269 -19.524723
v -0.517442 5.169269 -20.457901
v 0.146228 5.169269 -20.457901
v -0.932930 5.169269 -20.457901
v -0.932930 5.169269 -19.524723
v -0.932930 6.682787 -20.457901
v -0.932930 6.684253 -19.524723
v 0.146228 5.169269 -18.614540
v 0.146228 5.169268 -22.394028
v -0.932931 5.169269 -14.633847
v -0.932931 9.229646 -14.633848
v -0.662673 9.229646 -14.633848
v 0.146228 8.439790 -18.614540
v 0.146228 8.561340 -19.524723
v 0.146228 8.637279 -20.457901
v 1.902410 6.679654 -17.228500
v 1.902410 7.269807 -14.633848
v 1.902410 5.169269 -14.633847
v 1.902410 5.169269 -17.228500
v 1.034505 5.169269 -17.228500
v 1.034505 5.169269 -14.633847
v 0.756105 8.660103 -22.394028
v 0.776682 6.682957 -22.394028
v 0.985481 7.269807 -14.633848
v 0.809898 5.169268 -22.394028
v 1.225420 6.682957 -22.394028
v 1.225420 5.169235 -22.394028
v 0.756105 9.861870 -22.394028
v 1.225420 9.861870 -22.394028
v 1.225420 8.660103 -22.394028
v 1.225385 7.991800 -14.633848
v 0.955127 7.991800 -14.633848
v 1.225385 7.269807 -14.633848
v 0.955127 8.192594 -17.228500
v 1.225385 8.439790 -18.614540
v 1.225385 9.836967 -18.614540
v 1.225385 9.445908 -17.228500
v 1.225385 8.192594 -17.228500
v 0.831803 9.836967 -18.614540
v 0.955127 9.445908 -17.228500
v 0.831803 8.439790 -18.614540
v 1.225385 5.169269 -18.614540
v 1.225385 5.169269 -17.228500
v 0.895577 5.169269 -18.614540
v 1.225385 6.681391 -18.614540
v 1.225385 6.679654 -17.228500
v 1.225420 10.034456 -20.457901
v 1.225420 10.243698 -19.524723
v 1.225420 8.561340 -19.524723
v 1.225420 8.637279 -20.457901
v 0.806491 10.243698 -19.524723
v 0.756105 10.034456 -20.457901
v 0.756105 8.637279 -20.457901
v 0.806491 8.561340 -19.524723
v 0.809898 5.169269 -20.457901
v 0.866961 5.169269 -19.524723
v 1.225386 5.169269 -20.457901
v 1.225386 5.169269 -19.524723
v 1.225386 6.682787 -20.457901
v 1.225386 6.684253 -19.524723
v 1.225385 5.169269 -14.633847
v 1.225385 9.229646 -14.633848
v 0.955127 9.229646 -14.633848
v -1.026344 9.751048 -13.719578
v -1.026344 10.039874 -13.719578
v -1.026344 10.039874 -14.016987
v -1.026344 9.751048 -14.016987
v 1.318798 10.039874 -13.719578
v 1.318798 9.751048 -13.719578
v 1.318798 9.751048 -14.016987
v 1.318798 10.039874 -14.016987
v -0.043972 9.676951 -14.016987
v 0.146227 9.676951 -14.016987
v 0.146227 9.676951 -13.719578
v -0.043972 9.676951 -13.719578
v -0.018284 9.433470 -22.015400
v -0.018284 9.722294 -22.015400
v 0.146296 9.588102 -22.015400
v 0.146296 9.433470 -22.015400
v -0.009939 10.151582 -14.016987
v 0.146227 10.017354 -14.016987
v -0.043972 9.751048 -13.719578
v 0.146227 9.751048 -13.719578
v 0.146227 10.017354 -13.719578
v -0.009939 10.151582 -13.719578
v -0.592187 10.039874 -14.016987
v -0.492607 9.722294 -22.015400
v -0.492607 9.433470 -22.015400
v -0.592187 9.751048 -14.016987
v 0.884641 9.751048 -14.016987
v 0.785199 9.433470 -22.015400
v 0.785199 9.722294 -22.015400
v 0.884641 10.039874 -14.016987
v 0.146227 9.751048 -14.016987
v -0.043972 9.751048 -14.016987
v -0.592187 10.450284 -13.928038
v -0.802690 10.450284 -13.928038
v -0.802690 10.450284 -13.719578
v -0.592187 10.450284 -13.719578
v -0.592187 9.676951 -13.719578
v -1.026344 9.676951 -13.719578
v -1.026344 9.676951 -14.016987
v -0.592187 9.676951 -14.016987
v 0.884641 9.676951 -14.016987
v 1.318798 9.676951 -14.016987
v 1.318798 9.676951 -13.719578
v 0.884641 9.676951 -13.719578
v 0.884641 10.450284 -13.719578
v 1.095145 10.450284 -13.719578
v 1.095145 10.450284 -13.928038
v 0.884641 10.450284 -13.928038
v 0.884641 10.039874 -13.719578
v 1.318798 10.047675 -13.719578
v 0.884641 10.047675 -13.719578
v 1.318798 10.047675 -14.016987
v 0.884641 10.047675 -14.016987
v -1.026344 10.047675 -14.016987
v -0.592187 10.047675 -14.016987
v -1.026344 10.047675 -13.719578
v -0.592187 10.039874 -13.719578
v -0.592187 10.047675 -13.719578
v 0.336426 9.751048 -13.719578
v 0.146227 9.692079 -13.719578
v 0.336426 9.692079 -13.719578
v -0.592187 9.751048 -13.719578
v -1.026344 9.692079 -13.719578
v -0.592187 9.692079 -13.719578
v -1.026344 9.692079 -14.016987
v -0.592187 9.692079 -14.016987
v 0.146227 9.692079 -14.016987
v -0.043972 9.692079 -14.016987
v 1.318798 9.692079 -14.016987
v 0.884641 9.692079 -14.016987
v 1.318798 9.692079 -13.719578
v 0.884641 9.751048 -13.719578
v 0.884641 9.692079 -13.719578
v 0.336426 9.676951 -14.016987
v 0.336426 9.676951 -13.719578
v 0.310876 9.722294 -22.015400
v 0.310876 9.433470 -22.015400
v 0.302733 10.151582 -14.016987
v 0.302733 10.151582 -13.719578
v 0.336426 10.450284 -13.719578
v 0.336426 10.450284 -13.928038
v -0.043972 10.450284 -13.928038
v -0.043972 10.450284 -13.719578
v 0.302733 10.159383 -13.719578
v -0.009939 10.159383 -14.016987
v 0.302733 10.159383 -14.016987
v -0.043972 9.692079 -13.719578
v 0.884641 9.685672 -13.719578
v 0.336426 9.685672 -13.719578
v 0.336426 9.751048 -14.016987
v 0.336426 9.692079 -14.016987
v -0.592187 9.685672 -14.016987
v -0.043972 9.685672 -14.016987
v -0.043972 10.450284 -13.724653
v -0.009939 10.159383 -13.719578
v -0.009939 10.159383 -13.726833
v 0.146227 10.017354 -13.726833
v -0.009939 10.151582 -13.726833
v 0.302733 10.159383 -13.726833
v 0.302733 10.151582 -13.726833
v -1.026344 10.243325 -13.973755
v 1.318798 10.238862 -13.719578
v -0.043972 9.685672 -13.719578
v 0.146227 9.685672 -13.719578
v -0.592187 9.685672 -13.719578
v -1.026344 9.685672 -13.719578
v -1.026344 9.685672 -14.016987
v 0.336426 9.685672 -14.016987
v 0.146227 9.685672 -14.016987
v 0.884641 9.685672 -14.016987
v 1.318798 9.685672 -14.016987
v 1.318798 9.685672 -13.719578
v -1.026344 10.238862 -13.719578
v 1.318798 10.243325 -13.973755
v 0.336426 10.450284 -13.724653
v -0.043972 10.450284 -13.916489
v -0.009939 10.159383 -14.000500
v 0.146227 10.017354 -14.000500
v -0.009939 10.151582 -14.000500
v 0.302733 10.159383 -14.000500
v 0.302733 10.151582 -14.000500
v 0.336426 10.450284 -13.916489
v 1.941281 7.648638 -19.296333
v 1.941281 8.056902 -19.000252
v 1.941281 8.585289 -19.820599
v 1.941281 8.157879 -20.133541
v 2.062289 8.585289 -19.820599
v 2.062289 8.056902 -19.000252
v 2.062289 7.648638 -19.296333
v 2.062289 8.157879 -20.133541
v 1.941281 9.288957 -21.936432
v 1.941281 9.805452 -21.561825
v 1.941281 9.928062 -22.026302
v 1.941281 9.539215 -22.308315
v 2.062289 9.156467 -20.635700
v 1.941281 9.156467 -20.635700
v 2.062289 8.687357 -20.977497
v 2.062289 8.266758 -21.283970
v 2.062289 7.774686 -20.414124
v 1.941281 7.774686 -20.414124
v 1.941281 8.266758 -21.283970
v 1.941281 9.678484 -22.454735
v 2.173247 9.928062 -22.026302
v 2.173247 9.678484 -22.454735
v 2.173247 9.190569 -22.561195
v 1.941281 9.190569 -22.561195
v 2.173247 9.805452 -21.561825
v 2.173247 8.825840 -22.272305
v 1.941281 8.825840 -22.272305
v 2.173247 9.539215 -22.308315
v 2.173247 9.288957 -21.936432
v 1.941281 8.349611 -21.430428
v 1.941281 8.776512 -21.119595
v 1.941281 7.282616 -19.561821
v 2.062289 7.282616 -19.561821
v 1.941281 8.687357 -20.977497
v 1.941281 8.770004 -19.688725
v 1.941281 8.241618 -18.868378
v 2.062289 8.241618 -18.868378
v 2.354350 8.770004 -19.688725
v 2.354350 8.241618 -18.868378
v 2.354350 8.056902 -19.000252
v 2.354350 8.585289 -19.820599
v 2.062289 8.770004 -19.688725
v 2.173247 9.252640 -20.772923
v 1.941281 9.252640 -20.772923
v 2.173247 8.776512 -21.119595
v 2.173247 8.349611 -21.430428
v 2.354723 2.565763 6.139422
v 2.354723 2.365377 6.078885
v 2.354723 2.730718 4.915784
v 2.354723 2.891994 4.916021
v 1.967715 1.999219 5.928067
v 1.967715 2.279562 4.793277
v 2.139246 2.279562 4.793277
v 2.139245 1.999219 5.928067
v 1.967716 4.385105 -5.694489
v 1.967716 4.558098 -5.648088
v 2.139246 4.558098 -5.648088
v 2.139246 4.385105 -5.694489
v 2.139280 4.661702 4.695300
v 1.967749 4.661702 4.695300
v 1.967749 4.664084 4.969440
v 2.139280 4.664052 4.969440
v 2.139245 1.927678 6.427873
v 1.967715 1.927711 6.427873
v 2.139279 4.592952 6.605264
v 1.967749 4.592952 6.605264
v 1.967749 4.571422 6.948084
v 2.139279 4.571422 6.948084
v 1.967715 1.801731 7.243245
v 2.139245 1.801696 7.243245
v 2.139279 2.294552 7.944459
v 1.967715 2.294586 7.944491
v 2.139279 3.087917 8.361274
v 1.967749 3.087951 8.361274
v 2.139279 4.490682 7.490405
v 1.967749 4.490682 7.490405
v 1.967749 3.956027 8.186199
v 2.139279 3.956027 8.186199
v 1.967749 5.416399 3.860271
v 2.139280 5.416399 3.860271
v 2.354723 4.029916 4.670836
v 2.354723 3.479113 4.676222
v 2.354723 3.959432 3.871203
v 2.354723 4.783152 3.825212
v 2.139246 2.318738 4.603112
v 1.967715 2.318738 4.603112
v 1.967715 2.490847 3.884866
v 2.139246 2.490847 3.884866
v 2.139280 4.895062 -2.796803
v 2.139280 5.167430 -5.484734
v 2.139280 5.703075 -5.535734
v 2.139280 5.645297 -2.622617
v 2.354723 3.947201 6.925427
v 2.354723 4.001812 6.514266
v 2.354723 4.343204 6.598346
v 2.354723 4.291523 6.996253
v 2.354723 3.085396 8.178195
v 2.354723 3.100863 7.985202
v 2.354723 3.545921 8.006868
v 2.354723 3.777682 8.004007
v 2.354723 2.285217 7.383296
v 2.354723 2.619726 7.893323
v 2.354723 2.489043 7.859698
v 2.354723 2.065516 7.348752
v 1.967716 5.167430 -5.484734
v 1.967750 5.703108 -5.535734
v 2.354723 4.025898 4.935441
v 2.354723 3.460037 4.916841
v 2.354723 3.185110 3.928403
v 2.354723 2.934169 4.710969
v 2.354723 2.479232 6.611631
v 2.354723 3.285985 6.789432
v 2.354723 3.190767 7.480320
v 2.354723 3.860774 7.575950
v 1.967750 6.036018 -2.531894
v 2.139280 6.036018 -2.531894
v 2.139280 5.982054 -5.562305
v 1.967750 5.982054 -5.562305
v 2.354724 5.586837 -2.579315
v 2.354724 5.966112 -2.602311
v 2.354723 5.969757 -2.398110
v 2.354723 5.583703 -2.374331
v 2.139246 3.777305 -2.727203
v 1.967716 3.777305 -2.727203
v 2.819950 4.024397 -2.742601
v 2.819950 3.777236 -2.727237
v 2.819950 4.385036 -5.694489
v 2.819950 4.558032 -5.648122
v 2.139245 2.269647 5.978284
v 2.139246 2.609573 4.852078
v 2.139246 2.654031 4.663343
v 2.139246 2.830978 3.924419
v 2.139246 4.164040 -2.491422
v 2.139246 4.024465 -2.742601
v 2.139246 4.314619 -2.485971
v 2.139280 5.563160 -2.438923
v 2.139280 4.845085 -2.466688
v 2.139280 5.937120 -2.424479
v 2.139280 6.039664 -2.327013
v 2.139280 5.940663 -2.224912
v 2.139280 4.419582 4.928390
v 2.139280 4.416313 4.658846
v 2.139279 4.381667 6.907168
v 2.139279 4.438933 6.536614
v 2.139279 4.291047 7.493369
v 2.139279 3.836007 7.965714
v 2.139279 3.103111 8.153769
v 2.139279 2.470510 7.793573
v 2.139245 2.017889 7.233264
v 2.139245 2.194257 6.454787
v 2.245230 2.693857 4.727969
v 2.245230 2.646775 4.921985
v 2.139246 3.014023 3.149654
v 2.245196 3.066998 3.159909
v 2.245230 2.877275 3.961961
v 2.245196 4.261439 -2.597713
v 2.245196 4.217184 -2.384279
v 2.139246 4.121388 -2.282314
v 2.245231 4.393042 -2.587015
v 2.245231 4.856496 -2.549268
v 2.245231 5.969280 -2.560035
v 2.245231 5.588233 -2.556355
v 2.139280 6.032987 2.959080
v 2.139280 5.244731 3.823031
v 2.245230 5.238463 3.838840
v 2.245230 6.067360 2.949369
v 2.245230 4.367392 4.699830
v 2.245230 4.392159 6.625836
v 2.245230 4.370934 4.976254
v 2.245230 4.336901 7.014208
v 2.245230 4.249517 7.628582
v 2.245230 3.800235 8.060661
v 2.245230 3.078378 8.230285
v 2.245230 2.445267 7.899762
v 2.245230 2.009712 7.357541
v 2.245230 2.288998 6.079770
v 2.245230 2.203590 6.564824
v 2.354723 2.965306 3.944656
v 2.354723 2.779468 4.720849
v 2.354723 2.271352 6.561145
v 2.354724 4.478211 -2.591682
v 2.354724 4.370251 -2.607762
v 1.967750 6.039664 -2.327013
v 2.139246 3.736220 -2.510193
v 1.967716 3.736220 -2.510193
v 2.354724 4.858541 -2.535096
v 2.354723 4.842393 -2.328647
v 2.354723 4.439612 -2.380260
v 2.354723 5.983486 -1.625834
v 2.354723 5.571813 -1.599124
v 2.139280 6.053461 -1.552145
v 2.139280 5.954119 -1.470181
v 2.354723 4.325282 -2.394942
v 2.354723 4.155284 -1.590131
v 2.245196 4.049709 -1.577117
v 2.245230 5.972890 -2.355764
v 2.354723 5.212131 3.801263
v 2.354723 5.502079 2.950154
v 2.354723 6.064192 2.906310
v 2.354723 4.316765 4.668044
v 2.354723 4.320549 4.945117
v 2.354723 4.209727 7.625755
v 2.139280 6.134440 2.995327
v 1.967750 6.053461 -1.552145
v 1.967750 6.134440 2.995327
v 2.139246 2.668747 3.127101
v 1.967716 2.668747 3.127101
v 1.967716 3.580803 -1.689471
v 2.139246 3.580803 -1.689471
v 2.354723 4.422648 3.034336
v 2.354723 3.437278 3.111260
v 2.354723 4.293702 -1.580762
v 2.354723 4.781276 -1.547853
v 2.139246 3.960180 -1.491470
v 2.245230 5.986654 -1.583419
v 2.354723 3.157548 3.133098
v 2.354723 3.346181 6.352754
v 2.409946 3.330137 6.317255
v 2.244276 3.330137 6.317255
v 2.244276 3.655788 6.404535
v 2.409946 3.655788 6.404535
v 2.244276 3.894192 6.642907
v 2.409946 3.894192 6.642907
v 2.244276 3.981441 6.968556
v 2.409946 3.981441 6.968556
v 2.244276 3.894192 7.294209
v 2.409946 3.894192 7.294209
v 2.244276 3.655788 7.532615
v 2.409946 3.655788 7.532615
v 2.244276 3.330170 7.619863
v 2.409946 3.330170 7.619863
v 2.244276 3.004519 7.532615
v 2.409946 3.004519 7.532615
v 2.244276 2.766114 7.294210
v 2.409946 2.766114 7.294210
v 2.244276 2.678868 6.968558
v 2.409946 2.678868 6.968558
v 2.244276 2.766114 6.642907
v 2.409946 2.766114 6.642907
v 2.244276 3.004519 6.404536
v 2.409946 3.004519 6.404536
v 2.409946 3.330137 6.492191
v 2.409946 3.568337 6.556001
v 2.409946 3.742694 6.730392
v 2.409946 3.806537 6.968557
v 2.409946 3.742694 7.206758
v 2.409946 3.568337 7.381117
v 2.409946 3.330170 7.444959
v 2.409946 3.091970 7.381118
v 2.409946 2.917613 7.206759
v 2.409946 2.853770 6.968558
v 2.409946 2.917613 6.730392
v 2.409946 3.091970 6.556001
v 2.458561 3.330137 6.492191
v 2.458561 3.568337 6.556001
v 2.458561 3.742694 6.730392
v 2.458561 3.806537 6.968557
v 2.458561 3.742694 7.206758
v 2.458561 3.568337 7.381117
v 2.458561 3.330170 7.444959
v 2.458561 3.091970 7.381118
v 2.458561 2.917613 7.206759
v 2.458561 2.853770 6.968558
v 2.458561 2.917613 6.730392
v 2.458561 3.091970 6.556001
v 2.509526 3.330137 6.630301
v 2.509526 3.499281 6.675611
v 2.509526 3.623117 6.799447
v 2.509526 3.668427 6.968557
v 2.509526 3.623117 7.137703
v 2.509526 3.499281 7.261506
v 2.509526 3.330170 7.306849
v 2.509526 3.161026 7.261506
v 2.509526 3.037189 7.137704
v 2.509526 2.991879 6.968558
v 2.509526 3.037189 6.799447
v 2.509526 3.161026 6.675611
v 2.509526 3.334054 6.964776
v 1.016686 -3.444437 -2.111330
v 1.016686 -3.949965 -2.120255
v 1.016686 -3.951089 -2.350075
v 1.016686 -3.444437 -2.418346
v 1.016686 -3.069728 -2.130884
v 1.016686 -3.069728 -2.444681
v 0.707659 -3.444437 -2.418346
v 0.707659 -3.069728 -2.444681
v 0.958737 -4.224039 -2.321459
v 0.958737 -4.218486 -2.133677
v 0.515280 -4.611523 -2.142570
v 0.515280 -4.612545 -2.304697
v 0.146226 -4.667802 -2.142911
v 0.146226 -4.667802 -2.301972
v 0.146226 -4.535246 -2.142570
v 0.557830 -4.334043 -2.133677
v 0.557830 -4.337722 -2.321459
v 0.146226 -4.336155 -2.321459
v 0.146226 -3.951089 -2.350075
v 0.707659 -3.951089 -2.350075
v 0.146226 -0.482706 -2.626670
v 0.146226 -0.482706 -2.266099
v 0.707659 -0.482706 -2.266099
v 0.707659 -0.482706 -2.626670
v 0.146226 -3.949965 -2.120255
v 0.707659 -3.949965 -2.120255
v 0.707659 -3.444437 -2.111330
v 0.146226 -3.444437 -2.111330
v 0.707659 -3.069728 -2.130884
v 0.146226 -3.069728 -2.130884
v 0.146226 -4.335644 -2.133677
v 0.146226 -3.444437 -2.418346
v 0.146226 -4.535348 -2.304697
v 0.146226 -3.069728 -2.444681
v 1.016686 -0.482706 -2.266099
v 1.016686 -0.482706 -2.626670
v 0.707659 -3.006805 -1.415909
v 1.016686 -3.006805 -1.415909
v 1.016686 -2.493066 -0.990030
v 0.707659 -2.493066 -0.990030
v 1.016686 -3.180822 -1.741765
v 1.016686 -2.839465 -1.775901
v 1.016686 -0.482706 -2.011614
v 0.707659 -0.482706 -2.011614
v 0.707659 -2.487445 -1.811092
v 0.707659 -2.683299 -2.151087
v 0.707659 -3.180822 -1.741765
v 1.016686 -2.374545 -1.528911
v 1.016686 -2.487445 -1.811092
v 1.016686 -0.482706 -1.901099
v 0.707659 -0.482706 -1.901099
v 0.707659 -2.839465 -1.775901
v 0.707659 -2.661598 -1.388791
v 1.016686 -2.683299 -2.151087
v 1.016686 -2.683299 -2.471868
v 0.707659 -2.683299 -2.471868
v 0.146226 -2.683299 -2.151087
v 0.146226 -2.683299 -2.471868
v 1.016686 -2.011726 -1.051624
v 0.707659 -2.011726 -1.051624
v 1.016686 -2.661598 -1.388791
v 0.707659 -2.374545 -1.528911
v 1.016686 -0.482706 -1.700339
v 0.707659 -0.482706 -1.700339
v -0.724234 -3.444437 -2.111330
v -0.724234 -3.444437 -2.418346
v -0.724234 -3.951089 -2.350075
v -0.724234 -3.949965 -2.120255
v -0.724234 -3.069728 -2.130884
v -0.724234 -3.069728 -2.444681
v -0.415207 -3.444437 -2.418346
v -0.415207 -3.069728 -2.444681
v -0.666285 -4.224039 -2.321459
v -0.666285 -4.218486 -2.133677
v -0.222828 -4.611523 -2.142570
v -0.222828 -4.612545 -2.304697
v -0.265378 -4.334043 -2.133677
v -0.265378 -4.337722 -2.321459
v -0.415207 -3.951089 -2.350075
v -0.415207 -0.482706 -2.266099
v -0.415207 -0.482706 -2.626670
v -0.415207 -3.444437 -2.111330
v -0.415207 -3.949965 -2.120255
v -0.415207 -3.069728 -2.130884
v -0.724234 -0.482706 -2.626670
v -0.724234 -0.482706 -2.266099
v -0.724234 -2.493066 -0.990030
v -0.724234 -3.006805 -1.415909
v -0.415207 -3.006805 -1.415909
v -0.415207 -2.493066 -0.990030
v -0.724234 -3.180822 -1.741765
v -0.724234 -2.839465 -1.775901
v -0.724234 -0.482706 -2.011614
v -0.415207 -0.482706 -2.011614
v -0.415207 -2.487445 -1.811092
v -0.415207 -2.683299 -2.151087
v -0.415207 -3.180822 -1.741765
v -0.724234 -2.374545 -1.528911
v -0.724234 -0.482706 -1.901099
v -0.724234 -2.487445 -1.811092
v -0.415207 -0.482706 -1.901099
v -0.415207 -2.839465 -1.775901
v -0.415207 -2.661598 -1.388791
v -0.724234 -2.683299 -2.151087
v -0.724234 -2.683299 -2.471868
v -0.415207 -2.683299 -2.471868
v -0.724234 -2.011726 -1.051624
v -0.415207 -2.011726 -1.051624
v -0.724234 -2.661598 -1.388791
v -0.415207 -2.374545 -1.528911
v -0.724234 -0.482706 -1.700339
v -0.415207 -0.482706 -1.700339
v 2.246524 4.103028 13.725040
v 2.221314 4.392193 13.724802
v 2.221177 4.353426 13.869417
v 2.221143 4.247542 13.975300
v 2.221143 4.102926 14.014034
v 2.221245 3.958275 13.975300
v 2.221416 3.852393 13.869417
v 2.221586 3.813658 13.724802
v 2.221723 3.852393 13.580152
v 2.221791 3.958275 13.474270
v 2.221757 4.102926 13.435534
v 2.221654 4.247542 13.474270
v 2.221484 4.353426 13.580152
v 2.152770 4.603652 13.724087
v 2.152565 4.536503 13.974619
v 2.152429 4.353118 14.158005
v 2.152497 4.102620 14.225117
v 2.152667 3.852120 14.158005
v 2.152940 3.668734 13.974619
v 2.153247 3.601589 13.724121
v 2.153485 3.668734 13.473585
v 2.153587 3.852088 13.290201
v 2.153519 4.102620 13.223087
v 2.153349 4.353118 13.290201
v 2.153076 4.536503 13.473585
v 2.059254 4.680747 13.723167
v 2.058982 4.603241 14.012434
v 2.058845 4.391479 14.224197
v 2.058913 4.102211 14.301702
v 2.059118 3.812943 14.224197
v 2.059424 3.601179 14.012434
v 2.059765 3.523675 13.723167
v 2.060038 3.601179 13.433897
v 2.060174 3.812943 13.222135
v 2.060106 4.102211 13.144630
v 2.059901 4.391479 13.222135
v 2.059595 4.603241 13.433897
v 2.246524 2.495823 9.750175
v 2.221314 2.784954 9.749935
v 2.221178 2.746220 9.894550
v 2.221144 2.640338 10.000434
v 2.221144 2.495687 10.039167
v 2.221246 2.351070 10.000434
v 2.221416 2.245188 9.894550
v 2.221586 2.206453 9.749936
v 2.221723 2.245188 9.605285
v 2.221791 2.351070 9.499404
v 2.221757 2.495687 9.460670
v 2.221655 2.640338 9.499404
v 2.221484 2.746220 9.605285
v 2.152770 2.996411 9.749221
v 2.152565 2.929298 9.999753
v 2.152429 2.745913 10.183139
v 2.152497 2.495414 10.250253
v 2.152668 2.244881 10.183139
v 2.152940 2.061495 9.999753
v 2.153247 1.994383 9.749255
v 2.153485 2.061495 9.498721
v 2.153588 2.244881 9.315334
v 2.153519 2.495414 9.248222
v 2.153349 2.745913 9.315334
v 2.153077 2.929298 9.498720
v 2.059254 3.073541 9.748302
v 2.058982 2.996003 10.037567
v 2.058846 2.784273 10.249299
v 2.058914 2.495005 10.326837
v 2.059118 2.205738 10.249332
v 2.059425 1.993973 10.037568
v 2.059765 1.916470 9.748302
v 2.060038 1.993973 9.459033
v 2.060174 2.205738 9.247270
v 2.060106 2.495005 9.169765
v 2.059902 2.784273 9.247270
v 2.059595 2.996003 9.459033
v 2.180571 2.035668 -10.033229
v 2.162583 2.229751 -10.033399
v 2.162515 2.203723 -9.936339
v 2.162447 2.132659 -9.865275
v 2.162481 2.035600 -9.839282
v 2.162549 1.938542 -9.865275
v 2.162651 1.867477 -9.936339
v 2.162788 1.841450 -10.033399
v 2.162890 1.867477 -10.130492
v 2.162924 1.938542 -10.201522
v 2.162924 2.035600 -10.227550
v 2.162822 2.132659 -10.201522
v 2.162719 2.203723 -10.130492
v 2.113662 2.371642 -10.033875
v 2.113492 2.326605 -9.865752
v 2.113423 2.203519 -9.742667
v 2.113457 2.035396 -9.697629
v 2.113594 1.867273 -9.742665
v 2.113798 1.744186 -9.865752
v 2.114003 1.699150 -10.033875
v 2.114173 1.744186 -10.201999
v 2.114241 1.867273 -10.325086
v 2.114207 2.035396 -10.370122
v 2.114071 2.203519 -10.325086
v 2.113866 2.326605 -10.201999
v 2.046890 2.423391 -10.034490
v 2.046719 2.371370 -9.840373
v 2.046617 2.229274 -9.698243
v 2.046651 2.035123 -9.646220
v 2.046821 1.840973 -9.698241
v 2.047026 1.698876 -9.840371
v 2.047298 1.646855 -10.034490
v 2.047469 1.698876 -10.228641
v 2.047571 1.840973 -10.370770
v 2.047537 2.035123 -10.422757
v 2.047367 2.229274 -10.370770
v 2.047162 2.371370 -10.228641
v 2.180571 4.197049 -13.917577
v 2.162584 4.391132 -13.917747
v 2.162515 4.365104 -13.820689
v 2.162447 4.294040 -13.749623
v 2.162481 4.196981 -13.723596
v 2.162549 4.099923 -13.749623
v 2.162652 4.028858 -13.820689
v 2.162788 4.002830 -13.917747
v 2.162890 4.028858 -14.014806
v 2.162924 4.099923 -14.085872
v 2.162924 4.196981 -14.111897
v 2.162822 4.294040 -14.085872
v 2.162720 4.365104 -14.014806
v 2.113662 4.533023 -13.918223
v 2.113492 4.487986 -13.750068
v 2.113424 4.364901 -13.627015
v 2.113458 4.196778 -13.581943
v 2.113594 4.028654 -13.627015
v 2.113799 3.905568 -13.750068
v 2.114003 3.860530 -13.918223
v 2.114173 3.905568 -14.086349
v 2.114242 4.028653 -14.209399
v 2.114208 4.196777 -14.254470
v 2.114071 4.364900 -14.209434
v 2.113867 4.487986 -14.086349
v 2.046924 4.584772 -13.918838
v 2.046720 4.532751 -13.724687
v 2.046617 4.390655 -13.582591
v 2.046652 4.196505 -13.530570
v 2.046822 4.002354 -13.582591
v 2.047026 3.860257 -13.724687
v 2.047299 3.808236 -13.918838
v 2.047469 3.860257 -14.112988
v 2.047571 4.002353 -14.255084
v 2.047537 4.196504 -14.307105
v 2.047367 4.390655 -14.255084
v 2.047162 4.532750 -14.112988
v 2.180571 4.197049 -16.030788
v 2.162584 4.391131 -16.030956
v 2.162515 4.365104 -15.933900
v 2.162447 4.294040 -15.862834
v 2.162481 4.196980 -15.836806
v 2.162549 4.099923 -15.862834
v 2.162652 4.028858 -15.933900
v 2.162788 4.002830 -16.030956
v 2.162890 4.028858 -16.128017
v 2.162924 4.099923 -16.199081
v 2.162924 4.196980 -16.225109
v 2.162822 4.294040 -16.199081
v 2.162720 4.365104 -16.128017
v 2.113663 4.533022 -16.031433
v 2.113492 4.487986 -15.863311
v 2.113424 4.364900 -15.740226
v 2.113458 4.196777 -15.695153
v 2.113594 4.028653 -15.740226
v 2.113799 3.905568 -15.863276
v 2.114003 3.860530 -16.031433
v 2.114174 3.905568 -16.199558
v 2.114242 4.028653 -16.322609
v 2.114208 4.196776 -16.367680
v 2.114071 4.364900 -16.322643
v 2.113867 4.487986 -16.199558
v 2.046924 4.584772 -16.032047
v 2.046720 4.532750 -15.837932
v 2.046618 4.390655 -15.695802
v 2.046652 4.196504 -15.643779
v 2.046822 4.002353 -15.695802
v 2.047026 3.860257 -15.837897
v 2.047299 3.808236 -16.032047
v 2.047469 3.860257 -16.226200
v 2.047571 4.002353 -16.368294
v 2.047537 4.196504 -16.420315
v 2.047367 4.390655 -16.368294
v 2.047163 4.532750 -16.226200
v -1.954074 4.103028 13.725040
v -1.928728 4.353426 13.869417
v -1.928864 4.392193 13.724802
v -1.928694 4.247542 13.975300
v -1.928694 4.102926 14.014034
v -1.928796 3.958275 13.975300
v -1.928966 3.852393 13.869417
v -1.929136 3.813658 13.724802
v -1.929273 3.852393 13.580152
v -1.929341 3.958275 13.474270
v -1.929307 4.102926 13.435534
v -1.929205 4.247542 13.474270
v -1.929034 4.353426 13.580152
v -1.860116 4.536503 13.974619
v -1.860320 4.603652 13.724087
v -1.859979 4.353118 14.158005
v -1.860048 4.102620 14.225117
v -1.860218 3.852120 14.158005
v -1.860490 3.668734 13.974619
v -1.860797 3.601589 13.724121
v -1.861035 3.668734 13.473585
v -1.861138 3.852120 13.290201
v -1.861069 4.102620 13.223087
v -1.860899 4.353118 13.290201
v -1.860627 4.536503 13.473585
v -1.766532 4.603241 14.012434
v -1.766805 4.680747 13.723167
v -1.766396 4.391479 14.224197
v -1.766464 4.102211 14.301702
v -1.766668 3.812943 14.224197
v -1.766975 3.601179 14.012434
v -1.767316 3.523675 13.723167
v -1.767588 3.601179 13.433897
v -1.767724 3.812943 13.222135
v -1.767656 4.102211 13.144630
v -1.767452 4.391479 13.222135
v -1.767145 4.603241 13.433897
v -1.954074 2.495823 9.750175
v -1.928727 2.746220 9.894550
v -1.928864 2.784954 9.749935
v -1.928693 2.640338 10.000434
v -1.928693 2.495687 10.039167
v -1.928795 2.351070 10.000434
v -1.928966 2.245188 9.894550
v -1.929136 2.206453 9.749936
v -1.929273 2.245188 9.605285
v -1.929341 2.351070 9.499404
v -1.929307 2.495687 9.460670
v -1.929204 2.640338 9.499404
v -1.929034 2.746220 9.605285
v -1.860115 2.929298 9.999753
v -1.860320 2.996411 9.749221
v -1.859979 2.745913 10.183139
v -1.860047 2.495414 10.250253
v -1.860217 2.244881 10.183139
v -1.860490 2.061495 9.999753
v -1.860797 1.994383 9.749255
v -1.861035 2.061495 9.498721
v -1.861137 2.244881 9.315334
v -1.861069 2.495414 9.248222
v -1.860899 2.745913 9.315334
v -1.860626 2.929298 9.498720
v -1.766532 2.996003 10.037567
v -1.766804 3.073541 9.748302
v -1.766396 2.784273 10.249332
v -1.766464 2.495005 10.326837
v -1.766668 2.205738 10.249332
v -1.766975 1.993973 10.037568
v -1.767315 1.916470 9.748302
v -1.767588 1.993973 9.459033
v -1.767724 2.205738 9.247270
v -1.767656 2.495005 9.169765
v -1.767452 2.784273 9.247270
v -1.767145 2.996003 9.459033
v -1.888117 2.035668 -10.033229
v -1.870027 2.203723 -9.936341
v -1.870130 2.229751 -10.033399
v -1.869993 2.132659 -9.865275
v -1.870027 2.035600 -9.839282
v -1.870095 1.938542 -9.865275
v -1.870198 1.867477 -9.936341
v -1.870334 1.841450 -10.033399
v -1.870402 1.867477 -10.130492
v -1.870470 1.938542 -10.201522
v -1.870436 2.035600 -10.227550
v -1.870368 2.132659 -10.201522
v -1.870266 2.203723 -10.130492
v -1.821038 2.326605 -9.865752
v -1.821209 2.371642 -10.033875
v -1.820970 2.203519 -9.742667
v -1.821004 2.035396 -9.697629
v -1.821141 1.867273 -9.742667
v -1.821311 1.744186 -9.865752
v -1.821549 1.699150 -10.033875
v -1.821686 1.744186 -10.201999
v -1.821788 1.867273 -10.325086
v -1.821754 2.035396 -10.370124
v -1.821617 2.203519 -10.325086
v -1.821413 2.326605 -10.201999
v -1.754266 2.371370 -9.840373
v -1.754436 2.423391 -10.034490
v -1.754164 2.229274 -9.698243
v -1.754198 2.035123 -9.646222
v -1.754368 1.840973 -9.698243
v -1.754572 1.698876 -9.840373
v -1.754811 1.646855 -10.034490
v -1.755015 1.698876 -10.228641
v -1.755117 1.840973 -10.370770
v -1.755049 2.035123 -10.422791
v -1.754913 2.229274 -10.370770
v -1.754675 2.371370 -10.228641
v -1.888117 4.197049 -13.917577
v -1.870027 4.365104 -13.820689
v -1.870129 4.391132 -13.917748
v -1.869993 4.294040 -13.749625
v -1.870027 4.196981 -13.723598
v -1.870095 4.099923 -13.749625
v -1.870197 4.028858 -13.820689
v -1.870334 4.002830 -13.917748
v -1.870401 4.028858 -14.014806
v -1.870470 4.099923 -14.085872
v -1.870436 4.196981 -14.111899
v -1.870368 4.294040 -14.085872
v -1.870265 4.365104 -14.014806
v -1.821038 4.487986 -13.750102
v -1.821208 4.533023 -13.918225
v -1.820970 4.364901 -13.627015
v -1.821004 4.196778 -13.581944
v -1.821140 4.028654 -13.627015
v -1.821310 3.905568 -13.750068
v -1.821549 3.860530 -13.918225
v -1.821685 3.905568 -14.086349
v -1.821787 4.028653 -14.209399
v -1.821753 4.196777 -14.254472
v -1.821617 4.364900 -14.209434
v -1.821413 4.487986 -14.086349
v -1.754266 4.532751 -13.724721
v -1.754436 4.584772 -13.918838
v -1.754163 4.390655 -13.582591
v -1.754197 4.196505 -13.530570
v -1.754368 4.002354 -13.582591
v -1.754572 3.860257 -13.724687
v -1.754811 3.808236 -13.918838
v -1.755015 3.860257 -14.112988
v -1.755117 4.002353 -14.255084
v -1.755049 4.196504 -14.307105
v -1.754913 4.390655 -14.255084
v -1.754674 4.532750 -14.112988
v -1.888117 4.197049 -16.030788
v -1.870027 4.365104 -15.933900
v -1.870129 4.391131 -16.030956
v -1.869993 4.294040 -15.862834
v -1.870027 4.196980 -15.836806
v -1.870095 4.099923 -15.862834
v -1.870197 4.028858 -15.933900
v -1.870334 4.002830 -16.030956
v -1.870401 4.028858 -16.128017
v -1.870469 4.099923 -16.199081
v -1.870435 4.196980 -16.225109
v -1.870367 4.294040 -16.199081
v -1.870265 4.365104 -16.128017
v -1.821038 4.487986 -15.863311
v -1.821208 4.533022 -16.031433
v -1.820970 4.364900 -15.740226
v -1.821004 4.196777 -15.695153
v -1.821140 4.028653 -15.740226
v -1.821310 3.905568 -15.863276
v -1.821549 3.860530 -16.031433
v -1.821685 3.905568 -16.199558
v -1.821787 4.028653 -16.322643
v -1.821753 4.196776 -16.367683
v -1.821617 4.364900 -16.322643
v -1.821412 4.487986 -16.199558
v -1.754265 4.532750 -15.837932
v -1.754436 4.584772 -16.032047
v -1.754163 4.390655 -15.695802
v -1.754197 4.196504 -15.643781
v -1.754367 4.002353 -15.695802
v -1.754572 3.860257 -15.837897
v -1.754810 3.808236 -16.032047
v -1.755015 3.860257 -16.226200
v -1.755083 4.002353 -16.368294
v -1.755049 4.196504 -16.420315
v -1.754913 4.390655 -16.368294
v -1.754674 4.532750 -16.226200
v 1.560064 3.937184 -3.906724
v 1.560063 3.937186 5.747780
v 1.520238 4.995493 4.827003
v 1.520239 4.995492 -3.906724
v 1.832740 4.995493 4.827003
v 1.872565 3.937186 5.747780
v 1.872565 3.937184 -3.906724
v 1.832740 4.995492 -3.906724
v 1.560065 3.937182 -15.032369
v 1.520240 4.995490 -15.032369
v 1.832741 4.995490 -15.032369
v 1.872566 3.937182 -15.032369
v 1.787396 6.200942 3.778166
v 1.474894 6.200942 3.778166
v 1.498776 5.566638 4.330060
v 1.811277 5.566638 4.330060
v 1.520239 4.995492 -4.785905
v 1.560064 3.937184 -4.785905
v 0.850777 7.924143 -6.094715
v 0.850777 7.924143 -5.327855
v 1.163279 7.924143 -5.327855
v 1.163279 7.924143 -6.094715
v 1.787396 6.200939 -3.906724
v 1.811278 5.566636 -3.906724
v 1.811278 5.566636 -4.785905
v 1.787397 6.200939 -4.785905
v 1.872566 3.937184 -4.785905
v 1.028848 6.775352 -4.618227
v 1.341350 6.775352 -4.618227
v 1.173057 7.349731 -4.824131
v 0.860555 7.349731 -4.824131
v 1.341351 6.775350 -15.032372
v 1.173091 7.349730 -15.032372
v 1.173057 7.349730 -13.871315
v 1.341351 6.775350 -13.847910
v 1.028849 6.775350 -15.032372
v 0.860556 7.349730 -15.032372
v 1.028849 6.775352 -5.441163
v 0.860555 7.349731 -5.630783
v 1.474895 6.200939 -3.906724
v 1.163280 7.924142 -13.928616
v 1.163280 7.924142 -15.032372
v 1.341350 6.775352 -5.441163
v 0.850778 7.924142 -15.032372
v 1.474896 6.200937 -15.032371
v 1.787397 6.200937 -15.032369
v 1.028849 6.775350 -13.847910
v 1.474896 6.200937 -13.766965
v 1.498776 5.566636 -3.906724
v 1.811279 5.566634 -15.032369
v 1.498777 5.566634 -15.032369
v 1.498776 5.566636 -4.785905
v 1.832741 4.995492 -4.785905
v 1.520239 4.995490 -13.766965
v 1.560065 3.937182 -13.766965
v 0.850778 7.924142 -13.928616
v 5.080946 5.539413 -14.241967
v 5.080946 5.539413 -14.521459
v 5.143085 5.804118 -14.521459
v 5.143085 5.804118 -14.241967
v 1.872566 3.937182 -13.766965
v 1.173057 7.349731 -7.344518
v 1.341350 6.775352 -7.189476
v 0.860556 7.349730 -13.871315
v 1.163279 7.924143 -7.723891
v 1.787397 6.200937 -13.766965
v 1.028849 6.775352 -7.189476
v 1.474895 6.200939 -6.653625
v 1.498777 5.566634 -13.766965
v 1.832741 4.995490 -13.766965
v 1.964821 5.113637 -15.010259
v 1.943325 5.577535 -15.010259
v 1.919477 6.092772 -15.010259
v 1.919477 6.092772 -13.789109
v 1.811279 5.566634 -13.766965
v 1.943325 5.577535 -13.789107
v 1.964821 5.113637 -13.789107
v 2.069204 5.582985 -14.989173
v 2.045323 6.056320 -14.989173
v 2.804450 6.071855 -14.796214
v 2.828332 5.610784 -14.796214
v 2.045323 6.056320 -13.810163
v 2.804450 6.071855 -14.003119
v 2.828332 5.610784 -14.003119
v 2.069204 5.582985 -13.810163
v 2.090667 5.156801 -13.810163
v 2.849828 5.195604 -14.003119
v 2.090701 5.156801 -14.989173
v 2.849828 5.195604 -14.796214
v 2.934827 5.587448 -14.664134
v 2.956324 5.135372 -14.664134
v 2.910980 6.089502 -14.664134
v 2.910980 6.089502 -14.135200
v 2.934827 5.587448 -14.135200
v 2.956324 5.135372 -14.135200
v 3.190197 5.581487 -14.620902
v 3.206311 5.126480 -14.620902
v 3.172278 6.086810 -14.620902
v 3.172278 6.086810 -14.106549
v 3.190197 5.581487 -14.106549
v 3.206311 5.126480 -14.106549
v 4.137480 6.338807 -14.470734
v 4.786875 6.301232 -14.488481
v 4.157545 5.685631 -14.470731
v 4.137480 6.338807 -14.064817
v 4.791747 6.301368 -14.197543
v 5.069806 6.091239 -14.241967
v 4.157545 5.685631 -14.064816
v 4.828880 5.283668 -14.198192
v 4.175600 5.097454 -14.064816
v 4.175600 5.097454 -14.470731
v 4.824213 5.282816 -14.488650
v 3.506344 6.342351 -14.493933
v 3.658354 6.341499 -14.488346
v 3.663498 5.688050 -14.488345
v 3.506719 5.688834 -14.493932
v 3.506344 6.342351 -14.022438
v 3.658354 6.341499 -14.032623
v 3.507059 5.100351 -14.022437
v 3.668097 5.099669 -14.032622
v 3.663498 5.688050 -14.032622
v 3.506719 5.688834 -14.022437
v 3.507059 5.100351 -14.493932
v 3.668097 5.099669 -14.488345
v 1.520239 4.995492 -6.653625
v 1.560064 3.937184 -6.653625
v 0.850778 7.924143 -7.723891
v 1.832741 4.995492 -6.653625
v 1.811278 5.566636 -6.653625
v 0.860555 7.349731 -7.344518
v 1.787397 6.200939 -6.653625
v 1.474895 6.200939 -4.785905
v 1.498776 5.566636 -6.653625
v 1.872566 3.937184 -6.653625
v 1.173057 7.349731 -5.630783
v 5.069806 6.091239 -14.521459
v 0.698085 7.148223 14.488900
v 0.698085 7.114498 14.643330
v 0.698085 6.978433 14.179023
v 0.698085 7.037097 14.113442
v 0.698085 7.524807 14.214862
v 0.698085 7.384790 13.771098
v -0.405636 7.384790 13.771098
v -0.405636 7.524807 14.214862
v 0.698085 7.382031 14.195306
v -0.405636 7.382031 14.195306
v -0.405636 7.114498 14.643330
v -0.405636 7.148223 14.488900
v 0.698085 6.812047 14.897509
v -0.405636 6.812047 14.897509
v -0.405636 6.685177 14.506787
v 0.698085 6.685177 14.506787
v 0.698085 6.076731 14.135246
v 0.698085 5.921042 14.281158
v -0.405636 5.921042 14.281158
v -0.405636 6.076731 14.135246
v -0.405636 6.818758 13.373120
v 0.698085 6.818758 13.373120
v 0.698085 6.754642 13.433215
v -0.405636 6.754642 13.433215
v 0.698085 7.165736 13.065558
v -0.405636 7.165736 13.065558
v -0.405636 7.037097 14.113442
v -0.405636 6.978433 14.179023
v 0.698085 6.743808 14.441239
v 0.698085 6.890913 14.916585
v 0.698085 6.802473 14.375661
v 0.698085 6.861137 14.310115
v 0.698085 7.002688 14.779973
v 0.698085 6.924638 14.762191
v 0.698085 6.919768 14.244567
v 0.698085 7.036449 14.625546
v 0.698085 7.338083 14.370072
v 0.698085 7.213055 13.916804
v 0.698085 7.271685 13.851226
v 0.698085 7.260035 14.352290
v 0.698085 7.226274 14.506720
v 0.698085 7.095727 14.047898
v 0.698085 7.154390 13.982350
v -0.405636 6.890913 14.916585
v -0.405636 7.002688 14.779973
v -0.405636 6.924638 14.762191
v -0.405636 7.036449 14.625546
v -0.405636 7.338083 14.370072
v -0.405636 7.226274 14.506720
v -0.405636 7.260035 14.352290
v 0.698085 7.011068 13.192836
v -0.405636 7.011068 13.192836
v -0.405636 7.075183 13.132741
v 0.698085 7.075183 13.132741
v 0.698085 6.882872 13.313025
v -0.405636 6.882872 13.313025
v -0.405636 6.946953 13.252932
v 0.698085 6.946953 13.252932
v -0.405636 6.388074 13.843423
v 0.698085 6.388074 13.843423
v 0.698085 6.232387 13.989334
v -0.405636 6.232387 13.989334
v 0.698085 6.543765 13.697478
v -0.405636 6.543765 13.697478
v -0.405636 6.743808 14.441239
v -0.405636 6.802473 14.375661
v -0.405636 6.861137 14.310115
v -0.405636 6.919768 14.244567
v -0.405636 7.213055 13.916804
v -0.405636 7.271685 13.851226
v -0.405636 7.095727 14.047898
v -0.405636 7.154390 13.982350
v 1.441306 7.683555 -22.374577
v 1.441306 7.683554 -23.527695
v 1.193941 8.444794 -23.527695
v 1.193941 8.444797 -22.374577
v 0.546420 8.915233 -23.527695
v 0.546419 8.915235 -22.374577
v -0.253964 8.915233 -23.527695
v -0.253964 8.915235 -22.374577
v -0.901486 8.444794 -23.527695
v -0.901486 8.444797 -22.374577
v -1.148850 7.683554 -23.527695
v -1.148850 7.683555 -22.374577
v -0.901486 6.922348 -23.527695
v -0.901486 6.922350 -22.374577
v -0.253964 6.451877 -23.527695
v -0.253964 6.451878 -22.374577
v 0.546420 6.451877 -23.527695
v 0.546419 6.451878 -22.374577
v 1.193941 6.922348 -23.527695
v 1.193941 6.922350 -22.374577
v -0.795126 4.180080 -36.612362
v -0.669007 4.650757 -36.612362
v -0.669007 4.650757 -38.022419
v -0.795125 4.180080 -38.022419
v -0.324448 4.995317 -36.612362
v -0.324448 4.995317 -38.022419
v -0.346251 5.986614 -36.612362
v 0.146229 5.987601 -36.612362
v 0.146229 5.987601 -38.022419
v -0.346251 5.986614 -38.022419
v 0.638710 5.986614 -36.612362
v 0.638710 5.986614 -38.022419
v 0.616907 4.995317 -38.022419
v 0.616906 4.995317 -36.612362
v 0.961466 4.650757 -36.612362
v 0.961466 4.650757 -38.022419
v 1.087584 4.180080 -36.612362
v 1.087584 4.180114 -38.022419
v 0.961466 3.709402 -36.612362
v 0.961466 3.709401 -38.022419
v 0.616906 3.364843 -36.612362
v 0.616907 3.364843 -38.022419
v 0.146229 3.238725 -36.612362
v 0.146229 3.238724 -38.022419
v -0.324448 3.364843 -36.612362
v -0.324448 3.364843 -38.022419
v -0.669007 3.709402 -36.612362
v -0.669007 3.709401 -38.022419
v 0.888561 4.608683 -36.612362
v 0.574799 4.922412 -36.612362
v 0.146229 5.037254 -36.612362
v 0.888561 3.751510 -36.612362
v -0.596069 3.751510 -36.612362
v -0.596069 4.608683 -36.612362
v -0.282341 4.922412 -36.612362
v -0.710911 4.180080 -36.612362
v 0.146229 3.322940 -36.612362
v -0.282341 3.437782 -36.612362
v 0.574799 3.437782 -36.612362
v 1.003369 4.180080 -36.612362
v 1.003371 4.180075 -63.017139
v 0.888563 3.751504 -63.017139
v 0.574801 3.437777 -63.017139
v 0.574801 4.922407 -63.017139
v -0.710908 4.180075 -63.017139
v -0.282338 3.437777 -63.017139
v 0.146231 3.322935 -63.017139
v -0.596067 3.751504 -63.017139
v -0.282338 4.922407 -63.017139
v -0.596067 4.608679 -63.017139
v 0.146231 5.037249 -63.017139
v 0.888563 4.608679 -63.017139
v -0.710910 4.180080 -38.022419
v -0.596069 4.608683 -38.022419
v -0.282341 4.922412 -38.022419
v 0.146229 5.037254 -38.022419
v 0.574799 4.922412 -38.022419
v 0.888561 4.608683 -38.022419
v 1.003369 4.180080 -38.022419
v 0.888561 3.751510 -38.022419
v 0.574799 3.437781 -38.022419
v 0.146229 3.322939 -38.022419
v -0.282341 3.437781 -38.022419
v -0.596069 3.751510 -38.022419
v 0.146229 5.121434 -36.612362
v 0.146229 5.121434 -38.022419
v -1.103130 7.388221 -36.650890
v -0.935722 8.012950 -36.650890
v -0.955345 8.024262 -36.794655
v -1.125751 7.388221 -36.794655
v -0.478434 8.470275 -36.650890
v -0.489744 8.489863 -36.794655
v 0.146297 8.637649 -36.650890
v 0.146229 8.598300 -36.794655
v 0.770994 8.470275 -36.650890
v 0.782304 8.489863 -36.794655
v 1.228317 8.012950 -36.650890
v 1.247906 8.024262 -36.794655
v 1.395725 7.388221 -36.650890
v 1.418346 7.388255 -36.794655
v 1.228317 6.763523 -36.650890
v 1.247906 6.752214 -36.794655
v 0.770994 6.306201 -36.650890
v 0.782304 6.286613 -36.794655
v 0.146297 6.138828 -36.650890
v 0.146297 6.116207 -36.794655
v -0.478434 6.306201 -36.650890
v -0.489744 6.286613 -36.794655
v -0.935722 6.763523 -36.650890
v -0.955345 6.752214 -36.794655
v 0.776241 7.387128 -47.516056
v 0.691822 7.072140 -47.516056
v 0.461219 6.841536 -47.516056
v 0.461219 7.932755 -47.516056
v -0.483781 7.387128 -47.516056
v -0.168759 6.841536 -47.516056
v 0.146230 6.757151 -47.516056
v -0.399362 7.072140 -47.516056
v -0.168759 7.932755 -47.516056
v -0.399362 7.702150 -47.516056
v 0.146230 8.017139 -47.516056
v 0.691822 7.702150 -47.516056
v -0.957900 8.018880 -37.411991
v -1.119517 7.388221 -37.435940
v -0.484702 8.492248 -37.412128
v 0.146229 8.595437 -37.427082
v 0.777297 8.492248 -37.412128
v 1.248587 8.023036 -37.407532
v 1.418141 7.388255 -37.411583
v 1.248383 6.753167 -37.408794
v 0.777501 6.284365 -37.412472
v 0.146297 6.119205 -37.427082
v -0.484702 6.284229 -37.412128
v -0.957900 6.757596 -37.411991
v -0.976194 7.387164 -42.609577
v -0.825820 7.948393 -42.609577
v -0.795567 7.930882 -47.125298
v -0.941274 7.387129 -47.125298
v -0.414965 8.359215 -42.609577
v -0.397522 8.328926 -47.125298
v 0.146230 8.509587 -42.609577
v 0.146230 8.474632 -47.125298
v 0.707459 8.359215 -42.609577
v 0.689982 8.328926 -47.125298
v 1.118313 7.948393 -42.609577
v 1.088028 7.930882 -47.125298
v 1.268687 7.387164 -42.609577
v 1.233734 7.387129 -47.125298
v 1.118313 6.825936 -42.609577
v 1.088028 6.843410 -47.125298
v 0.707459 6.415115 -42.609577
v 0.689982 6.445332 -47.125298
v 0.146230 6.264706 -42.609577
v 0.146230 6.299659 -47.125298
v -0.414965 6.415115 -42.609577
v -0.397522 6.445332 -47.125298
v -0.825820 6.825936 -42.609577
v -0.795567 6.843410 -47.125298
v -0.859990 7.517949 -37.963749
v -0.859922 7.516553 -38.464787
v -0.859445 7.388221 -38.464787
v -0.859309 7.388221 -37.965454
v -0.483850 8.492656 -37.516376
v -0.465011 8.499743 -38.464645
v -0.964441 8.002494 -38.464645
v -0.958343 8.017960 -37.516209
v 0.146297 8.377133 -37.981365
v 0.146297 8.379655 -38.464787
v 0.015240 8.379144 -38.464787
v 0.013706 8.379144 -37.964535
v 0.278854 8.379144 -37.964535
v 0.277355 8.379144 -38.464787
v 0.776445 8.492656 -37.516376
v 1.248723 8.022832 -37.510990
v 1.251074 8.018300 -38.464645
v 0.757606 8.499743 -38.464645
v 1.158955 7.388221 -38.023880
v 1.159058 7.388221 -38.466007
v 1.159262 7.518803 -38.464787
v 1.159330 7.521698 -37.964573
v 1.159330 7.254779 -37.964573
v 1.159262 7.257674 -38.464787
v 0.776717 6.283989 -37.516750
v 0.729329 6.276563 -38.465225
v 1.162021 6.718658 -38.467098
v 1.248485 6.753304 -37.512459
v 0.146297 6.399341 -37.981365
v 0.146297 6.396822 -38.464787
v 0.277355 6.397332 -38.464787
v 0.278854 6.397332 -37.964535
v 0.013706 6.397332 -37.964535
v 0.015240 6.397332 -38.464787
v -0.958343 6.758517 -37.516209
v -0.964475 6.774052 -38.464645
v -0.465011 6.276734 -38.464645
v -0.483850 6.283818 -37.516376
v -0.859922 7.259922 -38.464787
v -0.859990 7.258527 -37.963749
v -0.751007 7.654050 -42.407490
v -0.749406 7.387164 -42.407490
v -0.751007 7.120279 -42.407490
v -0.825820 6.825936 -41.599102
v -0.751008 7.120279 -41.633884
v -0.887517 7.117861 -37.726742
v -1.118461 7.388221 -37.544178
v -0.877126 7.388221 -37.753727
v -0.887517 7.658614 -37.726742
v -0.886903 7.647817 -38.462364
v -0.110061 8.260928 -42.314041
v 0.146230 8.319729 -42.314041
v -0.414965 8.359215 -41.599102
v -0.110061 8.260928 -41.615658
v -0.120179 8.396449 -37.826290
v 0.146229 8.594928 -37.533817
v 0.146297 8.448266 -37.850204
v 0.412774 8.396449 -37.826290
v 0.394207 8.396653 -38.464207
v 0.402554 8.260928 -42.314041
v 1.043501 7.654050 -42.407490
v 1.053721 7.387164 -42.341022
v 1.118313 7.948393 -41.599102
v 1.043501 7.654050 -41.680286
v 1.177795 7.666724 -37.738461
v 1.418107 7.388221 -37.515728
v 1.185937 7.388221 -37.811672
v 1.177795 7.109753 -37.738461
v 1.179771 7.127299 -38.462364
v 1.043501 7.120279 -42.407490
v 0.402554 6.513399 -42.314041
v 0.146230 6.454598 -42.314041
v 0.707458 6.415115 -41.599102
v 0.402554 6.513399 -41.615658
v 0.412774 6.380026 -37.826290
v 0.146297 6.119716 -37.533817
v 0.146297 6.328210 -37.850204
v -0.120179 6.380026 -37.826290
v -0.101646 6.379822 -38.464207
v -0.110061 6.513399 -42.314041
v -0.723583 7.518459 -42.158352
v -0.722629 7.387164 -42.150417
v -0.723583 7.255867 -42.158352
v -0.723583 7.255867 -41.595387
v 0.014967 8.242158 -42.158352
v 0.146230 8.242431 -42.158352
v 0.014967 8.242158 -41.595387
v 0.277526 8.242158 -42.158352
v 1.022277 7.518459 -42.158352
v 1.021834 7.387164 -42.098873
v 1.022277 7.518459 -41.595387
v 1.022277 7.255867 -42.158352
v 0.277526 6.532170 -42.158352
v 0.146230 6.531898 -42.158352
v 0.277526 6.532170 -41.595387
v 0.014967 6.532170 -42.158352
v -0.767258 7.526127 -38.464787
v -0.723583 7.518459 -41.595387
v -0.722629 7.387164 -41.603325
v -0.766270 7.388221 -38.464787
v -0.443139 8.409190 -38.464645
v -0.825820 7.948393 -41.599102
v -0.874639 7.977692 -38.464645
v 0.146297 8.286513 -38.464787
v 0.146230 8.242431 -41.595387
v 0.008392 8.286241 -38.464787
v 0.284203 8.286241 -38.464787
v 0.277526 8.242158 -41.595387
v 1.167234 7.977692 -38.464645
v 0.707458 8.359215 -41.599102
v 0.735734 8.409190 -38.464645
v 1.066394 7.526127 -38.464787
v 1.065917 7.388221 -38.466007
v 1.021834 7.387164 -41.551815
v 1.066394 7.250348 -38.464787
v 1.022277 7.255867 -41.595387
v 0.708174 6.367285 -38.464645
v 1.118313 6.825936 -41.599102
v 1.114599 6.798784 -38.464645
v 0.146297 6.489962 -38.464787
v 0.146230 6.531898 -41.595387
v 0.284203 6.490234 -38.464787
v 0.008392 6.490234 -38.464787
v 0.014967 6.532170 -41.595387
v -0.874639 6.798784 -38.464645
v -0.414965 6.415115 -41.599102
v -0.443139 6.367285 -38.464645
v -0.767258 7.250348 -38.464787
v -0.886903 7.128660 -38.463657
v -0.796079 7.668529 -38.462364
v -0.751008 7.654050 -41.680286
v -0.101646 8.396653 -38.464207
v 0.415499 8.305932 -38.464207
v 0.402554 8.260928 -41.615658
v 1.179771 7.649179 -38.462364
v 1.088674 7.107948 -38.462364
v 1.043501 7.120279 -41.680286
v 0.392981 6.380127 -38.464207
v -0.122904 6.470543 -38.464207
v -0.110061 6.513399 -41.615658
v -0.796079 7.107948 -38.463657
v -0.122904 8.305932 -38.464207
v 1.088674 7.668529 -38.462364
v 0.415499 6.470543 -38.464207
v -0.875865 4.212032 -48.319366
v -0.875865 4.212033 -45.770672
v -0.738913 4.723080 -45.770672
v -0.738913 4.723079 -48.319366
v -0.235736 5.097209 -45.770672
v -0.235735 5.097209 -48.319366
v -0.235736 6.978828 -45.594303
v 0.146230 6.979852 -45.431767
v 0.146230 6.979851 -47.462570
v -0.235735 6.978828 -47.462570
v 0.528195 6.978828 -45.594303
v 0.528195 6.978828 -47.462570
v 0.528196 5.097209 -48.319366
v 0.528195 5.097209 -45.770672
v 1.031407 4.723080 -45.770672
v 1.031407 4.723079 -48.319366
v 1.168325 4.212033 -45.770672
v 1.168325 4.212032 -48.319366
v 1.031407 3.700985 -45.770672
v 1.031407 3.700984 -48.319366
v 0.528195 3.326890 -45.770672
v 0.528196 3.326890 -48.319366
v 0.146230 3.189939 -45.770672
v 0.146230 3.189938 -48.319366
v -0.235736 3.326890 -45.770672
v -0.235735 3.326890 -48.319366
v -0.738913 3.700985 -45.770672
v -0.738913 3.700984 -48.319366
v 0.146230 5.234128 -45.770672
v 0.146230 3.189937 -50.195465
v -0.235735 3.326888 -50.195465
v -0.738913 3.700984 -50.195465
v 1.031408 3.700984 -50.195465
v 0.146230 5.234127 -50.195465
v -0.738913 4.723079 -50.195465
v -0.875864 4.212032 -50.195465
v -0.235735 5.097209 -50.195465
v 1.031408 4.723079 -50.195465
v 0.528196 5.097209 -50.195465
v 1.168325 4.212032 -50.195465
v 0.528196 3.326888 -50.195465
v -0.738913 4.723079 -48.831062
v -0.875865 4.212032 -48.831062
v -0.235735 5.097209 -48.831062
v 0.146230 5.234127 -48.831062
v 0.528196 5.097209 -48.831062
v 1.031407 4.723079 -48.831062
v 1.168325 4.212032 -48.831062
v 1.031407 3.700984 -48.831062
v 0.528196 3.326890 -48.831062
v 0.146230 3.189938 -48.831062
v -0.235735 3.326890 -48.831062
v -0.738913 3.700984 -48.831062
v -0.235735 5.748651 -46.212631
v 0.146230 5.832524 -46.050129
v 0.528195 5.748651 -46.212631
v 0.528195 5.748650 -47.391369
v 0.146230 5.234127 -48.319366
v 0.146230 5.832523 -47.391369
v -0.235735 5.748650 -47.391369
v 0.146230 1.782471 -48.831062
v 0.146230 1.782470 -50.195465
v 0.528230 1.784549 -50.195465
v 0.528230 1.784549 -48.831062
v -0.235735 1.784549 -48.831062
v -0.235735 1.784549 -50.195465
v -0.103279 2.477003 -61.693272
v -0.103282 2.477009 -36.857372
v -0.069861 2.601764 -36.857372
v -0.069859 2.601759 -61.693272
v 0.021474 2.693099 -36.857372
v 0.021476 2.693093 -61.693272
v 0.146229 2.726519 -36.857372
v 0.146231 2.726514 -61.693272
v 0.270985 2.693099 -36.857372
v 0.270987 2.693093 -61.693272
v 0.362320 2.601764 -36.857372
v 0.362322 2.601759 -61.693272
v 0.395740 2.477009 -36.857372
v 0.395742 2.477003 -61.693272
v 0.362320 2.352253 -36.857372
v 0.362322 2.352248 -61.693272
v 0.270985 2.260918 -36.857372
v 0.270987 2.260912 -61.693272
v 0.146229 2.227498 -36.857372
v 0.146231 2.227492 -61.693272
v 0.021474 2.260918 -36.857372
v 0.021476 2.260912 -61.693272
v -0.069861 2.352253 -36.857372
v -0.069859 2.352248 -61.693272
v 0.395742 2.477003 -62.651585
v 0.362322 2.352248 -62.651585
v 0.270987 2.260912 -62.651585
v 0.270987 2.693093 -62.651585
v -0.103279 2.477003 -62.651585
v 0.021476 2.260912 -62.651585
v 0.146231 2.227492 -62.651585
v -0.069859 2.352248 -62.651585
v 0.021476 2.693093 -62.651585
v -0.069859 2.601759 -62.651585
v 0.146231 2.726514 -62.651585
v 0.362322 2.601759 -62.651585
v -0.140311 2.642436 -61.693272
v -0.140311 2.642436 -62.651585
v -0.184633 2.477003 -62.651585
v -0.184633 2.477003 -61.693272
v -0.019201 2.763546 -61.693272
v -0.019201 2.763546 -62.651585
v 0.146231 2.807868 -61.693272
v 0.146231 2.807868 -62.651585
v 0.311663 2.763546 -61.693272
v 0.311663 2.763546 -62.651585
v 0.432773 2.642436 -61.693272
v 0.432774 2.642436 -62.651585
v 0.477095 2.477003 -61.693272
v 0.477095 2.477003 -62.651585
v 0.432773 2.311571 -61.693272
v 0.432774 2.311571 -62.651585
v 0.311663 2.190461 -61.693272
v 0.311663 2.190461 -62.651585
v 0.146231 2.146139 -61.693272
v 0.146231 2.146139 -62.651585
v -0.019201 2.190461 -61.693272
v -0.019201 2.190461 -62.651585
v -0.140311 2.311571 -61.693272
v -0.140311 2.311571 -62.651585
v -1.193032 4.204705 -62.504749
v -1.013599 4.874337 -62.504749
v -1.013598 4.874336 -64.801247
v -1.193032 4.204704 -64.801247
v -0.523400 5.364535 -62.504749
v -0.523400 5.364534 -64.801247
v 0.146231 5.543969 -62.504749
v 0.146232 5.543968 -64.801247
v 0.815863 5.364535 -62.504749
v 0.815863 5.364534 -64.801247
v 1.306061 4.874337 -62.504749
v 1.306061 4.874336 -64.801247
v 1.485495 4.204705 -62.504749
v 1.485495 4.204704 -64.801247
v 1.306061 3.535073 -62.504749
v 1.306061 3.535073 -64.801247
v 0.815863 3.044875 -62.504749
v 0.815863 3.044874 -64.801247
v 0.146231 2.865476 -62.504749
v 0.146232 2.865442 -64.801247
v -0.523400 3.044875 -62.504749
v -0.523400 3.044874 -64.801247
v -1.013599 3.535073 -62.504749
v -1.013598 3.535073 -64.801247
v 1.192548 4.808791 -62.504749
v 0.750317 5.251022 -62.504749
v 0.146231 5.412877 -62.504749
v 1.192548 3.600619 -62.504749
v -0.900051 3.600619 -62.504749
v -0.900051 4.808791 -62.504749
v -0.457854 5.251022 -62.504749
v -1.061940 4.204705 -62.504749
v 0.146231 2.996534 -62.504749
v -0.457854 3.158422 -62.504749
v 0.750317 3.158422 -62.504749
v 1.354403 4.204705 -62.504749
v 1.179637 4.204703 -69.622833
v 1.041187 3.688001 -69.622833
v 0.662935 3.309750 -69.622833
v 0.662935 5.099658 -69.622833
v -0.887173 4.204703 -69.622833
v -0.370471 3.309750 -69.622833
v 0.146232 3.171299 -69.622833
v -0.748723 3.688001 -69.622833
v -0.370471 5.099658 -69.622833
v -0.748723 4.721406 -69.622833
v 0.146232 5.238109 -69.622833
v 1.041187 4.721406 -69.622833
v -1.061940 4.204704 -64.801247
v -0.900051 4.808790 -64.801247
v -0.900051 4.808789 -69.622833
v -1.061940 4.204703 -69.622833
v -0.457854 5.251021 -64.801247
v -0.457854 5.251020 -69.622833
v 0.146232 5.412876 -64.801247
v 0.146232 5.412875 -69.622833
v 0.750317 5.251021 -64.801247
v 0.750318 5.251020 -69.622833
v 1.192548 4.808790 -64.801247
v 1.192549 4.808789 -69.622833
v 1.354403 4.204704 -64.801247
v 1.354404 4.204703 -69.622833
v 1.192548 3.600619 -64.801247
v 1.192549 3.600617 -69.622833
v 0.750317 3.158422 -64.801247
v 0.750318 3.158421 -69.622833
v 0.146232 2.996533 -64.801247
v 0.146232 2.996533 -69.622833
v -0.457854 3.158422 -64.801247
v -0.457854 3.158421 -69.622833
v -0.900051 3.600619 -64.801247
v -0.900051 3.600617 -69.622833
v -0.793147 4.204703 -71.970421
v -1.061940 4.204703 -71.970421
v -0.900050 4.808789 -71.970421
v -0.667267 4.674393 -71.970421
v -0.457854 5.251020 -71.970421
v -0.323457 5.018237 -71.970421
v 0.146232 5.412875 -71.970421
v 0.146232 5.144082 -71.970421
v 0.750318 5.251020 -71.970421
v 0.615922 5.018237 -71.970421
v 1.192549 4.808789 -71.970421
v 0.959765 4.674393 -71.970421
v 1.354404 4.204703 -71.970421
v 1.085611 4.204703 -71.970421
v 1.192549 3.600616 -71.970421
v 0.959765 3.735014 -71.970421
v 0.750318 3.158421 -71.970421
v 0.615922 3.391205 -71.970421
v 0.146232 2.996531 -71.970421
v 0.146232 3.265325 -71.970421
v -0.457854 3.158421 -71.970421
v -0.323457 3.391205 -71.970421
v -0.900050 3.600616 -71.970421
v -0.667267 3.735014 -71.970421
v 0.146232 5.412875 -70.964401
v -0.457854 5.251020 -70.964401
v 0.750318 5.251020 -70.964401
v 0.146232 2.996533 -70.964401
v 0.750318 3.158421 -70.964401
v -0.457854 3.158421 -70.964401
v 0.146232 3.171299 -70.964401
v -0.370470 3.309750 -70.964401
v 0.662935 3.309750 -70.964401
v 0.146232 5.238109 -70.964401
v 0.662935 5.099658 -70.964401
v -0.370470 5.099658 -70.964401
v -1.061940 4.204703 -70.964401
v -0.900051 4.808789 -70.964401
v 1.192549 4.808789 -70.964401
v 1.354404 4.204703 -70.964401
v 1.192549 3.600617 -70.964401
v -0.900051 3.600617 -70.964401
v -0.573309 4.620123 -71.970421
v -0.573309 4.620123 -70.964401
v -0.684641 4.204703 -70.964401
v -0.684641 4.204703 -71.970421
v -0.573309 3.789284 -70.964401
v -0.573309 3.789284 -71.970421
v -0.269188 3.485163 -70.964401
v -0.269188 3.485162 -71.970421
v 0.146232 3.373830 -70.964401
v 0.146232 3.373830 -71.970421
v 0.561652 3.485163 -70.964401
v 0.561652 3.485162 -71.970421
v 0.865773 3.789284 -70.964401
v 0.865773 3.789284 -71.970421
v 0.977106 4.204703 -70.964401
v 0.977106 4.204703 -71.970421
v 0.865773 4.620123 -70.964401
v 0.865773 4.620123 -71.970421
v 0.561652 4.924244 -70.964401
v 0.561652 4.924244 -71.970421
v 0.146232 5.035577 -70.964401
v 0.146232 5.035577 -71.970421
v -0.269188 4.924244 -70.964401
v -0.269188 4.924244 -71.970421
v -0.748723 4.721406 -70.964401
v -0.887173 4.204703 -70.964401
v -0.748723 3.688001 -70.964401
v 1.041187 3.688001 -70.964401
v 1.179637 4.204703 -70.964401
v 1.041187 4.721406 -70.964401
v -0.684641 4.204702 -72.701851
v -0.793146 4.204702 -72.701851
v -0.667267 4.674392 -72.701851
v -0.573309 4.620122 -72.701851
v -0.323457 5.018236 -72.701851
v -0.269187 4.924243 -72.701851
v 0.146232 5.144081 -72.701851
v 0.146232 5.035576 -72.701851
v 0.615922 5.018236 -72.701851
v 0.561652 4.924243 -72.701851
v 0.959765 4.674392 -72.701851
v 0.865773 4.620122 -72.701851
v 1.085611 4.204702 -72.701851
v 0.977106 4.204702 -72.701851
v 0.959765 3.735014 -72.701851
v 0.865773 3.789284 -72.701851
v 0.615922 3.391205 -72.701851
v 0.561652 3.485162 -72.701851
v 0.146232 3.265325 -72.701851
v 0.146232 3.373830 -72.701851
v -0.323457 3.391205 -72.701851
v -0.269187 3.485162 -72.701851
v -0.667267 3.735014 -72.701851
v -0.573309 3.789284 -72.701851
v -0.684641 4.204702 -72.636780
v -0.684641 4.204702 -72.667450
v -0.573309 4.620122 -72.667450
v -0.573309 4.620122 -72.636780
v -0.573309 3.789284 -72.636780
v -0.573309 3.789284 -72.667450
v -0.269187 3.485162 -72.636780
v -0.269187 3.485162 -72.667450
v 0.146232 3.373830 -72.636780
v 0.146232 3.373830 -72.667450
v 0.561652 3.485162 -72.636780
v 0.561652 3.485162 -72.667450
v 0.865773 3.789284 -72.636780
v 0.865773 3.789284 -72.667450
v 0.977106 4.204702 -72.636780
v 0.977106 4.204702 -72.667450
v 0.865773 4.620122 -72.636780
v 0.865773 4.620122 -72.667450
v 0.561652 4.924243 -72.636780
v 0.561652 4.924243 -72.667450
v 0.146232 5.035576 -72.636780
v 0.146232 5.035576 -72.667450
v -0.269187 4.924243 -72.636780
v -0.269187 4.924243 -72.667450
v 1.645881 10.400001 -14.856037
v 1.645881 10.321374 -14.562647
v 1.645881 10.106612 -14.347885
v 1.645881 9.305104 -14.562647
v 1.645881 9.813256 -14.269291
v 1.645881 9.519866 -14.347885
v 1.645881 9.770160 -15.431234
v 1.645881 9.305104 -15.149393
v 1.645881 9.226510 -14.856037
v 1.645881 9.519866 -15.364155
v 1.645881 10.106612 -15.364155
v 1.645881 9.813256 -15.442783
v 1.645881 10.321374 -15.149393
v 1.005138 10.106612 -15.364155
v 1.005138 9.813256 -15.442783
v 1.005138 10.321374 -15.149393
v 1.005138 10.400001 -14.856037
v 1.005138 10.321374 -14.562647
v 1.005138 10.106612 -14.347885
v 1.005138 9.813256 -14.269291
v 1.005138 9.519866 -14.347885
v 1.005138 9.305104 -14.562647
v 1.005138 9.226510 -14.856037
v 1.005138 9.305104 -15.149393
v 1.005138 9.519866 -15.364155
v 1.005138 9.770160 -15.431234
v 0.146227 9.813256 -15.442783
v 0.146227 9.813256 -14.269291
v 0.146227 9.519866 -15.364155
v 0.146227 9.770160 -15.431234
v 0.146227 9.519866 -14.347885
v 0.146227 9.305104 -14.562647
v 0.146227 9.226510 -14.856037
v 0.146227 9.305104 -15.149393
v -1.353427 9.305104 -14.562647
v -1.353427 9.519866 -14.347885
v -1.353427 9.813256 -14.269291
v -1.353427 10.400001 -14.856037
v -1.353427 10.106612 -14.347885
v -1.353427 10.321374 -14.562647
v -1.353426 9.770160 -15.431234
v -1.353427 10.106612 -15.364155
v -1.353427 10.321374 -15.149393
v -1.353426 9.813256 -15.442783
v -1.353427 9.305104 -15.149393
v -1.353427 9.519866 -15.364155
v -1.353427 9.226510 -14.856037
v -0.712684 10.106612 -15.364155
v -0.712684 9.813256 -15.442783
v -0.712684 10.321374 -15.149393
v -0.712684 10.400001 -14.856037
v -0.712684 10.321374 -14.562647
v -0.712684 10.106612 -14.347885
v -0.712684 9.813256 -14.269291
v -0.712684 9.519866 -14.347885
v -0.712684 9.305104 -14.562647
v -0.712684 9.226510 -14.856037
v -0.712684 9.305104 -15.149393
v -0.712684 9.519866 -15.364155
v -0.712684 9.770160 -15.431234
v -0.870549 4.193839 -58.194530
v -0.734313 4.702229 -58.194530
v -0.734313 4.702229 -59.427097
v -0.870549 4.193839 -59.427097
v -0.362159 5.074417 -58.194530
v -0.362159 5.074417 -59.427097
v 0.146231 5.210618 -59.427097
v 0.146231 5.210618 -58.194530
v 0.400443 5.142518 -58.194530
v 0.400443 5.142518 -59.427097
v 0.654621 5.074417 -59.427097
v 0.654621 5.074417 -58.194530
v 1.026775 4.702229 -58.194530
v 1.026775 4.702229 -59.427097
v 1.163011 4.193839 -58.194530
v 1.163011 4.193839 -59.427097
v 1.026775 3.685449 -58.194530
v 1.026775 3.685448 -59.427097
v 0.654621 3.313295 -58.194530
v 0.654621 3.313294 -59.427097
v -0.362159 3.313294 -59.427097
v -0.362159 3.313295 -58.194530
v -0.734313 3.685449 -58.194530
v -0.734313 3.685448 -59.427097
v -0.107947 3.245160 -58.194530
v 0.400443 3.245160 -58.194530
v 0.146231 3.177059 -58.194530
v 1.026775 4.702229 -62.504414
v 1.163012 4.193838 -62.504414
v 1.026775 3.685448 -62.504414
v 0.400443 5.142517 -62.504414
v -0.734313 4.702229 -62.504414
v -0.107947 3.245158 -62.504414
v 0.654622 3.313294 -62.504414
v 0.400443 3.245158 -62.504414
v -0.734313 3.685448 -62.504414
v -0.362159 3.313294 -62.504414
v -0.870549 4.193838 -62.504414
v -0.107947 5.142517 -62.504414
v -0.362159 5.074416 -62.504414
v 0.146231 5.210618 -62.504414
v 0.654622 5.074416 -62.504414
v -0.734313 4.702229 -59.869968
v -0.870549 4.193839 -59.869968
v -0.362159 5.074417 -59.869968
v 0.146231 9.361647 -60.683506
v 0.146231 9.361647 -60.945827
v -0.107947 9.360319 -60.945827
v -0.107947 9.360319 -60.683506
v 0.654655 10.631888 -61.134556
v 0.654655 10.631888 -61.396877
v 0.521758 10.631888 -61.396877
v 0.521758 10.631888 -61.134556
v 1.026775 4.702229 -59.869968
v 0.654621 5.074417 -59.869968
v 1.163011 4.193839 -59.869968
v 1.026775 3.685448 -59.869968
v 0.654621 3.313294 -59.869968
v 0.146231 3.177058 -59.427097
v 0.146231 3.177058 -59.869968
v 0.400443 3.245159 -59.869968
v 0.400443 3.245159 -59.427097
v -0.362159 3.313294 -59.869968
v -0.107947 3.245159 -59.869968
v -0.107947 3.245159 -59.427097
v -0.734313 3.685448 -59.869968
v -0.107947 5.872074 -62.504414
v 0.146231 5.928013 -62.504414
v -0.362159 5.816134 -62.015202
v -0.362159 5.816134 -62.504414
v -0.362159 5.074416 -61.975681
v -0.362159 5.816135 -59.656025
v -0.107947 5.142518 -59.427097
v -0.107947 5.872075 -59.656025
v 0.400443 5.872075 -59.656025
v 0.146231 5.928014 -59.656025
v 0.654621 5.816135 -59.656025
v 0.654621 5.816134 -60.066196
v 0.654622 5.816134 -62.504414
v 0.400443 5.872074 -62.504414
v -0.362159 7.242339 -62.504414
v -0.107947 7.274839 -62.504414
v -0.107947 7.274873 -60.096867
v 0.146231 7.307374 -60.096867
v 0.654621 7.242339 -60.096867
v 0.400443 7.274873 -60.096867
v 0.654622 7.242339 -62.090839
v 0.654621 5.816134 -62.015202
v 0.654622 7.242339 -62.504414
v 0.400443 7.274839 -62.504414
v 0.146231 7.307374 -62.504414
v -0.362159 9.358991 -62.504414
v -0.107947 9.360318 -62.504414
v 0.654621 9.358992 -60.683506
v 0.400443 9.360319 -60.683506
v 0.654622 9.358991 -62.191677
v 0.654622 9.358991 -62.504414
v 0.146231 9.361646 -62.504414
v 0.400443 9.360318 -62.504414
v -0.734313 4.702229 -61.975681
v -0.870549 4.193838 -61.975681
v 0.146231 9.361646 -61.584599
v -0.107947 9.360318 -61.584599
v 0.654655 10.631888 -61.709614
v 0.521758 10.631888 -61.709614
v 1.026775 4.702229 -61.975681
v 0.654621 5.074416 -61.975681
v 1.163012 4.193838 -61.975681
v 1.026775 3.685448 -61.975681
v 0.654621 3.313294 -61.975681
v 0.146231 3.177057 -61.975681
v 0.400443 3.245158 -61.975681
v -0.362159 3.313294 -61.975681
v -0.107947 3.245158 -61.975681
v -0.734313 3.685448 -61.975681
v -0.362159 5.816134 -60.066196
v 0.654621 7.242339 -60.443333
v -0.362159 9.358992 -60.945827
v -0.362159 9.358991 -61.584599
v -0.362159 7.242339 -61.287861
v -0.362159 7.242339 -60.443333
v 0.654621 9.358992 -60.945827
v 0.654621 9.358991 -61.584599
v 0.654621 7.242339 -61.287861
v 0.146231 9.361646 -62.191677
v -0.107947 9.360318 -62.191677
v 0.654656 10.631888 -62.081638
v 0.654656 10.631888 -62.394382
v 0.521758 10.631888 -62.394382
v 0.521758 10.631888 -62.081638
v 0.146231 3.177057 -62.504414
v -0.362159 7.242339 -62.090839
v -0.362159 9.358991 -62.191677
v 0.400443 9.360319 -60.945827
v 0.400443 9.360318 -62.191677
v 0.400443 9.360318 -61.584599
v -0.107947 5.142518 -58.194530
v -0.362159 7.242339 -60.096867
v -0.362159 9.358992 -60.683506
v -0.228784 10.631888 -61.709614
v -0.228784 10.631888 -62.081638
v -0.362193 10.631888 -62.081638
v -0.362193 10.631888 -61.709614
v -0.228784 10.631888 -62.394382
v -0.362193 10.631888 -62.394382
v 0.889926 9.672071 -60.945827
v 0.889926 9.672071 -60.683506
v 0.889926 9.672071 -61.584599
v 0.889926 9.672071 -62.504414
v 0.889926 9.672071 -62.191677
v 0.629991 9.672751 -62.504414
v 0.629991 9.672751 -62.191677
v 0.629991 9.672751 -61.584599
v 0.629990 9.672752 -60.683506
v 0.629990 9.672752 -60.945827
v -0.598281 9.672071 -62.191677
v -0.598281 9.672071 -62.504414
v -0.598281 9.672071 -61.584599
v -0.598281 9.672071 -60.683506
v -0.598281 9.672071 -60.945827
v -0.338346 9.672752 -60.683506
v -0.338346 9.672752 -60.945827
v -0.338346 9.672751 -61.584599
v -0.338346 9.672751 -62.504414
v -0.338346 9.672751 -62.191677
v 0.889926 10.308521 -60.909031
v 0.996080 9.985151 -60.756413
v 0.996080 9.985151 -60.964558
v 0.889926 10.308520 -61.171360
v 0.996081 9.985150 -61.584599
v 0.889926 10.308520 -61.646931
v 0.889926 10.308520 -62.449223
v 0.889926 10.308520 -62.136486
v 0.996081 9.985150 -62.174305
v 0.996081 9.985150 -62.477848
v 0.775391 9.985185 -62.477848
v 0.696354 10.308555 -62.449223
v 0.775391 9.985185 -62.174305
v 0.696354 10.308555 -62.136486
v 0.696354 10.308555 -61.646931
v 0.775391 9.985185 -61.584599
v 0.696354 10.308521 -60.909031
v 0.696354 10.308520 -61.171360
v 0.775391 9.985186 -60.964558
v 0.775391 9.985186 -60.756413
v -0.598281 10.308520 -62.449223
v -0.705219 9.985150 -62.477848
v -0.705219 9.985150 -62.174305
v -0.598281 10.308520 -62.136486
v -0.598281 10.308520 -61.646931
v -0.705219 9.985150 -61.584599
v -0.598281 10.308521 -60.909031
v -0.598281 10.308520 -61.171360
v -0.705219 9.985151 -60.964558
v -0.705219 9.985151 -60.756413
v -0.484530 9.985186 -60.756413
v -0.404403 10.308556 -60.909031
v -0.484530 9.985186 -60.964558
v -0.404403 10.308555 -61.171360
v -0.484529 9.985185 -61.584599
v -0.404403 10.308555 -61.646931
v -0.404402 10.308555 -62.449223
v -0.404402 10.308555 -62.136486
v -0.484529 9.985185 -62.174305
v -0.484529 9.985185 -62.477848
v -0.362193 10.631888 -61.396877
v -0.362193 10.631888 -61.134556
v -0.228784 10.631888 -61.134556
v -0.228784 10.631888 -61.396877
v 0.654621 2.759288 -58.194530
v 0.400443 2.715307 -58.194530
v -0.107947 2.715307 -58.194530
v 0.146231 2.671326 -58.194530
v -0.362159 2.759288 -58.194530
v -0.362159 2.759287 -59.427097
v -0.107947 2.715307 -59.427097
v 0.400443 2.715307 -59.427097
v 0.146231 2.671325 -59.427097
v 0.654621 2.759287 -59.427097
v 0.400443 2.086182 -58.194530
v 0.146231 2.070851 -58.194530
v -0.107947 2.086181 -59.427097
v 0.146231 2.070850 -59.427097
v 0.400443 1.775350 -58.194530
v 0.146231 1.774157 -58.194530
v -0.107947 2.086182 -58.194530
v -0.362159 2.101512 -58.194530
v -0.362159 1.776507 -58.194530
v -0.107947 1.775350 -58.194530
v -0.362159 2.101511 -59.427097
v -0.362159 1.776506 -59.427097
v -0.107947 1.775349 -59.427097
v 0.146231 1.774156 -59.427097
v 0.400443 2.086181 -59.427097
v 0.654621 2.101511 -59.427097
v 0.654621 1.776506 -59.427097
v 0.400443 1.775349 -59.427097
v 0.654621 2.101512 -58.194530
v 0.654621 1.776507 -58.194530
v 0.019534 9.311465 -61.407444
v 0.272929 9.311465 -61.407444
v 0.272929 10.132424 -61.407444
v 0.019534 10.132424 -61.407444
v 0.272929 9.311465 -61.935146
v 0.019534 9.311465 -61.935146
v 0.019534 10.132424 -61.935146
v 0.272929 10.132424 -61.935146
v 0.065457 10.450242 -61.468082
v 0.227005 10.450242 -61.468082
v 0.227005 10.450242 -61.874844
v 0.065457 10.450242 -61.874844
v 0.227005 10.132424 -61.468082
v 0.065457 10.132424 -61.468082
v 0.227005 10.132424 -61.874844
v 0.065457 10.132424 -61.874844
v 0.728582 8.217319 -61.564838
v 0.718021 8.506482 -61.564838
v 0.717953 8.467713 -61.420383
v 0.717953 8.361833 -61.314442
v 0.717953 8.217216 -61.275600
v 0.717987 8.072567 -61.314442
v 0.718055 7.966682 -61.420383
v 0.718123 7.927949 -61.564838
v 0.718191 7.966682 -61.709614
v 0.718226 8.072567 -61.815571
v 0.718191 8.217216 -61.854404
v 0.718157 8.361833 -61.815571
v 0.718089 8.467713 -61.709614
v 0.690086 8.712216 -61.565510
v 0.689983 8.645853 -61.317844
v 0.689949 8.464547 -61.136600
v 0.689949 8.216909 -61.070515
v 0.690052 7.969273 -61.136600
v 0.690154 7.787966 -61.317844
v 0.690256 7.721635 -61.565510
v 0.690358 7.787966 -61.813183
v 0.690426 7.969273 -61.994770
v 0.690392 8.216908 -62.060856
v 0.690324 8.464547 -61.994770
v 0.690188 8.645853 -61.813183
v 0.650022 8.717532 -61.277302
v 0.650125 8.795035 -61.566532
v 0.649954 8.505768 -61.065739
v 0.649988 8.216501 -60.988071
v 0.650056 7.927233 -61.065739
v 0.650193 7.715468 -61.277302
v 0.650329 7.637966 -61.566532
v 0.650465 7.715468 -61.855762
v 0.650499 7.927233 -62.067677
v 0.650465 8.216500 -62.145000
v 0.650397 8.505767 -62.067677
v 0.650261 8.717532 -61.855762
v 0.146223 5.327250 29.636051
v 0.146222 5.555775 39.978962
v 1.028742 5.236222 39.868923
v 0.973145 4.932201 29.545090
v 1.576788 3.706485 29.408821
v 1.769337 4.124018 40.247074
v 2.219029 2.195489 40.617729
v 1.811105 2.227613 29.282089
v 2.186562 0.034857 40.474648
v 1.777480 0.648684 29.235416
v 2.062011 -2.748565 40.585022
v 1.671598 -1.212086 29.337963
v 1.757583 -4.722813 40.569691
v 1.436941 -2.432965 29.270847
v 0.951921 -3.199042 29.254837
v 1.061106 -5.929827 40.585701
v 0.146222 -6.451504 40.458973
v 0.146223 -3.574024 29.138325
v 0.146224 5.268379 26.103245
v 0.932980 4.868358 26.002747
v 1.483784 3.747195 25.936657
v 0.146224 5.101381 24.544659
v 0.821613 4.846010 24.553513
v 1.687372 2.420843 25.764954
v 1.506132 3.727368 24.566799
v 1.677765 1.274946 25.805836
v 1.722870 2.535820 24.619263
v 1.583261 -0.489582 25.960846
v 1.710435 1.430022 24.559647
v 1.371259 -1.685830 25.925411
v 0.906475 -2.410072 25.905315
v 0.146224 -2.707278 25.721008
v 1.591812 -0.192139 24.602570
v 1.378447 -1.371728 24.690804
v 0.938533 -2.068954 24.633232
v 0.146224 -2.407449 24.505817
v 0.146224 4.666031 23.254177
v 0.912097 4.392435 23.217724
v 1.533966 3.521736 23.346500
v 1.779048 2.514085 23.369667
v 1.808754 1.593682 23.359444
v 1.646491 -0.019178 23.326401
v 1.419430 -1.099800 23.227264
v 0.925485 -1.758497 23.179230
v 0.146224 -2.086772 23.195240
v 1.584761 3.589837 21.110920
v 1.025439 4.211978 21.123558
v 0.146224 4.421527 21.147713
v 1.005442 4.472355 19.180515
v 0.146224 4.566008 19.307522
v 1.579719 4.132873 18.969227
v 1.846365 2.673931 21.109829
v 1.903769 1.780577 21.106934
v 1.781603 0.435522 21.044113
v 1.560675 -0.633382 20.960373
v 1.070920 -1.219514 20.939323
v 1.217001 -0.777318 18.730145
v 1.642982 -0.314715 18.817902
v 1.843844 0.878399 18.918743
v 1.910549 1.975954 18.965343
v 1.889188 3.079197 18.962688
v 1.904349 3.879580 15.511680
v 1.799421 4.829723 15.531540
v 0.146222 -6.450855 47.104187
v 1.100113 -5.955922 47.137577
v 1.174653 -6.002969 47.273846
v 0.146222 -6.612846 47.283047
v 1.849395 -4.476402 47.129402
v 1.894501 -4.489654 47.286110
v 2.141150 -2.648746 47.098396
v 2.142921 -2.573728 47.212864
v 2.279328 -0.093270 47.022766
v 2.306207 -0.082198 47.125309
v 2.282292 1.938962 46.932831
v 2.299223 1.964547 47.046616
v 1.704029 4.427119 46.860607
v 1.761194 4.478936 47.019020
v 0.808257 5.522460 46.832672
v 0.852681 5.680840 47.003353
v 0.146222 5.706254 46.841530
v 0.146222 5.873868 46.981888
v 2.172219 -2.506990 48.057400
v 2.305628 -0.033992 47.949749
v 2.299019 2.016636 47.871731
v 1.912999 -4.451089 48.087723
v 1.760853 4.475054 47.815182
v 1.832600 2.014693 47.906822
v 1.893785 -0.084242 47.985176
v 1.904448 -2.508456 48.042072
v 1.199965 -6.020274 48.084991
v 0.842017 5.688915 47.792011
v 0.916285 -0.023295 47.985519
v 1.033920 -2.509885 48.026741
v 0.889780 2.014183 47.916359
v 0.146222 -6.629641 48.070007
v 0.146222 -2.510839 48.016521
v 0.146222 -0.029189 47.984493
v 0.146222 5.886335 47.790310
v 0.146222 2.014115 47.917385
v 1.903974 2.544506 15.491956
v 1.005987 5.079505 15.540737
v 0.146225 5.065029 15.519581
v 1.513049 -0.139539 15.435062
v 1.824801 0.490642 15.445417
v 0.146224 -1.083858 18.971920
v 0.146225 -0.270529 15.424669
v 1.878969 1.501119 15.465654
v 0.146222 -6.700196 46.282822
v 1.158198 -6.163973 46.220818
v 1.053305 -6.388445 43.087284
v 0.146222 -6.915025 43.188461
v 1.181978 -6.332334 44.679943
v 0.146222 -6.933593 44.762726
v 1.810490 -4.995763 42.988148
v 1.892763 -4.597579 46.146210
v 1.910138 -4.733714 44.653030
v 2.141354 -2.763655 46.069218
v 2.096078 -3.200947 42.934662
v 2.135835 -2.893487 44.569904
v 2.228976 -0.518127 42.892757
v 2.269516 -0.287831 46.019817
v 2.255855 -0.328337 44.537884
v 2.258854 1.686487 42.887310
v 2.281985 1.827969 45.935329
v 2.275001 1.696672 44.379807
v 1.861966 3.976746 42.771137
v 1.776763 4.260291 45.965992
v 1.792298 4.198424 44.419670
v 0.906405 5.454971 46.031063
v 1.013548 5.319620 42.693802
v 1.004929 5.359241 44.291916
v 0.146222 5.653074 44.381851
v 0.146222 5.690208 46.062748
v 0.146222 5.611307 42.626694
v 0.146224 -1.553580 21.000439
v -0.680698 4.932201 29.545090
v -0.736298 5.236222 39.868923
v -1.284341 3.706485 29.408821
v -1.476892 4.124018 40.247074
v -1.518658 2.227613 29.282089
v -1.926584 2.195489 40.617729
v -1.485033 0.648684 29.235416
v -1.894117 0.034857 40.474648
v -1.379151 -1.212086 29.337963
v -1.769567 -2.748565 40.585022
v -1.144494 -2.432965 29.270847
v -1.465139 -4.722813 40.569691
v -0.659474 -3.199042 29.254837
v -0.768662 -5.929827 40.585701
v -0.640532 4.868358 26.002747
v -1.191337 3.747195 25.936657
v -0.529165 4.846010 24.553513
v -1.394924 2.420843 25.764954
v -1.213685 3.727368 24.566799
v -1.385317 1.274946 25.805836
v -1.430423 2.535820 24.619263
v -1.290814 -0.489582 25.960846
v -1.417988 1.430022 24.559647
v -1.078812 -1.685830 25.925411
v -0.614028 -2.410072 25.905315
v -1.299365 -0.192139 24.602570
v -1.086000 -1.371728 24.690804
v -0.646085 -2.068954 24.633232
v -0.619649 4.392435 23.217724
v -1.241518 3.521736 23.346500
v -1.486600 2.514085 23.369667
v -1.516307 1.593682 23.359444
v -1.354043 -0.019178 23.326401
v -1.126983 -1.099800 23.227264
v -0.633037 -1.758497 23.179230
v -0.732991 4.211978 21.123558
v -1.292312 3.589837 21.110920
v -0.712994 4.472355 19.180515
v -1.287270 4.132873 18.969227
v -1.553917 2.673931 21.109829
v -1.611321 1.780577 21.106934
v -1.489155 0.435522 21.044113
v -1.268227 -0.633382 20.960373
v -0.778471 -1.219514 20.939323
v -1.350534 -0.314715 18.817902
v -0.924553 -0.777318 18.730145
v -1.551396 0.878399 18.918743
v -1.618100 1.975954 18.965343
v -1.596740 3.079197 18.962688
v -1.506972 4.829723 15.531540
v -1.611900 3.879580 15.511680
v -0.882210 -6.002969 47.273846
v -0.807670 -5.955922 47.137577
v -1.602057 -4.489654 47.286110
v -1.556951 -4.476402 47.129402
v -1.850478 -2.573728 47.212864
v -1.848706 -2.648746 47.098396
v -2.013763 -0.082198 47.125309
v -1.986884 -0.093270 47.022766
v -2.006780 1.964547 47.046616
v -1.989848 1.938962 46.932831
v -1.468751 4.478936 47.019020
v -1.411585 4.427119 46.860607
v -0.560237 5.680840 47.003353
v -0.515813 5.522460 46.832672
v -1.879776 -2.506990 48.057400
v -2.013184 -0.033992 47.949749
v -2.006575 2.016636 47.871731
v -1.620556 -4.451089 48.087723
v -1.540156 2.014693 47.906822
v -1.468410 4.475054 47.815182
v -1.612005 -2.508456 48.042072
v -1.601342 -0.084242 47.985176
v -0.907522 -6.020274 48.084991
v -0.549574 5.688915 47.792011
v -0.741477 -2.509885 48.026741
v -0.623841 -0.023295 47.985519
v -0.597337 2.014183 47.916359
v -1.611525 2.544506 15.491956
v -0.713538 5.079505 15.540737
v -1.532352 0.490642 15.445417
v -1.220600 -0.139539 15.435062
v -1.586519 1.501119 15.465654
v -0.865755 -6.163973 46.220818
v -0.760861 -6.388445 43.087284
v -0.889534 -6.332334 44.679943
v -1.518046 -4.995763 42.988148
v -1.600319 -4.597579 46.146210
v -1.617694 -4.733714 44.653030
v -1.848910 -2.763655 46.069218
v -1.803634 -3.200947 42.934662
v -1.843391 -2.893487 44.569904
v -1.936532 -0.518127 42.892757
v -1.977072 -0.287831 46.019817
v -1.963411 -0.328337 44.537884
v -1.966409 1.686487 42.887310
v -1.989541 1.827969 45.935329
v -1.982557 1.696672 44.379807
v -1.569522 3.976746 42.771137
v -1.484319 4.260291 45.965992
v -1.499854 4.198424 44.419670
v -0.613961 5.454971 46.031063
v -0.721104 5.319620 42.693802
v -0.712485 5.359241 44.291916
v 2.092881 1.058474 -17.310738
v 2.092881 5.184532 -17.310741
v 2.092879 5.237070 15.668730
v 2.092879 -0.390481 15.668731
v 0.146225 -0.390481 15.668731
v 0.146227 1.058474 -17.310741
v 0.146227 5.184532 -17.310741
v 0.146225 5.237070 15.668730
v -1.800430 5.237070 15.668730
v -1.800427 5.184532 -17.310741
v -1.800427 1.058474 -17.310741
v -1.800430 -0.390481 15.668731
v -1.816711 5.789298 -16.145561
v -1.786425 5.966450 -16.145424
v -1.786255 5.942705 -16.234001
v -1.786187 5.877840 -16.298866
v -1.786221 5.789229 -16.322609
v -1.786357 5.700655 -16.298866
v -1.786527 5.635789 -16.234035
v -1.786732 5.612044 -16.145424
v -1.786902 5.635789 -16.056816
v -1.786970 5.700655 -15.991950
v -1.786936 5.789229 -15.968205
v -1.786834 5.877840 -15.991950
v -1.786630 5.942705 -16.056816
v -1.704050 6.095973 -16.144981
v -1.703743 6.054855 -16.298458
v -1.703641 5.942534 -16.410812
v -1.703675 5.789060 -16.451931
v -1.703913 5.635586 -16.410812
v -1.704220 5.523264 -16.298458
v -1.704595 5.482146 -16.144981
v -1.704867 5.523264 -15.991542
v -1.705004 5.635586 -15.879188
v -1.704936 5.789060 -15.838067
v -1.704731 5.942534 -15.879188
v -1.704390 6.054855 -15.991542
v -1.591593 6.143226 -16.144436
v -1.591286 6.095736 -16.321621
v -1.591116 5.966007 -16.451351
v -1.591184 5.788822 -16.498840
v -1.591456 5.611601 -16.451351
v -1.591831 5.481873 -16.321621
v -1.592240 5.434415 -16.144436
v -1.592547 5.481873 -15.967217
v -1.592717 5.611601 -15.837489
v -1.592649 5.788822 -15.790032
v -1.592376 5.966007 -15.837489
v -1.592002 6.095736 -15.967217
v 2.109166 5.789298 -16.143280
v 2.078879 5.966450 -16.143414
v 2.078709 5.942705 -16.054840
v 2.078641 5.877840 -15.989974
v 2.078675 5.789229 -15.966229
v 2.078811 5.700655 -15.989974
v 2.078982 5.635789 -16.054840
v 2.079186 5.612044 -16.143414
v 2.079356 5.635789 -16.232025
v 2.079425 5.700655 -16.296890
v 2.079391 5.789229 -16.320633
v 2.079288 5.877840 -16.296890
v 2.079084 5.942705 -16.232025
v 1.996504 6.095973 -16.143856
v 1.996198 6.054855 -15.990384
v 1.996095 5.942534 -15.878028
v 1.996129 5.789060 -15.836909
v 1.996368 5.635586 -15.878028
v 1.996675 5.523264 -15.990384
v 1.997049 5.482146 -16.143856
v 1.997322 5.523264 -16.297298
v 1.997458 5.635586 -16.409653
v 1.997390 5.789060 -16.450771
v 1.997185 5.942534 -16.409653
v 1.996845 6.054855 -16.297298
v 1.884047 6.143226 -16.144436
v 1.883741 6.095736 -15.967217
v 1.883570 5.966007 -15.837487
v 1.883638 5.788822 -15.790032
v 1.883911 5.611601 -15.837487
v 1.884286 5.481873 -15.967217
v 1.884695 5.434415 -16.144436
v 1.885001 5.481873 -16.321621
v 1.885172 5.611601 -16.451351
v 1.885103 5.788822 -16.498840
v 1.884831 5.966007 -16.451351
v 1.884456 6.095736 -16.321621
v 2.250002 9.333380 -21.982834
v 2.231707 9.516186 -21.983002
v 2.231605 9.491691 -21.891563
v 2.231537 9.424747 -21.824657
v 2.231571 9.333311 -21.800163
v 2.231639 9.241909 -21.824657
v 2.231775 9.174965 -21.891563
v 2.231878 9.150471 -21.983002
v 2.231980 9.174965 -22.074440
v 2.232014 9.241909 -22.141350
v 2.232014 9.333311 -22.165844
v 2.231946 9.424747 -22.141350
v 2.231810 9.491691 -22.074440
v 2.181867 9.649833 -21.983444
v 2.181696 9.607418 -21.825100
v 2.181628 9.491487 -21.709167
v 2.181662 9.333141 -21.666718
v 2.181798 9.174795 -21.709167
v 2.182003 9.058864 -21.825066
v 2.182207 9.016415 -21.983444
v 2.182377 9.058864 -22.141792
v 2.182446 9.174795 -22.257725
v 2.182412 9.333141 -22.300137
v 2.182275 9.491487 -22.257725
v 2.182071 9.607418 -22.141792
v 2.113867 9.698585 -21.984024
v 2.113697 9.649593 -21.801182
v 2.113595 9.515743 -21.667332
v 2.113629 9.332868 -21.618309
v 2.113799 9.150026 -21.667332
v 2.114004 9.016176 -21.801182
v 2.114276 8.967188 -21.984024
v 2.114447 9.016176 -22.166866
v 2.114549 9.150026 -22.300751
v 2.114515 9.332868 -22.349739
v 2.114345 9.515743 -22.300751
v 2.114106 9.649593 -22.166901
v -1.695978 4.973283 15.473454
v -1.695978 4.973283 13.693870
v -1.699555 4.929883 13.734579
v -1.699556 4.929883 15.523432
v 1.992005 4.929883 13.734579
v 1.988428 4.973283 13.693870
v 1.988427 4.973283 15.473454
v 1.992005 4.929883 15.523432
v 0.551015 4.929847 13.733318
v 0.543861 4.932334 15.625738
v -0.251412 4.932334 15.625738
v -0.258566 4.929847 13.733318
v -0.274677 4.953281 -14.633439
v -0.272361 5.695885 -14.614667
v 0.564849 5.695885 -14.614667
v 0.567132 4.953281 -14.633439
v -0.053888 8.464799 12.179564
v -0.087990 7.990614 12.695245
v 0.400607 7.990614 12.695245
v 0.366540 8.464799 12.179564
v -1.044130 7.335221 12.872397
v -1.044130 7.335221 11.638470
v -1.274120 6.751609 11.990285
v -1.274120 6.751609 13.496036
v -0.175847 6.742406 -14.596714
v -0.123520 7.334092 -14.596714
v 0.415974 7.334092 -14.596714
v 0.468302 6.742406 -14.596714
v 0.539977 6.417474 14.366290
v 0.446258 6.751065 13.963511
v -0.133606 6.751065 13.963511
v -0.247392 6.417474 14.366290
v -1.681670 6.418055 12.411259
v -1.681636 6.418055 13.898816
v -0.270862 6.408544 -14.596714
v 0.563316 6.408544 -14.596714
v -0.249129 5.690236 14.981997
v -0.250662 4.975635 15.586969
v 0.543112 4.975635 15.586969
v 0.541579 5.690236 14.981997
v -0.086661 7.334676 13.339801
v 0.399279 7.334676 13.339801
v -0.884182 8.385490 11.711272
v -0.884182 8.385490 10.629457
v -1.050773 7.991089 11.154132
v -1.050773 7.991089 12.227975
v -0.086761 8.451575 -14.596714
v -0.009870 8.899463 -14.596714
v 0.302359 8.899463 -14.596714
v 0.379215 8.451575 -14.596714
v -1.688892 5.689315 14.693070
v -1.562297 5.690236 14.981997
v -1.555007 6.417474 14.366290
v 1.861356 4.975635 15.586969
v 1.864660 4.932334 15.625738
v 1.961344 6.418055 13.898816
v 1.566569 6.751609 13.496036
v 1.409279 6.751065 13.963511
v 1.834817 6.417474 14.366290
v 1.336579 7.335221 12.872363
v 1.206305 7.334676 13.339801
v 1.343222 7.991089 12.227975
v 1.176632 8.385490 11.711272
v 1.064754 8.384025 12.179564
v 1.212062 7.990614 12.695245
v 0.015099 8.816854 11.591149
v 0.297553 8.816854 11.591149
v 0.306513 8.922906 11.092299
v -0.014063 8.922906 11.092299
v -0.752137 8.384025 12.179564
v -0.453977 8.658439 11.591149
v -0.546505 8.764491 11.092299
v -0.893687 7.334676 13.339801
v -0.899411 7.990614 12.695245
v -1.096628 6.751065 13.963511
v -1.572211 4.932334 15.625738
v 1.148969 4.932334 15.625738
v 1.166957 4.929847 13.733318
v 0.417405 8.006278 -14.596714
v -0.124951 8.089438 -14.596714
v -0.014062 8.930261 -3.091968
v -0.014062 9.136233 -2.802359
v 0.306514 9.136233 -2.802359
v 0.306514 8.930261 -3.091968
v 1.566570 6.751606 -3.088558
v 1.336581 7.335218 -3.088558
v 1.336581 7.335218 -2.802187
v 1.566570 6.751606 -2.802154
v 1.961345 5.866055 -3.081266
v 1.961345 5.866055 -2.794895
v 0.838956 8.771846 -3.091968
v 0.838956 8.977820 -2.802359
v 1.176633 8.598817 -2.802291
v 1.176633 8.392844 -3.091899
v 1.343224 7.998445 -3.091829
v 1.343224 8.204417 -2.802221
v -0.884180 8.385487 -14.554165
v -0.860639 8.370803 -14.596682
v -1.025731 8.089438 -14.596714
v -1.050770 8.095059 -14.550247
v -0.014061 8.922900 -14.557980
v 0.306515 8.922900 -14.557980
v 0.820867 8.741048 -14.596680
v 0.838957 8.764453 -14.557945
v 1.176634 8.385487 -14.554165
v 1.153094 8.370768 -14.596680
v -0.258563 4.929877 -14.347034
v 0.551018 4.929877 -14.347034
v -1.274117 6.751604 -14.546534
v -1.245603 6.742406 -14.596714
v -1.656185 6.408544 -14.596714
v -1.681633 6.418049 -14.543705
v -1.044127 7.335216 -14.547863
v -1.019531 7.334092 -14.596714
v -1.688892 5.689315 13.058201
v 1.301900 5.690164 -2.795610
v 1.259179 5.640050 -2.795883
v 1.259179 5.640050 -3.082289
v 1.301900 5.690164 -3.081985
v -1.568907 4.975635 15.586969
v 1.975005 5.689315 14.693070
v 1.848410 5.690236 14.981997
v -1.699555 4.929882 5.596213
v -1.695978 4.973282 5.595737
v -1.695978 4.973282 5.240481
v -1.699555 4.929882 5.240516
v 1.988428 4.973282 5.595737
v 1.992005 4.929882 5.596213
v 1.992005 4.929882 5.240516
v 1.988428 4.973282 5.240481
v -0.258565 4.929846 5.596488
v -0.258565 4.929846 5.240582
v 0.551016 4.929846 5.240582
v 0.551016 4.929846 5.596488
v -1.044129 7.333005 5.572368
v -1.044129 7.337162 5.239390
v -1.274119 6.753585 5.239491
v -1.274119 6.749430 5.574853
v -1.681635 6.418054 5.239902
v -1.681635 6.418054 5.580031
v -0.546504 8.768646 5.237926
v -0.884182 8.389578 5.238235
v -0.884182 8.524178 5.562147
v -0.546504 8.903179 5.555161
v -1.050772 7.995109 5.238573
v -1.050772 8.129778 5.569437
v -0.014062 9.061594 5.555161
v -0.014062 8.927130 5.864360
v 0.306513 8.927130 5.864360
v 0.306513 9.061594 5.555161
v 1.566570 6.753857 5.866064
v 1.566570 6.749430 5.574853
v 1.336580 7.333005 5.572368
v 1.336580 7.337434 5.865790
v 1.961345 6.418054 5.580031
v 1.961345 6.418054 5.866405
v 0.838955 8.768715 5.864360
v 1.176633 8.389782 5.865177
v 1.176633 8.524178 5.562147
v 0.838955 8.903145 5.555161
v 1.992005 4.929882 5.868209
v 1.166957 4.929846 5.868244
v 1.166957 4.929846 5.596488
v 1.343223 7.995483 5.866030
v 1.343223 8.129778 5.569437
v -1.688892 5.689314 5.587935
v -1.688892 5.689314 5.240211
v 1.975006 5.689314 5.587935
v 1.975006 5.689314 5.867290
v -0.014062 8.927061 5.237926
v 0.306513 8.927061 5.237926
v 1.566570 6.753585 5.239491
v 1.336580 7.337162 5.239390
v 1.961345 6.418054 5.239902
v 0.838955 8.768646 5.237926
v 1.176633 8.389578 5.238267
v 1.166957 4.929846 5.240582
v 1.343223 7.995109 5.238573
v 1.975006 5.689314 5.240211
v -1.699554 4.929879 -2.516190
v -1.695977 4.973280 -2.516155
v -1.695977 4.973280 -2.802562
v -1.699554 4.929879 -2.802562
v -0.258565 4.929844 -2.514759
v -0.258565 4.929844 -2.801096
v 0.551017 4.929844 -2.801096
v 0.551017 4.929844 -2.514759
v -1.274118 6.751606 -2.515781
v -1.044128 7.335218 -2.515816
v -1.044128 7.335218 -2.802188
v -1.274118 6.751606 -2.802155
v -1.681634 6.168677 -2.515713
v -1.681634 6.168677 -2.802119
v -0.546504 8.771846 -2.512785
v -0.546503 8.977820 -2.802359
v -0.884181 8.598817 -2.802291
v -0.884181 8.392844 -2.512716
v -1.050772 7.998445 -2.512649
v -1.050772 8.204417 -2.802222
v -1.688891 5.689312 -2.515951
v -1.688891 5.689312 -2.802322
v -1.699555 4.929882 5.868209
v -1.695978 4.973282 5.868176
v 1.988428 4.973282 5.868176
v -0.258565 4.929846 5.868244
v 0.551016 4.929846 5.868244
v -1.274119 6.753857 5.866064
v -1.044129 7.337434 5.865790
v -1.681635 6.418054 5.866405
v -0.546504 8.768715 5.864360
v -0.884182 8.389782 5.865177
v -1.050772 7.995483 5.866030
v -1.688892 5.689314 5.867290
v -1.699555 4.929882 4.086919
v -1.695977 4.973281 4.086919
v 1.992040 4.932743 4.053092
v 1.988428 4.973281 4.064263
v 0.551016 4.929845 4.087226
v -0.258565 4.929845 4.087226
v -1.274119 6.751607 2.964461
v -1.044129 7.335219 2.964394
v -1.681635 6.168679 2.964664
v -0.546504 8.764490 2.963745
v -0.884182 8.385489 2.963984
v -1.050772 7.991087 2.964221
v -1.688891 5.689313 3.599343
v -0.014063 8.922906 6.904579
v 0.306513 8.922906 6.904579
v 1.336580 7.335220 7.270397
v 1.566570 6.751608 7.355292
v 1.961345 6.418054 7.457052
v 0.838955 8.764491 6.904579
v 1.176632 8.385490 7.026541
v 1.992005 4.929882 7.776947
v 1.166957 4.929846 7.776639
v 1.343223 7.991088 7.153441
v 1.975006 5.689314 7.613421
v -0.014062 8.930261 -2.512785
v 0.306514 8.930261 -2.512785
v 0.306515 8.930532 -10.898342
v 0.306515 9.116847 -11.149317
v -0.014061 9.116847 -11.149317
v -0.014061 8.930532 -10.898342
v 1.336581 7.335218 -2.515815
v 1.566570 6.751606 -2.515780
v 0.620754 7.285921 -10.895683
v 0.850744 6.702342 -10.894764
v 0.850744 6.702342 -11.141993
v 0.620754 7.285921 -11.142946
v 1.961345 5.866055 -2.508492
v 1.245519 6.368754 -10.892822
v 1.245519 6.368754 -11.140017
v 0.838956 8.771846 -2.512785
v 1.176633 8.392844 -2.512716
v 1.343224 7.792471 -11.143831
v 1.176634 8.579431 -11.146626
v 1.176634 8.393115 -10.895752
v 1.343224 7.800068 -10.893026
v 1.343224 7.998445 -2.512648
v 0.679009 7.623565 -10.911764
v 0.679043 7.616512 -11.144547
v 1.301900 5.690164 -2.509238
v 1.259179 5.640050 -2.509512
v 1.272602 4.923984 -10.911660
v 1.272602 4.923984 -11.159434
v 1.259180 5.640048 -11.149793
v 1.259180 5.640048 -10.902326
v -1.699553 4.929878 -10.911456
v -1.695976 4.973278 -10.910876
v -1.695976 4.973278 -11.158650
v -1.699553 4.929878 -11.159265
v -1.695977 4.973280 -3.088968
v -1.699554 4.929879 -3.088968
v -0.258564 4.929842 -10.851804
v -0.258564 4.929842 -11.097669
v 0.551018 4.929842 -11.097669
v 0.551018 4.929842 -10.851804
v -0.258565 4.929844 -3.087435
v 0.551017 4.929844 -3.087435
v -1.274118 6.751605 -10.893980
v -1.044128 7.335216 -10.894901
v -1.044128 7.335216 -11.142162
v -1.274118 6.751605 -11.141209
v -1.044128 7.335218 -3.088559
v -1.274118 6.751606 -3.088559
v -1.681634 6.418050 -10.892038
v -1.681634 6.418050 -11.139233
v -1.681634 6.168677 -3.088490
v -0.546503 8.772118 -10.898342
v -0.546503 8.958434 -11.149317
v -0.884180 8.579431 -11.146626
v -0.884180 8.393115 -10.895718
v -0.546503 8.771846 -3.091968
v -0.884181 8.392844 -3.091899
v -1.050771 8.095092 -11.143831
v -1.050771 8.102691 -10.893026
v -1.050772 7.998445 -3.091830
v -1.688890 5.689311 -11.149009
v -1.688890 5.689311 -10.901542
v -1.688891 5.689312 -3.088729
v -0.014062 8.922902 -1.438771
v 0.306514 8.922902 -1.438771
v 0.306514 8.922902 -3.662224
v -0.014062 8.922902 -3.662224
v 1.566570 6.751606 -1.438497
v 1.336580 7.335218 -1.438532
v 1.336581 7.335217 -3.493145
v 1.566571 6.751606 -3.493078
v 1.961345 5.866055 -1.461048
v 1.961345 5.863567 -3.345734
v 0.838956 8.764455 -1.438771
v 1.176633 8.385489 -1.438668
v 1.343224 8.017455 -3.660008
v 1.176633 8.385489 -3.662054
v 1.343224 7.991086 -1.438600
v 1.301900 5.690164 -1.461764
v 1.259179 5.640050 -1.461968
v 1.259179 5.640049 -3.347164
v 1.272602 4.923985 -3.082527
v 1.272602 4.923985 -3.347812
v -1.699554 4.929879 -3.354285
v -1.695977 4.973279 -3.354251
v -1.699554 4.929879 -1.438735
v -1.695977 4.973280 -1.438701
v -0.258564 4.929843 -3.350196
v 0.551017 4.929843 -3.350196
v 0.551017 4.929844 -1.437473
v -0.258565 4.929844 -1.437473
v -1.274118 6.751606 -3.494917
v -1.044128 7.335217 -3.494987
v -1.274118 6.751606 -1.438497
v -1.044129 7.335218 -1.438533
v -1.681634 6.168676 -3.352957
v -1.681635 6.168677 -1.438429
v -0.546503 8.764487 -3.662224
v -0.884181 8.385489 -3.662054
v -1.050772 7.991086 -1.438601
v -0.884181 8.385489 -1.438668
v -1.050771 8.017455 -3.661849
v -1.688891 5.689312 -3.353605
v -1.688891 5.689312 -1.438564
v 0.306515 8.922900 -14.344069
v -0.014061 8.922900 -14.344069
v 0.306515 8.930532 -11.400293
v -0.014061 8.930532 -11.400293
v 0.850744 6.702342 -11.389221
v 0.620754 7.285921 -11.390209
v 1.245519 6.368754 -11.387177
v 1.343225 7.800068 -11.394670
v 1.176634 8.393115 -11.397533
v 0.678975 7.623326 -11.369427
v 1.272602 4.923984 -11.407207
v 1.259180 5.640048 -11.397294
v -1.695976 4.973278 -11.406425
v -1.699553 4.929878 -11.407071
v -0.258564 4.929842 -11.343570
v 0.551018 4.929842 -11.343570
v -1.044128 7.335216 -11.389425
v -1.274117 6.751605 -11.388437
v -1.681634 6.418050 -11.386393
v -0.546503 8.772118 -11.400293
v -0.884180 8.393115 -11.397533
v -1.050771 8.102691 -11.394672
v -1.050770 8.095059 -14.254335
v -1.044127 7.335216 -14.252020
v -1.688890 5.689311 -11.396510
v 0.306515 8.922900 -14.261864
v -0.014061 8.922900 -14.261866
v -0.014061 8.922901 -9.659815
v 0.306515 8.922901 -9.659815
v 0.768778 7.329526 -14.296307
v 0.902493 6.738626 -14.296238
v 0.850744 6.702342 -9.646732
v 0.620754 7.285921 -9.647516
v 1.138445 6.404798 -14.296068
v 1.245518 6.368754 -9.645098
v 1.176634 8.385487 -14.258152
v 1.343225 7.792437 -14.254335
v 0.838956 8.764454 -9.659815
v 1.176634 8.385489 -9.657635
v 0.838956 8.772118 -10.898342
v 0.813474 7.767840 -14.290482
v 0.679043 7.616512 -9.648846
v 1.145394 5.690639 -14.313272
v 1.153979 4.950522 -14.331191
v 1.259180 5.640048 -9.653136
v -1.695976 4.973278 -14.274707
v -1.699553 4.929877 -14.275559
v -1.699553 4.929878 -9.667991
v -1.695976 4.973278 -9.667480
v -0.258563 4.929877 -14.263227
v 0.551018 4.929877 -14.263227
v 0.551017 4.929842 -9.617469
v -0.258564 4.929842 -9.617469
v -1.274117 6.751604 -14.250691
v -1.274118 6.751605 -9.653172
v -1.044128 7.335216 -9.653956
v -1.681633 6.418049 -14.247965
v -1.681634 6.418050 -9.651537
v -0.884180 8.385487 -14.258152
v -0.546503 8.764485 -14.261866
v -0.884181 8.385489 -9.657635
v -1.050771 8.095060 -9.655354
v -1.688890 5.689310 -14.261455
v -1.688890 5.689311 -9.659575
v -1.695978 4.973282 7.767100
v -1.699555 4.929882 7.776947
v 1.988428 4.973282 7.767100
v -0.258565 4.929846 7.776639
v 0.551016 4.929846 7.776639
v -1.044129 7.335220 7.270397
v -1.274119 6.751608 7.355292
v -1.681635 6.418054 7.457052
v -0.884182 8.385490 7.026541
v -0.546504 8.764491 6.904579
v -1.050772 7.991088 7.153441
v -1.688892 5.689314 7.613421
v 1.336579 7.335221 11.638470
v 1.566569 6.751609 11.990285
v 1.961344 6.418055 12.411259
v 0.838955 8.764491 10.125257
v 1.176632 8.385490 10.629457
v 1.343223 7.991089 11.154132
v 1.975005 5.689315 13.058201
v -0.546505 8.764491 10.125257
v -0.014063 8.922906 10.125257
v 0.306513 8.922906 10.125257
v 0.838955 8.764491 11.092299
v -0.014062 8.922905 2.963745
v 0.306513 8.922905 2.963745
v 1.566570 6.751607 2.964497
v 1.336580 7.335219 2.964395
v 1.976948 5.874574 2.939969
v 1.176633 8.385489 2.963984
v 0.838955 8.764456 2.963745
v 1.343223 7.991087 2.964222
v 1.975006 5.689313 3.576692
v 1.336580 7.335219 2.516371
v 1.566570 6.751607 2.516474
v 1.961345 5.866056 2.493989
v 0.838955 8.764456 2.515758
v 1.176633 8.385489 2.515995
v 1.343223 7.991087 2.516234
v 1.301899 5.690166 2.454777
v 1.261291 5.553486 2.972332
v -1.699555 4.929882 3.524668
v -1.695977 4.973281 3.524632
v 0.551016 4.929845 3.525043
v -0.258565 4.929845 3.525043
v -1.274119 6.751607 2.516438
v -1.044129 7.335219 2.516371
v -1.681635 6.168679 2.516644
v -1.050772 7.991087 2.516233
v -0.884182 8.385489 2.515995
v -1.688891 5.689313 3.086697
v 1.566571 6.749120 -4.845253
v 1.336581 7.332732 -4.845424
v 1.961345 5.863567 -4.285760
v 1.176634 8.385489 -5.510933
v 0.838956 8.764455 -5.511444
v 0.838956 8.764455 -3.662224
v 1.343224 7.789951 -5.503200
v -1.695977 4.973279 -4.296628
v -1.699554 4.929879 -4.296763
v -1.044128 7.335217 -4.852645
v -1.274118 6.751606 -4.852475
v -1.681634 6.168676 -4.292984
v -1.050771 8.095061 -5.510423
v -0.884181 8.385489 -5.510933
v -0.258564 4.929843 -4.285148
v -1.688891 5.689312 -4.294823
v 0.620413 7.242860 -5.777647
v 0.879122 6.671037 -5.777374
v 1.189307 5.799860 -5.188721
v 0.838956 8.764455 -6.221275
v 1.176634 8.385489 -6.220491
v 0.679043 7.616512 -6.262089
v 1.259179 5.640049 -5.195807
v -1.699554 4.929879 -5.205244
v -1.695977 4.973279 -5.205073
v 0.551017 4.929843 -5.187290
v 0.551017 4.929843 -4.285148
v -0.258564 4.929843 -5.187290
v -1.274118 6.751606 -5.668258
v -1.044128 7.335217 -5.668563
v -1.681634 6.209183 -5.199419
v -1.050771 8.095061 -6.219675
v -0.884181 8.385489 -6.220491
v -1.688891 5.689312 -5.202247
v 1.133573 5.695885 -14.614667
v 1.141613 4.953281 -14.633439
v -1.672742 4.967078 -14.633439
v -1.662794 5.695885 -14.614667
v 0.686400 8.427802 12.179564
v 0.772352 7.990614 12.695245
v 0.784176 7.334092 -14.596714
v 0.907875 6.742406 -14.596714
v 0.887432 6.751065 13.963511
v 1.133162 6.417474 14.366290
v 1.127305 6.408544 -14.596714
v 1.147027 4.975635 15.586969
v 1.140282 5.690236 14.981997
v 0.769014 7.334676 13.339801
v 0.539912 8.826897 -14.596714
v 0.733756 8.414544 -14.596680
v 0.550436 8.850307 11.092299
v 0.512451 8.744287 11.591149
v 0.550438 9.063670 -2.802359
v 0.550438 8.857697 -3.091968
v 0.550439 8.850303 -14.557980
v -0.528413 8.741048 -14.596714
v -0.546502 8.764485 -14.557945
v 1.150539 4.951270 -14.415099
v 0.550437 8.988995 5.555161
v 0.550437 8.854565 5.864360
v 0.550437 8.854462 5.237926
v 1.272602 4.923985 -2.796121
v 1.272602 4.923985 -2.509716
v 0.550437 8.850307 6.904579
v 0.550438 8.857697 -2.512785
v 0.550438 9.044284 -11.149317
v 0.550438 8.857966 -10.898342
v 0.550438 8.850305 -1.438771
v -0.546504 8.764487 -1.438771
v 0.550438 8.850305 -3.662224
v 1.272601 4.923985 -1.462138
v -0.546503 8.764485 -14.344069
v 0.550438 8.857966 -11.400293
v 0.550439 8.850303 -14.261864
v 0.550438 8.850304 -9.659815
v -0.546503 8.764486 -9.659815
v 1.272602 4.923984 -9.661040
v 0.550437 8.850307 10.125257
v 0.550437 8.850306 2.963745
v 0.306514 8.922905 2.515758
v 0.550437 8.850306 2.515758
v -0.014062 8.922905 2.515758
v -0.546504 8.764490 2.515758
v 1.300060 4.962175 3.377326
v -0.014061 8.922902 -5.511444
v -0.546503 8.764487 -5.511444
v 1.272602 4.923985 -4.290189
v 0.306514 8.922902 -6.221310
v 0.306514 8.922902 -5.511444
v 0.550438 8.850305 -5.511444
v 0.550438 8.850305 -6.221275
v -0.014061 8.922902 -6.221310
v -0.546503 8.764487 -6.221275
v 1.272602 4.923985 -5.198600
v -1.688890 5.689310 -14.557570
v 1.311064 5.690402 -3.363312
v 1.135345 6.405819 -14.379534
v 1.142124 5.692104 -14.396941
v -1.695976 4.973278 -14.571162
v -1.695976 4.973278 -14.357015
v -1.688890 5.689310 -14.343661
v 1.314129 5.554408 3.482186
v 1.353682 4.927020 3.935761
v 1.259179 5.640049 -4.288383
v 0.766629 8.658439 11.591149
v 1.343225 7.792437 -14.550247
v 1.285446 7.774858 -14.550314
v 0.838957 8.958434 -11.149317
v 0.838957 8.764453 -14.344069
v 1.176634 8.385487 -14.340357
v 0.838957 8.772118 -11.400293
v -1.050770 8.095059 -14.336474
v -0.884180 8.385487 -14.340357
v 0.838957 8.764453 -14.261864
v 1.343224 7.789951 -9.648130
v 1.343224 7.789951 -6.212452
v 0.827476 7.783579 -14.592968
v 1.285446 7.774858 -14.336371
v 1.343225 7.792437 -14.336474
v 1.285446 7.774892 -11.143900
v 1.285446 7.782422 -11.392456
v 1.285446 7.782455 -10.894661
v 1.285446 7.774858 -9.648165
v 1.285445 7.774859 -6.216778
v 1.278870 7.324587 -4.856597
v 1.285445 7.774859 -5.508344
v 1.511620 6.742136 -4.856426
v 1.907110 5.848577 -4.291585
v 1.904759 5.848509 -3.347266
v 1.903976 5.848476 -2.794930
v 1.903976 5.848476 -3.081336
v 1.903976 5.848476 -2.508558
v 1.903975 5.848476 -1.461118
v 1.903975 5.848477 2.490582
v 1.903975 5.848477 2.939728
v 1.917500 5.677560 3.568480
v 1.285446 7.774858 -14.254166
v 0.679043 7.616512 -5.562306
v 0.673115 7.239453 -4.973927
v 0.934890 6.668890 -4.973755
v 1.338046 5.691082 -4.352839
v 1.301899 5.690166 2.898474
v -1.699553 4.929877 -14.357867
v 0.903992 6.739681 -14.379637
v 0.773036 7.330787 -14.379704
v 0.817358 7.772200 -14.374493
v -1.044127 7.335216 -14.334156
v -1.274117 6.751604 -14.332829
v -1.681633 6.418049 -14.330069
v 0.550439 8.850303 -14.344069
v 1.306054 -12.110332 15.542342
v 0.557692 -11.893969 15.851710
v 0.638126 -12.374526 15.647542
v 0.591795 -11.819703 10.551343
v -0.329835 -11.819703 10.551343
v -0.329835 -11.076077 10.238023
v 0.591795 -11.076077 10.238023
v 1.096063 -2.323612 5.697736
v -0.804225 -2.323612 5.697736
v -1.070531 -1.639706 5.680703
v 1.362403 -1.639706 5.680703
v 0.591794 -4.007605 13.028393
v -0.329835 -4.007605 13.028393
v -0.329835 -9.615497 15.305707
v 0.591794 -9.615497 15.305707
v -1.505507 -10.735572 14.195310
v -1.103510 -10.414351 15.214032
v -1.103510 -9.717462 14.936961
v -1.499920 -9.988982 13.894664
v -1.291596 -4.638774 9.206866
v -0.979162 -4.702721 7.958939
v -1.103509 -10.974078 10.606735
v -1.485883 -10.657012 11.487689
v 1.395959 -11.714196 10.919240
v 1.395959 -10.974078 10.606735
v 1.778333 -10.709306 11.506599
v 1.789678 -11.503522 11.816236
v 1.395959 -4.079862 12.652560
v 1.395959 -9.717462 14.936961
v 1.791483 -10.036847 13.913402
v 1.742971 -4.182098 11.552691
v -0.329835 -10.308840 15.581895
v -0.282583 -4.774978 7.583105
v -1.450521 -4.182098 11.552691
v -1.103509 -4.079862 12.652560
v -1.103509 -3.191891 12.367619
v -1.450521 -3.209538 11.219611
v -0.329835 -3.185998 12.750299
v 0.591794 -3.185998 12.750299
v 1.395959 -3.191891 12.367619
v 1.742971 -3.209538 11.219611
v 1.271238 -4.702721 7.958939
v 1.271238 -3.413332 7.667831
v 1.583671 -3.246774 8.748283
v 1.583671 -4.638774 9.206866
v 0.547200 -4.774978 7.583105
v 0.547200 -3.688189 7.202636
v -0.282583 -3.688189 7.202636
v -0.979162 -3.413332 7.667831
v -1.291596 -3.246774 8.748283
v 1.271238 -2.691951 6.920251
v 1.583672 -2.024908 7.318433
v 0.547200 -3.103964 6.680619
v -0.282583 -3.103964 6.680619
v -0.979162 -2.691951 6.920251
v -1.291596 -2.024908 7.318433
v 1.271238 -2.541577 6.343623
v 1.583672 -1.736493 6.337525
v 0.547200 -3.075074 6.342603
v -0.282583 -3.075074 6.342603
v -0.979162 -2.541577 6.343623
v -0.979162 -2.533946 5.698556
v -1.291596 -1.736493 6.337525
v -1.291596 -1.717722 5.680873
v -1.070531 -1.136562 5.680839
v 1.362403 -1.136562 5.680839
v -1.450521 -1.779178 11.447522
v -1.417748 -1.751413 10.652898
v -1.417748 -3.217238 10.347139
v -1.103509 -1.773251 12.448427
v -0.329835 -1.771274 12.831109
v 0.591794 -1.771274 12.831109
v 1.395959 -1.773251 12.448427
v 1.742971 -1.779178 11.447522
v 1.608847 -1.665767 9.444213
v 1.608847 -3.240881 9.500289
v 1.583671 -1.644509 8.556413
v 1.583672 -1.275149 7.318433
v -1.291596 -1.644509 8.556413
v -1.291596 -1.275149 7.318433
v 1.583672 -1.717722 5.680873
v 1.583672 -1.140038 5.680873
v 1.583672 -1.146340 6.337525
v -1.291596 -1.146340 6.337525
v 1.271238 -2.533946 5.698556
v 0.547201 -3.074256 5.704450
v 0.473342 -2.782672 5.703324
v -0.205795 -2.782672 5.703324
v -0.282583 -3.074256 5.704450
v -1.291596 -1.140038 5.680873
v 1.362403 -0.120737 5.680873
v -1.070531 -0.120737 5.680873
v -1.291596 0.088200 5.680873
v 1.583672 0.088200 5.680873
v 1.583672 -0.630830 5.680873
v 1.362403 -0.705745 5.680873
v 1.362403 -0.946160 5.680873
v 1.583672 -0.921903 5.680873
v 1.583672 -1.000121 7.318433
v 1.583672 -0.924118 6.337525
v -1.291596 -0.924118 6.337525
v -1.291596 -0.921903 5.680873
v 1.741438 0.080297 7.318433
v 1.729549 -0.685065 7.318433
v 1.729004 -0.625549 6.337525
v 1.741473 0.087961 6.337525
v -1.291596 -0.630830 5.680873
v -1.436928 -0.625549 6.337525
v -1.449397 0.087961 6.337525
v -1.103509 -11.714196 10.919240
v -1.197876 -12.390335 10.803205
v -1.570541 -12.235328 12.049531
v -1.498863 -11.498379 11.814363
v -0.367309 -12.430501 10.428428
v 0.622489 -12.430501 10.428428
v 1.486476 -12.390335 10.803205
v 1.859175 -12.235328 12.049531
v 1.796287 -10.740308 14.197150
v 1.395959 -10.414351 15.214032
v 1.486476 -11.047391 15.372378
v 1.859175 -11.437398 14.441449
v 0.622455 -10.941883 15.740241
v 0.591794 -10.308840 15.581895
v -0.367310 -10.941883 15.740241
v -1.197877 -11.047391 15.372378
v -1.570542 -11.437398 14.441449
v -1.758288 -12.215978 13.851092
v -1.413729 -12.750873 14.085305
v -1.413729 -12.363012 14.942309
v -1.758288 -11.851931 14.732490
v -1.758288 -12.770392 11.912957
v -1.345729 -13.082349 10.684445
v -1.007234 -13.518073 11.073089
v -1.413728 -13.373559 12.041865
v -0.426689 -13.055676 10.302649
v -0.334843 -13.491399 10.691325
v 0.669026 -13.055676 10.302649
v 0.557693 -13.491399 10.691325
v 1.625949 -13.082349 10.684445
v 1.272566 -13.518073 11.073089
v 2.038507 -12.770392 11.912957
v 1.679026 -13.373559 12.041865
v 1.679026 -13.205060 12.761714
v 2.038507 -12.543946 12.649598
v 1.625949 -11.695322 15.534438
v 1.679026 -12.363012 14.942309
v 2.038507 -11.851931 14.732490
v 0.669025 -11.589814 15.902333
v -0.426690 -11.589814 15.902333
v -0.334843 -11.893969 15.851710
v -1.345730 -11.695322 15.534438
v -1.040757 -12.110332 15.542342
v 0.630529 -13.748881 11.153556
v 0.899935 -13.665381 12.151975
v 0.893667 -13.496850 12.871821
v -0.250901 -12.374526 15.647542
v -0.010759 -13.042661 14.195447
v -0.019310 -12.654800 15.052415
v -0.258838 -13.748881 11.153556
v 0.022253 -13.665381 12.151975
v 0.015678 -13.496850 12.871821
v 0.860110 -12.654800 15.052415
v -1.758288 -12.543946 12.649598
v -1.570541 -12.077902 12.558330
v 2.038507 -12.215978 13.851092
v 1.859175 -11.718625 13.726031
v -1.070531 -0.946160 5.680873
v -1.450521 -1.323388 11.515113
v -1.417748 -1.274706 10.615865
v -1.103509 -1.428419 12.578157
v -0.329835 -1.427703 12.960803
v 0.591794 -1.427703 12.960803
v 1.395959 -1.428419 12.578157
v 1.742971 -1.434006 11.515113
v 1.583671 -1.087334 8.556413
v 1.608847 -1.142115 9.466868
v -1.291596 -1.087334 8.556413
v -1.291596 -1.000121 7.318433
v -1.070531 -0.705779 5.680873
v -1.613841 -0.926126 11.575004
v -1.577559 -0.891718 10.663425
v -1.103509 -0.874310 12.716300
v -0.329835 -0.869029 13.098949
v 0.591794 -0.869029 13.098949
v 1.395959 -0.874310 12.716300
v 1.906291 -0.926126 11.575004
v 1.729992 -0.759332 8.556413
v 1.757859 -0.785700 9.486968
v -1.437916 -0.759332 8.556413
v -1.437473 -0.685065 7.318433
v -1.625765 0.066363 11.691890
v -1.589381 0.066261 10.800647
v -1.103509 0.066568 12.839931
v -0.329835 0.066636 13.222612
v 0.591794 0.066636 13.222612
v 1.395959 0.066568 12.839931
v 1.918215 0.066363 11.691890
v 1.741438 0.065920 8.556413
v 1.769408 0.065989 9.526179
v -1.449397 0.065920 8.556413
v -1.449397 0.080297 7.318433
v -1.316704 -1.665767 9.444213
v -1.316704 -3.240881 9.500289
v 1.710130 -1.751413 10.652898
v 1.710130 -3.217238 10.347139
v -1.413728 -13.205060 12.761714
v 1.679026 -12.750873 14.085305
v 0.868321 -13.042661 14.195447
v -1.570542 -11.718625 13.726031
v 1.859175 -12.077902 12.558330
v -1.316704 -1.124638 9.466868
v 1.710130 -1.362498 10.615865
v -1.465715 -0.785700 9.486968
v 1.869941 -0.891718 10.663425
v -1.477264 0.065989 9.526179
v 1.881762 0.066261 10.800647
v -1.557732 -11.006207 13.474168
v -1.549283 -11.337375 12.275500
v -1.543526 -10.215361 13.194612
v -1.525674 -10.515291 11.961501
v -1.473858 -4.296532 10.871064
v -1.387462 -4.582563 9.905965
v 1.935998 -11.347528 12.279351
v 1.944378 -11.015983 13.477643
v 1.915353 -10.618108 12.000781
v 1.932080 -10.314259 13.229566
v 1.672724 -4.578202 9.882051
v 1.759153 -4.419414 10.808074
vn 0.4677 -0.8249 0.3174
vn 0.5626 -0.8224 0.0842
vn 0.9681 -0.2501 -0.0163
vn 0.9422 -0.3269 0.0741
vn 1.0000 -0.0000 -0.0000
vn 0.9842 -0.1772 0.0019
vn 0.9864 -0.1622 -0.0251
vn 0.5744 -0.8008 -0.1696
vn 0.9574 -0.2820 -0.0617
vn 0.9962 0.0617 0.0613
vn 0.9701 -0.0866 0.2268
vn 0.8416 -0.5115 0.1736
vn 0.8163 -0.5766 -0.0345
vn 0.9942 -0.1079 -0.0040
vn 0.9538 -0.2816 -0.1045
vn 0.5500 -0.8009 -0.2368
vn 0.5052 -0.8620 0.0422
vn 0.9530 -0.1823 0.2419
vn 0.9968 0.0566 -0.0570
vn 0.9737 0.2278 -0.0020
vn 0.9455 -0.2021 -0.2554
vn 0.6574 -0.7477 -0.0937
vn 0.7010 -0.7067 -0.0960
vn 0.7348 -0.6292 -0.2533
vn -0.0000 -0.0000 -1.0000
vn -0.0000 0.9999 -0.0143
vn -0.0000 -0.0000 1.0000
vn -0.0000 0.9999 -0.0137
vn -0.0000 0.9999 -0.0140
vn -0.0000 0.9999 -0.0141
vn -0.0000 -0.9998 -0.0177
vn 0.3918 -0.9185 -0.0532
vn -0.0000 -0.9988 -0.0484
vn -0.0000 -0.9846 -0.1747
vn -0.0000 -0.9277 -0.3734
vn 0.9911 -0.1334 -0.0040
vn 0.7873 -0.6160 -0.0255
vn 0.7714 -0.5844 -0.2519
vn 0.9538 -0.1651 -0.2510
vn 0.9730 0.2307 -0.0003
vn 0.3458 -0.9374 -0.0418
vn -0.0000 -1.0000 -0.0099
vn -0.0000 0.9999 -0.0145
vn 0.9706 0.1877 -0.1509
vn 0.9729 0.2313 -0.0016
vn 0.9742 0.2256 -0.0000
vn 0.9689 0.1697 0.1802
vn -0.0000 -0.9868 -0.1619
vn -0.0000 -0.9887 0.1499
vn -0.0000 -0.9856 -0.1693
vn -0.0000 -0.9332 0.3594
vn -0.0000 -0.9317 -0.3632
vn -0.9681 -0.2501 -0.0163
vn -0.5626 -0.8224 0.0842
vn -0.4677 -0.8249 0.3174
vn -0.9422 -0.3269 0.0741
vn -1.0000 -0.0000 -0.0000
vn -0.9864 -0.1622 -0.0251
vn -0.9842 -0.1772 0.0019
vn -0.9574 -0.2820 -0.0617
vn -0.5744 -0.8008 -0.1696
vn -0.9962 0.0617 0.0613
vn -0.9701 -0.0866 0.2268
vn -0.9942 -0.1079 -0.0040
vn -0.8163 -0.5766 -0.0345
vn -0.8416 -0.5115 0.1736
vn -0.5052 -0.8620 0.0422
vn -0.5500 -0.8009 -0.2368
vn -0.9538 -0.2816 -0.1045
vn -0.9530 -0.1823 0.2419
vn -0.9968 0.0566 -0.0570
vn -0.9737 0.2278 -0.0020
vn -0.7010 -0.7067 -0.0960
vn -0.6574 -0.7477 -0.0937
vn -0.9455 -0.2021 -0.2554
vn -0.7348 -0.6292 -0.2533
vn -0.3918 -0.9185 -0.0532
vn -0.9911 -0.1334 -0.0040
vn -0.9538 -0.1651 -0.2510
vn -0.7714 -0.5844 -0.2519
vn -0.7873 -0.6160 -0.0255
vn -0.9730 0.2307 -0.0006
vn -0.3458 -0.9374 -0.0418
vn -0.9729 0.2313 -0.0016
vn -0.9706 0.1877 -0.1509
vn -0.9689 0.1697 0.1802
vn -0.9742 0.2256 -0.0000
vn -0.0000 1.0000 -0.0049
vn -0.0000 0.0591 -0.9983
vn -0.0000 0.0118 -0.9999
vn -0.0000 1.0000 -0.0000
vn -0.0000 0.0042 1.0000
vn -0.0000 -1.0000 -0.0055
vn -0.0000 -0.9985 0.0553
vn -0.0000 1.0000 0.0055
vn -0.0000 0.9992 -0.0391
vn -0.0000 0.0033 -1.0000
vn -0.0000 -0.1074 -0.9942
vn -0.0000 0.0034 1.0000
vn -0.0000 0.1147 0.9934
vn -0.0000 -0.8909 0.4542
vn -0.0000 0.8960 -0.4440
vn -0.0000 -0.4806 -0.8769
vn -0.0000 0.4850 0.8745
vn -0.0000 -0.4198 0.9076
vn -0.0000 -0.0590 0.9983
vn -0.0000 0.4082 -0.9129
vn -0.0000 -0.8769 -0.4806
vn -0.0000 -0.9939 -0.1105
vn -0.0000 0.8757 0.4828
vn -0.0000 0.9935 0.1141
vn -0.0000 0.0033 1.0000
vn -0.9866 -0.0000 -0.1631
vn 0.9948 -0.0000 0.1020
vn -0.0000 -1.0000 -0.0000
vn 0.0062 -0.9993 -0.0370
vn 0.0055 -0.9996 -0.0274
vn -0.0000 -0.4536 -0.8912
vn 0.0142 -0.7127 -0.7013
vn -0.0000 -0.7032 -0.7110
vn -0.1573 -0.0000 -0.9876
vn 0.1573 -0.0000 0.9876
vn 0.1573 -0.0000 0.9875
vn -0.7029 -0.0000 -0.7113
vn 0.7454 -0.0000 0.6666
vn -0.9935 0.0378 -0.1076
vn -0.9986 0.0530 0.0003
vn 0.9992 -0.0388 -0.0007
vn 0.9992 -0.0394 -0.0003
vn 1.0000 -0.0000 -0.0001
vn -0.0032 -0.0034 -1.0000
vn -0.0000 -0.0054 -1.0000
vn -0.0000 -0.2058 -0.9786
vn 0.9972 -0.0292 0.0682
vn 0.0195 -0.9539 -0.2996
vn 0.0315 -0.9659 -0.2568
vn -0.9986 0.0523 -0.0000
vn 0.9992 -0.0407 -0.0007
vn -0.9986 0.0520 0.0007
vn -0.0000 -0.9988 -0.0494
vn 0.0474 -0.9977 -0.0493
vn -0.0000 -0.9988 -0.0495
vn -0.0000 0.9988 0.0494
vn -0.0342 0.9982 0.0494
vn -0.0342 0.9982 0.0493
vn -0.0343 0.9982 0.0494
vn -0.0004 -0.0416 0.9991
vn -0.0016 -0.0480 0.9988
vn -0.0019 -0.0495 0.9988
vn -0.0017 -0.0429 0.9991
vn 0.2526 -0.9664 -0.0478
vn -0.2716 0.9612 0.0475
vn -0.2711 0.9614 0.0477
vn -0.2713 0.9613 0.0475
vn -0.2714 0.9613 0.0474
vn -0.0000 0.0495 -0.9988
vn 0.0029 -0.0198 0.9998
vn 0.0070 -0.0185 0.9998
vn -0.0012 0.0121 0.9999
vn -0.0092 0.0171 0.9998
vn 0.8207 -0.5707 -0.0265
vn 0.8155 -0.5781 -0.0282
vn 0.8161 -0.5772 -0.0282
vn 0.8098 -0.5860 -0.0290
vn -0.8260 0.5630 0.0268
vn -0.8286 0.5592 0.0277
vn -0.8227 0.5678 0.0280
vn -0.8270 0.5616 0.0274
vn -0.0095 0.0261 -0.9996
vn -0.0138 0.0241 -0.9996
vn -0.0024 -0.0411 0.9992
vn -0.0043 -0.0412 0.9991
vn 0.9866 -0.0000 -0.1631
vn -0.9948 -0.0000 0.1020
vn -0.0055 -0.9996 -0.0274
vn -0.0062 -0.9993 -0.0370
vn -0.0141 -0.7127 -0.7013
vn 0.1573 -0.0000 -0.9876
vn -0.1573 -0.0000 0.9876
vn -0.1573 -0.0000 0.9875
vn 0.7029 -0.0000 -0.7113
vn -0.7454 -0.0000 0.6666
vn 0.9935 0.0378 -0.1076
vn 0.9986 0.0530 0.0003
vn -0.9992 -0.0394 -0.0003
vn -0.9992 -0.0388 -0.0007
vn -1.0000 -0.0000 -0.0001
vn 0.0032 -0.0034 -1.0000
vn -0.9972 -0.0292 0.0682
vn -0.0315 -0.9659 -0.2568
vn -0.0195 -0.9539 -0.2996
vn 0.9987 0.0519 0.0003
vn -0.9992 -0.0407 -0.0007
vn 0.9987 0.0512 -0.0000
vn -0.0474 -0.9977 -0.0493
vn -0.0474 -0.9977 -0.0494
vn 0.0342 0.9982 0.0493
vn 0.0342 0.9982 0.0494
vn -0.0000 0.9988 0.0493
vn 0.0343 0.9982 0.0494
vn 0.0004 -0.0416 0.9991
vn 0.0015 -0.0424 0.9991
vn 0.0019 -0.0495 0.9988
vn 0.0016 -0.0482 0.9988
vn -0.2526 -0.9664 -0.0478
vn 0.2711 0.9614 0.0476
vn 0.2716 0.9612 0.0475
vn 0.2714 0.9613 0.0474
vn 0.2713 0.9613 0.0474
vn -0.0000 0.0494 -0.9988
vn 0.0012 0.0121 0.9999
vn -0.0070 -0.0185 0.9998
vn -0.0029 -0.0198 0.9998
vn 0.0092 0.0171 0.9998
vn -0.8155 -0.5781 -0.0282
vn -0.8207 -0.5707 -0.0265
vn -0.8161 -0.5772 -0.0282
vn -0.8098 -0.5860 -0.0290
vn 0.8286 0.5592 0.0277
vn 0.8260 0.5630 0.0268
vn 0.8267 0.5620 0.0273
vn 0.8223 0.5684 0.0268
vn 0.0138 0.0241 -0.9996
vn 0.0095 0.0261 -0.9996
vn 0.0043 -0.0412 0.9991
vn 0.0037 -0.0411 0.9991
vn -0.0000 0.0493 -0.9988
vn -0.0000 -0.0075 1.0000
vn -0.0000 -0.2995 0.9541
vn -0.0000 -0.3472 0.9378
vn -0.0000 -0.6576 -0.7534
vn -0.0000 -0.7764 -0.6302
vn -0.0000 -0.6409 -0.7676
vn 0.9330 -0.3597 -0.0130
vn 0.9881 -0.1540 -0.0049
vn 0.9837 -0.1798 -0.0043
vn 0.9529 -0.3031 -0.0082
vn -0.0000 -0.4483 0.8939
vn 0.0001 -0.3002 0.9539
vn -0.0000 -0.4163 0.9092
vn -0.9144 -0.4045 -0.0173
vn -0.9480 -0.3178 -0.0190
vn -0.9737 -0.2276 -0.0117
vn -0.9811 -0.1932 -0.0079
vn -0.0000 -0.6685 -0.7437
vn -0.0000 -0.6357 -0.7719
vn -0.0000 -0.6606 -0.7508
vn -0.0000 -0.6503 -0.7597
vn 0.9092 -0.4156 -0.0249
vn 0.9819 -0.1891 -0.0095
vn 0.9746 -0.2238 -0.0092
vn 0.9455 -0.3254 -0.0144
vn -0.0000 -0.7633 0.6460
vn -0.0000 -0.4361 0.8999
vn -0.0000 -0.4906 0.8714
vn -0.9998 -0.0205 -0.0028
vn -0.9999 -0.0166 -0.0024
vn -0.9962 -0.0851 -0.0190
vn -0.9971 -0.0748 -0.0120
vn -0.0000 -0.1851 -0.9827
vn -0.0000 -0.1888 -0.9820
vn -0.0000 0.2949 -0.9555
vn -0.0000 0.3068 -0.9518
vn 0.9999 -0.0168 -0.0023
vn 0.9998 -0.0205 -0.0030
vn 0.9968 -0.0775 -0.0178
vn 0.9951 -0.0972 -0.0157
vn -0.0000 -0.0978 0.9952
vn -0.0000 -0.0969 0.9953
vn -0.0000 -0.4014 0.9159
vn -0.0000 -0.4126 0.9109
vn -0.0000 -0.0170 0.9999
vn -0.9785 -0.1251 -0.1638
vn -0.9793 -0.1147 -0.1671
vn -0.0000 0.6776 -0.7354
vn -0.0003 0.7039 -0.7103
vn 0.9804 -0.1114 -0.1622
vn 0.9833 -0.1105 -0.1449
vn -0.0000 -0.7394 0.6733
vn -0.0000 -0.4012 0.9160
vn -0.0004 -0.7555 0.6552
vn -0.8571 -0.2916 -0.4247
vn -0.8445 -0.3032 -0.4416
vn -0.0124 0.8632 -0.5047
vn -0.0011 0.8623 -0.5064
vn 0.8532 -0.2952 -0.4300
vn 0.8403 -0.3069 -0.4469
vn -0.0119 -0.8633 0.5046
vn -0.0011 -0.8623 0.5065
vn -0.9523 -0.3048 -0.0111
vn -0.9330 -0.3598 -0.0096
vn -0.0000 -0.6571 -0.7538
vn -0.0000 -0.6359 -0.7718
vn -0.0000 -0.4490 0.8935
vn -0.0000 -0.4357 0.9001
vn -0.0000 -0.0104 -0.9999
vn 1.0000 -0.0084 0.0001
vn 1.0000 -0.0080 -0.0000
vn -0.0000 -0.1886 -0.9821
vn 0.0009 -0.7400 0.6726
vn 0.0231 -0.8587 0.5119
vn 0.0008 0.6783 -0.7348
vn 0.0222 0.8589 -0.5117
vn 0.6563 -0.4270 -0.6220
vn 0.6564 -0.4270 -0.6220
vn -0.6677 -0.4213 -0.6137
vn -0.6678 -0.4213 -0.6136
vn -0.9831 -0.1828 -0.0060
vn -0.9877 -0.1564 -0.0037
vn -1.0000 -0.0083 -0.0000
vn -1.0000 -0.0079 0.0001
vn -0.5310 0.0438 -0.8462
vn -0.5305 0.0502 -0.8462
vn -0.5307 0.0511 -0.8460
vn -0.5309 0.0440 -0.8463
vn -0.0000 -0.0428 0.9991
vn -0.0000 -0.0373 0.9993
vn -0.0000 -0.0393 0.9992
vn -0.0000 0.0562 -0.9984
vn -0.0000 0.0654 -0.9979
vn -0.9783 -0.0081 0.2071
vn -0.9759 -0.0172 0.2177
vn -1.0000 0.0003 -0.0043
vn -1.0000 0.0002 -0.0045
vn 1.0000 0.0003 -0.0038
vn 0.9836 0.0143 -0.1800
vn 0.9852 0.0067 -0.1714
vn 1.0000 0.0002 -0.0041
vn -0.0001 -0.9994 -0.0347
vn -0.0000 -0.9994 -0.0346
vn -0.0000 -0.0391 0.9992
vn -0.0000 -0.0782 0.9969
vn -0.0000 -0.0392 0.9992
vn 0.1533 0.0768 -0.9852
vn 0.1421 0.0747 -0.9870
vn -0.0000 0.0787 -0.9969
vn -0.0000 -0.9996 -0.0297
vn -0.0029 -0.9996 -0.0266
vn -0.0024 -0.9997 -0.0263
vn -0.0000 -0.9994 -0.0347
vn -0.0000 -0.0783 0.9969
vn -0.0000 -0.0791 0.9969
vn -0.1171 -0.0756 0.9902
vn -0.1244 -0.0770 0.9892
vn -0.0000 0.9999 0.0129
vn -0.0000 0.9998 0.0175
vn 0.0027 1.0000 0.0090
vn 0.0027 1.0000 0.0094
vn 0.9397 0.0137 -0.3417
vn 0.9396 0.0271 -0.3411
vn -0.2228 -0.0726 0.9722
vn -0.2345 -0.0768 0.9691
vn -0.0006 -0.9995 -0.0318
vn 0.0011 -0.9994 -0.0331
vn 0.0005 0.9999 0.0144
vn -0.0014 0.9999 0.0158
vn 0.3113 0.0752 -0.9473
vn 0.2987 0.0708 -0.9517
vn -0.9079 -0.0167 0.4188
vn -0.9078 -0.0331 0.4181
vn -1.0000 -0.0000 -0.0036
vn -0.9772 -0.0000 0.2124
vn 1.0000 -0.0000 -0.0038
vn 0.9844 -0.0000 -0.1757
vn 0.9397 -0.0000 -0.3420
vn -0.9079 -0.0000 0.4191
vn -0.9767 -0.0000 0.2147
vn 1.0000 -0.0000 -0.0034
vn 0.9841 -0.0000 -0.1775
vn 0.1530 0.0001 -0.9882
vn 0.1525 -0.0000 -0.9883
vn 0.3120 -0.0000 -0.9501
vn 0.3120 0.0001 -0.9501
vn -0.1246 -0.0002 0.9922
vn -0.1243 -0.0000 0.9922
vn -0.2346 -0.0000 0.9721
vn -0.0000 -0.9998 -0.0175
vn -0.0013 -0.9999 -0.0109
vn 0.0010 -1.0000 -0.0024
vn -0.0000 -0.9999 -0.0124
vn -0.0006 -0.9999 -0.0119
vn 0.0031 -0.9999 -0.0138
vn -0.6481 0.0011 -0.7615
vn -0.6482 -0.0000 -0.7615
vn -0.6481 -0.0000 -0.7615
vn 0.0003 0.9999 0.0119
vn -0.0031 0.9999 0.0138
vn 0.0028 1.0000 0.0089
vn 0.9783 -0.0081 0.2071
vn 1.0000 0.0002 -0.0045
vn 1.0000 0.0003 -0.0045
vn 0.9759 -0.0172 0.2177
vn -1.0000 0.0002 -0.0049
vn -0.9852 0.0067 -0.1714
vn -0.9836 0.0143 -0.1800
vn 0.0001 -0.9994 -0.0347
vn -0.1533 0.0768 -0.9852
vn -0.1421 0.0747 -0.9870
vn 0.0025 -0.9997 -0.0262
vn 0.0030 -0.9996 -0.0265
vn 0.1244 -0.0770 0.9892
vn 0.1171 -0.0756 0.9902
vn -0.0028 1.0000 0.0093
vn -0.0028 1.0000 0.0089
vn -0.9397 0.0137 -0.3417
vn -0.9396 0.0271 -0.3411
vn 0.2228 -0.0726 0.9722
vn 0.2345 -0.0768 0.9691
vn 0.0006 -0.9995 -0.0318
vn -0.0011 -0.9994 -0.0331
vn -0.0002 0.9999 0.0144
vn 0.0013 0.9999 0.0157
vn -0.2987 0.0702 -0.9518
vn -0.3113 0.0752 -0.9473
vn 0.9078 -0.0331 0.4181
vn 0.9079 -0.0167 0.4188
vn 1.0000 -0.0000 -0.0036
vn 0.9772 -0.0000 0.2124
vn -1.0000 -0.0000 -0.0042
vn -0.9844 -0.0000 -0.1757
vn -0.9397 -0.0000 -0.3420
vn 0.9079 -0.0000 0.4191
vn 0.9767 -0.0000 0.2147
vn -1.0000 -0.0000 -0.0034
vn -0.9841 -0.0000 -0.1775
vn -0.1530 -0.0000 -0.9882
vn -0.3120 -0.0000 -0.9501
vn -0.3120 0.0001 -0.9501
vn -0.1525 0.0001 -0.9883
vn 0.1243 -0.0002 0.9922
vn 0.1246 -0.0000 0.9922
vn 0.2346 -0.0000 0.9721
vn -0.0010 -1.0000 -0.0024
vn 0.0013 -0.9999 -0.0109
vn 0.0004 -0.9999 -0.0119
vn -0.0031 -0.9999 -0.0138
vn 0.6482 -0.0000 -0.7615
vn 0.6481 0.0011 -0.7615
vn -0.0029 1.0000 0.0092
vn 0.0031 0.9999 0.0138
vn -0.0004 0.9999 0.0119
vn -0.9981 0.0614 -0.0004
vn -0.9811 0.1764 0.0793
vn -0.9779 0.1981 0.0666
vn -0.9994 0.0240 0.0229
vn 0.9784 0.2029 0.0385
vn 0.9762 0.1679 0.1372
vn 0.9992 0.0161 0.0368
vn -0.0000 -1.0000 0.0060
vn -0.0000 0.9681 -0.2508
vn -0.3076 0.9214 -0.2374
vn -0.3016 0.9456 -0.1216
vn -0.0000 0.9921 -0.1255
vn -0.0006 0.0024 1.0000
vn -0.0007 0.0024 1.0000
vn -0.0005 0.0025 1.0000
vn -0.0000 0.0026 1.0000
vn -0.0000 0.0029 1.0000
vn -0.0000 0.0024 1.0000
vn -0.9787 0.2052 -0.0028
vn 0.9788 0.2049 -0.0014
vn -0.0000 -0.6919 -0.7220
vn -0.0000 -0.8243 -0.5661
vn -0.3073 0.9515 -0.0163
vn -0.3073 0.9514 -0.0191
vn -0.0000 0.9998 -0.0201
vn -0.0000 0.9998 -0.0174
vn -0.3065 0.9515 -0.0263
vn -0.3076 0.9514 -0.0135
vn -0.0000 0.9999 -0.0147
vn -0.0000 0.9996 -0.0280
vn -0.9771 0.2129 -0.0028
vn -0.9784 0.2066 -0.0052
vn 0.9773 0.2116 -0.0038
vn 0.9783 0.2070 -0.0057
vn -0.0000 -0.9796 -0.2008
vn -0.0000 -0.9918 0.1275
vn -0.0000 0.9997 -0.0236
vn -0.3073 0.9513 -0.0226
vn -0.9788 0.2049 0.0001
vn 0.9790 0.2038 0.0024
vn -0.0000 -0.8612 0.5083
vn -0.3049 0.9519 -0.0307
vn -0.3077 0.9515 -0.0044
vn -0.0000 1.0000 -0.0044
vn -0.0000 0.9995 -0.0326
vn -0.9756 0.2197 0.0004
vn -0.9768 0.2141 -0.0066
vn 0.9763 0.2164 -0.0101
vn 0.9763 0.2164 -0.0012
vn -0.0000 -1.0000 0.0070
vn -0.0000 -0.9322 -0.3619
vn -0.0000 0.9995 -0.0331
vn -0.3048 0.9519 -0.0310
vn -0.9790 0.2038 -0.0041
vn 0.9787 0.2051 -0.0017
vn -0.0000 -0.8982 -0.4395
vn -0.3067 0.9514 -0.0278
vn -0.3069 0.9517 -0.0032
vn -0.0000 1.0000 -0.0025
vn -0.0000 0.9996 -0.0292
vn -0.9773 0.2120 -0.0047
vn -0.9791 0.2033 -0.0058
vn 0.9774 0.2115 -0.0052
vn 0.9791 0.2032 -0.0057
vn -0.0000 -0.9968 -0.0793
vn -0.0000 -0.9980 0.0625
vn -0.0000 0.9995 -0.0306
vn -0.3084 0.9508 -0.0291
vn -0.9785 0.2063 0.0025
vn 0.9790 0.2039 0.0050
vn -0.0000 -0.8994 0.4372
vn -0.3077 0.9515 -0.0028
vn -0.0000 1.0000 -0.0031
vn -0.9725 0.2326 -0.0089
vn -0.9747 0.2221 -0.0238
vn 0.9745 0.2242 -0.0065
vn 0.9774 0.2083 -0.0360
vn -0.0000 -0.9231 0.3845
vn -0.0000 -1.0000 0.0058
vn -0.0000 -0.6945 0.7195
vn 0.2997 0.9461 -0.1225
vn 0.3061 0.9216 -0.2387
vn 0.0028 0.0031 1.0000
vn 0.0009 0.0026 1.0000
vn 0.0006 0.0023 1.0000
vn 0.0004 0.0026 1.0000
vn 0.3068 0.9516 -0.0186
vn 0.3073 0.9515 -0.0163
vn 0.3073 0.9515 -0.0135
vn 0.3061 0.9516 -0.0268
vn 0.3075 0.9513 -0.0226
vn 0.3070 0.9517 -0.0032
vn 0.3031 0.9525 -0.0307
vn 0.3046 0.9519 -0.0330
vn 0.3076 0.9515 -0.0022
vn 0.3064 0.9515 -0.0275
vn 0.3083 0.9508 -0.0287
vn 0.3063 0.9519 -0.0014
vn -0.7685 0.6398 -0.0113
vn -0.7360 0.6769 0.0090
vn 0.7164 0.6765 -0.1707
vn 0.6979 0.7117 -0.0799
vn 0.7223 0.6915 -0.0125
vn 0.7456 0.6658 0.0271
vn -0.7046 0.7046 -0.0841
vn -0.7314 0.6660 -0.1466
vn -0.7233 0.6904 -0.0102
vn 0.7194 0.6944 -0.0181
vn 0.7232 0.6906 -0.0081
vn -0.7195 0.6943 -0.0169
vn -0.7234 0.6902 -0.0168
vn 0.7235 0.6901 -0.0175
vn -0.7234 0.6904 -0.0024
vn 0.7137 0.7002 -0.0171
vn 0.7229 0.6909 0.0013
vn -0.7142 0.6998 -0.0166
vn -0.7175 0.6963 -0.0209
vn 0.7169 0.6967 -0.0260
vn -0.7227 0.6912 -0.0065
vn 0.7195 0.6942 -0.0201
vn 0.7232 0.6906 -0.0026
vn -0.7195 0.6942 -0.0194
vn -0.7262 0.6872 -0.0209
vn 0.7262 0.6872 -0.0206
vn -0.7228 0.6910 0.0009
vn 0.7218 0.6921 0.0053
vn -0.0190 -0.3541 0.9350
vn -0.6082 -0.5538 0.5687
vn -0.0244 -0.8446 0.5348
vn -0.0046 -0.5953 0.8035
vn -0.7114 0.0123 0.7027
vn -0.0151 0.0002 0.9999
vn 0.0244 -0.8446 0.5348
vn 0.6078 -0.5540 0.5689
vn 0.0190 -0.3539 0.9351
vn 0.0046 -0.5952 0.8036
vn 0.0235 -0.9997 -0.0000
vn 0.7366 -0.6763 -0.0000
vn -0.0027 -0.9714 0.2373
vn -0.0024 -0.6067 0.7949
vn -0.0235 -0.9997 -0.0000
vn -0.0028 -1.0000 -0.0000
vn -0.0000 -0.6064 0.7952
vn -0.0000 -0.9713 0.2380
vn -0.0106 -0.9861 -0.1659
vn -0.1472 -0.6382 -0.7557
vn -0.0169 -0.5649 -0.8250
vn -0.0060 -0.9790 -0.2037
vn -0.1782 0.0027 -0.9840
vn -0.0187 0.0004 -0.9998
vn -0.0000 -0.9794 -0.2019
vn -0.0000 -0.5674 -0.8235
vn -0.6102 0.5482 -0.5719
vn -0.2515 0.7776 -0.5762
vn -0.0744 0.1508 -0.9858
vn -0.1279 0.1313 -0.9831
vn -0.7528 0.6583 -0.0000
vn -0.3096 0.9509 -0.0000
vn -0.0000 0.7955 -0.6060
vn -0.0000 0.1340 -0.9910
vn -0.0091 0.0085 0.9999
vn -0.0166 0.0050 0.9999
vn -0.0017 0.0015 1.0000
vn -0.0061 0.0117 0.9999
vn -0.0018 -0.0000 1.0000
vn -0.0001 0.0013 1.0000
vn -0.0000 0.0114 0.9999
vn -0.9999 0.0173 -0.0000
vn -0.7361 -0.6769 -0.0000
vn 0.1470 -0.6262 -0.7657
vn 0.1783 0.0030 -0.9840
vn 0.8090 0.0150 -0.5876
vn 0.6734 -0.5698 -0.4710
vn 0.9998 0.0189 -0.0000
vn -0.0015 -0.1052 0.9944
vn -0.0000 -0.1053 0.9944
vn -0.7412 0.1535 0.6535
vn -0.5784 0.5064 0.6396
vn -0.9791 0.2035 -0.0000
vn 0.1955 0.0560 -0.9791
vn 0.8210 0.1647 -0.5467
vn 0.1280 0.1307 -0.9831
vn 0.6114 0.5472 -0.5716
vn 0.9792 0.2031 -0.0000
vn 0.7540 0.6569 -0.0000
vn -0.1957 0.0563 -0.9790
vn -0.0178 0.0149 -0.9997
vn -0.0000 0.0151 -0.9999
vn -0.2343 0.7215 0.6516
vn -0.0000 0.7303 0.6831
vn 0.7117 0.0134 0.7024
vn 0.0151 0.0002 0.9999
vn 0.0094 0.0087 0.9999
vn 0.0170 0.0048 0.9998
vn 0.7407 0.1531 0.6541
vn 0.5795 0.5055 0.6392
vn -0.7366 -0.6763 -0.0000
vn -0.0236 -0.9997 -0.0000
vn -0.0310 -0.9962 -0.0819
vn -0.6730 -0.5701 -0.4713
vn 0.0279 -0.9978 -0.0597
vn 0.0100 -0.9861 -0.1660
vn -0.0024 -0.9998 -0.0212
vn -0.0000 -0.9998 -0.0212
vn -0.8089 0.0138 -0.5878
vn -0.8213 0.1650 -0.5462
vn 0.0024 -0.6067 0.7950
vn 0.0027 -0.9714 0.2374
vn 0.0059 -0.9790 -0.2037
vn 0.0169 -0.5649 -0.8250
vn 0.3096 0.9509 -0.0000
vn 0.2515 0.7776 -0.5762
vn 0.0744 0.1508 -0.9858
vn 0.0018 -0.0000 1.0000
vn 0.0023 0.0019 1.0000
vn 0.0054 0.0121 0.9999
vn 0.0187 0.0004 -0.9998
vn 0.0015 -0.1052 0.9944
vn 0.0178 0.0149 -0.9997
vn 0.0028 -1.0000 -0.0000
vn 0.2343 0.7215 0.6516
vn 0.0024 -0.9998 -0.0211
vn 0.5929 -0.5656 -0.5732
vn 0.0191 -0.7268 -0.6866
vn 0.0139 -0.0184 -0.9997
vn 0.7194 -0.0037 -0.6946
vn -0.0139 -0.0184 -0.9997
vn -0.0189 -0.7268 -0.6866
vn -0.5924 -0.5671 -0.5723
vn -0.7194 -0.0037 -0.6946
vn -0.0260 -0.9997 -0.0000
vn -0.7218 -0.6921 -0.0000
vn 0.0027 -0.7268 -0.6869
vn 0.0260 -0.9997 -0.0000
vn 0.0031 -1.0000 -0.0000
vn -0.0000 -0.7265 -0.6872
vn -0.0000 -0.0277 -0.9996
vn 0.0017 -0.0281 -0.9996
vn 0.0193 -0.0238 0.9995
vn 0.0017 -0.0364 0.9993
vn 0.0019 -0.7335 0.6796
vn 0.0202 -0.7322 0.6808
vn 0.5753 0.5532 0.6025
vn 0.2533 0.7380 0.6254
vn 0.1048 0.2569 0.9607
vn 0.1659 0.2209 0.9611
vn 0.7045 0.7027 0.0996
vn 0.3201 0.9348 0.1538
vn -0.0000 0.7636 0.6457
vn -0.0000 0.9866 0.1630
vn -0.0000 0.2396 0.9709
vn 0.0173 0.0177 -0.9997
vn 0.0233 0.0085 -0.9997
vn 0.0034 0.0029 -1.0000
vn 0.0110 0.0254 -0.9996
vn 0.0203 0.0013 -0.9998
vn 0.0024 0.0001 -1.0000
vn -0.0000 0.0024 -1.0000
vn -0.0000 0.0237 -0.9997
vn 1.0000 -0.0043 -0.0000
vn 0.7217 -0.6922 -0.0008
vn -1.0000 -0.0051 -0.0000
vn -0.5939 -0.5682 0.5696
vn -0.7234 -0.0037 0.6905
vn -0.0000 -0.0368 0.9993
vn -0.0000 -0.7327 0.6805
vn 0.0198 0.0002 -0.9998
vn 0.7232 0.0086 -0.6906
vn 0.7261 0.0489 -0.6858
vn -0.0184 -0.0245 0.9995
vn -0.0292 0.0068 0.9996
vn -0.7247 0.0167 0.6889
vn -0.0626 0.0238 0.9978
vn -0.7361 0.0700 0.6732
vn -0.9999 0.0123 -0.0000
vn -0.9980 0.0639 0.0024
vn 0.0270 0.0025 0.9996
vn 0.0026 -0.0000 1.0000
vn 0.0610 0.0276 0.9978
vn 0.0045 0.0008 1.0000
vn 0.5794 0.5487 -0.6027
vn 0.2629 0.7523 -0.6041
vn -0.0000 0.7955 -0.6059
vn -0.0000 0.9978 0.0662
vn 0.3372 0.9394 0.0614
vn 0.7296 0.2080 -0.6514
vn 0.7411 0.6708 0.0274
vn 0.9651 0.2619 -0.0027
vn 0.9977 0.0672 0.0011
vn -0.5779 0.5502 -0.6028
vn -0.0186 0.0188 -0.9996
vn -0.0234 0.0083 -0.9997
vn -0.7296 0.2067 -0.6519
vn -0.0203 0.0013 -0.9998
vn -0.7262 0.0490 -0.6858
vn -0.9646 0.2636 -0.0019
vn -0.9978 0.0664 0.0003
vn -1.0000 -0.0052 -0.0000
vn -0.7412 0.6706 0.0294
vn 0.7218 -0.6921 -0.0000
vn 1.0000 -0.0052 -0.0000
vn 1.0000 -0.0051 -0.0000
vn 0.7264 0.6872 -0.0069
vn 0.9624 0.2710 -0.0181
vn 0.9565 0.2909 0.0217
vn 0.9978 0.0658 0.0007
vn 0.9979 0.0644 0.0019
vn 0.3313 0.9434 0.0148
vn -0.0000 0.9999 0.0170
vn -1.0000 -0.0043 -0.0000
vn -0.7068 0.7006 0.0974
vn -0.7294 0.6841 -0.0063
vn -0.9608 0.2766 -0.0177
vn -0.9557 0.2937 0.0202
vn -0.9979 0.0644 0.0007
vn 0.5941 -0.5681 0.5695
vn -0.0190 -0.7317 0.6813
vn 0.7234 -0.0037 0.6905
vn 0.7635 0.2292 0.6037
vn 0.1518 0.0948 0.9839
vn 0.7381 0.0748 0.6705
vn -0.0018 -0.0278 -0.9996
vn -0.0028 -0.7269 -0.6868
vn -0.3201 0.9348 0.1538
vn -0.2533 0.7380 0.6254
vn -0.5753 0.5532 0.6025
vn -0.1048 0.2569 0.9607
vn -0.1659 0.2209 0.9611
vn -0.0018 -0.0000 -1.0000
vn -0.0197 0.0002 -0.9998
vn -0.0024 0.0001 -1.0000
vn -0.0024 -0.0372 0.9993
vn -0.0031 -0.7330 0.6802
vn -0.0164 0.0321 0.9993
vn -0.0000 0.0285 0.9996
vn -0.1518 0.0948 0.9839
vn -0.0051 0.0002 1.0000
vn -0.0031 -1.0000 -0.0000
vn -0.0109 0.0256 -0.9996
vn -0.2637 0.7522 -0.6039
vn -0.3378 0.9392 0.0610
vn -0.3313 0.9434 0.0148
vn 0.0024 -0.0000 -1.0000
vn -0.7635 0.2292 0.6037
vn 0.0164 0.0321 0.9993
vn 0.9999 0.0121 -0.0000
vn -0.7231 0.0087 -0.6907
vn -0.9999 0.0120 -0.0000
vn 0.9999 0.0124 -0.0000
vn 0.9999 0.0123 -0.0000
vn -0.9999 0.0102 0.0001
vn 0.7265 0.0123 0.6871
vn -0.0026 0.0025 -1.0000
vn -0.0040 0.0008 1.0000
vn 0.0333 0.9338 0.3562
vn 0.0061 0.7055 0.7087
vn 0.0371 0.4682 0.8828
vn 0.5966 0.5733 0.5616
vn 0.0323 0.0009 0.9995
vn 0.7278 0.0229 0.6854
vn -0.0372 0.4682 0.8828
vn -0.0068 0.6996 0.7145
vn -0.0333 0.9338 0.3562
vn -0.5966 0.5732 0.5616
vn 0.0029 0.9918 0.1277
vn 0.0027 0.6817 0.7316
vn -0.0000 0.9918 0.1276
vn -0.0000 0.6815 0.7318
vn 0.0136 0.9938 -0.1101
vn 0.2290 0.6361 -0.7368
vn 0.0272 0.6101 -0.7918
vn 0.0071 0.9903 -0.1386
vn 0.0323 0.0005 -0.9995
vn 0.2912 0.0074 -0.9566
vn -0.0000 0.9907 -0.1360
vn -0.0000 0.6154 -0.7882
vn 0.6312 -0.6116 -0.4769
vn 0.2753 -0.7918 -0.5453
vn 0.1420 -0.3345 -0.9316
vn 0.2631 -0.3002 -0.9169
vn 0.7245 -0.6888 -0.0263
vn 0.3405 -0.9307 -0.1335
vn -0.0000 -0.7877 -0.6160
vn -0.0000 -0.9783 -0.2071
vn -0.0000 -0.3010 -0.9536
vn 0.0355 -0.0363 0.9987
vn 0.0411 -0.0169 0.9990
vn 0.0027 -0.0023 1.0000
vn 0.0202 -0.0439 0.9988
vn 0.0337 -0.0027 0.9994
vn 0.0016 -0.0001 1.0000
vn -0.0000 -0.0019 1.0000
vn -0.0003 -0.0399 0.9992
vn -0.2909 0.0084 -0.9567
vn -0.8665 0.0271 -0.4985
vn -0.6909 0.6044 -0.3966
vn -0.2287 0.6290 -0.7430
vn -0.9995 0.0315 -0.0000
vn -0.7139 0.7002 -0.0000
vn 0.0015 0.0920 0.9958
vn -0.0000 0.0924 0.9957
vn 0.0325 0.0002 0.9995
vn 0.7338 0.0053 0.6794
vn 0.7379 -0.0562 0.6726
vn -0.2924 0.0014 -0.9563
vn -0.8680 0.0060 -0.4965
vn -0.3008 -0.0226 -0.9534
vn -0.8694 -0.0648 -0.4898
vn -1.0000 0.0061 -0.0000
vn -0.9971 -0.0763 -0.0000
vn 0.2925 0.0022 -0.9563
vn 0.0323 0.0002 -0.9995
vn 0.3008 -0.0229 -0.9534
vn 0.0328 -0.0013 -0.9995
vn 0.0270 0.9996 -0.0000
vn 0.7139 0.7002 -0.0000
vn -0.0270 0.9996 -0.0000
vn 0.0033 1.0000 -0.0000
vn 0.2727 -0.7170 0.6416
vn 0.5702 -0.5320 0.6260
vn -0.0003 -0.7643 0.6449
vn 0.9995 0.0316 -0.0000
vn -0.7278 0.0230 0.6854
vn -0.0323 0.0010 0.9995
vn 0.7278 -0.2295 0.6463
vn 0.7298 -0.6837 -0.0000
vn 0.9527 -0.3038 -0.0000
vn 0.9971 -0.0763 -0.0000
vn -0.0407 -0.0162 0.9990
vn -0.7280 -0.2297 0.6459
vn -0.5700 -0.5324 0.6258
vn -0.0361 -0.0378 0.9986
vn -0.0335 -0.0024 0.9994
vn -0.7381 -0.0559 0.6724
vn 0.3583 -0.9336 -0.0000
vn -0.9527 -0.3038 -0.0000
vn -0.7298 -0.6837 -0.0000
vn 0.7286 -0.6849 -0.0066
vn 0.9525 -0.3044 -0.0003
vn 0.3544 -0.9344 -0.0363
vn -0.0000 -0.9983 -0.0581
vn -0.7289 -0.6846 -0.0070
vn -0.9526 -0.3043 -0.0003
vn -0.9524 -0.3048 -0.0000
vn -0.7248 -0.6885 -0.0259
vn 0.0344 0.9981 -0.0517
vn 0.6903 0.6048 -0.3972
vn -0.0313 0.9988 -0.0379
vn -0.0125 0.9938 -0.1103
vn 0.0027 0.9999 -0.0139
vn -0.0000 0.9999 -0.0139
vn 0.8663 0.0266 -0.4988
vn 0.8522 -0.2591 -0.4546
vn 0.3331 -0.1329 -0.9335
vn 0.8695 -0.0651 -0.4896
vn -0.0027 0.9918 0.1276
vn -0.0024 0.6816 0.7317
vn -0.0071 0.9903 -0.1386
vn -0.0272 0.6101 -0.7918
vn -0.3405 -0.9307 -0.1335
vn -0.2752 -0.7915 -0.5457
vn -0.6312 -0.6116 -0.4769
vn -0.1420 -0.3345 -0.9316
vn -0.2631 -0.3002 -0.9169
vn -0.0325 0.0002 0.9995
vn -0.0016 -0.0001 1.0000
vn -0.0322 0.0006 -0.9995
vn -0.0015 0.0920 0.9958
vn -0.0398 -0.0441 -0.9982
vn -0.0000 -0.0417 -0.9991
vn -0.3331 -0.1331 -0.9334
vn -0.0329 -0.0012 -0.9995
vn -0.0033 1.0000 -0.0000
vn -0.2724 -0.7171 0.6415
vn -0.0203 -0.0444 0.9988
vn -0.3583 -0.9336 -0.0000
vn -0.3544 -0.9344 -0.0364
vn -0.0027 0.9999 -0.0139
vn -0.8522 -0.2591 -0.4546
vn 0.0398 -0.0441 -0.9982
vn 1.0000 0.0061 -0.0000
vn -0.7338 0.0054 0.6794
vn 0.8679 0.0068 -0.4966
vn -0.0028 -0.0023 1.0000
vn -0.0323 -0.0000 -0.9995
vn -0.0000 -0.9866 0.1632
vn -0.0000 0.9899 0.1414
vn -0.0000 0.9563 0.2923
vn -0.0000 0.9569 0.2903
vn -0.9989 0.0477 -0.0000
vn 0.9989 0.0477 -0.0000
vn -0.0000 0.6369 -0.7709
vn -0.0000 0.7201 0.6938
vn -0.0000 0.8315 0.5555
vn -0.0000 0.9970 0.0772
vn -0.0000 0.9624 0.2715
vn 0.9943 -0.0000 0.1064
vn -0.0000 0.9758 -0.2188
vn 0.9979 -0.0000 0.0648
vn -0.0000 0.9130 0.4080
vn 0.9994 -0.0000 0.0334
vn -0.0000 0.9961 -0.0888
vn -0.0000 0.9965 0.0831
vn -0.0000 0.9751 -0.2218
vn -0.0000 0.9845 0.1756
vn -0.0000 0.9967 0.0811
vn -0.0000 0.9912 0.1324
vn -0.0000 0.9999 0.0118
vn -0.9943 -0.0000 0.1064
vn -0.9979 -0.0000 0.0648
vn -0.9994 -0.0000 0.0334
vn 0.2917 0.9555 -0.0448
vn 0.2260 0.9727 -0.0521
vn 0.0005 0.9986 -0.0536
vn -0.0001 0.9985 -0.0545
vn -0.9999 -0.0000 -0.0149
vn 0.9999 -0.0000 -0.0147
vn -0.0000 -0.9992 0.0397
vn -0.2256 0.9728 -0.0521
vn 0.1504 0.9872 -0.0522
vn 0.0010 0.9992 -0.0398
vn -0.2917 0.9555 -0.0448
vn 0.0203 0.2473 -0.9687
vn 0.9902 0.1394 -0.0000
vn 0.9976 0.0698 -0.0000
vn 0.9976 0.0698 0.0001
vn 0.5815 0.8135 -0.0000
vn 0.0005 1.0000 -0.0000
vn -0.9976 0.0692 -0.0000
vn -0.0000 0.2157 -0.9765
vn -0.0000 0.2158 -0.9764
vn -0.0010 0.9992 -0.0399
vn -0.1503 0.9873 -0.0522
vn -0.0203 0.2473 -0.9687
vn -0.9904 0.1380 -0.0000
vn -0.5807 0.8141 -0.0000
vn 0.6144 0.7890 0.0076
vn 0.6145 0.7889 0.0076
vn -0.6144 0.7889 0.0070
vn -0.6144 0.7890 0.0076
vn -0.6144 0.7889 0.0076
vn 0.9976 0.0699 -0.0000
vn 0.5816 0.8135 -0.0000
vn 0.9980 0.0626 -0.0000
vn -0.9981 0.0620 -0.0000
vn -0.0000 -0.5831 0.8124
vn -0.0000 -0.5841 0.8117
vn -0.0000 -0.5871 0.8095
vn -0.0000 0.8189 0.5739
vn -0.0000 -0.8704 -0.4924
vn -0.0000 -0.8682 -0.4962
vn -0.0000 0.8641 -0.5034
vn -0.0000 0.2132 -0.9770
vn -0.0000 0.9669 0.2552
vn -0.0000 -0.6209 -0.7839
vn -0.0000 -0.5810 0.8139
vn -0.0000 0.5810 -0.8139
vn 0.7821 -0.3669 0.5037
vn 0.7819 -0.3670 0.5039
vn 0.7817 -0.3671 0.5041
vn -0.0000 0.8407 0.5415
vn -0.0000 -0.8660 -0.5000
vn -0.0000 -0.8407 -0.5415
vn -0.0000 -0.9816 -0.1910
vn -0.0000 -0.9753 -0.2208
vn -0.0000 0.2591 -0.9659
vn -0.0000 0.2590 -0.9659
vn -0.0000 0.9348 0.3552
vn 0.0001 0.9998 0.0174
vn -0.0001 -0.9891 -0.1472
vn -0.0000 0.9986 0.0531
vn -0.0000 0.9945 0.1051
vn -0.0002 -0.9737 0.2277
vn -0.0002 -0.9737 0.2276
vn -0.0001 -0.6601 0.7512
vn -0.0000 -0.1419 0.9899
vn -0.0000 -0.1418 0.9899
vn -0.0000 0.9205 0.3908
vn -0.0000 0.5289 0.8487
vn -0.0000 0.7558 0.6548
vn -0.0000 -0.9761 -0.2174
vn -0.0000 -0.9730 -0.2308
vn -0.0000 0.0834 -0.9965
vn -0.0000 -0.0948 -0.9955
vn -0.0000 0.9998 -0.0178
vn -0.0000 -0.9806 -0.1958
vn -0.0000 -0.9811 -0.1933
vn -0.0000 -0.9797 -0.2007
vn -0.0001 -0.9797 -0.2007
vn 0.3869 -0.8919 -0.2341
vn 0.3876 -0.8965 -0.2148
vn 0.4594 -0.8634 -0.2084
vn 0.4580 -0.8556 -0.2412
vn 0.3884 -0.8965 -0.2131
vn 0.3917 -0.8982 -0.1994
vn 0.4630 -0.8650 -0.1932
vn 0.4591 -0.8642 -0.2058
vn 0.5034 -0.8466 -0.1726
vn 0.5829 -0.7957 -0.1645
vn 0.5592 -0.8116 -0.1691
vn 0.4998 -0.8486 -0.1735
vn -0.3898 0.0734 -0.9180
vn -0.6429 0.0361 -0.7651
vn -0.5665 0.0296 -0.8235
vn -0.2544 0.0365 -0.9664
vn -0.7315 0.0263 -0.6813
vn -0.5154 0.0032 -0.8570
vn -0.4454 -0.0117 -0.8953
vn -0.6867 0.0166 -0.7268
vn -0.2092 0.8977 0.3878
vn -0.0497 0.7249 0.6871
vn 0.1375 0.7116 0.6890
vn -0.0332 0.9276 0.3720
vn 0.0363 0.7029 0.7104
vn 0.2598 0.6750 0.6906
vn 0.3201 0.9467 0.0350
vn 0.3232 0.9430 0.0790
vn 0.3578 0.9337 -0.0120
vn 0.3601 0.9328 -0.0115
vn 0.2785 0.9505 0.1380
vn 0.2138 0.9654 0.1492
vn 0.0138 0.9581 0.2861
vn -0.0169 0.8641 0.5030
vn -0.4242 0.5074 0.7501
vn -0.0464 0.4370 0.8983
vn -0.5266 -0.0893 0.8454
vn -0.0867 -0.1386 0.9865
vn -0.5940 -0.5379 0.5982
vn -0.1165 -0.6187 0.7770
vn -0.5526 -0.6483 0.5237
vn -0.2209 -0.7595 0.6119
vn 0.2163 -0.9606 -0.1743
vn 0.3246 -0.9152 -0.2388
vn 0.3974 -0.8952 -0.2016
vn 0.3542 -0.9132 -0.2013
vn -0.0808 0.1089 -0.9908
vn -0.1340 0.1208 -0.9836
vn -0.5109 0.0598 -0.8575
vn 0.0001 0.9835 0.1806
vn -0.0000 0.0621 0.9981
vn -0.0000 -0.9825 -0.1860
vn 0.6182 -0.7690 -0.1624
vn 0.6080 -0.7771 -0.1627
vn 0.5461 -0.8202 -0.1705
vn 0.0183 0.9997 -0.0178
vn 0.0184 0.9997 -0.0178
vn -0.0640 0.9978 -0.0178
vn -0.1230 0.9922 -0.0177
vn -0.1564 -0.0375 -0.9870
vn 0.1053 0.0420 -0.9936
vn -0.0000 0.9436 0.3312
vn -0.0000 -0.9783 -0.2074
vn -0.0000 -0.9825 -0.1861
vn 0.1208 0.9497 0.2888
vn 0.5253 -0.8270 -0.2004
vn 0.5148 -0.8264 -0.2282
vn 0.5270 -0.8268 -0.1966
vn 0.5335 -0.8261 -0.1813
vn 0.6201 -0.7679 -0.1605
vn -0.2778 -0.0200 -0.9604
vn 0.3269 0.6746 0.6618
vn 0.4034 0.6364 0.6574
vn 0.3540 0.9339 0.0504
vn 0.3545 0.9350 -0.0125
vn 0.2814 0.8439 0.4569
vn 0.3353 0.9337 0.1260
vn 0.4181 0.4275 0.8015
vn 0.3750 -0.1189 0.9194
vn 0.4043 -0.5695 0.7157
vn 0.3568 -0.7272 0.5865
vn 0.4851 -0.8481 -0.2132
vn 0.4410 -0.8768 -0.1917
vn -0.6527 0.0275 -0.7571
vn 0.4852 -0.8566 -0.1754
vn -0.2618 0.9650 -0.0172
vn 0.3592 0.9332 -0.0120
vn 0.3614 0.9323 -0.0117
vn 0.3558 0.9345 -0.0123
vn 0.3036 -0.9248 -0.2294
vn 0.1521 -0.9639 -0.2185
vn 0.3670 -0.9000 -0.2350
vn -0.0000 0.5000 -0.8660
vn -0.0000 0.8660 -0.5000
vn -0.0000 0.8660 0.5000
vn -0.0000 0.5000 0.8660
vn -0.0000 -0.5000 0.8660
vn -0.0000 -0.8660 0.5000
vn -0.0000 -0.5000 -0.8660
vn 0.9708 -0.0000 -0.2398
vn 0.9141 -0.0000 -0.4055
vn 0.9141 0.2027 -0.3512
vn 0.9708 0.1199 -0.2077
vn 0.9141 0.3512 -0.2027
vn 0.9708 0.2077 -0.1199
vn 0.9141 0.4055 -0.0000
vn 0.9708 0.2398 -0.0000
vn 0.9141 0.3512 0.2027
vn 0.9708 0.2077 0.1199
vn 0.9141 0.2027 0.3512
vn 0.9708 0.1199 0.2077
vn 0.9141 -0.0000 0.4055
vn 0.9708 -0.0000 0.2398
vn 0.9141 -0.2027 0.3512
vn 0.9708 -0.1199 0.2077
vn 0.9141 -0.3512 0.2027
vn 0.9708 -0.2077 0.1199
vn 0.9141 -0.4055 -0.0000
vn 0.9708 -0.2398 -0.0000
vn 0.9141 -0.3512 -0.2027
vn 0.9708 -0.2077 -0.1199
vn 0.9141 -0.2027 -0.3512
vn 0.9708 -0.1199 -0.2077
vn 0.9925 -0.1224 0.0017
vn 0.9933 -0.1157 0.0006
vn -0.0000 -0.0701 -0.9975
vn -0.0000 -0.1019 -0.9948
vn 0.8323 -0.5541 0.0149
vn 0.8337 -0.5520 0.0148
vn 0.3721 -0.9282 0.0052
vn 0.3721 -0.9281 0.0076
vn -0.0000 -1.0000 0.0032
vn -0.0000 -0.0026 1.0000
vn 0.0004 -0.0313 0.9995
vn -0.0000 -0.0259 0.9997
vn 0.0050 -0.0431 0.9991
vn 0.0037 -0.0351 0.9994
vn 0.0102 -0.0893 -0.9960
vn 0.0017 -0.0605 -0.9982
vn 0.0075 -0.0692 -0.9976
vn -0.0000 -0.0750 -0.9972
vn -0.0000 -0.1038 -0.9946
vn 0.0045 -0.1090 -0.9940
vn -0.0000 -0.0263 0.9997
vn 0.0022 -0.0289 0.9996
vn -0.0000 0.0056 1.0000
vn -0.0000 0.0172 0.9999
vn -0.0000 0.0522 0.9986
vn -0.0000 -0.0372 0.9993
vn -0.0000 -0.0557 -0.9984
vn -0.0000 -0.0206 -0.9998
vn -0.0000 -0.1202 -0.9927
vn -0.0000 -0.0324 0.9995
vn -0.0000 -0.0177 0.9998
vn -0.0000 -0.7747 0.6323
vn -0.0000 -0.6382 0.7699
vn -0.0000 -0.8499 0.5270
vn -0.0000 -0.8141 0.5807
vn -0.0000 -0.0702 -0.9975
vn -0.0000 0.1269 0.9919
vn -0.0000 0.2612 0.9653
vn -0.0000 0.3906 0.9206
vn -0.9933 -0.1157 0.0006
vn -0.9925 -0.1223 0.0017
vn -0.8323 -0.5541 0.0149
vn -0.8337 -0.5520 0.0148
vn -0.3721 -0.9282 0.0052
vn -0.3721 -0.9281 0.0076
vn -0.0004 -0.0313 0.9995
vn -0.0039 -0.0348 0.9994
vn -0.0050 -0.0431 0.9991
vn -0.0102 -0.0893 -0.9960
vn -0.0075 -0.0692 -0.9976
vn -0.0017 -0.0605 -0.9982
vn -0.0045 -0.1090 -0.9940
vn -0.0022 -0.0289 0.9996
vn 1.0000 0.0005 0.0011
vn 0.9665 0.2565 0.0013
vn 0.9663 0.2224 0.1294
vn 0.9662 0.1287 0.2232
vn 0.9663 0.0006 0.2575
vn 0.9665 -0.1274 0.2230
vn 0.9667 -0.2209 0.1292
vn 0.9669 -0.2550 0.0013
vn 0.9671 -0.2206 -0.1264
vn 0.9673 -0.1271 -0.2197
vn 0.9672 0.0006 -0.2540
vn 0.9671 0.1283 -0.2199
vn 0.9668 0.2220 -0.1265
vn 0.7601 0.6498 0.0014
vn 0.7588 0.5636 0.3265
vn 0.7583 0.3258 0.5647
vn 0.7585 0.0006 0.6517
vn 0.7595 -0.3242 0.5640
vn 0.7609 -0.5611 0.3258
vn 0.7625 -0.6470 0.0014
vn 0.7637 -0.5596 -0.3220
vn 0.7642 -0.3226 -0.5585
vn 0.7640 0.0006 -0.6452
vn 0.7630 0.3243 -0.5591
vn 0.7616 0.5620 -0.3227
vn 0.5654 0.8248 -0.0000
vn 0.5632 0.7156 0.4132
vn 0.5622 0.4135 0.7162
vn 0.5626 -0.0000 0.8267
vn 0.5643 -0.4128 0.7149
vn 0.5670 -0.7134 0.4119
vn 0.5698 -0.8218 -0.0000
vn 0.5719 -0.7104 -0.4101
vn 0.5731 -0.4098 -0.7097
vn 0.5725 -0.0000 -0.8199
vn 0.5708 0.4106 -0.7111
vn 0.5682 0.7127 -0.4114
vn 0.9672 -0.2206 -0.1263
vn 0.7588 0.5636 0.3264
vn 0.5644 -0.4128 0.7149
vn 0.5720 -0.7104 -0.4101
vn 1.0000 0.0005 0.0012
vn 0.9626 0.2710 0.0014
vn 0.9624 0.2349 0.1367
vn 0.9623 0.1359 0.2358
vn 0.9623 0.0006 0.2720
vn 0.9625 -0.1346 0.2356
vn 0.9628 -0.2334 0.1365
vn 0.9630 -0.2694 0.0014
vn 0.9633 -0.2330 -0.1335
vn 0.9634 -0.1342 -0.2322
vn 0.9633 0.0006 -0.2683
vn 0.9632 0.1356 -0.2323
vn 0.9629 0.2346 -0.1337
vn 0.7439 0.6683 0.0014
vn 0.7427 0.5795 0.3356
vn 0.7421 0.3350 0.5806
vn 0.7423 0.0006 0.6700
vn 0.7433 -0.3334 0.5799
vn 0.7448 -0.5771 0.3350
vn 0.7464 -0.6655 0.0014
vn 0.7476 -0.5756 -0.3313
vn 0.7482 -0.3319 -0.5745
vn 0.7480 0.0006 -0.6637
vn 0.7470 0.3335 -0.5752
vn 0.7455 0.5780 -0.3319
vn 0.5418 0.8405 0.0001
vn 0.5396 0.7291 0.4210
vn 0.5386 0.4213 0.7297
vn 0.5390 -0.0000 0.8423
vn 0.5407 -0.4206 0.7285
vn 0.5433 -0.7270 0.4198
vn 0.5461 -0.8377 0.0001
vn 0.5483 -0.7243 -0.4181
vn 0.5493 -0.4178 -0.7237
vn 0.5489 -0.0000 -0.8359
vn 0.5471 0.4186 -0.7249
vn 0.5445 0.7264 -0.4193
vn 0.7470 0.3335 -0.5751
vn 0.5446 0.7264 -0.4193
vn 0.9631 0.1356 -0.2323
vn 0.7424 0.0006 0.6699
vn 0.5385 0.4213 0.7297
vn -1.0000 0.0005 0.0011
vn -0.9663 0.2224 0.1294
vn -0.9665 0.2565 0.0013
vn -0.9662 0.1287 0.2232
vn -0.9663 0.0006 0.2575
vn -0.9665 -0.1274 0.2230
vn -0.9667 -0.2209 0.1292
vn -0.9669 -0.2550 0.0013
vn -0.9671 -0.2206 -0.1264
vn -0.9673 -0.1271 -0.2197
vn -0.9672 0.0006 -0.2540
vn -0.9671 0.1283 -0.2199
vn -0.9668 0.2220 -0.1265
vn -0.7588 0.5636 0.3264
vn -0.7601 0.6498 0.0014
vn -0.7583 0.3258 0.5647
vn -0.7585 0.0006 0.6517
vn -0.7595 -0.3242 0.5640
vn -0.7609 -0.5611 0.3258
vn -0.7625 -0.6470 0.0014
vn -0.7637 -0.5595 -0.3220
vn -0.7643 -0.3226 -0.5584
vn -0.7640 0.0006 -0.6452
vn -0.7630 0.3243 -0.5591
vn -0.7616 0.5620 -0.3227
vn -0.5632 0.7156 0.4132
vn -0.5654 0.8248 -0.0000
vn -0.5622 0.4135 0.7162
vn -0.5626 -0.0000 0.8267
vn -0.5643 -0.4128 0.7149
vn -0.5670 -0.7133 0.4119
vn -0.5698 -0.8218 -0.0000
vn -0.5719 -0.7104 -0.4101
vn -0.5730 -0.4098 -0.7098
vn -0.5725 -0.0000 -0.8199
vn -0.5708 0.4106 -0.7111
vn -0.5682 0.7127 -0.4114
vn -0.9672 -0.2206 -0.1264
vn -0.7637 -0.5596 -0.3220
vn -0.7642 -0.3226 -0.5585
vn -0.5644 -0.4128 0.7149
vn -0.5670 -0.7134 0.4119
vn -0.5720 -0.7104 -0.4101
vn -0.5731 -0.4098 -0.7097
vn -1.0000 0.0005 0.0012
vn -0.9624 0.2349 0.1367
vn -0.9626 0.2710 0.0014
vn -0.9623 0.1359 0.2358
vn -0.9623 0.0006 0.2720
vn -0.9625 -0.1346 0.2356
vn -0.9628 -0.2334 0.1365
vn -0.9630 -0.2694 0.0014
vn -0.9633 -0.2330 -0.1335
vn -0.9634 -0.1342 -0.2322
vn -0.9633 0.0006 -0.2683
vn -0.9631 0.1356 -0.2323
vn -0.9629 0.2346 -0.1337
vn -0.7427 0.5795 0.3356
vn -0.7439 0.6683 0.0014
vn -0.7421 0.3350 0.5806
vn -0.7424 0.0006 0.6700
vn -0.7433 -0.3334 0.5799
vn -0.7448 -0.5771 0.3350
vn -0.7464 -0.6655 0.0014
vn -0.7476 -0.5756 -0.3313
vn -0.7482 -0.3319 -0.5745
vn -0.7480 0.0006 -0.6637
vn -0.7470 0.3335 -0.5752
vn -0.7455 0.5780 -0.3319
vn -0.5396 0.7291 0.4210
vn -0.5418 0.8405 0.0001
vn -0.5386 0.4213 0.7297
vn -0.5390 -0.0000 0.8423
vn -0.5407 -0.4206 0.7285
vn -0.5434 -0.7270 0.4198
vn -0.5461 -0.8377 0.0001
vn -0.5483 -0.7243 -0.4181
vn -0.5493 -0.4178 -0.7237
vn -0.5489 -0.0000 -0.8359
vn -0.5471 0.4186 -0.7249
vn -0.5445 0.7264 -0.4193
vn -0.9627 -0.2334 0.1365
vn -0.7423 0.0006 0.6700
vn -0.7434 -0.3334 0.5799
vn -0.5385 0.4213 0.7297
vn -0.5433 -0.7270 0.4198
vn -0.5446 0.7264 -0.4193
vn -0.9990 -0.0452 -0.0000
vn 0.9990 0.0452 -0.0000
vn 0.0318 0.0014 -0.9995
vn -0.0000 0.6564 0.7544
vn 0.9824 0.1866 -0.0000
vn 0.9218 0.3878 -0.0000
vn -0.0000 0.5112 0.8594
vn -0.0000 0.6358 0.7719
vn -0.0000 0.4913 0.8710
vn -0.0000 0.5266 0.8501
vn 0.8552 0.5184 -0.0000
vn 0.9839 0.1786 -0.0000
vn 0.8552 0.5183 -0.0000
vn -0.8552 -0.5183 -0.0000
vn -0.8211 -0.5707 -0.0000
vn -0.9712 -0.2383 -0.0001
vn -0.9839 -0.1786 -0.0000
vn -0.0000 0.6593 0.7519
vn -0.0000 0.9247 0.3807
vn -0.0000 0.9643 0.2647
vn 0.9998 0.0205 -0.0000
vn 0.8211 0.5707 0.0001
vn 0.0396 0.0018 -0.9992
vn -0.9998 -0.0205 -0.0000
vn -0.9998 -0.0204 -0.0000
vn -0.8552 -0.5184 -0.0000
vn -0.9218 -0.3878 -0.0000
vn 0.0689 0.0037 -0.9976
vn 0.8335 -0.5525 -0.0022
vn 0.8430 -0.5379 -0.0000
vn 0.9999 0.0113 -0.0000
vn 0.8079 0.5893 -0.0000
vn 0.6542 0.7564 -0.0000
vn 0.9117 -0.4109 -0.0000
vn 0.9856 -0.1693 -0.0000
vn 0.1348 0.0068 -0.9908
vn 0.1376 0.0079 -0.9905
vn 0.4185 0.9082 -0.0000
vn 0.1409 0.0070 0.9900
vn 0.1423 0.0064 0.9898
vn 0.1375 0.0074 0.9905
vn 0.1376 0.0079 0.9905
vn 0.4556 -0.8902 -0.0000
vn 0.1722 0.0105 -0.9850
vn 0.1698 0.0100 -0.9854
vn 0.2065 0.0128 -0.9784
vn 0.2064 0.0128 -0.9784
vn 0.1236 0.9923 -0.0000
vn -0.0534 0.9986 -0.0000
vn -0.0536 0.9986 -0.0000
vn 0.2064 0.0128 0.9784
vn 0.1722 0.0105 0.9850
vn 0.1693 0.0100 0.9855
vn 0.2063 0.0128 0.9784
vn 0.1725 -0.9850 -0.0000
vn -0.1082 -0.9941 -0.0000
vn -0.1078 -0.9942 -0.0000
vn 0.1409 0.0070 -0.9900
vn 0.1348 0.0068 0.9908
vn 0.7219 0.0428 -0.6907
vn 0.7267 0.0415 -0.6857
vn 0.7254 0.0423 -0.6870
vn 0.7203 0.0432 -0.6923
vn -0.0820 0.9966 -0.0000
vn -0.0769 0.9970 -0.0000
vn 0.7160 0.0437 0.6968
vn 0.7143 0.0445 0.6984
vn 0.7203 0.0432 0.6923
vn 0.7219 0.0428 0.6907
vn -0.2655 -0.9641 -0.0000
vn -0.2802 -0.9599 0.0001
vn 0.2302 0.0077 -0.9731
vn 0.2439 0.0104 -0.9697
vn 0.1414 0.0068 -0.9899
vn 0.1390 0.0073 -0.9903
vn -0.2378 0.9713 -0.0000
vn -0.2988 0.9543 -0.0000
vn -0.1574 -0.0040 0.9875
vn -0.0909 -0.0052 0.9958
vn -0.0926 -0.0048 0.9957
vn -0.1556 -0.0052 0.9878
vn -0.0474 -0.9989 -0.0000
vn -0.0529 -0.9986 -0.0000
vn 0.0057 -0.0000 -1.0000
vn -0.0477 0.0120 -0.9988
vn -0.0012 -0.0002 -1.0000
vn 0.0263 0.9997 -0.0000
vn 0.0246 0.9997 -0.0001
vn 0.2781 0.9605 -0.0039
vn 0.3006 0.9537 -0.0062
vn 0.1517 0.0077 0.9884
vn 0.1455 0.0381 0.9886
vn 0.1539 0.0223 0.9878
vn 0.1070 0.0037 0.9943
vn 0.4338 -0.9010 -0.0055
vn 0.1059 -0.9944 -0.0000
vn 0.1141 -0.9935 -0.0002
vn 0.4532 -0.8914 -0.0041
vn 0.1390 0.0001 -0.9903
vn 0.0305 0.0002 -0.9995
vn 0.0297 0.0004 -0.9996
vn 0.1723 0.0024 -0.9850
vn -0.3015 0.9535 -0.0000
vn -0.2657 0.9641 -0.0000
vn 0.0047 1.0000 -0.0000
vn 0.0056 1.0000 -0.0000
vn -0.0821 -0.0026 0.9966
vn 0.0532 0.0007 0.9986
vn 0.0543 0.0008 0.9985
vn -0.0798 -0.0014 0.9968
vn -0.0043 -1.0000 -0.0000
vn -0.0358 -0.9994 -0.0000
vn -0.0415 -0.9991 -0.0000
vn 0.9218 0.3877 -0.0000
vn 0.9712 0.2383 -0.0000
vn -0.9824 -0.1866 -0.0000
vn 0.2328 0.0060 -0.9725
vn -0.1653 -0.0067 0.9862
vn 0.1065 0.0039 0.9943
vn 0.7859 0.6183 -0.0000
vn 0.7988 0.6016 -0.0023
vn 0.1335 0.0060 0.9910
vn 0.1693 0.0100 -0.9855
vn 0.2063 0.0128 -0.9784
vn 0.2065 0.0128 0.9784
vn 0.1698 0.0100 0.9854
vn 0.7161 0.0437 -0.6967
vn 0.7144 0.0445 -0.6983
vn 0.7254 0.0423 0.6870
vn 0.7267 0.0415 0.6857
vn 0.1364 0.0078 -0.9906
vn -0.0943 -0.0045 0.9955
vn 0.0291 0.0004 -0.9996
vn 0.1753 0.0038 -0.9845
vn 0.0556 0.0003 0.9985
vn -0.0471 -0.0000 0.9989
vn 0.0044 0.0002 -1.0000
vn 0.1087 0.0037 0.9941
vn -0.0457 -0.0466 -0.9979
vn 0.1576 -0.0201 0.9873
vn 0.1860 -0.0525 0.9811
vn -0.0567 0.0100 -0.9983
vn -0.1187 -0.0364 -0.9923
vn -0.0472 -0.0119 -0.9988
vn -0.0000 0.9537 -0.3009
vn -0.0000 0.9543 -0.2987
vn -0.0000 -0.1357 0.9907
vn -0.0000 0.9770 0.2134
vn -0.0000 -0.9511 0.3088
vn -0.0000 -0.6839 -0.7296
vn -0.0000 -0.6838 -0.7296
vn -0.0000 -0.7347 -0.6784
vn -0.0000 0.9550 -0.2965
vn -0.0000 -0.2832 0.9591
vn -0.0000 -0.2351 0.9720
vn -0.0000 -0.2221 0.9750
vn -0.0000 -0.2222 0.9750
vn -0.0000 0.9698 0.2439
vn -0.0000 0.9769 0.2136
vn -0.0000 -0.6840 -0.7295
vn -0.0000 -0.2226 0.9749
vn -0.0000 -0.5958 -0.8031
vn 0.7649 0.6441 -0.0000
vn 0.2684 0.9633 -0.0000
vn -0.2684 0.9633 -0.0000
vn -0.7649 0.6441 -0.0000
vn -0.7649 -0.6441 -0.0000
vn -0.7650 -0.6441 -0.0000
vn -0.2684 -0.9633 -0.0000
vn 0.2684 -0.9633 -0.0000
vn 0.7650 -0.6441 -0.0000
vn -0.8285 0.5600 -0.0000
vn -0.6394 0.7689 -0.0000
vn -0.0020 1.0000 -0.0000
vn 0.0013 1.0000 -0.0000
vn 0.6395 0.7688 -0.0000
vn 0.6394 0.7689 -0.0000
vn 0.8285 0.5600 -0.0000
vn 0.8285 -0.5600 -0.0000
vn 0.4408 -0.8976 -0.0000
vn -0.4408 -0.8976 -0.0000
vn -0.8285 -0.5600 -0.0000
vn -0.4408 0.8976 -0.0000
vn 0.4408 0.8976 -0.0000
vn -0.9997 -0.0264 -0.0000
vn 0.9997 -0.0264 -0.0000
vn -0.9826 -0.0000 0.1859
vn -0.8127 0.5551 0.1769
vn -0.8261 0.5568 0.0872
vn -0.9960 -0.0000 0.0892
vn -0.4320 0.8874 0.1608
vn -0.4222 0.9040 0.0676
vn 0.0321 0.9706 -0.2387
vn 0.0176 0.9922 -0.1230
vn 0.4013 0.9059 0.1353
vn 0.4069 0.9100 0.0797
vn 0.8127 0.5551 0.1769
vn 0.8265 0.5561 0.0874
vn 0.9826 -0.0000 0.1859
vn 0.9958 0.0001 0.0916
vn 0.8128 -0.5551 0.1769
vn 0.8264 -0.5562 0.0875
vn 0.4316 -0.8874 0.1618
vn 0.4413 -0.8937 0.0802
vn -0.0000 -0.9878 0.1554
vn -0.0000 -0.9971 0.0762
vn -0.4316 -0.8874 0.1618
vn -0.4417 -0.8936 0.0798
vn -0.8128 -0.5551 0.1769
vn -0.8261 -0.5568 0.0872
vn 0.3567 -0.0000 -0.9342
vn 0.2976 -0.2129 -0.9306
vn 0.1607 -0.3455 -0.9246
vn 0.1607 0.3455 -0.9246
vn -0.3567 -0.0000 -0.9342
vn -0.1607 -0.3455 -0.9246
vn -0.0000 -0.3874 -0.9219
vn -0.2976 -0.2129 -0.9306
vn -0.1607 0.3455 -0.9246
vn -0.2976 0.2129 -0.9306
vn -0.0000 0.3874 -0.9219
vn 0.2976 0.2129 -0.9306
vn -0.8312 0.5560 -0.0024
vn -0.9999 -0.0000 -0.0110
vn -0.4035 0.9150 -0.0012
vn -0.0000 1.0000 -0.0042
vn 0.4024 0.9155 -0.0011
vn 0.8284 0.5601 -0.0003
vn 1.0000 -0.0000 0.0001
vn 0.8282 -0.5604 -0.0005
vn 0.4382 -0.8989 -0.0015
vn 0.0001 -1.0000 -0.0044
vn -0.4393 -0.8983 -0.0015
vn -0.8311 -0.5561 -0.0024
vn -0.9264 -0.0000 0.3765
vn -0.8709 0.4834 0.0880
vn -0.8283 0.5602 -0.0088
vn -1.0000 -0.0000 -0.0077
vn -0.3802 0.9227 0.0642
vn -0.4406 0.8977 -0.0081
vn -0.0000 0.9650 0.2624
vn -0.0000 1.0000 -0.0077
vn 0.3802 0.9227 0.0642
vn 0.4406 0.8977 -0.0079
vn 0.8710 0.4834 0.0880
vn 0.8283 0.5602 -0.0079
vn 0.9400 -0.0000 0.3413
vn 1.0000 -0.0000 -0.0092
vn 0.8710 -0.4834 0.0880
vn 0.8283 -0.5602 -0.0088
vn 0.3802 -0.9227 0.0642
vn 0.4406 -0.8977 -0.0081
vn -0.0000 -0.9650 0.2624
vn -0.0000 -1.0000 -0.0077
vn -0.3802 -0.9227 0.0642
vn -0.4406 -0.8977 -0.0079
vn -0.8709 -0.4834 0.0880
vn -0.8283 -0.5602 -0.0079
vn -0.9937 -0.1059 -0.0364
vn -0.9925 -0.1224 0.0004
vn -1.0000 -0.0000 0.0001
vn -0.9985 0.0042 -0.0539
vn -0.3561 0.9329 -0.0528
vn -0.2217 0.9751 0.0026
vn -0.9527 0.3039 -0.0013
vn -0.8700 0.4860 -0.0830
vn -0.0225 0.9778 -0.2082
vn 0.0003 1.0000 0.0027
vn 0.0600 0.9982 0.0002
vn 0.0425 0.9979 -0.0491
vn 0.0107 0.9883 -0.1522
vn -0.0617 0.9981 0.0023
vn 0.3540 0.9338 -0.0511
vn 0.8676 0.4902 -0.0834
vn 0.9472 0.3207 0.0007
vn 0.2176 0.9760 0.0006
vn 0.9985 0.0007 -0.0545
vn 0.9957 -0.0931 0.0003
vn 0.9976 -0.0457 -0.0518
vn 0.9975 0.0408 -0.0577
vn 0.9956 0.0933 0.0005
vn 0.3847 -0.9204 -0.0696
vn 0.2059 -0.9785 -0.0078
vn 0.8999 -0.4341 -0.0421
vn 0.8650 -0.4888 -0.1134
vn 0.0225 -0.9778 -0.2082
vn -0.0015 -1.0000 0.0031
vn -0.0596 -0.9982 0.0002
vn -0.0424 -0.9979 -0.0492
vn -0.0106 -0.9883 -0.1522
vn 0.0617 -0.9981 0.0023
vn -0.8703 -0.4854 -0.0837
vn -0.9539 -0.3002 0.0019
vn -0.2224 -0.9750 0.0004
vn -0.3825 -0.9218 -0.0633
vn -0.9925 0.1226 0.0002
vn -0.9939 0.1008 -0.0451
vn -0.9374 -0.0660 0.3420
vn -0.8640 -0.0005 0.5034
vn -0.9373 0.0663 0.3423
vn -0.9581 -0.2861 -0.0105
vn -0.9643 0.2649 -0.0068
vn -0.9284 0.0280 -0.3706
vn -0.9132 -0.0000 -0.4075
vn -0.8790 0.0033 -0.4767
vn -0.9287 -0.0327 -0.3695
vn -0.9692 -0.2464 0.0018
vn 0.0175 0.9682 0.2495
vn 0.0180 0.8778 0.4788
vn -0.2133 0.9769 -0.0090
vn 0.1920 0.9814 -0.0062
vn 0.0235 0.9749 -0.2212
vn -0.0000 0.9739 -0.2272
vn -0.0190 0.9015 -0.4323
vn -0.0182 0.9760 -0.2172
vn -0.1743 0.9847 0.0047
vn -0.0282 0.9668 0.2539
vn 0.9408 -0.0113 0.3389
vn 0.9130 -0.0023 0.4080
vn 0.9580 0.2867 -0.0111
vn 0.9709 -0.2396 -0.0057
vn 0.9425 0.0138 -0.3340
vn 0.9398 0.0001 -0.3418
vn 0.9170 0.0016 -0.3988
vn 0.9306 -0.0585 -0.3612
vn 0.9977 0.0674 0.0020
vn 0.9406 0.0120 0.3394
vn -0.0175 -0.9682 0.2495
vn -0.0180 -0.8778 0.4788
vn 0.2153 -0.9765 -0.0053
vn -0.1920 -0.9814 -0.0058
vn -0.0063 -0.9648 -0.2629
vn -0.0000 -0.9602 -0.2793
vn 0.0188 -0.8667 -0.4985
vn 0.0011 -0.9659 -0.2588
vn 0.1743 -0.9847 0.0047
vn 0.0281 -0.9668 0.2539
vn -0.9937 -0.1024 0.0448
vn -0.9982 -0.0007 0.0606
vn -0.9937 0.1035 0.0430
vn -0.9922 0.1241 -0.0090
vn 0.0024 0.9913 0.1314
vn 0.0307 0.9786 0.2036
vn 0.0617 0.9981 -0.0072
vn -0.0458 0.9979 0.0456
vn 0.9969 -0.0498 0.0607
vn 0.9985 -0.0012 0.0556
vn 0.9951 -0.0990 -0.0087
vn 0.9970 0.0569 0.0527
vn -0.0024 -0.9913 0.1314
vn -0.0307 -0.9786 0.2036
vn -0.0616 -0.9981 -0.0069
vn 0.0459 -0.9979 0.0453
vn -0.9921 -0.1241 -0.0163
vn -0.9920 -0.1259 -0.0093
vn -1.0000 -0.0000 -0.0079
vn -0.9999 -0.0000 -0.0165
vn -0.2160 0.9762 -0.0178
vn -0.9580 0.2866 -0.0110
vn -0.9581 0.2858 -0.0206
vn -0.0000 1.0000 -0.0070
vn 0.0614 0.9980 -0.0139
vn -0.0614 0.9980 -0.0138
vn -0.0617 0.9981 -0.0072
vn 0.9580 0.2859 -0.0204
vn 0.2133 0.9769 -0.0091
vn 0.2161 0.9762 -0.0179
vn 0.9953 -0.0957 -0.0167
vn 0.9999 0.0001 -0.0161
vn 0.9999 0.0001 -0.0103
vn 0.9953 0.0956 -0.0167
vn 0.9950 0.0991 -0.0088
vn 0.2161 -0.9763 -0.0150
vn 0.9587 -0.2844 -0.0004
vn 0.9320 -0.3622 -0.0147
vn -0.0000 -0.9999 -0.0134
vn -0.0000 -1.0000 -0.0067
vn -0.0614 -0.9980 -0.0132
vn 0.0614 -0.9980 -0.0131
vn 0.0616 -0.9981 -0.0069
vn -0.9579 -0.2864 -0.0204
vn -0.2133 -0.9769 -0.0087
vn -0.2161 -0.9762 -0.0172
vn -0.9922 0.1238 -0.0164
vn -0.9698 0.2438 0.0051
vn -0.9642 -0.2646 -0.0154
vn -0.9642 -0.2651 -0.0056
vn 0.1731 0.9849 0.0066
vn -0.1922 0.9813 -0.0130
vn -0.1920 0.9814 -0.0062
vn 0.9790 -0.2038 0.0053
vn 0.9896 0.1426 -0.0164
vn 0.9713 0.2377 -0.0021
vn -0.1792 -0.9838 0.0092
vn 0.1922 -0.9813 -0.0123
vn 0.1920 -0.9814 -0.0059
vn -0.9642 0.2646 -0.0156
vn 0.1922 0.9813 -0.0132
vn 0.9708 -0.2395 -0.0155
vn -0.2029 -0.9791 -0.0137
vn -0.0014 0.0086 -1.0000
vn -0.0007 -0.0040 -1.0000
vn -0.0004 -0.0029 -1.0000
vn -0.0007 -0.0025 -1.0000
vn -0.0000 0.0015 -1.0000
vn 0.0006 -0.0000 -1.0000
vn 0.0007 -0.0000 -1.0000
vn -0.0016 -0.0004 -1.0000
vn -0.0017 -0.0004 -1.0000
vn -0.0023 -0.0003 -1.0000
vn -0.0018 -0.0003 -1.0000
vn 0.0023 -0.0004 -1.0000
vn 0.0020 -0.0002 -1.0000
vn 0.0008 0.0004 -1.0000
vn 0.0010 0.0001 -1.0000
vn -0.0035 0.0059 -1.0000
vn -0.0038 0.0047 -1.0000
vn -0.0198 0.0144 -0.9997
vn -0.0183 0.0161 -0.9997
vn -0.0005 -0.0059 -1.0000
vn 0.0004 -0.0048 -1.0000
vn 0.0008 -0.0127 -0.9999
vn 0.0014 -0.0132 -0.9999
vn 0.0003 -0.0000 -1.0000
vn 0.0014 0.0132 -0.9999
vn 0.0009 0.0136 -0.9999
vn 0.0017 0.0052 -1.0000
vn 0.0007 0.0053 -1.0000
vn 0.0018 -0.0044 -1.0000
vn 0.0008 -0.0034 -1.0000
vn -0.0006 -0.0000 -1.0000
vn 0.0016 0.0004 -1.0000
vn 0.0017 0.0004 -1.0000
vn 0.0023 0.0003 -1.0000
vn 0.0018 0.0003 -1.0000
vn -0.0023 0.0003 -1.0000
vn -0.0016 0.0004 -1.0000
vn -0.0017 0.0004 -1.0000
vn -0.0001 -0.0035 -1.0000
vn -0.0012 0.0053 -1.0000
vn -0.0015 0.0052 -1.0000
vn -0.5795 -0.0000 -0.8150
vn -0.5013 0.3263 -0.8014
vn -0.2876 0.5642 -0.7739
vn -0.0000 0.6495 -0.7604
vn 0.2876 0.5642 -0.7740
vn 0.5013 0.3263 -0.8014
vn 0.5795 -0.0000 -0.8150
vn 0.5013 -0.3263 -0.8014
vn 0.2876 -0.5642 -0.7739
vn -0.0000 -0.6495 -0.7604
vn -0.2876 -0.5642 -0.7740
vn -0.5013 -0.3263 -0.8014
vn -0.7873 0.6166 -0.0000
vn -0.5259 0.8505 -0.0000
vn -0.4493 0.8934 -0.0000
vn -0.0023 1.0000 -0.0000
vn 0.0023 1.0000 -0.0000
vn 0.4493 0.8934 -0.0000
vn 0.5260 0.8505 -0.0000
vn 0.7873 0.6166 -0.0000
vn 0.7873 -0.6166 -0.0000
vn 0.4094 -0.9124 -0.0000
vn -0.4094 -0.9124 -0.0000
vn -0.4094 -0.9123 -0.0000
vn -0.7873 -0.6166 -0.0000
vn -0.4094 0.9124 -0.0000
vn 0.4094 0.9124 -0.0000
vn 0.4094 0.9123 -0.0000
vn 0.4493 -0.8934 -0.0000
vn -0.4493 -0.8934 -0.0000
vn -0.2637 0.4821 0.8355
vn 0.2637 0.4821 0.8355
vn 0.1955 0.8134 -0.5478
vn -0.1955 0.8134 -0.5478
vn -0.1955 0.8135 -0.5478
vn -0.2618 -0.4453 0.8562
vn 0.2618 -0.4453 0.8563
vn 0.2618 -0.4453 0.8562
vn -0.0000 -0.0598 -0.9982
vn -0.0059 -0.0597 -0.9982
vn 0.0057 -0.0597 -0.9982
vn 0.0055 -0.0597 -0.9982
vn 0.5259 -0.8505 -0.0000
vn 0.0048 -1.0000 -0.0000
vn -0.0054 -1.0000 -0.0000
vn -0.5260 -0.8505 -0.0000
vn -0.0001 -0.0000 1.0000
vn 0.0001 -0.0000 1.0000
vn -0.3673 0.9301 -0.0000
vn 0.3673 0.9301 -0.0000
vn 0.3673 -0.9301 -0.0000
vn -0.3673 -0.9301 -0.0000
vn 0.2175 0.9761 -0.0000
vn -0.2175 0.9761 -0.0000
vn -0.2175 -0.9761 -0.0000
vn 0.2175 -0.9761 -0.0000
vn -0.8215 -0.5702 -0.0000
vn -0.8215 0.5702 -0.0000
vn 0.8215 0.5702 -0.0000
vn 0.8215 -0.5702 -0.0000
vn -0.0000 -0.0890 -0.9960
vn -0.0000 -0.0889 0.9960
vn -0.0000 -0.2589 -0.9659
vn -0.0000 -0.2588 0.9659
vn -0.0000 -0.2588 -0.9659
vn -0.6759 0.7370 -0.0000
vn 0.0011 1.0000 -0.0000
vn 0.6759 0.7370 -0.0000
vn 0.9054 -0.4246 -0.0000
vn 0.7046 -0.7096 -0.0000
vn -0.5115 -0.8593 -0.0000
vn -0.6394 -0.7689 -0.0000
vn -0.9054 0.4246 -0.0000
vn -0.0046 1.0000 -0.0000
vn 0.9054 0.4246 -0.0000
vn -0.0558 0.2967 0.9533
vn -0.0656 0.2946 0.9534
vn -0.0647 0.2971 0.9526
vn -0.0548 0.2991 0.9526
vn 0.0548 0.2991 0.9526
vn -0.0000 0.3019 0.9533
vn -0.0000 0.3011 0.9536
vn 0.0647 0.2971 0.9526
vn -0.0300 0.2862 0.9577
vn -0.0000 0.2884 0.9575
vn 0.0558 0.2967 0.9533
vn 0.0317 0.2841 0.9583
vn 0.0300 0.2862 0.9577
vn -0.0000 0.2712 0.9625
vn -0.0009 0.2145 0.9767
vn 0.0015 0.1109 0.9938
vn 0.0009 0.2144 0.9767
vn 0.9333 -0.3592 -0.0000
vn -0.0052 1.0000 -0.0000
vn -0.9329 -0.3600 -0.0000
vn -0.9330 -0.3600 -0.0000
vn 0.9438 -0.3306 -0.0000
vn -0.0044 1.0000 -0.0000
vn -0.0000 -0.2556 -0.9668
vn -0.0000 0.0530 0.9986
vn 0.0052 1.0000 -0.0000
vn 0.0046 1.0000 -0.0000
vn 0.0656 0.2946 0.9534
vn 0.0044 1.0000 -0.0000
vn -0.0010 1.0000 -0.0000
vn -0.0317 0.2841 0.9583
vn -0.0015 0.1109 0.9938
vn 0.8468 -0.5319 -0.0000
vn 0.8399 -0.5427 -0.0000
vn 0.8444 -0.5358 -0.0000
vn 0.0001 0.0266 -0.9996
vn 0.0001 0.0585 -0.9983
vn -0.7495 0.6620 -0.0000
vn -0.7494 0.6621 -0.0000
vn -0.8157 0.5785 -0.0000
vn -0.8142 0.5806 -0.0000
vn -0.8114 0.5844 -0.0000
vn 0.0002 0.0727 0.9974
vn 0.0002 0.1593 0.9872
vn -0.8456 -0.5338 -0.0000
vn -0.8432 -0.5376 -0.0000
vn -0.9435 -0.3313 -0.0000
vn -0.8388 -0.5445 -0.0000
vn -0.0002 0.0726 0.9974
vn -0.0002 0.1594 0.9872
vn 0.7483 0.6634 -0.0000
vn 0.7482 0.6634 -0.0000
vn 0.8145 0.5802 -0.0000
vn 0.8102 0.5861 -0.0000
vn 0.8130 0.5823 -0.0000
vn -0.0001 0.0267 -0.9996
vn -0.0001 0.0586 -0.9983
vn 0.8791 0.4766 -0.0000
vn 0.9959 -0.0907 -0.0000
vn 1.0000 -0.0049 -0.0000
vn 0.8539 0.5204 -0.0000
vn 0.8600 0.5104 -0.0000
vn 0.9997 -0.0261 -0.0000
vn -0.0000 0.1130 -0.9936
vn 0.0001 0.0864 -0.9963
vn 0.0001 0.0863 -0.9963
vn -0.0000 0.1384 -0.9904
vn -0.9130 -0.4079 -0.0000
vn -0.9911 0.1330 -0.0000
vn -0.9937 0.1119 -0.0000
vn -0.9086 -0.4177 -0.0000
vn -0.9268 -0.3756 -0.0000
vn -0.9796 0.2008 -0.0000
vn -0.0000 0.4765 0.8792
vn 0.0001 0.5173 0.8558
vn 0.0001 0.3224 0.9466
vn 0.0002 0.3299 0.9440
vn -0.8589 0.5122 -0.0000
vn -0.9997 -0.0263 -0.0000
vn -1.0000 -0.0053 -0.0000
vn -0.8528 0.5222 -0.0000
vn -1.0000 -0.0054 -0.0000
vn -0.8780 0.4787 -0.0000
vn -1.0000 -0.0049 -0.0000
vn -0.9958 -0.0913 -0.0000
vn -0.0001 0.4765 0.8792
vn -0.0002 0.3299 0.9440
vn -0.0002 0.3232 0.9463
vn -0.0001 0.5175 0.8557
vn 0.9255 -0.3787 -0.0000
vn 0.9797 0.2007 -0.0000
vn 0.9938 0.1113 -0.0000
vn 0.9073 -0.4205 -0.0000
vn 0.9117 -0.4108 -0.0000
vn 0.9912 0.1325 -0.0000
vn -0.0000 0.1128 -0.9936
vn -0.0000 0.1382 -0.9904
vn -0.0001 0.0863 -0.9963
vn -0.0000 0.0861 -0.9963
vn 0.0046 -1.0000 -0.0000
vn 0.0041 -1.0000 -0.0000
vn -0.0046 -1.0000 -0.0000
vn -0.1424 -0.9898 -0.0000
vn 0.1424 -0.9898 -0.0000
vn -0.0501 0.9987 -0.0000
vn -0.0042 -1.0000 -0.0000
vn 0.0501 0.9987 -0.0000
vn 0.7526 0.6585 -0.0000
vn -0.0000 0.1672 -0.9859
vn -0.0000 0.1676 -0.9859
vn -0.8388 -0.5445 -0.0001
vn -0.8387 -0.5445 -0.0000
vn -0.0000 0.5720 0.8202
vn -0.7515 0.6597 -0.0000
vn -0.0001 0.5721 0.8202
vn 0.8373 -0.5468 -0.0000
vn 1.0000 0.0002 0.0005
vn 0.9937 0.1124 0.0006
vn 0.9936 0.0975 0.0567
vn 0.9936 0.0564 0.0978
vn 0.9936 0.0003 0.1128
vn 0.9936 -0.0558 0.0977
vn 0.9937 -0.0968 0.0566
vn 0.9937 -0.1117 0.0006
vn 0.9938 -0.0966 -0.0553
vn 0.9938 -0.0556 -0.0962
vn 0.9938 0.0003 -0.1112
vn 0.9938 0.0562 -0.0963
vn 0.9937 0.0972 -0.0554
vn 0.9317 0.3632 0.0011
vn 0.9311 0.3155 0.1829
vn 0.9309 0.1826 0.3165
vn 0.9310 0.0005 0.3651
vn 0.9314 -0.1812 0.3156
vn 0.9321 -0.3131 0.1821
vn 0.9328 -0.3604 0.0010
vn 0.9333 -0.3112 -0.1789
vn 0.9336 -0.1793 -0.3102
vn 0.9335 0.0005 -0.3586
vn 0.9330 0.1807 -0.3111
vn 0.9324 0.3136 -0.1797
vn 0.8638 0.4365 0.2518
vn 0.8649 0.5019 -0.0002
vn 0.8632 0.2525 0.4372
vn 0.8634 -0.0001 0.5045
vn 0.8644 -0.2516 0.4354
vn 0.8658 -0.4335 0.2500
vn 0.8673 -0.4978 -0.0002
vn 0.8685 -0.4292 -0.2480
vn 0.8690 -0.2474 -0.4286
vn 0.8688 -0.0001 -0.4952
vn 0.8678 0.2483 -0.4304
vn 0.8665 0.4322 -0.2498
vn -0.0000 0.9997 -0.0245
vn -0.0000 0.9997 -0.0249
vn 0.5660 0.8240 -0.0273
vn 0.6498 0.7598 -0.0230
vn 0.9343 0.3555 -0.0257
vn 0.8911 0.4528 -0.0285
vn 0.9917 0.1257 -0.0263
vn 0.9958 0.0838 -0.0361
vn 0.9987 -0.0349 -0.0380
vn 0.9979 -0.0480 -0.0444
vn 0.9916 -0.1189 -0.0504
vn 0.9874 -0.1466 -0.0600
vn 0.9167 -0.3890 -0.0914
vn 0.9008 -0.4190 -0.1141
vn 0.6042 -0.7731 -0.1931
vn 0.6473 -0.7460 -0.1564
vn -0.0000 -0.9780 -0.2085
vn -0.0000 -0.9704 -0.2417
vn -0.0000 0.9981 -0.0613
vn 0.6534 0.7549 -0.0559
vn 0.9303 0.3661 -0.0210
vn -0.0000 0.9813 -0.1923
vn 0.5602 0.8163 -0.1408
vn 0.9960 0.0889 0.0005
vn 0.9057 0.4233 -0.0232
vn 0.9990 -0.0424 -0.0125
vn 0.9920 0.1173 0.0473
vn 0.9894 -0.1386 -0.0440
vn 0.9970 -0.0568 0.0535
vn 0.9028 -0.4165 -0.1071
vn 0.5839 -0.7876 -0.1967
vn -0.0000 -0.9695 -0.2453
vn 0.9888 -0.1494 0.0027
vn 0.9057 -0.4159 -0.0816
vn 0.5963 -0.7808 -0.1865
vn -0.0000 -0.9711 -0.2386
vn -0.0000 0.9758 -0.2187
vn 0.5475 0.8283 -0.1190
vn 0.8879 0.4601 0.0062
vn 0.9858 0.1599 0.0516
vn 0.9969 -0.0463 0.0629
vn 0.9831 -0.1797 0.0353
vn 0.8815 -0.4700 -0.0449
vn 0.5462 -0.8211 -0.1657
vn -0.0000 -0.9735 -0.2286
vn 0.8422 0.5356 0.0617
vn 0.4605 0.8873 0.0258
vn 0.3078 0.9389 0.1542
vn -0.0000 0.9925 0.1224
vn 0.7502 0.6453 0.1441
vn 0.9807 0.1903 0.0439
vn 0.9995 -0.0163 0.0263
vn 0.9846 -0.1738 0.0205
vn 0.8714 -0.4892 -0.0365
vn 0.5017 -0.8515 -0.1523
vn 0.4434 -0.8850 -0.1421
vn 0.8698 -0.4921 -0.0363
vn 0.9912 -0.1327 0.0024
vn 0.9998 -0.0203 0.0055
vn 0.9833 0.1756 0.0479
vn 0.9938 0.0941 0.0584
vn 0.7208 0.6665 0.1905
vn -0.0000 -0.7484 -0.6633
vn 0.5279 -0.6405 -0.5578
vn 0.5690 -0.5787 -0.5843
vn -0.0001 -0.7413 -0.6712
vn 0.8771 -0.3463 -0.3328
vn 0.8796 -0.3385 -0.3343
vn 0.9911 -0.1240 0.0491
vn 0.9950 -0.0930 0.0365
vn 0.9557 -0.0515 -0.2899
vn 0.9551 -0.0480 -0.2924
vn 0.9726 0.1150 -0.2019
vn 0.9674 0.1412 -0.2101
vn 0.7748 0.4222 -0.4705
vn 0.7628 0.4295 -0.4834
vn 0.3882 0.6172 -0.6844
vn 0.3515 0.6227 -0.6991
vn -0.0000 0.6529 -0.7574
vn -0.0000 0.6420 -0.7667
vn 0.9928 -0.1164 -0.0279
vn 0.9923 -0.1200 -0.0308
vn 0.9995 -0.0323 -0.0015
vn 0.9995 -0.0299 0.0025
vn 0.9922 0.1245 -0.0075
vn 0.9914 0.1305 -0.0062
vn 0.9482 -0.3175 -0.0122
vn 0.9444 -0.3283 -0.0164
vn 0.0628 0.0392 0.9973
vn 0.0188 0.0350 0.9992
vn 0.0349 0.0378 0.9987
vn 0.8778 0.4790 0.0013
vn 0.8802 0.4746 0.0028
vn 0.0312 0.0328 0.9990
vn -0.0312 0.0233 0.9992
vn -0.0402 0.0243 0.9989
vn 0.0674 0.0386 0.9970
vn 0.6859 -0.7269 -0.0351
vn 0.6805 -0.7318 -0.0383
vn 0.5058 0.8627 -0.0008
vn 0.5062 0.8624 -0.0028
vn 0.0003 0.0253 0.9997
vn -0.0120 0.0186 0.9998
vn 0.0050 0.0344 0.9994
vn 0.0080 0.0334 0.9994
vn -0.0000 -0.9998 -0.0213
vn -0.0000 -0.9996 -0.0274
vn -0.0000 0.0144 0.9999
vn 0.0001 0.0231 0.9997
vn -0.0000 0.9999 -0.0110
vn -0.0000 0.9999 -0.0155
vn -0.0000 0.0333 0.9994
vn -0.0000 0.0328 0.9995
vn 0.9999 -0.0109 -0.0007
vn 0.1325 0.9738 0.1850
vn -0.0000 0.9873 0.1586
vn 0.5546 -0.8216 -0.1318
vn 0.9602 -0.2779 -0.0270
vn -0.0000 -0.9784 -0.2067
vn -0.0000 -0.9815 -0.1915
vn 0.9988 -0.0491 -0.0030
vn -0.0000 -0.9614 0.2751
vn -0.0000 -0.9776 0.2105
vn 0.6652 -0.7306 0.1540
vn 0.6671 -0.7174 0.2008
vn 0.6405 -0.7632 -0.0854
vn -0.0000 -0.9965 -0.0842
vn 0.6814 -0.7308 0.0399
vn -0.0000 -0.9974 0.0717
vn 0.9223 -0.3830 -0.0525
vn 0.9405 -0.3323 0.0706
vn 0.9372 -0.3389 0.0823
vn 0.9471 -0.3202 0.0198
vn 0.9932 -0.1156 0.0129
vn 0.9924 -0.1222 0.0130
vn 0.9917 -0.1251 -0.0298
vn 0.9947 -0.1024 -0.0004
vn 0.9990 -0.0391 -0.0225
vn 0.9993 -0.0375 -0.0061
vn 0.9995 -0.0325 -0.0038
vn 0.9993 -0.0353 -0.0114
vn 0.9962 0.0871 -0.0093
vn 0.9932 0.1156 -0.0124
vn 0.9915 0.1302 -0.0064
vn 0.9947 0.1019 -0.0112
vn 0.9115 0.4113 -0.0072
vn 0.8907 0.4547 -0.0019
vn 0.8614 0.5078 0.0075
vn 0.8957 0.4446 -0.0086
vn 0.5204 0.8539 -0.0073
vn 0.4624 0.8866 -0.0066
vn 0.5586 0.8292 -0.0196
vn 0.5506 0.8346 -0.0174
vn -0.0000 0.9996 -0.0279
vn -0.0000 0.9998 -0.0213
vn -0.0000 0.9994 -0.0346
vn -0.0000 0.9998 -0.0223
vn -0.0000 -0.9751 -0.2220
vn -0.6498 0.7598 -0.0230
vn -0.5660 0.8240 -0.0273
vn -0.9343 0.3555 -0.0257
vn -0.8912 0.4528 -0.0285
vn -0.9958 0.0841 -0.0365
vn -0.9917 0.1259 -0.0260
vn -0.9978 -0.0483 -0.0448
vn -0.9987 -0.0351 -0.0378
vn -0.9874 -0.1466 -0.0600
vn -0.9916 -0.1189 -0.0504
vn -0.9008 -0.4190 -0.1141
vn -0.9167 -0.3890 -0.0914
vn -0.6042 -0.7731 -0.1931
vn -0.6473 -0.7460 -0.1564
vn -0.6534 0.7549 -0.0559
vn -0.9303 0.3661 -0.0210
vn -0.5602 0.8163 -0.1408
vn -0.9960 0.0889 0.0005
vn -0.9057 0.4233 -0.0232
vn -0.9990 -0.0424 -0.0125
vn -0.9920 0.1173 0.0473
vn -0.9894 -0.1386 -0.0440
vn -0.9970 -0.0568 0.0535
vn -0.9028 -0.4165 -0.1071
vn -0.5839 -0.7876 -0.1967
vn -0.9888 -0.1494 0.0027
vn -0.9057 -0.4159 -0.0816
vn -0.5963 -0.7808 -0.1865
vn -0.5475 0.8283 -0.1190
vn -0.8879 0.4601 0.0062
vn -0.9858 0.1599 0.0516
vn -0.9969 -0.0463 0.0629
vn -0.9831 -0.1797 0.0353
vn -0.8815 -0.4700 -0.0449
vn -0.5462 -0.8211 -0.1657
vn -0.4605 0.8873 0.0258
vn -0.8422 0.5356 0.0617
vn -0.3078 0.9388 0.1544
vn -0.7502 0.6453 0.1441
vn -0.9807 0.1903 0.0439
vn -0.9995 -0.0163 0.0263
vn -0.9846 -0.1738 0.0205
vn -0.8714 -0.4892 -0.0365
vn -0.5018 -0.8515 -0.1523
vn -0.8697 -0.4922 -0.0363
vn -0.4435 -0.8850 -0.1421
vn -0.9912 -0.1327 0.0024
vn -0.9998 -0.0203 0.0055
vn -0.9833 0.1756 0.0479
vn -0.7208 0.6665 0.1905
vn -0.9938 0.0941 0.0584
vn -0.5690 -0.5787 -0.5843
vn -0.5279 -0.6406 -0.5576
vn -0.8796 -0.3385 -0.3343
vn -0.8771 -0.3463 -0.3328
vn -0.9950 -0.0930 0.0365
vn -0.9911 -0.1240 0.0491
vn -0.9551 -0.0480 -0.2924
vn -0.9557 -0.0515 -0.2899
vn -0.9674 0.1412 -0.2101
vn -0.9726 0.1150 -0.2019
vn -0.7628 0.4295 -0.4834
vn -0.7748 0.4222 -0.4705
vn -0.3515 0.6227 -0.6991
vn -0.3883 0.6170 -0.6845
vn -0.9928 -0.1164 -0.0279
vn -0.9995 -0.0299 0.0025
vn -0.9995 -0.0323 -0.0015
vn -0.9923 -0.1200 -0.0308
vn -0.9914 0.1305 -0.0062
vn -0.9922 0.1245 -0.0075
vn -0.9482 -0.3175 -0.0122
vn -0.9444 -0.3283 -0.0164
vn -0.0349 0.0378 0.9987
vn -0.0189 0.0351 0.9992
vn -0.0628 0.0392 0.9973
vn -0.8802 0.4746 0.0028
vn -0.8778 0.4790 0.0013
vn 0.0402 0.0243 0.9989
vn 0.0312 0.0233 0.9992
vn -0.0312 0.0328 0.9990
vn -0.0674 0.0386 0.9970
vn -0.6859 -0.7269 -0.0351
vn -0.6805 -0.7318 -0.0383
vn -0.5058 0.8627 -0.0008
vn -0.5062 0.8624 -0.0028
vn 0.0120 0.0186 0.9998
vn -0.0004 0.0251 0.9997
vn -0.0065 0.0345 0.9994
vn -0.0071 0.0339 0.9994
vn -0.9999 -0.0109 -0.0007
vn -0.1325 0.9738 0.1850
vn -0.9602 -0.2779 -0.0270
vn -0.5546 -0.8216 -0.1318
vn -0.9988 -0.0491 -0.0030
vn -0.6671 -0.7174 0.2008
vn -0.6652 -0.7306 0.1540
vn -0.6405 -0.7632 -0.0854
vn -0.6814 -0.7308 0.0399
vn -0.9223 -0.3830 -0.0525
vn -0.9372 -0.3389 0.0823
vn -0.9405 -0.3323 0.0706
vn -0.9471 -0.3202 0.0198
vn -0.9924 -0.1222 0.0130
vn -0.9932 -0.1156 0.0129
vn -0.9917 -0.1251 -0.0298
vn -0.9947 -0.1024 -0.0004
vn -0.9990 -0.0391 -0.0225
vn -0.9995 -0.0325 -0.0038
vn -0.9993 -0.0375 -0.0061
vn -0.9993 -0.0353 -0.0114
vn -0.9962 0.0871 -0.0093
vn -0.9915 0.1302 -0.0064
vn -0.9932 0.1156 -0.0124
vn -0.9947 0.1019 -0.0112
vn -0.9115 0.4113 -0.0072
vn -0.8614 0.5078 0.0075
vn -0.8907 0.4547 -0.0019
vn -0.8957 0.4446 -0.0086
vn -0.4624 0.8866 -0.0066
vn -0.5204 0.8539 -0.0073
vn -0.5586 0.8292 -0.0196
vn -0.5506 0.8346 -0.0174
vn 0.0286 0.0169 0.9994
vn 0.0198 0.0137 0.9997
vn -0.0000 0.0132 0.9999
vn -0.0198 0.0137 0.9997
vn -0.0286 0.0169 0.9994
vn -0.0000 -0.9990 -0.0439
vn -0.0000 1.0000 -0.0016
vn -1.0000 0.0013 -0.0028
vn -0.8957 0.4447 -0.0023
vn -0.8951 0.3853 -0.2242
vn -0.8949 0.2229 -0.3867
vn -0.8950 0.0010 -0.4461
vn -0.8954 -0.2209 -0.3866
vn -0.8961 -0.3832 -0.2241
vn -0.8968 -0.4424 -0.0023
vn -0.8974 -0.3829 0.2194
vn -0.8976 -0.2206 0.3816
vn -0.8975 0.0010 0.4410
vn -0.8971 0.2227 0.3817
vn -0.8964 0.3851 0.2195
vn -0.5651 0.8250 -0.0015
vn -0.5639 0.7147 -0.4138
vn -0.5632 0.4130 -0.7157
vn -0.5635 0.0007 -0.8261
vn -0.5645 -0.4116 -0.7155
vn -0.5661 -0.7131 -0.4136
vn -0.5677 -0.8232 -0.0015
vn -0.5691 -0.7126 0.4103
vn -0.5696 -0.4111 0.7117
vn -0.5694 0.0007 0.8221
vn -0.5683 0.4125 0.7119
vn -0.5668 0.7143 0.4105
vn -0.3298 0.9440 -0.0006
vn -0.3281 0.8179 -0.4726
vn -0.3273 0.4724 -0.8184
vn -0.3276 0.0003 -0.9448
vn -0.3290 -0.4717 -0.8181
vn -0.3310 -0.8169 -0.4724
vn -0.3331 -0.9429 -0.0006
vn -0.3348 -0.8162 0.4708
vn -0.3356 -0.4711 0.8158
vn -0.3353 0.0003 0.9421
vn -0.3339 0.4717 0.8161
vn -0.3319 0.8172 0.4711
vn 1.0000 0.0009 0.0021
vn 0.8957 0.4447 0.0023
vn 0.8951 0.3853 0.2242
vn 0.8949 0.2229 0.3867
vn 0.8950 0.0010 0.4461
vn 0.8954 -0.2209 0.3866
vn 0.8961 -0.3832 0.2241
vn 0.8968 -0.4424 0.0023
vn 0.8974 -0.3829 -0.2194
vn 0.8976 -0.2206 -0.3816
vn 0.8975 0.0010 -0.4410
vn 0.8971 0.2227 -0.3817
vn 0.8964 0.3851 -0.2195
vn 0.5651 0.8250 0.0015
vn 0.5639 0.7147 0.4138
vn 0.5632 0.4130 0.7157
vn 0.5635 0.0007 0.8261
vn 0.5645 -0.4116 0.7155
vn 0.5661 -0.7131 0.4136
vn 0.5677 -0.8232 0.0015
vn 0.5690 -0.7126 -0.4103
vn 0.5696 -0.4111 -0.7117
vn 0.5694 0.0007 -0.8220
vn 0.5684 0.4125 -0.7119
vn 0.5668 0.7143 -0.4105
vn 0.3298 0.9440 0.0006
vn 0.3281 0.8179 0.4726
vn 0.3273 0.4724 0.8184
vn 0.3276 0.0003 0.9448
vn 0.3290 -0.4717 0.8181
vn 0.3310 -0.8169 0.4724
vn 0.3331 -0.9429 0.0006
vn 0.3349 -0.8162 -0.4708
vn 0.3356 -0.4711 -0.8158
vn 0.3353 0.0003 -0.9421
vn 0.3339 0.4717 -0.8161
vn 0.3319 0.8172 -0.4711
vn 1.0000 0.0005 0.0013
vn 0.9570 0.2902 0.0015
vn 0.9567 0.2516 0.1464
vn 0.9566 0.1456 0.2525
vn 0.9566 0.0007 0.2913
vn 0.9568 -0.1442 0.2524
vn 0.9571 -0.2500 0.1462
vn 0.9575 -0.2885 0.0015
vn 0.9577 -0.2496 -0.1430
vn 0.9578 -0.1438 -0.2487
vn 0.9578 0.0007 -0.2874
vn 0.9576 0.1452 -0.2489
vn 0.9573 0.2512 -0.1432
vn 0.7229 0.6910 0.0015
vn 0.7216 0.5991 0.3470
vn 0.7210 0.3463 0.6002
vn 0.7213 0.0006 0.6926
vn 0.7223 -0.3447 0.5996
vn 0.7238 -0.5968 0.3464
vn 0.7254 -0.6883 0.0015
vn 0.7266 -0.5955 -0.3427
vn 0.7272 -0.3434 -0.5944
vn 0.7270 0.0006 -0.6867
vn 0.7260 0.3450 -0.5949
vn 0.7245 0.5977 -0.3433
vn 0.5121 0.8589 0.0001
vn 0.5099 0.7450 0.4302
vn 0.5089 0.4304 0.7455
vn 0.5093 0.0001 0.8606
vn 0.5110 -0.4297 0.7445
vn 0.5136 -0.7430 0.4291
vn 0.5163 -0.8564 0.0001
vn 0.5185 -0.7406 -0.4275
vn 0.5195 -0.4273 -0.7400
vn 0.5191 0.0001 -0.8547
vn 0.5174 0.4280 -0.7410
vn 0.5149 0.7425 -0.4285
vn -0.8759 0.3574 0.3240
vn -0.9989 0.0460 -0.0000
vn -0.9966 0.0821 -0.0000
vn -0.6959 0.5564 0.4541
vn 0.9966 0.0822 -0.0000
vn 0.9987 0.0505 -0.0000
vn 0.8754 0.3597 0.3230
vn 0.6959 0.5564 0.4541
vn -0.0000 -1.0000 0.0007
vn -0.0000 -1.0000 0.0013
vn 0.0005 -1.0000 0.0013
vn 0.0001 0.0254 -0.9997
vn -0.0000 0.0253 -0.9997
vn -0.0000 0.0252 -0.9997
vn -0.0699 0.8175 0.5716
vn -0.0115 0.7269 0.6867
vn 0.0061 0.7241 0.6896
vn 0.0582 0.8123 0.5804
vn -0.9334 0.3276 0.1467
vn -0.9834 0.1816 -0.0000
vn -0.8079 0.5893 -0.0000
vn -0.7113 0.6897 0.1354
vn 0.0014 0.0008 -1.0000
vn -0.0000 0.7109 0.7033
vn -0.0000 0.7505 0.6609
vn -0.9016 0.4326 -0.0000
vn -0.8665 0.4902 0.0944
vn -0.0000 0.0126 -0.9999
vn -0.0000 0.6461 0.7632
vn -0.0000 0.6566 0.7542
vn -0.0000 0.6567 0.7542
vn -0.0000 0.7157 0.6984
vn -0.7578 0.6449 0.0991
vn -0.8453 0.5343 -0.0000
vn -0.9811 0.1935 -0.0000
vn -0.9380 0.3194 0.1346
vn -0.0763 0.5160 -0.8532
vn 0.0763 0.5161 -0.8531
vn 0.0009 -0.0007 -1.0000
vn -0.9656 0.1829 0.1850
vn -0.4744 0.5903 0.6530
vn -0.5362 0.6736 0.5087
vn 0.2733 0.6465 0.7123
vn 0.2340 0.6584 0.7154
vn 0.8694 0.4852 0.0933
vn 0.7279 0.6745 0.1233
vn 0.2948 0.8192 0.4920
vn 0.5346 0.6722 0.5122
vn 0.9418 0.3103 0.1296
vn 0.4586 0.6939 0.5552
vn 0.9449 0.3048 0.1191
vn 0.7659 0.6369 0.0883
vn 0.4472 0.8067 0.3863
vn 0.5532 0.6362 0.5378
vn -0.1430 0.9237 0.3553
vn 0.1423 0.9238 0.3555
vn 0.1428 0.9843 0.1037
vn -0.1484 0.9827 0.1111
vn -0.4234 0.8126 0.4006
vn -0.3382 0.8918 0.3005
vn -0.5069 0.8570 0.0924
vn -0.4406 0.6978 0.5647
vn -0.5318 0.6457 0.5479
vn -0.2803 0.8201 0.4988
vn 0.0065 -1.0000 0.0009
vn 0.0193 -0.9998 -0.0000
vn 0.0003 -1.0000 0.0006
vn -0.0000 -0.9997 0.0240
vn -0.0013 -1.0000 0.0022
vn -0.0004 -1.0000 0.0006
vn -0.0015 -1.0000 0.0067
vn 0.0047 0.0003 -1.0000
vn -0.1402 0.9384 -0.3159
vn -0.1370 0.9906 -0.0000
vn 0.1370 0.9906 -0.0000
vn 0.1402 0.9384 -0.3159
vn 0.9221 0.3868 -0.0004
vn 0.9833 0.1820 0.0007
vn 0.9833 0.1818 -0.0000
vn 0.9221 0.3870 -0.0000
vn 0.9133 0.4072 -0.0018
vn 0.9134 0.4072 -0.0000
vn 0.5399 0.7954 -0.2754
vn 0.4947 0.8691 -0.0000
vn 0.8172 0.5763 0.0001
vn 0.8454 0.5064 -0.1698
vn 0.9875 0.1526 -0.0387
vn 0.9634 0.2680 -0.0000
vn -0.7786 0.5622 -0.2786
vn -0.4027 0.2959 -0.8662
vn -0.5475 0.1431 -0.8245
vn -0.9399 0.2433 -0.2394
vn -0.1409 0.9534 -0.2666
vn 0.1408 0.9535 -0.2666
vn 0.2641 0.4277 -0.8645
vn 0.5134 0.8027 -0.3034
vn 0.8432 0.4618 -0.2753
vn 0.4640 0.2344 -0.8543
vn -0.0023 -0.9991 -0.0422
vn -0.0051 -0.9967 -0.0812
vn -0.0000 -0.9967 -0.0814
vn 0.0114 -0.9993 -0.0354
vn -0.7711 0.5800 -0.2628
vn -0.3578 0.2487 -0.9001
vn -0.5491 0.2811 -0.7871
vn -0.8808 0.4197 -0.2192
vn -0.9549 0.1784 -0.2375
vn -0.4706 0.0817 -0.8786
vn -1.0000 0.0099 -0.0000
vn 0.5320 -0.8467 -0.0000
vn 0.9416 -0.3369 -0.0000
vn 0.9415 -0.3369 -0.0000
vn 0.5311 -0.8473 0.0029
vn -0.0000 0.6670 0.7450
vn -0.2340 0.6584 0.7154
vn -0.2731 0.6460 0.7129
vn 0.9641 0.1908 0.1845
vn 0.4726 0.5932 0.6518
vn -0.9989 0.0461 -0.0000
vn 0.9966 0.0821 -0.0000
vn 0.9965 0.0837 0.0001
vn 0.9987 0.0513 -0.0000
vn -0.0005 -1.0000 0.0003
vn -0.9830 0.1837 -0.0003
vn -0.9835 0.1809 0.0010
vn -0.8093 0.5874 0.0034
vn -0.8069 0.5907 -0.0005
vn -0.9017 0.4324 -0.0027
vn -0.9009 0.4340 -0.0000
vn -0.5454 0.8204 -0.1717
vn -0.8504 0.5157 -0.1044
vn -0.8264 0.5630 0.0076
vn -0.5072 0.8618 0.0033
vn -0.9851 0.1691 -0.0306
vn -0.9697 0.2441 0.0071
vn -0.1392 0.9903 0.0044
vn -0.1436 0.9677 0.2074
vn 0.1436 0.9677 0.2074
vn 0.1392 0.9903 0.0044
vn 0.8138 0.5811 -0.0035
vn 0.8118 0.5840 -0.0007
vn 0.9830 0.1837 -0.0003
vn 0.9835 0.1809 -0.0018
vn 0.9023 0.4310 -0.0000
vn 0.9032 0.4292 -0.0011
vn 0.5438 0.8200 0.1786
vn 0.8491 0.5162 0.1120
vn 0.8264 0.5630 0.0076
vn 0.5072 0.8618 0.0031
vn 0.9854 0.1673 0.0326
vn 0.9699 0.2434 0.0067
vn 0.9998 0.0187 -0.0000
vn -0.1437 0.9688 -0.2017
vn 0.1437 0.9688 -0.2017
vn 0.8138 0.5811 0.0033
vn 0.9835 0.1809 0.0010
vn 0.9032 0.4292 -0.0059
vn 0.5454 0.8204 -0.1717
vn 0.8504 0.5157 -0.1044
vn 0.0020 -1.0000 0.0001
vn 0.0001 -1.0000 0.0010
vn 0.9851 0.1694 -0.0302
vn -0.0041 -1.0000 -0.0000
vn -0.8810 0.4731 -0.0000
vn -0.9834 0.1817 -0.0000
vn -0.9832 0.1823 -0.0000
vn -0.9515 0.3076 -0.0000
vn -0.5404 0.7959 0.2730
vn -0.4947 0.8691 -0.0000
vn -0.8172 0.5763 0.0001
vn -0.8470 0.5035 0.1705
vn -0.9870 0.1548 0.0431
vn -0.9634 0.2680 -0.0000
vn -0.9999 0.0125 -0.0000
vn -0.8095 0.5871 -0.0040
vn -0.9835 0.1809 -0.0018
vn -0.9017 0.4323 -0.0009
vn -0.5438 0.8200 0.1786
vn -0.8491 0.5162 0.1120
vn -0.9854 0.1673 0.0326
vn -0.9966 0.0822 -0.0000
vn 0.9961 0.0887 0.0002
vn 0.9987 0.0508 0.0001
vn -0.0018 -1.0000 -0.0000
vn -0.8763 0.4816 -0.0137
vn -0.9834 0.1817 -0.0001
vn -0.9544 0.2980 -0.0156
vn -0.5364 0.8440 -0.0008
vn -0.8453 0.5343 -0.0005
vn -0.9811 0.1934 -0.0002
vn -0.9999 0.0117 -0.0007
vn -0.1441 0.9896 0.0020
vn 0.1441 0.9896 0.0020
vn 0.9833 0.1817 0.0002
vn 0.8127 0.5826 0.0003
vn 0.9032 0.4292 0.0001
vn 0.5364 0.8440 0.0018
vn 0.8453 0.5343 0.0010
vn 0.9811 0.1934 0.0003
vn -0.1404 0.9393 0.3131
vn 0.1404 0.9393 0.3131
vn 0.1400 0.9360 0.3229
vn 0.1368 0.9906 -0.0000
vn -0.1369 0.9906 -0.0000
vn -0.1400 0.9360 0.3229
vn 0.9833 0.1820 -0.0008
vn 0.9948 0.1019 -0.0002
vn 0.8125 0.5829 -0.0000
vn 0.9949 0.1012 -0.0000
vn 0.9031 0.4295 -0.0000
vn 0.5405 0.7959 0.2730
vn 0.8470 0.5035 0.1705
vn 0.9670 0.2548 -0.0000
vn 0.8509 0.5254 0.0015
vn 0.8975 0.4228 0.1252
vn 0.9628 0.2703 -0.0032
vn 0.9870 0.1548 0.0431
vn 0.9852 -0.1713 0.0012
vn 0.9848 -0.1735 -0.0001
vn -0.9833 0.1819 0.0004
vn -0.5389 0.7934 0.2829
vn -0.4936 0.8697 -0.0004
vn -0.8292 0.5590 0.0014
vn -0.8382 0.5280 0.1366
vn -0.5399 0.7954 -0.2754
vn -0.8457 0.5060 -0.1695
vn -0.9775 0.2111 0.0002
vn -0.9666 0.2561 -0.0031
vn -0.9875 0.1526 -0.0387
vn -0.1441 0.9896 0.0034
vn 0.1442 0.9895 0.0034
vn 0.1442 0.9895 -0.0064
vn -0.1442 0.9895 -0.0064
vn 0.9834 0.1816 -0.0000
vn 0.9834 0.1814 -0.0001
vn 0.9222 0.3867 -0.0006
vn 0.9136 0.4066 -0.0010
vn 0.5366 0.8438 0.0029
vn 0.8454 0.5341 0.0018
vn 0.9786 0.2058 -0.0012
vn 0.8387 0.5446 -0.0035
vn 0.9812 0.1931 0.0007
vn 0.9415 -0.3369 -0.0001
vn 0.9256 -0.3783 0.0100
vn -0.0027 -1.0000 0.0018
vn -0.9833 0.1818 -0.0001
vn -0.5368 0.8437 -0.0054
vn -0.8372 0.5469 0.0004
vn -0.9812 0.1931 0.0007
vn -0.8454 0.5341 0.0018
vn -0.9792 0.2030 0.0048
vn 0.1441 0.9896 -0.0000
vn -0.1441 0.9896 -0.0000
vn 0.1401 0.9366 -0.3213
vn -0.1401 0.9366 -0.3213
vn 0.8158 0.5784 0.0026
vn 0.9951 0.0973 0.0193
vn 0.9046 0.4261 -0.0144
vn 0.9627 0.2705 0.0038
vn 0.8982 0.4217 -0.1242
vn 0.9854 -0.1692 0.0215
vn 0.9996 0.0190 -0.0203
vn 0.9996 0.0187 -0.0197
vn -0.5409 0.7931 -0.2801
vn -0.8391 0.5270 -0.1351
vn -0.9667 0.2559 0.0036
vn -0.9675 0.2530 -0.0003
vn 0.1441 0.9896 -0.0013
vn -0.1441 0.9896 -0.0013
vn -0.1441 0.9896 0.0030
vn 0.1442 0.9895 0.0031
vn 0.9970 0.0587 0.0498
vn 0.9123 0.4086 0.0280
vn 0.8130 0.5822 -0.0006
vn 0.9949 0.1009 -0.0008
vn 0.9490 0.3146 -0.0205
vn 0.9040 0.4276 0.0065
vn 0.8773 0.4800 -0.0006
vn 0.9627 0.2704 -0.0004
vn 0.5366 0.8439 0.0026
vn 0.8776 0.4795 0.0015
vn 0.5389 0.7934 0.2829
vn 0.9940 -0.1012 0.0412
vn 0.9849 -0.1733 -0.0001
vn 0.9992 0.0119 -0.0383
vn 0.9991 0.0141 -0.0397
vn 0.9998 0.0211 0.0036
vn 0.0155 -0.9999 -0.0026
vn -0.8080 0.5893 -0.0000
vn -0.9016 0.4326 0.0010
vn -0.8114 0.5845 -0.0008
vn -0.5364 0.8439 -0.0011
vn -0.8115 0.5844 0.0018
vn -0.9675 0.2528 0.0008
vn -0.9999 0.0103 0.0001
vn -0.9833 0.1817 0.0002
vn -0.8081 0.5890 0.0003
vn -0.9017 0.4323 0.0001
vn -0.8453 0.5343 0.0010
vn -0.5364 0.8440 0.0018
vn -0.9811 0.1934 0.0003
vn 0.9030 0.4296 -0.0000
vn 0.5363 0.8440 -0.0000
vn 0.8453 0.5343 -0.0000
vn 0.9811 0.1935 -0.0000
vn -0.5363 0.8440 -0.0000
vn 0.5081 0.8568 0.0878
vn -0.1441 0.9896 -0.0009
vn 0.1441 0.9896 -0.0009
vn 0.9121 0.4094 -0.0210
vn 0.9834 0.1817 -0.0001
vn 0.9314 0.3606 -0.0496
vn 0.8453 0.5343 -0.0005
vn 0.5364 0.8440 -0.0008
vn 0.9811 0.1934 -0.0002
vn 0.9999 0.0113 0.0033
vn 0.9208 0.3901 -0.0030
vn 0.9130 0.4075 -0.0195
vn 0.8453 0.5344 -0.0000
vn 0.6873 -0.7263 -0.0033
vn 0.9889 -0.1396 -0.0503
vn 0.0120 -0.9999 -0.0070
vn 0.9239 0.3827 -0.0006
vn 0.9907 0.1360 0.0002
vn 0.9136 0.4065 -0.0004
vn 0.8749 0.4842 -0.0073
vn 0.5368 0.8437 -0.0055
vn 0.9764 0.2158 -0.0127
vn -0.9833 0.1821 -0.0001
vn -0.8764 0.4815 0.0050
vn -0.9519 0.3064 0.0039
vn -0.9674 0.2533 0.0006
vn -0.8114 0.5845 -0.0000
vn -0.9999 0.0124 0.0001
vn 0.9898 0.1399 -0.0253
vn 0.9213 0.3888 -0.0054
vn 0.9344 0.3518 -0.0554
vn 0.8774 0.4797 -0.0000
vn 0.9876 -0.1572 -0.0013
vn 0.9802 0.1963 -0.0267
vn -0.8671 0.4980 0.0095
vn -0.9462 0.3234 0.0097
vn -0.9674 0.2532 -0.0000
vn -0.9999 0.0115 0.0001
vn -0.5472 0.0258 -0.8366
vn -0.5407 0.0275 -0.8407
vn 0.1020 0.8386 0.5351
vn 0.0078 0.7396 0.6730
vn -0.0000 0.0040 -1.0000
vn -0.0000 0.0155 -0.9999
vn 0.1375 0.4554 -0.8796
vn -0.0003 -0.0030 -1.0000
vn 0.2884 0.9511 0.1111
vn 0.2885 0.8990 0.3295
vn 0.2852 0.9585 -0.0000
vn 0.2720 0.9141 -0.3006
vn 0.2747 0.9175 -0.2877
vn -0.2664 0.4271 -0.8641
vn -0.5145 0.8015 -0.3046
vn 0.0248 -0.9992 -0.0305
vn 0.0339 -0.9994 -0.0100
vn 0.2852 0.9585 0.0044
vn 0.2795 0.9395 0.1981
vn 0.2799 0.9405 -0.1927
vn -0.0081 -1.0000 -0.0000
vn 0.2852 0.9585 0.0020
vn 0.2722 0.9150 0.2979
vn 0.2714 0.9121 0.3071
vn 0.2852 0.9585 0.0033
vn -0.5366 0.8438 0.0029
vn 0.2852 0.9584 -0.0062
vn -0.0080 -1.0000 0.0039
vn 0.2715 0.9126 -0.3055
vn -0.0054 -1.0000 -0.0007
vn 0.2852 0.9585 -0.0013
vn 0.2852 0.9585 0.0030
vn -0.5366 0.8439 0.0026
vn 0.0331 -0.9994 -0.0103
vn 0.2852 0.9585 -0.0009
vn 0.0349 -0.9990 -0.0295
vn -0.9774 0.0157 -0.2109
vn 0.9998 0.0206 -0.0003
vn 0.4946 -0.8690 0.0126
vn 0.9532 0.3013 -0.0241
vn 0.9518 0.3053 -0.0300
vn 0.9992 0.0113 -0.0389
vn 0.9992 0.0111 -0.0389
vn -0.9845 0.0174 -0.1744
vn 0.9974 0.0143 -0.0705
vn 0.7050 -0.5675 -0.4253
vn 0.5607 -0.4392 -0.7019
vn 0.8833 -0.4687 -0.0001
vn 0.3653 0.8888 0.2767
vn 0.7078 0.1456 -0.6913
vn 0.0565 -0.0648 -0.9963
vn 0.4936 0.8697 -0.0004
vn 0.8772 0.4802 -0.0000
vn 0.5409 0.7931 -0.2801
vn 0.5364 0.8439 -0.0011
vn 0.9630 0.2697 0.0010
vn 0.9630 0.2694 -0.0000
vn 0.0248 -0.0135 -0.9996
vn 0.1522 -0.9883 -0.0015
vn 0.1430 -0.9897 -0.0075
vn 0.2911 -0.9567 -0.0000
vn 0.2910 -0.9567 -0.0000
vn 0.2718 -0.9624 -0.0000
vn 0.2663 -0.9636 -0.0222
vn 0.2918 -0.9564 -0.0128
vn 0.2907 -0.9568 0.0112
vn 0.2722 -0.9622 0.0117
vn 0.2527 -0.9675 -0.0039
vn 0.2530 -0.9675 -0.0034
vn 0.2527 -0.9675 -0.0000
vn 0.2203 -0.8036 -0.5529
vn 0.2611 -0.9228 -0.2831
vn 0.2659 -0.9201 -0.2876
vn 0.2223 -0.8031 -0.5528
vn 0.1805 0.0718 -0.9809
vn 0.2225 -0.2408 -0.9447
vn 0.2177 -0.1939 -0.9566
vn 0.1823 0.0756 -0.9803
vn 0.2175 -0.4502 -0.8660
vn 0.2179 -0.4504 -0.8658
vn 0.2660 -0.9640 0.0006
vn 0.2597 -0.9657 0.0009
vn 0.2573 -0.9663 0.0005
vn 0.2645 -0.9644 0.0027
vn 0.2737 -0.9618 -0.0000
vn 0.2731 -0.9620 0.0026
vn 0.2930 -0.9561 0.0045
vn 0.2930 -0.9561 -0.0000
vn 0.2954 -0.9554 0.0003
vn 0.2930 -0.9477 -0.1269
vn 0.3317 -0.9353 -0.1235
vn 0.2429 -0.7835 -0.5719
vn 0.2429 -0.7850 -0.5699
vn 0.9965 0.0755 -0.0352
vn 0.6172 -0.3849 -0.6863
vn 0.2525 -0.9671 -0.0326
vn 0.0287 -0.9993 -0.0247
vn 0.1544 -0.9880 0.0013
vn 0.2529 -0.9674 0.0122
vn 0.2529 -0.9675 -0.0028
vn 0.2657 -0.9259 -0.2686
vn 0.2527 -0.9676 -0.0000
vn 0.2366 -0.8085 -0.5388
vn 0.2111 -0.1382 -0.9676
vn 0.1785 0.0816 -0.9806
vn 0.2221 -0.4509 -0.8645
vn 0.6766 -0.7319 -0.0807
vn 0.0008 -0.9950 -0.1001
vn -0.0205 -0.9979 -0.0620
vn -0.0396 -0.9970 0.0661
vn 0.9903 -0.1331 -0.0387
vn 0.9571 0.2826 -0.0634
vn 0.9338 0.3493 -0.0772
vn 0.6447 -0.7640 -0.0257
vn 0.9187 0.3944 0.0197
vn 0.9969 0.0592 0.0510
vn 0.9627 0.2704 -0.0000
vn 0.9942 -0.0988 0.0421
vn 0.9991 0.0123 -0.0399
vn -0.8080 0.5892 -0.0000
vn 0.2913 -0.9566 0.0013
vn 0.0004 -0.9990 -0.0447
vn 0.9235 0.3831 0.0213
vn 0.9973 0.0571 0.0471
vn 0.9991 0.0119 -0.0404
vn -0.0141 -0.9985 -0.0527
vn 0.9945 -0.0961 0.0412
vn 0.0076 -0.9999 -0.0149
vn 0.0094 -1.0000 -0.0024
vn 0.4303 -0.5111 0.7440
vn 0.1232 -0.2845 0.9507
vn 0.1595 -0.6699 0.7251
vn 0.2214 -0.0834 -0.9716
vn -0.2284 -0.0816 -0.9701
vn -0.2272 -0.3764 -0.8982
vn 0.2198 -0.3771 -0.8997
vn -0.0048 -0.0167 -0.9998
vn 0.0048 -0.0167 -0.9998
vn 0.0016 -0.0103 -0.9999
vn -0.0027 -0.0094 -1.0000
vn 0.2186 0.3406 0.9145
vn -0.2260 0.3400 0.9129
vn -0.2258 0.3633 0.9039
vn 0.2189 0.3640 0.9053
vn -0.9759 0.1189 0.1831
vn -0.7213 0.2563 0.6435
vn -0.7409 0.2512 0.6229
vn -0.9785 0.0833 0.1889
vn -0.9822 -0.0441 -0.1828
vn -0.7823 -0.2053 -0.5881
vn -0.7347 -0.2518 -0.6300
vn -0.9718 -0.0677 -0.2257
vn 0.7635 -0.0440 -0.6443
vn 0.7296 -0.2536 -0.6351
vn 0.9469 -0.0947 -0.3074
vn 0.9405 -0.0625 -0.3339
vn 0.7523 0.2285 0.6180
vn 0.7362 0.2530 0.6277
vn 0.9636 0.1048 0.2458
vn 0.9859 0.0651 0.1542
vn -0.2214 0.3051 0.9262
vn -0.2438 -0.3472 -0.9055
vn -0.9852 0.0630 0.1597
vn -0.7571 0.2266 0.6127
vn -0.7823 0.0742 0.6185
vn -0.9939 0.0196 0.1089
vn -0.2346 0.1316 0.9631
vn 0.2268 0.1318 0.9650
vn 0.7778 0.0751 0.6240
vn 0.9940 0.0176 0.1077
vn 0.7771 -0.2073 -0.5943
vn 0.8348 -0.2859 -0.4704
vn 0.9911 -0.0603 -0.1185
vn 0.9825 -0.0440 -0.1807
vn 0.2361 -0.3480 -0.9073
vn 0.3133 -0.4667 -0.8271
vn -0.3229 -0.4649 -0.8244
vn -0.8393 -0.2825 -0.4645
vn -0.9911 -0.0602 -0.1184
vn 0.7983 -0.5256 -0.2941
vn 0.9868 -0.1410 -0.0790
vn 0.3344 -0.8419 -0.4236
vn -0.3442 -0.8387 -0.4221
vn -0.8031 -0.5200 -0.2910
vn -0.9869 -0.1410 -0.0788
vn 0.7966 -0.5999 -0.0747
vn 0.9854 -0.1688 -0.0242
vn 0.3145 -0.9484 -0.0413
vn -0.3234 -0.9454 -0.0412
vn -0.8020 -0.5928 -0.0735
vn -0.6044 -0.4570 -0.6526
vn -0.9852 -0.1699 -0.0235
vn -0.7260 -0.1394 -0.6734
vn -0.0001 0.0002 -1.0000
vn 0.0001 0.0002 -1.0000
vn -0.9898 -0.0166 0.1417
vn -0.9983 0.0043 -0.0589
vn -0.9968 0.0131 -0.0791
vn -0.7683 -0.1267 0.6274
vn -0.2277 -0.2063 0.9516
vn 0.2201 -0.2066 0.9534
vn 0.7618 -0.1307 0.6345
vn 0.9901 -0.0191 0.1390
vn 0.9983 0.0022 -0.0591
vn 0.9968 -0.0002 -0.0805
vn 0.9999 -0.0004 -0.0141
vn -0.9999 -0.0004 -0.0140
vn 0.7260 -0.1394 -0.6734
vn 0.7072 0.0001 -0.7070
vn 0.6014 -0.4632 -0.6510
vn 0.2390 -0.7287 -0.6418
vn -0.0013 -0.0078 -1.0000
vn 0.0013 -0.0078 -1.0000
vn -0.2462 -0.7277 -0.6401
vn -0.7072 0.0001 -0.7070
vn -0.6224 -0.0054 -0.7826
vn 0.6224 -0.0054 -0.7827
vn 0.6547 -0.0433 -0.7547
vn -0.0000 0.0001 -1.0000
vn 0.7071 -0.0000 -0.7071
vn 0.9767 -0.2140 -0.0149
vn 0.9789 -0.1993 -0.0448
vn -0.9789 -0.1993 -0.0448
vn -0.7071 -0.0000 -0.7071
vn 0.9999 -0.0156 -0.0008
vn 0.9746 -0.2234 -0.0150
vn 0.9686 -0.2216 -0.1128
vn 0.9929 -0.0174 -0.1178
vn -0.6547 -0.0433 -0.7547
vn -0.9686 -0.2216 -0.1128
vn -0.9929 -0.0174 -0.1179
vn -0.7673 -0.0410 -0.6399
vn -0.7006 0.2494 -0.6685
vn -0.9558 0.2203 -0.1948
vn -0.9677 -0.0294 -0.2503
vn -0.1988 0.2085 -0.9576
vn 0.1930 0.2052 -0.9595
vn 0.6980 0.2431 -0.6736
vn 0.9607 0.1878 -0.2042
vn 0.9616 0.1371 0.2376
vn 0.7167 0.2555 0.6489
vn 0.7192 0.2778 0.6368
vn 0.9606 0.2467 0.1282
vn 0.2097 0.2528 0.9445
vn 0.2150 0.3043 0.9280
vn -0.2164 0.2559 0.9422
vn -0.7234 0.2830 0.6297
vn -0.9589 0.2641 0.1039
vn -0.9942 -0.1015 0.0361
vn -0.5854 -0.7557 0.2937
vn -0.5954 -0.6743 0.4369
vn -0.9699 0.0499 0.2385
vn -0.9835 -0.0969 -0.1528
vn -0.7112 -0.2936 -0.6388
vn -0.4579 -0.8417 -0.2861
vn -0.6181 -0.7855 0.0323
vn -0.2044 -0.2526 -0.9457
vn -0.1487 -0.7728 -0.6169
vn 0.1971 -0.2567 -0.9462
vn 0.1329 -0.7689 -0.6254
vn 0.7065 -0.3013 -0.6404
vn 0.4637 -0.8327 -0.3026
vn 0.9825 -0.1115 -0.1491
vn 0.6591 -0.7520 0.0088
vn 0.6556 -0.7246 0.2124
vn 0.9977 -0.0629 0.0242
vn 0.7036 -0.0036 0.7106
vn 0.6340 -0.6413 0.4321
vn 0.9692 0.0353 0.2436
vn 0.2032 0.0283 0.9787
vn -0.2105 0.0345 0.9770
vn -0.1414 -0.2963 0.9446
vn -0.7089 0.0070 0.7053
vn -0.4050 -0.5618 0.7214
vn 0.1405 -0.9652 -0.2206
vn 0.1955 -0.9719 0.1311
vn 0.1858 -0.9438 0.2734
vn -0.1712 -0.7227 0.6697
vn -0.1090 -0.9244 0.3655
vn -0.1114 -0.9047 0.4111
vn -0.1242 -0.9747 -0.1856
vn -0.0956 -0.9812 0.1674
vn -0.1065 -0.9556 0.2746
vn 0.2017 -0.8697 0.4504
vn -0.9987 -0.0470 0.0194
vn -0.9802 0.1898 -0.0572
vn 0.9922 -0.1174 0.0416
vn 0.9931 0.1104 -0.0390
vn -0.9668 -0.2222 0.1261
vn -0.9788 -0.1896 -0.0777
vn -0.7207 -0.2253 0.6556
vn -0.2170 -0.2880 0.9327
vn 0.2099 -0.2885 0.9342
vn 0.7126 -0.2259 0.6642
vn 0.9733 -0.1803 0.1424
vn 0.9784 -0.2054 -0.0248
vn 0.9780 -0.1949 -0.0742
vn -0.9782 -0.2062 -0.0244
vn -0.9767 -0.2140 -0.0149
vn -0.9688 -0.1933 0.1554
vn -0.9777 -0.1951 -0.0775
vn -0.7081 -0.1321 0.6936
vn -0.2224 -0.1799 0.9582
vn 0.2152 -0.1802 0.9598
vn 0.7027 -0.1330 0.6989
vn 0.9735 -0.1605 0.1628
vn 0.9757 -0.2175 -0.0255
vn 0.9773 -0.1980 -0.0748
vn -0.9757 -0.2174 -0.0259
vn -0.9746 -0.2234 -0.0150
vn -0.9777 -0.0345 0.2071
vn -0.9981 -0.0041 -0.0622
vn -0.7017 -0.0932 0.7064
vn -0.2215 -0.1276 0.9668
vn 0.2145 -0.1278 0.9683
vn 0.6960 -0.0938 0.7119
vn 0.9778 -0.0349 0.2067
vn 0.9998 -0.0138 -0.0151
vn 0.9981 -0.0084 -0.0614
vn -0.9998 -0.0139 -0.0150
vn -0.9999 -0.0156 -0.0008
vn -0.9983 0.0021 -0.0590
vn -0.9967 0.0006 -0.0808
vn 0.9983 0.0038 -0.0589
vn 0.9968 0.0112 -0.0787
vn -0.5980 -0.7693 0.2249
vn 0.6380 -0.7172 0.2802
vn 0.1811 -0.9133 0.3649
vn -0.9823 0.1768 -0.0623
vn 0.9917 0.1229 -0.0373
vn -0.9757 -0.2067 -0.0730
vn 0.9845 -0.1547 -0.0827
vn -0.9762 -0.2037 -0.0749
vn 0.9830 -0.1642 -0.0823
vn -0.9981 -0.0084 -0.0613
vn 0.9980 -0.0048 -0.0630
vn -0.9994 0.0316 0.0123
vn -0.9983 0.0190 -0.0542
vn -0.9996 0.0222 0.0183
vn -0.9986 0.0011 -0.0534
vn -0.9994 0.0114 -0.0336
vn -0.9934 -0.0019 -0.1146
vn 0.9925 -0.0475 -0.1126
vn 0.9974 -0.0012 0.0714
vn 0.9894 -0.0246 -0.1429
vn 0.9959 0.0477 0.0763
vn 0.9932 0.0004 -0.1166
vn 0.9989 0.0154 -0.0437
vt 0.270100 0.362300
vt 0.291000 0.359900
vt 0.291000 0.382200
vt 0.270100 0.382200
vt 0.291000 0.401800
vt 0.270100 0.404300
vt 0.473300 0.401400
vt 0.473300 0.382200
vt 0.483200 0.382200
vt 0.483200 0.400400
vt 0.300900 0.360000
vt 0.300900 0.382200
vt 0.291000 0.414200
vt 0.270100 0.414200
vt 0.329100 0.407200
vt 0.329100 0.414200
vt 0.315000 0.414200
vt 0.315000 0.405400
vt 0.343800 0.382200
vt 0.343800 0.376500
vt 0.366000 0.376500
vt 0.366000 0.382200
vt 0.315000 0.382200
vt 0.315000 0.361000
vt 0.329100 0.363200
vt 0.329100 0.382200
vt 0.300900 0.414200
vt 0.300900 0.403400
vt 0.448700 0.407200
vt 0.448700 0.414200
vt 0.400100 0.414200
vt 0.400100 0.407200
vt 0.448700 0.382200
vt 0.448700 0.363200
vt 0.473300 0.365100
vt 0.473300 0.414200
vt 0.483200 0.366600
vt 0.970700 0.284900
vt 0.977700 0.299300
vt 0.949900 0.299300
vt 0.949900 0.278000
vt 0.918600 0.299300
vt 0.918600 0.278000
vt 0.928300 0.278000
vt 0.928300 0.299300
vt 0.702300 0.299300
vt 0.702300 0.278000
vt 0.716100 0.278000
vt 0.716100 0.299300
vt 0.669500 0.299300
vt 0.669500 0.278000
vt 0.934700 0.278000
vt 0.934700 0.299300
vt 0.736600 0.278000
vt 0.736600 0.299300
vt 0.760700 0.299300
vt 0.760700 0.278000
vt 0.779900 0.278000
vt 0.779900 0.299300
vt 0.448700 0.350400
vt 0.400100 0.363200
vt 0.400100 0.350400
vt 0.746800 0.278000
vt 0.746800 0.299300
vt 0.810600 0.278000
vt 0.810600 0.299300
vt 0.473300 0.350400
vt 0.894100 0.299300
vt 0.894100 0.278000
vt 0.483200 0.350400
vt 0.400100 0.382200
vt 0.400100 0.376500
vt 0.428200 0.376500
vt 0.428200 0.382200
vt 0.366000 0.414200
vt 0.366000 0.407200
vt 0.366000 0.363200
vt 0.366000 0.350400
vt 0.845300 0.278000
vt 0.845300 0.299300
vt 0.483200 0.414200
vt 0.428200 0.392100
vt 0.400100 0.392100
vt 0.366000 0.392100
vt 0.343800 0.392100
vt 0.329100 0.350400
vt 0.291000 0.350400
vt 0.300900 0.350400
vt 0.270100 0.350400
vt 0.657300 0.299300
vt 0.660700 0.285700
vt 0.315000 0.350400
vt 0.291000 0.318800
vt 0.291000 0.338700
vt 0.270100 0.335600
vt 0.270100 0.318800
vt 0.291000 0.296800
vt 0.270100 0.293700
vt 0.473300 0.302800
vt 0.483200 0.304000
vt 0.483200 0.318800
vt 0.473300 0.318800
vt 0.300900 0.318800
vt 0.300900 0.339000
vt 0.270100 0.286900
vt 0.291000 0.286900
vt 0.329100 0.294400
vt 0.315000 0.294000
vt 0.315000 0.286900
vt 0.329100 0.286900
vt 0.345100 0.318800
vt 0.366000 0.318800
vt 0.366000 0.324900
vt 0.345100 0.324900
vt 0.329100 0.338200
vt 0.315000 0.338400
vt 0.315000 0.318800
vt 0.329100 0.318800
vt 0.300900 0.295600
vt 0.300900 0.286900
vt 0.400100 0.286900
vt 0.448700 0.286900
vt 0.448700 0.294400
vt 0.400100 0.294400
vt 0.473300 0.338800
vt 0.448700 0.338200
vt 0.448700 0.318800
vt 0.473300 0.286900
vt 0.483200 0.337600
vt 0.970700 0.313800
vt 0.949900 0.320600
vt 0.928300 0.320600
vt 0.918600 0.320600
vt 0.716100 0.320600
vt 0.702300 0.320600
vt 0.669500 0.320600
vt 0.934700 0.320600
vt 0.736600 0.320600
vt 0.779900 0.320600
vt 0.760700 0.320600
vt 0.400100 0.338200
vt 0.746800 0.320600
vt 0.810600 0.320600
vt 0.894100 0.320600
vt 0.400100 0.318800
vt 0.429300 0.318800
vt 0.429300 0.324900
vt 0.400100 0.324900
vt 0.366000 0.294400
vt 0.366000 0.286900
vt 0.366000 0.338200
vt 0.845300 0.320600
vt 0.483200 0.286900
vt 0.400100 0.309400
vt 0.429300 0.309400
vt 0.345100 0.309400
vt 0.366000 0.309400
vt 0.660700 0.312900
vt 0.943800 0.702300
vt 0.941300 0.702600
vt 0.941000 0.700300
vt 0.943600 0.700000
vt 0.940900 0.719200
vt 0.941100 0.717100
vt 0.943500 0.717300
vt 0.943500 0.719400
vt 0.813300 0.735000
vt 0.811400 0.734600
vt 0.814600 0.720200
vt 0.816100 0.721800
vt 0.940200 0.735200
vt 0.942800 0.735300
vt 0.972900 0.734300
vt 0.970600 0.734900
vt 0.967400 0.720800
vt 0.968600 0.719200
vt 0.969800 0.703900
vt 0.952700 0.717700
vt 0.953300 0.702700
vt 0.924600 0.700100
vt 0.924300 0.702300
vt 0.907300 0.701400
vt 0.907300 0.699200
vt 0.923900 0.716900
vt 0.907100 0.717100
vt 0.924100 0.719000
vt 0.907000 0.719300
vt 0.924400 0.734900
vt 0.907000 0.734900
vt 0.855300 0.735300
vt 0.855300 0.737600
vt 0.845300 0.737400
vt 0.845200 0.735200
vt 0.843600 0.701700
vt 0.853600 0.701000
vt 0.854100 0.716400
vt 0.844700 0.717300
vt 0.854500 0.718600
vt 0.844700 0.719400
vt 0.930400 0.701300
vt 0.930600 0.703400
vt 0.930400 0.718400
vt 0.930500 0.716300
vt 0.930200 0.734900
vt 0.860400 0.734800
vt 0.861800 0.737000
vt 0.860200 0.700800
vt 0.860200 0.715500
vt 0.860000 0.718100
vt 0.935000 0.701100
vt 0.934900 0.703400
vt 0.935100 0.718700
vt 0.935000 0.716300
vt 0.934500 0.735000
vt 0.865200 0.701600
vt 0.861100 0.698100
vt 0.866000 0.699300
vt 0.872000 0.701500
vt 0.871800 0.699300
vt 0.864700 0.715500
vt 0.871600 0.716100
vt 0.865200 0.717900
vt 0.871300 0.718300
vt 0.865200 0.734700
vt 0.870900 0.734700
vt 0.829400 0.737500
vt 0.829300 0.735400
vt 0.829500 0.718200
vt 0.828000 0.703100
vt 0.829600 0.720100
vt 0.813200 0.737100
vt 0.812700 0.705000
vt 0.877800 0.701200
vt 0.877800 0.699000
vt 0.877600 0.716500
vt 0.877500 0.718700
vt 0.877200 0.734700
vt 0.890300 0.701200
vt 0.890300 0.699000
vt 0.890200 0.716900
vt 0.890100 0.719100
vt 0.889900 0.734800
vt 0.952800 0.735300
vt 0.952800 0.737500
vt 0.942800 0.737600
vt 0.952600 0.719600
vt 0.970700 0.736800
vt 0.127200 0.841300
vt 0.127300 0.837400
vt 0.138600 0.837800
vt 0.138500 0.841600
vt 0.135800 0.779100
vt 0.136100 0.782100
vt 0.128100 0.783200
vt 0.127600 0.780400
vt 0.126700 0.778100
vt 0.136500 0.776500
vt 0.145200 0.780700
vt 0.143300 0.782300
vt 0.141400 0.780200
vt 0.142700 0.778300
vt 0.121600 0.807800
vt 0.121300 0.832600
vt 0.114900 0.832500
vt 0.114900 0.808700
vt 0.120800 0.778700
vt 0.122500 0.781000
vt 0.114800 0.779900
vt 0.114800 0.778100
vt 0.122300 0.783700
vt 0.114800 0.783200
vt 0.114900 0.806800
vt 0.123500 0.805200
vt 0.124800 0.807800
vt 0.124200 0.832600
vt 0.124200 0.781300
vt 0.124400 0.783700
vt 0.123600 0.778600
vt 0.125400 0.804800
vt 0.128200 0.808400
vt 0.127400 0.832600
vt 0.129500 0.806000
vt 0.141900 0.809000
vt 0.141000 0.833000
vt 0.148100 0.803900
vt 0.144200 0.804500
vt 0.141300 0.785300
vt 0.144800 0.784700
vt 0.150600 0.803500
vt 0.147100 0.783700
vt 0.121300 0.837300
vt 0.114900 0.837300
vt 0.122300 0.787300
vt 0.114800 0.787200
vt 0.124100 0.837400
vt 0.124500 0.787200
vt 0.128500 0.786900
vt 0.144600 0.833100
vt 0.143100 0.837500
vt 0.138900 0.779200
vt 0.139800 0.782100
vt 0.139900 0.777000
vt 0.145500 0.809100
vt 0.140900 0.805000
vt 0.138300 0.785700
vt 0.121200 0.841100
vt 0.114900 0.841000
vt 0.124000 0.841200
vt 0.147300 0.836600
vt 0.145200 0.839800
vt 0.148900 0.833200
vt 0.149800 0.809300
vt 0.142200 0.841500
vt 0.181200 0.961700
vt 0.170400 0.959400
vt 0.172100 0.958000
vt 0.181600 0.959400
vt 0.185100 0.959900
vt 0.184800 0.962200
vt 0.189200 0.960600
vt 0.188900 0.962800
vt 0.170600 0.952000
vt 0.182500 0.952300
vt 0.186200 0.952600
vt 0.190700 0.953400
vt 0.151200 0.962800
vt 0.150100 0.955000
vt 0.154100 0.954500
vt 0.155500 0.962200
vt 0.157500 0.954100
vt 0.159000 0.961600
vt 0.168400 0.952200
vt 0.170200 0.949900
vt 0.182700 0.950300
vt 0.186400 0.950500
vt 0.191400 0.951000
vt 0.157000 0.951200
vt 0.167600 0.949800
vt 0.149800 0.952100
vt 0.153700 0.951600
vt 0.194300 0.951300
vt 0.193100 0.953600
vt 0.170100 0.948200
vt 0.167300 0.947800
vt 0.168800 0.941100
vt 0.171200 0.941800
vt 0.182800 0.948700
vt 0.182400 0.942200
vt 0.186500 0.948900
vt 0.185800 0.942000
vt 0.191700 0.949100
vt 0.189900 0.941400
vt 0.156600 0.948700
vt 0.156400 0.940500
vt 0.149500 0.949400
vt 0.153400 0.949000
vt 0.149100 0.940700
vt 0.153100 0.940600
vt 0.194900 0.949100
vt 0.192300 0.940500
vt 0.191400 0.961100
vt 0.102400 0.837400
vt 0.102500 0.841300
vt 0.091200 0.841600
vt 0.091100 0.837800
vt 0.093600 0.782200
vt 0.093900 0.779100
vt 0.102100 0.780400
vt 0.101600 0.783300
vt 0.093300 0.776600
vt 0.102900 0.778100
vt 0.084500 0.780800
vt 0.087000 0.778400
vt 0.088300 0.780300
vt 0.086400 0.782400
vt 0.108400 0.832600
vt 0.108100 0.807800
vt 0.107200 0.781000
vt 0.108900 0.778800
vt 0.107400 0.783700
vt 0.106200 0.805200
vt 0.105600 0.832600
vt 0.104900 0.807800
vt 0.105500 0.781300
vt 0.105300 0.783700
vt 0.106000 0.778600
vt 0.104300 0.804900
vt 0.102400 0.832600
vt 0.101500 0.808400
vt 0.100200 0.806000
vt 0.087800 0.809000
vt 0.088700 0.833000
vt 0.085500 0.804600
vt 0.081400 0.803900
vt 0.084900 0.784800
vt 0.088500 0.785300
vt 0.078900 0.803400
vt 0.082700 0.783800
vt 0.108500 0.837300
vt 0.107400 0.787400
vt 0.105700 0.837400
vt 0.105200 0.787300
vt 0.101200 0.786900
vt 0.086600 0.837500
vt 0.085100 0.833100
vt 0.089900 0.782200
vt 0.090800 0.779300
vt 0.089900 0.777000
vt 0.084200 0.809200
vt 0.088800 0.805000
vt 0.091500 0.785700
vt 0.108500 0.841100
vt 0.105700 0.841200
vt 0.084500 0.839800
vt 0.082500 0.836600
vt 0.080800 0.833200
vt 0.079900 0.809300
vt 0.087600 0.841500
vt 0.443800 0.748300
vt 0.443400 0.745900
vt 0.452800 0.744500
vt 0.454500 0.745900
vt 0.439800 0.746600
vt 0.440100 0.748900
vt 0.435600 0.747200
vt 0.435900 0.749500
vt 0.442300 0.738800
vt 0.454300 0.738500
vt 0.438600 0.739200
vt 0.434100 0.739900
vt 0.470700 0.741000
vt 0.474700 0.741500
vt 0.473600 0.749200
vt 0.469400 0.748600
vt 0.467400 0.740500
vt 0.465800 0.748100
vt 0.456500 0.738700
vt 0.442200 0.736800
vt 0.454700 0.736400
vt 0.438400 0.737000
vt 0.433400 0.737600
vt 0.457200 0.736300
vt 0.467900 0.737800
vt 0.471100 0.738100
vt 0.475000 0.738600
vt 0.431700 0.740200
vt 0.430500 0.737900
vt 0.456100 0.727600
vt 0.457500 0.734300
vt 0.454800 0.734700
vt 0.453700 0.728300
vt 0.442100 0.735300
vt 0.442400 0.728800
vt 0.438300 0.735500
vt 0.439000 0.728500
vt 0.433100 0.735700
vt 0.434900 0.727900
vt 0.468200 0.735200
vt 0.468500 0.727100
vt 0.471400 0.735500
vt 0.475300 0.735900
vt 0.475700 0.727300
vt 0.471700 0.727200
vt 0.429900 0.735600
vt 0.432500 0.727100
vt 0.433400 0.747700
vt 0.294600 0.785000
vt 0.273400 0.787600
vt 0.272600 0.780900
vt 0.293500 0.778500
vt 0.308900 0.802500
vt 0.311900 0.799100
vt 0.317600 0.801100
vt 0.315600 0.805900
vt 0.302400 0.783100
vt 0.298000 0.783400
vt 0.297500 0.778000
vt 0.301900 0.777500
vt 0.301100 0.771900
vt 0.296700 0.772200
vt 0.306300 0.755000
vt 0.308600 0.757600
vt 0.311000 0.751200
vt 0.313000 0.754200
vt 0.310000 0.782200
vt 0.316400 0.790000
vt 0.315200 0.793000
vt 0.305800 0.782500
vt 0.305600 0.777100
vt 0.309500 0.776700
vt 0.308600 0.771100
vt 0.304500 0.771800
vt 0.311000 0.759600
vt 0.312900 0.762200
vt 0.314800 0.756600
vt 0.316500 0.758800
vt 0.322900 0.784300
vt 0.320500 0.780600
vt 0.329600 0.778100
vt 0.330000 0.781300
vt 0.319700 0.775400
vt 0.319200 0.770200
vt 0.328700 0.770400
vt 0.329000 0.774300
vt 0.320600 0.765900
vt 0.328400 0.767200
vt 0.325100 0.787500
vt 0.331800 0.784300
vt 0.320600 0.792200
vt 0.338100 0.777200
vt 0.337400 0.776000
vt 0.337000 0.773400
vt 0.337200 0.769200
vt 0.336700 0.770600
vt 0.329400 0.763700
vt 0.338300 0.766900
vt 0.343100 0.774500
vt 0.342700 0.773500
vt 0.343900 0.772500
vt 0.342700 0.770700
vt 0.342500 0.771800
vt 0.344300 0.770800
vt 0.313400 0.795700
vt 0.318700 0.797600
vt 0.319600 0.794600
vt 0.302800 0.752200
vt 0.293100 0.771700
vt 0.308000 0.747500
vt 0.339700 0.779200
vt 0.344700 0.774100
vt 0.322000 0.762100
vt 0.271800 0.774100
vt 0.204700 0.913600
vt 0.204700 0.921500
vt 0.189200 0.921500
vt 0.189200 0.913600
vt 0.270200 0.911600
vt 0.270200 0.923500
vt 0.208700 0.923500
vt 0.208700 0.911600
vt 0.230600 0.291800
vt 0.230600 0.289900
vt 0.237600 0.289900
vt 0.237600 0.291800
vt 0.253700 0.289900
vt 0.253700 0.291800
vt 0.168500 0.291800
vt 0.168500 0.289900
vt 0.204700 0.928000
vt 0.189200 0.928000
vt 0.189200 0.907100
vt 0.204700 0.907100
vt 0.159000 0.289900
vt 0.159000 0.291800
vt 0.270200 0.933300
vt 0.208700 0.933300
vt 0.208700 0.901800
vt 0.270200 0.901800
vt 0.037000 0.291800
vt 0.030300 0.291800
vt 0.030300 0.289900
vt 0.037000 0.289900
vt 0.323500 0.940200
vt 0.306200 0.939800
vt 0.308500 0.930700
vt 0.323400 0.930900
vt 0.358600 0.927800
vt 0.359600 0.936400
vt 0.345900 0.937300
vt 0.344700 0.928900
vt 0.305700 0.930000
vt 0.303200 0.938800
vt 0.344400 0.926100
vt 0.358300 0.924900
vt 0.346900 0.947400
vt 0.360500 0.946900
vt 0.360700 0.952200
vt 0.347100 0.953000
vt 0.303600 0.954700
vt 0.302400 0.949400
vt 0.306500 0.950500
vt 0.306800 0.954600
vt 0.323900 0.953800
vt 0.323700 0.949500
vt 0.338000 0.953200
vt 0.334800 0.953300
vt 0.334700 0.949200
vt 0.338200 0.947700
vt 0.335800 0.930200
vt 0.337200 0.938800
vt 0.334200 0.939500
vt 0.333000 0.930600
vt 0.346500 0.942800
vt 0.360100 0.942000
vt 0.305500 0.944500
vt 0.323600 0.944500
vt 0.301200 0.944400
vt 0.334700 0.943900
vt 0.338300 0.943700
vt 0.327900 0.930900
vt 0.328400 0.940100
vt 0.340200 0.926600
vt 0.340600 0.929500
vt 0.341800 0.937900
vt 0.342600 0.943200
vt 0.328600 0.944300
vt 0.335400 0.927300
vt 0.342800 0.947600
vt 0.342900 0.953000
vt 0.329000 0.953600
vt 0.328800 0.949400
vt 0.512700 0.724000
vt 0.516200 0.719000
vt 0.517500 0.722800
vt 0.515300 0.725800
vt 0.521100 0.720000
vt 0.520500 0.716300
vt 0.525000 0.715600
vt 0.525600 0.719300
vt 0.525100 0.747500
vt 0.525600 0.751200
vt 0.520700 0.749800
vt 0.520900 0.745900
vt 0.516000 0.746100
vt 0.517900 0.743600
vt 0.324700 0.967400
vt 0.325500 0.976600
vt 0.310600 0.978200
vt 0.307500 0.969300
vt 0.360600 0.976700
vt 0.346800 0.976700
vt 0.347200 0.968200
vt 0.360900 0.968100
vt 0.307900 0.979100
vt 0.304700 0.970600
vt 0.346700 0.979600
vt 0.360600 0.979600
vt 0.348100 0.958200
vt 0.361100 0.957500
vt 0.306800 0.958600
vt 0.302800 0.960100
vt 0.324100 0.958100
vt 0.338600 0.958600
vt 0.335100 0.957400
vt 0.337800 0.976200
vt 0.335000 0.976000
vt 0.335500 0.967100
vt 0.338400 0.967600
vt 0.347400 0.962700
vt 0.361100 0.962600
vt 0.306400 0.964700
vt 0.324400 0.963100
vt 0.302100 0.965200
vt 0.335500 0.962700
vt 0.339100 0.962500
vt 0.329900 0.976200
vt 0.329600 0.967100
vt 0.342500 0.979400
vt 0.342700 0.976500
vt 0.343100 0.968000
vt 0.343400 0.962600
vt 0.329500 0.962800
vt 0.343100 0.958300
vt 0.329200 0.957800
vt 0.513100 0.728900
vt 0.509100 0.728800
vt 0.511500 0.733200
vt 0.507800 0.733700
vt 0.508500 0.738200
vt 0.512200 0.737600
vt 0.511100 0.742500
vt 0.514900 0.741300
vt 0.337600 0.979100
vt 0.270300 0.550000
vt 0.270300 0.523300
vt 0.285700 0.523300
vt 0.285700 0.550000
vt 0.285700 0.445300
vt 0.270300 0.445300
vt 0.270300 0.418600
vt 0.285700 0.418600
vt 0.942300 0.568100
vt 0.929000 0.568100
vt 0.929000 0.547100
vt 0.942300 0.547100
vt 0.776600 0.568100
vt 0.769300 0.564900
vt 0.763500 0.555300
vt 0.761900 0.547100
vt 0.797600 0.547100
vt 0.797600 0.568100
vt 0.483200 0.484300
vt 0.483200 0.495700
vt 0.466800 0.495700
vt 0.466800 0.484300
vt 0.979400 0.555300
vt 0.973700 0.564900
vt 0.965000 0.566900
vt 0.981000 0.547100
vt 0.297700 0.550000
vt 0.297700 0.523300
vt 0.297700 0.418600
vt 0.297700 0.445300
vt 0.924600 0.568100
vt 0.924600 0.547100
vt 0.285700 0.495700
vt 0.270300 0.495700
vt 0.270300 0.484300
vt 0.285700 0.484300
vt 0.309500 0.495700
vt 0.297700 0.495700
vt 0.297700 0.484300
vt 0.309500 0.484300
vt 0.309500 0.523300
vt 0.329400 0.523300
vt 0.329400 0.550000
vt 0.309500 0.550000
vt 0.309500 0.445300
vt 0.309500 0.418600
vt 0.329400 0.418600
vt 0.329400 0.445300
vt 0.919600 0.568100
vt 0.899700 0.568100
vt 0.899700 0.547100
vt 0.919600 0.547100
vt 0.329400 0.484300
vt 0.329400 0.495700
vt 0.343300 0.523300
vt 0.343300 0.550000
vt 0.343300 0.445300
vt 0.343300 0.418600
vt 0.894200 0.568100
vt 0.894200 0.547100
vt 0.359800 0.495700
vt 0.343300 0.495700
vt 0.343300 0.484300
vt 0.359800 0.484300
vt 0.359800 0.550000
vt 0.359800 0.523300
vt 0.385100 0.523300
vt 0.385100 0.550000
vt 0.385100 0.445300
vt 0.359800 0.445300
vt 0.359800 0.418600
vt 0.385100 0.418600
vt 0.888500 0.568100
vt 0.857000 0.568100
vt 0.857000 0.547100
vt 0.888500 0.547100
vt 0.385100 0.484300
vt 0.385100 0.495700
vt 0.401600 0.523300
vt 0.401600 0.550000
vt 0.401600 0.418600
vt 0.401600 0.445300
vt 0.851400 0.568100
vt 0.851400 0.547100
vt 0.417600 0.495700
vt 0.401600 0.495700
vt 0.401600 0.484300
vt 0.417600 0.484300
vt 0.417600 0.523300
vt 0.434700 0.523300
vt 0.434700 0.550000
vt 0.417600 0.550000
vt 0.417600 0.445300
vt 0.417600 0.418600
vt 0.434700 0.418600
vt 0.434700 0.445300
vt 0.845100 0.568100
vt 0.830300 0.568100
vt 0.830300 0.547100
vt 0.845100 0.547100
vt 0.434700 0.484300
vt 0.434700 0.495700
vt 0.448500 0.523300
vt 0.448500 0.550000
vt 0.448500 0.445300
vt 0.448500 0.418600
vt 0.823800 0.568100
vt 0.823800 0.547100
vt 0.448500 0.495700
vt 0.448500 0.484300
vt 0.466800 0.523300
vt 0.483200 0.523300
vt 0.483200 0.550000
vt 0.466800 0.550000
vt 0.466800 0.445300
vt 0.466800 0.418600
vt 0.483200 0.418600
vt 0.483200 0.445300
vt 0.817900 0.568100
vt 0.817900 0.547100
vt 0.929000 0.526100
vt 0.942300 0.526100
vt 0.776600 0.526100
vt 0.797600 0.526100
vt 0.763500 0.538900
vt 0.769300 0.529300
vt 0.466800 0.472900
vt 0.483200 0.472900
vt 0.965000 0.527200
vt 0.973700 0.529300
vt 0.979400 0.538900
vt 0.924600 0.526100
vt 0.270300 0.472900
vt 0.285700 0.472900
vt 0.297700 0.472900
vt 0.309500 0.472900
vt 0.899700 0.526100
vt 0.919600 0.526100
vt 0.329400 0.472900
vt 0.894200 0.526100
vt 0.343300 0.472900
vt 0.359800 0.472900
vt 0.857000 0.526100
vt 0.888500 0.526100
vt 0.385100 0.472900
vt 0.851400 0.526100
vt 0.401600 0.472900
vt 0.417600 0.472900
vt 0.830300 0.526100
vt 0.845100 0.526100
vt 0.434700 0.472900
vt 0.823800 0.526100
vt 0.448500 0.472900
vt 0.817900 0.526100
vt 0.270300 0.510900
vt 0.285700 0.510900
vt 0.483200 0.457600
vt 0.466800 0.457600
vt 0.285700 0.457600
vt 0.270300 0.457600
vt 0.466800 0.510900
vt 0.483200 0.510900
vt 0.297700 0.510900
vt 0.309500 0.457600
vt 0.297700 0.457600
vt 0.309500 0.510900
vt 0.329400 0.510900
vt 0.329400 0.457600
vt 0.343300 0.510900
vt 0.359800 0.457600
vt 0.343300 0.457600
vt 0.359800 0.510900
vt 0.385100 0.510900
vt 0.385100 0.457600
vt 0.401600 0.510900
vt 0.417600 0.457600
vt 0.401600 0.457600
vt 0.417600 0.510900
vt 0.434700 0.510900
vt 0.434700 0.457600
vt 0.448500 0.510900
vt 0.448500 0.457600
vt 0.018500 0.903100
vt 0.015600 0.902200
vt 0.018500 0.902900
vt 0.020700 0.903500
vt 0.014400 0.907400
vt 0.017400 0.908100
vt 0.058000 0.908300
vt 0.061000 0.908500
vt 0.058000 0.908500
vt 0.055700 0.908300
vt 0.058000 0.907500
vt 0.061100 0.907600
vt 0.026900 0.904800
vt 0.026900 0.904900
vt 0.018700 0.902000
vt 0.027100 0.904000
vt 0.038100 0.906900
vt 0.038100 0.906800
vt 0.022500 0.896700
vt 0.020500 0.895900
vt 0.028500 0.897600
vt 0.028400 0.897900
vt 0.021600 0.891400
vt 0.029500 0.892900
vt 0.039100 0.899800
vt 0.039100 0.899400
vt 0.029000 0.871100
vt 0.035500 0.868100
vt 0.035000 0.871700
vt 0.029700 0.873900
vt 0.028100 0.870100
vt 0.035300 0.866800
vt 0.043600 0.868000
vt 0.043800 0.866700
vt 0.043000 0.872000
vt 0.016100 0.932300
vt 0.014200 0.924600
vt 0.023700 0.925000
vt 0.021900 0.938200
vt 0.026000 0.910200
vt 0.037300 0.912200
vt 0.035200 0.927300
vt 0.033400 0.940900
vt 0.013700 0.889100
vt 0.012000 0.894000
vt 0.011200 0.893700
vt 0.012900 0.888800
vt 0.057900 0.901100
vt 0.058100 0.896600
vt 0.061100 0.896700
vt 0.060900 0.901800
vt 0.062700 0.896700
vt 0.062700 0.901800
vt 0.039800 0.894600
vt 0.026900 0.905100
vt 0.038100 0.907000
vt 0.011200 0.923800
vt 0.013400 0.935400
vt 0.025800 0.866900
vt 0.026300 0.867600
vt 0.019500 0.875200
vt 0.018800 0.874700
vt 0.057500 0.882800
vt 0.060000 0.882900
vt 0.055200 0.877600
vt 0.056800 0.875200
vt 0.061400 0.882500
vt 0.057900 0.874500
vt 0.026000 0.878300
vt 0.032700 0.881000
vt 0.041600 0.882100
vt 0.015800 0.901300
vt 0.038200 0.905900
vt 0.021200 0.943400
vt 0.032600 0.946200
vt 0.034500 0.863100
vt 0.044300 0.862900
vt 0.044200 0.863700
vt 0.034600 0.863800
vt 0.060700 0.913800
vt 0.057700 0.913700
vt 0.052300 0.937400
vt 0.056200 0.930400
vt 0.059300 0.930400
vt 0.054100 0.941100
vt 0.065300 0.881500
vt 0.067100 0.896400
vt 0.066200 0.896500
vt 0.064600 0.881700
vt 0.067400 0.901500
vt 0.066500 0.901600
vt 0.060300 0.872600
vt 0.061000 0.872100
vt 0.019100 0.900400
vt 0.016200 0.899600
vt 0.016800 0.897600
vt 0.019700 0.898500
vt 0.058100 0.905800
vt 0.061100 0.905800
vt 0.058100 0.903800
vt 0.061100 0.903700
vt 0.027400 0.902400
vt 0.027800 0.900600
vt 0.038400 0.904400
vt 0.038700 0.902500
vt 0.015200 0.889700
vt 0.013600 0.894600
vt 0.017100 0.890300
vt 0.015700 0.895200
vt 0.027200 0.868700
vt 0.020800 0.876000
vt 0.022300 0.876900
vt 0.034900 0.865200
vt 0.044000 0.865100
vt 0.064600 0.896600
vt 0.064800 0.901700
vt 0.059200 0.873500
vt 0.063100 0.882100
vt 0.020200 0.896900
vt 0.017400 0.895800
vt 0.058000 0.902200
vt 0.055900 0.901300
vt 0.028200 0.899000
vt 0.038900 0.900900
vt 0.018700 0.890800
vt 0.023600 0.877600
vt 0.049400 0.908000
vt 0.049400 0.907900
vt 0.049800 0.900900
vt 0.049900 0.900500
vt 0.051900 0.869200
vt 0.051300 0.870400
vt 0.050900 0.874000
vt 0.048800 0.913400
vt 0.047000 0.930200
vt 0.045100 0.941400
vt 0.050100 0.895800
vt 0.049300 0.908200
vt 0.050400 0.883500
vt 0.049400 0.907100
vt 0.044400 0.946600
vt 0.053400 0.866600
vt 0.053800 0.865900
vt 0.049700 0.903600
vt 0.049500 0.905500
vt 0.052700 0.867800
vt 0.049800 0.902000
vt 0.597800 0.854900
vt 0.597400 0.857800
vt 0.594700 0.857400
vt 0.595200 0.854500
vt 0.591200 0.897500
vt 0.594000 0.897500
vt 0.593900 0.900500
vt 0.591200 0.900400
vt 0.595800 0.897600
vt 0.595700 0.900500
vt 0.596300 0.866300
vt 0.599200 0.858000
vt 0.598000 0.866500
vt 0.595000 0.877600
vt 0.592100 0.877300
vt 0.593400 0.866000
vt 0.611800 0.860300
vt 0.610300 0.868300
vt 0.607600 0.867900
vt 0.609200 0.859800
vt 0.635800 0.868400
vt 0.638500 0.874200
vt 0.636200 0.873900
vt 0.634500 0.869400
vt 0.637300 0.867700
vt 0.640200 0.873900
vt 0.639200 0.881300
vt 0.640900 0.881500
vt 0.636800 0.881100
vt 0.562500 0.857200
vt 0.569600 0.855300
vt 0.566700 0.863600
vt 0.557600 0.863200
vt 0.578800 0.855600
vt 0.576800 0.864200
vt 0.575000 0.875800
vt 0.564300 0.874900
vt 0.554600 0.874100
vt 0.615700 0.848100
vt 0.613300 0.847100
vt 0.614000 0.845400
vt 0.616400 0.846400
vt 0.609000 0.901700
vt 0.606400 0.902000
vt 0.606200 0.900400
vt 0.608800 0.900200
vt 0.609000 0.878800
vt 0.606300 0.878500
vt 0.588100 0.856400
vt 0.588600 0.853500
vt 0.579500 0.852600
vt 0.608600 0.897400
vt 0.614600 0.896900
vt 0.614800 0.899500
vt 0.621900 0.895800
vt 0.622100 0.898200
vt 0.615000 0.900900
vt 0.622500 0.899500
vt 0.617600 0.861900
vt 0.616200 0.869400
vt 0.624600 0.864200
vt 0.623800 0.871000
vt 0.615100 0.879300
vt 0.623100 0.880000
vt 0.599600 0.855100
vt 0.596800 0.877700
vt 0.561300 0.855100
vt 0.554600 0.863000
vt 0.551400 0.873800
vt 0.646500 0.872400
vt 0.647300 0.882100
vt 0.646000 0.882000
vt 0.645300 0.872700
vt 0.637200 0.857500
vt 0.643000 0.864100
vt 0.641800 0.864700
vt 0.636100 0.858600
vt 0.629500 0.854200
vt 0.630400 0.852700
vt 0.557900 0.893900
vt 0.559400 0.892000
vt 0.566100 0.895200
vt 0.566600 0.898100
vt 0.575200 0.896500
vt 0.575400 0.899500
vt 0.632300 0.903200
vt 0.633100 0.904400
vt 0.625700 0.908000
vt 0.625100 0.906400
vt 0.610500 0.910200
vt 0.610800 0.912000
vt 0.608300 0.912500
vt 0.607900 0.910700
vt 0.638900 0.898200
vt 0.640000 0.899000
vt 0.603500 0.858700
vt 0.604000 0.855800
vt 0.608300 0.856600
vt 0.607700 0.859500
vt 0.600200 0.897700
vt 0.600200 0.900600
vt 0.604500 0.897600
vt 0.604600 0.900500
vt 0.602100 0.867100
vt 0.606200 0.867700
vt 0.600900 0.878100
vt 0.604900 0.878400
vt 0.614200 0.852100
vt 0.611800 0.851200
vt 0.612900 0.856200
vt 0.610400 0.855400
vt 0.639500 0.866300
vt 0.634200 0.861200
vt 0.632400 0.863700
vt 0.627600 0.857500
vt 0.625800 0.860600
vt 0.642800 0.873300
vt 0.643400 0.881700
vt 0.609600 0.905900
vt 0.607100 0.906400
vt 0.635000 0.894500
vt 0.636900 0.896300
vt 0.630900 0.900400
vt 0.629500 0.897600
vt 0.623700 0.902900
vt 0.609900 0.857000
vt 0.606000 0.897500
vt 0.612400 0.857600
vt 0.631300 0.864700
vt 0.631000 0.866700
vt 0.625200 0.861900
vt 0.591400 0.888700
vt 0.594300 0.888900
vt 0.639000 0.888900
vt 0.637300 0.888300
vt 0.633600 0.893500
vt 0.635000 0.888200
vt 0.632600 0.892300
vt 0.584600 0.888400
vt 0.585200 0.876700
vt 0.584600 0.897200
vt 0.574800 0.887600
vt 0.608500 0.889300
vt 0.605800 0.889200
vt 0.629600 0.888400
vt 0.630900 0.880600
vt 0.628600 0.894300
vt 0.622200 0.888900
vt 0.596100 0.889000
vt 0.555700 0.885300
vt 0.552600 0.884900
vt 0.643700 0.890900
vt 0.644900 0.891400
vt 0.604300 0.889200
vt 0.600200 0.889100
vt 0.641400 0.889900
vt 0.586600 0.865200
vt 0.570600 0.852500
vt 0.628600 0.896400
vt 0.631000 0.872700
vt 0.621700 0.850400
vt 0.622400 0.848800
vt 0.584600 0.900200
vt 0.616700 0.908800
vt 0.617200 0.910600
vt 0.618700 0.858000
vt 0.620100 0.854300
vt 0.615800 0.904800
vt 0.618200 0.859400
vt 0.564700 0.886400
vt 0.614500 0.889200
vt 0.969000 0.848500
vt 0.966800 0.847900
vt 0.969000 0.848200
vt 0.972000 0.848900
vt 0.969800 0.844900
vt 0.972700 0.845500
vt 0.929700 0.845100
vt 0.932000 0.845200
vt 0.929700 0.845400
vt 0.926700 0.845300
vt 0.960600 0.847100
vt 0.960600 0.846900
vt 0.949500 0.845900
vt 0.949500 0.845700
vt 0.965100 0.856300
vt 0.966800 0.857100
vt 0.959200 0.856200
vt 0.959300 0.855600
vt 0.959000 0.859400
vt 0.966900 0.860000
vt 0.948800 0.854500
vt 0.948700 0.855200
vt 0.959200 0.891300
vt 0.953100 0.894400
vt 0.953400 0.891600
vt 0.958100 0.889700
vt 0.960400 0.892900
vt 0.953500 0.896400
vt 0.945600 0.895200
vt 0.945500 0.897200
vt 0.945900 0.892100
vt 0.970300 0.805700
vt 0.972600 0.813100
vt 0.964100 0.810000
vt 0.964200 0.800600
vt 0.972500 0.824500
vt 0.963500 0.822400
vt 0.951500 0.820500
vt 0.952600 0.807500
vt 0.953400 0.797500
vt 0.930000 0.857100
vt 0.926700 0.856700
vt 0.927200 0.853200
vt 0.930500 0.854300
vt 0.924000 0.856400
vt 0.924300 0.852900
vt 0.948500 0.858300
vt 0.960700 0.846700
vt 0.949500 0.845500
vt 0.949800 0.842100
vt 0.961200 0.843400
vt 0.971300 0.836200
vt 0.974400 0.836800
vt 0.975600 0.825200
vt 0.929600 0.865100
vt 0.926300 0.864900
vt 0.930200 0.874900
vt 0.927100 0.874900
vt 0.923800 0.865000
vt 0.924800 0.875400
vt 0.966100 0.867900
vt 0.958200 0.867200
vt 0.964000 0.877600
vt 0.956600 0.877000
vt 0.947900 0.866400
vt 0.947100 0.876400
vt 0.968900 0.849200
vt 0.971900 0.849600
vt 0.929700 0.846100
vt 0.926700 0.846100
vt 0.960500 0.847800
vt 0.949400 0.846600
vt 0.964300 0.797500
vt 0.972300 0.804600
vt 0.953600 0.794100
vt 0.977700 0.860800
vt 0.976900 0.860700
vt 0.977400 0.857200
vt 0.978100 0.857300
vt 0.926500 0.841800
vt 0.929500 0.841700
vt 0.969000 0.889500
vt 0.962800 0.896100
vt 0.962400 0.895600
vt 0.968400 0.889100
vt 0.972900 0.880100
vt 0.973500 0.880300
vt 0.931800 0.809800
vt 0.928900 0.810300
vt 0.933500 0.801400
vt 0.935300 0.802900
vt 0.930100 0.821000
vt 0.927000 0.821300
vt 0.954400 0.899500
vt 0.954500 0.900200
vt 0.945100 0.901100
vt 0.945200 0.900400
vt 0.919900 0.856300
vt 0.919200 0.856300
vt 0.919300 0.852700
vt 0.920100 0.852800
vt 0.924100 0.885600
vt 0.929000 0.892900
vt 0.928500 0.893300
vt 0.923500 0.885900
vt 0.920500 0.876200
vt 0.921200 0.876100
vt 0.968600 0.850800
vt 0.971600 0.851300
vt 0.971100 0.853800
vt 0.968100 0.853000
vt 0.929700 0.847700
vt 0.926700 0.847800
vt 0.929900 0.850000
vt 0.926800 0.850300
vt 0.960300 0.849300
vt 0.960000 0.851400
vt 0.949300 0.848100
vt 0.949100 0.850300
vt 0.975300 0.860500
vt 0.975600 0.857000
vt 0.972900 0.860200
vt 0.973200 0.856800
vt 0.961500 0.894400
vt 0.967100 0.888300
vt 0.965500 0.887200
vt 0.971400 0.879500
vt 0.969300 0.878800
vt 0.954000 0.898200
vt 0.945300 0.899100
vt 0.921700 0.856300
vt 0.921800 0.852800
vt 0.930000 0.891900
vt 0.925500 0.885000
vt 0.927300 0.884100
vt 0.931400 0.890600
vt 0.922700 0.875800
vt 0.967400 0.855400
vt 0.970300 0.856600
vt 0.930200 0.852500
vt 0.932400 0.853700
vt 0.959600 0.853800
vt 0.948900 0.852600
vt 0.970300 0.860000
vt 0.963700 0.886000
vt 0.961000 0.885600
vt 0.967100 0.878100
vt 0.938300 0.845400
vt 0.938300 0.845100
vt 0.938200 0.854000
vt 0.938200 0.854600
vt 0.937600 0.895100
vt 0.938300 0.893200
vt 0.932800 0.889200
vt 0.938500 0.890400
vt 0.934200 0.887800
vt 0.938300 0.841600
vt 0.938500 0.832600
vt 0.950500 0.833100
vt 0.929400 0.832800
vt 0.939300 0.820400
vt 0.938000 0.857700
vt 0.938300 0.845000
vt 0.938200 0.884300
vt 0.946400 0.885500
vt 0.931900 0.883300
vt 0.937600 0.875500
vt 0.938300 0.846100
vt 0.942600 0.795700
vt 0.942100 0.798800
vt 0.936000 0.898700
vt 0.936300 0.898100
vt 0.938200 0.849700
vt 0.938200 0.847600
vt 0.936900 0.896800
vt 0.938200 0.852100
vt 0.962400 0.834500
vt 0.975500 0.814100
vt 0.929300 0.883300
vt 0.954700 0.885600
vt 0.975700 0.869400
vt 0.976400 0.869600
vt 0.926300 0.832900
vt 0.919200 0.865200
vt 0.919900 0.865200
vt 0.971900 0.868700
vt 0.974100 0.869100
vt 0.921600 0.865100
vt 0.969400 0.868300
vt 0.940800 0.808100
vt 0.937600 0.865600
vt 0.926200 0.419800
vt 0.926200 0.437900
vt 0.900300 0.437900
vt 0.895700 0.414700
vt 0.900300 0.478100
vt 0.926200 0.478100
vt 0.926200 0.496200
vt 0.895700 0.501300
vt 0.944300 0.445500
vt 0.975200 0.445500
vt 0.975200 0.470500
vt 0.944300 0.470500
vt 0.835600 0.445500
vt 0.835600 0.470500
vt 0.812400 0.470500
vt 0.812400 0.445500
vt 0.900300 0.445500
vt 0.900300 0.470500
vt 0.860300 0.470500
vt 0.860300 0.445500
vt 0.926200 0.470500
vt 0.926200 0.445500
vt 0.796800 0.445500
vt 0.796800 0.470500
vt 0.775300 0.470500
vt 0.775300 0.445500
vt 0.895700 0.399200
vt 0.857100 0.414700
vt 0.857100 0.399200
vt 0.835600 0.516800
vt 0.835600 0.501300
vt 0.857100 0.501300
vt 0.857100 0.516800
vt 0.990700 0.445500
vt 0.990700 0.470500
vt 0.023600 0.828300
vt 0.018400 0.823900
vt 0.030300 0.794800
vt 0.037200 0.799000
vt 0.541800 0.931000
vt 0.543900 0.924700
vt 0.549100 0.924700
vt 0.550500 0.931000
vt 0.008600 0.831800
vt 0.022100 0.796400
vt 0.051200 0.797900
vt 0.051200 0.774000
vt 0.059800 0.774000
vt 0.059800 0.802400
vt 0.557400 0.919700
vt 0.539600 0.919700
vt 0.536900 0.913200
vt 0.560400 0.911800
vt 0.860300 0.437900
vt 0.835600 0.437900
vt 0.835600 0.414700
vt 0.835600 0.478100
vt 0.860300 0.478100
vt 0.736700 0.470500
vt 0.736700 0.445500
vt 0.835600 0.399200
vt 0.895700 0.516800
vt 0.037400 0.782800
vt 0.043100 0.780700
vt 0.043100 0.789500
vt 0.036500 0.787700
vt 0.586600 0.913000
vt 0.590100 0.918700
vt 0.560000 0.926900
vt 0.028000 0.774800
vt 0.033500 0.778000
vt 0.059800 0.848600
vt 0.051200 0.835800
vt 0.595700 0.905100
vt 0.558900 0.939100
vt 0.563400 0.947600
vt 0.535200 0.947600
vt 0.535200 0.939100
vt 0.533400 0.924200
vt 0.037600 0.773500
vt 0.529400 0.917000
vt 0.032200 0.769100
vt 0.812400 0.478100
vt 0.944300 0.437900
vt 0.796800 0.478100
vt 0.775300 0.478100
vt 0.796800 0.437900
vt 0.812400 0.437900
vt 0.975200 0.437900
vt 0.990700 0.437900
vt 0.990700 0.478100
vt 0.975200 0.478100
vt 0.736700 0.478100
vt 0.775300 0.437900
vt 0.944300 0.478100
vt 0.736700 0.437900
vt 0.596600 0.939100
vt 0.609300 0.947600
vt 0.013600 0.837500
vt 0.600400 0.910800
vt 0.267600 0.968800
vt 0.265700 0.951000
vt 0.287900 0.951900
vt 0.289000 0.965700
vt 0.613300 0.463600
vt 0.602200 0.463000
vt 0.602800 0.430700
vt 0.614100 0.431100
vt 0.607300 0.531800
vt 0.600800 0.531800
vt 0.601100 0.514400
vt 0.605400 0.514100
vt 0.660400 0.435300
vt 0.632800 0.423400
vt 0.638100 0.411800
vt 0.665400 0.424300
vt 0.604200 0.505900
vt 0.606100 0.505800
vt 0.608400 0.513500
vt 0.449300 0.882700
vt 0.461100 0.883800
vt 0.461200 0.886500
vt 0.450300 0.889900
vt 0.668400 0.442700
vt 0.659000 0.438400
vt 0.670000 0.439200
vt 0.608500 0.587800
vt 0.608100 0.615800
vt 0.599400 0.615600
vt 0.599800 0.587600
vt 0.495400 0.863200
vt 0.515200 0.864000
vt 0.511000 0.881300
vt 0.492700 0.881700
vt 0.511100 0.884400
vt 0.492800 0.886300
vt 0.497200 0.904400
vt 0.517400 0.901700
vt 0.615600 0.463800
vt 0.613200 0.480000
vt 0.609700 0.479400
vt 0.635800 0.468600
vt 0.629500 0.485500
vt 0.482400 0.863200
vt 0.482400 0.882600
vt 0.473800 0.882800
vt 0.469600 0.866000
vt 0.482400 0.886200
vt 0.473900 0.887100
vt 0.484200 0.905400
vt 0.471400 0.903500
vt 0.601700 0.487600
vt 0.608000 0.488200
vt 0.606000 0.495500
vt 0.601500 0.495100
vt 0.608900 0.496300
vt 0.611200 0.488900
vt 0.620200 0.502600
vt 0.625000 0.494800
vt 0.643900 0.508700
vt 0.636100 0.519100
vt 0.601800 0.478800
vt 0.649600 0.497100
vt 0.601300 0.505900
vt 0.612200 0.531100
vt 0.655500 0.477700
vt 0.631700 0.425800
vt 0.534100 0.880800
vt 0.549200 0.878300
vt 0.549600 0.883800
vt 0.534100 0.883100
vt 0.261000 0.977200
vt 0.255800 0.943300
vt 0.296500 0.943300
vt 0.301000 0.974000
vt 0.616500 0.431100
vt 0.600100 0.572500
vt 0.607500 0.572600
vt 0.600300 0.562600
vt 0.600400 0.552500
vt 0.607000 0.552600
vt 0.607400 0.562700
vt 0.674800 0.428700
vt 0.160200 0.698100
vt 0.161000 0.720300
vt 0.143300 0.718400
vt 0.146400 0.697000
vt 0.591000 0.463100
vt 0.591500 0.430600
vt 0.594300 0.531500
vt 0.596800 0.514000
vt 0.670400 0.413400
vt 0.643400 0.400200
vt 0.598300 0.505800
vt 0.593800 0.513200
vt 0.596400 0.505700
vt 0.176800 0.861000
vt 0.176700 0.863800
vt 0.164900 0.865000
vt 0.165800 0.857700
vt 0.681300 0.414600
vt 0.679700 0.418100
vt 0.671900 0.410300
vt 0.590600 0.615500
vt 0.591100 0.587500
vt 0.211200 0.884400
vt 0.208400 0.865900
vt 0.226800 0.866300
vt 0.231100 0.883600
vt 0.208600 0.861300
vt 0.226800 0.863200
vt 0.213000 0.843200
vt 0.233100 0.845800
vt 0.590400 0.479600
vt 0.588700 0.463200
vt 0.594000 0.479100
vt 0.573900 0.484400
vt 0.568200 0.467300
vt 0.189500 0.864800
vt 0.198200 0.865000
vt 0.198100 0.884400
vt 0.185400 0.881600
vt 0.198200 0.861400
vt 0.189600 0.860500
vt 0.187300 0.844100
vt 0.200000 0.842300
vt 0.596900 0.495300
vt 0.595300 0.487900
vt 0.594200 0.495900
vt 0.592200 0.488500
vt 0.582500 0.502000
vt 0.566000 0.517800
vt 0.558500 0.507100
vt 0.578000 0.493900
vt 0.553300 0.495200
vt 0.589400 0.530700
vt 0.548100 0.475500
vt 0.536700 0.440000
vt 0.546300 0.436000
vt 0.644500 0.397800
vt 0.265300 0.863600
vt 0.265000 0.869100
vt 0.249900 0.866700
vt 0.249900 0.864400
vt 0.168800 0.730200
vt 0.134800 0.725000
vt 0.168800 0.689500
vt 0.138100 0.685000
vt 0.589100 0.430600
vt 0.592700 0.572300
vt 0.593200 0.562500
vt 0.593900 0.552400
vt 0.365700 0.964700
vt 0.365000 0.967300
vt 0.362100 0.966800
vt 0.362800 0.963900
vt 0.392400 0.968000
vt 0.391800 0.965300
vt 0.394900 0.964700
vt 0.395300 0.967800
vt 0.376600 0.963300
vt 0.378600 0.963500
vt 0.378600 0.967000
vt 0.376300 0.966800
vt 0.301900 0.729900
vt 0.305100 0.729800
vt 0.303700 0.731700
vt 0.302000 0.731700
vt 0.301400 0.716200
vt 0.212700 0.717400
vt 0.212700 0.715100
vt 0.301400 0.713900
vt 0.376200 0.967600
vt 0.378500 0.967900
vt 0.378400 0.972700
vt 0.374900 0.973800
vt 0.212800 0.724000
vt 0.301500 0.721500
vt 0.301700 0.724700
vt 0.213000 0.727200
vt 0.213700 0.743500
vt 0.302300 0.738800
vt 0.302300 0.742000
vt 0.213700 0.746700
vt 0.213400 0.735300
vt 0.213300 0.733200
vt 0.365300 0.974000
vt 0.363700 0.972100
vt 0.365400 0.971100
vt 0.366900 0.972300
vt 0.370300 0.965200
vt 0.365900 0.963900
vt 0.366700 0.961100
vt 0.371000 0.962200
vt 0.386500 0.962400
vt 0.391000 0.961500
vt 0.391600 0.964500
vt 0.387100 0.965500
vt 0.390000 0.973000
vt 0.391500 0.971800
vt 0.393200 0.973100
vt 0.391500 0.974700
vt 0.388100 0.969200
vt 0.392400 0.968100
vt 0.388100 0.969300
vt 0.385700 0.958700
vt 0.385700 0.958600
vt 0.390200 0.957600
vt 0.390200 0.957700
vt 0.371900 0.958600
vt 0.367600 0.957500
vt 0.367600 0.957400
vt 0.372000 0.958500
vt 0.365000 0.967400
vt 0.362100 0.966900
vt 0.369100 0.968800
vt 0.369000 0.968800
vt 0.381000 0.967800
vt 0.378600 0.967200
vt 0.380900 0.967000
vt 0.370000 0.965900
vt 0.365800 0.964100
vt 0.370200 0.965300
vt 0.362900 0.963300
vt 0.366900 0.960300
vt 0.371200 0.961400
vt 0.371100 0.962000
vt 0.366700 0.960900
vt 0.376700 0.962600
vt 0.378600 0.962700
vt 0.378600 0.963300
vt 0.376700 0.963200
vt 0.386300 0.961700
vt 0.390800 0.960700
vt 0.391000 0.961300
vt 0.386400 0.962300
vt 0.391700 0.964700
vt 0.394800 0.964100
vt 0.387300 0.966300
vt 0.387100 0.965700
vt 0.380700 0.963400
vt 0.380900 0.966900
vt 0.305200 0.733400
vt 0.305500 0.738700
vt 0.302100 0.733600
vt 0.304900 0.724500
vt 0.212600 0.712800
vt 0.212600 0.706300
vt 0.301300 0.706300
vt 0.301300 0.711500
vt 0.381900 0.973900
vt 0.385200 0.976300
vt 0.386500 0.978200
vt 0.370100 0.977800
vt 0.371500 0.975900
vt 0.382000 0.974000
vt 0.378000 0.959000
vt 0.378000 0.958900
vt 0.379400 0.958700
vt 0.379100 0.955500
vt 0.384800 0.954300
vt 0.376300 0.966900
vt 0.387100 0.965600
vt 0.380600 0.962600
vt 0.380700 0.963200
vt 0.371000 0.962100
vt 0.371500 0.976000
vt 0.374800 0.973900
vt 0.374800 0.974000
vt 0.378400 0.972800
vt 0.374900 0.973900
vt 0.381900 0.974100
vt 0.381900 0.974000
vt 0.368100 0.955400
vt 0.213500 0.737400
vt 0.392500 0.969700
vt 0.378600 0.967100
vt 0.365900 0.964000
vt 0.362900 0.963200
vt 0.366700 0.961000
vt 0.380700 0.963300
vt 0.378600 0.963400
vt 0.386500 0.962300
vt 0.391000 0.961400
vt 0.391700 0.964600
vt 0.394700 0.963900
vt 0.394800 0.964000
vt 0.362300 0.969000
vt 0.364600 0.968900
vt 0.373000 0.954400
vt 0.378500 0.955800
vt 0.394900 0.970000
vt 0.385200 0.976400
vt 0.379400 0.958800
vt 0.370900 0.953800
vt 0.389800 0.955600
vt 0.387000 0.953800
vt 0.372500 0.977800
vt 0.375900 0.977400
vt 0.378300 0.977100
vt 0.376000 0.977400
vt 0.380700 0.977600
vt 0.380600 0.977600
vt 0.384100 0.978200
vt 0.372600 0.977900
vt 0.375900 0.977600
vt 0.378200 0.977300
vt 0.376000 0.977500
vt 0.380600 0.977800
vt 0.380500 0.977800
vt 0.384000 0.978300
vt 0.251700 0.949400
vt 0.252500 0.954400
vt 0.242300 0.957000
vt 0.241000 0.951300
vt 0.241800 0.959800
vt 0.253500 0.959300
vt 0.253400 0.965400
vt 0.241600 0.966100
vt 0.253900 0.954400
vt 0.253000 0.949100
vt 0.217600 0.952600
vt 0.218500 0.958000
vt 0.214700 0.957000
vt 0.213800 0.953300
vt 0.229100 0.959800
vt 0.229200 0.958300
vt 0.229600 0.966700
vt 0.228200 0.944500
vt 0.239900 0.944400
vt 0.239900 0.945700
vt 0.228300 0.945900
vt 0.212200 0.953900
vt 0.213200 0.959300
vt 0.210000 0.954400
vt 0.210800 0.948800
vt 0.212900 0.950000
vt 0.218200 0.960100
vt 0.215100 0.945200
vt 0.216200 0.947600
vt 0.209200 0.963800
vt 0.211400 0.964800
vt 0.216400 0.966100
vt 0.226400 0.946000
vt 0.227200 0.951800
vt 0.250700 0.944600
vt 0.253300 0.970800
vt 0.241500 0.971900
vt 0.252000 0.944400
vt 0.229200 0.973000
vt 0.210100 0.969900
vt 0.215000 0.972600
vt 0.229100 0.951700
vt 0.244300 0.957500
vt 0.252300 0.956700
vt 0.253600 0.957500
vt 0.527200 0.953200
vt 0.527700 0.964000
vt 0.525200 0.964000
vt 0.524700 0.953200
vt 0.244900 0.958500
vt 0.521500 0.953400
vt 0.521300 0.950900
vt 0.524600 0.950700
vt 0.525300 0.966500
vt 0.522100 0.966700
vt 0.522000 0.964200
vt 0.227000 0.960400
vt 0.227400 0.958200
vt 0.227200 0.966800
vt 0.226800 0.973000
vt 0.226100 0.943300
vt 0.530400 0.953100
vt 0.531000 0.963900
vt 0.250600 0.943300
vt 0.343400 0.835000
vt 0.343500 0.837300
vt 0.329300 0.837100
vt 0.328800 0.835300
vt 0.689800 0.548800
vt 0.688000 0.535600
vt 0.690000 0.535400
vt 0.691700 0.548500
vt 0.687900 0.414200
vt 0.690300 0.413000
vt 0.691200 0.414900
vt 0.689500 0.415600
vt 0.727800 0.527300
vt 0.730200 0.527200
vt 0.729900 0.531200
vt 0.727600 0.530800
vt 0.692600 0.553900
vt 0.690700 0.554200
vt 0.720600 0.550500
vt 0.722600 0.550900
vt 0.721900 0.554500
vt 0.720200 0.554200
vt 0.692600 0.562800
vt 0.694200 0.561900
vt 0.700300 0.566900
vt 0.699500 0.568500
vt 0.708000 0.568800
vt 0.708200 0.570500
vt 0.719400 0.559400
vt 0.720900 0.559900
vt 0.716100 0.567000
vt 0.715000 0.565700
vt 0.726300 0.512200
vt 0.724100 0.512100
vt 0.322600 0.822300
vt 0.324200 0.829000
vt 0.313100 0.826100
vt 0.309400 0.816800
vt 0.689800 0.533100
vt 0.687800 0.533300
vt 0.687500 0.524600
vt 0.689500 0.524600
vt 0.701300 0.442700
vt 0.698100 0.413800
vt 0.704000 0.413100
vt 0.709800 0.442600
vt 0.348200 0.819400
vt 0.344000 0.819300
vt 0.344500 0.815500
vt 0.348800 0.815800
vt 0.359800 0.825300
vt 0.358400 0.825500
vt 0.358000 0.822100
vt 0.357800 0.820300
vt 0.355500 0.832600
vt 0.358600 0.829200
vt 0.358700 0.830200
vt 0.355800 0.834200
vt 0.697800 0.411800
vt 0.704100 0.411000
vt 0.325800 0.821700
vt 0.327200 0.828600
vt 0.316300 0.834900
vt 0.326300 0.835400
vt 0.348300 0.834300
vt 0.347900 0.826100
vt 0.354200 0.825600
vt 0.354300 0.820100
vt 0.716700 0.441900
vt 0.714500 0.442400
vt 0.706700 0.413400
vt 0.707800 0.411700
vt 0.237200 0.823100
vt 0.236400 0.818900
vt 0.238700 0.818500
vt 0.239600 0.822800
vt 0.689300 0.446000
vt 0.687400 0.446000
vt 0.179300 0.929200
vt 0.176700 0.930000
vt 0.176700 0.896400
vt 0.178700 0.896500
vt 0.694700 0.548100
vt 0.693700 0.534900
vt 0.693700 0.532700
vt 0.693500 0.524000
vt 0.694100 0.447700
vt 0.692000 0.445300
vt 0.695800 0.447400
vt 0.709400 0.444900
vt 0.701600 0.446400
vt 0.713700 0.444000
vt 0.715200 0.444800
vt 0.714300 0.446300
vt 0.724800 0.530100
vt 0.725600 0.527700
vt 0.718200 0.553700
vt 0.718800 0.549400
vt 0.717500 0.559400
vt 0.713700 0.564000
vt 0.707700 0.567000
vt 0.701500 0.565200
vt 0.696100 0.561200
vt 0.695400 0.553200
vt 0.329000 0.840200
vt 0.326600 0.840300
vt 0.327200 0.838800
vt 0.329600 0.838800
vt 0.317400 0.840500
vt 0.307800 0.840700
vt 0.307700 0.839300
vt 0.317700 0.839100
vt 0.241300 0.840700
vt 0.239900 0.839200
vt 0.242300 0.839200
vt 0.243700 0.840700
vt 0.238200 0.837400
vt 0.236500 0.838400
vt 0.236000 0.832200
vt 0.237600 0.831900
vt 0.233200 0.819900
vt 0.235000 0.819100
vt 0.236000 0.823400
vt 0.234200 0.824000
vt 0.295200 0.805700
vt 0.308200 0.809700
vt 0.307900 0.810900
vt 0.294900 0.806900
vt 0.321600 0.815400
vt 0.322000 0.817000
vt 0.343700 0.812800
vt 0.344800 0.814100
vt 0.325500 0.816700
vt 0.324800 0.815400
vt 0.349200 0.814600
vt 0.348200 0.813100
vt 0.354400 0.814900
vt 0.355000 0.816400
vt 0.359200 0.818600
vt 0.358700 0.819800
vt 0.362000 0.825000
vt 0.360800 0.825200
vt 0.360600 0.831700
vt 0.359600 0.830700
vt 0.356100 0.836400
vt 0.356400 0.835000
vt 0.348400 0.839200
vt 0.342900 0.840100
vt 0.343900 0.838700
vt 0.349200 0.837700
vt 0.317200 0.837400
vt 0.326900 0.837200
vt 0.348700 0.836400
vt 0.239300 0.836300
vt 0.239500 0.837500
vt 0.238300 0.838900
vt 0.177200 0.888900
vt 0.179100 0.889000
vt 0.186200 0.896400
vt 0.186900 0.929100
vt 0.181300 0.936500
vt 0.178700 0.937200
vt 0.169200 0.930000
vt 0.169200 0.896400
vt 0.717200 0.444300
vt 0.689300 0.448500
vt 0.687400 0.448500
vt 0.238900 0.831700
vt 0.241400 0.831400
vt 0.241800 0.836200
vt 0.247300 0.817000
vt 0.248400 0.821600
vt 0.694100 0.450200
vt 0.717400 0.453800
vt 0.716500 0.454900
vt 0.242000 0.837500
vt 0.251400 0.837500
vt 0.251800 0.839200
vt 0.236600 0.817600
vt 0.238900 0.817200
vt 0.307300 0.812200
vt 0.296800 0.813300
vt 0.294400 0.808100
vt 0.321600 0.818600
vt 0.325300 0.818200
vt 0.354600 0.817300
vt 0.728600 0.501000
vt 0.719400 0.453300
vt 0.730400 0.501200
vt 0.689300 0.515400
vt 0.687300 0.515500
vt 0.687300 0.458000
vt 0.689300 0.458000
vt 0.302000 0.824000
vt 0.306100 0.834600
vt 0.251200 0.835900
vt 0.250500 0.830300
vt 0.694000 0.459500
vt 0.693300 0.514800
vt 0.247600 0.815700
vt 0.307200 0.837700
vt 0.727400 0.500900
vt 0.721800 0.513100
vt 0.236700 0.840100
vt 0.253000 0.840700
vt 0.237900 0.816100
vt 0.240200 0.815700
vt 0.248600 0.814200
vt 0.343400 0.826400
vt 0.615100 0.709400
vt 0.617200 0.709900
vt 0.614700 0.714200
vt 0.613100 0.712600
vt 0.610400 0.716500
vt 0.609800 0.714400
vt 0.605500 0.716300
vt 0.606100 0.714200
vt 0.601400 0.713800
vt 0.603000 0.712300
vt 0.599200 0.709600
vt 0.601300 0.709100
vt 0.599300 0.704800
vt 0.601400 0.705400
vt 0.601800 0.700800
vt 0.603300 0.702300
vt 0.605900 0.698500
vt 0.606400 0.700500
vt 0.610600 0.698500
vt 0.610100 0.700600
vt 0.614800 0.700900
vt 0.613300 0.702400
vt 0.617200 0.705100
vt 0.615100 0.705600
vt 0.549100 0.697800
vt 0.547300 0.701100
vt 0.544000 0.702900
vt 0.547300 0.690900
vt 0.535200 0.694100
vt 0.537100 0.701100
vt 0.540300 0.702900
vt 0.535200 0.697800
vt 0.540300 0.689000
vt 0.537100 0.690900
vt 0.544000 0.689000
vt 0.549100 0.694100
vt 0.613200 0.708900
vt 0.611800 0.711200
vt 0.609400 0.712500
vt 0.606700 0.712400
vt 0.604400 0.711000
vt 0.603100 0.708600
vt 0.603200 0.705900
vt 0.604600 0.703600
vt 0.606900 0.702300
vt 0.609600 0.702400
vt 0.611900 0.703800
vt 0.613300 0.706100
vt 0.612700 0.708700
vt 0.611400 0.710800
vt 0.609300 0.712000
vt 0.606800 0.711900
vt 0.604700 0.710600
vt 0.603600 0.708500
vt 0.603700 0.706100
vt 0.604900 0.704000
vt 0.607000 0.702800
vt 0.609500 0.702900
vt 0.611600 0.704100
vt 0.612700 0.706300
vt 0.611300 0.708300
vt 0.610400 0.709800
vt 0.608900 0.710600
vt 0.607200 0.710500
vt 0.605800 0.709600
vt 0.605000 0.708200
vt 0.605000 0.706500
vt 0.605900 0.705000
vt 0.607400 0.704200
vt 0.609100 0.704300
vt 0.610500 0.705100
vt 0.611300 0.706600
vt 0.608200 0.707400
vt 0.155000 0.885600
vt 0.160000 0.885000
vt 0.160700 0.887400
vt 0.155200 0.888900
vt 0.151100 0.885800
vt 0.151100 0.889300
vt 0.090400 0.889200
vt 0.085400 0.889300
vt 0.085400 0.885200
vt 0.090300 0.885100
vt 0.163600 0.885800
vt 0.162300 0.884100
vt 0.165700 0.880100
vt 0.167200 0.880700
vt 0.166200 0.876700
vt 0.167900 0.876700
vt 0.165000 0.876700
vt 0.163200 0.880500
vt 0.075100 0.888700
vt 0.069900 0.882900
vt 0.073500 0.883400
vt 0.073500 0.878000
vt 0.078500 0.877900
vt 0.078600 0.885300
vt 0.122400 0.877300
vt 0.126300 0.877300
vt 0.126800 0.882600
vt 0.123100 0.883700
vt 0.159500 0.876800
vt 0.159700 0.882100
vt 0.154800 0.882500
vt 0.154600 0.876900
vt 0.151000 0.882600
vt 0.150900 0.876900
vt 0.163100 0.876800
vt 0.085200 0.877900
vt 0.070800 0.878000
vt 0.069100 0.878100
vt 0.090100 0.877800
vt 0.078700 0.889400
vt 0.127500 0.885100
vt 0.124200 0.887700
vt 0.152800 0.750300
vt 0.156300 0.749900
vt 0.157900 0.757200
vt 0.154300 0.757900
vt 0.156400 0.745800
vt 0.156400 0.740400
vt 0.160200 0.742800
vt 0.160000 0.747700
vt 0.181900 0.762000
vt 0.183700 0.759800
vt 0.186300 0.762000
vt 0.184500 0.764200
vt 0.156500 0.770300
vt 0.178800 0.771300
vt 0.178900 0.774200
vt 0.154400 0.774300
vt 0.152700 0.745800
vt 0.152700 0.740400
vt 0.162500 0.752900
vt 0.163400 0.749700
vt 0.181100 0.762900
vt 0.183700 0.765100
vt 0.152400 0.769900
vt 0.148400 0.769600
vt 0.150400 0.765700
vt 0.154500 0.765500
vt 0.147000 0.885900
vt 0.146800 0.889400
vt 0.095300 0.885000
vt 0.095400 0.889000
vt 0.147000 0.882700
vt 0.146900 0.877000
vt 0.095200 0.877700
vt 0.156600 0.760700
vt 0.162700 0.759200
vt 0.161800 0.762200
vt 0.164000 0.745200
vt 0.149800 0.774100
vt 0.145400 0.774000
vt 0.159100 0.752300
vt 0.157700 0.767100
vt 0.179700 0.764600
vt 0.178600 0.767900
vt 0.178700 0.770100
vt 0.182300 0.766800
vt 0.154800 0.868100
vt 0.154900 0.864800
vt 0.160500 0.866200
vt 0.159800 0.868600
vt 0.150800 0.868000
vt 0.150700 0.864500
vt 0.085200 0.870500
vt 0.085100 0.866400
vt 0.090000 0.866400
vt 0.090100 0.870500
vt 0.163400 0.867800
vt 0.162200 0.869400
vt 0.165600 0.873400
vt 0.167100 0.872700
vt 0.163100 0.873000
vt 0.074800 0.867300
vt 0.073400 0.872600
vt 0.069800 0.873200
vt 0.078400 0.870600
vt 0.126600 0.872000
vt 0.122900 0.871000
vt 0.154600 0.871300
vt 0.159600 0.871500
vt 0.150800 0.871200
vt 0.078400 0.866500
vt 0.123900 0.867000
vt 0.127200 0.869500
vt 0.078100 0.952700
vt 0.085400 0.954300
vt 0.085100 0.957700
vt 0.077400 0.956200
vt 0.089500 0.954100
vt 0.087700 0.950600
vt 0.092600 0.950400
vt 0.095000 0.954200
vt 0.073300 0.924300
vt 0.075500 0.926900
vt 0.073300 0.928700
vt 0.071100 0.926100
vt 0.065000 0.954100
vt 0.061100 0.956200
vt 0.061100 0.931700
vt 0.064000 0.931800
vt 0.095000 0.957900
vt 0.089500 0.957900
vt 0.082400 0.948000
vt 0.072400 0.929500
vt 0.085600 0.947100
vt 0.070200 0.926900
vt 0.065400 0.958200
vt 0.069900 0.956100
vt 0.069600 0.960200
vt 0.065800 0.962200
vt 0.146700 0.868100
vt 0.146300 0.864500
vt 0.095100 0.870400
vt 0.095100 0.866400
vt 0.146800 0.871300
vt 0.076100 0.947800
vt 0.074600 0.954000
vt 0.073100 0.948800
vt 0.090100 0.946600
vt 0.061400 0.965200
vt 0.061200 0.960800
vt 0.083000 0.951500
vt 0.068200 0.952900
vt 0.070700 0.930900
vt 0.067400 0.932000
vt 0.065200 0.931900
vt 0.068500 0.928300
vt 0.710000 0.707900
vt 0.709200 0.710900
vt 0.707800 0.710100
vt 0.707000 0.708700
vt 0.707000 0.707100
vt 0.707800 0.705700
vt 0.709200 0.704900
vt 0.710800 0.704900
vt 0.712200 0.705700
vt 0.713000 0.707000
vt 0.713000 0.708700
vt 0.712200 0.710100
vt 0.710800 0.710900
vt 0.708600 0.713200
vt 0.706100 0.711800
vt 0.704700 0.709300
vt 0.704700 0.706400
vt 0.706100 0.703900
vt 0.708600 0.702500
vt 0.711400 0.702500
vt 0.713900 0.704000
vt 0.715400 0.706400
vt 0.715400 0.709200
vt 0.714000 0.711700
vt 0.711500 0.713200
vt 0.708300 0.714600
vt 0.705100 0.712900
vt 0.703300 0.709700
vt 0.703300 0.706000
vt 0.705100 0.702900
vt 0.708300 0.701100
vt 0.711800 0.701200
vt 0.714900 0.703000
vt 0.716700 0.706000
vt 0.716700 0.709600
vt 0.715000 0.712700
vt 0.711900 0.714500
vt 0.180000 0.791300
vt 0.179200 0.794300
vt 0.177800 0.793500
vt 0.177000 0.792100
vt 0.177000 0.790500
vt 0.177800 0.789100
vt 0.179200 0.788300
vt 0.180800 0.788300
vt 0.182200 0.789100
vt 0.183000 0.790500
vt 0.183000 0.792100
vt 0.182200 0.793500
vt 0.180800 0.794300
vt 0.178600 0.796700
vt 0.176100 0.795200
vt 0.174700 0.792800
vt 0.174600 0.789900
vt 0.176100 0.787400
vt 0.178600 0.785900
vt 0.181400 0.786000
vt 0.183900 0.787400
vt 0.185300 0.789800
vt 0.185300 0.792700
vt 0.183900 0.795200
vt 0.181500 0.796600
vt 0.178300 0.798100
vt 0.175100 0.796300
vt 0.173300 0.793100
vt 0.173300 0.789500
vt 0.175100 0.786300
vt 0.178200 0.784600
vt 0.181800 0.784600
vt 0.184900 0.786400
vt 0.186700 0.789500
vt 0.186700 0.793000
vt 0.185000 0.796100
vt 0.181900 0.798000
vt 0.413800 0.985600
vt 0.413300 0.987600
vt 0.412400 0.987100
vt 0.411800 0.986100
vt 0.411800 0.985100
vt 0.412400 0.984100
vt 0.413300 0.983600
vt 0.414400 0.983600
vt 0.415300 0.984100
vt 0.415900 0.985000
vt 0.415900 0.986100
vt 0.415300 0.987100
vt 0.414400 0.987600
vt 0.412900 0.989200
vt 0.411200 0.988300
vt 0.410300 0.986600
vt 0.410300 0.984600
vt 0.411200 0.983000
vt 0.412900 0.982000
vt 0.414800 0.982000
vt 0.416500 0.983000
vt 0.417400 0.984600
vt 0.417400 0.986500
vt 0.416500 0.988200
vt 0.414900 0.989200
vt 0.412700 0.990200
vt 0.410600 0.989000
vt 0.409300 0.986800
vt 0.409300 0.984400
vt 0.410500 0.982200
vt 0.412700 0.981000
vt 0.415100 0.981100
vt 0.417200 0.982300
vt 0.418400 0.984400
vt 0.418400 0.986800
vt 0.417200 0.988900
vt 0.415100 0.990100
vt 0.245800 0.986100
vt 0.245200 0.988100
vt 0.244300 0.987600
vt 0.243800 0.986700
vt 0.243700 0.985600
vt 0.244300 0.984600
vt 0.245200 0.984100
vt 0.246300 0.984100
vt 0.247200 0.984600
vt 0.247800 0.985600
vt 0.247800 0.986600
vt 0.247200 0.987600
vt 0.246300 0.988100
vt 0.244800 0.989700
vt 0.243200 0.988800
vt 0.242200 0.987100
vt 0.242200 0.985200
vt 0.243100 0.983500
vt 0.244800 0.982500
vt 0.246700 0.982500
vt 0.248400 0.983500
vt 0.249300 0.985100
vt 0.249300 0.987000
vt 0.248400 0.988700
vt 0.246800 0.989700
vt 0.244600 0.990700
vt 0.242500 0.989500
vt 0.241200 0.987400
vt 0.241200 0.984900
vt 0.242400 0.982800
vt 0.244600 0.981600
vt 0.247000 0.981600
vt 0.249100 0.982800
vt 0.250300 0.984900
vt 0.250300 0.987300
vt 0.249100 0.989400
vt 0.247100 0.990600
vt 0.213700 0.986200
vt 0.213200 0.988200
vt 0.212300 0.987600
vt 0.211700 0.986700
vt 0.211700 0.985600
vt 0.212300 0.984700
vt 0.213200 0.984200
vt 0.214300 0.984100
vt 0.215200 0.984700
vt 0.215700 0.985600
vt 0.215700 0.986700
vt 0.215200 0.987600
vt 0.214300 0.988200
vt 0.212800 0.989800
vt 0.211100 0.988800
vt 0.210200 0.987100
vt 0.210100 0.985200
vt 0.211100 0.983500
vt 0.212800 0.982600
vt 0.214700 0.982600
vt 0.216400 0.983500
vt 0.217300 0.985200
vt 0.217300 0.987100
vt 0.216400 0.988700
vt 0.214700 0.989700
vt 0.212600 0.990700
vt 0.210400 0.989500
vt 0.209200 0.987400
vt 0.209200 0.984900
vt 0.210400 0.982800
vt 0.212600 0.981600
vt 0.215000 0.981600
vt 0.217100 0.982900
vt 0.218300 0.984900
vt 0.218300 0.987300
vt 0.217100 0.989400
vt 0.215000 0.990700
vt 0.185300 0.986300
vt 0.187600 0.984100
vt 0.188400 0.985500
vt 0.186200 0.983300
vt 0.184500 0.983300
vt 0.183100 0.984100
vt 0.182300 0.985500
vt 0.182300 0.987100
vt 0.183100 0.988500
vt 0.184500 0.989300
vt 0.186100 0.989300
vt 0.187500 0.988500
vt 0.188300 0.987100
vt 0.189300 0.982400
vt 0.190700 0.984900
vt 0.186800 0.981000
vt 0.183900 0.980900
vt 0.181400 0.982400
vt 0.180000 0.984900
vt 0.180000 0.987700
vt 0.181400 0.990200
vt 0.183900 0.991600
vt 0.186700 0.991600
vt 0.189200 0.990200
vt 0.190700 0.987800
vt 0.190300 0.981400
vt 0.192100 0.984600
vt 0.187200 0.979600
vt 0.183500 0.979600
vt 0.180400 0.981400
vt 0.178600 0.984500
vt 0.178600 0.988100
vt 0.180400 0.991200
vt 0.183500 0.993000
vt 0.187100 0.993000
vt 0.190200 0.991300
vt 0.192000 0.988200
vt 0.581900 0.701100
vt 0.584200 0.699000
vt 0.585000 0.700400
vt 0.582800 0.698100
vt 0.581200 0.698100
vt 0.579700 0.698900
vt 0.578900 0.700300
vt 0.578900 0.701900
vt 0.579700 0.703300
vt 0.581100 0.704200
vt 0.582700 0.704200
vt 0.584100 0.703400
vt 0.585000 0.702000
vt 0.585900 0.697300
vt 0.587300 0.699800
vt 0.583400 0.695800
vt 0.580500 0.695800
vt 0.578000 0.697200
vt 0.576600 0.699700
vt 0.576600 0.702600
vt 0.578000 0.705100
vt 0.580500 0.706500
vt 0.583300 0.706500
vt 0.585800 0.705100
vt 0.587300 0.702600
vt 0.586900 0.696300
vt 0.588700 0.699500
vt 0.583800 0.694400
vt 0.580100 0.694400
vt 0.577000 0.696300
vt 0.575200 0.699400
vt 0.575200 0.703000
vt 0.577100 0.706100
vt 0.580100 0.707800
vt 0.583700 0.707900
vt 0.586800 0.706100
vt 0.588600 0.703100
vt 0.425900 0.985600
vt 0.427300 0.984100
vt 0.427900 0.985100
vt 0.426400 0.983600
vt 0.425300 0.983600
vt 0.424400 0.984100
vt 0.423800 0.985100
vt 0.423800 0.986100
vt 0.424400 0.987100
vt 0.425300 0.987600
vt 0.426400 0.987600
vt 0.427300 0.987100
vt 0.427900 0.986200
vt 0.428500 0.983000
vt 0.429500 0.984700
vt 0.426800 0.982000
vt 0.424900 0.982000
vt 0.423200 0.983000
vt 0.422300 0.984600
vt 0.422300 0.986600
vt 0.423200 0.988200
vt 0.424900 0.989200
vt 0.426800 0.989200
vt 0.428400 0.988300
vt 0.429400 0.986600
vt 0.429200 0.982300
vt 0.430400 0.984500
vt 0.427100 0.981000
vt 0.424600 0.981000
vt 0.422500 0.982300
vt 0.421300 0.984400
vt 0.421300 0.986900
vt 0.422500 0.988900
vt 0.424600 0.990100
vt 0.427000 0.990100
vt 0.429100 0.989000
vt 0.430400 0.986900
vt 0.445900 0.984900
vt 0.447300 0.986400
vt 0.446400 0.986900
vt 0.447900 0.985500
vt 0.447900 0.984400
vt 0.447300 0.983500
vt 0.446400 0.982900
vt 0.445300 0.982900
vt 0.444400 0.983400
vt 0.443800 0.984400
vt 0.443800 0.985500
vt 0.444400 0.986400
vt 0.445300 0.986900
vt 0.448400 0.987600
vt 0.446800 0.988500
vt 0.449400 0.985900
vt 0.449400 0.984000
vt 0.448500 0.982300
vt 0.446800 0.981300
vt 0.444900 0.981300
vt 0.443200 0.982300
vt 0.442300 0.983900
vt 0.442300 0.985800
vt 0.443200 0.987500
vt 0.444800 0.988500
vt 0.449100 0.988300
vt 0.447000 0.989500
vt 0.450400 0.986200
vt 0.450400 0.983700
vt 0.449200 0.981600
vt 0.447000 0.980400
vt 0.444600 0.980400
vt 0.442500 0.981600
vt 0.441300 0.983700
vt 0.441300 0.986100
vt 0.442500 0.988200
vt 0.444500 0.989400
vt 0.257800 0.983600
vt 0.259200 0.982100
vt 0.259800 0.983100
vt 0.258300 0.981600
vt 0.257200 0.981600
vt 0.256300 0.982100
vt 0.255800 0.983100
vt 0.255700 0.984100
vt 0.256300 0.985100
vt 0.257200 0.985600
vt 0.258300 0.985600
vt 0.259200 0.985100
vt 0.259800 0.984200
vt 0.260400 0.981000
vt 0.261400 0.982700
vt 0.258700 0.980000
vt 0.256800 0.980000
vt 0.255100 0.981000
vt 0.254200 0.982700
vt 0.254200 0.984600
vt 0.255100 0.986200
vt 0.256800 0.987200
vt 0.258700 0.987200
vt 0.260300 0.986300
vt 0.261300 0.984600
vt 0.261200 0.980300
vt 0.262300 0.982500
vt 0.259000 0.979000
vt 0.256500 0.979000
vt 0.254400 0.980300
vt 0.253200 0.982400
vt 0.253200 0.984900
vt 0.254500 0.986900
vt 0.256500 0.988100
vt 0.258900 0.988200
vt 0.261000 0.987000
vt 0.262300 0.984900
vt 0.169300 0.228000
vt 0.184600 0.228000
vt 0.185600 0.239200
vt 0.169200 0.239200
vt 0.189100 0.239200
vt 0.188000 0.228000
vt 0.204300 0.228000
vt 0.203600 0.239200
vt 0.327600 0.228000
vt 0.327500 0.239200
vt 0.324100 0.239200
vt 0.324200 0.228000
vt 0.188600 0.253200
vt 0.185100 0.253200
vt 0.185400 0.245900
vt 0.188900 0.245900
vt 0.159400 0.239200
vt 0.159500 0.228000
vt 0.229100 0.277200
vt 0.221000 0.277200
vt 0.220900 0.273700
vt 0.229000 0.273700
vt 0.202700 0.253200
vt 0.203200 0.245900
vt 0.213300 0.245900
vt 0.213100 0.253200
vt 0.213900 0.228000
vt 0.204500 0.225100
vt 0.214000 0.225100
vt 0.209300 0.261800
vt 0.211300 0.261800
vt 0.215100 0.268200
vt 0.212900 0.268200
vt 0.325600 0.261800
vt 0.325800 0.268200
vt 0.311700 0.268200
vt 0.311700 0.261800
vt 0.328900 0.261800
vt 0.329300 0.268200
vt 0.151800 0.260900
vt 0.161000 0.260900
vt 0.158600 0.267600
vt 0.149600 0.267600
vt 0.218600 0.277400
vt 0.201800 0.257300
vt 0.311700 0.273700
vt 0.325400 0.273700
vt 0.221100 0.261800
vt 0.328800 0.273700
vt 0.326600 0.253200
vt 0.323600 0.253200
vt 0.152900 0.274000
vt 0.144400 0.274000
vt 0.057800 0.260900
vt 0.044500 0.260900
vt 0.044600 0.253200
vt 0.058800 0.253200
vt 0.169100 0.245900
vt 0.324000 0.245600
vt 0.327300 0.245600
vt 0.159300 0.245900
vt 0.213400 0.239200
vt 0.058900 0.239200
vt 0.044700 0.239200
vt 0.044900 0.228000
vt 0.059000 0.228000
vt 0.311700 0.277200
vt 0.325400 0.277200
vt 0.361200 0.768500
vt 0.361700 0.765800
vt 0.363700 0.765800
vt 0.364300 0.768300
vt 0.311700 0.228000
vt 0.311700 0.225100
vt 0.324200 0.225100
vt 0.242100 0.268200
vt 0.240300 0.261800
vt 0.057400 0.267600
vt 0.044500 0.267600
vt 0.246400 0.273700
vt 0.311700 0.253200
vt 0.056700 0.274000
vt 0.044400 0.274000
vt 0.132300 0.260900
vt 0.138300 0.253200
vt 0.044700 0.245900
vt 0.058800 0.245900
vt 0.311700 0.239200
vt 0.347100 0.734900
vt 0.345500 0.733500
vt 0.352000 0.731600
vt 0.352700 0.733100
vt 0.358800 0.730100
vt 0.359100 0.727900
vt 0.375700 0.727900
vt 0.375900 0.730100
vt 0.382500 0.731800
vt 0.381800 0.733200
vt 0.336500 0.745400
vt 0.334800 0.744100
vt 0.353300 0.734500
vt 0.359100 0.731900
vt 0.361700 0.741700
vt 0.356600 0.743800
vt 0.375700 0.731900
vt 0.373000 0.741600
vt 0.378200 0.743200
vt 0.381100 0.734500
vt 0.385600 0.736500
vt 0.382600 0.744400
vt 0.337700 0.746300
vt 0.348100 0.736300
vt 0.352000 0.745500
vt 0.344800 0.751000
vt 0.386600 0.735300
vt 0.356900 0.745800
vt 0.351600 0.747600
vt 0.363200 0.743500
vt 0.371500 0.743300
vt 0.378000 0.745200
vt 0.346800 0.751200
vt 0.357600 0.748800
vt 0.352700 0.750400
vt 0.364000 0.747200
vt 0.371300 0.747300
vt 0.377700 0.748000
vt 0.348100 0.753500
vt 0.366700 0.757500
vt 0.366700 0.762800
vt 0.360900 0.758600
vt 0.370200 0.757300
vt 0.369400 0.763500
vt 0.373900 0.767600
vt 0.371100 0.766500
vt 0.376100 0.758000
vt 0.357500 0.767000
vt 0.352500 0.762300
vt 0.355800 0.760400
vt 0.359300 0.764800
vt 0.366200 0.751800
vt 0.366300 0.753200
vt 0.359900 0.753900
vt 0.359600 0.752300
vt 0.370300 0.751900
vt 0.370300 0.753300
vt 0.382400 0.752000
vt 0.382300 0.753600
vt 0.376400 0.753100
vt 0.376400 0.751500
vt 0.349800 0.757900
vt 0.348900 0.756500
vt 0.353400 0.754000
vt 0.354000 0.755700
vt 0.186200 0.257300
vt 0.138500 0.239200
vt 0.138600 0.228000
vt 0.246500 0.277200
vt 0.234000 0.239200
vt 0.234100 0.245900
vt 0.130400 0.267600
vt 0.234200 0.253200
vt 0.126100 0.274000
vt 0.159200 0.253200
vt 0.138400 0.245900
vt 0.234100 0.228000
vt 0.223700 0.268200
vt 0.169100 0.253200
vt 0.234100 0.225100
vt 0.190400 0.225100
vt 0.311700 0.245900
vt 0.382500 0.748800
vt 0.381900 0.758700
vt 0.367400 0.766900
vt 0.365600 0.765000
vt 0.388400 0.734400
vt 0.382800 0.746300
vt 0.379300 0.765000
vt 0.376500 0.767300
vt 0.449500 0.964700
vt 0.450300 0.966300
vt 0.444600 0.964100
vt 0.444300 0.963000
vt 0.449000 0.957600
vt 0.449000 0.952400
vt 0.461200 0.952400
vt 0.461200 0.957600
vt 0.448300 0.959400
vt 0.461900 0.959100
vt 0.460100 0.965500
vt 0.460800 0.964100
vt 0.451000 0.971200
vt 0.460000 0.970400
vt 0.460300 0.973800
vt 0.451300 0.974600
vt 0.208000 0.980800
vt 0.208000 0.983100
vt 0.195700 0.983100
vt 0.195700 0.980800
vt 0.195700 0.968900
vt 0.208000 0.968900
vt 0.208000 0.969900
vt 0.195700 0.969900
vt 0.449000 0.944200
vt 0.461200 0.944200
vt 0.465700 0.962300
vt 0.474700 0.959100
vt 0.474600 0.960200
vt 0.465500 0.963300
vt 0.434500 0.961200
vt 0.434300 0.960100
vt 0.460900 0.980300
vt 0.451800 0.981100
vt 0.446000 0.969800
vt 0.445700 0.968700
vt 0.451200 0.970500
vt 0.445400 0.967600
vt 0.445200 0.966400
vt 0.450700 0.968500
vt 0.450400 0.969100
vt 0.444900 0.965300
vt 0.449900 0.967000
vt 0.449400 0.961500
vt 0.443300 0.959500
vt 0.443000 0.958300
vt 0.449000 0.962300
vt 0.449900 0.963900
vt 0.444000 0.961800
vt 0.443700 0.960700
vt 0.459600 0.969700
vt 0.459800 0.967600
vt 0.460300 0.968400
vt 0.460600 0.966300
vt 0.460700 0.960900
vt 0.460400 0.963300
vt 0.461200 0.961800
vt 0.208000 0.966000
vt 0.195700 0.966000
vt 0.195700 0.965100
vt 0.208000 0.965100
vt 0.208000 0.968000
vt 0.195700 0.968000
vt 0.195700 0.967000
vt 0.208000 0.967000
vt 0.195700 0.976000
vt 0.208000 0.976000
vt 0.208000 0.978400
vt 0.195700 0.978400
vt 0.208000 0.973700
vt 0.195700 0.973700
vt 0.472700 0.971800
vt 0.472400 0.974400
vt 0.464600 0.968700
vt 0.464800 0.967600
vt 0.473200 0.966600
vt 0.472900 0.969200
vt 0.465000 0.966600
vt 0.465100 0.965500
vt 0.473500 0.964100
vt 0.465300 0.964500
vt 0.475100 0.955900
vt 0.466500 0.959000
vt 0.466800 0.958000
vt 0.475300 0.954900
vt 0.474900 0.958100
vt 0.466000 0.961200
vt 0.466200 0.960200
vt 0.475000 0.957000
vt 0.433600 0.956600
vt 0.433400 0.955400
vt 0.434100 0.958900
vt 0.433800 0.957700
vt 0.437500 0.973800
vt 0.438000 0.976600
vt 0.436500 0.968300
vt 0.437000 0.971000
vt 0.436000 0.965500
vt 0.442800 0.956500
vt 0.195700 0.963800
vt 0.208000 0.963800
vt 0.466800 0.956300
vt 0.475300 0.953500
vt 0.433300 0.954000
vt 0.113800 0.978000
vt 0.118100 0.963600
vt 0.123900 0.963700
vt 0.128900 0.978000
vt 0.128700 0.960700
vt 0.141200 0.969200
vt 0.130800 0.955500
vt 0.145900 0.955000
vt 0.129400 0.950000
vt 0.141300 0.940700
vt 0.125000 0.946300
vt 0.129100 0.931800
vt 0.119200 0.946100
vt 0.114100 0.931800
vt 0.114300 0.949200
vt 0.101800 0.940700
vt 0.112200 0.954500
vt 0.097100 0.955000
vt 0.113700 0.960000
vt 0.101800 0.969300
vt 0.968300 0.377900
vt 0.968500 0.382900
vt 0.954300 0.382900
vt 0.954300 0.377900
vt 0.968700 0.387900
vt 0.954200 0.387900
vt 0.966900 0.395000
vt 0.969500 0.398200
vt 0.958900 0.398200
vt 0.960100 0.395000
vt 0.969200 0.325700
vt 0.966400 0.329500
vt 0.958400 0.329500
vt 0.956700 0.325700
vt 0.953500 0.338300
vt 0.968800 0.338300
vt 0.968400 0.343300
vt 0.953900 0.343300
vt 0.968200 0.348300
vt 0.954000 0.348300
vt 0.968200 0.353200
vt 0.954000 0.353200
vt 0.968100 0.358100
vt 0.954000 0.358100
vt 0.968100 0.363100
vt 0.954100 0.363100
vt 0.968200 0.368000
vt 0.954100 0.368000
vt 0.968200 0.372900
vt 0.954200 0.372900
vt 0.670900 0.694200
vt 0.675800 0.694200
vt 0.680000 0.696600
vt 0.664200 0.700900
vt 0.675800 0.712500
vt 0.682500 0.705800
vt 0.682500 0.700900
vt 0.680000 0.710000
vt 0.666600 0.710000
vt 0.670900 0.712500
vt 0.664200 0.705800
vt 0.666600 0.696600
vt 0.160000 0.782100
vt 0.164900 0.782100
vt 0.169100 0.784500
vt 0.153300 0.788800
vt 0.164900 0.800400
vt 0.171600 0.793700
vt 0.171600 0.788800
vt 0.169100 0.798000
vt 0.155700 0.798000
vt 0.160000 0.800400
vt 0.153300 0.793700
vt 0.155700 0.784500
vt 0.953300 0.377900
vt 0.953400 0.382900
vt 0.667500 0.382900
vt 0.667500 0.377900
vt 0.953300 0.387900
vt 0.667500 0.387900
vt 0.951200 0.393200
vt 0.667400 0.393200
vt 0.952600 0.338300
vt 0.667300 0.338300
vt 0.667200 0.333200
vt 0.950200 0.333200
vt 0.952900 0.343300
vt 0.667300 0.343300
vt 0.953100 0.348300
vt 0.667400 0.348300
vt 0.953200 0.353200
vt 0.667400 0.353200
vt 0.953100 0.358100
vt 0.667400 0.358100
vt 0.953100 0.363100
vt 0.667400 0.363100
vt 0.953300 0.368000
vt 0.667500 0.368000
vt 0.953300 0.372900
vt 0.667500 0.372900
vt 0.680700 0.710700
vt 0.683400 0.706000
vt 0.683400 0.700600
vt 0.680700 0.696000
vt 0.676000 0.693300
vt 0.670600 0.693300
vt 0.666000 0.696000
vt 0.663300 0.700600
vt 0.663300 0.706000
vt 0.666000 0.710700
vt 0.670600 0.713400
vt 0.676000 0.713400
vt 0.950900 0.333200
vt 0.951900 0.393200
vt 0.972400 0.389700
vt 0.974200 0.335100
vt 0.992900 0.970500
vt 0.992200 0.978200
vt 0.990400 0.978000
vt 0.991100 0.970400
vt 0.991500 0.986000
vt 0.989700 0.985800
vt 0.990900 0.993900
vt 0.989100 0.993600
vt 0.990000 0.901200
vt 0.991800 0.901000
vt 0.992200 0.908900
vt 0.990500 0.909100
vt 0.992800 0.916800
vt 0.991100 0.917000
vt 0.993300 0.924500
vt 0.991600 0.924600
vt 0.993500 0.932200
vt 0.991800 0.932200
vt 0.993600 0.939800
vt 0.991900 0.939800
vt 0.993600 0.947400
vt 0.991900 0.947400
vt 0.993400 0.955000
vt 0.991700 0.955000
vt 0.993200 0.962800
vt 0.991500 0.962700
vt 0.009100 0.967400
vt 0.012700 0.961200
vt 0.018900 0.957600
vt 0.012700 0.980800
vt 0.035800 0.974600
vt 0.032200 0.961200
vt 0.026000 0.957600
vt 0.035800 0.967400
vt 0.026000 0.984400
vt 0.032200 0.980800
vt 0.018900 0.984400
vt 0.009100 0.974600
vt 0.698900 0.703200
vt 0.700800 0.706400
vt 0.700800 0.710000
vt 0.692200 0.701400
vt 0.689100 0.713100
vt 0.695800 0.714900
vt 0.698900 0.713100
vt 0.692200 0.714900
vt 0.687300 0.706400
vt 0.687300 0.710000
vt 0.689100 0.703200
vt 0.695800 0.701400
vt 0.983200 0.977200
vt 0.983900 0.969900
vt 0.982300 0.985200
vt 0.981400 0.993000
vt 0.983000 0.909600
vt 0.982200 0.901800
vt 0.983900 0.917600
vt 0.984600 0.925000
vt 0.984700 0.932300
vt 0.984700 0.940000
vt 0.984800 0.947300
vt 0.984500 0.954700
vt 0.984300 0.962600
vt 0.921700 0.965900
vt 0.922000 0.972300
vt 0.876300 0.967500
vt 0.877200 0.962000
vt 0.921500 0.978800
vt 0.874800 0.973000
vt 0.920400 0.985100
vt 0.872400 0.978900
vt 0.921900 0.915300
vt 0.874900 0.920300
vt 0.872400 0.914400
vt 0.920800 0.908900
vt 0.922400 0.921700
vt 0.876400 0.925800
vt 0.922000 0.928000
vt 0.877300 0.931400
vt 0.923000 0.934300
vt 0.877900 0.936600
vt 0.923200 0.940700
vt 0.878300 0.941700
vt 0.922600 0.947000
vt 0.878400 0.946800
vt 0.923100 0.953300
vt 0.878200 0.951700
vt 0.922900 0.959700
vt 0.877800 0.956700
vt 0.977000 0.970900
vt 0.971200 0.970500
vt 0.971300 0.969000
vt 0.977100 0.969400
vt 0.981100 0.985100
vt 0.970800 0.983700
vt 0.971700 0.976000
vt 0.982000 0.977000
vt 0.974200 0.991600
vt 0.968700 0.990500
vt 0.968900 0.988900
vt 0.974700 0.990100
vt 0.975000 0.903100
vt 0.975500 0.904600
vt 0.969600 0.905700
vt 0.969400 0.904100
vt 0.981800 0.909700
vt 0.982700 0.917700
vt 0.972300 0.918400
vt 0.971500 0.911000
vt 0.976900 0.925400
vt 0.971700 0.925700
vt 0.971600 0.924200
vt 0.977500 0.923900
vt 0.977700 0.926900
vt 0.971800 0.927300
vt 0.983600 0.940000
vt 0.973200 0.940300
vt 0.973000 0.933700
vt 0.983500 0.932300
vt 0.977800 0.947200
vt 0.972100 0.947100
vt 0.972100 0.945500
vt 0.978100 0.945700
vt 0.978000 0.948700
vt 0.972000 0.948700
vt 0.983100 0.962600
vt 0.972700 0.962100
vt 0.973100 0.954300
vt 0.983300 0.954600
vt 0.971400 0.967400
vt 0.977200 0.968000
vt 0.924700 0.969000
vt 0.924900 0.966100
vt 0.925100 0.963100
vt 0.934300 0.960000
vt 0.933800 0.963500
vt 0.980000 0.966600
vt 0.982700 0.969800
vt 0.979400 0.969600
vt 0.979600 0.972600
vt 0.971200 0.972100
vt 0.924700 0.982500
vt 0.924200 0.985300
vt 0.933000 0.979500
vt 0.932400 0.983200
vt 0.976600 0.988900
vt 0.980100 0.992800
vt 0.975900 0.992000
vt 0.977300 0.905800
vt 0.976700 0.902700
vt 0.980900 0.901900
vt 0.969900 0.907000
vt 0.925100 0.911600
vt 0.924600 0.908700
vt 0.924900 0.924900
vt 0.925800 0.927900
vt 0.933800 0.920800
vt 0.933100 0.924400
vt 0.980000 0.922100
vt 0.983500 0.925000
vt 0.979400 0.925300
vt 0.980400 0.928400
vt 0.972100 0.928800
vt 0.925200 0.930900
vt 0.926600 0.944100
vt 0.926400 0.947000
vt 0.934600 0.940300
vt 0.934500 0.944100
vt 0.979600 0.944200
vt 0.983600 0.947300
vt 0.979500 0.947200
vt 0.979500 0.950300
vt 0.972100 0.950100
vt 0.926600 0.949900
vt 0.927600 0.967700
vt 0.927800 0.966300
vt 0.927800 0.964800
vt 0.934100 0.965100
vt 0.926200 0.984000
vt 0.926100 0.985500
vt 0.932500 0.984600
vt 0.926700 0.910000
vt 0.926500 0.908600
vt 0.927800 0.926300
vt 0.928500 0.927700
vt 0.934200 0.925900
vt 0.927900 0.929300
vt 0.928300 0.945500
vt 0.928300 0.947000
vt 0.934700 0.945500
vt 0.928300 0.948500
vt 0.970100 0.970500
vt 0.934000 0.968200
vt 0.934000 0.966600
vt 0.970200 0.968900
vt 0.969800 0.983400
vt 0.933500 0.973200
vt 0.970800 0.976000
vt 0.967600 0.990300
vt 0.932400 0.986100
vt 0.967800 0.988800
vt 0.968600 0.905800
vt 0.933000 0.909500
vt 0.932800 0.908000
vt 0.968400 0.904300
vt 0.971300 0.918600
vt 0.933400 0.914700
vt 0.970500 0.911200
vt 0.970500 0.924200
vt 0.970600 0.925800
vt 0.934800 0.927400
vt 0.970700 0.927400
vt 0.934300 0.929000
vt 0.972200 0.940100
vt 0.934400 0.934100
vt 0.972100 0.933000
vt 0.971000 0.947100
vt 0.934700 0.947000
vt 0.971000 0.945500
vt 0.971000 0.948700
vt 0.934700 0.948600
vt 0.971800 0.961900
vt 0.934600 0.953800
vt 0.972000 0.954400
vt 0.970300 0.967300
vt 0.971600 0.965900
vt 0.970200 0.972200
vt 0.932900 0.969700
vt 0.969200 0.987600
vt 0.968900 0.907300
vt 0.932900 0.911000
vt 0.971600 0.922600
vt 0.971000 0.929100
vt 0.933400 0.930600
vt 0.972200 0.944100
vt 0.971000 0.950300
vt 0.934400 0.950000
vt 0.970600 0.965600
vt 0.968200 0.987300
vt 0.970600 0.922500
vt 0.971100 0.943900
vt 0.869300 0.960900
vt 0.869000 0.965800
vt 0.868000 0.970200
vt 0.866100 0.974100
vt 0.866100 0.919200
vt 0.868100 0.923100
vt 0.869000 0.927600
vt 0.869400 0.932500
vt 0.870300 0.937400
vt 0.871000 0.942100
vt 0.871500 0.946700
vt 0.870900 0.951300
vt 0.870200 0.956100
vt 0.535400 0.815100
vt 0.534600 0.784600
vt 0.540700 0.784400
vt 0.541800 0.815000
vt 0.548000 0.784000
vt 0.549700 0.815100
vt 0.568300 0.786300
vt 0.570800 0.782900
vt 0.571400 0.799800
vt 0.568200 0.798000
vt 0.573500 0.786200
vt 0.574400 0.797800
vt 0.593500 0.815000
vt 0.594400 0.782800
vt 0.601500 0.783000
vt 0.601500 0.814400
vt 0.607900 0.783000
vt 0.608200 0.814300
vt 0.614200 0.783000
vt 0.614800 0.814200
vt 0.621700 0.782900
vt 0.622700 0.813800
vt 0.626500 0.782800
vt 0.627400 0.813100
vt 0.516600 0.814600
vt 0.516400 0.784800
vt 0.521100 0.784800
vt 0.521400 0.815100
vt 0.528400 0.784700
vt 0.529000 0.815200
vt 0.055100 0.961600
vt 0.057600 0.965400
vt 0.059600 0.972000
vt 0.043800 0.960300
vt 0.041600 0.979800
vt 0.052800 0.981100
vt 0.057400 0.977500
vt 0.045900 0.981100
vt 0.037100 0.969400
vt 0.039100 0.976000
vt 0.039200 0.963900
vt 0.050800 0.960300
vt 0.310500 0.905300
vt 0.314800 0.904000
vt 0.321800 0.904000
vt 0.306000 0.915700
vt 0.324000 0.923400
vt 0.328500 0.913000
vt 0.326400 0.907600
vt 0.326500 0.919700
vt 0.312800 0.924700
vt 0.319700 0.924700
vt 0.308200 0.921100
vt 0.308000 0.909000
vt 0.541800 0.821100
vt 0.535500 0.821200
vt 0.549000 0.821300
vt 0.553600 0.821600
vt 0.553600 0.836600
vt 0.549100 0.836700
vt 0.589800 0.821600
vt 0.594300 0.821100
vt 0.594800 0.836700
vt 0.590200 0.836800
vt 0.601800 0.820800
vt 0.608300 0.820700
vt 0.614900 0.820700
vt 0.623500 0.820800
vt 0.628700 0.818800
vt 0.520600 0.822000
vt 0.515600 0.820300
vt 0.529000 0.821400
vt 0.555700 0.788100
vt 0.550800 0.781000
vt 0.557200 0.783500
vt 0.591300 0.779800
vt 0.586500 0.787400
vt 0.584700 0.782800
vt 0.585300 0.802700
vt 0.589000 0.816100
vt 0.581600 0.805900
vt 0.554200 0.816100
vt 0.557500 0.802800
vt 0.561200 0.805900
vt 0.542200 0.836800
vt 0.536400 0.837100
vt 0.601800 0.836700
vt 0.607800 0.836900
vt 0.613900 0.837200
vt 0.620700 0.838000
vt 0.640500 0.829800
vt 0.635300 0.841600
vt 0.633400 0.838700
vt 0.636400 0.830800
vt 0.508300 0.830900
vt 0.511600 0.837900
vt 0.509400 0.840700
vt 0.505000 0.830000
vt 0.530500 0.837500
vt 0.523500 0.838400
vt 0.622000 0.842000
vt 0.522100 0.842000
vt 0.056800 0.205700
vt 0.338200 0.205700
vt 0.338200 0.207200
vt 0.056800 0.207200
vt 0.338200 0.208700
vt 0.056800 0.208700
vt 0.338200 0.210200
vt 0.056800 0.210200
vt 0.338200 0.211700
vt 0.056800 0.211700
vt 0.338200 0.213300
vt 0.056800 0.213300
vt 0.338200 0.214700
vt 0.056800 0.214700
vt 0.338200 0.216200
vt 0.056800 0.216200
vt 0.338200 0.217700
vt 0.056800 0.217700
vt 0.338200 0.219200
vt 0.056800 0.219200
vt 0.056800 0.201100
vt 0.338200 0.201100
vt 0.338200 0.202600
vt 0.056800 0.202600
vt 0.338200 0.204200
vt 0.056800 0.204200
vt 0.473000 0.979500
vt 0.471800 0.980200
vt 0.470300 0.980200
vt 0.473700 0.976800
vt 0.469100 0.975600
vt 0.468400 0.978300
vt 0.469100 0.979500
vt 0.468400 0.976800
vt 0.471800 0.974900
vt 0.470300 0.974900
vt 0.473000 0.975600
vt 0.473700 0.978300
vt 0.063900 0.978800
vt 0.062700 0.978100
vt 0.062000 0.976900
vt 0.066600 0.978100
vt 0.065400 0.973500
vt 0.062700 0.974200
vt 0.062000 0.975400
vt 0.063900 0.973500
vt 0.067300 0.975400
vt 0.066600 0.974200
vt 0.067300 0.976900
vt 0.065400 0.978800
vt 0.056000 0.207200
vt 0.047400 0.207200
vt 0.047400 0.205700
vt 0.056000 0.205700
vt 0.056000 0.208700
vt 0.047400 0.208700
vt 0.056000 0.210200
vt 0.047400 0.210200
vt 0.056000 0.211700
vt 0.047400 0.211700
vt 0.056000 0.213300
vt 0.047400 0.213300
vt 0.056000 0.214700
vt 0.047400 0.214700
vt 0.056000 0.216200
vt 0.047400 0.216200
vt 0.056000 0.217700
vt 0.047400 0.217700
vt 0.056000 0.219200
vt 0.047400 0.219200
vt 0.056000 0.202600
vt 0.047400 0.202600
vt 0.047400 0.201100
vt 0.056000 0.201100
vt 0.056000 0.204200
vt 0.047400 0.204200
vt 0.067200 0.973600
vt 0.065600 0.972600
vt 0.063700 0.972600
vt 0.062000 0.973600
vt 0.061100 0.975200
vt 0.061100 0.977100
vt 0.062000 0.978700
vt 0.063700 0.979700
vt 0.065600 0.979700
vt 0.067200 0.978700
vt 0.068200 0.977100
vt 0.068200 0.975200
vt 0.363100 0.885700
vt 0.363800 0.877900
vt 0.387600 0.879900
vt 0.387000 0.887700
vt 0.364600 0.870500
vt 0.388100 0.872400
vt 0.365400 0.863300
vt 0.388700 0.865100
vt 0.366000 0.856000
vt 0.389200 0.857800
vt 0.366700 0.848600
vt 0.389900 0.850400
vt 0.367400 0.841300
vt 0.390700 0.843000
vt 0.368000 0.834100
vt 0.391400 0.835700
vt 0.368300 0.826400
vt 0.392400 0.828000
vt 0.367300 0.818100
vt 0.394400 0.820300
vt 0.387400 0.911100
vt 0.358800 0.909500
vt 0.361200 0.901100
vt 0.386400 0.903000
vt 0.362400 0.893400
vt 0.386600 0.895300
vt 0.294400 0.930700
vt 0.287500 0.930700
vt 0.281500 0.927200
vt 0.303900 0.921200
vt 0.287500 0.904800
vt 0.278000 0.914300
vt 0.278000 0.921200
vt 0.281500 0.908300
vt 0.300400 0.908300
vt 0.294400 0.904800
vt 0.303900 0.914300
vt 0.300400 0.927200
vt 0.570300 0.705500
vt 0.565200 0.708500
vt 0.559300 0.708500
vt 0.573300 0.694500
vt 0.554200 0.689300
vt 0.551200 0.700400
vt 0.554200 0.705500
vt 0.551200 0.694500
vt 0.565200 0.686400
vt 0.559300 0.686400
vt 0.570300 0.689300
vt 0.573300 0.700400
vt 0.388600 0.887800
vt 0.389000 0.880000
vt 0.443300 0.883600
vt 0.442700 0.889900
vt 0.389500 0.872500
vt 0.445200 0.877100
vt 0.390000 0.865300
vt 0.445700 0.870400
vt 0.390700 0.858000
vt 0.446400 0.863500
vt 0.391300 0.850500
vt 0.445500 0.856700
vt 0.392000 0.843200
vt 0.445900 0.850300
vt 0.392900 0.835800
vt 0.447100 0.844000
vt 0.393900 0.828300
vt 0.450800 0.833800
vt 0.395800 0.821100
vt 0.447000 0.829400
vt 0.388000 0.903000
vt 0.444400 0.903100
vt 0.444500 0.909800
vt 0.388900 0.910500
vt 0.388000 0.895400
vt 0.442800 0.896200
vt 0.361600 0.885600
vt 0.362300 0.877800
vt 0.363200 0.870400
vt 0.364000 0.863200
vt 0.364500 0.855900
vt 0.365200 0.848400
vt 0.366000 0.841200
vt 0.366600 0.834000
vt 0.366700 0.826500
vt 0.365700 0.818700
vt 0.357300 0.908600
vt 0.359700 0.900700
vt 0.360900 0.893200
vt 0.104000 0.915600
vt 0.102900 0.912800
vt 0.108600 0.910900
vt 0.109300 0.913500
vt 0.114600 0.909500
vt 0.115100 0.912500
vt 0.120700 0.909000
vt 0.120900 0.911800
vt 0.127000 0.908900
vt 0.126800 0.912100
vt 0.133400 0.909900
vt 0.132800 0.912800
vt 0.139500 0.911600
vt 0.138700 0.914300
vt 0.145700 0.913900
vt 0.144300 0.916900
vt 0.151500 0.917200
vt 0.149800 0.919800
vt 0.157300 0.921600
vt 0.154600 0.923700
vt 0.090200 0.924900
vt 0.087500 0.923200
vt 0.092500 0.918800
vt 0.094300 0.921100
vt 0.097600 0.915600
vt 0.098900 0.917800
vt 0.411100 0.956200
vt 0.418000 0.956200
vt 0.418000 0.971000
vt 0.411100 0.971000
vt 0.424900 0.956200
vt 0.424900 0.971000
vt 0.455200 0.823700
vt 0.456800 0.830600
vt 0.455900 0.833800
vt 0.467000 0.823000
vt 0.461000 0.829100
vt 0.468500 0.825100
vt 0.465400 0.841900
vt 0.460500 0.834600
vt 0.462900 0.830400
vt 0.451100 0.839000
vt 0.455900 0.836400
vt 0.397300 0.956200
vt 0.403200 0.956200
vt 0.403200 0.971000
vt 0.397300 0.971000
vt 0.409100 0.956200
vt 0.409100 0.971000
vt 0.098700 0.903300
vt 0.105500 0.900700
vt 0.112700 0.898800
vt 0.120200 0.897800
vt 0.127900 0.898000
vt 0.135500 0.899000
vt 0.142900 0.900800
vt 0.150200 0.903400
vt 0.157200 0.906800
vt 0.164100 0.910900
vt 0.081100 0.914300
vt 0.086600 0.910300
vt 0.092400 0.906600
vt 0.593700 0.978000
vt 0.582400 0.988800
vt 0.577200 0.979700
vt 0.592600 0.975800
vt 0.577200 0.969000
vt 0.592700 0.973200
vt 0.582600 0.959600
vt 0.594000 0.971100
vt 0.592100 0.954000
vt 0.596300 0.970000
vt 0.603300 0.954000
vt 0.598800 0.970100
vt 0.613100 0.959700
vt 0.601000 0.971500
vt 0.618700 0.969700
vt 0.602100 0.973700
vt 0.618500 0.981300
vt 0.602000 0.976300
vt 0.612300 0.991300
vt 0.600600 0.978400
vt 0.601500 0.994500
vt 0.598300 0.979500
vt 0.591300 0.994100
vt 0.595800 0.979300
vt 0.445100 0.883900
vt 0.446900 0.878100
vt 0.541000 0.979100
vt 0.540000 0.980800
vt 0.535100 0.975900
vt 0.536800 0.974900
vt 0.533400 0.969200
vt 0.535300 0.969200
vt 0.535100 0.962500
vt 0.536800 0.963400
vt 0.540000 0.957600
vt 0.541000 0.959200
vt 0.446300 0.902100
vt 0.444700 0.896000
vt 0.444400 0.889900
vt 0.448300 0.862700
vt 0.447300 0.856600
vt 0.447900 0.850500
vt 0.448900 0.844500
vt 0.552500 0.959200
vt 0.553400 0.957600
vt 0.558300 0.962500
vt 0.556700 0.963400
vt 0.560100 0.969200
vt 0.558200 0.969200
vt 0.558300 0.975900
vt 0.556700 0.974900
vt 0.553400 0.980800
vt 0.552500 0.979100
vt 0.426900 0.956200
vt 0.426900 0.971000
vt 0.538800 0.973800
vt 0.537500 0.969200
vt 0.538800 0.964600
vt 0.542100 0.961200
vt 0.546700 0.957700
vt 0.546700 0.960000
vt 0.551300 0.961200
vt 0.554700 0.964600
vt 0.555900 0.969200
vt 0.554700 0.973800
vt 0.551300 0.977100
vt 0.546700 0.980600
vt 0.546700 0.978400
vt 0.542100 0.977100
vt 0.107300 0.923500
vt 0.107000 0.922600
vt 0.111300 0.921200
vt 0.111600 0.922300
vt 0.116100 0.920400
vt 0.116200 0.921500
vt 0.121100 0.920000
vt 0.121100 0.921300
vt 0.126100 0.920200
vt 0.126000 0.921400
vt 0.131000 0.921000
vt 0.130700 0.922100
vt 0.135800 0.922300
vt 0.135400 0.923500
vt 0.140600 0.924400
vt 0.140000 0.925500
vt 0.144900 0.927100
vt 0.144200 0.928000
vt 0.148900 0.930800
vt 0.147800 0.931500
vt 0.096500 0.931500
vt 0.095500 0.930900
vt 0.099000 0.927200
vt 0.099800 0.928100
vt 0.102900 0.924500
vt 0.103400 0.925500
vt 0.595300 0.975100
vt 0.595400 0.975100
vt 0.595900 0.976000
vt 0.595800 0.976100
vt 0.595400 0.974100
vt 0.595500 0.974100
vt 0.596000 0.973200
vt 0.596000 0.973300
vt 0.596900 0.972800
vt 0.598000 0.972800
vt 0.597900 0.972900
vt 0.598800 0.973400
vt 0.598800 0.973500
vt 0.599300 0.974300
vt 0.599200 0.974400
vt 0.599200 0.975400
vt 0.599100 0.975400
vt 0.598600 0.976200
vt 0.597700 0.976700
vt 0.597700 0.976600
vt 0.596700 0.976700
vt 0.596700 0.976600
vt 0.595500 0.975100
vt 0.595600 0.974100
vt 0.596100 0.973300
vt 0.597000 0.972900
vt 0.597900 0.973000
vt 0.598700 0.973500
vt 0.599100 0.974400
vt 0.599100 0.975300
vt 0.598500 0.976100
vt 0.596700 0.976500
vt 0.148000 0.980900
vt 0.149700 0.983800
vt 0.149700 0.987200
vt 0.141700 0.991800
vt 0.148000 0.990100
vt 0.145100 0.991800
vt 0.138600 0.981400
vt 0.137100 0.987200
vt 0.138800 0.990100
vt 0.137100 0.983800
vt 0.141700 0.979300
vt 0.138800 0.980900
vt 0.145100 0.979300
vt 0.494100 0.957700
vt 0.494100 0.950600
vt 0.497500 0.950600
vt 0.497500 0.957700
vt 0.490800 0.957700
vt 0.490800 0.950600
vt 0.487400 0.957700
vt 0.487400 0.950600
vt 0.484100 0.957700
vt 0.484100 0.950600
vt 0.480700 0.957700
vt 0.480700 0.950600
vt 0.477300 0.957700
vt 0.477300 0.950600
vt 0.514300 0.957700
vt 0.514300 0.950600
vt 0.517700 0.950600
vt 0.517700 0.957700
vt 0.511000 0.957700
vt 0.511000 0.950600
vt 0.507600 0.957700
vt 0.507600 0.950600
vt 0.504200 0.957700
vt 0.504200 0.950600
vt 0.500900 0.957700
vt 0.500900 0.950600
vt 0.498000 0.950600
vt 0.498000 0.957700
vt 0.567000 0.952300
vt 0.567000 0.958800
vt 0.564600 0.961200
vt 0.564600 0.949900
vt 0.561400 0.962100
vt 0.561400 0.949100
vt 0.497500 0.967200
vt 0.484500 0.967200
vt 0.484500 0.957700
vt 0.567900 0.955600
vt 0.500900 0.967200
vt 0.498000 0.967200
vt 0.514300 0.967200
vt 0.517700 0.967200
vt 0.511000 0.967200
vt 0.507600 0.967200
vt 0.504200 0.967200
vt 0.397200 0.993200
vt 0.393900 0.993200
vt 0.391000 0.991500
vt 0.391000 0.982300
vt 0.389300 0.988600
vt 0.389300 0.985200
vt 0.400400 0.982700
vt 0.397200 0.980600
vt 0.393900 0.980600
vt 0.400200 0.982300
vt 0.401800 0.988600
vt 0.401800 0.985200
vt 0.400200 0.991500
vt 0.497500 0.983800
vt 0.494100 0.983800
vt 0.494100 0.976700
vt 0.497500 0.976700
vt 0.490800 0.983800
vt 0.490800 0.976700
vt 0.487400 0.983800
vt 0.487400 0.976700
vt 0.484100 0.983800
vt 0.484100 0.976700
vt 0.480700 0.983800
vt 0.480700 0.976700
vt 0.477300 0.983800
vt 0.477300 0.976700
vt 0.517700 0.983800
vt 0.514300 0.983800
vt 0.514300 0.976700
vt 0.517700 0.976700
vt 0.511000 0.983800
vt 0.511000 0.976700
vt 0.507600 0.983800
vt 0.507600 0.976700
vt 0.504200 0.983800
vt 0.504200 0.976700
vt 0.500900 0.983800
vt 0.500900 0.976700
vt 0.498000 0.983800
vt 0.498000 0.976700
vt 0.165100 0.806200
vt 0.167400 0.808600
vt 0.167400 0.815100
vt 0.165100 0.817500
vt 0.161800 0.818400
vt 0.161800 0.805400
vt 0.484500 0.976700
vt 0.168300 0.811900
vt 0.759800 0.724200
vt 0.765400 0.723000
vt 0.768700 0.737200
vt 0.762300 0.737900
vt 0.770900 0.721500
vt 0.776000 0.736300
vt 0.709300 0.733600
vt 0.714700 0.720600
vt 0.717400 0.721800
vt 0.711900 0.735300
vt 0.714800 0.737300
vt 0.720100 0.722800
vt 0.725000 0.724300
vt 0.722000 0.737800
vt 0.730300 0.725300
vt 0.728200 0.738400
vt 0.735700 0.726100
vt 0.734000 0.738900
vt 0.741000 0.726700
vt 0.739600 0.739200
vt 0.750600 0.739000
vt 0.748700 0.725900
vt 0.754300 0.725100
vt 0.756300 0.738500
vt 0.087900 0.969900
vt 0.090900 0.974900
vt 0.090900 0.977800
vt 0.077100 0.967000
vt 0.069100 0.977800
vt 0.077100 0.988700
vt 0.087900 0.985800
vt 0.090900 0.980800
vt 0.082900 0.988700
vt 0.069100 0.980800
vt 0.072000 0.985800
vt 0.070600 0.972400
vt 0.069100 0.974900
vt 0.072000 0.969900
vt 0.082900 0.967000
vt 0.658100 0.708100
vt 0.653000 0.711000
vt 0.647200 0.711000
vt 0.661000 0.700200
vt 0.653000 0.689300
vt 0.639200 0.700200
vt 0.642200 0.708100
vt 0.640700 0.705600
vt 0.642200 0.692200
vt 0.639200 0.697200
vt 0.647200 0.689300
vt 0.659500 0.694700
vt 0.658100 0.692200
vt 0.661000 0.697200
vt 0.661000 0.703100
vt 0.769000 0.742600
vt 0.762700 0.743000
vt 0.775400 0.742600
vt 0.409700 0.943500
vt 0.409700 0.940700
vt 0.412500 0.940700
vt 0.412400 0.943600
vt 0.389500 0.938600
vt 0.389400 0.935800
vt 0.390900 0.935800
vt 0.390900 0.938600
vt 0.721700 0.743200
vt 0.715300 0.743300
vt 0.727900 0.743500
vt 0.733800 0.743700
vt 0.739500 0.743900
vt 0.745200 0.739200
vt 0.745200 0.743900
vt 0.742400 0.743900
vt 0.742400 0.739200
vt 0.750900 0.743800
vt 0.748000 0.743900
vt 0.747800 0.739100
vt 0.756700 0.743400
vt 0.781900 0.776400
vt 0.782200 0.779200
vt 0.774600 0.778500
vt 0.774100 0.775700
vt 0.782100 0.768300
vt 0.781600 0.773600
vt 0.773700 0.772900
vt 0.774100 0.767200
vt 0.784800 0.741700
vt 0.779000 0.734400
vt 0.786800 0.739400
vt 0.704300 0.740200
vt 0.702400 0.738100
vt 0.706300 0.742400
vt 0.707000 0.747000
vt 0.709400 0.773800
vt 0.717300 0.773100
vt 0.716800 0.775900
vt 0.709100 0.776600
vt 0.796900 0.775300
vt 0.796900 0.778100
vt 0.801600 0.746600
vt 0.788700 0.737200
vt 0.803000 0.744200
vt 0.691300 0.749700
vt 0.689800 0.747300
vt 0.693800 0.771100
vt 0.708900 0.768600
vt 0.694300 0.775500
vt 0.694300 0.778200
vt 0.708800 0.779300
vt 0.694300 0.780900
vt 0.819600 0.778100
vt 0.819300 0.780900
vt 0.824400 0.753500
vt 0.823300 0.756100
vt 0.669500 0.759100
vt 0.668500 0.756600
vt 0.671600 0.774900
vt 0.672000 0.778200
vt 0.672700 0.783600
vt 0.672300 0.780900
vt 0.768300 0.766900
vt 0.762500 0.766700
vt 0.409800 0.933600
vt 0.412600 0.933600
vt 0.389300 0.932400
vt 0.390800 0.932400
vt 0.722600 0.767200
vt 0.716900 0.767500
vt 0.728300 0.767000
vt 0.734000 0.766800
vt 0.739700 0.766700
vt 0.745400 0.766700
vt 0.742600 0.766700
vt 0.751100 0.766600
vt 0.748300 0.766700
vt 0.756800 0.766600
vt 0.784000 0.746400
vt 0.691800 0.753400
vt 0.821800 0.761500
vt 0.820900 0.768300
vt 0.798400 0.762100
vt 0.799500 0.752900
vt 0.669900 0.761800
vt 0.670800 0.768600
vt 0.692900 0.762500
vt 0.768000 0.772600
vt 0.762400 0.772400
vt 0.409800 0.926900
vt 0.409800 0.923500
vt 0.412500 0.923500
vt 0.412600 0.926900
vt 0.389200 0.928400
vt 0.389000 0.925000
vt 0.390400 0.924900
vt 0.390600 0.928300
vt 0.722900 0.772900
vt 0.728500 0.772700
vt 0.734200 0.772500
vt 0.739800 0.772400
vt 0.745500 0.772400
vt 0.742600 0.772400
vt 0.751100 0.772300
vt 0.748300 0.772300
vt 0.756800 0.772300
vt 0.797400 0.770800
vt 0.820000 0.774800
vt 0.487500 0.830300
vt 0.487500 0.814000
vt 0.498800 0.814000
vt 0.498800 0.830300
vt 0.487500 0.848600
vt 0.487500 0.839700
vt 0.498800 0.839700
vt 0.498800 0.848600
vt 0.487500 0.792400
vt 0.487500 0.776500
vt 0.498800 0.776500
vt 0.498800 0.792400
vt 0.407000 0.943500
vt 0.406900 0.940700
vt 0.716300 0.778600
vt 0.688400 0.745000
vt 0.667400 0.754100
vt 0.407000 0.926800
vt 0.406900 0.933600
vt 0.407100 0.923400
vt 0.773700 0.720500
vt 0.776500 0.719400
vt 0.781700 0.732700
vt 0.796900 0.780800
vt 0.800100 0.749000
vt 0.818900 0.783600
vt 0.822200 0.758600
vt 0.428800 0.932700
vt 0.429100 0.928600
vt 0.430600 0.928700
vt 0.430300 0.932700
vt 0.429400 0.925200
vt 0.430800 0.925300
vt 0.374000 0.943900
vt 0.373900 0.941100
vt 0.378100 0.941000
vt 0.378100 0.943800
vt 0.373600 0.934300
vt 0.377800 0.934100
vt 0.373400 0.927800
vt 0.373300 0.924400
vt 0.377500 0.924300
vt 0.377600 0.927600
vt 0.402800 0.923100
vt 0.401600 0.920500
vt 0.405700 0.921100
vt 0.402600 0.926700
vt 0.402600 0.933600
vt 0.402800 0.943700
vt 0.402600 0.940800
vt 0.405500 0.945800
vt 0.401300 0.946100
vt 0.446600 0.925100
vt 0.446400 0.928500
vt 0.442200 0.928200
vt 0.442400 0.924900
vt 0.446000 0.935000
vt 0.441800 0.934700
vt 0.445600 0.941800
vt 0.445500 0.944600
vt 0.441300 0.944400
vt 0.441400 0.941600
vt 0.416600 0.943800
vt 0.418000 0.946200
vt 0.413900 0.945900
vt 0.416800 0.940900
vt 0.417000 0.933700
vt 0.416900 0.923100
vt 0.417000 0.926700
vt 0.413900 0.921100
vt 0.418100 0.920400
vt 0.385200 0.941100
vt 0.381700 0.942900
vt 0.381600 0.940700
vt 0.385200 0.938300
vt 0.381400 0.934000
vt 0.385000 0.933200
vt 0.384700 0.924600
vt 0.384800 0.927900
vt 0.381100 0.927700
vt 0.381000 0.924400
vt 0.394600 0.921600
vt 0.398000 0.920400
vt 0.398500 0.923000
vt 0.394400 0.923700
vt 0.398600 0.926800
vt 0.394700 0.927400
vt 0.394900 0.933000
vt 0.398600 0.933600
vt 0.394800 0.941300
vt 0.394900 0.938300
vt 0.398700 0.940700
vt 0.398700 0.943200
vt 0.394300 0.943300
vt 0.397700 0.945600
vt 0.435200 0.925000
vt 0.438800 0.924900
vt 0.438600 0.928200
vt 0.434900 0.928400
vt 0.434600 0.933600
vt 0.438300 0.934500
vt 0.434200 0.941600
vt 0.434400 0.938800
vt 0.437900 0.941200
vt 0.437800 0.943400
vt 0.425000 0.943500
vt 0.421700 0.945700
vt 0.420700 0.943400
vt 0.424600 0.941500
vt 0.420800 0.940900
vt 0.424600 0.938500
vt 0.420900 0.933800
vt 0.424700 0.933200
vt 0.425400 0.923900
vt 0.425000 0.927600
vt 0.421100 0.926900
vt 0.421200 0.923000
vt 0.425200 0.921700
vt 0.421800 0.920400
vt 0.430100 0.936100
vt 0.430000 0.939000
vt 0.428600 0.938900
vt 0.428700 0.936100
vt 0.213800 0.797100
vt 0.211300 0.803000
vt 0.208400 0.800000
vt 0.212700 0.794100
vt 0.212900 0.765900
vt 0.209900 0.767800
vt 0.206500 0.762400
vt 0.208400 0.760000
vt 0.214000 0.762900
vt 0.210800 0.757200
vt 0.228900 0.754100
vt 0.227200 0.761400
vt 0.232800 0.756800
vt 0.229100 0.764600
vt 0.229100 0.795500
vt 0.232600 0.793800
vt 0.235600 0.800800
vt 0.232800 0.803200
vt 0.229100 0.805900
vt 0.227200 0.798600
vt 0.215700 0.786100
vt 0.210000 0.792200
vt 0.212400 0.784300
vt 0.226100 0.773400
vt 0.232400 0.766400
vt 0.229900 0.775200
vt 0.217100 0.782300
vt 0.215200 0.780100
vt 0.215600 0.774000
vt 0.218500 0.775200
vt 0.218400 0.776500
vt 0.217100 0.777900
vt 0.223300 0.775200
vt 0.223400 0.776500
vt 0.224900 0.777600
vt 0.227100 0.780000
vt 0.226300 0.786600
vt 0.223300 0.785100
vt 0.223500 0.783800
vt 0.224900 0.782400
vt 0.218600 0.784700
vt 0.218600 0.783500
vt 0.206500 0.797600
vt 0.230200 0.784700
vt 0.745000 0.739200
vt 0.235600 0.759300
vt 0.212200 0.775900
vt 0.390700 0.923500
vt 0.390600 0.940000
vt 0.428800 0.940300
vt 0.429100 0.923700
vt 0.175400 0.988200
vt 0.172000 0.987000
vt 0.175700 0.979700
vt 0.177800 0.979400
vt 0.165400 0.983000
vt 0.163000 0.980200
vt 0.169700 0.975300
vt 0.170900 0.977000
vt 0.159600 0.988200
vt 0.157200 0.985400
vt 0.159500 0.974000
vt 0.169400 0.969600
vt 0.175900 0.971300
vt 0.176600 0.972400
vt 0.173900 0.974300
vt 0.173100 0.973200
vt 0.175600 0.979100
vt 0.177400 0.978900
vt 0.171400 0.976600
vt 0.170200 0.974900
vt 0.170000 0.970400
vt 0.176600 0.975800
vt 0.178000 0.976200
vt 0.172300 0.970000
vt 0.527700 0.985500
vt 0.528500 0.982400
vt 0.529900 0.983200
vt 0.530700 0.984600
vt 0.530700 0.986300
vt 0.529900 0.987700
vt 0.528500 0.988600
vt 0.526800 0.988600
vt 0.525400 0.987700
vt 0.524600 0.986300
vt 0.524600 0.984600
vt 0.525400 0.983200
vt 0.526800 0.982400
vt 0.529100 0.980200
vt 0.531500 0.981600
vt 0.533000 0.984100
vt 0.533000 0.986900
vt 0.531500 0.989400
vt 0.529100 0.990800
vt 0.526200 0.990800
vt 0.523800 0.989400
vt 0.522400 0.986900
vt 0.522400 0.984100
vt 0.523800 0.981600
vt 0.526200 0.980200
vt 0.532300 0.980800
vt 0.529300 0.979200
vt 0.534000 0.983800
vt 0.534000 0.987200
vt 0.532300 0.990100
vt 0.529300 0.991800
vt 0.526000 0.991800
vt 0.523000 0.990100
vt 0.521400 0.987200
vt 0.521300 0.983800
vt 0.523000 0.980900
vt 0.525900 0.979200
vt 0.686700 0.142000
vt 0.861200 0.142000
vt 0.861200 0.151800
vt 0.686700 0.151800
vt 0.686700 0.166500
vt 0.861200 0.166500
vt 0.861200 0.187100
vt 0.686700 0.187100
vt 0.861200 0.205500
vt 0.686700 0.205500
vt 0.861200 0.228500
vt 0.686700 0.228500
vt 0.861200 0.245700
vt 0.686700 0.245700
vt 0.686700 0.259500
vt 0.861200 0.259500
vt 0.861200 0.271300
vt 0.686700 0.271300
vt 0.632000 0.142000
vt 0.632000 0.151800
vt 0.632000 0.166500
vt 0.611200 0.142000
vt 0.611200 0.151800
vt 0.632000 0.187100
vt 0.611200 0.166500
vt 0.632000 0.205500
vt 0.611200 0.187100
vt 0.632000 0.228500
vt 0.611200 0.205500
vt 0.632000 0.245700
vt 0.632000 0.259500
vt 0.632000 0.271300
vt 0.611200 0.228500
vt 0.611200 0.245700
vt 0.611200 0.259500
vt 0.611200 0.271300
vt 0.589300 0.142000
vt 0.589300 0.151800
vt 0.589300 0.166500
vt 0.589300 0.187100
vt 0.589300 0.205500
vt 0.589300 0.228500
vt 0.589300 0.245700
vt 0.589300 0.259500
vt 0.589300 0.271300
vt 0.551200 0.166500
vt 0.551200 0.151800
vt 0.551200 0.142000
vt 0.515300 0.151800
vt 0.515300 0.142000
vt 0.515300 0.166500
vt 0.551200 0.187100
vt 0.551200 0.205500
vt 0.551200 0.228500
vt 0.551200 0.245700
vt 0.551200 0.259500
vt 0.515300 0.259500
vt 0.515300 0.245700
vt 0.515300 0.228500
vt 0.515300 0.205500
vt 0.515300 0.187100
vt 0.457200 0.187100
vt 0.457200 0.166500
vt 0.966500 0.271300
vt 0.966500 0.259500
vt 0.969100 0.259500
vt 0.969100 0.271300
vt 0.966500 0.245700
vt 0.969100 0.245700
vt 0.966500 0.228500
vt 0.969100 0.228500
vt 0.966500 0.205500
vt 0.969100 0.205500
vt 0.966500 0.187100
vt 0.969100 0.187100
vt 0.966500 0.166500
vt 0.969100 0.166500
vt 0.966500 0.151800
vt 0.969100 0.151800
vt 0.966500 0.142000
vt 0.969100 0.142000
vt 0.982300 0.228500
vt 0.982300 0.205500
vt 0.982300 0.187100
vt 0.982300 0.245700
vt 0.870200 0.792600
vt 0.843000 0.786500
vt 0.870300 0.787400
vt 0.982300 0.166500
vt 0.893600 0.788200
vt 0.920400 0.788400
vt 0.920400 0.791300
vt 0.893000 0.792700
vt 0.982300 0.259500
vt 0.982300 0.151800
vt 0.892900 0.777300
vt 0.920500 0.778700
vt 0.870300 0.777000
vt 0.829600 0.776300
vt 0.982300 0.271300
vt 0.920500 0.768900
vt 0.893000 0.768800
vt 0.982300 0.142000
vt 0.870400 0.768700
vt 0.827400 0.768600
vt 0.457200 0.205500
vt 0.457200 0.151800
vt 0.457200 0.142000
vt 0.457200 0.259500
vt 0.457200 0.245700
vt 0.515300 0.271300
vt 0.457200 0.271300
vt 0.457200 0.228500
vt 0.951300 0.271300
vt 0.951300 0.259500
vt 0.900600 0.259500
vt 0.900600 0.271300
vt 0.926300 0.259500
vt 0.926300 0.271300
vt 0.900600 0.245700
vt 0.951300 0.245700
vt 0.926300 0.245700
vt 0.951300 0.228500
vt 0.900600 0.228500
vt 0.926300 0.228500
vt 0.900600 0.205500
vt 0.951300 0.205500
vt 0.926300 0.205500
vt 0.900600 0.187100
vt 0.951300 0.187100
vt 0.926300 0.187100
vt 0.900600 0.166500
vt 0.951300 0.166500
vt 0.926300 0.166500
vt 0.951300 0.151800
vt 0.900600 0.151800
vt 0.926300 0.151800
vt 0.926300 0.142000
vt 0.951300 0.142000
vt 0.900600 0.142000
vt 0.551200 0.271300
vt 0.686700 0.132200
vt 0.861200 0.132200
vt 0.686700 0.117500
vt 0.861200 0.117500
vt 0.686700 0.096900
vt 0.861200 0.096900
vt 0.686700 0.078300
vt 0.861200 0.078300
vt 0.686700 0.055300
vt 0.861200 0.055300
vt 0.686700 0.038100
vt 0.861200 0.038100
vt 0.686700 0.024300
vt 0.861200 0.024300
vt 0.686700 0.012400
vt 0.861200 0.012400
vt 0.632000 0.132200
vt 0.632000 0.117500
vt 0.611200 0.132200
vt 0.632000 0.096900
vt 0.611200 0.117500
vt 0.632000 0.078300
vt 0.611200 0.096900
vt 0.632000 0.055300
vt 0.611200 0.078300
vt 0.632000 0.038100
vt 0.632000 0.024300
vt 0.632000 0.012400
vt 0.611200 0.055300
vt 0.611200 0.038100
vt 0.611200 0.024300
vt 0.611200 0.012400
vt 0.589300 0.132200
vt 0.589300 0.117500
vt 0.589300 0.096900
vt 0.589300 0.078300
vt 0.589300 0.055300
vt 0.589300 0.038100
vt 0.589300 0.024300
vt 0.589300 0.012400
vt 0.551200 0.132200
vt 0.551200 0.117500
vt 0.515300 0.132200
vt 0.515300 0.117500
vt 0.551200 0.096900
vt 0.551200 0.078300
vt 0.551200 0.055300
vt 0.551200 0.038100
vt 0.551200 0.024300
vt 0.515300 0.038100
vt 0.515300 0.024300
vt 0.515300 0.055300
vt 0.515300 0.078300
vt 0.515300 0.096900
vt 0.457200 0.117500
vt 0.457200 0.096900
vt 0.966500 0.012400
vt 0.969100 0.012400
vt 0.969100 0.024300
vt 0.966500 0.024300
vt 0.969100 0.038100
vt 0.966500 0.038100
vt 0.969100 0.055300
vt 0.966500 0.055300
vt 0.969100 0.078300
vt 0.966500 0.078300
vt 0.969100 0.096900
vt 0.966500 0.096900
vt 0.969100 0.117500
vt 0.966500 0.117500
vt 0.969100 0.132200
vt 0.966500 0.132200
vt 0.982300 0.055300
vt 0.982300 0.078300
vt 0.982300 0.096900
vt 0.982300 0.038100
vt 0.870400 0.750000
vt 0.843100 0.750700
vt 0.870400 0.744900
vt 0.982300 0.117500
vt 0.920500 0.746400
vt 0.920500 0.749400
vt 0.893700 0.749400
vt 0.893100 0.744900
vt 0.982300 0.024300
vt 0.982300 0.132200
vt 0.920500 0.759000
vt 0.893000 0.760300
vt 0.870400 0.760500
vt 0.829700 0.760900
vt 0.982300 0.012400
vt 0.457200 0.078300
vt 0.457200 0.132200
vt 0.457200 0.038100
vt 0.457200 0.024300
vt 0.457200 0.012400
vt 0.515300 0.012400
vt 0.457200 0.055300
vt 0.951300 0.024300
vt 0.951300 0.012400
vt 0.900600 0.024300
vt 0.900600 0.012400
vt 0.926300 0.012400
vt 0.926300 0.024300
vt 0.900600 0.038100
vt 0.951300 0.038100
vt 0.926300 0.038100
vt 0.951300 0.055300
vt 0.900600 0.055300
vt 0.926300 0.055300
vt 0.900600 0.078300
vt 0.951300 0.078300
vt 0.926300 0.078300
vt 0.900600 0.096900
vt 0.951300 0.096900
vt 0.926300 0.096900
vt 0.900600 0.117500
vt 0.951300 0.117500
vt 0.926300 0.117500
vt 0.951300 0.132200
vt 0.900600 0.132200
vt 0.926300 0.132200
vt 0.551200 0.012400
vt 0.942100 0.749400
vt 0.959400 0.757300
vt 0.966100 0.769000
vt 0.959400 0.780700
vt 0.941900 0.788500
vt 0.379200 0.100800
vt 0.379200 0.154600
vt 0.050500 0.154600
vt 0.050500 0.100800
vt 0.050500 0.079300
vt 0.379200 0.079300
vt 0.400900 0.154600
vt 0.400900 0.100800
vt 0.050500 0.176100
vt 0.379200 0.176100
vt 0.029300 0.154600
vt 0.029300 0.100800
vt 0.050500 0.003700
vt 0.379200 0.003700
vt 0.379200 0.057700
vt 0.050500 0.057700
vt 0.422300 0.100800
vt 0.422300 0.154600
vt 0.379200 0.197600
vt 0.050500 0.197600
vt 0.007900 0.100800
vt 0.007900 0.154600
vt 0.097900 0.981800
vt 0.097400 0.983500
vt 0.096700 0.983100
vt 0.096200 0.982300
vt 0.096200 0.981400
vt 0.096600 0.980600
vt 0.097400 0.980100
vt 0.098300 0.980100
vt 0.099100 0.980500
vt 0.099500 0.981300
vt 0.099600 0.982200
vt 0.099100 0.983000
vt 0.098400 0.983500
vt 0.097100 0.985000
vt 0.095600 0.984200
vt 0.094700 0.982700
vt 0.094600 0.981000
vt 0.095500 0.979500
vt 0.097000 0.978600
vt 0.098700 0.978600
vt 0.100200 0.979400
vt 0.101100 0.980900
vt 0.101100 0.982500
vt 0.100300 0.984000
vt 0.098800 0.985000
vt 0.096900 0.986600
vt 0.094600 0.985400
vt 0.093100 0.983200
vt 0.093100 0.980500
vt 0.094400 0.978300
vt 0.096600 0.977100
vt 0.099100 0.977200
vt 0.101200 0.978400
vt 0.102400 0.980500
vt 0.102500 0.982800
vt 0.101400 0.985000
vt 0.099400 0.986400
vt 0.566100 0.978700
vt 0.565700 0.980400
vt 0.564900 0.980000
vt 0.564400 0.979200
vt 0.564400 0.978300
vt 0.564800 0.977500
vt 0.565600 0.977000
vt 0.566500 0.977000
vt 0.567300 0.977400
vt 0.567800 0.978200
vt 0.567800 0.979100
vt 0.567400 0.979900
vt 0.566600 0.980400
vt 0.565400 0.981900
vt 0.563800 0.981100
vt 0.562900 0.979600
vt 0.562900 0.977900
vt 0.563700 0.976400
vt 0.565200 0.975500
vt 0.566900 0.975500
vt 0.568400 0.976300
vt 0.569300 0.977800
vt 0.569300 0.979400
vt 0.568500 0.980900
vt 0.567100 0.981800
vt 0.565100 0.983400
vt 0.562800 0.982300
vt 0.561400 0.980100
vt 0.561400 0.977400
vt 0.562700 0.975200
vt 0.564900 0.974000
vt 0.567400 0.974100
vt 0.569500 0.975300
vt 0.570700 0.977400
vt 0.570700 0.979700
vt 0.569700 0.981900
vt 0.567600 0.983300
vt 0.465700 0.986500
vt 0.465200 0.988300
vt 0.464300 0.987800
vt 0.463800 0.987000
vt 0.463800 0.986000
vt 0.464300 0.985100
vt 0.465100 0.984600
vt 0.466200 0.984600
vt 0.467000 0.985100
vt 0.467500 0.985900
vt 0.467500 0.986900
vt 0.467000 0.987800
vt 0.466200 0.988300
vt 0.464800 0.989800
vt 0.463200 0.989000
vt 0.462300 0.987400
vt 0.462300 0.985600
vt 0.463200 0.984000
vt 0.464800 0.983100
vt 0.466600 0.983100
vt 0.468100 0.984000
vt 0.469000 0.985500
vt 0.469000 0.987300
vt 0.468200 0.988900
vt 0.466600 0.989800
vt 0.464600 0.990800
vt 0.462500 0.989700
vt 0.461300 0.987700
vt 0.461300 0.985300
vt 0.462500 0.983300
vt 0.464500 0.982100
vt 0.466800 0.982100
vt 0.468800 0.983300
vt 0.470000 0.985300
vt 0.470000 0.987500
vt 0.468900 0.989600
vt 0.466900 0.990800
vt 0.469600 0.561400
vt 0.448400 0.561400
vt 0.448400 0.560700
vt 0.469600 0.560700
vt 0.448400 0.715200
vt 0.448400 0.714500
vt 0.469600 0.714100
vt 0.469600 0.714800
vt 0.507500 0.310500
vt 0.507500 0.289300
vt 0.516400 0.289300
vt 0.516500 0.310500
vt 0.416800 0.176700
vt 0.417600 0.191800
vt 0.400500 0.192700
vt 0.399700 0.177600
vt 0.591100 0.400700
vt 0.589600 0.383400
vt 0.605600 0.383200
vt 0.604800 0.400500
vt 0.469600 0.602400
vt 0.448400 0.602400
vt 0.448400 0.592400
vt 0.469600 0.592400
vt 0.416700 0.213300
vt 0.416200 0.225400
vt 0.405300 0.225900
vt 0.403600 0.213900
vt 0.609000 0.326100
vt 0.606200 0.339200
vt 0.587200 0.339400
vt 0.583200 0.326400
vt 0.448400 0.582700
vt 0.469600 0.582700
vt 0.418300 0.206400
vt 0.401300 0.207200
vt 0.582700 0.302800
vt 0.582200 0.279600
vt 0.608200 0.279300
vt 0.608600 0.302500
vt 0.589200 0.360500
vt 0.605100 0.360400
vt 0.469600 0.619900
vt 0.448400 0.619900
vt 0.448400 0.613600
vt 0.469600 0.613600
vt 0.416700 0.248200
vt 0.415600 0.257400
vt 0.409200 0.257700
vt 0.407200 0.248700
vt 0.469600 0.572800
vt 0.476200 0.572800
vt 0.476200 0.582700
vt 0.476200 0.713100
vt 0.476200 0.713700
vt 0.469600 0.691700
vt 0.469600 0.683300
vt 0.476200 0.681800
vt 0.476200 0.691000
vt 0.469600 0.673000
vt 0.476200 0.672100
vt 0.469600 0.665400
vt 0.469600 0.657500
vt 0.476200 0.657500
vt 0.476200 0.665400
vt 0.476200 0.636200
vt 0.476200 0.641100
vt 0.469600 0.641100
vt 0.469600 0.636200
vt 0.476200 0.619900
vt 0.476200 0.627700
vt 0.469600 0.627700
vt 0.476200 0.602400
vt 0.476200 0.613600
vt 0.476200 0.592400
vt 0.531200 0.289300
vt 0.532600 0.290500
vt 0.532600 0.310500
vt 0.492800 0.289300
vt 0.500800 0.289300
vt 0.500600 0.310500
vt 0.491300 0.310500
vt 0.491300 0.290400
vt 0.405900 0.239600
vt 0.417100 0.240800
vt 0.212000 0.636200
vt 0.217200 0.636200
vt 0.217200 0.641100
vt 0.212100 0.641100
vt 0.212900 0.685300
vt 0.212900 0.675300
vt 0.217400 0.675300
vt 0.217500 0.685300
vt 0.213200 0.700700
vt 0.217700 0.700700
vt 0.212400 0.649700
vt 0.217200 0.649700
vt 0.217300 0.657500
vt 0.212600 0.657500
vt 0.212700 0.665400
vt 0.217300 0.665400
vt 0.030600 0.618900
vt 0.027200 0.619000
vt 0.027200 0.613800
vt 0.030600 0.613800
vt 0.027200 0.635100
vt 0.030700 0.635100
vt 0.030700 0.640000
vt 0.027200 0.640000
vt 0.027200 0.648600
vt 0.030800 0.648700
vt 0.030700 0.656200
vt 0.027200 0.656200
vt 0.516500 0.624600
vt 0.516700 0.627800
vt 0.507300 0.627800
vt 0.507400 0.624600
vt 0.029500 0.591400
vt 0.027200 0.591600
vt 0.027200 0.583100
vt 0.030200 0.583100
vt 0.029800 0.601800
vt 0.027200 0.601900
vt 0.448400 0.572800
vt 0.685800 0.657800
vt 0.685900 0.656400
vt 0.692000 0.656600
vt 0.691900 0.658000
vt 0.582100 0.278200
vt 0.608200 0.277900
vt 0.476200 0.560700
vt 0.476200 0.561400
vt 0.469600 0.702800
vt 0.476200 0.702200
vt 0.350600 0.560700
vt 0.350600 0.561400
vt 0.345000 0.561400
vt 0.345000 0.560700
vt 0.350800 0.715200
vt 0.350800 0.715900
vt 0.345200 0.715900
vt 0.345200 0.715200
vt 0.516500 0.401500
vt 0.516500 0.405500
vt 0.507400 0.405500
vt 0.507400 0.401500
vt 0.350300 0.602400
vt 0.345100 0.602400
vt 0.345100 0.592400
vt 0.350400 0.592400
vt 0.345100 0.582700
vt 0.350500 0.582700
vt 0.345000 0.627700
vt 0.345100 0.619900
vt 0.350100 0.619900
vt 0.350000 0.627700
vt 0.532600 0.401500
vt 0.532600 0.405500
vt 0.345100 0.613600
vt 0.350300 0.613600
vt 0.350100 0.636200
vt 0.355100 0.636200
vt 0.355100 0.641100
vt 0.350000 0.641100
vt 0.355100 0.684300
vt 0.350600 0.684400
vt 0.350500 0.674500
vt 0.355100 0.674400
vt 0.350700 0.692400
vt 0.355200 0.692400
vt 0.355000 0.649700
vt 0.355000 0.657500
vt 0.350200 0.657500
vt 0.350100 0.649700
vt 0.491300 0.401500
vt 0.491300 0.398500
vt 0.500500 0.398500
vt 0.500500 0.401500
vt 0.355000 0.665400
vt 0.350400 0.665400
vt 0.350600 0.572800
vt 0.345100 0.572800
vt 0.350700 0.703900
vt 0.355200 0.703900
vt 0.344800 0.636200
vt 0.344900 0.641100
vt 0.345300 0.684300
vt 0.345200 0.674500
vt 0.345400 0.692400
vt 0.345000 0.649700
vt 0.345100 0.657500
vt 0.491300 0.405500
vt 0.500500 0.405500
vt 0.345200 0.665400
vt 0.345300 0.703900
vt 0.221300 0.560700
vt 0.221300 0.561400
vt 0.216800 0.561400
vt 0.216800 0.560700
vt 0.516500 0.492200
vt 0.516500 0.495500
vt 0.507400 0.495500
vt 0.507400 0.492200
vt 0.221500 0.592400
vt 0.221500 0.602400
vt 0.216900 0.602400
vt 0.216900 0.592400
vt 0.221400 0.582700
vt 0.216800 0.582700
vt 0.222000 0.627700
vt 0.217100 0.627700
vt 0.217000 0.619900
vt 0.221700 0.619900
vt 0.532600 0.495500
vt 0.532600 0.492300
vt 0.221600 0.613600
vt 0.217000 0.613600
vt 0.221400 0.572800
vt 0.216800 0.572800
vt 0.355000 0.560700
vt 0.355000 0.561400
vt 0.355100 0.715300
vt 0.355100 0.716000
vt 0.516500 0.398500
vt 0.507400 0.398500
vt 0.355000 0.592400
vt 0.355000 0.602400
vt 0.355000 0.582700
vt 0.355000 0.627700
vt 0.354900 0.619900
vt 0.532600 0.398500
vt 0.354900 0.613600
vt 0.355000 0.572800
vt 0.326600 0.560700
vt 0.326600 0.561400
vt 0.326300 0.715600
vt 0.326500 0.714900
vt 0.507400 0.418400
vt 0.516500 0.418400
vt 0.308900 0.592400
vt 0.308900 0.602400
vt 0.308900 0.582700
vt 0.308900 0.627700
vt 0.308900 0.619900
vt 0.532600 0.418400
vt 0.308900 0.613600
vt 0.319000 0.572800
vt 0.371400 0.636200
vt 0.371400 0.641100
vt 0.377200 0.674300
vt 0.378600 0.684200
vt 0.380300 0.692400
vt 0.371400 0.649700
vt 0.373300 0.657500
vt 0.491300 0.377100
vt 0.500500 0.377100
vt 0.375400 0.665400
vt 0.382800 0.703900
vt 0.222300 0.636200
vt 0.222300 0.641100
vt 0.088700 0.641100
vt 0.084200 0.641100
vt 0.084300 0.636200
vt 0.088700 0.636200
vt 0.222000 0.675200
vt 0.222100 0.685200
vt 0.861500 0.646300
vt 0.857600 0.634400
vt 0.862300 0.632900
vt 0.866200 0.644700
vt 0.222300 0.700700
vt 0.854400 0.624700
vt 0.859000 0.623100
vt 0.222100 0.649700
vt 0.222000 0.657500
vt 0.084200 0.665400
vt 0.084200 0.657500
vt 0.088300 0.657500
vt 0.088200 0.665400
vt 0.222000 0.665400
vt 0.863900 0.652600
vt 0.868300 0.651100
vt 0.679800 0.657600
vt 0.679800 0.656300
vt 0.845800 0.597000
vt 0.850600 0.595500
vt 0.854800 0.609200
vt 0.850100 0.610800
vt 0.087300 0.560700
vt 0.087300 0.561400
vt 0.083400 0.561400
vt 0.083400 0.560700
vt 0.212200 0.561400
vt 0.212200 0.560700
vt 0.516500 0.585500
vt 0.516500 0.588300
vt 0.507400 0.588300
vt 0.507400 0.585500
vt 0.516500 0.498700
vt 0.507400 0.498700
vt 0.087900 0.592400
vt 0.088000 0.602400
vt 0.084100 0.602400
vt 0.084000 0.592400
vt 0.212400 0.602400
vt 0.212300 0.592400
vt 0.087900 0.582700
vt 0.083900 0.582700
vt 0.212300 0.582700
vt 0.088500 0.627700
vt 0.084200 0.627700
vt 0.084200 0.619900
vt 0.088200 0.619900
vt 0.212200 0.627700
vt 0.212300 0.619900
vt 0.532600 0.586200
vt 0.532600 0.589000
vt 0.532600 0.498700
vt 0.084200 0.613600
vt 0.088200 0.613600
vt 0.212300 0.613600
vt 0.083700 0.572800
vt 0.087600 0.572800
vt 0.212200 0.572800
vt 0.239100 0.636200
vt 0.239100 0.641100
vt 0.203200 0.641100
vt 0.203100 0.636200
vt 0.239200 0.685100
vt 0.239200 0.675100
vt 0.206400 0.675300
vt 0.206500 0.685300
vt 0.239000 0.700600
vt 0.208900 0.700800
vt 0.239100 0.649700
vt 0.239100 0.657500
vt 0.203600 0.665400
vt 0.203500 0.657500
vt 0.239100 0.665400
vt 0.657800 0.657000
vt 0.657900 0.655700
vt 0.697700 0.656800
vt 0.692100 0.641400
vt 0.697700 0.641400
vt 0.208000 0.560700
vt 0.208000 0.561400
vt 0.238500 0.560700
vt 0.238500 0.561400
vt 0.516500 0.501600
vt 0.507400 0.501600
vt 0.507400 0.480200
vt 0.516500 0.480200
vt 0.205800 0.592400
vt 0.205900 0.602400
vt 0.238700 0.592400
vt 0.238700 0.602400
vt 0.208000 0.582700
vt 0.238600 0.582700
vt 0.203200 0.627700
vt 0.203200 0.619900
vt 0.238800 0.613600
vt 0.238900 0.619900
vt 0.532600 0.501600
vt 0.532600 0.480200
vt 0.203200 0.613600
vt 0.208000 0.572800
vt 0.238600 0.572800
vt 0.033500 0.641100
vt 0.033500 0.636200
vt 0.079700 0.641100
vt 0.079700 0.636200
vt 0.866900 0.631400
vt 0.870800 0.643100
vt 0.863700 0.621600
vt 0.080200 0.665400
vt 0.080200 0.657500
vt 0.872600 0.649700
vt 0.855400 0.594000
vt 0.859500 0.607700
vt 0.079400 0.561400
vt 0.079400 0.560700
vt 0.516500 0.591000
vt 0.507400 0.591000
vt 0.080200 0.602400
vt 0.080100 0.592400
vt 0.080000 0.582700
vt 0.080000 0.627700
vt 0.080100 0.619900
vt 0.532600 0.591700
vt 0.080200 0.613600
vt 0.034800 0.613600
vt 0.034800 0.602400
vt 0.079700 0.572800
vt 0.034800 0.641100
vt 0.034800 0.636200
vt 0.108100 0.636200
vt 0.108100 0.641100
vt 0.925900 0.625000
vt 0.922100 0.613500
vt 0.834100 0.642100
vt 0.838000 0.654000
vt 0.919500 0.605700
vt 0.830900 0.632400
vt 0.034800 0.657500
vt 0.034800 0.665400
vt 0.108100 0.649700
vt 0.108100 0.657500
vt 0.088500 0.649700
vt 0.928800 0.633400
vt 0.840000 0.660300
vt 0.915700 0.591800
vt 0.911800 0.577500
vt 0.826300 0.618600
vt 0.034800 0.561400
vt 0.034800 0.560700
vt 0.107200 0.560700
vt 0.107200 0.561400
vt 0.516500 0.623700
vt 0.507400 0.623700
vt 0.507400 0.571700
vt 0.516500 0.571700
vt 0.034800 0.592400
vt 0.107700 0.592400
vt 0.107800 0.602400
vt 0.034800 0.582700
vt 0.107600 0.582700
vt 0.034800 0.619900
vt 0.034800 0.627700
vt 0.107900 0.619900
vt 0.107900 0.613600
vt 0.532600 0.623800
vt 0.532600 0.572300
vt 0.034800 0.572800
vt 0.107400 0.572800
vt 0.385200 0.561400
vt 0.385300 0.560700
vt 0.385300 0.715200
vt 0.385400 0.715900
vt 0.516500 0.377100
vt 0.507400 0.377100
vt 0.377200 0.602400
vt 0.378500 0.592400
vt 0.380200 0.582700
vt 0.373300 0.619900
vt 0.371400 0.627700
vt 0.532600 0.377100
vt 0.375300 0.613600
vt 0.382700 0.572800
vt 0.448400 0.673700
vt 0.448400 0.683500
vt 0.448400 0.691700
vt 0.448400 0.649700
vt 0.448400 0.657500
vt 0.448400 0.665400
vt 0.448400 0.703300
vt 0.448400 0.627700
vt 0.448400 0.636200
vt 0.448400 0.641100
vt 0.469600 0.649700
vt 0.308900 0.636200
vt 0.309000 0.641100
vt 0.309300 0.684800
vt 0.309200 0.674800
vt 0.308900 0.700200
vt 0.309100 0.657500
vt 0.309000 0.649700
vt 0.309100 0.665400
vt 0.318900 0.703400
vt 0.302100 0.674800
vt 0.302100 0.684800
vt 0.301800 0.700300
vt 0.301900 0.649700
vt 0.302000 0.657500
vt 0.302000 0.665400
vt 0.576900 0.654400
vt 0.566900 0.651200
vt 0.317700 0.560700
vt 0.317700 0.561400
vt 0.507400 0.424700
vt 0.516500 0.424700
vt 0.301800 0.592400
vt 0.301800 0.602400
vt 0.301700 0.582700
vt 0.301800 0.613600
vt 0.301800 0.619900
vt 0.532600 0.424700
vt 0.310800 0.572800
vt 0.184900 0.685500
vt 0.184800 0.675500
vt 0.194000 0.700900
vt 0.174100 0.657500
vt 0.174000 0.649700
vt 0.203400 0.649700
vt 0.174300 0.665400
vt 0.192900 0.561400
vt 0.192900 0.560700
vt 0.184200 0.602400
vt 0.184100 0.592400
vt 0.193000 0.582700
vt 0.173700 0.613600
vt 0.173800 0.619900
vt 0.532600 0.512200
vt 0.516500 0.512100
vt 0.193000 0.572800
vt 0.767300 0.675700
vt 0.762500 0.665400
vt 0.742900 0.654200
vt 0.162700 0.649700
vt 0.162800 0.657500
vt 0.777200 0.679900
vt 0.741600 0.650700
vt 0.178400 0.560700
vt 0.178400 0.561400
vt 0.507400 0.522100
vt 0.507400 0.512100
vt 0.516500 0.522100
vt 0.171100 0.592400
vt 0.171100 0.602400
vt 0.178500 0.582700
vt 0.162500 0.613600
vt 0.162500 0.619900
vt 0.532600 0.522300
vt 0.178500 0.572800
vt 0.388900 0.193300
vt 0.388000 0.178200
vt 0.445300 0.175500
vt 0.445900 0.190400
vt 0.615300 0.399900
vt 0.617800 0.383000
vt 0.577700 0.415900
vt 0.568100 0.399700
vt 0.593700 0.417700
vt 0.397800 0.226300
vt 0.394600 0.214400
vt 0.438500 0.212100
vt 0.434500 0.224400
vt 0.620600 0.339000
vt 0.628400 0.325900
vt 0.555700 0.339700
vt 0.540400 0.326900
vt 0.389800 0.207800
vt 0.446500 0.204900
vt 0.627900 0.279100
vt 0.628200 0.302300
vt 0.539700 0.303300
vt 0.617200 0.360200
vt 0.563000 0.383700
vt 0.562800 0.360800
vt 0.404300 0.256500
vt 0.399900 0.248300
vt 0.435400 0.239800
vt 0.432400 0.245700
vt 0.469600 0.645100
vt 0.476200 0.645100
vt 0.217200 0.645100
vt 0.212100 0.645100
vt 0.030600 0.644000
vt 0.027200 0.644000
vt 0.027200 0.626700
vt 0.030900 0.626600
vt 0.500800 0.627800
vt 0.500700 0.625400
vt 0.628000 0.277600
vt 0.539000 0.280100
vt 0.538900 0.278700
vt 0.350000 0.645100
vt 0.355100 0.645100
vt 0.344900 0.645100
vt 0.499400 0.495400
vt 0.499400 0.492200
vt 0.371400 0.645100
vt 0.222300 0.645100
vt 0.084200 0.645100
vt 0.088800 0.645100
vt 0.499400 0.586200
vt 0.499400 0.589000
vt 0.499400 0.498600
vt 0.239100 0.645100
vt 0.239000 0.627700
vt 0.203200 0.645100
vt 0.499400 0.501600
vt 0.499400 0.480500
vt 0.033500 0.627700
vt 0.079700 0.645100
vt 0.499400 0.591700
vt 0.034800 0.645100
vt 0.108100 0.645100
vt 0.108000 0.627700
vt 0.500700 0.624400
vt 0.499400 0.572200
vt 0.448400 0.645100
vt 0.309000 0.645100
vt 0.301900 0.641100
vt 0.301900 0.645100
vt 0.301800 0.636200
vt 0.301800 0.627700
vt 0.499000 0.426300
vt 0.173900 0.636200
vt 0.173800 0.627700
vt 0.499400 0.512100
vt 0.162700 0.641100
vt 0.173900 0.641100
vt 0.174000 0.645100
vt 0.162700 0.645100
vt 0.162600 0.636200
vt 0.162500 0.627700
vt 0.499400 0.522300
vt 0.686100 0.641300
vt 0.027200 0.572000
vt 0.029400 0.571900
vt 0.680200 0.641200
vt 0.658300 0.640700
vt 0.698000 0.658400
vt 0.925300 0.604000
vt 0.921200 0.605200
vt 0.917300 0.591400
vt 0.921500 0.590200
vt 0.028900 0.560500
vt 0.033500 0.561400
vt 0.033500 0.572800
vt 0.821800 0.604900
vt 0.557500 0.639300
vt 0.557400 0.651600
vt 0.544600 0.642200
vt 0.719700 0.656800
vt 0.717500 0.640300
vt 0.737100 0.635700
vt 0.651400 0.325700
vt 0.651400 0.302000
vt 0.602900 0.417600
vt 0.476200 0.649700
vt 0.030100 0.665700
vt 0.027200 0.665700
vt 0.084200 0.649700
vt 0.033500 0.649700
vt 0.033500 0.657500
vt 0.080000 0.649700
vt 0.033500 0.613600
vt 0.033500 0.619900
vt 0.034800 0.649700
vt 0.108300 0.665400
vt 0.163000 0.665400
vt 0.618900 0.415400
vt 0.610300 0.416600
vt 0.627700 0.399000
vt 0.391300 0.247800
vt 0.388000 0.235800
vt 0.397300 0.235500
vt 0.426000 0.253600
vt 0.932700 0.642000
vt 0.936800 0.640600
vt 0.937200 0.641800
vt 0.933100 0.643200
vt 0.872700 0.664200
vt 0.872300 0.663000
vt 0.877100 0.661400
vt 0.877500 0.662600
vt 0.867900 0.665800
vt 0.867600 0.664600
vt 0.844100 0.673400
vt 0.843800 0.672300
vt 0.778600 0.691900
vt 0.778700 0.693100
vt 0.751000 0.687900
vt 0.764800 0.693000
vt 0.764600 0.694100
vt 0.750400 0.688800
vt 0.739200 0.682900
vt 0.740000 0.682000
vt 0.716500 0.674700
vt 0.717000 0.673600
vt 0.696800 0.672700
vt 0.696900 0.671400
vt 0.685300 0.670900
vt 0.691300 0.671100
vt 0.691300 0.672400
vt 0.685300 0.672100
vt 0.679300 0.670700
vt 0.679300 0.671900
vt 0.657500 0.670000
vt 0.657400 0.671300
vt 0.575000 0.667400
vt 0.574800 0.668700
vt 0.565400 0.666300
vt 0.565100 0.667900
vt 0.551400 0.663600
vt 0.551900 0.662400
vt 0.535600 0.653800
vt 0.535400 0.652900
vt 0.931200 0.642600
vt 0.765900 0.682600
vt 0.756600 0.679900
vt 0.748700 0.673200
vt 0.721600 0.658900
vt 0.568200 0.654000
vt 0.027200 0.560400
vt 0.532600 0.624700
vt 0.532600 0.627200
vt 0.532300 0.627800
vt 0.632200 0.382900
vt 0.637700 0.338800
vt 0.651300 0.278800
vt 0.631500 0.360000
vt 0.398500 0.255000
vt 0.651400 0.277300
vt 0.923700 0.612900
vt 0.927500 0.624500
vt 0.033500 0.665400
vt 0.930400 0.632900
vt 0.913400 0.577000
vt 0.033500 0.560700
vt 0.033500 0.602400
vt 0.033500 0.592400
vt 0.033500 0.582700
vt 0.033500 0.645100
vt 0.931600 0.643700
vt 0.927800 0.611600
vt 0.931700 0.623100
vt 0.917600 0.575800
vt 0.934600 0.631700
vt 0.498400 0.420100
vt 0.491300 0.418800
vt 0.753400 0.816800
vt 0.745800 0.817000
vt 0.748800 0.812000
vt 0.817900 0.824900
vt 0.829700 0.820900
vt 0.831800 0.832100
vt 0.820600 0.835800
vt 0.859900 0.821800
vt 0.898600 0.821800
vt 0.904100 0.835700
vt 0.854400 0.835700
vt 0.749100 0.921000
vt 0.736500 0.921000
vt 0.734700 0.843800
vt 0.745200 0.844500
vt 0.713300 0.835500
vt 0.725700 0.835300
vt 0.725000 0.843900
vt 0.712100 0.844900
vt 0.677400 0.922600
vt 0.661300 0.924700
vt 0.670400 0.841100
vt 0.682400 0.843100
vt 0.806900 0.828200
vt 0.810200 0.839000
vt 0.798100 0.841500
vt 0.795100 0.831000
vt 0.761100 0.920800
vt 0.755200 0.845000
vt 0.768200 0.844700
vt 0.777000 0.921900
vt 0.735000 0.834800
vt 0.651400 0.924300
vt 0.659700 0.839900
vt 0.709200 0.922700
vt 0.724800 0.921100
vt 0.724300 0.933200
vt 0.707500 0.935300
vt 0.736500 0.932300
vt 0.749700 0.932100
vt 0.762400 0.932500
vt 0.779400 0.934200
vt 0.825700 0.922000
vt 0.828500 0.938600
vt 0.813000 0.938400
vt 0.809200 0.920600
vt 0.835800 0.920200
vt 0.840300 0.934100
vt 0.849400 0.929700
vt 0.845700 0.917200
vt 0.660100 0.940700
vt 0.649700 0.937100
vt 0.675100 0.940200
vt 0.836300 0.950500
vt 0.828100 0.957300
vt 0.845600 0.943400
vt 0.854100 0.936900
vt 0.652500 0.951700
vt 0.645300 0.944800
vt 0.660200 0.958700
vt 0.842600 0.955500
vt 0.838400 0.965300
vt 0.849000 0.946600
vt 0.856600 0.939900
vt 0.646100 0.955700
vt 0.641900 0.946700
vt 0.639000 0.958700
vt 0.649200 0.965600
vt 0.641800 0.968200
vt 0.904100 0.846000
vt 0.854400 0.846000
vt 0.712200 0.953000
vt 0.702100 0.954500
vt 0.696000 0.937000
vt 0.725800 0.952200
vt 0.737400 0.951300
vt 0.749300 0.951200
vt 0.761200 0.951500
vt 0.775200 0.951900
vt 0.800900 0.956200
vt 0.803000 0.936900
vt 0.811800 0.958500
vt 0.825300 0.966400
vt 0.676400 0.959800
vt 0.662400 0.967800
vt 0.845500 0.969000
vt 0.843300 0.975300
vt 0.835900 0.972300
vt 0.651100 0.972600
vt 0.849900 0.834100
vt 0.856300 0.817500
vt 0.871100 0.806500
vt 0.872600 0.812400
vt 0.886400 0.812400
vt 0.888000 0.806500
vt 0.902200 0.817500
vt 0.908600 0.834100
vt 0.908600 0.845900
vt 0.854400 0.866700
vt 0.904100 0.866700
vt 0.908600 0.871000
vt 0.849900 0.871000
vt 0.849900 0.856300
vt 0.854400 0.854800
vt 0.849900 0.845900
vt 0.854400 0.849900
vt 0.849900 0.850400
vt 0.849500 0.959800
vt 0.855200 0.951600
vt 0.861900 0.945100
vt 0.635300 0.949800
vt 0.824300 0.969800
vt 0.835100 0.974900
vt 0.643500 0.974900
vt 0.651700 0.975300
vt 0.644100 0.977500
vt 0.820400 0.983100
vt 0.823000 0.974000
vt 0.833700 0.978700
vt 0.831400 0.986800
vt 0.647000 0.989300
vt 0.645000 0.980900
vt 0.652800 0.979200
vt 0.655100 0.987400
vt 0.672300 0.830300
vt 0.672100 0.821400
vt 0.686800 0.822100
vt 0.684600 0.831900
vt 0.661000 0.828700
vt 0.660900 0.819800
vt 0.827000 0.811500
vt 0.815300 0.815900
vt 0.805600 0.819200
vt 0.791800 0.821300
vt 0.766800 0.836000
vt 0.754500 0.836300
vt 0.754600 0.828700
vt 0.765100 0.827300
vt 0.744900 0.827700
vt 0.745000 0.835500
vt 0.734900 0.827300
vt 0.725200 0.827800
vt 0.715100 0.826500
vt 0.708000 0.818400
vt 0.710500 0.810800
vt 0.719800 0.814000
vt 0.717200 0.820600
vt 0.685400 0.815700
vt 0.673200 0.813600
vt 0.675500 0.806900
vt 0.686300 0.808200
vt 0.662200 0.810500
vt 0.667200 0.803000
vt 0.822200 0.802100
vt 0.811700 0.809000
vt 0.807800 0.802900
vt 0.815000 0.795400
vt 0.803400 0.811800
vt 0.800600 0.806100
vt 0.792400 0.814600
vt 0.790900 0.807600
vt 0.783700 0.808000
vt 0.784900 0.816300
vt 0.755100 0.821700
vt 0.759900 0.815400
vt 0.762800 0.821700
vt 0.746000 0.820600
vt 0.734600 0.819100
vt 0.735700 0.814800
vt 0.724800 0.820500
vt 0.726600 0.815000
vt 0.802100 0.799500
vt 0.790600 0.798800
vt 0.782000 0.798500
vt 0.733800 0.807900
vt 0.716600 0.793700
vt 0.729100 0.799900
vt 0.673500 0.797200
vt 0.808200 0.790200
vt 0.792400 0.787400
vt 0.780800 0.787200
vt 0.739200 0.807800
vt 0.748200 0.800600
vt 0.755400 0.808200
vt 0.687200 0.790400
vt 0.693500 0.817000
vt 0.692600 0.823400
vt 0.771600 0.818800
vt 0.773000 0.825300
vt 0.904100 0.849900
vt 0.713200 0.958600
vt 0.701900 0.960300
vt 0.727000 0.956600
vt 0.737800 0.956100
vt 0.749100 0.955900
vt 0.760100 0.955900
vt 0.774300 0.956200
vt 0.810300 0.965200
vt 0.799700 0.962400
vt 0.677700 0.966600
vt 0.663200 0.971100
vt 0.842500 0.977800
vt 0.908600 0.850400
vt 0.904100 0.854800
vt 0.713800 0.963900
vt 0.703100 0.965200
vt 0.728200 0.963600
vt 0.738200 0.963200
vt 0.748900 0.963000
vt 0.759100 0.962900
vt 0.773900 0.962700
vt 0.809100 0.969500
vt 0.798600 0.967100
vt 0.678600 0.971000
vt 0.664300 0.975300
vt 0.841500 0.981000
vt 0.908600 0.856300
vt 0.715400 0.975800
vt 0.705700 0.976600
vt 0.729200 0.975200
vt 0.738800 0.975000
vt 0.748800 0.974700
vt 0.758500 0.974500
vt 0.772400 0.974700
vt 0.806600 0.979200
vt 0.796200 0.977100
vt 0.680600 0.980700
vt 0.666600 0.984300
vt 0.839100 0.989300
vt 0.687100 0.957700
vt 0.684800 0.938600
vt 0.785500 0.953100
vt 0.791300 0.935400
vt 0.694300 0.808300
vt 0.768400 0.811300
vt 0.764900 0.802600
vt 0.697200 0.790400
vt 0.760500 0.792000
vt 0.707000 0.824900
vt 0.786200 0.822600
vt 0.688300 0.964200
vt 0.785800 0.957900
vt 0.689400 0.968600
vt 0.784600 0.963800
vt 0.691600 0.978700
vt 0.782100 0.975200
vt 0.704700 0.834400
vt 0.690000 0.833200
vt 0.703400 0.844200
vt 0.688200 0.843800
vt 0.700000 0.922900
vt 0.686500 0.921600
vt 0.789500 0.832400
vt 0.775400 0.834400
vt 0.791900 0.841800
vt 0.777200 0.843200
vt 0.800300 0.920100
vt 0.787500 0.920400
s 1
usemtl default.004
f 1/1/1 2/2/2 3/3/3 4/4/4
f 4/4/4 3/3/3 5/5/5 6/6/5
f 7/7/5 8/8/6 9/9/7 10/10/5
f 3/3/3 2/2/2 11/11/8 12/12/9
f 6/6/5 5/5/5 13/13/5 14/14/5
f 15/15/10 16/16/5 17/17/5 18/18/5
f 19/19/11 20/20/12 21/21/13 22/22/14
f 23/23/15 24/24/16 25/25/17 26/26/18
f 18/18/5 17/17/5 27/27/5 28/28/5
f 29/29/19 30/30/5 31/31/5 32/32/20
f 33/33/21 34/34/22 35/35/23 8/8/6
f 7/7/5 36/36/5 30/30/5 29/29/19
f 8/8/6 35/35/23 37/37/24 9/9/7
f 37/38/25 38/39/25 39/40/25 9/41/25
f 40/42/26 36/43/26 41/44/26 42/45/26
f 43/46/27 6/47/27 14/48/27 44/49/27
f 43/46/27 45/50/27 4/51/27 6/47/27
f 42/45/25 41/44/25 10/52/25 46/53/25
f 44/49/28 14/48/28 13/54/29 47/55/29
f 48/56/26 17/57/26 16/58/30 49/59/30
f 50/60/31 34/34/22 51/61/32 52/62/33
f 47/55/29 13/54/29 27/63/26 53/64/26
f 49/59/30 16/58/30 54/65/26 55/66/26
f 34/34/22 50/60/31 56/67/34 35/35/23
f 40/42/26 57/68/26 30/69/26 36/43/26
f 38/70/35 37/37/24 35/35/23 56/67/34
f 58/71/36 59/72/37 60/73/38 61/74/39
f 31/31/5 54/75/5 62/76/40 32/32/20
f 51/61/32 63/77/41 64/78/42 52/62/33
f 31/79/43 30/69/26 57/68/26 65/80/43
f 10/10/5 41/81/5 36/36/5 7/7/5
f 26/26/18 15/15/10 18/18/5 23/23/15
f 12/12/9 28/28/5 5/5/5 3/3/3
f 66/82/44 67/83/45 58/71/36 61/74/39
f 8/8/6 7/7/5 29/29/19 33/33/21
f 10/52/25 9/41/25 39/40/25 46/53/25
f 22/22/14 68/84/46 69/85/47 19/19/11
f 20/20/12 25/25/17 63/77/41 21/21/13
f 60/73/38 59/72/37 51/61/32 34/34/22
f 66/82/44 29/29/19 32/32/20 67/83/45
f 68/84/46 67/83/45 32/32/20 62/76/40
f 69/85/47 15/15/10 26/26/18 19/19/11
f 33/33/21 61/74/39 60/73/38 34/34/22
f 26/26/18 25/25/17 20/20/12 19/19/11
f 33/33/21 29/29/19 66/82/44 61/74/39
f 22/22/14 21/21/13 59/72/37 58/71/36
f 54/65/26 31/79/43 65/80/43 55/66/26
f 62/76/40 54/75/5 16/16/5 15/15/10
f 63/77/41 25/25/17 70/86/48 64/78/42
f 68/84/46 22/22/14 58/71/36 67/83/45
f 63/77/41 51/61/32 59/72/37 21/21/13
f 69/85/47 68/84/46 62/76/40 15/15/10
f 12/12/9 11/11/8 24/24/16 23/23/15
f 28/28/5 27/27/5 13/13/5 5/5/5
f 71/87/49 72/88/50 11/11/8 2/2/2
f 27/63/26 17/57/26 48/56/26 53/64/26
f 28/28/5 12/12/9 23/23/15 18/18/5
f 73/89/51 71/87/49 2/2/2 1/1/1
f 45/50/27 73/90/27 1/91/27 4/51/27
f 11/11/8 72/88/50 74/92/52 24/24/16
f 24/24/16 74/92/52 70/86/48 25/25/17
f 75/93/53 76/94/54 77/95/55 78/96/56
f 79/97/57 75/93/53 78/96/56 80/98/57
f 81/99/57 82/100/57 83/101/58 84/102/59
f 75/93/53 85/103/60 86/104/61 76/94/54
f 80/98/57 87/105/57 88/106/57 79/97/57
f 89/107/62 90/108/57 91/109/57 92/110/57
f 93/111/63 94/112/64 95/113/65 96/114/66
f 97/115/67 98/116/68 99/117/69 100/118/70
f 90/108/57 101/119/57 102/120/57 91/109/57
f 103/121/57 104/122/57 105/123/71 106/124/72
f 107/125/73 108/126/74 109/127/75 84/102/59
f 104/122/57 110/128/57 81/99/57 105/123/71
f 111/129/76 107/125/73 84/102/59 83/101/58
f 111/130/25 83/131/25 39/40/25 38/39/25
f 112/132/26 110/133/26 40/42/26 42/45/26
f 87/134/27 80/135/27 43/46/27 44/49/27
f 78/136/27 45/50/27 43/46/27 80/135/27
f 82/137/25 112/132/25 42/45/25 46/53/25
f 88/138/29 87/134/28 44/49/28 47/55/29
f 92/139/30 91/140/26 48/56/26 49/59/30
f 113/141/77 108/126/74 50/60/31 52/62/33
f 102/142/26 88/138/29 47/55/29 53/64/26
f 114/143/26 92/139/30 49/59/30 55/66/26
f 108/126/74 107/125/73 56/67/34 50/60/31
f 104/144/26 57/68/26 40/42/26 110/133/26
f 107/125/73 111/129/76 38/70/35 56/67/34
f 115/145/78 116/146/79 117/147/80 118/148/81
f 119/149/82 114/150/57 103/121/57 106/124/72
f 64/78/42 120/151/83 113/141/77 52/62/33
f 57/68/26 104/144/26 103/152/43 65/80/43
f 110/128/57 112/153/57 82/100/57 81/99/57
f 100/118/70 99/117/69 90/108/57 89/107/62
f 85/103/60 75/93/53 79/97/57 101/119/57
f 115/145/78 121/154/84 122/155/85 116/146/79
f 84/102/59 109/127/75 105/123/71 81/99/57
f 39/40/25 83/131/25 82/137/25 46/53/25
f 94/112/64 93/111/63 123/156/86 124/157/87
f 120/151/83 97/115/67 96/114/66 95/113/65
f 117/147/80 108/126/74 113/141/77 118/148/81
f 122/155/85 121/154/84 106/124/72 105/123/71
f 124/157/87 119/149/82 106/124/72 121/154/84
f 123/156/86 93/111/63 100/118/70 89/107/62
f 117/147/80 116/146/79 109/127/75 108/126/74
f 100/118/70 93/111/63 96/114/66 97/115/67
f 122/155/85 105/123/71 109/127/75 116/146/79
f 94/112/64 115/145/78 118/148/81 95/113/65
f 65/80/43 103/152/43 114/143/26 55/66/26
f 119/149/82 89/107/62 92/110/57 114/150/57
f 120/151/83 64/78/42 70/86/48 97/115/67
f 124/157/87 121/154/84 115/145/78 94/112/64
f 118/148/81 113/141/77 120/151/83 95/113/65
f 123/156/86 89/107/62 119/149/82 124/157/87
f 85/103/60 99/117/69 98/116/68 86/104/61
f 101/119/57 79/97/57 88/106/57 102/120/57
f 71/87/49 76/94/54 86/104/61 72/88/50
f 48/56/26 91/140/26 102/142/26 53/64/26
f 101/119/57 90/108/57 99/117/69 85/103/60
f 73/89/51 77/95/55 76/94/54 71/87/49
f 45/50/27 78/136/27 77/158/27 73/90/27
f 86/104/61 98/116/68 74/92/52 72/88/50
f 98/116/68 97/115/67 70/86/48 74/92/52
f 125/159/5 126/160/5 127/161/5 128/162/5
f 129/163/57 130/164/57 131/165/57 132/166/57
f 133/167/88 134/168/88 135/169/88 136/170/88
f 127/171/89 129/163/89 132/166/90 128/172/90
f 137/173/91 138/174/91 139/175/91 140/176/91
f 137/177/92 140/176/92 141/178/92 142/179/92
f 143/180/5 144/181/5 145/182/5 146/183/5
f 145/182/93 144/181/94 147/184/94 148/185/93
f 148/185/57 147/184/57 149/186/57 150/187/57
f 150/187/95 149/186/96 143/188/96 146/189/95
f 151/190/5 152/191/5 153/192/5 154/193/5
f 153/194/97 152/195/98 155/196/98 156/197/97
f 156/197/57 155/196/57 157/198/57 158/199/57
f 158/199/99 157/198/100 151/190/100 154/193/99
f 144/181/5 143/180/5 159/200/5 160/201/5
f 161/202/57 149/186/57 147/184/57 162/203/57
f 147/184/94 144/181/94 160/201/101 162/203/101
f 143/188/96 149/186/96 161/202/102 159/204/102
f 152/191/5 151/190/5 163/205/5 164/206/5
f 155/196/98 152/195/98 164/207/103 165/208/103
f 166/209/57 157/198/57 155/196/57 165/208/57
f 151/190/100 157/198/100 166/209/104 163/205/104
f 160/201/5 159/200/5 167/210/5 168/211/5
f 126/160/5 168/211/5 167/210/5 127/161/5
f 169/212/57 161/202/57 162/203/57 170/213/57
f 169/212/57 170/213/57 130/164/57 129/163/57
f 162/203/101 160/201/101 168/211/105 170/213/105
f 170/213/105 168/211/105 126/160/106 130/164/106
f 159/204/102 161/202/102 169/212/107 167/214/107
f 167/214/107 169/212/107 129/163/89 127/171/89
f 171/215/5 164/207/5 163/216/5 172/217/5
f 173/218/5 171/215/5 172/217/5 174/219/5
f 165/208/103 164/207/103 171/215/108 175/220/108
f 175/220/108 171/215/108 173/218/109 176/221/109
f 166/209/57 165/208/57 175/220/57 177/222/57
f 177/222/57 175/220/57 176/221/57 178/223/57
f 163/205/104 166/209/104 177/222/110 172/224/110
f 172/224/110 177/222/110 178/223/111 174/225/111
f 154/193/5 153/192/5 179/226/5 180/227/5
f 153/194/97 156/197/97 181/228/97 179/229/97
f 158/199/57 182/230/57 181/228/57 156/197/57
f 154/193/99 180/227/112 182/230/112 158/199/99
f 180/227/5 179/226/5 134/231/5 133/167/5
f 181/228/57 182/230/57 136/170/57 135/169/57
f 181/228/97 135/169/97 134/232/97 179/229/97
f 182/230/112 180/227/112 133/167/112 136/170/112
f 183/233/5 173/218/5 174/219/5 184/234/5
f 183/233/93 185/235/93 176/221/109 173/218/109
f 185/235/57 186/236/57 178/223/57 176/221/57
f 186/236/95 184/237/95 174/225/111 178/223/111
f 187/238/5 183/233/5 184/234/5 188/239/5
f 189/240/93 185/235/93 183/233/93 187/238/93
f 190/241/57 186/236/57 185/235/57 189/240/57
f 188/242/95 184/237/95 186/236/95 190/241/95
f 145/182/5 187/238/5 188/239/5 146/183/5
f 148/185/93 189/240/93 187/238/93 145/182/93
f 150/187/57 190/241/57 189/240/57 148/185/57
f 146/189/95 188/242/95 190/241/95 150/187/95
f 128/172/5 191/243/5 142/244/5 125/245/5
f 132/166/57 131/165/57 141/178/57 192/246/57
f 132/166/90 192/246/90 191/243/90 128/172/90
f 131/165/92 130/164/106 126/160/106 125/159/92
f 141/178/92 131/165/92 125/159/92 142/179/92
f 142/244/5 191/243/5 138/174/5 137/247/5
f 192/246/57 141/178/57 140/176/57 139/175/57
f 192/246/90 139/175/90 138/174/90 191/243/90
f 193/248/113 194/249/113 195/250/57 196/251/57
f 197/252/5 198/253/5 199/254/114 200/255/114
f 193/256/115 196/257/116 197/252/117 200/255/115
f 201/258/118 202/259/118 203/260/119 204/261/120
f 205/262/121 206/263/121 207/264/25 208/265/25
f 209/266/115 210/267/115 211/268/115 212/269/115
f 213/270/122 214/271/27 211/268/27 210/267/123
f 205/262/91 208/265/91 215/272/91 216/273/91
f 205/262/121 217/274/124 218/275/124 206/263/121
f 219/276/125 220/277/125 213/270/122 210/267/123
f 221/278/115 219/276/115 210/267/115 209/266/115
f 216/273/91 222/279/91 217/274/91 205/262/91
f 217/274/124 223/280/126 224/281/113 218/275/124
f 200/255/114 199/254/114 220/277/125 219/276/125
f 221/278/115 193/256/115 200/255/115 219/276/115
f 225/282/91 223/280/91 217/274/91 222/279/91
f 224/281/113 223/280/126 226/283/127 227/284/57
f 228/285/128 229/286/129 230/287/130 231/288/130
f 232/289/131 228/285/132 231/288/133 233/290/133
f 206/263/121 234/291/121 235/292/25 207/264/25
f 236/293/122 216/273/123 215/272/27 237/294/27
f 218/275/124 238/295/124 234/291/121 206/263/121
f 239/296/125 222/279/125 216/273/123 236/293/122
f 224/281/113 194/249/113 238/295/124 218/275/124
f 240/297/114 225/282/134 222/279/125 239/296/125
f 227/284/57 241/298/57 242/299/57 195/250/57
f 243/300/5 244/301/130 198/253/5 197/252/5
f 196/257/116 245/302/135 243/300/136 197/252/117
f 226/283/127 246/303/137 241/298/57 227/284/57
f 247/304/138 225/282/134 240/297/114 248/305/5
f 195/250/57 194/249/113 224/281/113 227/284/57
f 198/253/5 248/305/5 240/297/114 199/254/114
f 233/290/133 231/288/133 202/259/118 201/258/118
f 213/270/122 236/293/122 237/294/27 214/271/27
f 220/277/125 239/296/125 236/293/122 213/270/122
f 199/254/114 240/297/114 239/296/125 220/277/125
f 234/291/121 209/306/121 212/307/25 235/292/25
f 238/295/124 221/308/124 209/306/121 234/291/121
f 194/249/113 193/248/113 221/308/124 238/295/124
f 242/299/57 201/309/57 204/310/57
f 202/259/130 231/288/130 230/287/130 244/301/130
f 229/286/129 247/304/138 248/305/5 230/287/130
f 241/298/57 233/311/57 201/309/57 242/299/57
f 244/301/130 243/300/5 203/260/130
f 245/302/135 204/261/120 203/260/119 243/300/136
f 246/303/137 232/312/139 233/311/57 241/298/57
f 245/313/57 196/251/57 195/250/57 242/299/57
f 244/301/130 230/287/130 248/305/5 198/253/5
f 244/301/130 203/260/130 202/259/130
f 242/299/57 204/310/57 245/313/57
f 249/314/5 250/315/5 251/316/5 252/317/5
f 253/318/5 254/319/5 249/314/5 252/317/5
f 254/319/5 253/318/5 255/320/5 256/321/5
f 251/316/140 257/322/141 258/323/141 252/317/140
f 252/317/140 258/323/141 259/324/141 253/318/140
f 259/324/141 260/325/141 255/320/142 253/318/140
f 256/326/143 261/327/144 262/328/145 254/329/143
f 254/329/143 262/328/145 263/330/146 249/331/143
f 249/331/143 263/330/146 264/332/144 250/315/143
f 257/322/147 251/316/148 250/315/149 264/332/150
f 265/333/151 266/334/151 258/323/141 257/322/141
f 266/334/151 267/335/151 259/324/141 258/323/141
f 267/335/151 268/336/151 260/325/141 259/324/141
f 263/330/146 269/337/152 270/338/153 264/332/144
f 261/327/144 271/339/154 272/340/155 262/328/145
f 262/328/145 272/340/155 269/337/152 263/330/146
f 268/336/156 271/341/156 261/342/156 260/325/156
f 273/343/157 274/344/158 223/345/159 225/346/160
f 273/343/161 275/347/162 266/334/151 265/333/151
f 273/343/161 225/346/134 247/348/138 275/347/162
f 275/347/162 276/349/163 267/335/151 266/334/151
f 275/347/162 247/348/138 229/350/129 276/349/163
f 276/349/163 277/351/164 268/336/151 267/335/151
f 276/349/163 229/350/129 228/352/128 277/351/164
f 269/337/152 278/353/165 274/344/166 270/338/153
f 226/354/127 223/345/126 274/344/166 278/353/165
f 271/339/154 279/355/167 280/356/168 272/340/155
f 232/357/139 246/358/137 280/356/168 279/355/167
f 272/340/155 280/356/168 278/353/165 269/337/152
f 246/358/137 226/354/127 278/353/165 280/356/168
f 277/351/169 279/359/170 271/341/156 268/336/156
f 277/351/169 228/352/132 232/360/131 279/359/170
f 273/343/157 265/333/171 270/338/172 274/344/158
f 265/333/171 257/322/147 264/332/150 270/338/172
f 260/325/156 261/342/156 256/361/156 255/320/156
f 281/362/173 282/363/173 283/364/5 284/365/5
f 285/366/57 286/367/57 287/368/174 288/369/174
f 286/367/175 283/370/176 282/371/115 287/368/115
f 289/372/118 290/373/120 291/374/177 292/375/118
f 207/264/25 293/376/178 294/377/178 208/265/25
f 211/268/115 295/378/115 296/379/115 212/269/115
f 297/380/179 295/378/180 211/268/27 214/271/27
f 294/377/91 298/381/91 215/272/91 208/265/91
f 299/382/181 300/383/181 294/377/178 293/376/178
f 301/384/182 295/378/180 297/380/179 302/385/182
f 295/378/115 301/384/115 303/386/115 296/379/115
f 300/383/91 304/387/91 298/381/91 294/377/91
f 305/388/173 306/389/183 300/383/181 299/382/181
f 287/368/174 301/384/182 302/385/182 288/369/174
f 287/368/115 282/371/115 303/386/115 301/384/115
f 300/383/91 306/389/91 307/390/91 304/387/91
f 308/391/184 306/389/183 305/388/173 309/392/5
f 310/393/185 311/394/186 312/395/187 313/396/187
f 314/397/188 315/398/133 312/395/133 311/394/132
f 235/292/25 316/399/178 293/376/178 207/264/25
f 215/272/27 298/381/180 317/400/179 237/294/27
f 316/399/178 318/401/181 299/382/181 293/376/178
f 298/381/180 304/387/182 319/402/182 317/400/179
f 318/401/181 281/362/173 305/388/173 299/382/181
f 304/387/182 307/390/189 320/403/174 319/402/182
f 321/404/5 322/405/5 309/392/5 284/365/5
f 285/366/57 323/406/187 324/407/57 286/367/57
f 324/407/190 325/408/191 283/370/176 286/367/175
f 322/405/5 326/409/192 308/391/184 309/392/5
f 320/403/174 307/390/189 327/410/193 328/411/57
f 284/365/5 309/392/5 305/388/173 281/362/173
f 320/403/174 328/411/57 285/366/57 288/369/174
f 315/398/133 289/372/118 292/375/118 312/395/133
f 237/294/27 317/400/179 297/380/179 214/271/27
f 317/400/179 319/402/182 302/385/182 297/380/179
f 319/402/182 320/403/174 288/369/174 302/385/182
f 316/399/178 235/292/25 212/307/25 296/412/178
f 318/401/181 316/399/178 296/412/178 303/413/181
f 281/362/173 318/401/181 303/413/181 282/363/173
f 290/414/5 289/415/5 321/404/5
f 313/396/187 312/395/187 292/375/187 323/406/187
f 328/411/57 327/410/193 310/393/185 313/396/187
f 289/415/5 315/416/5 322/405/5 321/404/5
f 291/374/187 324/407/57 323/406/187
f 291/374/177 290/373/120 325/408/191 324/407/190
f 326/409/192 322/405/5 315/416/5 314/417/194
f 284/365/5 283/364/5 325/418/5 321/404/5
f 323/406/187 285/366/57 328/411/57 313/396/187
f 292/375/187 291/374/187 323/406/187
f 325/418/5 290/414/5 321/404/5
f 329/419/57 330/420/57 331/421/57 332/422/57
f 333/423/57 330/420/57 329/419/57 334/424/57
f 335/425/57 333/423/57 334/424/57 336/426/57
f 337/427/195 338/428/195 331/421/140 330/420/140
f 339/429/195 337/427/195 330/420/140 333/423/140
f 339/429/195 333/423/140 335/425/142 340/430/196
f 341/431/197 342/432/198 336/433/199 334/434/143
f 343/435/200 341/431/197 334/434/143 329/436/143
f 344/437/198 343/435/200 329/436/143 332/422/143
f 338/428/201 344/437/202 332/422/203 331/421/204
f 337/427/195 345/438/205 346/439/205 338/428/195
f 339/429/195 347/440/205 345/438/205 337/427/195
f 347/440/205 339/429/195 340/430/196 348/441/205
f 343/435/200 344/437/198 349/442/206 350/443/207
f 351/444/208 352/445/209 342/432/198 341/431/197
f 341/431/197 343/435/200 350/443/207 351/444/208
f 342/446/210 352/447/210 348/441/210 340/430/210
f 306/448/211 353/449/212 354/450/213 307/451/214
f 345/438/205 355/452/215 354/450/216 346/439/205
f 354/450/216 355/452/215 327/453/193 307/451/189
f 347/440/205 356/454/217 355/452/215 345/438/205
f 355/452/215 356/454/217 310/455/185 327/453/193
f 356/454/217 347/440/205 348/441/205 357/456/218
f 311/457/186 310/455/185 356/454/217 357/456/218
f 350/443/207 349/442/206 353/449/219 358/458/220
f 353/449/219 306/448/183 308/459/184 358/458/220
f 359/460/221 360/461/222 352/445/209 351/444/208
f 314/462/194 360/461/222 359/460/221 326/463/192
f 351/444/208 350/443/207 358/458/220 359/460/221
f 358/458/220 308/459/184 326/463/192 359/460/221
f 352/447/210 360/464/223 357/456/224 348/441/210
f 314/465/188 311/457/132 357/456/224 360/464/223
f 349/442/225 346/439/226 354/450/213 353/449/212
f 344/437/202 338/428/201 346/439/226 349/442/225
f 340/430/210 335/425/227 336/466/227 342/446/210
f 361/467/91 362/468/91 363/469/91 364/470/91
f 362/471/228 365/472/229 366/473/230 363/474/228
f 367/475/231 368/476/232 369/477/232 370/478/233
f 371/479/234 372/480/235 373/481/236 374/482/237
f 374/482/238 373/481/239 366/483/230 375/484/240
f 376/485/241 377/486/242 378/487/243 379/488/244
f 376/485/245 379/488/246 380/489/247 381/490/248
f 382/491/249 383/492/250 384/493/251 385/494/252
f 385/494/253 384/493/254 386/495/255 387/496/253
f 388/497/256 389/498/257 390/499/258 391/500/259
f 392/501/260 393/502/261 394/503/262 395/504/263
f 393/502/264 396/505/265 397/506/266 394/503/267
f 398/507/268 388/497/269 391/500/270 399/508/271
f 377/486/242 376/485/241 389/498/257 388/497/256
f 382/491/245 393/502/261 392/501/260 381/490/248
f 393/502/264 382/491/249 385/494/252 396/505/265
f 377/486/272 388/497/269 398/507/268 387/509/272
f 400/510/273 391/500/259 390/499/258 401/511/274
f 401/511/275 390/499/262 395/504/263 402/512/276
f 394/503/267 397/506/266 403/513/277 404/514/278
f 403/513/279 397/506/280 399/515/271 405/516/281
f 406/517/282 400/510/273 401/511/274 407/518/283
f 407/518/284 401/511/275 402/512/276 408/519/285
f 404/514/278 403/513/277 409/520/286 410/521/287
f 409/520/288 403/513/279 405/516/281 411/522/289
f 412/523/290 367/475/291 379/488/244 378/487/243
f 370/478/233 371/479/292 383/492/293 380/489/247
f 383/492/250 371/479/234 374/482/237 384/493/251
f 375/524/240 412/523/294 378/487/295 386/525/255
f 369/477/296 368/476/296 361/467/296 364/470/296
f 413/526/297 373/481/236 372/480/235 414/527/298
f 366/483/230 373/481/239 413/526/228 363/528/228
f 366/473/230 365/472/229 412/523/294 375/524/240
f 377/486/253 387/509/253 386/525/255 378/487/295
f 392/501/260 395/504/263 390/499/262 389/498/299
f 392/501/260 389/498/299 376/485/245 381/490/248
f 399/508/271 391/500/270 400/510/300 405/529/281
f 405/529/281 400/510/300 406/517/301 411/530/289
f 369/477/232 372/480/232 371/479/292 370/478/233
f 382/491/245 381/490/248 380/489/247 383/492/293
f 398/531/268 399/515/271 397/506/280 396/505/269
f 398/531/268 396/505/269 385/494/272 387/496/272
f 395/504/263 394/503/262 404/514/302 402/512/276
f 402/512/276 404/514/302 410/521/303 408/519/285
f 411/522/304 408/519/305 410/521/287 409/520/286
f 364/470/91 363/469/91 413/532/91 414/527/91
f 370/478/233 380/489/247 379/488/246 367/475/231
f 375/484/240 386/495/255 384/493/254 374/482/238
f 369/477/296 364/470/296 414/527/296 372/480/296
f 407/518/283 408/519/306 411/530/307 406/517/282
f 365/472/308 368/476/309 367/475/291 412/523/290
f 362/471/310 361/467/311 368/476/309 365/472/308
f 415/533/91 416/534/91 417/535/91 418/536/91
f 421/537/91 420/538/91 423/539/91 424/540/91
f 425/541/312 426/542/313 427/543/314 428/544/315
f 424/540/91 423/539/91 416/534/91 415/533/91
f 436/545/57 434/546/57 428/544/57 427/543/57
f 426/542/57 425/541/57 435/547/57 438/548/57
f 416/534/91 429/549/91 431/550/91 417/535/91
f 418/536/91 436/551/91 427/552/91 415/533/91
f 421/553/316 438/548/316 435/547/317 419/554/318
f 420/538/91 437/555/91 430/556/91 423/539/91
f 424/540/91 426/557/91 438/558/91 421/537/91
f 429/549/91 416/534/91 423/539/91 430/556/91
f 424/540/91 415/533/91 427/552/91 426/557/91
f 422/559/319 434/560/319 436/561/320 418/562/320
f 439/563/321 440/564/322 441/565/323 442/566/324
f 443/567/325 444/568/326 445/569/327 446/570/328
f 443/571/329 441/565/329 440/564/330 444/572/330
f 442/573/331 441/574/332 443/567/332 446/570/333
f 447/575/334 448/576/335 449/577/336 450/578/336
f 449/579/337 448/580/338 451/581/339 452/582/340
f 453/583/341 452/582/342 451/581/343 454/584/344
f 455/585/345 456/586/346 457/587/347 458/588/348
f 459/589/346 460/590/346 461/591/346 462/592/346
f 463/593/349 445/569/327 444/568/326 464/594/350
f 454/584/344 451/581/343 465/595/351 466/596/352
f 444/572/330 440/564/330 465/595/353 464/597/354
f 458/588/348 457/587/347 467/598/355 468/599/356
f 447/575/334 463/593/357 464/594/358 448/576/335
f 466/596/359 465/595/360 440/564/322 439/563/321
f 448/580/338 464/597/354 465/595/353 451/581/339
f 460/590/346 468/599/356 467/598/355 461/591/346
f 469/600/361 470/601/362 439/563/321 442/566/324
f 469/602/27 442/573/331 446/570/333 471/603/27
f 471/603/363 446/570/328 445/569/327 472/604/364
f 472/604/364 445/569/327 463/593/349 473/605/365
f 470/601/362 474/606/366 466/596/359 439/563/321
f 470/601/362 469/600/361 462/592/361 461/591/367
f 471/603/27 459/589/27 462/607/27 469/602/27
f 459/589/368 471/603/363 472/604/364 460/590/369
f 473/605/365 468/599/365 460/590/369 472/604/364
f 475/608/370 458/588/371 468/599/372 473/605/373
f 476/609/25 455/585/25 458/588/371 475/608/370
f 456/586/27 477/610/27 478/611/374 457/587/375
f 478/611/374 474/606/376 467/598/376 457/587/375
f 474/606/366 470/601/362 461/591/367 467/598/366
f 476/612/377 475/613/378 478/614/379 477/615/380
f 474/616/381 478/614/379 475/613/378 473/617/382
f 474/616/383 473/617/384 463/618/385 466/619/384
f 466/620/386 463/621/387 447/622/348 454/623/388
f 454/623/388 447/622/348 450/624/345 453/625/346
f 479/626/389 480/627/390 481/628/391 482/629/392
f 483/630/323 484/631/393 485/632/394 486/633/395
f 482/629/330 481/628/396 483/634/396 486/635/330
f 480/636/331 484/631/331 483/630/332 481/637/332
f 487/638/397 450/578/336 449/577/336 488/639/398
f 489/640/399 488/641/400 449/579/337 452/582/340
f 453/583/341 490/642/401 489/640/402 452/582/342
f 455/585/345 491/643/403 492/644/404 456/586/346
f 493/645/346 494/646/346 495/647/346 496/648/346
f 497/649/405 498/650/406 486/633/395 485/632/394
f 499/651/407 489/640/402 490/642/401 500/652/408
f 499/651/409 482/629/330 486/635/330 498/653/410
f 501/654/411 492/644/404 491/643/403 502/655/412
f 487/638/397 488/639/398 498/650/413 497/649/414
f 482/629/392 499/651/415 500/652/416 479/626/389
f 488/641/400 489/640/399 499/651/409 498/653/410
f 496/648/346 495/647/346 501/654/411 502/655/412
f 503/656/417 480/627/390 479/626/389 504/657/418
f 484/631/331 480/636/331 503/658/27 505/659/27
f 485/632/394 484/631/393 505/659/419 506/660/420
f 506/660/420 507/661/421 497/649/405 485/632/394
f 504/657/418 479/626/389 500/652/416 508/662/422
f 494/646/417 503/656/417 504/657/418 495/647/423
f 493/645/424 496/648/425 506/660/420 505/659/419
f 507/661/421 506/660/420 496/648/425 502/655/421
f 509/663/426 507/661/427 502/655/428 491/643/429
f 476/609/25 509/663/426 491/643/429 455/585/25
f 456/586/27 492/644/430 510/664/431 477/610/27
f 501/654/432 508/662/432 510/664/431 492/644/430
f 495/647/423 504/657/418 508/662/422 501/654/422
f 476/612/377 477/615/380 510/665/433 509/666/434
f 508/667/435 507/668/436 509/666/434 510/665/433
f 497/669/437 507/668/437 508/667/437 500/670/438
f 487/671/439 497/669/440 500/670/441 490/672/404
f 450/624/345 487/671/439 490/672/404 453/625/346
f 493/645/27 505/659/27 503/658/27 494/673/27
f 511/674/442 512/675/443 513/676/444 514/677/445
f 515/678/446 516/679/447 517/680/448 518/681/5
f 511/682/449 514/683/449 519/684/449 520/685/449
f 521/686/25 522/687/25 523/688/25 524/689/25
f 521/686/25 524/689/25 525/690/25 526/691/25
f 524/692/450 523/693/451 527/694/452 528/695/453
f 529/696/454 530/697/455 512/698/456 520/685/457
f 512/698/456 511/682/458 520/685/457
f 529/696/454 520/685/457 531/699/459
f 532/700/57 514/677/445 513/676/444 533/701/460
f 515/678/446 518/681/5 534/702/5 535/703/461
f 514/683/462 532/704/463 536/705/463 519/684/462
f 537/706/464 529/707/465 531/708/466 538/709/467
f 539/710/468 540/711/469 541/712/470 542/713/471
f 543/714/472 544/715/473 545/716/57 546/717/57
f 547/718/474 548/719/5 549/720/5 550/721/475
f 546/722/476 545/723/477 551/724/477 552/725/476
f 553/726/478 554/727/479 539/710/468 542/713/471
f 545/716/57 544/715/473 555/728/480 556/729/57
f 557/730/481 550/721/475 549/720/5 558/731/5
f 545/723/477 556/732/482 559/733/482 551/724/477
f 560/734/483 561/735/484 562/736/485 563/737/486
f 564/738/57 565/739/487 566/740/488 567/741/57
f 568/742/489 569/743/490 570/744/5 571/745/5
f 564/746/491 567/747/492 572/748/492 573/749/491
f 574/750/493 575/751/494 560/734/483 563/737/486
f 566/740/488 576/752/495 577/753/57 567/741/57
f 571/745/5 578/754/5 579/755/496 568/742/489
f 567/747/492 577/756/497 580/757/497 572/748/492
f 581/758/498 582/759/499 583/760/500 584/761/501
f 585/762/502 586/763/503 587/764/57 588/765/57
f 589/766/504 590/767/5 591/768/5 592/769/505
f 588/770/506 587/771/507 593/772/507 594/773/506
f 595/774/508 596/775/509 581/758/498 584/761/501
f 587/764/57 586/763/503 597/776/510 598/777/57
f 599/778/511 592/769/505 591/768/5 600/779/5
f 587/771/507 598/780/512 601/781/512 593/772/507
f 527/694/452 602/782/513 603/783/514 528/695/453
f 604/784/515 521/785/516 526/786/57 605/787/57
f 606/788/517 607/789/5 608/790/5 609/791/518
f 605/792/519 526/691/520 525/690/520 610/793/519
f 546/717/57 532/700/57 533/701/460 543/714/472
f 535/703/461 534/702/5 548/719/5 547/718/474
f 532/704/463 546/722/476 552/725/476 536/705/463
f 540/711/469 537/706/464 538/709/467 541/712/470
f 556/729/57 555/728/480 565/739/487 564/738/57
f 569/743/490 557/730/481 558/731/5 570/744/5
f 556/732/482 564/746/521 573/749/521 559/733/482
f 561/735/484 554/727/479 553/726/478 562/736/485
f 588/765/57 577/753/57 576/752/495 585/762/502
f 579/755/496 578/754/5 590/767/5 589/766/504
f 577/756/497 588/770/506 594/773/506 580/757/497
f 582/759/499 575/751/494 574/750/493 583/760/500
f 597/776/510 604/784/515 605/787/57 598/777/57
f 599/778/511 600/779/5 607/789/5 606/788/517
f 598/780/512 605/792/519 610/793/519 601/781/512
f 602/782/513 596/775/509 595/774/508 603/783/514
f 519/684/449 518/794/449 517/795/449 520/685/449
f 609/796/25 608/797/25 525/690/25 611/798/25
f 525/690/25 524/689/25 611/798/25
f 609/796/25 611/798/25 612/799/25
f 524/692/450 528/695/453 613/800/522 611/801/523
f 516/802/524 614/803/525 615/804/526 531/699/459
f 516/802/524 531/699/459 520/685/457 517/795/527
f 536/705/463 534/805/463 518/794/462 519/684/462
f 531/708/466 615/806/528 616/807/529 538/709/467
f 541/712/470 617/808/530 618/809/531 542/713/471
f 551/724/477 549/810/477 548/811/476 552/725/476
f 553/726/478 542/713/471 618/809/531 619/812/532
f 559/733/482 558/813/482 549/810/477 551/724/477
f 562/736/485 620/814/533 621/815/534 563/737/486
f 572/748/492 571/816/492 570/817/491 573/749/491
f 574/750/493 563/737/486 621/815/534 622/818/535
f 580/757/497 578/819/497 571/816/492 572/748/492
f 583/760/500 623/820/536 624/821/537 584/761/501
f 593/772/507 591/822/507 590/823/506 594/773/506
f 595/774/508 584/761/501 624/821/537 625/824/538
f 601/781/512 600/825/512 591/822/507 593/772/507
f 603/783/514 626/826/539 613/800/522 528/695/453
f 525/690/520 608/797/520 607/827/519 610/793/519
f 552/725/476 548/811/476 534/805/463 536/705/463
f 538/709/467 616/807/529 617/808/530 541/712/470
f 573/749/521 570/817/521 558/813/482 559/733/482
f 553/726/478 619/812/532 620/814/533 562/736/485
f 594/773/506 590/823/506 578/819/497 580/757/497
f 574/750/493 622/818/535 623/820/536 583/760/500
f 610/793/519 607/827/519 600/825/512 601/781/512
f 595/774/508 625/824/538 626/826/539 603/783/514
f 512/675/443 530/828/540 627/829/541 513/676/444
f 609/791/518 612/830/542 628/831/543 606/788/517
f 629/832/544 614/833/545 516/679/447 515/678/446
f 630/834/546 522/835/547 521/785/516 604/784/515
f 513/676/444 627/829/541 631/836/548 533/701/460
f 547/718/474 632/837/549 633/838/550 535/703/461
f 543/714/472 634/839/551 635/840/552 544/715/473
f 636/841/553 632/837/549 547/718/474 550/721/475
f 544/715/473 635/840/552 637/842/554 555/728/480
f 569/743/490 638/843/555 639/844/556 557/730/481
f 565/739/487 640/845/557 641/846/558 566/740/488
f 642/847/559 638/843/555 569/743/490 568/742/489
f 566/740/488 641/846/558 643/848/560 576/752/495
f 589/766/504 644/849/561 645/850/562 579/755/496
f 646/851/563 647/852/564 586/763/503 585/762/502
f 648/853/565 644/849/561 589/766/504 592/769/505
f 647/852/564 649/854/566 597/776/510 586/763/503
f 606/788/517 628/831/543 650/855/567 599/778/511
f 631/836/548 634/839/551 543/714/472 533/701/460
f 633/838/550 629/832/544 515/678/446 535/703/461
f 637/842/554 640/845/557 565/739/487 555/728/480
f 639/844/556 636/841/553 550/721/475 557/730/481
f 645/850/562 642/847/559 568/742/489 579/755/496
f 643/848/560 646/851/563 585/762/502 576/752/495
f 649/854/566 630/834/546 604/784/515 597/776/510
f 599/778/511 650/855/567 648/853/565 592/769/505
f 530/828/540 529/707/465 537/706/464 627/829/541
f 611/801/523 613/800/522 628/831/543 612/830/542
f 616/807/529 615/806/528 614/833/545 629/832/544
f 630/834/546 527/694/452 523/693/451 522/835/547
f 627/829/541 537/706/464 540/711/469 631/836/548
f 632/837/549 618/809/531 617/808/530 633/838/550
f 634/839/551 539/710/468 554/727/479 635/840/552
f 619/812/532 618/809/531 632/837/549 636/841/553
f 635/840/552 554/727/479 561/735/484 637/842/554
f 638/843/555 621/815/534 620/814/533 639/844/556
f 640/845/557 560/734/483 575/751/494 641/846/558
f 622/818/535 621/815/534 638/843/555 642/847/559
f 641/846/558 575/751/494 582/759/499 643/848/560
f 644/849/561 624/821/537 623/820/536 645/850/562
f 646/851/563 581/758/498 596/775/509 647/852/564
f 625/824/538 624/821/537 644/849/561 648/853/565
f 596/775/509 602/782/513 649/854/566 647/852/564
f 628/831/543 613/800/522 626/826/539 650/855/567
f 540/711/469 539/710/468 634/839/551 631/836/548
f 617/808/530 616/807/529 629/832/544 633/838/550
f 561/735/484 560/734/483 640/845/557 637/842/554
f 620/814/533 619/812/532 636/841/553 639/844/556
f 623/820/536 622/818/535 642/847/559 645/850/562
f 582/759/499 581/758/498 646/851/563 643/848/560
f 602/782/513 527/694/452 630/834/546 649/854/566
f 626/826/539 625/824/538 648/853/565 650/855/567
f 651/856/568 652/857/569 653/858/570 654/859/571
f 655/860/572 652/857/569 651/856/568 656/861/573
f 657/862/574 658/863/575 659/864/576 660/865/577
f 658/863/575 657/862/574 661/866/578 662/867/579
f 654/859/571 653/858/570 663/868/580 664/869/581
f 663/868/580 653/858/570 665/870/582 666/871/583
f 667/872/584 664/869/581 663/868/580 668/873/585
f 669/874/586 670/875/587 671/876/588 672/877/589
f 671/876/588 670/875/587 673/878/590 674/879/591
f 675/880/592 672/877/589 671/876/588 676/881/593
f 677/882/594 678/883/595 679/884/596 680/885/597
f 681/886/598 682/887/599 678/883/595 677/882/594
f 683/888/600 678/883/595 682/887/599 684/889/91
f 685/890/601 679/884/596 678/883/595 683/888/600
f 686/891/602 687/892/603 688/893/604 689/894/605
f 656/861/573 690/895/606 688/893/604 687/892/603
f 691/896/27 692/897/607 688/893/604 690/895/606
f 692/897/607 693/898/608 689/894/605 688/893/604
f 694/899/609 695/900/610 652/901/569 655/902/572
f 696/903/611 697/904/612 698/905/613 699/906/614
f 700/907/615 701/908/579 699/906/614 698/905/613
f 674/879/591 702/909/25 676/881/593 671/876/588
f 654/859/571 664/869/581 703/910/616 651/856/568
f 704/911/617 703/910/616 664/869/581 667/872/584
f 690/895/606 703/910/616 704/911/617 691/896/27
f 703/910/616 690/895/606 656/861/573 651/856/568
f 656/861/573 687/892/603 705/912/618 655/860/572
f 686/891/602 706/913/619 705/912/618 687/892/603
f 706/914/619 707/915/598 708/916/620 705/917/618
f 697/904/612 709/918/621 710/919/622 698/905/613
f 711/920/623 712/921/624 710/919/622 709/918/621
f 713/922/625 710/919/622 712/921/624 714/923/626
f 700/907/615 698/905/613 710/919/622 713/922/625
f 673/878/590 715/924/627 716/925/628 674/879/591
f 680/885/597 679/884/596 716/925/628 715/924/627
f 717/926/629 716/925/628 679/884/596 685/890/601
f 702/909/25 674/879/591 716/925/628 717/926/629
f 665/870/582 653/858/570 652/857/569 695/927/610
f 718/928/115 668/873/585 663/868/580 666/871/583
f 706/913/619 686/891/602 689/894/605 719/929/630
f 693/898/608 720/930/631 719/929/630 689/894/605
f 719/931/630 720/932/631 721/933/91 722/934/599
f 659/864/576 658/863/575 723/935/632 724/936/633
f 694/899/609 655/902/572 705/917/618 708/916/620
f 725/937/634 726/938/635 727/939/636 728/940/637
f 724/936/633 723/935/632 727/939/636 726/938/635
f 727/941/636 723/942/632 729/943/615 730/944/625
f 722/934/599 707/915/598 706/914/619 719/931/630
f 729/943/615 723/942/632 658/945/575 662/946/579
f 731/947/626 728/948/637 727/941/636 730/944/625
f 732/949/582 733/950/638 734/951/638 735/952/639
f 665/870/582 695/927/610 733/950/638 732/949/582
f 736/953/578 737/954/579 662/867/579 661/866/578
f 738/955/578 701/956/579 737/954/579 736/953/578
f 732/949/582 739/957/583 666/871/583 665/870/582
f 735/952/639 740/958/583 739/957/583 732/949/582
f 741/959/115 739/957/583 740/958/583 742/960/115
f 718/928/115 666/871/583 739/957/583 741/959/115
f 694/899/609 743/961/609 733/962/638 695/900/610
f 733/962/638 743/961/609 744/963/609 734/964/638
f 745/965/598 746/966/620 708/916/620 707/915/598
f 681/886/598 747/967/620 746/966/620 745/965/598
f 743/961/609 746/966/620 747/967/620 744/963/609
f 694/899/609 708/916/620 746/966/620 743/961/609
f 745/965/598 748/968/599 682/887/599 681/886/598
f 707/915/598 722/934/599 748/968/599 745/965/598
f 749/969/91 748/968/599 722/934/599 721/933/91
f 684/889/91 682/887/599 748/968/599 749/969/91
f 700/907/615 750/970/615 737/971/579 701/908/579
f 737/971/579 750/970/615 729/943/615 662/946/579
f 751/972/626 752/973/625 713/922/625 714/923/626
f 731/947/626 730/944/625 752/973/625 751/972/626
f 750/970/615 752/973/625 730/944/625 729/943/615
f 700/907/615 713/922/625 752/973/625 750/970/615
f 753/974/640 754/975/641 670/875/587 669/874/586
f 735/952/639 734/951/638 754/975/641 753/974/640
f 755/976/642 699/906/614 701/956/579 738/955/578
f 755/976/642 756/977/643 696/903/611 699/906/614
f 753/974/640 757/978/644 740/958/583 735/952/639
f 669/874/586 672/877/589 757/978/644 753/974/640
f 758/979/645 757/978/644 672/877/589 675/880/592
f 742/960/115 740/958/583 757/978/644 758/979/645
f 744/963/609 759/980/646 754/975/641 734/964/638
f 670/875/587 754/975/641 759/980/646 673/878/590
f 677/882/594 760/981/647 747/967/620 681/886/598
f 680/885/597 715/924/627 760/981/647 677/882/594
f 673/878/590 759/980/646 760/981/647 715/924/627
f 744/963/609 747/967/620 760/981/647 759/980/646
f 660/865/577 761/982/648 762/983/649 657/862/574
f 667/872/584 668/873/585 762/983/649 761/982/648
f 756/977/643 763/984/650 764/985/651 696/903/611
f 675/880/592 676/881/593 764/985/651 763/984/650
f 765/986/652 766/987/653 683/888/600 684/889/91
f 714/923/626 712/921/624 766/987/653 765/986/652
f 767/988/654 766/987/653 712/921/624 711/920/623
f 685/890/601 683/888/600 766/987/653 767/988/654
f 768/989/655 769/990/656 692/897/607 691/896/27
f 768/989/655 724/936/633 726/938/635 769/990/656
f 725/937/634 770/991/657 769/990/656 726/938/635
f 693/898/608 692/897/607 769/990/656 770/991/657
f 676/881/593 702/909/25 771/992/658 764/985/651
f 764/985/651 771/992/658 697/904/612 696/903/611
f 761/982/648 772/993/659 704/911/617 667/872/584
f 660/865/577 659/864/576 772/993/659 761/982/648
f 724/936/633 768/989/655 772/993/659 659/864/576
f 704/911/617 772/993/659 768/989/655 691/896/27
f 767/988/654 773/994/660 717/926/629 685/890/601
f 711/920/623 709/918/621 773/994/660 767/988/654
f 697/904/612 771/992/658 773/994/660 709/918/621
f 702/909/25 717/926/629 773/994/660 771/992/658
f 718/928/115 774/995/661 762/983/649 668/873/585
f 762/983/649 774/995/661 661/866/578 657/862/574
f 693/898/608 770/991/657 775/996/662 720/930/631
f 770/991/657 725/937/634 728/940/637 775/996/662
f 731/947/626 776/997/652 775/998/662 728/948/637
f 775/998/662 776/997/652 721/933/91 720/932/631
f 777/999/661 778/1000/661 741/959/115 742/960/115
f 738/955/578 736/953/578 778/1000/661 777/999/661
f 774/995/661 778/1000/661 736/953/578 661/866/578
f 718/928/115 741/959/115 778/1000/661 774/995/661
f 776/997/652 779/1001/652 749/969/91 721/933/91
f 731/947/626 751/972/626 779/1001/652 776/997/652
f 765/986/652 779/1001/652 751/972/626 714/923/626
f 684/889/91 749/969/91 779/1001/652 765/986/652
f 763/984/650 780/1002/663 758/979/645 675/880/592
f 756/977/643 755/976/642 780/1002/663 763/984/650
f 777/999/661 780/1002/663 755/976/642 738/955/578
f 742/960/115 758/979/645 780/1002/663 777/999/661
f 781/1003/664 782/1004/665 783/1005/666 784/1006/667
f 785/1007/668 786/1008/669 787/1009/670 788/1010/671
f 787/1009/670 786/1008/669 789/1011/672 790/1012/673
f 791/1013/674 782/1004/665 792/1014/675 793/1015/676
f 794/1016/677 795/1017/678 796/1018/679 791/1013/674
f 797/1019/680 798/1020/681 799/1021/682 800/1022/683
f 801/1023/684 802/1024/685 803/1025/686 804/1026/687
f 805/1027/688 806/1028/689 802/1024/685 801/1023/684
f 807/1029/690 802/1024/685 806/1028/689 808/1030/691
f 809/1031/692 803/1025/686 802/1024/685 807/1029/690
f 810/1032/693 811/1033/694 812/1034/695 813/1035/696
f 811/1033/694 814/1036/697 815/1037/698 812/1034/695
f 816/1038/25 817/1039/699 812/1034/695 815/1037/698
f 817/1039/699 818/1040/700 813/1035/696 812/1034/695
f 819/1041/701 820/1042/702 781/1043/664 784/1044/667
f 821/1045/703 822/1046/673 823/1047/704 824/1048/705
f 825/1049/706 826/1050/707 799/1021/682 798/1020/681
f 796/1018/679 783/1005/666 782/1004/665 791/1013/674
f 783/1005/666 827/1051/708 828/1052/709 784/1006/667
f 827/1051/708 814/1036/697 829/1053/710 828/1052/709
f 830/1054/711 831/1055/712 832/1056/713 824/1048/705
f 831/1055/712 833/1057/714 834/1058/715 832/1056/713
f 835/1059/716 832/1056/713 834/1058/715 836/1060/717
f 821/1045/703 824/1048/705 832/1056/713 835/1059/716
f 837/1061/718 838/1062/719 798/1020/681 797/1019/680
f 839/1063/720 840/1064/721 838/1062/719 837/1061/718
f 841/1065/27 838/1062/719 840/1064/721 842/1066/27
f 825/1049/706 798/1020/681 838/1062/719 841/1065/27
f 792/1014/675 782/1004/665 781/1003/664 820/1067/702
f 843/1068/115 794/1016/677 791/1013/674 793/1015/676
f 844/1069/722 810/1032/693 813/1035/696 845/1070/723
f 818/1040/700 846/1071/724 845/1070/723 813/1035/696
f 845/1072/723 846/1073/724 847/1074/725 848/1075/726
f 849/1076/727 844/1077/722 850/1078/728 851/1079/729
f 851/1079/729 852/1080/730 829/1081/710 849/1076/727
f 853/1082/731 854/1083/732 855/1084/733 856/1085/734
f 857/1086/735 858/1087/736 856/1085/734 855/1084/733
f 859/1088/737 856/1089/734 858/1090/736 860/1091/738
f 848/1075/726 850/1078/728 844/1077/722 845/1072/723
f 861/1092/739 788/1093/671 787/1094/670 790/1095/673
f 862/1096/740 853/1097/731 856/1089/734 859/1088/737
f 863/1098/675 864/1099/741 865/1100/741 866/1101/675
f 792/1014/675 820/1067/702 864/1099/741 863/1098/675
f 867/1102/672 868/1103/673 790/1012/673 789/1011/672
f 869/1104/672 822/1105/673 868/1103/673 867/1102/672
f 863/1098/675 870/1106/676 793/1015/676 792/1014/675
f 866/1101/675 871/1107/676 870/1106/676 863/1098/675
f 872/1108/115 870/1106/676 871/1107/676 873/1109/115
f 843/1068/115 793/1015/676 870/1106/676 872/1108/115
f 819/1041/701 874/1110/742 864/1111/741 820/1042/702
f 864/1111/741 874/1110/742 875/1112/743 865/1113/741
f 850/1078/728 876/1114/744 877/1115/745 851/1079/729
f 805/1027/688 878/1116/746 877/1115/745 876/1114/744
f 879/1117/747 877/1115/745 878/1116/746 880/1118/748
f 852/1080/730 851/1079/729 877/1115/745 879/1117/747
f 876/1114/744 881/1119/749 806/1028/689 805/1027/688
f 850/1078/728 848/1075/726 881/1119/749 876/1114/744
f 882/1120/750 881/1119/749 848/1075/726 847/1074/725
f 808/1030/691 806/1028/689 881/1119/749 882/1120/750
f 821/1045/703 883/1121/751 868/1122/673 822/1046/673
f 868/1122/673 883/1121/751 861/1092/739 790/1095/673
f 884/1123/752 885/1124/753 886/1125/754 887/1126/755
f 862/1096/740 859/1088/737 886/1125/754 885/1124/753
f 860/1091/738 888/1127/756 886/1125/754 859/1088/737
f 888/1127/756 836/1060/717 887/1126/755 886/1125/754
f 866/1101/675 865/1100/741 889/1128/757 800/1022/683
f 890/1129/758 823/1047/704 822/1105/673 869/1104/672
f 823/1047/704 890/1129/758 830/1054/711 824/1048/705
f 800/1022/683 799/1021/682 871/1107/676 866/1101/675
f 873/1109/115 871/1107/676 799/1021/682 826/1050/707
f 875/1112/743 891/1130/759 889/1128/757 865/1113/741
f 889/1128/757 891/1130/759 797/1019/680 800/1022/683
f 801/1023/684 892/1131/760 878/1116/746 805/1027/688
f 801/1023/684 804/1026/687 893/1132/761 892/1131/760
f 839/1063/720 894/1133/762 892/1131/760 893/1132/761
f 880/1118/748 878/1116/746 892/1131/760 894/1133/762
f 786/1008/669 785/1007/668 895/1134/763 896/1135/764
f 896/1135/764 895/1134/763 795/1017/678 794/1016/677
f 897/1136/765 898/1137/766 807/1029/690 808/1030/691
f 884/1123/752 899/1138/767 898/1137/766 897/1136/765
f 900/1139/768 898/1137/766 899/1138/767 901/1140/769
f 809/1031/692 807/1029/690 898/1137/766 900/1139/768
f 795/1017/678 895/1134/763 902/1141/770 903/1142/25
f 895/1134/763 785/1007/668 904/1143/771 902/1141/770
f 857/1086/735 905/1144/772 902/1141/770 904/1143/771
f 905/1144/772 816/1038/25 903/1142/25 902/1141/770
f 825/1049/706 906/1145/773 907/1146/774 826/1050/707
f 906/1145/773 830/1054/711 890/1129/758 907/1146/774
f 900/1139/768 908/1147/775 909/1148/776 809/1031/692
f 901/1140/769 910/1149/777 908/1147/775 900/1139/768
f 911/1150/778 908/1147/775 910/1149/777 833/1057/714
f 842/1066/27 909/1148/776 908/1147/775 911/1150/778
f 843/1068/115 912/1151/779 896/1135/764 794/1016/677
f 896/1135/764 912/1151/779 789/1011/672 786/1008/669
f 818/1040/700 913/1152/780 914/1153/781 846/1071/724
f 913/1152/780 854/1083/732 853/1082/731 914/1153/781
f 853/1097/731 862/1096/740 915/1154/782 914/1155/781
f 914/1155/781 915/1154/782 847/1074/725 846/1073/724
f 916/1156/779 917/1157/779 872/1108/115 873/1109/115
f 869/1104/672 867/1102/672 917/1157/779 916/1156/779
f 912/1151/779 917/1157/779 867/1102/672 789/1011/672
f 843/1068/115 872/1108/115 917/1157/779 912/1151/779
f 915/1154/782 918/1158/783 882/1120/750 847/1074/725
f 862/1096/740 885/1124/753 918/1158/783 915/1154/782
f 897/1136/765 918/1158/783 885/1124/753 884/1123/752
f 808/1030/691 882/1120/750 918/1158/783 897/1136/765
f 916/1156/779 907/1146/774 890/1129/758 869/1104/672
f 873/1109/115 826/1050/707 907/1146/774 916/1156/779
f 814/1036/697 827/1051/708 919/1159/784 815/1037/698
f 827/1051/708 783/1005/666 796/1018/679 919/1159/784
f 795/1017/678 903/1142/25 919/1159/784 796/1018/679
f 903/1142/25 816/1038/25 815/1037/698 919/1159/784
f 814/1036/697 811/1033/694 849/1160/727 829/1053/710
f 811/1033/694 810/1032/693 844/1069/722 849/1160/727
f 833/1057/714 910/1149/777 920/1161/785 834/1058/715
f 910/1149/777 901/1140/769 899/1138/767 920/1161/785
f 887/1126/755 920/1161/785 899/1138/767 884/1123/752
f 836/1060/717 834/1058/715 920/1161/785 887/1126/755
f 893/1132/761 921/1162/786 840/1064/721 839/1063/720
f 804/1026/687 803/1025/686 921/1162/786 893/1132/761
f 909/1148/776 921/1162/786 803/1025/686 809/1031/692
f 842/1066/27 840/1064/721 921/1162/786 909/1148/776
f 852/1080/730 922/1163/787 828/1164/709 829/1081/710
f 828/1164/709 922/1163/787 819/1041/701 784/1044/667
f 904/1143/771 923/1165/788 858/1087/736 857/1086/735
f 785/1007/668 788/1010/671 923/1165/788 904/1143/771
f 861/1092/739 924/1166/789 923/1167/788 788/1093/671
f 923/1167/788 924/1166/789 860/1091/738 858/1090/736
f 880/1118/748 925/1168/790 926/1169/791 879/1117/747
f 875/1112/743 874/1110/742 926/1169/791 925/1168/790
f 922/1163/787 926/1169/791 874/1110/742 819/1041/701
f 922/1163/787 852/1080/730 879/1117/747 926/1169/791
f 924/1166/789 927/1170/792 888/1127/756 860/1091/738
f 861/1092/739 883/1121/751 927/1170/792 924/1166/789
f 835/1059/716 927/1170/792 883/1121/751 821/1045/703
f 836/1060/717 888/1127/756 927/1170/792 835/1059/716
f 837/1061/718 928/1171/793 894/1133/762 839/1063/720
f 797/1019/680 891/1130/759 928/1171/793 837/1061/718
f 925/1168/790 928/1171/793 891/1130/759 875/1112/743
f 925/1168/790 880/1118/748 894/1133/762 928/1171/793
f 855/1084/733 929/1172/794 905/1144/772 857/1086/735
f 854/1083/732 913/1152/780 929/1172/794 855/1084/733
f 817/1039/699 929/1172/794 913/1152/780 818/1040/700
f 816/1038/25 905/1144/772 929/1172/794 817/1039/699
f 833/1057/714 831/1055/712 930/1173/795 911/1150/778
f 831/1055/712 830/1054/711 906/1145/773 930/1173/795
f 825/1049/706 841/1065/27 930/1173/795 906/1145/773
f 841/1065/27 842/1066/27 911/1150/778 930/1173/795
f 931/1174/796 932/1175/797 933/1176/798 934/1177/799
f 934/1177/799 933/1176/798 935/1178/800 936/1179/801
f 937/1180/802 938/1181/803 939/1182/804 940/1183/805
f 941/1184/806 942/1185/807 932/1175/797 931/1174/796
f 943/1186/808 944/1187/809 942/1185/807 941/1184/806
f 945/1188/810 946/1189/811 947/1190/812 948/1191/813
f 949/1192/814 947/1190/812 946/1189/811 950/1193/815
f 951/1194/816 948/1191/813 947/1190/812 952/1195/817
f 953/1196/818 954/1197/819 955/1198/820 956/1199/821
f 957/1200/822 958/1201/823 954/1197/819 953/1196/818
f 959/1202/824 954/1197/819 958/1201/823 960/1203/825
f 961/1204/826 955/1198/820 954/1197/819 959/1202/824
f 962/1205/827 963/1206/828 964/1207/829 965/1208/830
f 963/1206/828 966/1209/831 967/1210/832 964/1207/829
f 968/1211/27 969/1212/833 964/1207/829 967/1210/832
f 969/1212/833 970/1213/834 965/1208/830 964/1207/829
f 971/1214/835 972/1215/836 973/1216/837 974/1217/838
f 975/1218/839 976/1219/840 973/1216/837 972/1215/836
f 977/1220/25 952/1195/817 947/1190/812 949/1192/814
f 932/1175/797 942/1185/807 978/1221/841 933/1176/798
f 979/1222/842 978/1221/841 942/1185/807 944/1187/809
f 978/1221/841 979/1222/842 980/1223/27 981/1224/655
f 981/1224/655 935/1178/800 933/1176/798 978/1221/841
f 936/1179/801 935/1178/800 982/1225/843 983/1226/844
f 984/1227/845 983/1226/844 982/1225/843 966/1209/831
f 985/1228/846 986/1229/847 972/1215/836 971/1214/835
f 985/1228/846 987/1230/848 988/1231/849 986/1229/847
f 989/1232/850 986/1229/847 988/1231/849 990/1233/851
f 975/1218/839 972/1215/836 986/1229/847 989/1232/850
f 991/1234/852 992/1235/853 949/1192/814 950/1193/815
f 993/1236/854 994/1237/855 992/1235/853 991/1234/852
f 995/1238/25 992/1235/853 994/1237/855 996/1239/25
f 977/1220/25 949/1192/814 992/1235/853 995/1238/25
f 997/1240/856 931/1174/796 934/1177/799 998/1241/857
f 940/1183/805 939/1182/804 999/1242/858 1000/1243/840
f 941/1184/806 931/1174/796 997/1240/856 1001/1244/859
f 1002/1245/91 943/1186/808 941/1184/806 1001/1244/859
f 965/1208/830 1003/1246/860 1004/1247/861 962/1205/827
f 970/1213/834 1005/1248/862 1003/1246/860 965/1208/830
f 936/1249/801 1006/1250/863 998/1251/857 934/1252/799
f 940/1183/805 1007/1253/864 1008/1254/865 937/1180/802
f 1009/1255/866 1004/1256/861 1010/1257/867 1011/1258/868
f 1012/1259/869 984/1260/845 1009/1255/866 1011/1258/868
f 1013/1261/870 1014/1262/871 1015/1263/872 1016/1264/873
f 1017/1265/874 1018/1266/875 1014/1262/871 1013/1261/870
f 1019/1267/876 1010/1257/867 1004/1256/861 1003/1268/860
f 1005/1269/862 1020/1270/115 1019/1267/876 1003/1268/860
f 1021/1271/839 1007/1272/864 940/1273/805 1000/1274/840
f 1022/1275/877 1023/1276/878 1015/1277/872 1014/1278/871
f 1018/1279/875 1024/1280/851 1022/1275/877 1014/1278/871
f 1025/1281/856 1026/1282/857 1027/1283/857 1028/1284/856
f 997/1240/856 998/1241/857 1026/1282/857 1025/1281/856
f 1029/1285/858 1030/1286/840 1000/1243/840 999/1242/858
f 1031/1287/858 976/1288/840 1030/1286/840 1029/1285/858
f 1025/1281/856 1032/1289/859 1001/1244/859 997/1240/856
f 1028/1284/856 1033/1290/859 1032/1289/859 1025/1281/856
f 1034/1291/91 1032/1289/859 1033/1290/859 1035/1292/91
f 1002/1245/91 1001/1244/859 1032/1289/859 1034/1291/91
f 1006/1250/863 1036/1293/863 1026/1294/857 998/1251/857
f 1026/1294/857 1036/1293/863 1037/1295/863 1027/1296/857
f 1038/1297/879 1039/1298/868 1011/1258/868 1010/1257/867
f 957/1200/822 1040/1299/880 1039/1298/868 1038/1297/879
f 1041/1300/869 1039/1298/868 1040/1299/880 1042/1301/869
f 1012/1259/869 1011/1258/868 1039/1298/868 1041/1300/869
f 1038/1297/879 1043/1302/881 958/1201/823 957/1200/822
f 1010/1257/867 1019/1267/876 1043/1302/881 1038/1297/879
f 1044/1303/882 1043/1302/881 1019/1267/876 1020/1270/115
f 960/1203/825 958/1201/823 1043/1302/881 1044/1303/882
f 975/1218/839 1045/1304/839 1030/1305/840 976/1219/840
f 1030/1305/840 1045/1304/839 1021/1271/839 1000/1274/840
f 1046/1306/883 1047/1307/884 1048/1308/885 1049/1309/886
f 1023/1276/878 1022/1275/877 1047/1307/884 1046/1306/883
f 1050/1310/851 1047/1307/884 1022/1275/877 1024/1280/851
f 990/1233/851 1048/1308/885 1047/1307/884 1050/1310/851
f 1051/1311/887 1052/1312/888 946/1189/811 945/1188/810
f 1028/1284/856 1027/1283/857 1052/1312/888 1051/1311/887
f 1053/1313/889 973/1216/837 976/1288/840 1031/1287/858
f 1053/1313/889 1054/1314/890 974/1217/838 973/1216/837
f 1051/1311/887 1055/1315/891 1033/1290/859 1028/1284/856
f 945/1188/810 948/1191/813 1055/1315/891 1051/1311/887
f 1056/1316/892 1055/1315/891 948/1191/813 951/1194/816
f 1035/1292/91 1033/1290/859 1055/1315/891 1056/1316/892
f 1037/1295/863 1057/1317/893 1052/1312/888 1027/1296/857
f 1052/1312/888 1057/1317/893 950/1193/815 946/1189/811
f 953/1196/818 1058/1318/894 1040/1299/880 957/1200/822
f 953/1196/818 956/1199/821 1059/1319/895 1058/1318/894
f 993/1236/854 1060/1320/896 1058/1318/894 1059/1319/895
f 1042/1301/869 1040/1299/880 1058/1318/894 1060/1320/896
f 944/1187/809 943/1186/808 1061/1321/897 1062/1322/898
f 1061/1321/897 939/1182/804 938/1181/803 1062/1322/898
f 1054/1314/890 1063/1323/899 1064/1324/900 974/1217/838
f 951/1194/816 952/1195/817 1064/1324/900 1063/1323/899
f 1065/1325/901 1066/1326/902 959/1202/824 960/1203/825
f 1049/1309/886 1067/1327/903 1066/1326/902 1065/1325/901
f 1068/1328/904 1066/1326/902 1067/1327/903 1069/1329/905
f 961/1204/826 959/1202/824 1066/1326/902 1068/1328/904
f 980/1223/27 1070/1330/606 1071/1331/606 1072/1332/27
f 1070/1330/606 1008/1254/865 1073/1333/906 1071/1331/606
f 1017/1265/874 1074/1334/907 1071/1331/606 1073/1333/906
f 1074/1334/907 968/1211/27 1072/1332/27 1071/1331/606
f 977/1220/25 1075/1335/908 1064/1324/900 952/1195/817
f 974/1217/838 1064/1324/900 1075/1335/908 971/1214/835
f 1062/1322/898 1076/1336/909 979/1222/842 944/1187/809
f 938/1181/803 937/1180/802 1076/1336/909 1062/1322/898
f 937/1180/802 1008/1254/865 1070/1330/606 1076/1336/909
f 1076/1336/909 1070/1330/606 980/1223/27 979/1222/842
f 1068/1328/904 1077/1337/910 1078/1338/911 961/1204/826
f 1069/1329/905 1079/1339/912 1077/1337/910 1068/1328/904
f 1080/1340/913 1077/1337/910 1079/1339/912 987/1230/848
f 996/1239/25 1078/1338/911 1077/1337/910 1080/1340/913
f 943/1186/808 1002/1245/91 1081/1341/914 1061/1321/897
f 1081/1341/914 999/1242/858 939/1182/804 1061/1321/897
f 1082/1342/915 1005/1248/862 970/1213/834 1083/1343/916
f 1083/1343/916 1016/1264/873 1015/1263/872 1082/1342/915
f 1020/1270/115 1005/1269/862 1082/1344/915 1084/1345/917
f 1082/1344/915 1015/1277/872 1023/1276/878 1084/1345/917
f 1085/1346/914 1086/1347/914 1034/1291/91 1035/1292/91
f 1031/1287/858 1029/1285/858 1086/1347/914 1085/1346/914
f 1081/1341/914 1086/1347/914 1029/1285/858 999/1242/858
f 1002/1245/91 1034/1291/91 1086/1347/914 1081/1341/914
f 1084/1345/917 1087/1348/918 1044/1303/882 1020/1270/115
f 1023/1276/878 1046/1306/883 1087/1348/918 1084/1345/917
f 1065/1325/901 1087/1348/918 1046/1306/883 1049/1309/886
f 960/1203/825 1044/1303/882 1087/1348/918 1065/1325/901
f 1063/1323/899 1088/1349/919 1056/1316/892 951/1194/816
f 1054/1314/890 1053/1313/889 1088/1349/919 1063/1323/899
f 1085/1346/914 1088/1349/919 1053/1313/889 1031/1287/858
f 1035/1292/91 1056/1316/892 1088/1349/919 1085/1346/914
f 966/1209/831 982/1225/843 1089/1350/655 967/1210/832
f 982/1225/843 935/1178/800 981/1224/655 1089/1350/655
f 980/1223/27 1072/1332/27 1089/1350/655 981/1224/655
f 1072/1332/27 968/1211/27 967/1210/832 1089/1350/655
f 1009/1351/866 984/1227/845 966/1209/831 963/1206/828
f 963/1206/828 962/1205/827 1004/1247/861 1009/1351/866
f 987/1230/848 1079/1339/912 1090/1352/920 988/1231/849
f 1079/1339/912 1069/1329/905 1067/1327/903 1090/1352/920
f 1048/1308/885 1090/1352/920 1067/1327/903 1049/1309/886
f 990/1233/851 988/1231/849 1090/1352/920 1048/1308/885
f 1059/1319/895 1091/1353/921 994/1237/855 993/1236/854
f 956/1199/821 955/1198/820 1091/1353/921 1059/1319/895
f 1078/1338/911 1091/1353/921 955/1198/820 961/1204/826
f 996/1239/25 994/1237/855 1091/1353/921 1078/1338/911
f 984/1260/845 1012/1259/869 1092/1354/922 983/1355/844
f 1092/1354/922 1006/1250/863 936/1249/801 983/1355/844
f 1018/1266/875 1017/1265/874 1073/1333/906 1093/1356/923
f 1073/1333/906 1008/1254/865 1007/1253/864 1093/1356/923
f 1024/1280/851 1018/1279/875 1093/1357/923 1094/1358/850
f 1093/1357/923 1007/1272/864 1021/1271/839 1094/1358/850
f 1095/1359/922 1096/1360/922 1041/1300/869 1042/1301/869
f 1037/1295/863 1036/1293/863 1096/1360/922 1095/1359/922
f 1092/1354/922 1096/1360/922 1036/1293/863 1006/1250/863
f 1012/1259/869 1041/1300/869 1096/1360/922 1092/1354/922
f 1094/1358/850 1097/1361/850 1050/1310/851 1024/1280/851
f 1021/1271/839 1045/1304/839 1097/1361/850 1094/1358/850
f 989/1232/850 1097/1361/850 1045/1304/839 975/1218/839
f 990/1233/851 1050/1310/851 1097/1361/850 989/1232/850
f 991/1234/852 1098/1362/924 1060/1320/896 993/1236/854
f 950/1193/815 1057/1317/893 1098/1362/924 991/1234/852
f 1095/1359/922 1098/1362/924 1057/1317/893 1037/1295/863
f 1042/1301/869 1060/1320/896 1098/1362/924 1095/1359/922
f 1013/1261/870 1099/1363/925 1074/1334/907 1017/1265/874
f 1016/1264/873 1083/1343/916 1099/1363/925 1013/1261/870
f 969/1212/833 1099/1363/925 1083/1343/916 970/1213/834
f 968/1211/27 1074/1334/907 1099/1363/925 969/1212/833
f 987/1230/848 985/1228/846 1100/1364/926 1080/1340/913
f 985/1228/846 971/1214/835 1075/1335/908 1100/1364/926
f 977/1220/25 995/1238/25 1100/1364/926 1075/1335/908
f 995/1238/25 996/1239/25 1080/1340/913 1100/1364/926
f 1101/1365/57 1102/1366/57 1103/1367/57 1104/1368/57
f 1105/1369/5 1106/1370/5 1107/1371/5 1108/1372/5
f 1109/1373/927 1110/1374/927 1111/1375/927 1112/1376/927
f 1113/1377/25 1114/1378/25 1115/1379/25 1116/1380/25
f 1117/1381/91 1118/1382/928 1119/1383/91 1120/1384/91
f 1109/1373/27 1112/1376/27 1121/1385/27 1122/1386/27
f 1123/1387/115 1124/1388/115 1125/1389/115 1126/1390/115
f 1117/1381/91 1122/1386/91 1121/1385/91 1118/1382/928
f 1127/1391/57 1104/1368/57 1128/1392/57 1129/1393/57
f 1116/1380/25 1115/1379/25 1124/1388/25 1123/1387/25
f 1130/1394/5 1131/1395/5 1132/1396/5 1133/1397/5
f 1111/1375/27 1110/1374/27 1134/1398/27 1135/1399/27
f 1136/1400/929 1137/1401/930 1138/1402/91 1139/1403/91
f 1140/1404/91 1141/1405/91 1142/1406/91 1143/1407/91
f 1137/1401/5 1105/1408/5 1144/1409/5 1138/1402/5
f 1139/1410/931 1145/1411/931 1114/1412/931 1119/1413/931
f 1146/1414/57 1147/1415/57 1148/1416/57 1149/1417/57
f 1119/1383/91 1114/1378/91 1113/1377/91 1120/1384/91
f 1128/1392/57 1149/1418/57 1148/1419/57 1150/1420/57
f 1151/1421/5 1144/1422/5 1132/1396/5 1131/1395/5
f 1125/1389/115 1135/1423/115 1134/1424/115 1126/1390/115
f 1129/1393/57 1128/1392/57 1150/1420/57 1152/1425/57
f 1133/1397/5 1132/1396/5 1108/1372/5 1153/1426/5
f 1154/1427/91 1155/1428/91 1156/1429/91 1157/1430/91
f 1158/1431/91 1159/1432/91 1160/1433/91 1146/1414/91
f 1138/1402/5 1144/1409/5 1151/1434/5 1161/1435/5
f 1119/1413/931 1118/1436/931 1136/1437/931 1139/1410/931
f 1158/1431/57 1146/1414/57 1149/1417/57 1103/1438/57
f 1160/1439/932 1120/1440/932 1113/1441/932 1162/1442/932
f 1162/1443/933 1147/1415/933 1141/1405/933 1140/1404/933
f 1142/1406/57 1141/1405/57 1147/1415/57 1146/1414/57
f 1146/1414/934 1160/1433/934 1143/1407/934 1142/1406/934
f 1143/1407/5 1160/1439/5 1162/1442/5 1140/1404/5
f 1161/1435/933 1145/1444/933 1155/1428/933 1154/1427/933
f 1156/1429/57 1155/1428/57 1145/1411/57 1139/1410/57
f 1139/1403/934 1138/1402/934 1157/1430/934 1156/1429/934
f 1157/1430/5 1138/1402/5 1161/1435/5 1154/1427/5
f 1104/1368/57 1103/1367/57 1149/1418/57 1128/1392/57
f 1144/1422/5 1105/1369/5 1108/1372/5 1132/1396/5
f 1162/1443/25 1113/1445/25 1148/1416/25 1147/1415/25
f 1145/1444/25 1161/1435/25 1151/1434/25 1114/1446/25
f 1115/1379/25 1114/1378/25 1151/1421/25 1131/1447/25
f 1109/1373/27 1122/1386/27 1102/1366/27 1101/1448/27
f 1124/1388/115 1130/1449/115 1133/1450/115 1125/1389/115
f 1115/1379/25 1131/1447/25 1130/1449/25 1124/1388/25
f 1116/1380/25 1123/1387/25 1152/1451/25 1150/1452/25
f 1110/1374/27 1104/1453/27 1127/1454/27 1134/1398/27
f 1111/1375/27 1135/1399/27 1153/1455/27 1108/1456/27
f 1125/1389/115 1133/1450/115 1153/1457/115 1135/1423/115
f 1126/1390/115 1129/1458/115 1152/1451/115 1123/1387/115
f 1110/1374/927 1109/1373/927 1101/1448/927 1104/1453/927
f 1112/1376/927 1111/1375/927 1108/1456/927 1107/1459/927
f 1122/1386/91 1117/1381/91 1103/1367/91 1102/1366/91
f 1113/1377/25 1116/1380/25 1150/1452/25 1148/1419/25
f 1121/1385/27 1112/1376/27 1107/1459/27 1106/1370/27
f 1134/1424/115 1127/1460/115 1129/1458/115 1126/1390/115
f 1120/1440/932 1160/1439/932 1159/1461/932 1117/1462/932
f 1136/1400/929 1118/1463/928 1105/1408/930 1137/1401/930
f 1103/1438/935 1117/1464/935 1159/1432/935 1158/1431/935
f 1118/1382/928 1121/1385/91 1106/1370/91 1105/1369/930
f 1163/1465/57 1164/1466/57 1165/1467/57 1166/1468/57
f 1167/1469/115 1168/1470/115 1169/1471/115 1170/1472/115
f 1171/1473/25 1172/1474/25 1173/1475/25 1174/1476/25
f 1175/1477/27 1170/1478/27 1169/1479/27 1176/1480/27
f 1177/1481/25 1178/1482/25 1179/1483/25 1174/1476/25
f 1180/1484/25 1181/1485/25 1182/1486/25 1171/1487/25
f 1183/1488/27 1184/1489/27 1175/1477/27 1185/1490/27
f 1186/1491/936 1185/1492/936 1187/1493/936 1188/1494/936
f 1189/1495/57 1190/1496/57 1191/1497/57 1192/1498/57
f 1192/1498/937 1191/1497/937 1193/1499/937 1194/1500/937
f 1195/1501/938 1194/1500/938 1193/1499/938 1186/1502/938
f 1167/1469/115 1196/1503/115 1197/1504/115 1198/1505/115
f 1196/1503/57 1199/1506/57 1200/1507/57 1197/1504/57
f 1201/1508/57 1202/1509/57 1203/1510/57 1204/1511/57
f 1205/1512/939 1206/1513/939 1203/1510/939 1202/1509/939
f 1206/1513/940 1205/1512/940 1207/1514/940 1208/1515/940
f 1209/1516/115 1210/1517/115 1211/1518/115 1212/1519/115
f 1213/1520/115 1211/1518/115 1210/1517/115 1214/1521/115
f 1215/1522/57 1216/1523/57 1201/1524/57 1204/1525/57
f 1201/1508/57 1189/1495/57 1192/1498/57 1202/1509/57
f 1194/1500/941 1205/1512/941 1202/1509/941 1192/1498/941
f 1194/1500/942 1195/1501/942 1207/1514/942 1205/1512/942
f 1217/1526/115 1198/1505/115 1210/1517/115 1209/1516/115
f 1214/1521/115 1210/1517/115 1198/1505/115 1197/1504/115
f 1216/1523/57 1200/1507/57 1189/1527/57 1201/1524/57
f 1204/1511/57 1203/1510/57 1181/1485/57 1180/1484/57
f 1182/1486/943 1181/1485/943 1203/1510/943 1206/1513/943
f 1182/1486/5 1206/1513/5 1208/1515/5 1171/1487/5
f 1211/1518/115 1177/1481/115 1218/1528/115 1212/1519/115
f 1178/1482/115 1177/1481/115 1211/1518/115 1213/1520/115
f 1179/1483/57 1215/1522/57 1204/1525/57 1180/1529/57
f 1190/1530/57 1199/1506/57 1184/1489/57 1183/1488/57
f 1171/1473/25 1174/1476/25 1179/1483/25 1180/1529/25
f 1170/1478/27 1175/1477/27 1184/1489/27 1219/1531/27
f 1200/1507/57 1199/1506/57 1190/1530/57 1189/1527/57
f 1215/1522/57 1213/1520/57 1214/1521/57 1216/1523/57
f 1216/1523/57 1214/1521/57 1197/1504/57 1200/1507/57
f 1179/1483/57 1178/1482/57 1213/1520/57 1215/1522/57
f 1220/1532/27 1183/1533/27 1185/1534/27 1221/1535/27
f 1186/1502/5 1193/1499/5 1221/1535/5 1185/1534/5
f 1190/1496/57 1183/1533/57 1220/1532/57 1191/1497/57
f 1220/1532/944 1221/1535/944 1193/1499/944 1191/1497/944
f 1163/1465/27 1219/1536/27 1184/1537/27 1164/1466/27
f 1164/1466/945 1184/1537/945 1199/1538/945 1165/1467/945
f 1165/1467/25 1199/1538/25 1196/1539/25 1166/1468/25
f 1196/1539/115 1219/1536/115 1163/1465/115 1166/1468/115
f 1167/1469/115 1170/1472/115 1219/1540/115 1196/1503/115
f 1188/1494/946 1222/1541/946 1195/1542/946 1186/1491/946
f 1198/1505/115 1217/1526/115 1168/1470/115 1167/1469/115
f 1223/1543/947 1224/1544/947 1208/1545/947 1207/1546/947
f 1222/1541/948 1223/1543/948 1207/1546/948 1195/1542/948
f 1172/1474/949 1171/1473/949 1208/1545/949 1224/1544/949
f 1176/1480/27 1187/1547/27 1185/1490/27 1175/1477/27
f 1218/1528/25 1177/1481/25 1174/1476/25 1173/1475/25
f 1225/1548/5 1226/1549/5 1227/1550/5 1228/1551/5
f 1169/1471/115 1168/1470/115 1229/1552/115 1230/1553/115
f 1173/1475/25 1172/1474/25 1231/1554/25 1232/1555/25
f 1233/1556/27 1176/1480/27 1169/1479/27 1230/1557/27
f 1234/1558/25 1232/1555/25 1235/1559/25 1236/1560/25
f 1237/1561/25 1238/1562/25 1239/1563/25 1231/1564/25
f 1240/1565/27 1241/1566/27 1233/1556/27 1242/1567/27
f 1187/1493/936 1241/1568/936 1243/1569/936 1188/1494/936
f 1244/1570/5 1245/1571/5 1246/1572/5 1247/1573/5
f 1245/1571/937 1248/1574/937 1249/1575/937 1246/1572/937
f 1250/1576/950 1243/1577/950 1249/1575/950 1248/1574/950
f 1251/1578/115 1252/1579/115 1229/1552/115 1253/1580/115
f 1254/1581/5 1255/1582/5 1252/1579/5 1251/1578/5
f 1256/1583/5 1257/1584/5 1258/1585/5 1259/1586/5
f 1260/1587/939 1257/1584/939 1256/1583/939 1261/1588/939
f 1261/1588/951 1262/1589/951 1263/1590/951 1260/1587/951
f 1209/1516/115 1212/1519/115 1264/1591/115 1265/1592/115
f 1265/1592/115 1264/1591/115 1266/1593/115 1267/1594/115
f 1268/1595/5 1259/1596/5 1258/1597/5 1269/1598/5
f 1258/1585/5 1257/1584/5 1245/1571/5 1244/1570/5
f 1248/1574/941 1245/1571/941 1257/1584/941 1260/1587/941
f 1248/1574/952 1260/1587/952 1263/1590/952 1250/1576/952
f 1265/1592/115 1253/1580/115 1217/1526/115 1209/1516/115
f 1253/1580/115 1265/1592/115 1267/1594/115 1251/1578/115
f 1269/1598/5 1258/1597/5 1244/1599/5 1254/1581/5
f 1238/1562/5 1256/1583/5 1259/1586/5 1239/1563/5
f 1256/1583/943 1238/1562/943 1237/1561/943 1261/1588/943
f 1237/1561/57 1231/1564/57 1262/1589/57 1261/1588/57
f 1218/1528/115 1234/1558/115 1264/1591/115 1212/1519/115
f 1264/1591/115 1234/1558/115 1236/1560/115 1266/1593/115
f 1235/1559/5 1239/1600/5 1259/1596/5 1268/1595/5
f 1247/1601/5 1240/1602/5 1242/1603/5 1255/1582/5
f 1235/1559/25 1232/1555/25 1231/1554/25 1239/1600/25
f 1242/1567/27 1233/1556/27 1230/1557/27 1270/1604/27
f 1254/1581/5 1244/1599/5 1247/1601/5 1255/1582/5
f 1267/1594/5 1266/1593/5 1268/1595/5 1269/1598/5
f 1251/1578/5 1267/1594/5 1269/1598/5 1254/1581/5
f 1266/1593/5 1236/1560/5 1235/1559/5 1268/1595/5
f 1241/1605/27 1240/1606/27 1271/1607/27 1272/1608/27
f 1272/1608/57 1249/1575/57 1243/1577/57 1241/1605/57
f 1271/1607/5 1240/1606/5 1247/1573/5 1246/1572/5
f 1249/1575/944 1272/1608/944 1271/1607/944 1246/1572/944
f 1242/1609/27 1270/1610/27 1227/1550/27 1226/1549/27
f 1255/1611/945 1242/1609/945 1226/1549/945 1225/1548/945
f 1252/1612/25 1255/1611/25 1225/1548/25 1228/1551/25
f 1227/1550/115 1270/1610/115 1252/1612/115 1228/1551/115
f 1270/1613/115 1230/1553/115 1229/1552/115 1252/1579/115
f 1188/1494/946 1243/1569/946 1250/1614/946 1222/1541/946
f 1253/1580/115 1229/1552/115 1168/1470/115 1217/1526/115
f 1223/1543/947 1263/1615/947 1262/1616/947 1224/1544/947
f 1222/1541/948 1250/1614/948 1263/1615/948 1223/1543/948
f 1262/1616/949 1231/1554/949 1172/1474/949 1224/1544/949
f 1176/1480/27 1233/1556/27 1241/1566/27 1187/1547/27
f 1218/1528/25 1173/1475/25 1232/1555/25 1234/1558/25
f 1273/1617/57 1274/1618/57 1275/1619/57 1276/1620/57
f 1277/1621/5 1278/1622/5 1279/1623/5 1280/1624/5
f 1281/1625/115 1282/1626/115 1283/1627/115 1284/1628/115
f 1285/1629/25 1286/1630/25 1287/1631/25 1288/1632/25
f 1286/1633/953 1289/1634/954 1290/1635/955 1287/1636/956
f 1291/1637/27 1292/1638/27 1293/1639/27 1294/1640/27
f 1295/1641/957 1296/1642/957 1297/1643/957 1298/1644/957
f 1299/1645/958 1300/1646/958 1301/1647/958 1302/1648/958
f 1285/1629/959 1288/1632/959 1303/1649/959 1304/1650/959
f 1305/1651/91 1306/1652/91 1307/1653/91 1308/1654/91
f 1309/1655/115 1310/1656/115 1311/1657/115 1312/1658/115
f 1313/1659/115 1314/1660/115 1315/1661/115 1316/1662/115
f 1317/1663/91 1318/1664/91 1319/1665/91 1320/1666/91
f 1321/1667/27 1277/1621/27 1322/1668/27 1323/1669/27
f 1277/1621/5 1280/1624/5 1324/1624/5 1322/1668/5
f 1302/1670/25 1325/1671/25 1324/1672/25 1280/1673/25
f 1295/1674/25 1275/1675/25 1326/1676/25 1327/1677/25
f 1275/1619/57 1274/1618/57 1328/1678/57 1326/1679/57
f 1274/1618/27 1329/1680/27 1330/1681/27 1328/1678/27
f 1331/1682/27 1292/1638/27 1332/1683/27 1333/1684/27
f 1334/1685/27 1273/1617/27 1335/1686/27 1336/1687/27
f 1273/1617/57 1276/1620/57 1337/1688/57 1335/1686/57
f 1276/1689/25 1298/1690/25 1338/1691/25 1337/1692/25
f 1304/1693/25 1303/1694/25 1339/1695/25 1340/1696/25
f 1299/1697/25 1279/1698/25 1341/1699/25 1342/1700/25
f 1279/1623/5 1278/1622/5 1343/1701/5 1341/1702/5
f 1344/1703/27 1345/1704/27 1343/1701/27 1278/1622/27
f 1346/1705/115 1313/1659/115 1316/1662/115 1347/1706/115
f 1284/1628/115 1309/1655/115 1312/1658/115 1281/1625/115
f 1348/1707/25 1301/1708/25 1300/1646/25 1349/1709/25
f 1286/1630/25 1285/1629/25 1297/1643/25 1296/1710/25
f 1350/1711/960 1302/1712/961 1301/1713/962 1348/1714/963
f 1321/1667/27 1351/1715/27 1331/1682/27 1344/1703/27
f 1291/1637/27 1294/1640/27 1329/1680/27 1334/1685/27
f 1304/1650/959 1298/1644/959 1297/1643/959 1285/1629/959
f 1352/1716/91 1317/1663/91 1320/1666/91 1353/1717/91
f 1354/1718/91 1305/1651/91 1308/1654/91 1355/1719/91
f 1351/1715/27 1321/1667/27 1323/1669/27 1356/1720/27
f 1289/1721/25 1295/1674/25 1327/1677/25 1357/1722/25
f 1358/1723/964 1353/1724/964 1320/1725/964 1325/1671/964
f 1291/1637/27 1334/1685/27 1336/1687/27 1359/1726/27
f 1347/1706/27 1316/1662/27 1360/1727/27 1361/1684/27
f 1362/1728/25 1299/1697/25 1342/1700/25 1363/1729/25
f 1281/1625/25 1312/1658/25 1364/1730/25 1365/1625/25
f 1366/1731/965 1355/1719/965 1367/1732/966 1368/1733/967
f 1294/1640/968 1293/1639/969 1369/1734/969 1370/1735/968
f 1351/1715/57 1356/1720/970 1371/1736/970 1372/1737/57
f 1327/1677/971 1326/1676/972 1373/1738/971
f 1296/1642/973 1295/1641/974 1289/1634/954 1286/1633/953
f 1308/1654/27 1330/1681/27 1367/1732/27 1355/1719/27
f 1300/1646/959 1299/1645/959 1362/1739/959 1349/1709/959
f 1323/1669/27 1322/1668/27 1374/1740/27
f 1375/1726/27 1284/1628/27 1283/1627/27 1376/1741/27
f 1377/1687/27 1378/1742/27 1310/1656/27 1309/1655/27
f 1379/1688/57 1311/1743/57 1310/1656/57 1378/1742/57
f 1379/1744/25 1364/1730/25 1312/1658/25 1311/1657/25
f 1380/1745/25 1346/1705/25 1282/1626/25 1381/1746/25
f 1382/1747/25 1383/1748/25 1314/1660/25 1313/1659/25
f 1384/1749/5 1315/1661/5 1314/1750/5 1383/1751/5
f 1360/1727/27 1316/1662/27 1315/1661/27 1384/1749/27
f 1375/1726/27 1377/1687/27 1309/1655/27 1284/1628/27
f 1360/1727/27 1345/1704/27 1333/1684/27 1361/1684/27
f 1380/1745/25 1382/1747/25 1313/1659/25 1346/1705/25
f 1364/1730/25 1338/1691/25 1340/1696/25 1365/1625/25
f 1359/1726/27 1375/1726/27 1376/1741/27 1332/1683/27
f 1335/1686/27 1378/1742/27 1377/1687/27 1336/1687/27
f 1337/1688/57 1379/1688/57 1378/1742/57 1335/1686/57
f 1338/1691/25 1364/1730/25 1379/1744/25 1337/1692/25
f 1363/1729/25 1380/1745/25 1381/1746/25 1339/1695/25
f 1342/1700/25 1341/1699/25 1383/1748/25 1382/1747/25
f 1343/1701/5 1384/1749/5 1383/1751/5 1341/1702/5
f 1345/1704/27 1360/1727/27 1384/1749/27 1343/1701/27
f 1336/1687/27 1377/1687/27 1375/1726/27 1359/1726/27
f 1342/1700/25 1382/1747/25 1380/1745/25 1363/1729/25
f 1333/1684/27 1345/1704/27 1344/1703/27 1331/1682/27
f 1340/1696/25 1338/1691/25 1298/1690/25 1304/1693/25
f 1274/1618/27 1273/1617/27 1334/1685/27 1329/1680/27
f 1279/1698/25 1299/1697/25 1302/1670/25 1280/1673/25
f 1373/1752/57 1326/1679/57 1328/1678/57 1385/1753/57
f 1367/1732/27 1330/1681/27 1329/1680/27 1294/1640/27
f 1367/1732/966 1294/1640/5 1370/1735/5 1368/1733/967
f 1357/1722/975 1327/1677/975 1305/1754/975 1354/1755/975
f 1322/1668/5 1324/1624/5 1386/1756/5 1374/1740/5
f 1356/1720/27 1323/1669/27 1317/1663/27 1352/1716/27
f 1356/1720/970 1352/1716/976 1387/1757/976 1371/1736/970
f 1358/1723/25 1325/1671/25 1302/1670/25 1350/1758/25
f 1276/1689/25 1275/1675/25 1295/1674/25 1298/1690/25
f 1278/1622/27 1277/1621/27 1321/1667/27 1344/1703/27
f 1282/1626/115 1346/1705/115 1347/1706/115 1283/1627/115
f 1287/1631/25 1348/1707/25 1349/1709/25 1288/1632/25
f 1290/1635/955 1350/1711/960 1348/1714/963 1287/1636/956
f 1293/1639/27 1292/1638/27 1331/1682/27 1351/1715/27
f 1303/1649/959 1288/1632/959 1349/1709/959 1362/1739/959
f 1292/1638/27 1291/1637/27 1359/1726/27 1332/1683/27
f 1303/1694/25 1362/1728/25 1363/1729/25 1339/1695/25
f 1293/1639/969 1351/1715/977 1372/1737/977 1369/1734/969
f 1283/1627/27 1347/1706/27 1361/1684/27 1376/1741/27
f 1282/1626/25 1281/1625/25 1365/1625/25 1381/1746/25
f 1376/1741/27 1361/1684/27 1333/1684/27 1332/1683/27
f 1381/1746/25 1365/1625/25 1340/1696/25 1339/1695/25
f 1319/1665/978 1318/1664/978 1374/1740/978 1386/1756/979
f 1385/1753/980 1307/1653/981 1306/1652/981 1373/1752/982
f 1385/1753/27 1328/1678/27 1330/1681/27
f 1307/1653/27 1385/1753/27 1330/1681/27
f 1327/1677/971 1373/1738/971 1306/1759/971
f 1327/1677/971 1306/1759/971 1305/1754/971
f 1323/1669/27 1374/1740/27 1318/1664/27
f 1323/1669/27 1318/1664/27 1317/1663/27
f 1386/1760/971 1324/1672/972 1325/1671/971
f 1330/1681/27 1308/1654/27 1307/1653/27
f 1325/1671/971 1319/1761/971 1386/1760/971
f 1325/1671/971 1320/1725/971 1319/1761/971
f 1388/1762/965 1366/1731/965 1368/1733/967 1389/1763/983
f 1369/1734/969 1390/1764/969 1391/1765/984 1370/1735/968
f 1371/1736/970 1392/1766/970 1393/1767/57 1372/1737/57
f 1370/1735/5 1391/1765/5 1389/1763/983 1368/1733/967
f 1371/1736/970 1387/1757/976 1394/1768/976 1392/1766/970
f 1372/1737/977 1393/1767/977 1390/1764/969 1369/1734/969
f 1354/1769/965 1388/1762/965 1389/1763/983 1357/1770/985
f 1390/1764/969 1290/1771/969 1289/1772/984 1391/1765/984
f 1392/1766/970 1358/1773/986 1350/1774/57 1393/1767/57
f 1391/1765/5 1289/1772/5 1357/1770/985 1389/1763/983
f 1392/1766/970 1394/1768/976 1353/1775/976 1358/1773/986
f 1393/1767/977 1350/1774/977 1290/1771/969 1390/1764/969
f 1395/1776/57 1396/1777/57 1397/1778/57 1398/1779/57
f 1399/1780/5 1400/1781/5 1401/1782/5 1402/1783/5
f 1400/1784/987 1396/1777/988 1395/1776/989 1401/1785/989
f 1403/1786/57 1404/1787/57 1405/1788/57 1406/1789/57
f 1397/1778/990 1399/1780/990 1407/1790/990 1408/1791/990
f 1407/1790/5 1399/1780/5 1402/1783/5 1409/1792/5
f 1410/1793/991 1411/1794/992 1412/1795/992 1413/1796/991
f 1414/1797/993 1405/1788/993 1415/1798/993 1416/1799/993
f 1414/1797/994 1416/1799/994 1417/1800/994 1418/1801/994
f 1415/1798/995 1405/1788/995 1404/1787/995 1419/1802/995
f 1418/1801/996 1417/1800/996 1420/1803/996 1421/1804/996
f 1416/1805/5 1415/1798/5 1422/1806/5
f 1423/1807/5 1422/1806/5 1415/1798/5 1419/1802/5
f 1405/1788/57 1414/1797/57 1406/1789/57
f 1403/1786/57 1421/1804/57 1424/1808/57 1425/1809/57
f 1426/1810/57 1395/1776/57 1398/1779/57 1412/1795/57
f 1402/1783/5 1401/1782/5 1427/1811/5 1411/1812/5
f 1401/1785/989 1395/1776/989 1426/1810/989 1427/1813/989
f 1403/1786/57 1406/1789/57 1418/1801/57 1421/1804/57
f 1409/1792/5 1402/1783/5 1411/1812/5 1410/1814/5
f 1417/1815/5 1422/1806/5 1423/1807/5 1420/1816/5
f 1408/1791/57 1428/1817/57 1398/1779/57 1397/1778/57
f 1414/1797/57 1418/1801/57 1406/1789/57
f 1422/1806/5 1417/1815/5 1416/1805/5
f 1429/1818/57 1397/1778/57 1396/1777/57 1430/1819/57
f 1396/1777/988 1400/1784/987 1431/1820/997 1430/1819/997
f 1432/1821/5 1433/1822/5 1434/1823/5 1435/1824/5
f 1399/1780/998 1397/1778/998 1429/1818/998 1436/1825/998
f 1435/1824/998 1399/1826/998 1436/1827/998 1432/1828/998
f 1433/1829/997 1431/1830/997 1400/1831/987 1434/1823/997
f 1437/1832/990 1419/1802/990 1404/1787/990 1438/1833/990
f 1419/1802/5 1437/1832/5 1439/1834/5 1423/1807/5
f 1425/1809/57 1424/1808/57 1413/1796/57 1428/1817/57
f 1423/1807/5 1439/1834/5 1440/1835/5 1420/1816/5
f 1425/1809/57 1438/1833/57 1404/1787/57 1403/1786/57
f 1438/1833/990 1408/1791/990 1407/1790/990 1437/1832/990
f 1437/1832/999 1407/1790/999 1409/1792/1000 1439/1834/1000
f 1410/1793/991 1413/1796/991 1424/1808/991 1440/1836/991
f 1439/1834/1000 1409/1792/1000 1410/1814/1001 1440/1835/1001
f 1428/1817/57 1408/1791/57 1438/1833/57 1425/1809/57
f 1428/1817/57 1413/1796/57 1412/1795/57 1398/1779/57
f 1436/1837/1002 1431/1838/1002 1433/1822/1002 1432/1821/1002
f 1426/1810/1003 1412/1795/992 1411/1794/992 1427/1839/1003
f 1399/1826/1004 1435/1824/1004 1434/1823/1004 1400/1831/1004
f 1430/1819/1002 1431/1820/1002 1436/1825/1002 1429/1818/1002
f 1421/1804/991 1420/1803/991 1440/1836/991 1424/1808/991
f 1441/1840/5 1442/1841/5 1443/1842/5 1444/1843/5
f 1445/1844/1005 1446/1845/1006 1447/1846/1006 1448/1847/1005
f 1449/1848/1007 1450/1849/1008 1451/1850/1008 1452/1851/1008
f 1453/1852/1009 1454/1853/1009 1455/1854/1010 1456/1855/1010
f 1445/1844/1005 1448/1847/1005 1457/1856/1011 1458/1857/1011
f 1459/1858/1012 1460/1859/1012 1461/1860/1013 1462/1861/1013
f 1463/1862/1014 1464/1863/1015 1465/1864/1016 1466/1865/1016
f 1466/1865/1016 1465/1864/1016 1467/1866/1017 1468/1867/1018
f 1469/1868/1019 1470/1869/1019 1471/1870/1020 1472/1871/1020
f 1472/1871/1020 1471/1870/1020 1468/1867/1018 1467/1866/1017
f 1473/1872/1021 1454/1853/1009 1453/1852/1009 1474/1873/1021
f 1475/1874/5 1476/1875/5 1477/1876/5 1478/1877/5
f 1479/1878/1022 1480/1879/1022 1481/1880/1023 1482/1881/1023
f 1483/1882/5 1484/1883/5 1485/1884/5 1486/1885/5
f 1487/1886/5 1488/1887/5 1489/1888/5 1490/1889/5
f 1491/1890/5 1492/1891/5 1493/1892/5 1494/1893/5
f 1495/1894/5 1496/1895/5 1497/1896/5 1498/1897/5
f 1484/1883/1024 1499/1898/1024 1500/1899/1025 1485/1884/1025
f 1501/1900/5 1502/1901/5 1476/1875/5 1475/1874/5
f 1503/1902/5 1477/1876/5 1476/1875/5 1504/1903/5
f 1505/1904/5 1506/1905/5 1507/1906/5 1495/1894/5
f 1493/1892/5 1492/1891/5 1507/1906/5 1508/1907/5
f 1491/1890/5 1497/1896/5 1496/1895/5 1492/1891/5
f 1509/1908/1026 1510/1909/1026 1511/1910/1026 1512/1911/1026
f 1513/1912/5 1514/1913/5 1515/1914/5 1516/1915/5
f 1517/1916/1027 1518/1917/1028 1449/1848/1029 1452/1851/1030
f 1519/1918/5 1520/1919/5 1521/1920/5 1522/1921/5
f 1523/1922/5 1448/1847/5 1447/1846/5 1524/1923/5
f 1525/1924/5 1479/1878/5 1482/1881/5 1526/1925/5
f 1527/1926/5 1517/1916/5 1528/1927/5 1529/1928/5
f 1530/1929/5 1531/1930/5 1483/1882/5 1486/1885/5
f 1532/1931/5 1510/1909/5 1533/1932/5 1534/1933/5
f 1535/1934/5 1536/1935/5 1453/1852/5 1456/1855/5
f 1537/1936/5 1538/1937/5 1459/1858/5 1462/1861/5
f 1539/1938/5 1469/1868/5 1472/1871/5 1540/1939/5
f 1540/1939/5 1472/1871/5 1467/1866/5 1541/1940/5
f 1541/1940/5 1467/1866/5 1465/1864/5 1542/1941/5
f 1543/1942/5 1542/1941/5 1465/1864/5 1464/1863/5
f 1543/1942/5 1464/1863/5 1457/1856/5 1544/1943/5
f 1524/1944/1031 1525/1945/1032 1545/1946/1033 1546/1947/1034
f 1526/1948/1035 1547/1949/1036 1548/1950/1037 1549/1951/1038
f 1527/1952/1039 1550/1953/1040 1551/1954/1041 1552/1955/1042
f 1553/1956/1043 1529/1957/1044 1531/1958/1045 1554/1959/1046
f 1532/1960/1047 1555/1961/1048 1556/1962/1049 1530/1963/1050
f 1557/1964/1051 1558/1965/1052 1559/1966/1053 1560/1967/1054
f 1559/1966/1053 1558/1965/1052 1536/1968/1055 1561/1969/1056
f 1538/1970/1057 1562/1971/1058 1563/1972/1059 1535/1973/1060
f 1564/1974/1061 1537/1975/1062 1539/1976/1063 1565/1977/1064
f 1565/1977/1064 1539/1976/1063 1540/1978/1065 1566/1979/1066
f 1541/1980/1067 1567/1981/1068 1566/1979/1066 1540/1978/1065
f 1541/1980/1067 1542/1982/1069 1568/1983/1070 1567/1981/1068
f 1542/1982/1069 1543/1984/1071 1569/1985/1072 1568/1983/1070
f 1544/1986/1073 1523/1987/1074 1570/1988/1075 1571/1989/1076
f 1502/1901/5 1444/1843/5 1504/1903/5 1476/1875/5
f 1450/1849/1008 1499/1898/1024 1484/1883/1024 1451/1850/1008
f 1496/1895/5 1495/1894/5 1507/1906/5 1492/1891/5
f 1572/1990/5 1503/1902/5 1504/1903/5 1573/1991/5
f 1495/1894/5 1498/1897/5 1574/1992/5 1505/1904/5
f 1529/1928/5 1528/1927/5 1483/1882/5 1531/1930/5
f 1553/1956/1043 1575/1993/1077 1576/1994/1078 1550/1995/1079
f 1521/1920/1008 1452/1996/1008 1451/1997/1008 1522/1921/1008
f 1522/1921/1080 1451/1998/1080 1528/1999/1080 1519/1918/1080
f 1519/1918/1081 1528/2000/1081 1517/2001/1081 1520/1919/1081
f 1520/1919/1030 1517/2002/1027 1452/2003/1030 1521/1920/1030
f 1577/2004/1026 1533/1932/1026 1510/1909/1026 1509/1908/1026
f 1578/2005/1082 1579/2006/1082 1518/1917/1028 1517/1916/1027
f 1580/2007/5 1581/2008/5 1582/2009/5 1575/1993/5
f 1516/1915/5 1515/1914/5 1583/2010/5 1584/2011/5
f 1527/1926/5 1552/2012/5 1578/2005/5 1517/1916/5
f 1534/1933/5 1533/1932/5 1585/2013/5 1586/2014/5
f 1551/1954/1041 1587/2015/1083 1588/2016/1084 1589/2017/1085
f 1515/1914/1086 1514/1913/1087 1555/2018/1088 1590/2019/1089
f 1582/2009/5 1587/2015/5 1576/1994/5 1575/1993/5
f 1591/2020/5 1478/1877/5 1592/2021/5 1593/2022/5
f 1486/1885/5 1485/1884/5 1511/1910/5 1510/1909/5
f 1487/1886/5 1508/1907/5 1507/1906/5 1506/1905/5
f 1485/1884/1025 1500/1899/1025 1512/1911/1025 1511/1910/1025
f 1501/1900/5 1475/1874/5 1594/2023/5 1595/2024/5
f 1494/1893/5 1493/1892/5 1508/1907/5 1596/2025/5
f 1580/2007/5 1513/1912/5 1516/1915/5 1581/2008/5
f 1532/1931/5 1530/1929/5 1486/1885/5 1510/1909/5
f 1556/1962/1049 1513/1912/1090 1580/2007/1091 1554/1959/1046
f 1597/2026/1092 1585/2013/1026 1598/2027/1026 1599/2028/1092
f 1600/2029/1093 1601/2030/1093 1602/2031/1094 1603/2032/1094
f 1604/2033/5 1605/2034/5 1606/2035/5 1607/2036/5
f 1608/2037/5 1547/2038/5 1600/2029/5 1603/2032/5
f 1609/2039/1089 1560/1967/1054 1593/2022/1095 1583/2010/1086
f 1605/2034/5 1610/2040/5 1588/2016/5 1606/2035/5
f 1557/2041/5 1597/2026/5 1474/1873/5 1558/2042/5
f 1592/2021/5 1604/2033/5 1607/2036/5 1584/2011/5
f 1451/1850/5 1484/1883/5 1483/1882/5 1528/1927/5
f 1545/1946/1033 1573/1991/1096 1443/1842/1097 1546/1947/1034
f 1572/1990/1098 1549/1951/1038 1548/1950/1037 1610/2040/1099
f 1550/1953/1040 1576/1994/1100 1587/2015/1083 1551/1954/1041
f 1575/1993/1077 1553/1956/1043 1554/1959/1046 1580/2007/1091
f 1556/1962/1049 1555/1961/1048 1514/1913/1101 1513/1912/1090
f 1560/1967/1054 1559/1966/1053 1591/2020/1102 1593/2022/1095
f 1591/2020/1102 1559/1966/1053 1561/1969/1056 1594/2023/1103
f 1563/1972/1059 1562/1971/1058 1489/1888/1104 1595/2024/1105
f 1564/1974/1061 1565/1977/1064 1596/2025/1106 1490/1889/1107
f 1596/2025/1106 1565/1977/1064 1566/1979/1066 1494/1893/1108
f 1566/1979/1066 1567/1981/1068 1491/1890/1109 1494/1893/1108
f 1568/1983/1070 1497/1896/1110 1491/1890/1109 1567/1981/1068
f 1568/1983/1070 1569/1985/1072 1498/1897/1111 1497/1896/1110
f 1570/1988/1075 1442/1841/1112 1574/1992/1113 1571/1989/1076
f 1529/1957/1044 1553/1956/1043 1550/1995/1079 1527/2043/1114
f 1548/1950/1037 1547/1949/1036 1608/2044/1115 1589/2017/1085
f 1590/2019/1089 1555/2018/1088 1532/2045/1116 1534/2046/1116
f 1554/1959/1046 1531/1958/1045 1530/1963/1050 1556/1962/1049
f 1609/2039/1089 1590/2019/1089 1534/2046/1116 1586/2047/1116
f 1444/1843/5 1443/1842/5 1573/1991/5 1504/1903/5
f 1446/1845/1006 1480/1879/1022 1479/1878/1022 1447/1846/1006
f 1455/1854/1010 1460/1859/1012 1459/1858/1012 1456/1855/1010
f 1611/2048/5 1502/1901/5 1501/1900/5 1488/1887/5
f 1524/1923/5 1447/1846/5 1479/1878/5 1525/1924/5
f 1538/1937/5 1535/1934/5 1456/1855/5 1459/1858/5
f 1546/1947/1034 1570/1988/1075 1523/1987/1074 1524/1944/1031
f 1535/1973/1060 1563/1972/1059 1561/1969/1117 1536/1968/1118
f 1444/1843/5 1502/1901/5 1611/2048/5 1441/1840/5
f 1488/1887/5 1501/1900/5 1595/2024/5 1489/1888/5
f 1546/1947/1034 1443/1842/1097 1442/1841/1112 1570/1988/1075
f 1595/2024/1105 1594/2023/1119 1561/1969/1117 1563/1972/1059
f 1457/1856/1011 1464/1863/1015 1463/1862/1014 1458/1857/1011
f 1461/1860/1013 1470/1869/1019 1469/1868/1019 1462/1861/1013
f 1508/1907/5 1487/1886/5 1490/1889/5 1596/2025/5
f 1611/2048/5 1506/1905/5 1505/1904/5 1441/1840/5
f 1537/1936/5 1462/1861/5 1469/1868/5 1539/1938/5
f 1544/1943/5 1457/1856/5 1448/1847/5 1523/1922/5
f 1537/1975/1062 1564/1974/1061 1562/1971/1058 1538/1970/1057
f 1571/1989/1076 1569/1985/1120 1543/1984/1121 1544/1986/1073
f 1441/1840/5 1505/1904/5 1574/1992/5 1442/1841/5
f 1488/1887/5 1487/1886/5 1506/1905/5 1611/2048/5
f 1490/1889/1107 1489/1888/1104 1562/1971/1058 1564/1974/1061
f 1571/1989/1076 1574/1992/1113 1498/1897/1122 1569/1985/1120
f 1474/1873/1021 1597/2026/1092 1599/2028/1092 1473/1872/1021
f 1478/1877/5 1477/1876/5 1604/2033/5 1592/2021/5
f 1481/1880/1023 1601/2030/1093 1600/2029/1093 1482/1881/1023
f 1477/1876/5 1503/1902/5 1605/2034/5 1604/2033/5
f 1526/1925/5 1482/1881/5 1600/2029/5 1547/2038/5
f 1558/2042/5 1474/1873/5 1453/1852/5 1536/1935/5
f 1549/1951/1038 1545/1946/1033 1525/1945/1032 1526/1948/1035
f 1503/1902/5 1572/1990/5 1610/2040/5 1605/2034/5
f 1478/1877/5 1591/2020/5 1594/2023/5 1475/1874/5
f 1549/1951/1038 1572/1990/1098 1573/1991/1096 1545/1946/1033
f 1584/2011/5 1583/2010/5 1593/2022/5 1592/2021/5
f 1586/2014/5 1585/2013/5 1597/2026/5 1557/2041/5
f 1589/2017/1085 1588/2016/1084 1610/2040/1099 1548/1950/1037
f 1598/2027/1026 1585/2013/1026 1533/1932/1026 1577/2004/1026
f 1602/2031/1094 1579/2006/1082 1578/2005/1082 1603/2032/1094
f 1607/2036/5 1606/2035/5 1582/2009/5 1581/2008/5
f 1552/2012/5 1608/2037/5 1603/2032/5 1578/2005/5
f 1590/2019/1089 1609/2039/1089 1583/2010/1086 1515/1914/1086
f 1606/2035/5 1588/2016/5 1587/2015/5 1582/2009/5
f 1584/2011/5 1607/2036/5 1581/2008/5 1516/1915/5
f 1589/2017/1085 1608/2044/1115 1552/1955/1042 1551/1954/1041
f 1586/2047/1116 1557/1964/1051 1560/1967/1054 1609/2039/1089
f 1612/2049/25 1613/2050/25 1614/2051/1123 1615/2052/1123
f 1615/2052/1123 1614/2051/1123 1616/2053/1124 1617/2054/1124
f 1617/2054/1124 1616/2053/1124 1618/2055/91 1619/2056/91
f 1619/2056/91 1618/2055/91 1620/2057/1125 1621/2058/1125
f 1621/2058/1125 1620/2057/1125 1622/2059/1126 1623/2060/1126
f 1623/2060/1126 1622/2059/1126 1624/2061/27 1625/2062/27
f 1625/2062/27 1624/2061/27 1626/2063/1127 1627/2064/1127
f 1627/2064/1127 1626/2063/1127 1628/2065/1128 1629/2066/1128
f 1629/2066/1128 1628/2065/1128 1630/2067/115 1631/2068/115
f 1631/2068/115 1630/2067/115 1632/2069/1003 1633/2070/1003
f 1633/2070/1003 1632/2069/1003 1634/2071/1129 1635/2072/1129
f 1635/2072/1129 1634/2071/1129 1613/2050/25 1612/2049/25
f 1622/2073/57 1620/2074/57 1618/2075/57 1626/2076/57
f 1634/2077/57 1626/2076/57 1618/2075/57 1614/2078/57
f 1618/2075/57 1616/2079/57 1614/2078/57
f 1614/2078/57 1613/2080/57 1634/2077/57
f 1630/2081/57 1626/2076/57 1634/2077/57 1632/2082/57
f 1630/2081/57 1628/2083/57 1626/2076/57
f 1622/2073/57 1626/2076/57 1624/2084/57
f 1636/2085/5 1612/2049/5 1615/2052/5 1637/2086/5
f 1637/2086/5 1615/2052/5 1617/2054/5 1638/2087/5
f 1638/2087/5 1617/2054/5 1619/2056/5 1639/2088/5
f 1639/2088/5 1619/2056/5 1621/2058/5 1640/2089/5
f 1640/2089/5 1621/2058/5 1623/2060/5 1641/2090/5
f 1641/2090/5 1623/2060/5 1625/2062/5 1642/2091/5
f 1642/2091/5 1625/2062/5 1627/2064/5 1643/2092/5
f 1643/2092/5 1627/2064/5 1629/2066/5 1644/2093/5
f 1644/2093/5 1629/2066/5 1631/2068/5 1645/2094/5
f 1645/2094/5 1631/2068/5 1633/2070/5 1646/2095/5
f 1646/2095/5 1633/2070/5 1635/2072/5 1647/2096/5
f 1647/2096/5 1635/2072/5 1612/2049/5 1636/2085/5
f 1648/2097/25 1636/2085/25 1637/2086/1123 1649/2098/1123
f 1649/2098/1123 1637/2086/1123 1638/2087/1124 1650/2099/1124
f 1650/2099/1124 1638/2087/1124 1639/2088/91 1651/2100/91
f 1651/2100/91 1639/2088/91 1640/2089/1125 1652/2101/1125
f 1652/2101/1125 1640/2089/1125 1641/2090/1126 1653/2102/1126
f 1653/2102/1126 1641/2090/1126 1642/2091/27 1654/2103/27
f 1654/2103/27 1642/2091/27 1643/2092/1127 1655/2104/1127
f 1655/2104/1127 1643/2092/1127 1644/2093/1128 1656/2105/1128
f 1656/2105/1128 1644/2093/1128 1645/2094/115 1657/2106/115
f 1657/2106/115 1645/2094/115 1646/2095/1003 1658/2107/1003
f 1658/2107/1003 1646/2095/1003 1647/2096/1129 1659/2108/1129
f 1659/2108/1129 1647/2096/1129 1636/2085/25 1648/2097/25
f 1660/2109/1130 1648/2097/1131 1649/2098/1132 1661/2110/1133
f 1661/2110/1133 1649/2098/1132 1650/2099/1134 1662/2111/1135
f 1662/2111/1135 1650/2099/1134 1651/2100/1136 1663/2112/1137
f 1663/2112/1137 1651/2100/1136 1652/2101/1138 1664/2113/1139
f 1664/2113/1139 1652/2101/1138 1653/2102/1140 1665/2114/1141
f 1665/2114/1141 1653/2102/1140 1654/2103/1142 1666/2115/1143
f 1666/2115/1143 1654/2103/1142 1655/2104/1144 1667/2116/1145
f 1667/2116/1145 1655/2104/1144 1656/2105/1146 1668/2117/1147
f 1668/2117/1147 1656/2105/1146 1657/2106/1148 1669/2118/1149
f 1669/2118/1149 1657/2106/1148 1658/2107/1150 1670/2119/1151
f 1670/2119/1151 1658/2107/1150 1659/2108/1152 1671/2120/1153
f 1671/2120/1153 1659/2108/1152 1648/2097/1131 1660/2109/1130
f 1660/2109/1130 1661/2110/1133 1672/2121/5
f 1661/2110/1133 1662/2111/1135 1672/2121/5
f 1662/2111/1135 1663/2112/1137 1672/2121/5
f 1663/2112/1137 1664/2113/1139 1672/2121/5
f 1664/2113/1139 1665/2114/1141 1672/2121/5
f 1665/2114/1141 1666/2115/1143 1672/2121/5
f 1666/2115/1143 1667/2116/1145 1672/2121/5
f 1667/2116/1145 1668/2117/1147 1672/2121/5
f 1668/2117/1147 1669/2118/1149 1672/2121/5
f 1669/2118/1149 1670/2119/1151 1672/2121/5
f 1670/2119/1151 1671/2120/1153 1672/2121/5
f 1671/2120/1153 1660/2109/1130 1672/2121/5
f 1673/2122/5 1674/2123/1154 1675/2124/1155 1676/2125/5
f 1677/2126/5 1673/2122/5 1676/2125/5 1678/2127/5
f 1678/2128/1156 1676/2129/1157 1679/2130/1157 1680/2131/1156
f 1681/2132/1158 1675/2124/1155 1674/2123/1154 1682/2133/1159
f 1681/2132/1158 1682/2133/1159 1683/2134/1160 1684/2135/1161
f 1684/2135/1161 1683/2134/1160 1685/2136/115 1686/2137/1162
f 1685/2136/1163 1683/2134/1164 1687/2138/1165
f 1683/2134/1164 1682/2133/1166 1688/2139/1167
f 1681/2140/1168 1684/2141/1169 1689/2142/1170
f 1689/2142/1170 1690/2143/1171 1691/2144/1172 1692/2145/1173
f 1693/2146/91 1694/2147/91 1695/2148/91 1696/2149/91
f 1697/2150/1174 1698/2151/1175 1699/2152/1176 1700/2153/1177
f 1700/2153/1177 1699/2152/1176 1701/2154/1178 1702/2155/1178
f 1697/2150/1174 1703/2156/1179 1688/2139/1167 1698/2151/1175
f 1704/2157/1157 1679/2130/1157 1692/2145/1173 1691/2144/1172
f 1705/2158/1180 1684/2141/1169 1686/2159/1181
f 1679/2130/1157 1704/2157/1157 1706/2160/1156 1680/2131/1156
f 1688/2139/1167 1703/2156/1179 1687/2138/1165 1683/2134/1164
f 1689/2142/1170 1684/2141/1169 1705/2158/1180 1690/2143/1171
f 1681/2140/1168 1689/2142/1170 1692/2145/1173 1675/2161/1182
f 1695/2148/91 1707/2162/91 1708/2163/91 1696/2149/91
f 1698/2151/1175 1674/2123/1183 1673/2122/1184 1699/2152/1176
f 1709/2164/1185 1710/2165/1185 1711/2166/1186 1712/2167/1186
f 1698/2151/1175 1688/2139/1167 1682/2133/1166 1674/2123/1183
f 1679/2130/1157 1676/2129/1157 1675/2161/1182 1692/2145/1173
f 1713/2168/5 1673/2169/5 1677/2170/5 1714/2171/5
f 1715/2172/91 1707/2173/91 1695/2174/91 1716/2175/91
f 1717/2176/57 1716/2177/57 1695/2178/57 1718/2179/57
f 1719/2180/1187 1699/2181/1188 1673/2169/1188 1713/2168/1187
f 1720/2182/5 1721/2183/5 1715/2172/5 1722/2184/5
f 1715/2172/91 1716/2175/91 1723/2185/91 1722/2184/91
f 1724/2186/57 1719/2187/57 1709/2188/57 1725/2189/57
f 1719/2180/1187 1713/2168/1187 1710/2165/1185 1709/2164/1185
f 1726/2190/5 1677/2126/5 1678/2127/5 1727/2191/5
f 1678/2128/1156 1680/2131/1156 1728/2192/1189 1727/2193/1189
f 1701/2154/1178 1718/2194/1178 1729/2195/1178 1702/2155/1178
f 1706/2160/1156 1730/2196/1189 1728/2192/1189 1680/2131/1156
f 1712/2197/1190 1711/2166/1190 1731/2198/1191 1732/2199/1191
f 1714/2171/5 1677/2170/5 1726/2200/5 1721/2183/5
f 1719/2187/57 1724/2186/57 1701/2201/57 1699/2202/57
f 1711/2166/5 1710/2165/5 1733/2203/5
f 1734/2204/57 1725/2189/57 1712/2197/57 1732/2199/57
f 1724/2186/57 1717/2176/57 1718/2179/57 1701/2201/57
f 1720/2182/5 1731/2198/5 1711/2166/5 1733/2203/5
f 1727/2193/1189 1728/2192/1189 1696/2149/1189 1708/2163/1189
f 1718/2194/1178 1695/2148/1178 1694/2147/1178 1729/2195/1178
f 1730/2196/1189 1693/2146/1189 1696/2149/1189 1728/2192/1189
f 1732/2199/1191 1731/2198/1191 1735/2205/1192 1736/2206/1192
f 1721/2183/5 1726/2200/5 1707/2173/5 1715/2172/5
f 1723/2207/57 1734/2204/57 1732/2199/57 1736/2206/57
f 1731/2198/5 1720/2182/5 1722/2184/5 1735/2205/5
f 1722/2184/91 1723/2185/91 1736/2208/91 1735/2205/91
f 1709/2188/57 1712/2197/57 1725/2189/57
f 1714/2171/5 1733/2203/5 1710/2165/5 1713/2168/5
f 1725/2189/57 1734/2204/57 1717/2176/57 1724/2186/57
f 1721/2183/5 1720/2182/5 1733/2203/5 1714/2171/5
f 1734/2204/57 1723/2207/57 1716/2177/57 1717/2176/57
f 1727/2191/5 1708/2163/5 1707/2162/5 1726/2190/5
f 1737/2209/57 1738/2210/57 1739/2211/1193 1740/2212/1194
f 1738/2210/57 1737/2209/57 1741/2213/57 1742/2214/57
f 1743/2215/1157 1738/2216/1157 1742/2217/1156 1744/2218/1156
f 1745/2219/1195 1746/2220/1196 1740/2212/1194 1739/2211/1193
f 1747/2221/1197 1746/2220/1196 1745/2219/1195 1748/2222/1198
f 1685/2136/115 1747/2221/1197 1748/2222/1198 1686/2137/1162
f 1685/2136/1163 1687/2138/1165 1747/2221/1199
f 1747/2221/1199 1749/2223/1200 1746/2220/1201
f 1745/2224/1202 1750/2225/1203 1748/2226/1204
f 1750/2225/1203 1751/2227/1205 1691/2144/1172 1690/2143/1171
f 1752/2228/91 1694/2147/91 1693/2146/91 1753/2229/91
f 1754/2230/1176 1755/2231/1206 1697/2150/1174 1700/2153/1177
f 1756/2232/1178 1754/2230/1176 1700/2153/1177 1702/2155/1178
f 1697/2150/1174 1755/2231/1206 1749/2223/1200 1703/2156/1179
f 1751/2227/1205 1743/2215/1157 1704/2157/1157 1691/2144/1172
f 1705/2158/1180 1686/2159/1181 1748/2226/1204
f 1706/2160/1156 1704/2157/1157 1743/2215/1157 1744/2218/1156
f 1687/2138/1165 1703/2156/1179 1749/2223/1200 1747/2221/1199
f 1705/2158/1180 1748/2226/1204 1750/2225/1203 1690/2143/1171
f 1745/2224/1202 1739/2233/1182 1751/2227/1205 1750/2225/1203
f 1757/2234/91 1758/2235/91 1752/2228/91 1753/2229/91
f 1737/2209/1184 1740/2212/1183 1755/2231/1206 1754/2230/1176
f 1759/2236/1186 1760/2237/1185 1761/2238/1185 1762/2239/1186
f 1755/2231/1206 1740/2212/1183 1746/2220/1201 1749/2223/1200
f 1739/2233/1182 1738/2216/1157 1743/2215/1157 1751/2227/1205
f 1763/2240/57 1764/2241/57 1741/2242/57 1737/2243/57
f 1752/2244/91 1758/2245/91 1765/2246/91 1766/2247/91
f 1767/2248/5 1768/2249/5 1752/2250/5 1766/2251/5
f 1737/2243/1188 1754/2252/1188 1769/2253/1187 1763/2240/1187
f 1770/2254/57 1771/2255/57 1765/2246/57 1772/2256/57
f 1773/2257/91 1766/2247/91 1765/2246/91 1771/2255/91
f 1774/2258/5 1775/2259/5 1761/2260/5 1769/2261/5
f 1760/2237/1185 1763/2240/1187 1769/2253/1187 1761/2238/1185
f 1776/2262/57 1777/2263/57 1742/2214/57 1741/2213/57
f 1778/2264/1189 1744/2218/1156 1742/2217/1156 1777/2265/1189
f 1729/2195/1178 1768/2266/1178 1756/2232/1178 1702/2155/1178
f 1778/2264/1189 1730/2196/1189 1706/2160/1156 1744/2218/1156
f 1779/2267/1191 1759/2236/1190 1762/2268/1190 1780/2269/1191
f 1764/2241/57 1772/2256/57 1776/2270/57 1741/2242/57
f 1769/2261/5 1754/2271/5 1756/2272/5 1774/2258/5
f 1759/2236/57 1781/2273/57 1760/2237/57
f 1782/2274/5 1780/2269/5 1762/2268/5 1775/2259/5
f 1774/2258/5 1756/2272/5 1768/2249/5 1767/2248/5
f 1770/2254/57 1781/2273/57 1759/2236/57 1779/2267/57
f 1753/2229/1189 1778/2264/1189 1777/2265/1189 1757/2234/1189
f 1694/2147/1178 1752/2228/1178 1768/2266/1178 1729/2195/1178
f 1753/2229/1189 1693/2146/1189 1730/2196/1189 1778/2264/1189
f 1783/2275/1192 1779/2267/1191 1780/2269/1191 1784/2276/1192
f 1758/2245/57 1776/2270/57 1772/2256/57 1765/2246/57
f 1773/2277/5 1784/2276/5 1780/2269/5 1782/2274/5
f 1779/2267/57 1783/2275/57 1771/2255/57 1770/2254/57
f 1784/2278/91 1773/2257/91 1771/2255/91 1783/2275/91
f 1761/2260/5 1775/2259/5 1762/2268/5
f 1764/2241/57 1763/2240/57 1760/2237/57 1781/2273/57
f 1775/2259/5 1774/2258/5 1767/2248/5 1782/2274/5
f 1772/2256/57 1764/2241/57 1781/2273/57 1770/2254/57
f 1766/2251/5 1773/2277/5 1782/2274/5 1767/2248/5
f 1777/2263/57 1776/2262/57 1758/2235/57 1757/2234/57
f 1785/2279/1207 1786/2280/1208 1787/2281/1209
f 1785/2279/1207 1787/2281/1209 1788/2282/1210
f 1785/2279/1207 1788/2282/1210 1789/2283/1211
f 1785/2279/1207 1789/2283/1211 1790/2284/1212
f 1785/2279/1207 1790/2284/1212 1791/2285/1213
f 1785/2279/1207 1791/2285/1213 1792/2286/1214
f 1785/2279/1207 1792/2286/1214 1793/2287/1215
f 1785/2279/1207 1793/2287/1215 1794/2288/1216
f 1785/2279/1207 1794/2288/1216 1795/2289/1217
f 1785/2279/1207 1795/2289/1217 1796/2290/1218
f 1785/2279/1207 1796/2290/1218 1797/2291/1219
f 1785/2279/1207 1797/2291/1219 1786/2280/1208
f 1798/2292/1220 1799/2293/1221 1787/2281/1209 1786/2280/1208
f 1799/2293/1221 1800/2294/1222 1788/2282/1210 1787/2281/1209
f 1800/2294/1222 1801/2295/1223 1789/2283/1211 1788/2282/1210
f 1801/2295/1223 1802/2296/1224 1790/2284/1212 1789/2283/1211
f 1802/2296/1224 1803/2297/1225 1791/2285/1213 1790/2284/1212
f 1803/2297/1225 1804/2298/1226 1792/2286/1214 1791/2285/1213
f 1804/2298/1226 1805/2299/1227 1793/2287/1215 1792/2286/1214
f 1805/2299/1227 1806/2300/1228 1794/2288/1216 1793/2287/1215
f 1806/2300/1228 1807/2301/1229 1795/2289/1217 1794/2288/1216
f 1807/2301/1229 1808/2302/1230 1796/2290/1218 1795/2289/1217
f 1808/2302/1230 1809/2303/1231 1797/2291/1219 1796/2290/1218
f 1809/2303/1231 1798/2292/1220 1786/2280/1208 1797/2291/1219
f 1810/2304/1232 1811/2305/1233 1799/2293/1221 1798/2292/1220
f 1811/2305/1233 1812/2306/1234 1800/2294/1222 1799/2293/1221
f 1812/2306/1234 1813/2307/1235 1801/2295/1223 1800/2294/1222
f 1813/2307/1235 1814/2308/1236 1802/2296/1224 1801/2295/1223
f 1814/2308/1236 1815/2309/1237 1803/2297/1225 1802/2296/1224
f 1815/2309/1237 1816/2310/1238 1804/2298/1226 1803/2297/1225
f 1816/2310/1238 1817/2311/1239 1805/2299/1227 1804/2298/1226
f 1817/2311/1239 1818/2312/1240 1806/2300/1228 1805/2299/1227
f 1818/2312/1240 1819/2313/1241 1807/2301/1229 1806/2300/1228
f 1819/2313/1241 1820/2314/1242 1808/2302/1230 1807/2301/1229
f 1808/2302/1230 1820/2314/1242 1821/2315/1243 1809/2303/1231
f 1809/2303/1231 1821/2315/1243 1810/2304/1232 1798/2292/1220
f 1822/2316/1207 1823/2317/1208 1824/2318/1209
f 1822/2316/1207 1824/2318/1209 1825/2319/1210
f 1822/2316/1207 1825/2319/1210 1826/2320/1211
f 1822/2316/1207 1826/2320/1211 1827/2321/1212
f 1822/2316/1207 1827/2321/1212 1828/2322/1213
f 1822/2316/1207 1828/2322/1213 1829/2323/1214
f 1822/2316/1207 1829/2323/1214 1830/2324/1244
f 1822/2316/1207 1830/2324/1244 1831/2325/1216
f 1822/2316/1207 1831/2325/1216 1832/2326/1217
f 1822/2316/1207 1832/2326/1217 1833/2327/1218
f 1822/2316/1207 1833/2327/1218 1834/2328/1219
f 1822/2316/1207 1834/2328/1219 1823/2317/1208
f 1835/2329/1220 1836/2330/1245 1824/2318/1209 1823/2317/1208
f 1836/2330/1245 1837/2331/1222 1825/2319/1210 1824/2318/1209
f 1837/2331/1222 1838/2332/1223 1826/2320/1211 1825/2319/1210
f 1838/2332/1223 1839/2333/1224 1827/2321/1212 1826/2320/1211
f 1839/2333/1224 1840/2334/1225 1828/2322/1213 1827/2321/1212
f 1840/2334/1225 1841/2335/1226 1829/2323/1214 1828/2322/1213
f 1841/2335/1226 1842/2336/1227 1830/2324/1244 1829/2323/1214
f 1842/2336/1227 1843/2337/1228 1831/2325/1216 1830/2324/1244
f 1843/2337/1228 1844/2338/1229 1832/2326/1217 1831/2325/1216
f 1844/2338/1229 1845/2339/1230 1833/2327/1218 1832/2326/1217
f 1845/2339/1230 1846/2340/1231 1834/2328/1219 1833/2327/1218
f 1846/2340/1231 1835/2329/1220 1823/2317/1208 1834/2328/1219
f 1847/2341/1232 1848/2342/1233 1836/2330/1245 1835/2329/1220
f 1848/2342/1233 1849/2343/1234 1837/2331/1222 1836/2330/1245
f 1849/2343/1234 1850/2344/1235 1838/2332/1223 1837/2331/1222
f 1850/2344/1235 1851/2345/1246 1839/2333/1224 1838/2332/1223
f 1851/2345/1246 1852/2346/1237 1840/2334/1225 1839/2333/1224
f 1852/2346/1237 1853/2347/1238 1841/2335/1226 1840/2334/1225
f 1853/2347/1238 1854/2348/1247 1842/2336/1227 1841/2335/1226
f 1854/2348/1247 1855/2349/1240 1843/2337/1228 1842/2336/1227
f 1855/2349/1240 1856/2350/1241 1844/2338/1229 1843/2337/1228
f 1856/2350/1241 1857/2351/1242 1845/2339/1230 1844/2338/1229
f 1845/2339/1230 1857/2351/1242 1858/2352/1243 1846/2340/1231
f 1846/2340/1231 1858/2352/1243 1847/2341/1232 1835/2329/1220
f 1859/2353/1248 1860/2354/1249 1861/2355/1250
f 1859/2353/1248 1861/2355/1250 1862/2356/1251
f 1859/2353/1248 1862/2356/1251 1863/2357/1252
f 1859/2353/1248 1863/2357/1252 1864/2358/1253
f 1859/2353/1248 1864/2358/1253 1865/2359/1254
f 1859/2353/1248 1865/2359/1254 1866/2360/1255
f 1859/2353/1248 1866/2360/1255 1867/2361/1256
f 1859/2353/1248 1867/2361/1256 1868/2362/1257
f 1859/2353/1248 1868/2362/1257 1869/2363/1258
f 1859/2353/1248 1869/2363/1258 1870/2364/1259
f 1859/2353/1248 1870/2364/1259 1871/2365/1260
f 1859/2353/1248 1871/2365/1260 1860/2354/1249
f 1872/2366/1261 1873/2367/1262 1861/2355/1250 1860/2354/1249
f 1873/2367/1262 1874/2368/1263 1862/2356/1251 1861/2355/1250
f 1874/2368/1263 1875/2369/1264 1863/2357/1252 1862/2356/1251
f 1875/2369/1264 1876/2370/1265 1864/2358/1253 1863/2357/1252
f 1876/2370/1265 1877/2371/1266 1865/2359/1254 1864/2358/1253
f 1877/2371/1266 1878/2372/1267 1866/2360/1255 1865/2359/1254
f 1878/2372/1267 1879/2373/1268 1867/2361/1256 1866/2360/1255
f 1879/2373/1268 1880/2374/1269 1868/2362/1257 1867/2361/1256
f 1880/2374/1269 1881/2375/1270 1869/2363/1258 1868/2362/1257
f 1881/2375/1270 1882/2376/1271 1870/2364/1259 1869/2363/1258
f 1882/2376/1271 1883/2377/1272 1871/2365/1260 1870/2364/1259
f 1883/2377/1272 1872/2366/1261 1860/2354/1249 1871/2365/1260
f 1884/2378/1273 1885/2379/1274 1873/2367/1262 1872/2366/1261
f 1885/2379/1274 1886/2380/1275 1874/2368/1263 1873/2367/1262
f 1886/2380/1275 1887/2381/1276 1875/2369/1264 1874/2368/1263
f 1887/2381/1276 1888/2382/1277 1876/2370/1265 1875/2369/1264
f 1888/2382/1277 1889/2383/1278 1877/2371/1266 1876/2370/1265
f 1889/2383/1278 1890/2384/1279 1878/2372/1267 1877/2371/1266
f 1890/2384/1279 1891/2385/1280 1879/2373/1268 1878/2372/1267
f 1891/2385/1280 1892/2386/1281 1880/2374/1269 1879/2373/1268
f 1892/2386/1281 1893/2387/1282 1881/2375/1270 1880/2374/1269
f 1893/2387/1282 1894/2388/1283 1882/2376/1271 1881/2375/1270
f 1882/2376/1271 1894/2388/1283 1895/2389/1284 1883/2377/1272
f 1883/2377/1272 1895/2389/1284 1884/2378/1273 1872/2366/1261
f 1896/2390/1248 1897/2391/1249 1898/2392/1250
f 1896/2390/1248 1898/2392/1250 1899/2393/1251
f 1896/2390/1248 1899/2393/1251 1900/2394/1252
f 1896/2390/1248 1900/2394/1252 1901/2395/1253
f 1896/2390/1248 1901/2395/1253 1902/2396/1254
f 1896/2390/1248 1902/2396/1254 1903/2397/1255
f 1896/2390/1248 1903/2397/1255 1904/2398/1256
f 1896/2390/1248 1904/2398/1256 1905/2399/1257
f 1896/2390/1248 1905/2399/1257 1906/2400/1258
f 1896/2390/1248 1906/2400/1258 1907/2401/1259
f 1896/2390/1248 1907/2401/1259 1908/2402/1260
f 1896/2390/1248 1908/2402/1260 1897/2391/1249
f 1909/2403/1261 1910/2404/1262 1898/2392/1250 1897/2391/1249
f 1910/2404/1262 1911/2405/1263 1899/2393/1251 1898/2392/1250
f 1911/2405/1263 1912/2406/1264 1900/2394/1252 1899/2393/1251
f 1912/2406/1264 1913/2407/1265 1901/2395/1253 1900/2394/1252
f 1913/2407/1265 1914/2408/1266 1902/2396/1254 1901/2395/1253
f 1914/2408/1266 1915/2409/1267 1903/2397/1255 1902/2396/1254
f 1915/2409/1267 1916/2410/1268 1904/2398/1256 1903/2397/1255
f 1916/2410/1268 1917/2411/1269 1905/2399/1257 1904/2398/1256
f 1917/2411/1269 1918/2412/1270 1906/2400/1258 1905/2399/1257
f 1918/2412/1270 1919/2413/1285 1907/2401/1259 1906/2400/1258
f 1919/2413/1285 1920/2414/1272 1908/2402/1260 1907/2401/1259
f 1920/2414/1272 1909/2403/1261 1897/2391/1249 1908/2402/1260
f 1921/2415/1273 1922/2416/1274 1910/2404/1262 1909/2403/1261
f 1922/2416/1274 1923/2417/1275 1911/2405/1263 1910/2404/1262
f 1923/2417/1275 1924/2418/1276 1912/2406/1264 1911/2405/1263
f 1924/2418/1276 1925/2419/1277 1913/2407/1265 1912/2406/1264
f 1925/2419/1277 1926/2420/1278 1914/2408/1266 1913/2407/1265
f 1926/2420/1278 1927/2421/1279 1915/2409/1267 1914/2408/1266
f 1927/2421/1279 1928/2422/1280 1916/2410/1268 1915/2409/1267
f 1928/2422/1280 1929/2423/1281 1917/2411/1269 1916/2410/1268
f 1929/2423/1281 1930/2424/1282 1918/2412/1270 1917/2411/1269
f 1930/2424/1282 1931/2425/1283 1919/2413/1285 1918/2412/1270
f 1931/2425/1283 1932/2426/1286 1920/2414/1272 1919/2413/1285
f 1920/2414/1272 1932/2426/1286 1921/2415/1273 1909/2403/1261
f 1933/2427/1248 1934/2428/1249 1935/2429/1250
f 1933/2427/1248 1935/2429/1250 1936/2430/1251
f 1933/2427/1248 1936/2430/1251 1937/2431/1252
f 1933/2427/1248 1937/2431/1252 1938/2432/1253
f 1933/2427/1248 1938/2432/1253 1939/2433/1254
f 1933/2427/1248 1939/2433/1254 1940/2434/1255
f 1933/2427/1248 1940/2434/1255 1941/2435/1256
f 1933/2427/1248 1941/2435/1256 1942/2436/1257
f 1933/2427/1248 1942/2436/1257 1943/2437/1258
f 1933/2427/1248 1943/2437/1258 1944/2438/1287
f 1933/2427/1248 1944/2438/1287 1945/2439/1260
f 1933/2427/1248 1945/2439/1260 1934/2428/1249
f 1946/2440/1261 1947/2441/1262 1935/2429/1250 1934/2428/1249
f 1947/2441/1262 1948/2442/1263 1936/2430/1251 1935/2429/1250
f 1948/2442/1263 1949/2443/1288 1937/2431/1252 1936/2430/1251
f 1949/2443/1288 1950/2444/1265 1938/2432/1253 1937/2431/1252
f 1950/2444/1265 1951/2445/1266 1939/2433/1254 1938/2432/1253
f 1951/2445/1266 1952/2446/1267 1940/2434/1255 1939/2433/1254
f 1952/2446/1267 1953/2447/1268 1941/2435/1256 1940/2434/1255
f 1953/2447/1268 1954/2448/1269 1942/2436/1257 1941/2435/1256
f 1954/2448/1269 1955/2449/1270 1943/2437/1258 1942/2436/1257
f 1955/2449/1270 1956/2450/1285 1944/2438/1287 1943/2437/1258
f 1956/2450/1285 1957/2451/1272 1945/2439/1260 1944/2438/1287
f 1957/2451/1272 1946/2440/1261 1934/2428/1249 1945/2439/1260
f 1958/2452/1273 1959/2453/1274 1947/2441/1262 1946/2440/1261
f 1959/2453/1274 1960/2454/1289 1948/2442/1263 1947/2441/1262
f 1960/2454/1289 1961/2455/1276 1949/2443/1288 1948/2442/1263
f 1961/2455/1276 1962/2456/1277 1950/2444/1265 1949/2443/1288
f 1962/2456/1277 1963/2457/1278 1951/2445/1266 1950/2444/1265
f 1963/2457/1278 1964/2458/1279 1952/2446/1267 1951/2445/1266
f 1964/2458/1279 1965/2459/1280 1953/2447/1268 1952/2446/1267
f 1965/2459/1280 1966/2460/1281 1954/2448/1269 1953/2447/1268
f 1966/2460/1281 1967/2461/1282 1955/2449/1270 1954/2448/1269
f 1967/2461/1282 1968/2462/1283 1956/2450/1285 1955/2449/1270
f 1968/2462/1283 1969/2463/1286 1957/2451/1272 1956/2450/1285
f 1957/2451/1272 1969/2463/1286 1958/2452/1273 1946/2440/1261
f 1970/2464/1290 1971/2465/1291 1972/2466/1292
f 1970/2464/1290 1973/2467/1293 1971/2465/1291
f 1970/2464/1290 1974/2468/1294 1973/2467/1293
f 1970/2464/1290 1975/2469/1295 1974/2468/1294
f 1970/2464/1290 1976/2470/1296 1975/2469/1295
f 1970/2464/1290 1977/2471/1297 1976/2470/1296
f 1970/2464/1290 1978/2472/1298 1977/2471/1297
f 1970/2464/1290 1979/2473/1299 1978/2472/1298
f 1970/2464/1290 1980/2474/1300 1979/2473/1299
f 1970/2464/1290 1981/2475/1301 1980/2474/1300
f 1970/2464/1290 1982/2476/1302 1981/2475/1301
f 1970/2464/1290 1972/2466/1292 1982/2476/1302
f 1971/2465/1291 1983/2477/1303 1984/2478/1304 1972/2466/1292
f 1973/2467/1293 1985/2479/1305 1983/2477/1303 1971/2465/1291
f 1974/2468/1294 1986/2480/1306 1985/2479/1305 1973/2467/1293
f 1975/2469/1295 1987/2481/1307 1986/2480/1306 1974/2468/1294
f 1976/2470/1296 1988/2482/1308 1987/2481/1307 1975/2469/1295
f 1977/2471/1297 1989/2483/1309 1988/2482/1308 1976/2470/1296
f 1978/2472/1298 1990/2484/1310 1989/2483/1309 1977/2471/1297
f 1979/2473/1299 1991/2485/1311 1990/2484/1310 1978/2472/1298
f 1980/2474/1300 1992/2486/1312 1991/2485/1311 1979/2473/1299
f 1981/2475/1301 1993/2487/1313 1992/2486/1312 1980/2474/1300
f 1982/2476/1302 1994/2488/1314 1993/2487/1313 1981/2475/1301
f 1972/2466/1292 1984/2478/1304 1994/2488/1314 1982/2476/1302
f 1983/2477/1303 1995/2489/1315 1996/2490/1316 1984/2478/1304
f 1985/2479/1305 1997/2491/1317 1995/2489/1315 1983/2477/1303
f 1986/2480/1306 1998/2492/1318 1997/2491/1317 1985/2479/1305
f 1987/2481/1307 1999/2493/1319 1998/2492/1318 1986/2480/1306
f 1988/2482/1308 2000/2494/1320 1999/2493/1319 1987/2481/1307
f 1989/2483/1309 2001/2495/1321 2000/2494/1320 1988/2482/1308
f 1990/2484/1310 2002/2496/1322 2001/2495/1321 1989/2483/1309
f 1991/2485/1311 2003/2497/1323 2002/2496/1322 1990/2484/1310
f 1992/2486/1312 2004/2498/1324 2003/2497/1323 1991/2485/1311
f 1993/2487/1313 2005/2499/1325 2004/2498/1324 1992/2486/1312
f 1993/2487/1313 1994/2488/1314 2006/2500/1326 2005/2499/1325
f 1994/2488/1314 1984/2478/1304 1996/2490/1316 2006/2500/1326
f 2007/2501/1290 2008/2502/1291 2009/2503/1292
f 2007/2501/1290 2010/2504/1293 2008/2502/1291
f 2007/2501/1290 2011/2505/1294 2010/2504/1293
f 2007/2501/1290 2012/2506/1295 2011/2505/1294
f 2007/2501/1290 2013/2507/1296 2012/2506/1295
f 2007/2501/1290 2014/2508/1297 2013/2507/1296
f 2007/2501/1290 2015/2509/1327 2014/2508/1297
f 2007/2501/1290 2016/2510/1299 2015/2509/1327
f 2007/2501/1290 2017/2511/1300 2016/2510/1299
f 2007/2501/1290 2018/2512/1301 2017/2511/1300
f 2007/2501/1290 2019/2513/1302 2018/2512/1301
f 2007/2501/1290 2009/2503/1292 2019/2513/1302
f 2008/2502/1291 2020/2514/1303 2021/2515/1304 2009/2503/1292
f 2010/2504/1293 2022/2516/1305 2020/2514/1303 2008/2502/1291
f 2011/2505/1294 2023/2517/1306 2022/2516/1305 2010/2504/1293
f 2012/2506/1295 2024/2518/1307 2023/2517/1306 2011/2505/1294
f 2013/2507/1296 2025/2519/1308 2024/2518/1307 2012/2506/1295
f 2014/2508/1297 2026/2520/1309 2025/2519/1308 2013/2507/1296
f 2015/2509/1327 2027/2521/1328 2026/2520/1309 2014/2508/1297
f 2016/2510/1299 2028/2522/1329 2027/2521/1328 2015/2509/1327
f 2017/2511/1300 2029/2523/1312 2028/2522/1329 2016/2510/1299
f 2018/2512/1301 2030/2524/1313 2029/2523/1312 2017/2511/1300
f 2019/2513/1302 2031/2525/1314 2030/2524/1313 2018/2512/1301
f 2009/2503/1292 2021/2515/1304 2031/2525/1314 2019/2513/1302
f 2020/2514/1303 2032/2526/1315 2033/2527/1316 2021/2515/1304
f 2022/2516/1305 2034/2528/1317 2032/2526/1315 2020/2514/1303
f 2023/2517/1306 2035/2529/1318 2034/2528/1317 2022/2516/1305
f 2024/2518/1307 2036/2530/1330 2035/2529/1318 2023/2517/1306
f 2025/2519/1308 2037/2531/1331 2036/2530/1330 2024/2518/1307
f 2026/2520/1309 2038/2532/1321 2037/2531/1331 2025/2519/1308
f 2027/2521/1328 2039/2533/1332 2038/2532/1321 2026/2520/1309
f 2028/2522/1329 2040/2534/1333 2039/2533/1332 2027/2521/1328
f 2029/2523/1312 2041/2535/1324 2040/2534/1333 2028/2522/1329
f 2030/2524/1313 2042/2536/1325 2041/2535/1324 2029/2523/1312
f 2030/2524/1313 2031/2525/1314 2043/2537/1326 2042/2536/1325
f 2031/2525/1314 2021/2515/1304 2033/2527/1316 2043/2537/1326
f 2044/2538/1334 2045/2539/1335 2046/2540/1336
f 2044/2538/1334 2047/2541/1337 2045/2539/1335
f 2044/2538/1334 2048/2542/1338 2047/2541/1337
f 2044/2538/1334 2049/2543/1339 2048/2542/1338
f 2044/2538/1334 2050/2544/1340 2049/2543/1339
f 2044/2538/1334 2051/2545/1341 2050/2544/1340
f 2044/2538/1334 2052/2546/1342 2051/2545/1341
f 2044/2538/1334 2053/2547/1343 2052/2546/1342
f 2044/2538/1334 2054/2548/1344 2053/2547/1343
f 2044/2538/1334 2055/2549/1345 2054/2548/1344
f 2044/2538/1334 2056/2550/1346 2055/2549/1345
f 2044/2538/1334 2046/2540/1336 2056/2550/1346
f 2045/2539/1335 2057/2551/1347 2058/2552/1348 2046/2540/1336
f 2047/2541/1337 2059/2553/1349 2057/2551/1347 2045/2539/1335
f 2048/2542/1338 2060/2554/1350 2059/2553/1349 2047/2541/1337
f 2049/2543/1339 2061/2555/1351 2060/2554/1350 2048/2542/1338
f 2050/2544/1340 2062/2556/1352 2061/2555/1351 2049/2543/1339
f 2051/2545/1341 2063/2557/1353 2062/2556/1352 2050/2544/1340
f 2052/2546/1342 2064/2558/1354 2063/2557/1353 2051/2545/1341
f 2053/2547/1343 2065/2559/1355 2064/2558/1354 2052/2546/1342
f 2054/2548/1344 2066/2560/1356 2065/2559/1355 2053/2547/1343
f 2055/2549/1345 2067/2561/1357 2066/2560/1356 2054/2548/1344
f 2056/2550/1346 2068/2562/1358 2067/2561/1357 2055/2549/1345
f 2046/2540/1336 2058/2552/1348 2068/2562/1358 2056/2550/1346
f 2057/2551/1347 2069/2563/1359 2070/2564/1360 2058/2552/1348
f 2059/2553/1349 2071/2565/1361 2069/2563/1359 2057/2551/1347
f 2060/2554/1350 2072/2566/1362 2071/2565/1361 2059/2553/1349
f 2061/2555/1351 2073/2567/1363 2072/2566/1362 2060/2554/1350
f 2062/2556/1352 2074/2568/1364 2073/2567/1363 2061/2555/1351
f 2063/2557/1353 2075/2569/1365 2074/2568/1364 2062/2556/1352
f 2064/2558/1354 2076/2570/1366 2075/2569/1365 2063/2557/1353
f 2065/2559/1355 2077/2571/1367 2076/2570/1366 2064/2558/1354
f 2066/2560/1356 2078/2572/1368 2077/2571/1367 2065/2559/1355
f 2067/2561/1357 2079/2573/1369 2078/2572/1368 2066/2560/1356
f 2068/2562/1358 2080/2574/1370 2079/2573/1369 2067/2561/1357
f 2068/2562/1358 2058/2552/1348 2070/2564/1360 2080/2574/1370
f 2081/2575/1334 2082/2576/1335 2083/2577/1336
f 2081/2575/1334 2084/2578/1337 2082/2576/1335
f 2081/2575/1334 2085/2579/1338 2084/2578/1337
f 2081/2575/1334 2086/2580/1339 2085/2579/1338
f 2081/2575/1334 2087/2581/1371 2086/2580/1339
f 2081/2575/1334 2088/2582/1341 2087/2581/1371
f 2081/2575/1334 2089/2583/1342 2088/2582/1341
f 2081/2575/1334 2090/2584/1343 2089/2583/1342
f 2081/2575/1334 2091/2585/1344 2090/2584/1343
f 2081/2575/1334 2092/2586/1345 2091/2585/1344
f 2081/2575/1334 2093/2587/1346 2092/2586/1345
f 2081/2575/1334 2083/2577/1336 2093/2587/1346
f 2082/2576/1335 2094/2588/1347 2095/2589/1348 2083/2577/1336
f 2084/2578/1337 2096/2590/1349 2094/2588/1347 2082/2576/1335
f 2085/2579/1338 2097/2591/1372 2096/2590/1349 2084/2578/1337
f 2086/2580/1339 2098/2592/1373 2097/2591/1372 2085/2579/1338
f 2087/2581/1371 2099/2593/1352 2098/2592/1373 2086/2580/1339
f 2088/2582/1341 2100/2594/1353 2099/2593/1352 2087/2581/1371
f 2089/2583/1342 2101/2595/1354 2100/2594/1353 2088/2582/1341
f 2090/2584/1343 2102/2596/1355 2101/2595/1354 2089/2583/1342
f 2091/2585/1344 2103/2597/1356 2102/2596/1355 2090/2584/1343
f 2092/2586/1345 2104/2598/1357 2103/2597/1356 2091/2585/1344
f 2093/2587/1346 2105/2599/1358 2104/2598/1357 2092/2586/1345
f 2083/2577/1336 2095/2589/1348 2105/2599/1358 2093/2587/1346
f 2094/2588/1347 2106/2600/1359 2107/2601/1360 2095/2589/1348
f 2096/2590/1349 2108/2602/1374 2106/2600/1359 2094/2588/1347
f 2097/2591/1372 2109/2603/1362 2108/2602/1374 2096/2590/1349
f 2098/2592/1373 2110/2604/1363 2109/2603/1362 2097/2591/1372
f 2099/2593/1352 2111/2605/1375 2110/2604/1363 2098/2592/1373
f 2100/2594/1353 2112/2606/1365 2111/2605/1375 2099/2593/1352
f 2101/2595/1354 2113/2607/1366 2112/2606/1365 2100/2594/1353
f 2102/2596/1355 2114/2608/1367 2113/2607/1366 2101/2595/1354
f 2103/2597/1356 2115/2609/1368 2114/2608/1367 2102/2596/1355
f 2104/2598/1357 2116/2610/1369 2115/2609/1368 2103/2597/1356
f 2105/2599/1358 2117/2611/1376 2116/2610/1369 2104/2598/1357
f 2105/2599/1358 2095/2589/1348 2107/2601/1360 2117/2611/1376
f 2118/2612/1334 2119/2613/1335 2120/2614/1336
f 2118/2612/1334 2121/2615/1337 2119/2613/1335
f 2118/2612/1334 2122/2616/1338 2121/2615/1337
f 2118/2612/1334 2123/2617/1339 2122/2616/1338
f 2118/2612/1334 2124/2618/1371 2123/2617/1339
f 2118/2612/1334 2125/2619/1341 2124/2618/1371
f 2118/2612/1334 2126/2620/1342 2125/2619/1341
f 2118/2612/1334 2127/2621/1343 2126/2620/1342
f 2118/2612/1334 2128/2622/1344 2127/2621/1343
f 2118/2612/1334 2129/2623/1345 2128/2622/1344
f 2118/2612/1334 2130/2624/1346 2129/2623/1345
f 2118/2612/1334 2120/2614/1336 2130/2624/1346
f 2119/2613/1335 2131/2625/1347 2132/2626/1348 2120/2614/1336
f 2121/2615/1337 2133/2627/1349 2131/2625/1347 2119/2613/1335
f 2122/2616/1338 2134/2628/1350 2133/2627/1349 2121/2615/1337
f 2123/2617/1339 2135/2629/1351 2134/2628/1350 2122/2616/1338
f 2124/2618/1371 2136/2630/1352 2135/2629/1351 2123/2617/1339
f 2125/2619/1341 2137/2631/1353 2136/2630/1352 2124/2618/1371
f 2126/2620/1342 2138/2632/1354 2137/2631/1353 2125/2619/1341
f 2127/2621/1343 2139/2633/1355 2138/2632/1354 2126/2620/1342
f 2128/2622/1344 2140/2634/1356 2139/2633/1355 2127/2621/1343
f 2129/2623/1345 2141/2635/1357 2140/2634/1356 2128/2622/1344
f 2130/2624/1346 2142/2636/1358 2141/2635/1357 2129/2623/1345
f 2120/2614/1336 2132/2626/1348 2142/2636/1358 2130/2624/1346
f 2131/2625/1347 2143/2637/1359 2144/2638/1360 2132/2626/1348
f 2133/2627/1349 2145/2639/1361 2143/2637/1359 2131/2625/1347
f 2134/2628/1350 2146/2640/1362 2145/2639/1361 2133/2627/1349
f 2135/2629/1351 2147/2641/1363 2146/2640/1362 2134/2628/1350
f 2136/2630/1352 2148/2642/1375 2147/2641/1363 2135/2629/1351
f 2137/2631/1353 2149/2643/1365 2148/2642/1375 2136/2630/1352
f 2138/2632/1354 2150/2644/1366 2149/2643/1365 2137/2631/1353
f 2139/2633/1355 2151/2645/1367 2150/2644/1366 2138/2632/1354
f 2140/2634/1356 2152/2646/1368 2151/2645/1367 2139/2633/1355
f 2141/2635/1357 2153/2647/1369 2152/2646/1368 2140/2634/1356
f 2142/2636/1358 2154/2648/1370 2153/2647/1369 2141/2635/1357
f 2142/2636/1358 2132/2626/1348 2144/2638/1360 2154/2648/1370
f 2155/2649/1377 2156/2650/1377 2157/2651/1377 2158/2652/1377
f 2159/2653/1378 2160/2654/1378 2161/2655/1378 2162/2656/1378
f 2163/2657/25 2164/2658/25 2165/2659/1379 2166/2660/25
f 2167/2661/1380 2168/2662/1380 2169/2663/1380 2170/2664/1380
f 2155/2649/1377 2158/2652/1377 2171/2665/1377 2172/2666/1377
f 2173/2667/91 2174/2668/91 2175/2669/91 2176/2670/91
f 2177/2671/1381 2178/2672/1378 2179/2673/1378 2180/2674/1382
f 2181/2675/115 2161/2655/115 2155/2676/115 2172/2677/115
f 2182/2678/1383 2183/2679/1384 2184/2680/1385 2185/2681/1386
f 2186/2682/1387 2187/2683/1388 2188/2684/1388 2189/2685/1389
f 2190/2686/25 2191/2687/25 2187/2683/25 2186/2682/25
f 2192/2688/1390 2182/2689/1391 2185/2690/1392 2193/2691/1393
f 2185/2681/1386 2184/2680/1385 2175/2669/1394 2174/2692/1394
f 2183/2679/1384 2182/2678/1383 2194/2693/1395 2177/2671/1396
f 2195/2694/1397 2188/2684/1388 2187/2683/1388 2196/2695/1397
f 2180/2674/1382 2197/2696/1389 2183/2679/1398 2177/2671/1381
f 2196/2695/25 2187/2683/25 2191/2687/25 2198/2697/25
f 2199/2698/25 2190/2686/25 2186/2682/25 2200/2699/1399
f 2193/2691/1393 2185/2690/1392 2174/2700/1400 2173/2701/1401
f 2201/2702/1390 2190/2703/1402 2199/2704/1403 2202/2705/1403
f 2158/2652/1377 2157/2651/1377 2169/2663/1377 2203/2706/1377
f 2170/2664/1378 2159/2653/1378 2162/2656/1378 2178/2672/1378
f 2204/2707/1404 2165/2659/1379 2164/2658/25 2205/2708/25
f 2159/2653/1380 2157/2651/1380 2156/2650/1380 2160/2654/1380
f 2158/2652/1377 2203/2706/1377 2206/2709/1377 2171/2665/1377
f 2162/2656/1378 2161/2655/1378 2181/2675/1378 2207/2710/1378
f 2208/2711/1377 2164/2712/1377 2163/2713/1377 2209/2714/1377
f 2210/2715/91 2195/2694/91 2196/2695/91 2198/2716/91
f 2211/2717/1405 2212/2718/1406 2213/2719/1407 2214/2720/1407
f 2215/2721/115 2209/2722/115 2163/2723/115 2166/2660/115
f 2189/2685/1389 2188/2684/1388 2216/2724/1388 2217/2725/1387
f 2190/2703/1402 2201/2702/1390 2218/2726/1393 2191/2727/1393
f 2188/2684/1388 2195/2694/1397 2219/2728/1397 2216/2724/1388
f 2189/2685/1389 2220/2729/1408 2200/2699/1409 2186/2682/1387
f 2210/2730/1400 2198/2731/1400 2191/2727/1393 2218/2726/1393
f 2221/2732/1402 2201/2702/1390 2202/2705/1403 2222/2733/1403
f 2202/2705/1403 2199/2704/1403 2205/2734/1377 2223/2735/1377
f 2215/2721/1378 2166/2660/1378 2165/2659/1410 2224/2736/1411
f 2225/2737/1412 2165/2738/1379 2204/2739/1404 2226/2740/1413
f 2227/2741/1414 2200/2742/1409 2220/2743/1408 2228/2744/1414
f 2228/2744/1415 2220/2743/1416 2229/2745/1417 2230/2746/1418
f 2231/2747/1419 2224/2748/1411 2165/2738/1410 2225/2737/1419
f 2232/2749/1420 2233/2750/1421 2234/2751/1422 2235/2752/1423
f 2233/2750/1424 2236/2753/1424 2237/2754/1425 2234/2751/1426
f 2238/2755/1427 2239/2756/1428 2240/2757/1429 2241/2758/1430
f 2240/2759/1431 2242/2760/1431 2243/2761/1432 2241/2762/1433
f 2226/2740/1413 2227/2741/1434 2233/2750/1421 2232/2749/1420
f 2227/2741/1414 2228/2744/1414 2236/2753/1424 2233/2750/1424
f 2230/2746/1418 2231/2763/1435 2240/2757/1429 2239/2756/1428
f 2231/2747/1419 2225/2737/1419 2242/2760/1431 2240/2759/1431
f 2244/2764/1436 2245/2765/1437 2243/2761/1438 2235/2752/1439
f 2246/2766/1440 2234/2751/1426 2237/2754/1425 2247/2767/1441
f 2247/2767/1442 2237/2754/1443 2238/2755/1444 2248/2768/1445
f 2249/2769/1446 2241/2762/1433 2243/2761/1432 2245/2765/1447
f 2250/2770/1448 2251/2771/1449 2245/2765/1450 2244/2764/1451
f 2252/2772/1452 2246/2766/1440 2247/2767/1441 2253/2773/1453
f 2253/2773/1454 2247/2767/1455 2248/2768/1456 2254/2774/1457
f 2251/2771/1458 2255/2775/1459 2249/2769/1446 2245/2765/1447
f 2256/2776/1460 2257/2777/1461 2258/2778/1462
f 2256/2776/1463 2259/2779/1464 2260/2780/1465 2257/2777/1466
f 2214/2781/1467 2261/2782/1468 2260/2780/1469 2262/2783/1470
f 2263/2784/1471 2264/2785/1472 2265/2786/1473 2266/2787/1474
f 2267/2788/1475 2268/2789/1476 2269/2790/1477 2270/2791/1478
f 2267/2788/1479 2271/2792/1480 2272/2793/1481 2268/2789/1482
f 2273/2794/1483 2274/2795/1484 2275/2796/1485 2276/2797/1486
f 2274/2798/1487 2273/2799/1488 2277/2800/1489 2278/2801/1487
f 2194/2693/1395 2168/2802/91 2167/2661/91 2177/2671/1396
f 2171/2665/1377 2279/2803/1377 2280/2804/1377 2172/2666/1377
f 2173/2667/91 2176/2670/91 2219/2728/91 2281/2805/91
f 2207/2710/1378 2282/2806/1378 2283/2807/1378 2179/2673/1378
f 2221/2732/1402 2192/2688/1390 2193/2691/1393 2284/2808/1393
f 2197/2696/1389 2180/2674/1382 2285/2809/1490 2217/2725/1387
f 2284/2808/1393 2193/2691/1393 2173/2701/1401 2281/2810/1400
f 2286/2811/1403 2222/2733/1403 2287/2812/1377 2206/2709/1377
f 2181/2675/1378 2288/2813/1378 2282/2806/1378 2207/2710/1378
f 2197/2696/1389 2289/2814/1388 2184/2680/1491 2183/2679/1398
f 2289/2814/1388 2176/2670/1397 2175/2669/1397 2184/2680/1491
f 2182/2689/1391 2192/2688/1390 2286/2811/1403 2194/2815/1492
f 2172/2677/115 2280/2816/115 2288/2813/115 2181/2675/115
f 2156/2817/115 2155/2676/115 2161/2655/115 2160/2654/115
f 2217/2725/1387 2216/2724/1388 2289/2814/1388 2197/2696/1389
f 2216/2724/1388 2219/2728/1397 2176/2670/1397 2289/2814/1388
f 2192/2688/1390 2221/2732/1402 2222/2733/1403 2286/2811/1403
f 2279/2803/1377 2208/2711/1377 2209/2714/1377 2280/2804/1377
f 2281/2805/91 2219/2728/91 2195/2694/91 2210/2715/91
f 2282/2806/1378 2224/2736/1411 2229/2818/1378 2283/2807/1378
f 2201/2702/1390 2221/2732/1402 2284/2808/1393 2218/2726/1393
f 2217/2725/1387 2285/2809/1490 2220/2729/1408 2189/2685/1389
f 2218/2726/1393 2284/2808/1393 2281/2810/1400 2210/2730/1400
f 2222/2733/1403 2202/2705/1403 2223/2735/1377 2287/2812/1377
f 2288/2813/1378 2215/2721/1378 2224/2736/1411 2282/2806/1378
f 2280/2816/115 2209/2722/115 2215/2721/115 2288/2813/115
f 2270/2791/1478 2250/2770/1448 2252/2772/1493 2267/2788/1475
f 2267/2788/1479 2252/2772/1452 2253/2773/1453 2271/2792/1480
f 2254/2774/1457 2255/2819/1494 2273/2794/1483 2276/2797/1486
f 2255/2775/1459 2251/2771/1458 2277/2800/1489 2273/2799/1488
f 2269/2790/1477 2268/2789/1476 2256/2776/1460 2258/2778/1462
f 2268/2789/1482 2272/2793/1481 2259/2779/1464 2256/2776/1463
f 2262/2783/1470 2275/2796/1485 2274/2795/1484 2264/2820/1495
f 2278/2801/1487 2265/2786/1473 2264/2785/1472 2274/2798/1487
f 2266/2787/1474 2212/2718/1406 2211/2717/1405 2263/2784/1471
f 2261/2821/1496 2290/2822/1497 2257/2777/1466 2260/2780/1465
f 2170/2664/1380 2169/2663/1380 2157/2651/1380 2159/2653/1380
f 2178/2672/1378 2162/2656/1378 2207/2710/1378 2179/2673/1378
f 2203/2706/1377 2169/2663/1377 2168/2662/1377 2194/2815/1492
f 2167/2661/1378 2170/2664/1378 2178/2672/1378 2177/2671/1381
f 2200/2699/1399 2204/2707/1404 2205/2708/25 2199/2698/25
f 2203/2706/1377 2194/2815/1492 2286/2811/1403 2206/2709/1377
f 2205/2734/1377 2164/2712/1377 2208/2711/1377 2223/2735/1377
f 2227/2741/1434 2226/2740/1413 2204/2739/1404 2200/2742/1399
f 2231/2763/1435 2230/2746/1418 2229/2745/1417 2224/2823/1498
f 2242/2760/1499 2232/2749/1420 2235/2752/1423 2243/2761/1500
f 2239/2756/1428 2238/2755/1427 2237/2754/1501 2236/2753/1502
f 2226/2740/1413 2232/2749/1420 2242/2760/1499 2225/2737/1412
f 2230/2746/1418 2239/2756/1428 2236/2753/1502 2228/2744/1415
f 2246/2766/1503 2244/2764/1436 2235/2752/1439 2234/2751/1504
f 2248/2768/1445 2238/2755/1444 2241/2758/1505 2249/2824/1506
f 2252/2772/1493 2250/2770/1448 2244/2764/1451 2246/2766/1507
f 2254/2774/1457 2248/2768/1456 2249/2824/1508 2255/2819/1494
f 2269/2790/1477 2278/2801/1509 2277/2800/1510 2270/2791/1478
f 2275/2796/1485 2272/2793/1511 2271/2792/1512 2276/2797/1486
f 2283/2807/1378 2285/2809/1490 2180/2674/1382 2179/2673/1378
f 2287/2812/1377 2279/2803/1377 2171/2665/1377 2206/2709/1377
f 2229/2818/1378 2220/2729/1408 2285/2809/1490 2283/2807/1378
f 2223/2735/1377 2208/2711/1377 2279/2803/1377 2287/2812/1377
f 2250/2770/1448 2270/2791/1478 2277/2800/1510 2251/2771/1449
f 2253/2773/1454 2254/2774/1457 2276/2797/1486 2271/2792/1512
f 2278/2801/1509 2269/2790/1477 2258/2778/1462 2265/2786/1513
f 2275/2796/1485 2262/2783/1470 2259/2779/1514 2272/2793/1511
f 2213/2719/1407 2290/2822/1497 2261/2821/1496 2214/2720/1407
f 2266/2787/1515 2265/2786/1513 2258/2778/1462
f 2214/2781/1467 2262/2783/1470 2263/2825/1516 2211/2826/1517
f 2213/2719/1518 2258/2778/1462 2257/2777/1461 2290/2822/1519
f 2213/2719/1518 2212/2718/1520 2266/2787/1515 2258/2778/1462
f 2260/2780/1469 2259/2779/1514 2262/2783/1470
f 2262/2783/1470 2264/2820/1495 2263/2825/1516
f 2291/2827/5 2292/2828/5 2293/2829/5 2294/2830/5
f 2295/2831/1521 2296/2832/1522 2297/2833/1522 2298/2834/1521
f 2299/2835/1523 2295/2831/1523 2298/2834/1523 2300/2836/1523
f 2301/2837/1524 2292/2828/1524 2291/2827/1524 2302/2838/1524
f 2303/2839/1525 2304/2840/1525 2305/2841/1525 2306/2842/1525
f 2307/2843/1526 2308/2844/1527 2309/2845/1527 2310/2846/1526
f 2311/2847/1526 2312/2848/1526 2313/2849/1528 2314/2850/1528
f 2296/2832/1522 2315/2851/1529 2316/2852/1529 2297/2833/1522
f 2317/2853/57 2311/2854/57 2314/2855/57 2318/2856/57
f 2313/2857/5 2312/2858/5 2294/2830/5 2293/2829/5
f 2305/2841/1530 2309/2859/1530 2308/2860/1530 2306/2842/1530
f 2318/2856/57 2301/2837/57 2302/2838/57 2317/2853/57
f 2306/2861/5 2319/2862/5 2320/2863/5 2303/2839/5
f 2321/2864/5 2322/2865/5 2323/2866/5 2324/2867/5
f 2325/2868/5 2293/2829/5 2292/2828/5 2326/2869/5
f 2299/2835/5 2327/2870/5 2328/2871/5 2329/2872/5
f 2330/2873/5 2331/2874/5 2332/2875/5 2333/2876/5
f 2320/2863/1531 2334/2877/1531 2304/2840/1531 2303/2839/1531
f 2323/2866/1532 2335/2878/1532 2336/2879/1532 2324/2867/1532
f 2292/2828/1533 2301/2837/1533 2337/2880/1533 2326/2869/1533
f 2338/2881/1534 2327/2870/1534 2299/2835/1534 2300/2836/1534
f 2339/2882/1535 2331/2874/1535 2330/2873/1535 2340/2883/1535
f 2341/2884/1526 2342/2885/1526 2343/2886/233 2344/2887/233
f 2345/2888/1536 2346/2889/1536 2347/2890/1536 2348/2891/1536
f 2349/2892/1526 2350/2893/1526 2351/2894/1526 2352/2895/1526
f 2314/2850/1528 2313/2849/1528 2353/2896/1528 2354/2897/1528
f 2310/2898/57 2309/2899/57 2305/2900/57 2355/2901/57
f 2349/2902/57 2352/2903/57 2356/2904/57 2357/2905/57
f 2318/2856/57 2314/2855/57 2354/2906/57 2358/2907/57
f 2342/2908/57 2359/2909/57 2360/2910/57 2343/2911/57
f 2346/2912/57 2361/2913/57 2362/2914/57 2347/2915/57
f 2329/2872/5 2328/2871/5 2341/2916/5 2344/2917/5
f 2333/2876/5 2332/2875/5 2345/2918/5 2348/2919/5
f 2307/2920/5 2319/2862/5 2306/2861/5 2308/2921/5
f 2350/2922/5 2322/2865/5 2321/2864/5 2351/2923/5
f 2353/2924/5 2313/2857/5 2293/2829/5 2325/2868/5
f 2359/2909/57 2338/2881/57 2300/2836/57 2360/2910/57
f 2361/2913/57 2339/2882/57 2340/2883/57 2362/2914/57
f 2334/2877/57 2355/2901/57 2305/2900/57 2304/2840/57
f 2335/2878/57 2357/2905/57 2356/2904/57 2336/2879/57
f 2301/2837/57 2318/2856/57 2358/2907/57 2337/2880/57
f 2319/2862/5 2321/2864/5 2324/2867/5 2320/2863/5
f 2322/2865/5 2325/2868/5 2326/2869/5 2323/2866/5
f 2299/2835/5 2329/2872/5 2296/2925/5 2295/2831/5
f 2327/2870/5 2330/2873/5 2333/2876/5 2328/2871/5
f 2331/2874/5 2291/2827/5 2294/2830/5 2332/2875/5
f 2324/2867/1524 2336/2879/1524 2334/2877/1524 2320/2863/1524
f 2326/2869/1535 2337/2880/1535 2335/2878/1535 2323/2866/1535
f 2340/2883/1532 2330/2873/1532 2327/2870/1532 2338/2881/1532
f 2302/2838/1537 2291/2827/1537 2331/2874/1537 2339/2882/1537
f 2344/2887/233 2343/2886/233 2316/2926/1538 2315/2927/1538
f 2348/2891/1536 2347/2890/1536 2342/2885/1526 2341/2884/1526
f 2312/2848/1526 2311/2847/1526 2346/2889/1536 2345/2888/1536
f 2352/2895/1526 2351/2894/1526 2307/2843/1526 2310/2846/1526
f 2354/2897/1528 2353/2896/1528 2350/2893/1526 2349/2892/1526
f 2352/2903/57 2310/2898/57 2355/2901/57 2356/2904/57
f 2358/2907/57 2354/2906/57 2349/2902/57 2357/2905/57
f 2343/2911/57 2360/2910/57 2297/2928/57 2316/2929/57
f 2347/2915/57 2362/2914/57 2359/2909/57 2342/2908/57
f 2311/2854/57 2317/2853/57 2361/2913/57 2346/2912/57
f 2296/2925/5 2329/2872/5 2344/2917/5 2315/2930/5
f 2328/2871/5 2333/2876/5 2348/2919/5 2341/2916/5
f 2332/2875/5 2294/2830/5 2312/2858/5 2345/2918/5
f 2351/2923/5 2321/2864/5 2319/2862/5 2307/2920/5
f 2350/2922/5 2353/2924/5 2325/2868/5 2322/2865/5
f 2300/2836/57 2298/2834/57 2297/2928/57 2360/2910/57
f 2362/2914/57 2340/2883/57 2338/2881/57 2359/2909/57
f 2317/2853/57 2302/2838/57 2339/2882/57 2361/2913/57
f 2336/2879/57 2356/2904/57 2355/2901/57 2334/2877/57
f 2337/2880/57 2358/2907/57 2357/2905/57 2335/2878/57
f 2363/2931/5 2364/2932/5 2365/2933/1539 2366/2934/1539
f 2366/2934/1539 2365/2933/1539 2367/2935/1540 2368/2936/1540
f 2368/2936/1540 2367/2935/1540 2369/2937/1541 2370/2938/1541
f 2370/2938/1541 2369/2937/1541 2371/2939/1542 2372/2940/1542
f 2372/2940/1542 2371/2939/1542 2373/2941/57 2374/2942/57
f 2374/2942/57 2373/2941/57 2375/2943/1543 2376/2944/1544
f 2376/2944/1544 2375/2943/1543 2377/2945/1545 2378/2946/1545
f 2378/2946/1545 2377/2945/1545 2379/2947/1546 2380/2948/1546
f 2380/2948/1546 2379/2947/1546 2381/2949/1547 2382/2950/1547
f 2382/2950/1547 2381/2949/1547 2364/2932/5 2363/2931/5
f 2383/2951/57 2384/2952/1548 2385/2953/1548 2386/2954/57
f 2385/2953/1548 2384/2952/1548 2387/2955/1549 2388/2956/1549
f 2389/2957/1550 2390/2958/91 2391/2959/91 2392/2960/1550
f 2390/2961/91 2393/2962/1551 2394/2963/1551 2391/2964/91
f 2395/2965/1552 2396/2966/1553 2397/2967/1554 2398/2968/1554
f 2398/2968/1554 2397/2967/1554 2399/2969/5 2400/2970/5
f 2400/2970/5 2399/2969/5 2401/2971/1555 2402/2972/1555
f 2402/2972/1555 2401/2971/1555 2403/2973/1556 2404/2974/1556
f 2404/2974/1556 2403/2973/1556 2405/2975/115 2406/2976/115
f 2406/2976/115 2405/2975/115 2407/2977/1557 2408/2978/1557
f 2408/2978/1557 2407/2977/1557 2409/2979/1558 2410/2980/1558
f 2410/2980/1558 2409/2979/1558 2383/2951/57 2386/2954/57
f 2411/2981/27 2412/2982/27 2413/2983/27 2414/2984/27
f 2415/2985/27 2414/2984/27 2413/2983/27 2416/2986/27
f 2413/2983/27 2417/2987/27 2416/2986/27
f 2416/2986/27 2418/2988/27 2415/2985/27
f 2419/2989/27 2414/2984/27 2415/2985/27 2420/2990/27
f 2419/2989/27 2421/2991/27 2414/2984/27
f 2411/2981/27 2414/2984/27 2422/2992/27
f 2423/2993/25 2424/2994/25 2425/2995/25 2426/2996/25
f 2427/2997/25 2426/2996/25 2425/2995/25 2428/2998/25
f 2425/2995/25 2429/2999/25 2428/2998/25
f 2428/2998/25 2430/3000/25 2427/2997/25
f 2431/3001/25 2426/2996/25 2427/2997/25 2432/3002/25
f 2431/3001/25 2433/3003/25 2426/2996/25
f 2423/2993/25 2426/2996/25 2434/3004/25
f 2435/3005/57 2436/3006/1548 2432/3007/1548 2427/3008/57
f 2437/3009/1559 2431/3010/1559 2432/3007/1548 2436/3006/1548
f 2438/3011/91 2433/3012/91 2431/3010/1559 2437/3009/1559
f 2439/3013/1560 2426/3014/1560 2433/3015/91 2438/3016/91
f 2440/3017/1554 2434/3018/1554 2426/3014/1560 2439/3013/1560
f 2441/3019/5 2423/3020/5 2434/3018/1554 2440/3017/1554
f 2442/3021/1555 2424/3022/1555 2423/3020/5 2441/3019/5
f 2443/3023/1556 2425/3024/1556 2424/3022/1555 2442/3021/1555
f 2444/3025/115 2429/3026/115 2425/3024/1556 2443/3023/1556
f 2445/3027/1557 2428/3028/1557 2429/3026/115 2444/3025/115
f 2446/3029/1558 2430/3030/1558 2428/3028/1557 2445/3027/1557
f 2435/3005/57 2427/3008/57 2430/3030/1558 2446/3029/1558
f 2383/3031/27 2418/2988/27 2416/2986/27 2384/3032/27
f 2384/3032/27 2416/2986/27 2417/2987/27 2387/3033/27
f 2417/2987/27 2413/2983/27 2447/3034/27 2387/3033/27
f 2413/2983/27 2412/2982/27 2396/3035/27 2447/3034/27
f 2396/3035/27 2412/2982/27 2411/2981/27 2397/3036/27
f 2397/3036/27 2411/2981/27 2422/2992/27 2399/3037/27
f 2399/3037/27 2422/2992/27 2414/2984/27 2401/3038/27
f 2401/3038/27 2414/2984/27 2421/2991/27 2403/3039/27
f 2403/3039/27 2421/2991/27 2419/2989/27 2405/3040/27
f 2405/3040/27 2419/2989/27 2420/2990/27 2407/3041/27
f 2407/3041/27 2420/2990/27 2415/2985/27 2409/3042/27
f 2409/3042/27 2415/2985/27 2418/2988/27 2383/3031/27
f 2385/2953/25 2436/3006/25 2435/3005/25 2386/2954/25
f 2386/2954/25 2435/3005/25 2446/3029/25 2410/2980/25
f 2410/2980/25 2446/3029/25 2445/3027/25 2408/2978/25
f 2408/2978/25 2445/3027/25 2444/3025/25 2406/2976/25
f 2406/2976/25 2444/3025/25 2443/3023/25 2404/2974/25
f 2404/2974/25 2443/3023/25 2442/3021/25 2402/2972/25
f 2402/2972/25 2442/3021/25 2441/3019/25 2400/2970/25
f 2400/2970/25 2441/3019/25 2440/3017/25 2398/2968/25
f 2398/2968/25 2440/3017/25 2439/3013/25 2395/2965/25
f 2439/3013/25 2438/3016/25 2448/3043/25 2395/2965/25
f 2438/3011/25 2437/3009/25 2388/2956/25 2448/3044/25
f 2388/2956/25 2437/3009/25 2436/3006/25 2385/2953/25
f 2388/2956/1561 2387/2955/1561 2389/2957/1561 2392/2960/1561
f 2389/2957/27 2387/2955/27 2447/3045/27 2390/2958/27
f 2447/3046/27 2396/2966/27 2393/2962/27 2390/2961/27
f 2394/2963/25 2395/2965/25 2448/3043/25 2391/2964/25
f 2448/3044/25 2388/2956/25 2392/2960/25 2391/2959/25
f 2394/2963/1562 2393/2962/1562 2396/2966/1562 2395/2965/1562
f 2449/3047/1563 2450/3048/1564 2451/3049/1565 2452/3050/1566
f 2450/3048/1564 2453/3051/1567 2454/3052/1568 2451/3049/1565
f 2453/3051/1567 2455/3053/1569 2456/3054/1570 2454/3052/1568
f 2456/3055/1570 2455/3056/1569 2457/3057/1571 2458/3058/1572
f 2457/3057/1571 2459/3059/1573 2460/3060/1574 2458/3058/1572
f 2459/3059/1573 2461/3061/1575 2462/3062/1576 2460/3060/1574
f 2461/3061/1575 2463/3063/1577 2464/3064/1578 2462/3062/1576
f 2463/3063/1577 2465/3065/1579 2466/3066/1580 2464/3064/1578
f 2465/3065/1579 2467/3067/1581 2468/3068/1582 2466/3066/1580
f 2467/3067/1581 2469/3069/1583 2470/3070/1584 2468/3068/1582
f 2469/3069/1583 2471/3071/1585 2472/3072/1586 2470/3070/1584
f 2471/3071/1585 2449/3047/1563 2452/3050/1566 2472/3072/1586
f 2459/3073/27 2457/3074/27 2455/3075/27 2463/3076/27
f 2471/3077/27 2463/3076/27 2455/3075/27 2450/3078/27
f 2455/3075/27 2453/3079/27 2450/3078/27
f 2450/3078/27 2449/3080/27 2471/3077/27
f 2467/3081/27 2463/3076/27 2471/3077/27 2469/3082/27
f 2467/3081/27 2465/3083/27 2463/3076/27
f 2459/3073/27 2463/3076/27 2461/3084/27
f 2473/3085/1587 2474/3086/1588 2475/3087/1589 2476/3088/1590
f 2477/3089/1591 2476/3088/1590 2475/3087/1589 2478/3090/1592
f 2475/3087/1589 2479/3091/1593 2478/3090/1592
f 2478/3090/1592 2480/3092/1594 2477/3089/1591
f 2481/3093/1595 2476/3088/1590 2477/3089/1591 2482/3094/1596
f 2481/3093/1595 2483/3095/1597 2476/3088/1590
f 2473/3085/1587 2476/3088/1590 2484/3096/1598
f 2452/3050/1566 2451/3049/1565 2485/3097/1599 2486/3098/1600
f 2454/3052/1568 2487/3099/1601 2485/3097/1599 2451/3049/1565
f 2487/3099/1601 2454/3052/1568 2456/3054/1570 2488/3100/1602
f 2456/3055/1570 2458/3058/1572 2489/3101/1603 2488/3102/1602
f 2458/3058/1572 2460/3060/1574 2490/3103/1604 2489/3101/1603
f 2462/3062/1576 2491/3104/1605 2490/3103/1604 2460/3060/1574
f 2464/3064/1578 2492/3105/1606 2491/3104/1605 2462/3062/1576
f 2492/3105/1606 2464/3064/1578 2466/3066/1580 2493/3106/1607
f 2493/3106/1607 2466/3066/1580 2468/3068/1582 2494/3107/1608
f 2468/3068/1582 2470/3070/1584 2495/3108/1609 2494/3107/1608
f 2472/3072/1586 2496/3109/1610 2495/3108/1609 2470/3070/1584
f 2496/3109/1610 2472/3072/1586 2452/3050/1566 2486/3098/1600
f 2497/3110/1611 2498/3111/1612 2499/3112/1613 2500/3113/1614
f 2501/3114/1615 2502/3115/1616 2499/3112/1613 2498/3111/1612
f 2503/3116/1617 2504/3117/1618 2502/3115/1616 2501/3114/1615
f 2505/3118/1619 2506/3119/1620 2504/3120/1618 2503/3121/1617
f 2507/3122/1621 2508/3123/1622 2506/3119/1620 2505/3118/1619
f 2509/3124/1623 2510/3125/1624 2508/3123/1622 2507/3122/1621
f 2511/3126/1625 2512/3127/1626 2510/3125/1624 2509/3124/1623
f 2513/3128/1627 2514/3129/1628 2512/3127/1626 2511/3126/1625
f 2515/3130/1629 2516/3131/1630 2514/3129/1628 2513/3128/1627
f 2517/3132/1631 2518/3133/1632 2516/3131/1630 2515/3130/1629
f 2519/3134/1633 2520/3135/1634 2518/3133/1632 2517/3132/1631
f 2497/3110/1611 2500/3113/1614 2520/3135/1634 2519/3134/1633
f 2521/3136/1635 2522/3137/1636 2523/3138/1637 2524/3139/1638
f 2525/3140/1639 2526/3141/1640 2527/3142/1641 2528/3143/1642
f 2529/3144/1643 2530/3145/1644 2531/3146/1645 2532/3147/1646
f 2529/3148/1643 2533/3149/1647 2534/3150/1648 2530/3151/1644
f 2535/3152/1649 2536/3153/1650 2537/3154/1651 2538/3155/1652
f 2539/3156/1653 2540/3157/5 2541/3158/1654 2542/3159/1655
f 2539/3156/1653 2543/3160/1656 2544/3161/1657 2540/3157/5
f 2545/3162/1658 2546/3163/1659 2547/3164/1660 2548/3165/1661
f 2549/3166/1662 2550/3167/1663 2551/3168/1664 2552/3169/1665
f 2549/3166/1662 2553/3170/1666 2554/3171/1667 2550/3167/1663
f 2555/3172/1668 2556/3173/1669 2557/3174/1670 2558/3175/1671
f 2524/3139/1638 2523/3138/1637 2559/3176/1672 2560/3177/1673
f 2561/3178/1674 2498/3111/1612 2497/3110/1611 2562/3179/1675
f 2563/3180/1676 2562/3179/1675 2497/3110/1611 2519/3134/1633
f 2563/3180/1676 2519/3134/1633 2564/3181/1677 2565/3182/1678
f 2566/3183/1679 2555/3172/1668 2567/3184/1680 2568/3185/1681
f 2569/3186/1682 2568/3185/1681 2567/3184/1680 2528/3143/1642
f 2569/3186/1682 2528/3143/1642 2527/3142/1641 2570/3187/1683
f 2571/3188/1684 2572/3189/1685 2503/3116/1617 2501/3114/1615
f 2571/3188/1684 2501/3114/1615 2573/3190/1686 2574/3191/1687
f 2575/3192/1688 2525/3140/1639 2576/3193/1689 2577/3194/1690
f 2578/3195/1691 2577/3196/1690 2576/3197/1689 2535/3152/1649
f 2578/3195/1691 2535/3152/1649 2538/3155/1652 2579/3198/1692
f 2580/3199/1693 2505/3118/1619 2503/3121/1617 2572/3200/1685
f 2581/3201/1694 2582/3202/1695 2509/3124/1623 2507/3122/1621
f 2581/3201/1694 2507/3122/1621 2583/3203/1696 2584/3204/1697
f 2585/3205/1698 2536/3153/1650 2586/3206/1699 2587/3207/1700
f 2588/3208/1701 2587/3207/1700 2586/3206/1699 2548/3165/1661
f 2588/3208/1701 2548/3165/1661 2547/3164/1660 2589/3209/1702
f 2590/3210/1703 2511/3126/1625 2509/3124/1623 2582/3202/1695
f 2591/3211/1704 2592/3212/1705 2515/3130/1629 2513/3128/1627
f 2591/3211/1704 2513/3128/1627 2593/3213/1706 2594/3214/1707
f 2595/3215/1708 2545/3162/1658 2596/3216/1709 2597/3217/1710
f 2598/3218/1711 2597/3217/1710 2596/3216/1709 2558/3175/1671
f 2598/3218/1711 2558/3175/1671 2557/3174/1670 2599/3219/1712
f 2600/3220/1713 2517/3132/1631 2515/3130/1629 2592/3212/1705
f 2601/3221/1714 2561/3178/1674 2562/3179/1675 2602/3222/1715
f 2603/3223/1716 2602/3222/1715 2562/3179/1675 2563/3180/1676
f 2603/3223/1716 2563/3180/1676 2565/3182/1678 2604/3224/1717
f 2560/3177/1673 2566/3183/1679 2568/3185/1681 2524/3139/1638
f 2521/3136/1635 2524/3139/1638 2568/3185/1681 2569/3186/1682
f 2521/3136/1635 2569/3186/1682 2570/3187/1683 2522/3137/1636
f 2605/3225/1718 2606/3226/1719 2572/3189/1685 2571/3188/1684
f 2605/3225/1718 2571/3188/1684 2574/3191/1687 2607/3227/1720
f 2532/3147/1646 2575/3192/1688 2577/3194/1690 2529/3144/1643
f 2533/3149/1647 2529/3148/1643 2577/3196/1690 2578/3195/1691
f 2533/3149/1647 2578/3195/1691 2579/3198/1692 2534/3150/1648
f 2608/3228/1721 2580/3199/1693 2572/3200/1685 2606/3229/1719
f 2609/3230/1722 2610/3231/1723 2582/3202/1695 2581/3201/1694
f 2609/3230/1722 2581/3201/1694 2584/3204/1697 2611/3232/1724
f 2542/3159/1655 2585/3205/1698 2587/3207/1700 2539/3156/1653
f 2543/3160/1656 2539/3156/1653 2587/3207/1700 2588/3208/1701
f 2543/3160/1656 2588/3208/1701 2589/3209/1702 2544/3161/1657
f 2612/3233/1725 2590/3210/1703 2582/3202/1695 2610/3231/1723
f 2613/3234/1726 2614/3235/1727 2592/3212/1705 2591/3211/1704
f 2613/3234/1726 2591/3211/1704 2594/3214/1707 2615/3236/1728
f 2552/3169/1665 2595/3215/1708 2597/3217/1710 2549/3166/1662
f 2553/3170/1666 2549/3166/1662 2597/3217/1710 2598/3218/1711
f 2553/3170/1666 2598/3218/1711 2599/3219/1712 2554/3171/1667
f 2616/3237/1729 2600/3220/1713 2592/3212/1705 2614/3235/1727
f 2617/3238/1730 2618/3239/1731 2619/3240/1732 2620/3241/1733
f 2621/3242/1734 2573/3190/1686 2622/3243/1735 2623/3244/1736
f 2624/3245/30 2625/3246/1737 2607/3227/1720 2626/3247/1738
f 2627/3248/1739 2628/3249/1740 2625/3250/1737 2624/3251/30
f 2629/3252/1741 2583/3203/1696 2630/3253/1742 2631/3254/1743
f 2632/3255/1744 2633/3256/1745 2634/3257/1746 2611/3232/1724
f 2635/3258/1747 2636/3259/1748 2634/3257/1746 2633/3256/1745
f 2637/3260/1749 2593/3213/1706 2638/3261/1750 2639/3262/1751
f 2640/3263/1752 2641/3264/1753 2615/3236/1728 2642/3265/1754
f 2643/3266/1755 2644/3267/1756 2641/3264/1753 2640/3263/1752
f 2645/3268/1757 2564/3181/1677 2646/3269/1758 2647/3270/1759
f 2620/3241/1733 2619/3240/1732 2604/3224/1717 2648/3271/1760
f 2556/3173/1669 2555/3172/1668 2566/3183/1679 2649/3272/1761
f 2650/3273/1762 2623/3244/1736 2622/3243/1735 2651/3274/1763
f 2526/3141/1640 2525/3140/1639 2575/3192/1688 2652/3275/1764
f 2653/3276/1765 2631/3254/1743 2630/3253/1742 2654/3277/1766
f 2585/3205/1698 2655/3278/1767 2537/3154/1651 2536/3153/1650
f 2656/3279/1768 2639/3262/1751 2638/3261/1750 2657/3280/1769
f 2546/3163/1659 2545/3162/1658 2595/3215/1708 2658/3281/1770
f 2659/3282/1771 2647/3270/1759 2646/3269/1758 2660/3283/1772
f 2560/3177/1673 2559/3176/1672 2649/3272/1761 2566/3183/1679
f 2618/3239/1731 2617/3238/1730 2650/3273/1762 2651/3274/1763
f 2532/3147/1646 2531/3146/1645 2652/3275/1764 2575/3192/1688
f 2628/3249/1740 2627/3248/1739 2653/3276/1765 2654/3277/1766
f 2542/3159/1655 2541/3158/1654 2655/3278/1767 2585/3205/1698
f 2636/3259/1748 2635/3258/1747 2656/3279/1768 2657/3280/1769
f 2552/3169/1665 2551/3168/1664 2658/3281/1770 2595/3215/1708
f 2644/3267/1756 2643/3266/1755 2659/3282/1771 2660/3283/1772
f 2661/3284/1773 2565/3182/1678 2564/3181/1677 2645/3268/1757
f 2662/3285/1774 2574/3191/1687 2573/3190/1686 2621/3242/1734
f 2583/3203/1696 2629/3252/1741 2663/3286/1775 2584/3204/1697
f 2664/3287/1776 2594/3214/1707 2593/3213/1706 2637/3260/1749
f 2604/3224/1717 2565/3182/1678 2661/3284/1773 2648/3271/1760
f 2607/3227/1720 2574/3191/1687 2662/3285/1774 2626/3247/1738
f 2611/3232/1724 2584/3204/1697 2663/3286/1775 2632/3255/1744
f 2615/3236/1728 2594/3214/1707 2664/3287/1776 2642/3265/1754
f 2618/3239/1731 2601/3221/1714 2602/3222/1715 2619/3240/1732
f 2573/3190/1686 2501/3114/1615 2498/3111/1612 2622/3243/1735
f 2625/3246/1737 2606/3226/1719 2605/3225/1718 2607/3227/1720
f 2628/3249/1740 2608/3228/1721 2606/3229/1719 2625/3250/1737
f 2583/3203/1696 2507/3122/1621 2505/3118/1619 2630/3253/1742
f 2611/3232/1724 2634/3257/1746 2610/3231/1723 2609/3230/1722
f 2636/3259/1748 2612/3233/1725 2610/3231/1723 2634/3257/1746
f 2593/3213/1706 2513/3128/1627 2511/3126/1625 2638/3261/1750
f 2641/3264/1753 2614/3235/1727 2613/3234/1726 2615/3236/1728
f 2644/3267/1756 2616/3237/1729 2614/3235/1727 2641/3264/1753
f 2564/3181/1677 2519/3134/1633 2517/3132/1631 2646/3269/1758
f 2619/3240/1732 2602/3222/1715 2603/3223/1716 2604/3224/1717
f 2561/3178/1674 2651/3274/1763 2622/3243/1735 2498/3111/1612
f 2580/3199/1693 2654/3277/1766 2630/3253/1742 2505/3118/1619
f 2590/3210/1703 2657/3280/1769 2638/3261/1750 2511/3126/1625
f 2600/3220/1713 2660/3283/1772 2646/3269/1758 2517/3132/1631
f 2601/3221/1714 2618/3239/1731 2651/3274/1763 2561/3178/1674
f 2608/3228/1721 2628/3249/1740 2654/3277/1766 2580/3199/1693
f 2612/3233/1725 2636/3259/1748 2657/3280/1769 2590/3210/1703
f 2616/3237/1729 2644/3267/1756 2660/3283/1772 2600/3220/1713
f 2620/3241/25 2523/3138/25 2522/3137/1777 2617/3238/1777
f 2620/3241/25 2648/3271/1778 2559/3176/1778 2523/3138/25
f 2661/3284/1779 2649/3272/1780 2559/3176/1778 2648/3271/1778
f 2645/3268/1781 2556/3173/1781 2649/3272/1780 2661/3284/1779
f 2647/3270/1782 2557/3174/1783 2556/3173/1781 2645/3268/1781
f 2647/3270/1782 2659/3282/1784 2599/3219/1785 2557/3174/1783
f 2643/3266/1786 2554/3171/1787 2599/3219/1785 2659/3282/1784
f 2640/3263/25 2550/3167/25 2554/3171/1787 2643/3266/1786
f 2640/3263/25 2642/3265/1788 2551/3168/1789 2550/3167/25
f 2642/3265/1788 2664/3287/1790 2658/3281/1791 2551/3168/1789
f 2637/3260/1792 2546/3163/1793 2658/3281/1791 2664/3287/1790
f 2637/3260/1792 2639/3262/1794 2547/3164/1795 2546/3163/1793
f 2589/3209/1796 2547/3164/1795 2639/3262/1794 2656/3279/1797
f 2656/3279/1797 2635/3258/1798 2544/3161/1799 2589/3209/1796
f 2633/3256/1800 2540/3157/25 2544/3161/1799 2635/3258/1798
f 2633/3256/1800 2632/3255/1801 2541/3158/1802 2540/3157/25
f 2663/3286/1803 2655/3278/1804 2541/3158/1802 2632/3255/1801
f 2655/3278/1804 2663/3286/1803 2629/3252/1805 2537/3154/1806
f 2631/3254/1807 2538/3155/1807 2537/3154/1806 2629/3252/1805
f 2631/3254/1807 2653/3276/1808 2579/3198/1809 2538/3155/1807
f 2627/3248/1810 2534/3150/1811 2579/3198/1809 2653/3276/1808
f 2624/3251/25 2530/3151/25 2534/3150/1811 2627/3248/1810
f 2624/3245/25 2626/3247/1812 2531/3146/1812 2530/3145/25
f 2662/3285/1813 2652/3275/1814 2531/3146/1812 2626/3247/1812
f 2621/3242/1782 2526/3141/1783 2652/3275/1814 2662/3285/1813
f 2623/3244/1815 2527/3142/1815 2526/3141/1783 2621/3242/1782
f 2623/3244/1815 2650/3273/1816 2570/3187/1817 2527/3142/1815
f 2650/3273/1816 2617/3238/1777 2522/3137/1777 2570/3187/1817
f 2486/3098/1600 2485/3097/1599 2528/3143/1642 2567/3184/1680
f 2487/3099/1601 2525/3140/1639 2528/3143/1642 2485/3097/1599
f 2525/3140/1639 2487/3099/1601 2488/3100/1602 2576/3193/1689
f 2488/3102/1602 2489/3101/1603 2535/3152/1649 2576/3197/1689
f 2490/3103/1604 2536/3153/1650 2535/3152/1649 2489/3101/1603
f 2491/3104/1605 2586/3206/1699 2536/3153/1650 2490/3103/1604
f 2492/3105/1606 2548/3165/1661 2586/3206/1699 2491/3104/1605
f 2493/3106/1607 2545/3162/1658 2548/3165/1661 2492/3105/1606
f 2545/3162/1658 2493/3106/1607 2494/3107/1608 2596/3216/1709
f 2494/3107/1608 2495/3108/1609 2558/3175/1671 2596/3216/1709
f 2496/3109/1610 2555/3172/1668 2558/3175/1671 2495/3108/1609
f 2555/3172/1668 2496/3109/1610 2486/3098/1600 2567/3184/1680
f 2477/3288/1591 2500/3113/1818 2499/3112/1819 2482/3289/1596
f 2482/3289/1596 2499/3112/1819 2502/3115/1820 2481/3290/1595
f 2481/3290/1595 2502/3115/1820 2504/3117/1821 2483/3291/1597
f 2483/3292/1597 2504/3120/1821 2506/3119/1822 2476/3293/1590
f 2476/3293/1590 2506/3119/1822 2508/3123/1823 2484/3294/1598
f 2484/3294/1598 2508/3123/1823 2510/3125/1824 2473/3295/1587
f 2473/3295/1587 2510/3125/1824 2512/3127/1825 2474/3296/1588
f 2474/3296/1588 2512/3127/1825 2514/3129/1826 2475/3297/1589
f 2475/3297/1589 2514/3129/1826 2516/3131/1827 2479/3298/1593
f 2479/3298/1593 2516/3131/1827 2518/3133/1828 2478/3299/1592
f 2478/3299/1592 2518/3133/1828 2520/3135/1829 2480/3300/1594
f 2480/3300/1594 2520/3135/1829 2500/3113/1818 2477/3288/1591
f 2665/3301/57 2666/3302/57 2667/3303/1830 2668/3304/1830
f 2668/3304/1830 2667/3303/1830 2669/3305/1831 2670/3306/1832
f 2671/3307/1833 2672/3308/91 2673/3309/91 2674/3310/1833
f 2673/3309/91 2672/3308/91 2675/3311/1834 2676/3312/1834
f 2677/3313/1835 2678/3314/1836 2679/3315/1837 2680/3316/1837
f 2680/3316/1837 2679/3315/1837 2681/3317/5 2682/3318/5
f 2682/3318/5 2681/3317/5 2683/3319/1838 2684/3320/1838
f 2684/3320/1838 2683/3319/1838 2685/3321/1839 2686/3322/1839
f 2686/3322/1839 2685/3321/1839 2687/3323/115 2688/3324/115
f 2688/3325/115 2687/3326/115 2689/3327/1840 2690/3328/1841
f 2690/3328/1841 2689/3327/1840 2691/3329/1842 2692/3330/1842
f 2692/3330/1842 2691/3329/1842 2666/3302/57 2665/3301/57
f 2687/3331/27 2685/3332/27 2683/3333/27 2691/3334/27
f 2693/3335/27 2691/3334/27 2683/3333/27 2679/3336/27
f 2683/3333/27 2681/3337/27 2679/3336/27
f 2679/3336/27 2678/3338/27 2693/3335/27
f 2667/3339/27 2691/3334/27 2693/3335/27 2669/3340/27
f 2667/3339/27 2666/3341/27 2691/3334/27
f 2687/3331/27 2691/3334/27 2689/3342/27
f 2694/3343/25 2695/3344/25 2696/3345/25 2697/3346/25
f 2698/3347/25 2697/3346/25 2696/3345/25 2699/3348/25
f 2696/3345/25 2700/3349/25 2699/3348/25
f 2699/3348/25 2701/3350/25 2698/3347/25
f 2702/3351/25 2697/3346/25 2698/3347/25 2703/3352/25
f 2702/3351/25 2704/3353/25 2697/3346/25
f 2694/3343/25 2697/3346/25 2705/3354/25
f 2668/3304/1830 2706/3355/1830 2707/3356/57 2665/3301/57
f 2670/3306/1832 2708/3357/1843 2706/3355/1830 2668/3304/1830
f 2708/3357/1843 2709/3358/91 2698/3359/91 2701/3360/1843
f 2709/3361/91 2710/3362/1844 2703/3363/1845 2698/3364/91
f 2680/3316/1837 2711/3365/1837 2710/3362/1844 2677/3313/1835
f 2682/3318/5 2712/3366/5 2711/3365/1837 2680/3316/1837
f 2684/3320/1838 2713/3367/1838 2712/3366/5 2682/3318/5
f 2686/3322/1839 2714/3368/1846 2713/3367/1838 2684/3320/1838
f 2688/3324/115 2715/3369/115 2714/3368/1846 2686/3322/1839
f 2690/3328/1841 2716/3370/1847 2715/3371/115 2688/3325/115
f 2692/3330/1842 2717/3372/1842 2716/3370/1847 2690/3328/1841
f 2665/3301/57 2707/3356/57 2717/3372/1842 2692/3330/1842
f 2718/3373/1848 2669/3305/1848 2693/3374/1848 2719/3375/1848
f 2693/3376/1849 2678/3314/1849 2720/3377/1849 2719/3378/1849
f 2721/3379/1850 2677/3313/1850 2722/3380/1850 2723/3381/1850
f 2722/3382/1851 2670/3306/1851 2724/3383/1852 2723/3384/1851
f 2724/3383/57 2670/3306/57 2669/3305/57 2718/3373/57
f 2719/3375/1853 2672/3308/1853 2671/3307/1853 2718/3373/1853
f 2675/3311/1854 2672/3308/1855 2719/3378/1855 2720/3377/1855
f 2720/3377/5 2721/3379/5 2676/3312/5 2675/3311/5
f 2723/3381/1856 2673/3309/1856 2676/3312/1857 2721/3379/1857
f 2674/3310/1858 2673/3309/1856 2723/3384/1856 2724/3383/1859
f 2674/3310/57 2724/3383/57 2718/3373/57 2671/3307/57
f 2678/3314/5 2677/3313/5 2721/3379/5 2720/3377/5
f 2707/3356/57 2706/3355/1830 2699/3385/1830 2700/3386/57
f 2708/3357/1843 2701/3360/1843 2699/3385/1830 2706/3355/1830
f 2708/3357/1843 2670/3306/1832 2722/3382/91 2709/3358/91
f 2709/3361/91 2722/3380/91 2677/3313/1835 2710/3362/1844
f 2711/3365/1837 2702/3387/1837 2703/3363/1845 2710/3362/1844
f 2712/3366/5 2704/3388/5 2702/3387/1837 2711/3365/1837
f 2713/3367/1838 2697/3389/1838 2704/3388/5 2712/3366/5
f 2714/3368/1846 2705/3390/1860 2697/3389/1838 2713/3367/1838
f 2725/3391/115 2726/3392/115 2727/3393/1861 2728/3394/1861
f 2729/3395/1862 2730/3396/1862 2726/3397/115 2725/3398/115
f 2717/3372/1842 2696/3399/1842 2695/3400/1863 2716/3370/1847
f 2707/3356/57 2700/3386/57 2696/3399/1842 2717/3372/1842
f 2727/3393/25 2726/3392/25 2694/3401/25 2705/3390/25
f 2727/3393/5 2705/3390/5 2714/3368/5 2728/3394/5
f 2728/3394/27 2714/3368/27 2715/3369/27 2725/3391/27
f 2729/3395/27 2725/3398/27 2715/3371/27 2716/3370/27
f 2716/3370/57 2695/3400/57 2730/3396/57 2729/3395/57
f 2730/3396/25 2695/3400/25 2694/3402/25 2726/3397/25
f 2731/3403/57 2732/3404/57 2733/3405/1548 2734/3406/1548
f 2734/3406/1548 2733/3405/1548 2735/3407/1559 2736/3408/1559
f 2736/3408/1559 2735/3407/1559 2737/3409/91 2738/3410/91
f 2738/3410/91 2737/3409/91 2739/3411/1560 2740/3412/1560
f 2740/3412/1560 2739/3411/1560 2741/3413/1554 2742/3414/1554
f 2742/3414/1554 2741/3413/1554 2743/3415/5 2744/3416/5
f 2744/3416/5 2743/3415/5 2745/3417/1555 2746/3418/1555
f 2746/3418/1555 2745/3417/1555 2747/3419/1556 2748/3420/1556
f 2748/3420/1556 2747/3419/1556 2749/3421/115 2750/3422/115
f 2750/3423/115 2749/3424/115 2751/3425/1557 2752/3426/1557
f 2752/3426/1557 2751/3425/1557 2753/3427/1558 2754/3428/1558
f 2754/3428/1558 2753/3427/1558 2732/3404/57 2731/3403/57
f 2741/3429/27 2739/3430/27 2737/3431/27 2745/3432/27
f 2753/3433/27 2745/3432/27 2737/3431/27 2733/3434/27
f 2737/3431/27 2735/3435/1864 2733/3434/27
f 2733/3434/27 2732/3436/1864 2753/3433/27
f 2749/3437/27 2745/3432/27 2753/3433/27 2751/3438/27
f 2749/3437/27 2747/3439/27 2745/3432/27
f 2741/3429/27 2745/3432/27 2743/3440/1865
f 2755/3441/25 2756/3442/25 2757/3443/25 2758/3444/25
f 2759/3445/25 2758/3444/25 2757/3443/25 2760/3446/25
f 2757/3443/25 2761/3447/25 2760/3446/25
f 2760/3446/25 2762/3448/25 2759/3445/25
f 2763/3449/25 2758/3444/25 2759/3445/25 2764/3450/25
f 2763/3449/25 2765/3451/25 2758/3444/25
f 2755/3441/25 2758/3444/25 2766/3452/25
f 2767/3453/1548 2768/3454/1548 2769/3455/57 2770/3456/57
f 2771/3457/1559 2772/3458/1559 2768/3454/1548 2767/3453/1548
f 2773/3459/91 2774/3460/91 2772/3458/1559 2771/3457/1559
f 2775/3461/1560 2776/3462/1560 2774/3460/91 2773/3459/91
f 2777/3463/1554 2778/3464/1554 2776/3462/1560 2775/3461/1560
f 2779/3465/5 2780/3466/5 2778/3464/1554 2777/3463/1554
f 2781/3467/1555 2782/3468/1555 2780/3466/5 2779/3465/5
f 2783/3469/1556 2784/3470/1556 2782/3468/1555 2781/3467/1555
f 2785/3471/115 2786/3472/115 2784/3470/1556 2783/3469/1556
f 2787/3473/1557 2788/3474/1557 2786/3475/115 2785/3476/115
f 2789/3477/1558 2790/3478/1558 2788/3474/1557 2787/3473/1557
f 2770/3456/57 2769/3455/57 2790/3478/1558 2789/3477/1558
f 2768/3479/25 2764/3450/25 2759/3445/25 2769/3480/25
f 2769/3480/25 2759/3445/25 2762/3448/25 2790/3481/25
f 2790/3481/25 2762/3448/25 2760/3446/25 2788/3482/25
f 2788/3482/25 2760/3446/25 2761/3447/25 2786/3483/25
f 2786/3483/25 2761/3447/25 2757/3443/25 2784/3484/25
f 2784/3484/25 2757/3443/25 2756/3442/25 2782/3485/25
f 2782/3485/25 2756/3442/25 2755/3441/25 2780/3486/25
f 2780/3486/25 2755/3441/25 2766/3452/25 2778/3487/25
f 2778/3487/25 2766/3452/25 2758/3444/25 2776/3488/25
f 2776/3488/25 2758/3444/25 2765/3451/25 2774/3489/25
f 2774/3489/25 2765/3451/25 2763/3449/25 2772/3490/25
f 2772/3490/25 2763/3449/25 2764/3450/25 2768/3479/25
f 2731/3403/27 2734/3406/27 2767/3453/27 2770/3456/27
f 2734/3406/27 2736/3408/27 2771/3457/27 2767/3453/27
f 2736/3408/27 2738/3410/27 2773/3459/27 2771/3457/27
f 2738/3410/27 2740/3412/27 2775/3461/27 2773/3459/27
f 2740/3412/27 2742/3414/27 2777/3463/27 2775/3461/27
f 2742/3414/27 2744/3416/27 2779/3465/27 2777/3463/27
f 2744/3416/27 2746/3418/27 2781/3467/27 2779/3465/27
f 2746/3418/27 2748/3420/27 2783/3469/27 2781/3467/27
f 2748/3420/27 2750/3422/27 2785/3471/27 2783/3469/27
f 2750/3423/27 2752/3426/27 2787/3473/27 2785/3476/27
f 2752/3426/27 2754/3428/27 2789/3477/27 2787/3473/27
f 2754/3428/27 2731/3403/27 2770/3456/27 2789/3477/27
f 2791/3491/57 2792/3492/1548 2793/3493/1548 2794/3494/57
f 2793/3493/1548 2792/3492/1548 2795/3495/1559 2796/3496/1559
f 2796/3496/1559 2795/3495/1559 2797/3497/91 2798/3498/91
f 2797/3497/91 2799/3499/1560 2800/3500/1560 2798/3498/91
f 2800/3500/1560 2799/3499/1560 2801/3501/1554 2802/3502/1554
f 2802/3502/1554 2801/3501/1554 2803/3503/5 2804/3504/5
f 2804/3504/5 2803/3503/5 2805/3505/1555 2806/3506/1555
f 2806/3506/1555 2805/3505/1555 2807/3507/1556 2808/3508/1556
f 2808/3508/1556 2807/3507/1556 2809/3509/115 2810/3510/115
f 2810/3511/115 2809/3512/115 2811/3513/1557 2812/3514/1557
f 2812/3514/1557 2811/3513/1557 2813/3515/1558 2814/3516/1558
f 2814/3516/1558 2813/3515/1558 2791/3491/57 2794/3494/57
f 2815/3517/27 2816/3518/27 2817/3519/27 2818/3520/27
f 2819/3521/27 2818/3520/27 2817/3519/27 2820/3522/27
f 2817/3519/27 2821/3523/27 2820/3522/27
f 2820/3522/27 2822/3524/27 2819/3521/27
f 2823/3525/27 2818/3520/27 2819/3521/27 2824/3526/27
f 2823/3525/27 2825/3527/27 2818/3520/27
f 2815/3517/27 2818/3520/27 2826/3528/27
f 2827/3529/25 2828/3530/25 2829/3531/25 2830/3532/25
f 2831/3533/25 2830/3532/25 2829/3531/25 2832/3534/25
f 2829/3531/25 2833/3535/25 2832/3534/25
f 2832/3534/25 2834/3536/25 2831/3533/25
f 2835/3537/25 2830/3532/25 2831/3533/25 2836/3538/25
f 2835/3537/25 2837/3539/25 2830/3532/25
f 2827/3529/25 2830/3532/25 2838/3540/25
f 2839/3541/57 2840/3542/1548 2841/3543/1548 2842/3544/57
f 2843/3545/1559 2844/3546/1866 2841/3543/1548 2840/3542/1548
f 2845/3547/91 2846/3548/91 2844/3546/1866 2843/3545/1559
f 2845/3547/91 2847/3549/1560 2848/3550/1867 2846/3548/91
f 2849/3551/1554 2850/3552/1554 2848/3550/1867 2847/3549/1560
f 2851/3553/5 2852/3554/5 2850/3552/1554 2849/3551/1554
f 2853/3555/1555 2854/3556/1555 2852/3554/5 2851/3553/5
f 2855/3557/1556 2856/3558/1868 2854/3556/1555 2853/3555/1555
f 2857/3559/115 2858/3560/115 2856/3558/1868 2855/3557/1556
f 2859/3561/1557 2860/3562/1869 2858/3563/115 2857/3564/115
f 2861/3565/1558 2862/3566/1558 2860/3562/1869 2859/3561/1557
f 2839/3541/57 2842/3544/57 2862/3566/1558 2861/3565/1558
f 2791/3491/27 2822/3567/27 2820/3568/27 2792/3492/27
f 2792/3492/27 2820/3568/27 2821/3569/27 2795/3495/27
f 2795/3495/27 2821/3569/27 2817/3570/27 2797/3497/27
f 2817/3570/27 2816/3571/27 2799/3499/27 2797/3497/27
f 2799/3499/27 2816/3571/27 2815/3572/27 2801/3501/27
f 2801/3501/27 2815/3572/27 2826/3573/27 2803/3503/27
f 2803/3503/27 2826/3573/27 2818/3574/27 2805/3505/27
f 2805/3505/27 2818/3574/27 2825/3575/27 2807/3507/27
f 2807/3507/27 2825/3575/27 2823/3576/27 2809/3509/27
f 2809/3512/27 2823/3577/27 2824/3578/27 2811/3513/27
f 2811/3513/27 2824/3578/27 2819/3579/27 2813/3515/27
f 2813/3515/27 2819/3579/27 2822/3567/27 2791/3491/27
f 2793/3493/25 2840/3542/25 2839/3541/25 2794/3494/25
f 2794/3494/25 2839/3541/25 2861/3565/25 2814/3516/25
f 2814/3516/25 2861/3565/25 2859/3561/25 2812/3514/25
f 2812/3514/25 2859/3561/25 2857/3564/25 2810/3511/25
f 2810/3510/25 2857/3559/25 2855/3557/25 2808/3508/25
f 2808/3508/25 2855/3557/25 2853/3555/25 2806/3506/25
f 2806/3506/25 2853/3555/25 2851/3553/25 2804/3504/25
f 2804/3504/25 2851/3553/25 2849/3551/25 2802/3502/25
f 2802/3502/25 2849/3551/25 2847/3549/25 2800/3500/25
f 2847/3549/25 2845/3547/25 2798/3498/25 2800/3500/25
f 2798/3498/25 2845/3547/25 2843/3545/25 2796/3496/25
f 2796/3496/25 2843/3545/25 2840/3542/25 2793/3493/25
f 2863/3580/25 2864/3581/25 2865/3582/25 2866/3583/25
f 2866/3583/25 2865/3582/25 2867/3584/25 2868/3585/25
f 2868/3585/25 2867/3584/25 2869/3586/25 2870/3587/25
f 2869/3586/25 2871/3588/25 2872/3589/25 2870/3587/25
f 2872/3589/25 2871/3588/25 2873/3590/25 2874/3591/25
f 2874/3591/25 2873/3590/25 2875/3592/25 2876/3593/25
f 2876/3593/25 2875/3592/25 2877/3594/25 2878/3595/25
f 2878/3595/25 2877/3594/25 2879/3596/25 2880/3597/25
f 2880/3597/25 2879/3596/25 2881/3598/25 2882/3599/25
f 2882/3600/25 2881/3601/25 2883/3602/25 2884/3603/25
f 2884/3603/25 2883/3602/25 2885/3604/25 2886/3605/25
f 2886/3605/25 2885/3604/25 2864/3581/25 2863/3580/25
f 2844/3606/1866 2846/3607/91 2887/3608/91 2888/3609/1866
f 2846/3607/91 2848/3610/1867 2889/3611/1867 2887/3608/91
f 2856/3558/1868 2858/3612/115 2890/3613/115 2891/3614/1868
f 2890/3613/115 2858/3612/115 2860/3615/1869 2892/3616/1869
f 2832/3617/1870 2833/3618/91 2893/3619/91 2894/3620/1870
f 2893/3619/91 2833/3618/91 2829/3621/1871 2895/3622/1871
f 2830/3623/1872 2837/3624/115 2896/3625/115 2897/3626/1872
f 2896/3625/115 2837/3624/115 2835/3627/1873 2898/3628/1873
f 2864/3581/57 2899/3629/57 2900/3630/1548 2865/3582/1548
f 2865/3582/1548 2900/3630/1548 2888/3631/1866 2867/3584/1559
f 2867/3584/1559 2888/3631/1866 2887/3632/91 2869/3586/91
f 2887/3632/91 2889/3633/1867 2871/3588/1560 2869/3586/91
f 2871/3588/1560 2889/3633/1867 2901/3634/1554 2873/3590/1554
f 2873/3590/1554 2901/3634/1554 2902/3635/5 2875/3592/5
f 2875/3592/5 2902/3635/5 2903/3636/1555 2877/3594/1555
f 2877/3594/1555 2903/3636/1555 2891/3637/1868 2879/3596/1556
f 2879/3596/1556 2891/3637/1868 2890/3638/115 2881/3598/115
f 2881/3601/115 2890/3639/115 2892/3640/1869 2883/3602/1557
f 2883/3602/1557 2892/3640/1869 2904/3641/1558 2885/3604/1558
f 2885/3604/1558 2904/3641/1558 2899/3629/57 2864/3581/57
f 2905/3642/1555 2906/3643/1555 2907/3644/5 2908/3645/5
f 2908/3645/5 2907/3644/5 2909/3646/1554 2910/3647/1554
f 2910/3647/1554 2909/3646/1554 2911/3648/1560 2912/3649/1560
f 2912/3649/1560 2911/3648/1560 2913/3650/91 2914/3651/91
f 2914/3651/91 2913/3650/91 2915/3652/1559 2916/3653/1559
f 2916/3653/1559 2915/3652/1559 2917/3654/1548 2918/3655/1548
f 2918/3655/1548 2917/3654/1548 2919/3656/57 2920/3657/57
f 2920/3657/57 2919/3656/57 2921/3658/1558 2922/3659/1558
f 2922/3659/1558 2921/3658/1558 2923/3660/1557 2924/3661/1557
f 2923/3660/1557 2925/3662/115 2926/3663/115 2924/3661/1557
f 2926/3663/115 2925/3662/115 2927/3664/1556 2928/3665/1556
f 2928/3665/1556 2927/3664/1556 2906/3643/1555 2905/3642/1555
f 2836/3666/25 2841/3543/25 2844/3546/25 2835/3667/25
f 2844/3606/1874 2888/3609/1874 2898/3628/1874 2835/3627/1874
f 2898/3668/27 2888/3669/27 2900/3670/27 2929/3671/27
f 2929/3671/27 2900/3670/27 2899/3672/27 2930/3673/27
f 2930/3673/27 2899/3672/27 2904/3674/27 2931/3675/27
f 2931/3675/27 2904/3674/27 2892/3676/27 2894/3677/27
f 2892/3616/1875 2860/3615/1875 2832/3617/1875 2894/3620/1875
f 2832/3678/25 2860/3562/25 2862/3566/25 2834/3679/25
f 2834/3679/25 2862/3566/25 2842/3544/25 2831/3680/25
f 2831/3680/25 2842/3544/25 2841/3543/25 2836/3666/25
f 2830/3681/25 2848/3550/25 2850/3552/25 2838/3682/25
f 2838/3682/25 2850/3552/25 2852/3554/25 2827/3683/25
f 2827/3683/25 2852/3554/25 2854/3556/25 2828/3684/25
f 2828/3684/25 2854/3556/25 2856/3558/25 2829/3621/25
f 2856/3558/1876 2891/3614/1876 2895/3622/1876 2829/3621/1876
f 2895/3685/27 2891/3686/27 2903/3687/27 2932/3688/27
f 2932/3688/27 2903/3687/27 2902/3689/27 2933/3690/27
f 2933/3690/27 2902/3689/27 2901/3691/27 2934/3692/27
f 2934/3692/27 2901/3691/27 2889/3693/27 2897/3694/27
f 2889/3611/1877 2848/3610/1877 2830/3695/1877 2897/3696/1877
f 2906/3697/27 2929/3671/27 2930/3673/27 2907/3698/27
f 2907/3698/27 2930/3673/27 2931/3675/27 2909/3699/27
f 2909/3699/27 2931/3675/27 2894/3677/27 2911/3700/27
f 2911/3700/27 2894/3677/27 2893/3701/27 2913/3702/27
f 2913/3702/27 2893/3701/27 2895/3685/27 2915/3703/27
f 2915/3703/27 2895/3685/27 2932/3688/27 2917/3704/27
f 2917/3704/27 2932/3688/27 2933/3690/27 2919/3705/27
f 2919/3705/27 2933/3690/27 2934/3692/27 2921/3706/27
f 2921/3706/27 2934/3692/27 2897/3694/27 2923/3707/27
f 2897/3694/27 2896/3708/27 2925/3709/27 2923/3707/27
f 2925/3709/27 2896/3708/27 2898/3668/27 2927/3710/27
f 2927/3710/27 2898/3668/27 2929/3671/27 2906/3697/27
f 2935/3711/25 2936/3712/25 2937/3713/25 2938/3714/25
f 2938/3714/25 2937/3713/25 2939/3715/25 2940/3716/25
f 2940/3716/25 2939/3715/25 2941/3717/25 2942/3718/25
f 2942/3718/25 2941/3717/25 2943/3719/25 2944/3720/25
f 2944/3720/25 2943/3719/25 2945/3721/25 2946/3722/25
f 2946/3722/25 2945/3721/25 2947/3723/25 2948/3724/25
f 2948/3724/25 2947/3723/25 2949/3725/25 2950/3726/25
f 2950/3726/25 2949/3725/25 2951/3727/25 2952/3728/25
f 2952/3728/25 2951/3727/25 2953/3729/25 2954/3730/25
f 2954/3731/25 2953/3732/25 2955/3733/25 2956/3734/25
f 2956/3734/25 2955/3733/25 2957/3735/25 2958/3736/25
f 2958/3736/25 2957/3735/25 2936/3712/25 2935/3711/25
f 2866/3583/1548 2937/3713/1548 2936/3712/57 2863/3580/57
f 2868/3585/1559 2939/3715/1559 2937/3713/1548 2866/3583/1548
f 2870/3587/91 2941/3717/91 2939/3715/1559 2868/3585/1559
f 2872/3589/1560 2943/3719/1560 2941/3717/91 2870/3587/91
f 2874/3591/1554 2945/3721/1554 2943/3719/1560 2872/3589/1560
f 2876/3593/5 2947/3723/5 2945/3721/1554 2874/3591/1554
f 2878/3595/1555 2949/3725/1555 2947/3723/5 2876/3593/5
f 2880/3597/1556 2951/3727/1556 2949/3725/1555 2878/3595/1555
f 2882/3599/115 2953/3729/115 2951/3727/1556 2880/3597/1556
f 2884/3603/1557 2955/3733/1557 2953/3732/115 2882/3600/115
f 2886/3605/1558 2957/3735/1558 2955/3733/1557 2884/3603/1557
f 2863/3580/57 2936/3712/57 2957/3735/1558 2886/3605/1558
f 2959/3737/5 2960/3738/5 2961/3739/1555 2962/3740/1555
f 2963/3741/1554 2964/3742/1554 2960/3738/5 2959/3737/5
f 2965/3743/1560 2966/3744/1560 2964/3742/1554 2963/3741/1554
f 2967/3745/91 2968/3745/91 2966/3744/1560 2965/3743/1560
f 2969/3746/1559 2970/3747/1559 2968/3745/91 2967/3745/91
f 2971/3748/1548 2972/3749/1548 2970/3747/1559 2969/3746/1559
f 2973/3750/57 2974/3751/57 2972/3749/1548 2971/3748/1548
f 2975/3752/1558 2976/3753/1558 2974/3751/57 2973/3750/57
f 2977/3754/1557 2978/3754/1557 2976/3753/1558 2975/3752/1558
f 2979/3755/115 2980/3756/115 2978/3754/1557 2977/3754/1557
f 2981/3757/1556 2982/3758/1556 2980/3756/115 2979/3755/115
f 2962/3740/1555 2961/3739/1555 2982/3758/1556 2981/3757/1556
f 2960/3738/5 2935/3759/5 2938/3739/1555 2961/3739/1555
f 2962/3740/1555 2905/3642/1555 2908/3645/5 2959/3737/5
f 2964/3742/1554 2958/3760/1554 2935/3759/5 2960/3738/5
f 2959/3737/5 2908/3645/5 2910/3647/1554 2963/3741/1554
f 2966/3744/1560 2956/3761/1560 2958/3760/1554 2964/3742/1554
f 2963/3741/1554 2910/3647/1554 2912/3649/1560 2965/3743/1560
f 2968/3745/91 2954/3762/91 2956/3761/1560 2966/3744/1560
f 2965/3743/1560 2912/3649/1560 2914/3651/91 2967/3745/91
f 2970/3747/1559 2952/3763/1559 2954/3762/91 2968/3745/91
f 2967/3745/91 2914/3651/91 2916/3653/1559 2969/3746/1559
f 2972/3749/1548 2950/3764/1548 2952/3763/1559 2970/3747/1559
f 2969/3746/1559 2916/3653/1559 2918/3655/1548 2971/3748/1548
f 2974/3751/57 2948/3765/57 2950/3764/1548 2972/3749/1548
f 2971/3748/1548 2918/3655/1548 2920/3657/57 2973/3750/57
f 2976/3753/1558 2946/3766/1558 2948/3765/57 2974/3751/57
f 2973/3750/57 2920/3657/57 2922/3659/1558 2975/3752/1558
f 2978/3754/1557 2944/3767/1557 2946/3766/1558 2976/3753/1558
f 2975/3752/1558 2922/3659/1558 2924/3661/1557 2977/3754/1557
f 2978/3754/1557 2980/3756/115 2942/3756/115 2944/3767/1557
f 2979/3755/115 2977/3754/1557 2924/3661/1557 2926/3663/115
f 2982/3758/1556 2940/3768/1556 2942/3756/115 2980/3756/115
f 2979/3755/115 2926/3663/115 2928/3665/1556 2981/3757/1556
f 2961/3739/1555 2938/3739/1555 2940/3768/1556 2982/3758/1556
f 2981/3757/1556 2928/3665/1556 2905/3642/1555 2962/3740/1555
f 2983/3769/5 2984/3770/5 2985/3771/5 2986/3772/5
f 2986/3772/5 2985/3771/5 2987/3773/5 2988/3774/5
f 2989/3775/5 2983/3769/5 2986/3772/5 2990/3776/5
f 2986/3772/5 2991/3777/5 2990/3776/5
f 2990/3776/5 2992/3778/5 2989/3775/5
f 2993/3779/5 2983/3769/5 2989/3775/5 2994/3780/5
f 2983/3769/5 2993/3779/5 2995/3781/5
f 2996/3782/1123 2993/3783/1123 2994/3784/25 2997/3785/1878
f 2998/3786/1124 2995/3787/1124 2993/3783/1123 2996/3782/1123
f 2999/3788/91 2983/3789/91 2995/3787/1124 2998/3786/1124
f 3000/3790/1125 2984/3791/1125 2983/3789/91 2999/3788/91
f 3001/3792/1126 2985/3793/1126 2984/3791/1125 3000/3790/1125
f 3002/3794/1879 2987/3795/27 2985/3793/1126 3001/3792/1126
f 3003/3796/1127 2988/3797/1127 2987/3798/27 3002/3799/1879
f 3004/3800/1128 2986/3801/1128 2988/3797/1127 3003/3796/1127
f 3005/3802/115 2991/3803/115 2986/3801/1128 3004/3800/1128
f 3006/3804/1003 2990/3805/1003 2991/3803/115 3005/3802/115
f 3007/3806/1129 2992/3807/1129 2990/3805/1003 3006/3804/1003
f 2997/3785/1878 2994/3784/25 2989/3808/1880 3008/3809/1880
f 3000/3810/57 2998/3811/57 2996/3812/57 3001/3813/57
f 2996/3812/57 2997/3814/57 3002/3815/57 3001/3813/57
f 2997/3785/91 3009/3816/91 3010/3817/91 3002/3818/91
f 2998/3811/57 3000/3810/57 2999/3819/57
f 3008/3809/1880 2989/3808/1880 2992/3807/1129 3007/3806/1129
f 3008/3809/1880 3007/3806/1129 3011/3820/1129 3012/3821/1880
f 3013/3822/1127 3003/3796/1127 3002/3799/1879 3010/3823/1881
f 3014/3824/1128 3004/3800/1128 3003/3796/1127 3013/3822/1127
f 3015/3825/115 3005/3802/115 3004/3800/1128 3014/3824/1128
f 3016/3826/1003 3006/3804/1003 3005/3802/115 3015/3825/115
f 3011/3820/1129 3007/3806/1129 3006/3804/1003 3016/3826/1003
f 3009/3816/1882 2997/3785/1878 3008/3809/1880 3012/3821/1880
f 3017/3827/57 3018/3828/57 3019/3829/57 3020/3830/57
f 3020/3830/57 3019/3829/57 3021/3831/57 3022/3832/57
f 3023/3833/57 3017/3827/57 3020/3830/57 3024/3834/57
f 3020/3830/57 3025/3835/57 3024/3834/57
f 3024/3834/57 3026/3836/57 3023/3833/57
f 3027/3837/57 3017/3827/57 3023/3833/57 3028/3838/57
f 3017/3827/57 3027/3837/57 3029/3839/57
f 3026/3840/25 3024/3841/1123 3030/3842/1123 3031/3843/1878
f 3024/3841/1123 3025/3844/1124 3032/3845/1124 3030/3842/1123
f 3025/3844/1124 3020/3846/91 3033/3847/91 3032/3845/1124
f 3020/3846/91 3022/3848/1125 3034/3849/1125 3033/3847/91
f 3022/3848/1125 3021/3850/1126 3035/3851/1126 3034/3849/1125
f 3021/3850/1126 3019/3852/27 3036/3853/1879 3035/3851/1126
f 3019/3854/27 3018/3855/1127 3037/3856/1127 3036/3857/1879
f 3018/3855/1127 3017/3858/1128 3038/3859/1128 3037/3856/1127
f 3017/3858/1128 3029/3860/115 3039/3861/115 3038/3859/1128
f 3029/3860/115 3027/3862/1003 3040/3863/1003 3039/3861/115
f 3027/3862/1003 3028/3864/1129 3041/3865/1129 3040/3863/1003
f 3023/3866/1880 3026/3840/25 3031/3843/1878 3042/3867/1880
f 3030/3868/5 3032/3869/5 3034/3870/5 3035/3871/5
f 3036/3872/5 3031/3873/5 3030/3868/5 3035/3871/5
f 3010/3817/91 3009/3816/91 3031/3843/91 3036/3874/91
f 3032/3869/5 3033/3875/5 3034/3870/5
f 3028/3864/1129 3023/3866/1880 3042/3867/1880 3041/3865/1129
f 3011/3820/1129 3041/3865/1129 3042/3867/1880 3012/3821/1880
f 3036/3857/1879 3037/3856/1127 3013/3822/1127 3010/3823/1881
f 3037/3856/1127 3038/3859/1128 3014/3824/1128 3013/3822/1127
f 3038/3859/1128 3039/3861/115 3015/3825/115 3014/3824/1128
f 3039/3861/115 3040/3863/1003 3016/3826/1003 3015/3825/115
f 3040/3863/1003 3041/3865/1129 3011/3820/1129 3016/3826/1003
f 3042/3867/1880 3031/3843/1878 3009/3816/1882 3012/3821/1880
f 3043/3876/57 3044/3877/1548 3045/3878/1548 3046/3879/57
f 3045/3878/1548 3044/3877/1548 3047/3880/1559 3048/3881/1883
f 3049/3882/1884 3050/3883/1884 3051/3884/1870 3052/3885/1870
f 3053/3886/1885 3054/3887/1560 3055/3888/1554 3056/3889/1554
f 3056/3889/1554 3055/3888/1554 3057/3890/5 3058/3891/5
f 3058/3891/5 3057/3890/5 3059/3892/1555 3060/3893/1555
f 3060/3893/1555 3059/3892/1555 3061/3894/1886 3062/3895/1887
f 3063/3896/1888 3064/3897/1889 3065/3898/1558 3066/3899/1558
f 3066/3899/1558 3065/3898/1558 3043/3876/57 3046/3879/57
f 3055/3900/27 3054/3901/27 3051/3902/27 3059/3903/27
f 3067/3904/27 3059/3903/27 3051/3902/27 3043/3905/27
f 3047/3906/27 3043/3905/27 3051/3902/27 3050/3907/27
f 3047/3906/27 3044/3908/27 3043/3905/27
f 3064/3909/27 3067/3904/27 3043/3905/27 3065/3910/27
f 3068/3911/27 3059/3903/27 3067/3904/27 3069/3912/27
f 3068/3911/27 3061/3913/27 3059/3903/27
f 3055/3900/27 3059/3903/27 3057/3914/27
f 3070/3915/25 3071/3916/25 3072/3917/25 3073/3918/25
f 3074/3919/25 3073/3918/25 3072/3917/25 3075/3920/25
f 3075/3920/25 3072/3917/25 3076/3921/25 3077/3922/25
f 3078/3923/25 3074/3919/25 3075/3920/25 3079/3924/25
f 3078/3923/25 3080/3925/25 3074/3919/25
f 3081/3926/25 3073/3918/25 3074/3919/25 3082/3927/25
f 3081/3926/25 3083/3928/25 3073/3918/25
f 3070/3915/25 3073/3918/25 3084/3929/25
f 3045/3878/1548 3085/3930/1548 3086/3931/57 3046/3879/57
f 3048/3881/1883 3087/3932/1890 3085/3930/1548 3045/3878/1548
f 3088/3933/91 3089/3934/91 3090/3935/1891 3091/3936/1891
f 3092/3937/91 3093/3938/91 3094/3939/91 3095/3940/91
f 3056/3889/1554 3096/3941/1554 3097/3942/1892 3053/3886/1885
f 3058/3891/5 3098/3943/5 3096/3941/1554 3056/3889/1554
f 3060/3893/1555 3099/3944/1555 3098/3943/5 3058/3891/5
f 3062/3895/1887 3100/3945/1556 3099/3944/1555 3060/3893/1555
f 3101/3946/115 3102/3947/115 3103/3948/1873 3104/3949/1873
f 3063/3896/1888 3105/3950/1557 3106/3951/1872 3107/3952/1872
f 3066/3899/1558 3108/3953/1558 3105/3950/1557 3063/3896/1888
f 3046/3879/57 3086/3931/57 3108/3953/1558 3066/3899/1558
f 3109/3954/25 3110/3955/25 3083/3956/25 3081/3957/25
f 3111/3958/57 3112/3959/57 3082/3960/1890 3113/3961/1890
f 3114/3962/1893 3048/3881/1894 3115/3963/1895 3116/3964/1896
f 3117/3965/1897 3118/3966/1898 3049/3882/1899 3052/3885/1900
f 3119/3967/5 3053/3886/1885 3097/3942/1892 3120/3968/5
f 3121/3969/25 3084/3970/25 3073/3971/25 3122/3972/25
f 3109/3954/25 3112/3959/25 3123/3973/25 3124/3974/25
f 3125/3975/1901 3116/3964/1896 3118/3976/1898 3126/3977/1902
f 3117/3965/1897 3119/3967/1903 3127/3978/1904 3128/3979/1905
f 3129/3980/5 3130/3981/5 3121/3969/5 3131/3982/5
f 3132/3983/25 3122/3972/25 3110/3984/25 3133/3985/25
f 3124/3974/25 3123/3973/25 3134/3986/25 3135/3987/25
f 3126/3977/1902 3088/3988/1906 3091/3989/1907 3125/3975/1901
f 3128/3979/1905 3127/3978/1904 3136/3990/1908 3137/3991/1909
f 3138/3992/1910 3129/3980/5 3131/3982/5 3139/3993/1910
f 3133/3985/25 3140/3994/25 3141/3995/25 3132/3983/25
f 3085/3930/1548 3142/3996/1548 3143/3997/57 3086/3931/57
f 3087/3932/1890 3113/3961/1890 3142/3996/1548 3085/3930/1548
f 3089/3934/91 3144/3998/91 3145/3999/1911 3090/3935/1891
f 3093/3938/91 3146/4000/91 3147/4001/91 3094/3939/91
f 3096/3941/1554 3148/4002/1554 3149/4003/1892 3097/3942/1892
f 3098/3943/5 3150/4004/5 3148/4002/1554 3096/3941/1554
f 3099/3944/1555 3151/4005/1555 3150/4004/5 3098/3943/5
f 3100/3945/1556 3152/4006/1556 3151/4005/1555 3099/3944/1555
f 3102/3947/115 3153/4007/115 3154/4008/1873 3103/3948/1873
f 3105/3950/1557 3155/4009/1557 3156/4010/1872 3106/3951/1872
f 3108/3953/1558 3157/4011/1558 3155/4009/1557 3105/3950/1557
f 3086/3931/57 3143/3997/57 3157/4011/1558 3108/3953/1558
f 3114/3962/57 3158/4012/57 3087/3932/1890 3048/3881/1883
f 3120/3968/5 3097/3942/1892 3149/4003/1892 3130/3981/5
f 3120/3968/5 3159/4013/5 3127/3978/5 3119/3967/5
f 3160/4014/1912 3161/4015/1913 3162/4016/57 3163/4017/57
f 3159/4013/5 3164/4018/1910 3136/3990/1914 3127/3978/5
f 3158/4012/57 3111/3958/57 3113/3961/1890 3087/3932/1890
f 3129/3980/5 3138/3992/1910 3165/4019/1910 3166/4020/5
f 3142/3996/1548 3074/4021/1548 3080/4022/57 3143/3997/57
f 3113/3961/1890 3082/3960/1890 3074/4021/1548 3142/3996/1548
f 3167/4023/91 3140/4024/91 3135/4025/1911 3168/4026/1915
f 3169/4027/91 3170/4028/91 3171/4029/91 3172/4030/91
f 3148/4002/1554 3070/4031/1554 3084/3970/1892 3149/4003/1892
f 3150/4004/5 3071/4032/5 3070/4031/1554 3148/4002/1554
f 3151/4005/1555 3072/4033/1555 3071/4032/5 3150/4004/5
f 3152/4006/1556 3076/4034/1556 3072/4033/1555 3151/4005/1555
f 3153/4007/115 3173/4035/115 3077/4036/1873 3154/4008/1873
f 3155/4009/1557 3079/4037/1557 3075/4038/1872 3156/4010/1872
f 3157/4011/1558 3078/4039/1558 3079/4037/1557 3155/4009/1557
f 3143/3997/57 3080/4022/57 3078/4039/1558 3157/4011/1558
f 3130/3981/5 3149/4003/1892 3084/3970/1892 3121/3969/5
f 3112/3959/57 3111/3958/57 3174/4040/57 3123/3973/57
f 3175/4041/1913 3134/3986/1913 3123/3973/57 3174/4040/57
f 3159/4042/1916 3120/4043/1916 3158/4044/1916 3163/4045/1916
f 3129/4046/115 3166/4047/115 3162/4048/115 3174/4049/115
f 3130/4050/1917 3129/4051/1917 3174/4052/1917 3111/4053/1917
f 3120/4043/91 3130/4050/91 3111/4053/91 3158/4044/91
f 3137/4054/1918 3176/4055/1919 3089/3934/91 3088/3933/91
f 3119/3967/1903 3117/3965/1897 3052/3885/1900 3053/3886/1920
f 3122/3972/25 3073/3971/25 3083/4056/25 3110/3984/25
f 3118/3966/1898 3117/3965/1897 3128/3979/1905 3126/4057/1902
f 3122/3972/25 3132/3983/25 3131/3982/25 3121/3969/25
f 3137/3991/1909 3088/4058/1906 3126/4057/1902 3128/3979/1905
f 3132/3983/25 3141/3995/25 3139/3993/25 3131/3982/25
f 3177/4059/1921 3167/4023/91 3144/3998/91 3178/4060/1919
f 3177/4059/1921 3141/4061/1918 3140/4024/91 3167/4023/91
f 3115/3963/1871 3179/4062/1871 3050/4063/1922 3049/4064/1922
f 3112/3959/25 3109/3954/25 3081/3957/25 3082/3960/25
f 3116/3964/1896 3115/3963/1895 3049/4064/1899 3118/3976/1898
f 3110/3955/25 3109/3954/25 3124/3974/25 3133/4065/25
f 3116/3964/1896 3125/3975/1901 3180/4066/1923 3114/3962/1893
f 3135/3987/25 3140/4067/25 3133/4065/25 3124/3974/25
f 3125/3975/1901 3091/3989/1907 3181/4068/1924 3180/4066/1923
f 3182/4069/91 3183/4070/91 3184/4071/91 3185/4072/91
f 3186/4073/91 3187/4074/91 3184/4071/91 3183/4070/91
f 3136/4075/1914 3164/4076/1910 3188/4077/1925 3189/4078/1926
f 3164/4076/1910 3165/4079/1910 3190/4080/1925 3188/4077/1925
f 3138/4081/1910 3139/4082/1910 3191/4083/1927 3192/4084/1925
f 3193/4085/1928 3191/4086/1929 3139/4087/25 3141/4061/25
f 3141/4061/1930 3177/4059/1931 3194/4088/1932 3193/4085/1933
f 3177/4059/1931 3178/4060/1931 3195/4089/1932 3194/4088/1932
f 3176/4055/1931 3137/4054/1931 3196/4090/1934 3197/4091/1932
f 3196/4090/1935 3137/4054/1909 3136/4092/1908 3189/4093/1936
f 3134/4094/1913 3175/4095/1913 3198/4096/1937 3199/4097/1938
f 3175/4095/1913 3161/4098/1913 3200/4099/1937 3198/4096/1937
f 3160/4100/1912 3181/4101/1939 3201/4102/1940 3202/4103/1937
f 3203/4104/1941 3201/4105/1942 3181/4106/1924 3091/3936/1907
f 3091/3936/1943 3090/3935/1944 3204/4107/1945 3203/4104/1946
f 3090/3935/1944 3145/3999/1944 3205/4108/1945 3204/4107/1945
f 3168/4026/1944 3135/4025/1943 3206/4109/1947 3207/4110/1945
f 3206/4109/1948 3135/4025/25 3134/4111/25 3199/4112/1949
f 3208/4113/1950 3209/4114/1951 3210/4115/1952 3211/4116/1953
f 3211/4116/1953 3210/4115/1952 3212/4117/1952 3213/4118/1953
f 3214/4119/1954 3215/4120/1953 3216/4121/1952 3217/4122/1955
f 3214/4123/1956 3217/4124/1957 3218/4125/1958 3219/4126/1959
f 3219/4126/1960 3218/4125/1961 3220/4127/1962 3221/4128/1963
f 3222/4129/1963 3221/4128/1963 3220/4127/1962 3223/4130/1962
f 3224/4131/1964 3225/4132/1963 3226/4133/1962 3227/4134/1965
f 3208/4135/1966 3224/4131/1967 3227/4134/1968 3209/4136/1969
f 3228/4137/1970 3229/4138/1971 3230/4139/1972 3231/4140/1973
f 3232/4141/1973 3231/4140/1973 3230/4139/1972 3233/4142/1974
f 3234/4143/1975 3235/4144/1973 3236/4145/1976 3237/4146/1977
f 3234/4147/1978 3237/4148/1979 3238/4149/1980 3239/4150/1981
f 3239/4150/1982 3238/4149/1983 3240/4151/1984 3241/4152/1985
f 3241/4152/1985 3240/4151/1984 3242/4153/1984 3243/4154/1985
f 3244/4155/1986 3245/4156/1985 3246/4157/1984 3247/4158/1987
f 3228/4159/1988 3244/4155/1989 3247/4158/1990 3229/4160/1991
f 3051/3884/1870 3054/3887/1560 3053/3886/1885 3052/3885/1870
f 3179/4062/1871 3115/3963/1871 3048/3881/1883 3047/3880/1559
f 3248/4161/91 3249/4162/91 3250/4163/91 3251/4164/91
f 3181/4068/1939 3160/4014/1912 3163/4017/57 3180/4066/57
f 3144/3998/91 3167/4023/91 3168/4026/1915 3145/3999/1911
f 3146/4000/91 3169/4027/91 3172/4030/91 3147/4001/91
f 3174/4040/57 3162/4016/57 3161/4015/1913 3175/4041/1913
f 3166/4020/5 3165/4019/1910 3164/4018/1910 3159/4013/5
f 3162/4048/115 3166/4047/115 3159/4042/115 3163/4045/115
f 3144/3998/91 3089/3934/91 3176/4055/1919 3178/4060/1919
f 3182/4069/91 3185/4072/91 3248/4161/91 3251/4164/91
f 3165/4079/1910 3138/4081/1910 3192/4084/1925 3190/4080/1925
f 3178/4060/1931 3176/4055/1931 3197/4091/1932 3195/4089/1932
f 3161/4098/1913 3160/4100/1912 3202/4103/1937 3200/4099/1937
f 3145/3999/1944 3168/4026/1944 3207/4110/1945 3205/4108/1945
f 3213/4118/1953 3212/4117/1952 3216/4121/1952 3215/4120/1953
f 3225/4132/1963 3222/4129/1963 3223/4130/1962 3226/4133/1962
f 3235/4144/1973 3232/4141/1973 3233/4142/1974 3236/4145/1976
f 3243/4154/1985 3242/4153/1984 3246/4157/1984 3245/4156/1985
f 3180/4066/57 3163/4017/57 3158/4012/57 3114/3962/57
f 3252/4165/27 3061/4166/27 3068/4167/27 3253/4168/27
f 3254/4169/27 3255/4170/27 3069/4171/27 3067/4172/27
f 3256/4173/57 3064/4174/57 3063/4175/57 3257/4176/57
f 3257/4176/25 3063/4175/25 3107/4177/25 3258/4178/25
f 3259/4179/25 3260/4180/25 3101/4181/25 3104/4182/25
f 3062/4183/1887 3061/4166/1886 3252/4165/5 3261/4184/5
f 3262/4185/27 3253/4168/27 3255/4186/27 3263/4187/27
f 3264/4188/25 3258/4178/25 3260/4189/25 3265/4190/25
f 3266/4191/27 3262/4185/27 3263/4187/27 3267/4192/27
f 3268/4193/27 3269/4194/27 3270/4195/27 3271/4196/27
f 3269/4194/57 3272/4197/57 3273/4198/57 3270/4195/57
f 3274/4199/25 3264/4188/25 3265/4190/25 3275/4200/25
f 3276/4201/25 3277/4202/25 3278/4203/25 3279/4204/25
f 3277/4202/5 3280/4205/5 3281/4206/5 3278/4203/5
f 3266/4191/1992 3267/4192/115 3275/4200/115 3279/4204/1992
f 3103/3948/1873 3100/3945/1556 3062/3895/1887 3104/3949/1873
f 3154/4008/1873 3152/4006/1556 3100/3945/1556 3103/3948/1873
f 3077/4036/1873 3076/4034/1556 3152/4006/1556 3154/4008/1873
f 3279/4204/1992 3278/4203/1993 3281/4206/1993 3266/4191/1992
f 3253/4168/27 3068/4167/27 3069/4207/27 3255/4186/27
f 3261/4184/25 3259/4179/25 3104/4182/25 3062/4183/25
f 3276/4201/25 3265/4208/25 3260/4180/25 3259/4179/25
f 3262/4185/27 3266/4191/27 3281/4206/27 3280/4205/27
f 3265/4208/25 3276/4201/25 3279/4204/25 3275/4200/25
f 3106/3951/1872 3102/3947/115 3101/4209/115 3107/3952/1872
f 3156/4010/1872 3153/4007/115 3102/3947/115 3106/3951/1872
f 3075/4038/1872 3173/4035/115 3153/4007/115 3156/4010/1872
f 3271/4196/1994 3274/4199/1994 3275/4200/115 3267/4192/115
f 3256/4173/27 3254/4169/27 3067/4172/27 3064/4174/27
f 3258/4178/25 3107/4177/25 3101/4210/25 3260/4189/25
f 3268/4193/27 3263/4211/27 3255/4170/27 3254/4169/27
f 3263/4211/27 3268/4193/27 3271/4196/27 3267/4192/27
f 3264/4188/25 3274/4199/25 3273/4198/25 3272/4197/25
f 3258/4178/57 3264/4188/57 3268/4193/57 3254/4169/57
f 3256/4173/1995 3257/4176/1995 3258/4178/1995 3254/4169/1995
f 3252/4165/1996 3253/4168/1996 3259/4179/1996 3261/4184/1996
f 3277/4202/1997 3276/4201/1997 3262/4185/1997 3280/4205/1997
f 3259/4179/5 3253/4168/5 3262/4185/5 3276/4201/5
f 3271/4196/1994 3270/4195/1998 3273/4198/1998 3274/4199/1994
f 3269/4194/1999 3268/4193/1999 3264/4188/1999 3272/4197/1999
f 3188/4077/1925 3210/4115/1952 3209/4114/1951 3189/4078/1926
f 3190/4080/1925 3212/4117/1952 3210/4115/1952 3188/4077/1925
f 3192/4084/1925 3191/4083/1927 3217/4122/1955 3216/4121/1952
f 3191/4086/1929 3193/4085/1928 3218/4125/1958 3217/4124/1957
f 3194/4088/1932 3220/4127/1962 3218/4125/1961 3193/4085/1933
f 3195/4089/1932 3223/4130/1962 3220/4127/1962 3194/4088/1932
f 3197/4091/1932 3196/4090/1934 3227/4134/1965 3226/4133/1962
f 3227/4134/1968 3196/4090/1935 3189/4093/1936 3209/4136/1969
f 3198/4096/1937 3230/4139/1972 3229/4138/1971 3199/4097/1938
f 3200/4099/1937 3233/4142/1974 3230/4139/1972 3198/4096/1937
f 3202/4103/1937 3201/4102/1940 3237/4146/1977 3236/4145/1976
f 3201/4105/1942 3203/4104/1941 3238/4149/1980 3237/4148/1979
f 3204/4107/1945 3240/4151/1984 3238/4149/1983 3203/4104/1946
f 3205/4108/1945 3242/4153/1984 3240/4151/1984 3204/4107/1945
f 3207/4110/1945 3206/4109/1947 3247/4158/1987 3246/4157/1984
f 3247/4158/1990 3206/4109/1948 3199/4112/1949 3229/4160/1991
f 3092/3937/2000 3208/4113/1950 3211/4116/1953 3093/3938/2000
f 3093/3938/2000 3211/4116/1953 3213/4118/1953 3146/4000/2000
f 3215/4120/1953 3214/4119/1954 3170/4028/2000 3169/4027/2000
f 3170/4212/2001 3214/4123/1956 3219/4126/1959 3171/4029/2002
f 3171/4029/2003 3219/4126/1960 3221/4128/1963 3172/4030/1940
f 3221/4128/1963 3222/4129/1963 3147/4001/1940 3172/4030/1940
f 3225/4132/1963 3224/4131/1964 3095/3940/1940 3094/3939/2004
f 3224/4131/1967 3208/4135/1966 3092/4213/2005 3095/3940/2005
f 3187/4074/2006 3228/4137/1970 3231/4140/1973 3184/4071/2006
f 3231/4140/1973 3232/4141/1973 3185/4072/2006 3184/4071/2006
f 3235/4144/1973 3234/4143/1975 3249/4162/2006 3248/4161/2006
f 3249/4214/2007 3234/4147/1978 3239/4150/1981 3250/4163/2007
f 3250/4163/2008 3239/4150/1982 3241/4152/1985 3251/4164/2008
f 3251/4164/2008 3241/4152/1985 3243/4154/1985 3182/4069/2008
f 3245/4156/1985 3244/4155/1986 3186/4073/2008 3183/4070/2008
f 3244/4155/1989 3228/4159/1988 3187/4215/2001 3186/4073/2001
f 3190/4080/1925 3192/4084/1925 3216/4121/1952 3212/4117/1952
f 3195/4089/1932 3197/4091/1932 3226/4133/1962 3223/4130/1962
f 3200/4099/1937 3202/4103/1937 3236/4145/1976 3233/4142/1974
f 3205/4108/1945 3207/4110/1945 3246/4157/1984 3242/4153/1984
f 3146/4000/2000 3213/4118/1953 3215/4120/1953 3169/4027/2000
f 3222/4129/1963 3225/4132/1963 3094/3939/2004 3147/4001/1940
f 3232/4141/1973 3235/4144/1973 3248/4161/2006 3185/4072/2006
f 3182/4069/2008 3243/4154/1985 3245/4156/1985 3183/4070/2008
f 3282/4216/27 3283/4217/27 3284/4218/27 3285/4219/27
f 3286/4220/25 3287/4221/25 3288/4222/25 3289/4223/25
f 3283/4224/115 3282/4225/115 3287/4221/115 3286/4220/115
f 3282/4226/57 3285/4227/57 3288/4222/57 3287/4221/57
f 3290/4228/91 3291/4229/91 3292/4230/91 3293/4231/91
f 3284/4218/5 3283/4217/5 3286/4220/5 3289/4223/5
f 3285/4219/91 3284/4218/91 3294/4232/91 3295/4233/91
f 3284/4218/91 3289/4223/91 3296/4234/91 3294/4232/91
f 3289/4223/91 3288/4222/91 3297/4235/91 3296/4234/91
f 3288/4222/91 3285/4227/91 3295/4236/91 3297/4235/91
f 3295/4233/27 3294/4232/27 3291/4237/27 3290/4238/27
f 3294/4232/5 3296/4234/5 3292/4230/5 3291/4237/5
f 3296/4234/25 3297/4235/25 3293/4231/25 3292/4230/25
f 3297/4235/57 3295/4236/57 3290/4239/57 3293/4231/57
f 3298/4240/2009 3299/4241/2010 3300/4242/2011
f 3298/4240/2009 3300/4242/2011 3301/4243/2012
f 3298/4240/2009 3301/4243/2012 3302/4244/2013
f 3298/4240/2009 3302/4244/2013 3303/4245/2014
f 3298/4240/2009 3303/4245/2014 3304/4246/2015
f 3298/4240/2009 3304/4246/2015 3305/4247/2016
f 3298/4240/2009 3305/4247/2016 3306/4248/2017
f 3298/4240/2009 3306/4248/2017 3307/4249/2018
f 3298/4240/2009 3307/4249/2018 3308/4250/2019
f 3298/4240/2009 3308/4250/2019 3309/4251/2020
f 3298/4240/2009 3309/4251/2020 3310/4252/2021
f 3298/4240/2009 3310/4252/2021 3299/4241/2010
f 3300/4242/2011 3299/4241/2010 3311/4253/2022 3312/4254/2023
f 3300/4242/2011 3312/4254/2023 3313/4255/2024 3301/4243/2012
f 3301/4243/2012 3313/4255/2024 3314/4256/2025 3302/4244/2013
f 3302/4244/2013 3314/4256/2025 3315/4257/2026 3303/4245/2014
f 3303/4245/2014 3315/4257/2026 3316/4258/2027 3304/4246/2015
f 3304/4246/2015 3316/4258/2027 3317/4259/2028 3305/4247/2016
f 3305/4247/2016 3317/4259/2028 3318/4260/2029 3306/4248/2017
f 3306/4248/2017 3318/4260/2029 3319/4261/2030 3307/4249/2018
f 3307/4249/2018 3319/4261/2030 3320/4262/2031 3308/4250/2019
f 3308/4250/2019 3320/4262/2031 3321/4263/2032 3309/4251/2020
f 3309/4251/2020 3321/4263/2032 3322/4264/2033 3310/4252/2021
f 3310/4252/2021 3322/4264/2033 3311/4253/2022 3299/4241/2010
f 3323/4265/2034 3312/4254/2023 3311/4253/2022 3324/4266/2035
f 3312/4254/2023 3323/4265/2034 3325/4267/2036 3313/4255/2024
f 3313/4255/2024 3325/4267/2036 3326/4268/2037 3314/4256/2025
f 3314/4256/2025 3326/4268/2037 3327/4269/2038 3315/4257/2026
f 3316/4258/2027 3315/4257/2026 3327/4269/2038 3328/4270/2039
f 3317/4259/2028 3316/4258/2027 3328/4270/2039 3329/4271/2040
f 3318/4260/2029 3317/4259/2028 3329/4271/2040 3330/4272/2041
f 3318/4260/2029 3330/4272/2041 3331/4273/2042 3319/4261/2030
f 3319/4261/2030 3331/4273/2042 3332/4274/2043 3320/4262/2031
f 3320/4262/2031 3332/4274/2043 3333/4275/2044 3321/4263/2032
f 3321/4263/2032 3333/4275/2044 3334/4276/2045 3322/4264/2033
f 3322/4264/2033 3334/4276/2045 3324/4266/2035 3311/4253/2022
f 3335/4277/2046 3336/4278/2047 3337/4279/2048 3338/4280/2049
f 3339/4281/2050 3338/4280/2049 3337/4279/2048 3340/4282/2051
f 3340/4282/2051 3341/4283/2052 3342/4284/2053 3339/4281/2050
f 3342/4284/2053 3341/4283/2052 3343/4285/2054 3344/4286/2055
f 3343/4285/2054 3345/4287/2056 3346/4288/2057 3344/4286/2055
f 3345/4287/2056 3347/4289/2058 3348/4290/2059 3346/4288/2057
f 3349/4291/2060 3348/4290/2059 3347/4289/2058 3350/4292/2061
f 3350/4292/2061 3351/4293/2062 3352/4294/2063 3349/4291/2060
f 3353/4295/2064 3335/4277/2046 3338/4280/2049 3354/4296/2065
f 3354/4296/2065 3338/4280/2049 3339/4281/2050 3355/4297/2066
f 3356/4298/2067 3353/4295/2064 3354/4296/2065 3357/4299/2068
f 3355/4297/2066 3339/4281/2050 3342/4284/2053 3358/4300/2069
f 3357/4299/2068 3354/4296/2065 3355/4297/2066 3359/4301/2070
f 3342/4284/2053 3344/4286/2055 3360/4302/2071 3358/4300/2069
f 3359/4301/2070 3355/4297/2066 3358/4300/2069 3361/4303/2072
f 3344/4286/2055 3346/4288/2057 3362/4304/2073 3360/4302/2071
f 3363/4305/2074 3361/4303/2072 3358/4300/2069 3360/4302/2071
f 3346/4288/2057 3348/4290/2059 3364/4306/2075 3362/4304/2073
f 3348/4290/2059 3349/4291/2060 3365/4307/2076 3364/4306/2075
f 3365/4307/2076 3349/4291/2060 3352/4294/2063 3366/4308/2077
f 3367/4309/2078 3363/4305/2074 3360/4302/2071 3362/4304/2073
f 3368/4310/2079 3367/4309/2078 3362/4304/2073 3364/4306/2075
f 3369/4311/2080 3368/4310/2079 3364/4306/2075 3365/4307/2076
f 3369/4311/2080 3365/4307/2076 3366/4308/2077 3370/4312/2081
f 3371/4313/2082 3356/4298/2067 3357/4299/2068 3372/4314/2083
f 3372/4314/2083 3357/4299/2068 3359/4301/2070 3373/4315/2084
f 3373/4315/2084 3359/4301/2070 3361/4303/2072 3374/4316/2085
f 3361/4303/2072 3363/4305/2074 3375/4317/2086 3374/4316/2085
f 3363/4305/2074 3367/4309/2078 3376/4318/2087 3375/4317/2086
f 3377/4319/2088 3376/4318/2087 3367/4309/2078 3368/4310/2079
f 3378/4320/2089 3377/4319/2088 3368/4310/2079 3369/4311/2080
f 3379/4321/2090 3378/4320/2089 3369/4311/2080 3370/4312/2081
f 3372/4314/2083 3373/4315/2084 3380/4322/2091 3381/4323/2092
f 3382/4324/1602 3371/4313/2082 3372/4314/2083 3381/4323/2092
f 3381/4323/2092 3383/4325/2093 3384/4326/2094 3382/4324/1602
f 3383/4325/2093 3381/4323/2092 3380/4322/2091 3385/4327/2095
f 3386/4328/2096 3380/4322/2091 3373/4315/2084 3374/4316/2085
f 3387/4329/2097 3386/4328/2096 3374/4316/2085 3375/4317/2086
f 3388/4330/2098 3387/4329/2097 3375/4317/2086 3376/4318/2087
f 3389/4331/2099 3388/4330/2098 3376/4318/2087 3377/4319/2088
f 3390/4332/2100 3389/4331/2099 3377/4319/2088 3378/4320/2089
f 3389/4331/2099 3390/4332/2100 3391/4333/2101 3392/4334/2102
f 3388/4330/2098 3389/4331/2099 3392/4334/2102 3393/4335/2103
f 3387/4329/2097 3388/4330/2098 3393/4335/2103 3394/4336/2104
f 3386/4328/2096 3387/4329/2097 3394/4336/2104 3395/4337/2105
f 3380/4322/2091 3386/4328/2096 3395/4337/2105 3385/4327/2095
f 3385/4327/2095 3395/4337/2105 3396/4338/2106 3397/4339/2107
f 3398/4340/2108 3399/4341/2109 3400/4342/2110 3401/4343/2111
f 3402/4344/2112 3403/4345/2113 3400/4342/2110 3399/4341/2109
f 3403/4345/2113 3402/4344/2112 3404/4346/2114 3405/4347/2115
f 3405/4347/2115 3404/4346/2114 3406/4348/2116 3407/4349/2117
f 3407/4349/2117 3406/4348/2116 3408/4350/2118 3409/4351/2119
f 3409/4351/2119 3408/4350/2118 3410/4352/2120 3411/4353/2121
f 3411/4353/2121 3410/4352/2120 3412/4354/2122 3413/4355/2123
f 3413/4355/2123 3412/4354/2122 3414/4356/2124 3415/4357/2125
f 3416/4358/2126 3405/4347/2127 3407/4349/2128 3417/4359/2129
f 3417/4359/2129 3407/4349/2128 3409/4351/2130 3418/4360/2131
f 3405/4347/2127 3416/4358/2126 3419/4361/2132 3403/4345/2133
f 3418/4362/2134 3420/4363/2135 3421/4364/2136
f 3418/4360/2131 3409/4351/2130 3411/4353/2137 3420/4365/2138
f 3422/4366/2139 3423/4367/2140 3416/4368/2141 3417/4369/2142
f 3424/4370/2143 3400/4342/2144 3403/4345/2133 3419/4361/2132
f 3425/4371/2145 3420/4365/2138 3411/4353/2137 3413/4355/2146
f 3422/4366/2139 3426/4372/2147 3427/4373/2148 3423/4367/2140
f 3428/4374/2149 3421/4364/2136 3420/4363/2135 3425/4375/2150
f 3401/4343/2151 3400/4342/2144 3424/4370/2143 3429/4376/2152
f 3430/4377/2153 3427/4373/2148 3426/4372/2147 3431/4378/2154
f 3432/4379/2155 3425/4371/2145 3413/4355/2146 3415/4357/2156
f 3433/4380/2157 3428/4374/2149 3425/4375/2150 3432/4381/2158
f 3395/4337/2105 3394/4336/2104 3434/4382/2159 3396/4338/2106
f 3385/4327/2095 3397/4339/2107 3435/4383/2160 3383/4325/2093
f 3383/4325/2093 3435/4383/2160 3436/4384/2161 3384/4326/2094
f 3392/4334/2102 3391/4333/2101 3437/4385/2162 3438/4386/2163
f 3391/4333/2101 3439/4387/2164 3440/4388/2165 3437/4385/2162
f 3393/4335/2103 3392/4334/2102 3438/4386/2163 3441/4389/2166
f 3394/4336/2104 3393/4335/2103 3441/4389/2166 3434/4382/2159
f 3398/4340/2167 3442/4390/2168 3443/4391/2169 3399/4341/2170
f 3444/4392/2171 3445/4393/2172 3351/4293/2062 3350/4292/2061
f 3445/4393/2172 3444/4392/2171 3446/4394/2173 3447/4395/2174
f 3447/4395/2174 3446/4394/2173 3443/4391/2169 3442/4390/2168
f 3448/4396/2175 3444/4392/2171 3350/4292/2061 3347/4289/2058
f 3399/4341/2170 3443/4391/2169 3449/4397/2176 3402/4344/2177
f 3450/4398/2178 3449/4397/2176 3443/4391/2169 3446/4394/2173
f 3446/4394/2173 3444/4392/2171 3448/4396/2175 3450/4398/2178
f 3402/4344/2177 3449/4397/2176 3451/4399/2179 3404/4346/2180
f 3452/4400/2181 3448/4396/2175 3347/4289/2058 3345/4287/2056
f 3450/4398/2178 3448/4396/2175 3452/4400/2181 3453/4401/2182
f 3449/4397/2176 3450/4398/2178 3453/4401/2182 3451/4399/2179
f 3454/4402/2183 3452/4400/2181 3345/4287/2056 3343/4285/2054
f 3404/4346/2180 3451/4399/2179 3455/4403/2184 3406/4348/2185
f 3456/4404/2186 3455/4403/2184 3451/4399/2179 3453/4401/2182
f 3453/4401/2182 3452/4400/2181 3454/4402/2183 3456/4404/2186
f 3457/4405/2187 3454/4402/2183 3343/4285/2054 3341/4283/2052
f 3406/4348/2185 3455/4403/2184 3458/4406/2188 3408/4350/2189
f 3456/4404/2186 3454/4402/2183 3457/4405/2187 3459/4407/2190
f 3456/4404/2186 3459/4407/2190 3458/4406/2188 3455/4403/2184
f 3460/4408/2191 3457/4405/2187 3341/4283/2052 3340/4282/2051
f 3408/4350/2189 3458/4406/2188 3461/4409/2192 3410/4352/2193
f 3462/4410/2194 3461/4409/2192 3458/4406/2188 3459/4407/2190
f 3459/4407/2190 3457/4405/2187 3460/4408/2191 3462/4410/2194
f 3410/4352/2193 3461/4409/2192 3463/4411/2195 3412/4354/2196
f 3464/4412/2197 3460/4408/2191 3340/4282/2051 3337/4279/2048
f 3461/4409/2192 3462/4410/2194 3465/4413/2198 3463/4411/2195
f 3462/4410/2194 3460/4408/2191 3464/4412/2197 3465/4413/2198
f 3463/4411/2195 3465/4413/2198 3466/4414/2199 3467/4415/2200
f 3412/4354/2196 3463/4411/2195 3467/4415/2200 3414/4356/2201
f 3468/4416/2202 3466/4414/2199 3465/4413/2198 3464/4412/2197
f 3464/4412/2197 3337/4279/2048 3336/4278/2047 3468/4416/2202
f 3378/4320/2089 3379/4321/2090 3469/4417/2203 3390/4332/2100
f 3390/4332/2100 3469/4417/2203 3439/4387/2164 3391/4333/2101
f 3335/4277/2046 3470/4418/2204 3471/4419/2205 3336/4278/2047
f 3472/4420/2206 3473/4421/2207 3471/4419/2205 3470/4418/2204
f 3474/4422/2208 3475/4423/2209 3473/4421/2207 3472/4420/2206
f 3474/4422/2208 3476/4424/2210 3477/4425/2211 3475/4423/2209
f 3478/4426/2212 3479/4427/2213 3477/4425/2211 3476/4424/2210
f 3479/4427/2213 3478/4426/2212 3480/4428/2214 3481/4429/2215
f 3482/4430/2216 3483/4431/2217 3481/4429/2215 3480/4428/2214
f 3352/4432/2063 3351/4433/2062 3483/4431/2217 3482/4430/2216
f 3353/4295/2064 3484/4434/2218 3470/4418/2204 3335/4277/2046
f 3484/4434/2218 3485/4435/2219 3472/4420/2206 3470/4418/2204
f 3356/4298/2067 3486/4436/2220 3484/4434/2218 3353/4295/2064
f 3485/4435/2219 3487/4437/2221 3474/4422/2208 3472/4420/2206
f 3486/4436/2220 3488/4438/2222 3485/4435/2219 3484/4434/2218
f 3474/4422/2208 3487/4437/2221 3489/4439/2223 3476/4424/2210
f 3488/4438/2222 3490/4440/2224 3487/4437/2221 3485/4435/2219
f 3476/4424/2210 3489/4439/2223 3491/4441/2225 3478/4426/2212
f 3492/4442/2226 3489/4439/2223 3487/4437/2221 3490/4440/2224
f 3478/4426/2212 3491/4441/2225 3493/4443/2227 3480/4428/2214
f 3480/4428/2214 3493/4443/2227 3494/4444/2228 3482/4430/2216
f 3494/4444/2228 3366/4445/2077 3352/4432/2063 3482/4430/2216
f 3495/4446/2229 3491/4441/2225 3489/4439/2223 3492/4442/2226
f 3496/4447/2230 3493/4443/2227 3491/4441/2225 3495/4446/2229
f 3497/4448/2231 3494/4444/2228 3493/4443/2227 3496/4447/2230
f 3497/4448/2231 3370/4449/2081 3366/4445/2077 3494/4444/2228
f 3371/4313/2082 3498/4450/2232 3486/4436/2220 3356/4298/2067
f 3498/4450/2232 3499/4451/2233 3488/4438/2222 3486/4436/2220
f 3499/4451/2233 3500/4452/2234 3490/4440/2224 3488/4438/2222
f 3490/4440/2224 3500/4452/2234 3501/4453/2235 3492/4442/2226
f 3492/4442/2226 3501/4453/2235 3502/4454/2236 3495/4446/2229
f 3503/4455/2237 3496/4447/2230 3495/4446/2229 3502/4454/2236
f 3504/4456/2238 3497/4448/2231 3496/4447/2230 3503/4455/2237
f 3379/4457/2090 3370/4449/2081 3497/4448/2231 3504/4456/2238
f 3498/4450/2232 3505/4458/2239 3506/4459/2240 3499/4451/2233
f 3382/4324/1602 3505/4458/2239 3498/4450/2232 3371/4313/2082
f 3505/4458/2239 3382/4324/1602 3384/4326/2094 3507/4460/2241
f 3507/4460/2241 3508/4461/2242 3506/4459/2240 3505/4458/2239
f 3509/4462/2243 3500/4452/2234 3499/4451/2233 3506/4459/2240
f 3510/4463/2244 3501/4453/2235 3500/4452/2234 3509/4462/2243
f 3511/4464/2245 3502/4454/2236 3501/4453/2235 3510/4463/2244
f 3512/4465/2246 3503/4455/2237 3502/4454/2236 3511/4464/2245
f 3513/4466/2247 3504/4456/2238 3503/4455/2237 3512/4465/2246
f 3512/4465/2246 3514/4467/2248 3515/4468/2249 3513/4466/2247
f 3511/4464/2245 3516/4469/2250 3514/4467/2248 3512/4465/2246
f 3510/4463/2244 3517/4470/2251 3516/4469/2250 3511/4464/2245
f 3509/4462/2243 3518/4471/2252 3517/4470/2251 3510/4463/2244
f 3506/4459/2240 3508/4461/2242 3518/4471/2252 3509/4462/2243
f 3508/4461/2242 3519/4472/2253 3520/4473/2254 3518/4471/2252
f 3398/4474/2108 3401/4475/2111 3521/4476/2255 3522/4477/2256
f 3521/4476/2255 3523/4478/2257 3524/4479/2258 3522/4477/2256
f 3523/4478/2257 3525/4480/2259 3526/4481/2260 3524/4479/2258
f 3525/4480/2259 3527/4482/2261 3528/4483/2262 3526/4481/2260
f 3527/4482/2261 3529/4484/2263 3530/4485/2264 3528/4483/2262
f 3529/4484/2263 3531/4486/2265 3532/4487/2266 3530/4485/2264
f 3531/4486/2265 3533/4488/2267 3534/4489/2268 3532/4487/2266
f 3533/4488/2267 3415/4357/2125 3414/4356/2124 3534/4489/2268
f 3535/4490/2269 3536/4491/2270 3527/4482/2271 3525/4480/2272
f 3536/4491/2270 3537/4492/2273 3529/4484/2274 3527/4482/2271
f 3538/4493/2275 3535/4490/2269 3525/4480/2272 3523/4478/2276
f 3539/4494/2277 3540/4495/2278 3537/4496/2279
f 3537/4492/2273 3540/4497/2280 3531/4486/2281 3529/4484/2274
f 3535/4498/2282 3541/4499/2283 3542/4500/2284 3536/4501/2285
f 3543/4502/2286 3538/4493/2275 3523/4478/2276 3521/4476/2287
f 3544/4503/2288 3533/4488/2289 3531/4486/2281 3540/4497/2280
f 3545/4504/2290 3546/4505/2291 3542/4500/2284 3541/4499/2283
f 3540/4495/2278 3539/4494/2277 3547/4506/2292 3544/4507/2293
f 3543/4502/2286 3521/4476/2287 3401/4475/2151 3429/4508/2152
f 3546/4505/2291 3545/4504/2290 3430/4377/2153 3431/4378/2154
f 3432/4379/2155 3415/4357/2156 3533/4488/2289 3544/4503/2288
f 3544/4507/2293 3547/4506/2292 3433/4380/2157 3432/4381/2158
f 3518/4471/2252 3520/4473/2254 3548/4509/2294 3517/4470/2251
f 3508/4461/2242 3507/4460/2241 3549/4510/2295 3519/4472/2253
f 3507/4460/2241 3384/4326/2094 3436/4384/2161 3549/4510/2295
f 3514/4467/2248 3550/4511/2296 3551/4512/2297 3515/4468/2249
f 3515/4468/2249 3551/4512/2297 3440/4513/2165 3439/4514/2164
f 3516/4469/2250 3552/4515/2298 3550/4511/2296 3514/4467/2248
f 3517/4470/2251 3548/4509/2294 3552/4515/2298 3516/4469/2250
f 3398/4474/2167 3522/4477/2299 3553/4516/2300 3442/4517/2168
f 3554/4518/2301 3483/4431/2217 3351/4433/2062 3445/4519/2172
f 3445/4519/2172 3447/4520/2174 3555/4521/2302 3554/4518/2301
f 3553/4516/2300 3555/4521/2302 3447/4520/2174 3442/4517/2168
f 3556/4522/2303 3481/4429/2215 3483/4431/2217 3554/4518/2301
f 3522/4477/2299 3524/4479/2304 3557/4523/2305 3553/4516/2300
f 3558/4524/2306 3555/4521/2302 3553/4516/2300 3557/4523/2305
f 3555/4521/2302 3558/4524/2306 3556/4522/2303 3554/4518/2301
f 3524/4479/2304 3526/4481/2307 3559/4525/2308 3557/4523/2305
f 3560/4526/2309 3479/4427/2213 3481/4429/2215 3556/4522/2303
f 3558/4524/2306 3561/4527/2310 3560/4526/2309 3556/4522/2303
f 3557/4523/2305 3559/4525/2308 3561/4527/2310 3558/4524/2306
f 3562/4528/2311 3477/4425/2211 3479/4427/2213 3560/4526/2309
f 3526/4481/2307 3528/4483/2312 3563/4529/2313 3559/4525/2308
f 3564/4530/2314 3561/4527/2310 3559/4525/2308 3563/4529/2313
f 3561/4527/2310 3564/4530/2314 3562/4528/2311 3560/4526/2309
f 3565/4531/2315 3475/4423/2209 3477/4425/2211 3562/4528/2311
f 3528/4483/2312 3530/4485/2316 3566/4532/2317 3563/4529/2313
f 3564/4530/2314 3567/4533/2318 3565/4531/2315 3562/4528/2311
f 3566/4532/2317 3567/4533/2318 3564/4530/2314 3563/4529/2313
f 3568/4534/2319 3473/4421/2207 3475/4423/2209 3565/4531/2315
f 3530/4485/2316 3532/4487/2320 3569/4535/2321 3566/4532/2317
f 3570/4536/2322 3567/4533/2318 3566/4532/2317 3569/4535/2321
f 3567/4533/2318 3570/4536/2322 3568/4534/2319 3565/4531/2315
f 3532/4487/2320 3534/4489/2323 3571/4537/2324 3569/4535/2321
f 3572/4538/2325 3471/4419/2205 3473/4421/2207 3568/4534/2319
f 3569/4535/2321 3571/4537/2324 3573/4539/2326 3570/4536/2322
f 3570/4536/2322 3573/4539/2326 3572/4538/2325 3568/4534/2319
f 3571/4537/2324 3467/4415/2200 3466/4414/2199 3573/4539/2326
f 3534/4489/2323 3414/4356/2201 3467/4415/2200 3571/4537/2324
f 3468/4416/2202 3572/4538/2325 3573/4539/2326 3466/4414/2199
f 3572/4538/2325 3468/4416/2202 3336/4278/2047 3471/4419/2205
f 3504/4456/2238 3513/4466/2247 3469/4540/2203 3379/4457/2090
f 3513/4466/2247 3515/4468/2249 3439/4514/2164 3469/4540/2203
f 3535/4498/2282 3538/4541/2327 3541/4499/2283
f 3545/4504/2290 3541/4499/2283 3538/4541/2327 3543/4542/2328
f 3430/4377/2153 3545/4504/2290 3543/4542/2328 3429/4543/2329
f 3424/4544/2330 3427/4373/2148 3430/4377/2153 3429/4543/2329
f 3419/4545/2331 3423/4367/2140 3427/4373/2148 3424/4544/2330
f 3423/4367/2140 3419/4545/2331 3416/4368/2141
f 3539/4494/2277 3537/4496/2279 3536/4501/2285 3542/4500/2284
f 3546/4505/2291 3547/4506/2292 3539/4494/2277 3542/4500/2284
f 3547/4506/2292 3546/4505/2291 3431/4378/2154 3433/4380/2157
f 3433/4380/2157 3431/4378/2154 3426/4372/2147 3428/4374/2149
f 3421/4364/2136 3428/4374/2149 3426/4372/2147 3422/4366/2139
f 3417/4369/2142 3418/4362/2134 3421/4364/2136 3422/4366/2139
f 3574/4546/5 3575/4547/5 3576/4548/5 3577/4549/5
f 3578/4550/2332 3579/4551/2332 3574/4546/2332 3577/4549/2332
f 3580/4552/25 3575/4547/25 3574/4546/25 3579/4553/25
f 3581/4554/2333 3576/4548/2333 3575/4547/2333 3580/4555/2333
f 3581/4556/27 3578/4557/27 3577/4549/27 3576/4548/27
f 3582/4558/57 3583/4559/57 3584/4560/57 3585/4561/57
f 3584/4560/2332 3579/4551/2332 3578/4550/2332 3585/4561/2332
f 3584/4562/25 3583/4563/25 3580/4552/25 3579/4553/25
f 3583/4564/2333 3582/4565/2333 3581/4554/2333 3580/4555/2333
f 3585/4566/27 3578/4557/27 3581/4556/27 3582/4567/27
f 3586/4568/2334 3587/4569/2335 3588/4570/2336
f 3586/4568/2334 3588/4570/2336 3589/4571/2337
f 3586/4568/2334 3589/4571/2337 3590/4572/2338
f 3586/4568/2334 3590/4572/2338 3591/4573/2339
f 3586/4568/2334 3591/4573/2339 3592/4574/2340
f 3586/4568/2334 3592/4574/2340 3593/4575/2341
f 3586/4568/2334 3593/4575/2341 3594/4576/2342
f 3586/4568/2334 3594/4576/2342 3595/4577/2343
f 3586/4568/2334 3595/4577/2343 3596/4578/2344
f 3586/4568/2334 3596/4578/2344 3597/4579/2345
f 3586/4568/2334 3597/4579/2345 3598/4580/2346
f 3586/4568/2334 3598/4580/2346 3587/4569/2335
f 3599/4581/2347 3600/4582/2348 3588/4570/2336 3587/4569/2335
f 3600/4582/2348 3601/4583/2349 3589/4571/2337 3588/4570/2336
f 3601/4583/2349 3602/4584/2350 3590/4572/2338 3589/4571/2337
f 3602/4584/2350 3603/4585/2351 3591/4573/2339 3590/4572/2338
f 3603/4585/2351 3604/4586/2352 3592/4574/2340 3591/4573/2339
f 3604/4586/2352 3605/4587/2353 3593/4575/2341 3592/4574/2340
f 3605/4587/2353 3606/4588/2354 3594/4576/2342 3593/4575/2341
f 3606/4588/2354 3607/4589/2355 3595/4577/2343 3594/4576/2342
f 3607/4589/2355 3608/4590/2356 3596/4578/2344 3595/4577/2343
f 3608/4590/2356 3609/4591/2357 3597/4579/2345 3596/4578/2344
f 3609/4591/2357 3610/4592/2358 3598/4580/2346 3597/4579/2345
f 3610/4592/2358 3599/4581/2347 3587/4569/2335 3598/4580/2346
f 3611/4593/2359 3612/4594/2360 3600/4582/2348 3599/4581/2347
f 3612/4594/2360 3613/4595/2361 3601/4583/2349 3600/4582/2348
f 3613/4595/2361 3614/4596/2362 3602/4584/2350 3601/4583/2349
f 3614/4596/2362 3615/4597/2363 3603/4585/2351 3602/4584/2350
f 3615/4597/2363 3616/4598/2364 3604/4586/2352 3603/4585/2351
f 3616/4598/2364 3617/4599/2365 3605/4587/2353 3604/4586/2352
f 3617/4599/2365 3618/4600/2366 3606/4588/2354 3605/4587/2353
f 3618/4600/2366 3619/4601/2367 3607/4589/2355 3606/4588/2354
f 3619/4601/2367 3620/4602/2368 3608/4590/2356 3607/4589/2355
f 3620/4602/2368 3621/4603/2369 3609/4591/2357 3608/4590/2356
f 3621/4603/2369 3622/4604/2370 3610/4592/2358 3609/4591/2357
f 3622/4604/2370 3611/4593/2359 3599/4581/2347 3610/4592/2358
f 3623/4605/2371 3624/4606/2372 3625/4607/2373
f 3623/4605/2371 3625/4607/2373 3626/4608/2374
f 3623/4605/2371 3626/4608/2374 3627/4609/2375
f 3623/4605/2371 3627/4609/2375 3628/4610/2376
f 3623/4605/2371 3628/4610/2376 3629/4611/2377
f 3623/4605/2371 3629/4611/2377 3630/4612/2378
f 3623/4605/2371 3630/4612/2378 3631/4613/2379
f 3623/4605/2371 3631/4613/2379 3632/4614/2380
f 3623/4605/2371 3632/4614/2380 3633/4615/2381
f 3623/4605/2371 3633/4615/2381 3634/4616/2382
f 3623/4605/2371 3634/4616/2382 3635/4617/2383
f 3623/4605/2371 3635/4617/2383 3624/4606/2372
f 3636/4618/2384 3637/4619/2385 3625/4607/2373 3624/4606/2372
f 3637/4619/2385 3638/4620/2386 3626/4608/2374 3625/4607/2373
f 3638/4620/2386 3639/4621/2387 3627/4609/2375 3626/4608/2374
f 3639/4621/2387 3640/4622/2388 3628/4610/2376 3627/4609/2375
f 3640/4622/2388 3641/4623/2389 3629/4611/2377 3628/4610/2376
f 3641/4623/2389 3642/4624/2390 3630/4612/2378 3629/4611/2377
f 3642/4624/2390 3643/4625/2391 3631/4613/2379 3630/4612/2378
f 3643/4625/2391 3644/4626/2392 3632/4614/2380 3631/4613/2379
f 3644/4626/2392 3645/4627/2393 3633/4615/2381 3632/4614/2380
f 3645/4627/2393 3646/4628/2394 3634/4616/2382 3633/4615/2381
f 3646/4628/2394 3647/4629/2395 3635/4617/2383 3634/4616/2382
f 3647/4629/2395 3636/4618/2384 3624/4606/2372 3635/4617/2383
f 3648/4630/2396 3649/4631/2397 3637/4619/2385 3636/4618/2384
f 3649/4631/2397 3650/4632/2398 3638/4620/2386 3637/4619/2385
f 3650/4632/2398 3651/4633/2399 3639/4621/2387 3638/4620/2386
f 3651/4633/2399 3652/4634/2400 3640/4622/2388 3639/4621/2387
f 3652/4634/2400 3653/4635/2401 3641/4623/2389 3640/4622/2388
f 3653/4635/2401 3654/4636/2402 3642/4624/2390 3641/4623/2389
f 3654/4636/2402 3655/4637/2403 3643/4625/2391 3642/4624/2390
f 3655/4637/2403 3656/4638/2404 3644/4626/2392 3643/4625/2391
f 3656/4638/2404 3657/4639/2405 3645/4627/2393 3644/4626/2392
f 3657/4639/2405 3658/4640/2406 3646/4628/2394 3645/4627/2393
f 3658/4640/2406 3659/4641/2407 3647/4629/2395 3646/4628/2394
f 3659/4641/2407 3648/4630/2396 3636/4618/2384 3647/4629/2395
f 3660/4642/2408 3661/4643/2409 3662/4644/2410
f 3660/4642/2408 3662/4644/2410 3663/4645/2411
f 3660/4642/2408 3663/4645/2411 3664/4646/2412
f 3660/4642/2408 3664/4646/2412 3665/4647/2413
f 3660/4642/2408 3665/4647/2413 3666/4648/2414
f 3660/4642/2408 3666/4648/2414 3667/4649/2415
f 3660/4642/2408 3667/4649/2415 3668/4650/2416
f 3660/4642/2408 3668/4650/2416 3669/4651/2417
f 3660/4642/2408 3669/4651/2417 3670/4652/2418
f 3660/4642/2408 3670/4652/2418 3671/4653/2419
f 3660/4642/2408 3671/4653/2419 3672/4654/2420
f 3660/4642/2408 3672/4654/2420 3661/4643/2409
f 3673/4655/2421 3674/4656/2422 3662/4644/2410 3661/4643/2409
f 3674/4656/2422 3675/4657/2423 3663/4645/2411 3662/4644/2410
f 3675/4657/2423 3676/4658/2424 3664/4646/2412 3663/4645/2411
f 3676/4658/2424 3677/4659/2425 3665/4647/2413 3664/4646/2412
f 3677/4659/2425 3678/4660/2426 3666/4648/2414 3665/4647/2413
f 3678/4660/2426 3679/4661/2427 3667/4649/2415 3666/4648/2414
f 3679/4661/2427 3680/4662/2428 3668/4650/2416 3667/4649/2415
f 3680/4662/2428 3681/4663/2429 3669/4651/2417 3668/4650/2416
f 3681/4663/2429 3682/4664/2430 3670/4652/2418 3669/4651/2417
f 3682/4664/2430 3683/4665/2431 3671/4653/2419 3670/4652/2418
f 3683/4665/2431 3684/4666/2432 3672/4654/2420 3671/4653/2419
f 3684/4666/2432 3673/4655/2421 3661/4643/2409 3672/4654/2420
f 3685/4667/2433 3686/4668/2434 3674/4656/2422 3673/4655/2421
f 3686/4668/2434 3687/4669/2435 3675/4657/2423 3674/4656/2422
f 3687/4669/2435 3688/4670/2436 3676/4658/2424 3675/4657/2423
f 3688/4670/2436 3689/4671/2437 3677/4659/2425 3676/4658/2424
f 3689/4671/2437 3690/4672/2438 3678/4660/2426 3677/4659/2425
f 3690/4672/2438 3691/4673/2439 3679/4661/2427 3678/4660/2426
f 3691/4673/2439 3692/4674/2440 3680/4662/2428 3679/4661/2427
f 3692/4674/2440 3693/4675/2441 3681/4663/2429 3680/4662/2428
f 3693/4675/2441 3694/4676/2442 3682/4664/2430 3681/4663/2429
f 3694/4676/2442 3695/4677/2443 3683/4665/2431 3682/4664/2430
f 3695/4677/2443 3696/4678/2444 3684/4666/2432 3683/4665/2431
f 3684/4666/2432 3696/4678/2444 3685/4667/2433 3673/4655/2421
f 3697/4679/2445 3698/4680/2446 3699/4681/2447 3700/4682/2448
f 3701/4683/2449 3702/4684/2450 3703/4685/2451 3704/4686/2452
f 3705/4687/2453 3706/4688/2454 3707/4689/2455 3708/4690/2453
f 3709/4691/2456 3710/4692/2457 3711/4693/2458 3712/4694/2457
f 3713/4695/2459 3714/4696/2460 3715/4697/2461 3716/4698/2462
f 3717/4699/2463 3718/4700/2464 3719/4701/2465 3720/4702/2466
f 3721/4703/25 3722/4704/25 3723/4705/2467 3724/4706/25
f 3725/4707/2468 3726/4708/2469 3727/4709/2469 3728/4710/2468
f 3720/4702/2466 3719/4701/2465 3729/4711/2470 3730/4712/2471
f 3731/4713/2472 3721/4703/25 3724/4706/25 3732/4714/2472
f 3733/4715/2473 3734/4716/2474 3735/4717/2475 3736/4718/2473
f 3714/4696/2460 3737/4719/2476 3738/4720/2476 3715/4697/2461
f 3739/4721/2477 3740/4722/2478 3741/4723/2479 3742/4724/2480
f 3743/4725/25 3744/4726/2481 3745/4727/2482 3746/4728/2483
f 3747/4729/2484 3748/4730/2485 3749/4731/2486 3730/4712/2471
f 3704/4686/2452 3703/4685/2451 3750/4732/2487 3751/4733/2488
f 3752/4734/2489 3753/4735/2490 3754/4736/2491 3755/4737/2492
f 3753/4735/2490 3756/4738/2493 3757/4739/2494 3754/4736/2491
f 3758/4740/2495 3759/4741/2496 3760/4742/2497 3761/4743/2498
f 3762/4744/2499 3763/4745/2500 3764/4746/2501 3765/4747/2502
f 3739/4721/2477 3766/4748/2503 3767/4749/2504 3768/4750/2505
f 3717/4699/2463 3769/4751/2506 3770/4752/2507 3742/4724/2480
f 3730/4712/2471 3749/4731/2486 3771/4753/2508 3720/4702/2466
f 3707/4689/2455 3772/4754/2509 3700/4755/2510 3699/4756/2511
f 3707/4689/2455 3699/4756/2511 3708/4690/2453
f 3751/4757/2512 3773/4758/2513 3774/4759/2453 3701/4760/2514
f 3751/4757/2512 3701/4760/2514 3704/4761/2515
f 3742/4724/2480 3741/4723/2479 3718/4700/2464 3717/4699/2463
f 3775/4762/2516 3723/4705/2467 3722/4704/25 3776/4763/25
f 3737/4719/2476 3727/4709/2469 3726/4708/2469 3738/4720/2476
f 3756/4738/2493 3758/4740/2495 3761/4743/2498 3757/4739/2494
f 3720/4702/2466 3771/4753/2508 3769/4751/2506 3717/4699/2463
f 3777/4764/2517 3778/4765/2518 3779/4766/2519 3780/4767/2520
f 3781/4768/2521 3782/4769/2522 3783/4770/2523 3784/4771/2524
f 3785/4772/2525 3781/4768/2521 3784/4771/2524 3786/4773/2526
f 3787/4774/2527 3788/4775/2528 3789/4776/2529 3790/4777/2530
f 3783/4770/2523 3782/4769/2522 3791/4778/2531 3792/4779/2532
f 3793/4780/2533 3794/4781/2534 3795/4782/2535 3796/4783/2536
f 3744/4784/2481 3797/4785/2537 3798/4786/2538 3745/4787/2482
f 3799/4788/2539 3800/4789/2540 3801/4790/2541 3802/4791/2542
f 3803/4792/2543 3709/4793/2544 3712/4794/2545 3804/4795/2546
f 3805/4796/2547 3806/4797/2548 3807/4798/2549 3808/4799/2550
f 3809/4800/2551 3810/4801/2552 3806/4797/2548 3805/4796/2547
f 3795/4782/2535 3810/4801/2552 3809/4800/2551 3796/4783/2536
f 3747/4729/2484 3811/4802/2553 3698/4680/2446 3697/4679/2445
f 3812/4803/2554 3813/4804/2555 3814/4805/2556 3815/4806/2557
f 3710/4692/2457 3731/4713/2472 3732/4714/2472 3711/4693/2458
f 3734/4716/2474 3707/4807/2558 3706/4808/2558 3735/4717/2475
f 3700/4682/2448 3772/4809/2559 3816/4810/2560 3697/4679/2445
f 3703/4685/2451 3817/4811/2561 3818/4812/2562 3750/4732/2487
f 3819/4813/2447 3820/4814/2446 3821/4815/2563 3822/4816/2447
f 3823/4817/2450 3824/4818/2564 3825/4819/2565 3826/4820/2566
f 3827/4821/115 3828/4822/115 3829/4823/2567 3830/4824/115
f 3831/4825/2568 3832/4826/2569 3833/4827/2570 3834/4828/2571
f 3834/4828/2571 3833/4827/2570 3835/4829/2572 3836/4830/2573
f 3837/4831/2574 3838/4832/2575 3839/4833/2576 3840/4834/2577
f 3819/4835/115 3822/4836/115 3828/4822/115 3827/4821/115
f 3841/4837/2578 3832/4826/2569 3831/4825/2568 3842/4838/2579
f 3843/4839/2580 3844/4840/2581 3845/4841/2582 3846/4842/2583
f 3847/4843/2584 3848/4844/2585 3849/4845/2586 3850/4846/2587
f 3851/4847/2588 3848/4844/2585 3847/4843/2584 3852/4848/2589
f 3853/4849/2590 3854/4850/2591 3855/4851/2592 3856/4852/2593
f 3824/4853/115 3857/4854/115 3858/4855/115 3859/4856/115
f 3860/4857/2594 3850/4846/2587 3849/4845/2586 3861/4858/2595
f 3862/4859/2553 3836/4830/2573 3835/4829/2572 3863/4860/2553
f 3864/4861/2596 3851/4847/2588 3852/4848/2589 3865/4862/2596
f 3866/4863/2597 3843/4839/2580 3846/4842/2583 3867/4864/2598
f 3849/4845/2586 3848/4844/2585 3868/4865/2599 3869/4866/2600
f 3848/4844/2585 3851/4847/2588 3870/4867/2601 3868/4865/2599
f 3871/4868/2602 3856/4852/2593 3855/4851/2592 3872/4869/2603
f 3825/4870/2604 3824/4853/115 3859/4856/115 3873/4871/2605
f 3849/4845/2586 3869/4866/2600 3874/4872/2606 3861/4858/2595
f 3875/4873/2596 3870/4867/2601 3851/4847/2588 3864/4861/2596
f 3876/4874/2447 3877/4875/2446 3878/4876/2446 3879/4877/2447
f 3880/4878/115 3881/4879/115 3882/4880/2607 3883/4881/2607
f 3884/4882/2608 3885/4883/2609 3886/4884/2610 3887/4885/2608
f 3888/4886/2611 3884/4882/2608 3887/4885/2608 3889/4887/2611
f 3890/4888/2612 3891/4889/2613 3892/4890/2614 3893/4891/2615
f 3879/4892/115 3881/4879/115 3880/4878/115 3876/4893/115
f 3886/4884/2610 3885/4883/2609 3894/4894/2616 3895/4895/2617
f 3896/4896/2618 3888/4886/2611 3889/4887/2611 3897/4897/2618
f 3819/4813/2447 3898/4898/2447 3899/4899/2446 3820/4814/2446
f 3900/4900/2450 3857/4901/2564 3824/4818/2564 3823/4817/2450
f 3901/4902/115 3827/4821/115 3830/4824/115 3902/4903/115
f 3831/4825/2568 3834/4828/2571 3903/4904/2619 3904/4905/2620
f 3836/4830/2573 3905/4906/2621 3903/4904/2619 3834/4828/2571
f 3906/4907/2622 3840/4834/2577 3839/4833/2576 3907/4908/2623
f 3898/4909/115 3819/4835/115 3827/4821/115 3901/4902/115
f 3908/4910/2624 3842/4838/2579 3831/4825/2568 3904/4905/2620
f 3909/4911/2553 3905/4906/2621 3836/4830/2573 3862/4859/2553
f 3910/4912/2625 3822/4816/2447 3821/4815/2563 3911/4913/2563
f 3825/4819/2565 3912/4914/2626 3913/4915/2627 3826/4820/2566
f 3914/4916/2628 3829/4823/2567 3828/4822/115 3915/4917/115
f 3916/4918/2629 3833/4827/2570 3832/4826/2569 3917/4919/2630
f 3916/4918/2629 3918/4920/2631 3835/4829/2572 3833/4827/2570
f 3838/4832/2575 3837/4831/2574 3919/4921/2632 3920/4922/2633
f 3822/4836/115 3910/4923/115 3915/4917/115 3828/4822/115
f 3917/4919/2630 3832/4826/2569 3841/4837/2578 3921/4924/2634
f 3922/4925/2635 3863/4860/2553 3835/4829/2572 3918/4920/2631
f 3844/4840/2581 3923/4926/2636 3924/4927/2637 3845/4841/2582
f 3925/4928/2638 3926/4929/2639 3847/4843/2584 3850/4846/2587
f 3926/4929/2639 3927/4930/2640 3852/4848/2589 3847/4843/2584
f 3928/4931/2641 3929/4932/2642 3854/4850/2591 3853/4849/2590
f 3857/4854/115 3930/4933/115 3931/4934/115 3858/4855/115
f 3932/4935/2643 3925/4928/2638 3850/4846/2587 3860/4857/2594
f 3927/4930/2640 3933/4936/2596 3865/4862/2596 3852/4848/2589
f 3778/4765/2518 3934/4937/2644 3935/4938/2645 3779/4766/2519
f 3936/4939/2646 3937/4940/2647 3938/4941/2648 3939/4942/2649
f 3784/4771/2524 3783/4770/2523 3940/4943/2650 3941/4944/2524
f 3942/4945/2651 3943/4946/2652 3944/4947/2652 3945/4948/2653
f 3786/4773/2526 3784/4771/2524 3941/4944/2524 3946/4949/2526
f 3943/4946/2652 3947/4950/2654 3948/4951/2654 3944/4947/2652
f 3949/4952/2655 3950/4953/2656 3789/4776/2529 3788/4775/2528
f 3951/4954/2657 3952/4955/2658 3953/4956/2659 3954/4957/2660
f 3955/4958/2661 3940/4943/2650 3783/4770/2523 3792/4779/2532
f 3956/4959/2662 3942/4945/2651 3945/4948/2653 3957/4960/2663
f 3958/4961/2554 3959/4962/2555 3813/4804/2555 3812/4803/2554
f 3960/4963/2596 3961/4964/2596 3962/4965/2596 3963/4966/2596
f 3964/4967/2447 3965/4968/2446 3966/4969/2446 3967/4970/2447
f 3879/4877/2447 3878/4876/2446 3968/4971/2446 3969/4972/2447
f 3970/4973/115 3971/4974/115 3972/4975/2607 3973/4976/2607
f 3881/4879/115 3974/4977/115 3975/4978/2607 3882/4880/2607
f 3976/4979/2465 3977/4980/2610 3978/4981/2610 3979/4982/2465
f 3887/4885/2608 3886/4884/2610 3980/4983/2664 3981/4984/2608
f 3982/4985/2470 3976/4979/2465 3979/4982/2465 3983/4986/2470
f 3889/4887/2611 3887/4885/2608 3981/4984/2608 3984/4987/2611
f 3985/4988/2665 3986/4989/2666 3987/4990/2667 3988/4991/2668
f 3989/4992/2669 3990/4993/2670 3892/4890/2614 3891/4889/2613
f 3964/4994/115 3967/4995/115 3971/4974/115 3970/4973/115
f 3881/4879/115 3879/4892/115 3969/4996/115 3974/4977/115
f 3991/4997/2671 3978/4981/2610 3977/4980/2610 3992/4998/2672
f 3993/4999/2673 3980/4983/2664 3886/4884/2610 3895/4895/2617
f 3983/4986/2470 3994/5000/2553 3995/5001/2553 3982/4985/2470
f 3897/4897/2618 3889/4887/2611 3984/4987/2611 3996/5002/2618
f 3934/4937/2644 3997/5003/2674 3998/5004/2675 3935/4938/2645
f 3780/4767/2520 3999/5005/2676 4000/5006/2677 3777/4764/2517
f 4001/5007/2524 3941/4944/2524 3940/4943/2650 4002/5008/2678
f 4003/5009/2679 3782/4769/2522 3781/4768/2521 4004/5010/2680
f 4005/5011/2526 3946/4949/2526 3941/4944/2524 4001/5007/2524
f 4006/5012/2681 4004/5010/2680 3781/4768/2521 3785/4772/2525
f 3950/4953/2656 3949/4952/2655 4007/5013/2682 4008/5014/2683
f 4009/5015/2684 4010/5016/2685 3790/4777/2530 3791/4778/2531
f 3940/4943/2650 3955/4958/2661 4011/5017/2686 4002/5008/2678
f 4003/5009/2679 4009/5015/2684 3791/4778/2531 3782/4769/2522
f 4012/5018/2554 4013/5019/2687 3959/4962/2555 3958/4961/2554
f 4014/5020/2688 3814/4805/2556 4015/5021/2596 4016/5022/2596
f 4017/5023/2447 3969/4972/2447 3968/4971/2446 4018/5024/2446
f 3877/4875/2446 3876/4874/2447 4019/5025/2447 4020/5026/2563
f 3974/4977/115 4021/5027/115 4022/5028/2607 3975/4978/2607
f 3883/4881/2607 4023/5029/2689 4024/5030/115 3880/4878/115
f 4025/5031/2608 3981/4984/2608 3980/4983/2664 4026/5032/2690
f 3885/4883/2609 3884/4882/2608 4027/5033/2608 4028/5034/2464
f 3981/4984/2608 4025/5031/2608 4029/5035/2611 3984/4987/2611
f 3884/4882/2608 3888/4886/2611 4030/5036/2611 4027/5033/2608
f 4031/5037/2691 4032/5038/2692 3990/4993/2670 3989/4992/2669
f 3893/4891/2615 3894/4894/2616 4033/5039/2693 4034/5040/2694
f 3974/4977/115 3969/4996/115 4017/5041/115 4021/5027/115
f 4019/5042/115 3876/4893/115 3880/4878/115 4024/5030/115
f 3993/4999/2673 4035/5043/2695 4026/5032/2690 3980/4983/2664
f 3894/4894/2616 3885/4883/2609 4028/5034/2464 4033/5039/2693
f 3996/5002/2618 3984/4987/2611 4029/5035/2611 4036/5044/2618
f 3896/4896/2618 3877/4875/2446 4020/5026/2563 4037/5045/2618
f 4038/5046/2696 3798/4786/2538 3797/4785/2537 4039/5047/2697
f 3937/4940/2647 4040/5048/2698 4041/5049/2699 3938/4941/2648
f 3945/4948/2653 3944/4947/2652 4042/5050/2700 4043/5051/2701
f 3944/4947/2652 3948/4951/2654 4044/5052/2702 4042/5050/2700
f 3951/4954/2657 4045/5053/2703 4046/5054/2704 3952/4955/2658
f 3945/4948/2653 4043/5051/2701 4047/5055/2705 3957/4960/2663
f 3961/4964/2596 4048/5056/2706 4049/5057/2707 3962/4965/2596
f 3967/4970/2447 3966/4969/2446 4050/5058/2446 4051/5059/2447
f 3971/4974/115 4052/5060/115 4053/5061/2607 3972/4975/2607
f 3979/4982/2465 3978/4981/2610 4054/5062/2610 4055/5063/2465
f 3983/4986/2470 3979/4982/2465 4055/5063/2465 4056/5064/2470
f 4057/5065/2708 4058/5066/2709 3987/4990/2667 3986/4989/2666
f 4052/5060/115 3971/4974/115 3967/4995/115 4051/5067/115
f 4054/5062/2610 4059/5068/2710 4060/5069/2711 4061/5070/2610
f 4054/5062/2610 3978/4981/2610 3991/4997/2671 4059/5068/2710
f 4056/5064/2470 4062/5071/2553 3994/5000/2553 3983/4986/2470
f 4040/5048/2698 4063/5072/2712 4064/5073/2713 4041/5049/2699
f 3939/4942/2649 4065/5074/2714 4066/5075/2715 3936/4939/2646
f 4067/5076/2716 4043/5051/2701 4042/5050/2700 4068/5077/2717
f 4069/5078/2718 3943/4946/2652 3942/4945/2651 4070/5079/2719
f 4071/5080/2720 4068/5077/2717 4042/5050/2700 4044/5052/2702
f 3947/4950/2654 3943/4946/2652 4069/5078/2718 4072/5081/2721
f 4073/5082/2722 4046/5054/2704 4045/5053/2703 4074/5083/2723
f 4075/5084/2724 4076/5085/2725 3953/4956/2659 4077/5086/2726
f 4043/5051/2701 4067/5076/2716 4078/5087/2727 4047/5055/2705
f 4079/5088/2728 4070/5079/2719 3942/4945/2651 3956/4959/2662
f 4080/5089/2729 4049/5057/2707 4048/5056/2706 4081/5090/2730
f 3947/4950/2654 4072/5081/2721 4082/5091/2731 3963/4966/2596
f 4051/5059/2447 4050/5058/2446 4083/5092/2446 4084/5093/2447
f 3965/4968/2446 3964/4967/2447 4085/5094/2447 4086/5095/2446
f 4052/5060/115 4087/5096/115 4088/5097/2732 4053/5061/2607
f 3973/4976/2607 4089/5098/2607 4090/5099/115 3970/4973/115
f 4055/5063/2465 4054/5062/2610 4061/5070/2610 4091/5100/2733
f 3977/4980/2610 3976/4979/2465 4092/5101/2465 4093/5102/2610
f 4056/5064/2470 4055/5063/2465 4091/5100/2733 4094/5103/2470
f 3976/4979/2465 3982/4985/2470 4095/5104/2734 4092/5101/2465
f 4096/5105/2735 4058/5066/2709 4057/5065/2708 4097/5106/2736
f 4098/5107/2737 3988/4991/2668 3992/4998/2672 4099/5108/2738
f 4087/5096/115 4052/5060/115 4051/5067/115 4084/5109/115
f 4085/5110/115 3964/4994/115 3970/4973/115 4090/5099/115
f 3992/4998/2672 3977/4980/2610 4093/5102/2610 4099/5108/2738
f 4094/5103/2470 4100/5111/2553 4062/5071/2553 4056/5064/2470
f 4086/5095/2446 4101/5112/2739 3995/5001/2553 3965/4968/2446
f 4102/5113/2446 3899/4899/2446 3898/4898/2447 4103/5114/2447
f 3857/4901/2564 3900/4900/2450 4104/5115/2450 3930/5116/2564
f 4105/5117/115 3901/4902/115 3902/4903/115 4106/5118/115
f 4107/5119/2740 3904/4905/2620 3903/4904/2619 4108/5120/2741
f 4108/5120/2741 3903/4904/2619 3905/4906/2621 4109/5121/2742
f 3907/4908/2623 4110/5122/2743 4111/5123/2744 3906/4907/2622
f 4103/5124/115 3898/4909/115 3901/4902/115 4105/5117/115
f 4112/5125/2745 3908/4910/2624 3904/4905/2620 4107/5119/2740
f 3909/4911/2553 4113/5126/2553 4109/5121/2742 3905/4906/2621
f 4114/5127/2678 4115/5128/2652 3926/4929/2639 3925/4928/2638
f 4115/5128/2652 4116/5129/2746 3927/4930/2640 3926/4929/2639
f 4117/5130/2747 4118/5131/2748 3929/4932/2642 3928/4931/2641
f 3930/4933/115 3701/4760/2514 3774/4759/2453 3931/4934/115
f 4119/5132/2749 4114/5127/2678 3925/4928/2638 3932/4935/2643
f 4116/5129/2746 4120/5133/2596 3933/4936/2596 3927/4930/2640
f 3698/4680/2446 4102/5113/2446 4103/5114/2447 3699/4681/2447
f 3930/5116/2564 4104/5115/2450 3702/4684/2450 3701/4683/2449
f 3708/4690/2453 4105/5117/115 4106/5118/115 3705/4687/2453
f 3718/4700/2464 4107/5119/2740 4108/5120/2741 3719/4701/2465
f 3719/4701/2465 4108/5120/2741 4109/5121/2742 3729/4711/2470
f 4121/5134/2750 4111/5123/2744 4110/5122/2743 3740/4722/2478
f 3699/4756/2511 4103/5124/115 4105/5117/115 3708/4690/2453
f 3741/4723/2479 4112/5125/2745 4107/5119/2740 3718/4700/2464
f 3729/4711/2470 4109/5121/2742 4113/5126/2553 3811/4802/2553
f 4122/5135/2697 3765/4747/2502 3764/4746/2501 4123/5136/2696
f 3756/4738/2493 3753/4735/2490 4115/5128/2652 4114/5127/2678
f 3753/4735/2490 3752/4734/2489 4116/5129/2746 4115/5128/2652
f 4124/5137/2751 3759/4741/2496 4118/5131/2748 4117/5130/2747
f 3758/4740/2495 3756/4738/2493 4114/5127/2678 4119/5132/2749
f 3752/4734/2489 3817/4811/2561 4120/5133/2596 4116/5129/2746
f 4125/5138/2752 3866/4863/2597 3867/4864/2598 4126/5139/2753
f 3868/4865/2599 4127/5140/2754 4128/5141/2755 3869/4866/2600
f 4127/5140/2754 3868/4865/2599 3870/4867/2601 4129/5142/2756
f 4130/5143/2757 4131/5144/2758 3871/4868/2602 3872/4869/2603
f 4128/5141/2755 4132/5145/2759 3874/4872/2606 3869/4866/2600
f 3870/4867/2601 3875/4873/2596 4133/5146/2760 4129/5142/2756
f 4001/5007/2524 4002/5008/2678 4134/5147/2678 4135/5148/2761
f 4001/5007/2524 4135/5148/2761 4136/5149/2762 4005/5011/2526
f 4008/5014/2683 4007/5013/2682 4137/5150/2747 4138/5151/2763
f 4002/5008/2678 4011/5017/2686 4139/5152/2749 4134/5147/2678
f 4140/5153/2764 4141/5154/2765 4013/5019/2687 4012/5018/2554
f 4020/5026/2563 4019/5025/2447 4142/5155/2625 4143/5156/2563
f 4144/5157/2766 3914/4916/2628 3915/4917/115 4145/5158/115
f 4028/5034/2464 4027/5033/2608 4146/5159/2608 4147/5160/2464
f 4027/5033/2608 4030/5036/2611 4148/5161/2611 4146/5159/2608
f 4034/5040/2694 4033/5039/2693 4149/5162/2479 4150/5163/2478
f 4142/5164/115 4019/5042/115 4024/5030/115 4145/5158/115
f 4033/5039/2693 4028/5034/2464 4147/5160/2464 4149/5162/2479
f 4020/5026/2563 4143/5156/2563 4151/5165/2618 4037/5045/2618
f 4152/5166/2767 4153/5167/2768 4003/5009/2679 4004/5010/2680
f 4004/5010/2680 4006/5012/2681 4154/5168/2769 4152/5166/2767
f 4155/5169/2770 4156/5170/2747 4157/5171/2771 4010/5016/2685
f 4009/5015/2684 4003/5009/2679 4153/5167/2768 4158/5172/2772
f 4159/5173/2446 4160/5174/2447 4017/5023/2447 4018/5024/2446
f 4161/5175/2773 4162/5176/2774 4025/5031/2608 4026/5032/2690
f 4163/5177/2775 4029/5035/2611 4025/5031/2608 4162/5176/2774
f 4164/5178/2776 4035/5043/2695 4032/5038/2692 4165/5179/2777
f 4160/5180/115 4166/5181/115 4021/5027/115 4017/5041/115
f 4161/5175/2773 4026/5032/2690 4035/5043/2695 4164/5178/2776
f 4167/5182/2778 4159/5173/2446 4018/5024/2446 4036/5044/2618
f 4069/5078/2718 4070/5079/2719 4168/5183/2779 4169/5184/2780
f 4169/5184/2780 4170/5185/2781 4072/5081/2721 4069/5078/2718
f 4076/5085/2725 4075/5084/2724 4171/5186/2747 4172/5187/2782
f 4173/5188/2783 4168/5183/2779 4070/5079/2719 4079/5088/2728
f 4170/5185/2781 4174/5189/2784 4082/5091/2731 4072/5081/2721
f 4086/5095/2446 4085/5094/2447 4175/5190/2447 4176/5191/2446
f 4177/5192/2607 4178/5193/2607 4166/5181/115 4179/5194/115
f 4093/5102/2610 4092/5101/2465 4180/5195/2785 4181/5196/2610
f 4095/5104/2734 4182/5197/2786 4180/5195/2785 4092/5101/2465
f 4098/5107/2737 4099/5108/2738 4183/5198/2787 4184/5199/2777
f 4175/5200/115 4085/5110/115 4090/5099/115 4179/5194/115
f 4093/5102/2610 4181/5196/2610 4183/5198/2787 4099/5108/2738
f 4101/5112/2739 4086/5095/2446 4176/5191/2446 4185/5201/2788
f 3706/4688/2454 3705/4687/2453 3774/4759/2453 3773/4758/2513
f 4186/5202/2458 4187/5203/2457 3712/4694/2457 3711/4693/2458
f 3710/4692/2457 3709/4691/2456 4188/5204/2789 4189/5205/2790
f 4190/5206/2791 3716/4698/2462 3715/4697/2461 4191/5207/2792
f 3767/5208/2504 3766/5209/2503 3713/4695/2459 3762/5210/2499
f 4192/5211/2793 4193/5212/25 3724/4706/25 3723/4705/2467
f 3721/4703/25 3806/5213/2548 3810/5214/2552 3722/4704/25
f 4194/5215/2469 3726/4708/2469 3725/4707/2468 4195/5216/2468
f 3771/5217/2508 3749/5218/2486 3728/4710/2468 3727/4709/2469
f 4193/5212/25 4196/5219/2794 3732/4714/2472 3724/4706/25
f 3731/4713/2472 3807/5220/2549 3806/5213/2548 3721/4703/25
f 3736/4718/2473 3735/4717/2475 4197/5221/2475 4198/5222/2473
f 3733/4715/2473 3728/4710/2468 3749/5218/2486 3748/5223/2485
f 3715/4697/2461 3738/4720/2476 4199/5224/2476 4191/5207/2792
f 3737/4719/2476 3714/4696/2460 3770/5225/2507 3769/5226/2506
f 3746/4728/2483 3745/4727/2482 4200/5227/2795 4201/5228/2796
f 3776/4763/25 3795/5229/2535 3794/5230/2534 3743/4725/25
f 3765/4747/2502 3768/4750/2505 3767/4749/2504 3762/4744/2499
f 4202/5231/2797 3764/4746/2501 3763/4745/2500 4203/5232/2798
f 3795/5229/2535 3776/4763/25 3722/4704/25 3810/5214/2552
f 4199/5224/2476 3738/4720/2476 3726/4708/2469 4194/5215/2469
f 3769/5226/2506 3771/5217/2508 3727/4709/2469 3737/4719/2476
f 3780/4767/2520 3779/4766/2519 4204/5233/2799 4205/5234/2800
f 3891/4889/2613 3778/4765/2518 3777/4764/2517 3989/4992/2669
f 3745/4787/2482 3798/4786/2538 4206/5235/2801 4200/5236/2795
f 4207/5237/2802 4208/5238/2803 3797/4785/2537 3744/4784/2481
f 3712/4794/2545 4187/5239/2804 4209/5240/2805 3804/4795/2546
f 4196/5219/2794 4186/5202/2458 3711/4693/2458 3732/4714/2472
f 3735/4717/2475 3706/4808/2558 3773/5241/2558 4197/5221/2475
f 3707/4807/2558 3734/4716/2474 3816/5242/2560 3772/5243/2559
f 3830/4824/115 3829/4823/2567 3873/4871/2605 3859/4856/115
f 4210/5244/2806 3846/4842/2583 3845/4841/2582 4211/5245/2807
f 3840/4834/2577 3906/4907/2622 3844/4840/2581 3843/4839/2580
f 3867/4864/2598 3846/4842/2583 4210/5244/2806 4212/5246/2808
f 3840/4834/2577 3843/4839/2580 3866/4863/2597 3837/4831/2574
f 3883/4881/2607 3882/4880/2607 4213/5247/2809 4214/5248/2809
f 3902/4903/115 3830/4824/115 3859/4856/115 3858/4855/115
f 3845/4841/2582 3924/4927/2637 4215/5249/2810 4211/5245/2807
f 3923/4926/2636 3844/4840/2581 3906/4907/2622 4111/5123/2744
f 4204/5233/2799 3779/4766/2519 3935/4938/2645 4216/5250/2811
f 3891/4889/2613 3890/4888/2612 3934/4937/2644 3778/4765/2518
f 3986/4989/2666 3985/4988/2665 3939/4942/2649 3938/4941/2648
f 4217/5251/2799 3937/4940/2647 3936/4939/2646 4218/5252/2812
f 3960/5253/2809 3973/4976/2607 3972/4975/2607 3961/5254/2809
f 3882/4880/2607 3975/4978/2607 4015/5255/2809 4213/5247/2809
f 3935/4938/2645 3998/5004/2675 4219/5256/2813 4216/5250/2811
f 4220/5257/2814 3997/5003/2674 3934/4937/2644 3890/4888/2612
f 3989/4992/2669 3777/4764/2517 4000/5006/2677 4031/5037/2691
f 3999/5005/2676 3780/4767/2520 4205/5234/2800 4221/5258/2815
f 3975/4978/2607 4022/5028/2607 4016/5259/2809 4015/5255/2809
f 4222/5260/2816 4023/5029/2689 3883/4881/2607 4214/5248/2809
f 4039/5047/2697 3797/4785/2537 4208/5238/2803 4223/5261/2750
f 3986/4989/2666 3938/4941/2648 4041/5049/2699 4057/5065/2708
f 4040/5048/2698 3937/4940/2647 4217/5251/2799 4224/5262/2817
f 3961/5254/2809 3972/4975/2607 4053/5061/2607 4048/5263/2818
f 4057/5065/2708 4041/5049/2699 4064/5073/2713 4097/5106/2736
f 4063/5072/2712 4040/5048/2698 4224/5262/2817 4225/5264/2819
f 3936/4939/2646 4066/5075/2715 4226/5265/2820 4218/5252/2812
f 4227/5266/2821 4065/5074/2714 3939/4942/2649 3985/4988/2665
f 4048/5263/2818 4053/5061/2607 4088/5097/2732 4081/5267/2822
f 4228/5268/2809 4089/5098/2607 3973/4976/2607 3960/5253/2809
f 4106/5118/115 3902/4903/115 3858/4855/115 3931/4934/115
f 3924/4927/2637 4123/5136/2696 4229/5269/2799 4215/5249/2810
f 4122/5135/2697 3923/4926/2636 4111/5123/2744 4121/5134/2750
f 3705/4687/2453 4106/5118/115 3931/4934/115 3774/4759/2453
f 4123/5136/2696 3764/4746/2501 4202/5231/2797 4229/5269/2799
f 3765/4747/2502 4122/5135/2697 4121/5134/2750 3768/4750/2505
f 4126/5139/2753 3867/4864/2598 4212/5246/2808 4230/5270/2823
f 3866/4863/2597 4125/5138/2752 3919/4921/2632 3837/4831/2574
f 4231/5271/2696 4126/5139/2753 4230/5270/2823 4232/5272/2799
f 4233/5273/2697 3997/5003/2674 4220/5257/2814 4234/5274/2750
f 4145/5158/115 3915/4917/115 3910/4923/115 4142/5164/115
f 4235/5275/2824 4144/5157/2766 4023/5029/2689 4222/5260/2816
f 4000/5006/2677 4236/5276/2697 4237/5277/2750 4031/5037/2691
f 4022/5028/2607 4178/5193/2607 4238/5278/2809 4016/5259/2809
f 4239/5279/2696 4240/5280/2696 4241/5281/2799 4242/5282/2799
f 4243/5283/2697 4065/5074/2714 4227/5266/2821 4244/5284/2750
f 4160/5180/115 4175/5200/115 4179/5194/115 4166/5181/115
f 4245/5285/2809 4177/5192/2607 4089/5098/2607 4228/5268/2809
f 3924/4927/2637 3923/4926/2636 4122/5135/2697 4123/5136/2696
f 4125/5138/2752 4126/5139/2753 4231/5271/2696 4233/5273/2697
f 4236/5276/2697 4240/5280/2696 4239/5279/2696 4243/5283/2697
f 3733/4715/2473 3736/4718/2473 3725/4707/2468 3728/4710/2468
f 3697/4679/2445 3816/4810/2560 3748/4730/2485 3747/4729/2484
f 3730/4712/2471 3729/4711/2470 3811/4802/2553 3747/4729/2484
f 3814/4805/2556 3813/4804/2555 4213/5286/2596 4015/5021/2596
f 3817/4811/2561 3752/4734/2489 3755/4737/2492 3818/4812/2562
f 3807/4798/2549 4189/5287/2790 4246/5288/2825 3808/4799/2550
f 3862/4859/2553 3863/4860/2553 3821/4815/2563 3820/4814/2446
f 3864/4861/2596 3865/4862/2596 3900/4900/2450 3823/4817/2450
f 3875/4873/2596 3864/4861/2596 3823/4817/2450 3826/4820/2566
f 3896/4896/2618 3897/4897/2618 3878/4876/2446 3877/4875/2446
f 3909/4911/2553 3862/4859/2553 3820/4814/2446 3899/4899/2446
f 3911/4913/2563 3821/4815/2563 3863/4860/2553 3922/4925/2635
f 3933/4936/2596 4104/5115/2450 3900/4900/2450 3865/4862/2596
f 3813/4804/2555 3959/4962/2555 4214/5289/2596 4213/5286/2596
f 3948/4951/2654 3947/4950/2654 3963/4966/2596 3962/4965/2596
f 3994/5000/2553 3966/4969/2446 3965/4968/2446 3995/5001/2553
f 3897/4897/2618 3996/5002/2618 3968/4971/2446 3878/4876/2446
f 3959/4962/2555 4013/5019/2687 4222/5290/2826 4214/5289/2596
f 3815/4806/2557 3814/4805/2556 4014/5020/2688 4247/5291/2827
f 3996/5002/2618 4036/5044/2618 4018/5024/2446 3968/4971/2446
f 3896/4896/2618 4037/5045/2618 4030/5036/2611 3888/4886/2611
f 4196/5292/2828 4248/5293/2829 4249/5294/2830 4186/5295/2831
f 4044/5052/2702 3948/4951/2654 3962/4965/2596 4049/5057/2707
f 4246/5288/2825 4250/5296/2832 4251/5297/2446 4252/5298/2553
f 4062/5071/2553 4050/5058/2446 3966/4969/2446 3994/5000/2553
f 4049/5057/2707 4080/5089/2729 4071/5080/2720 4044/5052/2702
f 4228/5299/2596 3960/4963/2596 3963/4966/2596 4082/5091/2731
f 4100/5111/2553 4083/5092/2446 4050/5058/2446 4062/5071/2553
f 4101/5112/2739 4095/5104/2734 3982/4985/2470 3995/5001/2553
f 3899/4899/2446 4102/5113/2446 4113/5126/2553 3909/4911/2553
f 4120/5133/2596 3702/4684/2450 4104/5115/2450 3933/4936/2596
f 4102/5113/2446 3698/4680/2446 3811/4802/2553 4113/5126/2553
f 3817/4811/2561 3703/4685/2451 3702/4684/2450 4120/5133/2596
f 3913/4915/2627 4133/5146/2760 3875/4873/2596 3826/4820/2566
f 4235/5300/2833 4141/5154/2765 4253/5301/2834 4254/5302/2835
f 3918/4920/2631 4148/5161/2611 4151/5165/2618 3922/4925/2635
f 4174/5189/2784 4255/5303/2836 4238/5304/2596 4245/5305/2596
f 4163/5177/2775 4182/5197/2786 4185/5201/2788 4167/5182/2778
f 3755/5306/2492 4195/5216/2468 4198/5222/2473 3818/5307/2562
f 3733/4715/2473 3748/5223/2485 3816/5242/2560 3734/4716/2474
f 3710/4692/2457 4189/5205/2790 3807/5220/2549 3731/4713/2472
f 3713/4695/2459 3716/4698/2462 3763/5308/2500 3762/5210/2499
f 3768/4750/2505 4121/5134/2750 3740/4722/2478 3739/4721/2477
f 3776/4763/25 3743/4725/25 3746/4728/2483 3775/4762/2516
f 3759/4741/2496 4124/5137/2751 4256/5309/2837 3760/4742/2497
f 3742/4724/2480 3770/4752/2507 3766/4748/2503 3739/4721/2477
f 3792/4779/2532 3791/4778/2531 3790/4777/2530 3789/4776/2529
f 3794/4781/2534 3793/4780/2533 4208/5238/2803 4207/5237/2802
f 4257/5310/2838 4258/5311/2839 3802/4791/2542 3801/4790/2541
f 3838/4832/2575 3841/4837/2578 3842/4838/2579 3839/4833/2576
f 3854/4850/2591 3860/4857/2594 3861/4858/2595 3855/4851/2592
f 3861/4858/2595 3874/4872/2606 3872/4869/2603 3855/4851/2592
f 3895/4895/2617 3894/4894/2616 3893/4891/2615 3892/4890/2614
f 3842/4838/2579 3908/4910/2624 3907/4908/2623 3839/4833/2576
f 3841/4837/2578 3838/4832/2575 3920/4922/2633 3921/4924/2634
f 3860/4857/2594 3854/4850/2591 3929/4932/2642 3932/4935/2643
f 3950/4953/2656 3955/4958/2661 3792/4779/2532 3789/4776/2529
f 3952/4955/2658 4259/5312/2840 4077/5086/2726 3953/4956/2659
f 3991/4997/2671 3992/4998/2672 3988/4991/2668 3987/4990/2667
f 3990/4993/2670 3993/4999/2673 3895/4895/2617 3892/4890/2614
f 3950/4953/2656 4008/5014/2683 4011/5017/2686 3955/4958/2661
f 4157/5171/2771 3787/4774/2527 3790/4777/2530 4010/5016/2685
f 4035/5043/2695 3993/4999/2673 3990/4993/2670 4032/5038/2692
f 3893/4891/2615 4034/5040/2694 4220/5257/2814 3890/4888/2612
f 3801/4790/2541 3800/4789/2540 4260/5313/2747 4261/5314/2841
f 4262/5315/2842 4259/5312/2840 3952/4955/2658 4046/5054/2704
f 3796/4783/2536 4263/5316/2787 4264/5317/2777 3793/4780/2533
f 4058/5066/2709 4059/5068/2710 3991/4997/2671 3987/4990/2667
f 4046/5054/2704 4073/5082/2722 4265/5318/2843 4262/5315/2842
f 3954/4957/2660 3953/4956/2659 4076/5085/2725 4266/5319/2844
f 4059/5068/2710 4058/5066/2709 4096/5105/2735 4060/5069/2711
f 4227/5266/2821 3985/4988/2665 3988/4991/2668 4098/5107/2737
f 3908/4910/2624 4112/5125/2745 4110/5122/2743 3907/4908/2623
f 4118/5131/2748 4119/5132/2749 3932/4935/2643 3929/4932/2642
f 4112/5125/2745 3741/4723/2479 3740/4722/2478 4110/5122/2743
f 3759/4741/2496 3758/4740/2495 4119/5132/2749 4118/5131/2748
f 4130/5143/2757 3872/4869/2603 3874/4872/2606 4132/5145/2759
f 4138/5151/2763 4130/5143/2757 4132/5145/2759 4139/5152/2749
f 4150/5163/2478 3920/4922/2633 3919/4921/2632 4234/5274/2750
f 4155/5169/2770 4158/5172/2772 4267/5320/2845 4172/5187/2782
f 4184/5199/2777 4165/5179/2777 4237/5277/2750 4244/5284/2750
f 4256/5321/2837 4203/5322/2798 4190/5206/2791 3760/5323/2497
f 3766/5209/2503 3770/5225/2507 3714/4696/2460 3713/4695/2459
f 3802/5324/2542 4258/5325/2839 4268/5326/2846 4201/5228/2796
f 4207/5327/2802 3744/4726/2481 3743/4725/25 3794/5230/2534
f 3725/4707/2468 3736/4718/2473 4198/5222/2473 4195/5216/2468
f 4203/5322/2798 3763/5308/2500 3716/4698/2462 4190/5206/2791
f 3775/4762/2516 3746/4728/2483 4201/5228/2796 4268/5326/2846
f 4269/5328/2847 4258/5329/2848 4257/5330/2849 4270/5331/2849
f 3951/5332/2850 4271/5333/2851 4272/5334/2852 4045/5335/2853
f 3951/5332/2850 3954/5336/2854 4273/5337/2855 4271/5333/2851
f 4273/5337/2855 3954/5336/2854 4266/5338/2856 4274/5339/2857
f 4275/5340/2858 4274/5339/2857 4266/5338/2856 4267/5341/2858
f 4276/5342/2859 4277/5343/2860 4158/5344/2861 4153/5345/2862
f 4153/5345/2863 4152/5346/2864 4278/5347/2865 4276/5342/2866
f 4152/5346/2864 4154/5348/2867 4279/5349/2868 4278/5347/2865
f 4154/5348/2869 4006/5350/2870 4280/5351/2871 4279/5349/2872
f 4281/5352/2873 4282/5353/2874 3785/5354/2875 3786/5355/2876
f 4283/5356/2873 4281/5352/2873 3786/5355/2876 3946/5357/2876
f 4284/5358/2873 4283/5356/2873 3946/5357/2876 4005/5359/2876
f 4285/5360/2873 4284/5358/2873 4005/5359/2876 4136/5361/2877
f 4286/5362/2878 4129/5363/2879 4133/5364/2880 4287/5365/2881
f 3913/5366/2882 3912/5367/2883 4287/5365/2881 4133/5364/2880
f 4272/5334/2852 4047/5055/2884 4078/5087/2885 4288/5368/2886
f 4271/5333/2851 3957/4960/2858 4047/5055/2884 4272/5334/2852
f 3956/4959/2887 3957/4960/2858 4271/5333/2851 4273/5337/2855
f 4079/5088/2888 3956/4959/2887 4273/5337/2855 4274/5339/2857
f 4289/5369/2889 4173/5188/2890 4275/5340/2858 4277/5343/2860
f 4289/5369/2889 4277/5343/2860 4276/5342/2859 4290/5370/2891
f 4291/5371/2892 4290/5370/2893 4276/5342/2866 4278/5347/2865
f 4292/5372/2894 4291/5371/2892 4278/5347/2865 4279/5349/2868
f 4280/5351/2871 4282/5353/2874 3815/4806/2557 4247/5291/2827
f 4282/5353/2874 4281/5352/2873 3812/4803/2554 3815/4806/2557
f 4281/5352/2873 4283/5356/2873 3958/4961/2554 3812/4803/2554
f 4283/5356/2873 4284/5358/2873 4012/5018/2554 3958/4961/2554
f 4293/5373/2895 4140/5153/2764 4285/5360/2873 4286/5362/2878
f 4253/5301/2834 4293/5373/2895 4286/5362/2878 4287/5365/2881
f 4254/5302/2835 4253/5301/2834 4287/5365/2881 3912/5367/2883
f 4189/5287/2790 4188/5374/2789 4250/5296/2832 4246/5288/2825
f 3803/4792/2543 4294/5375/2896 4250/5376/2897 3709/4793/2544
f 4250/5376/2897 4188/5377/2898 3709/4793/2544
f 4191/5207/2792 3761/5378/2498 3760/5323/2497 4190/5206/2791
f 4195/5216/2468 3755/5306/2492 3754/5379/2491 4194/5215/2469
f 4197/5221/2475 3750/5380/2487 3818/5307/2562 4198/5222/2473
f 4191/5207/2792 4199/5224/2476 3757/5381/2494 3761/5378/2498
f 3799/5382/2539 3802/5324/2542 4201/5228/2796 4200/5227/2795
f 4256/5309/2837 4124/5137/2751 4202/5231/2797 4203/5232/2798
f 4194/5215/2469 3754/5379/2491 3757/5381/2494 4199/5224/2476
f 3788/4775/2528 3787/4774/2527 4205/5234/2800 4204/5233/2799
f 3799/4788/2539 4200/5236/2795 4206/5235/2801 3800/4789/2540
f 3773/5241/2558 3751/5383/2488 3750/5380/2487 4197/5221/2475
f 4211/5245/2807 3853/4849/2590 3856/4852/2593 4210/5244/2806
f 3856/4852/2593 3871/4868/2602 4212/5246/2808 4210/5244/2806
f 4211/5245/2807 4215/5249/2810 3928/4931/2641 3853/4849/2590
f 4216/5250/2811 3949/4952/2655 3788/4775/2528 4204/5233/2799
f 4218/5252/2812 4077/5086/2726 4259/5312/2840 4217/5251/2799
f 4216/5250/2811 4219/5256/2813 4007/5013/2682 3949/4952/2655
f 4221/5258/2815 4205/5234/2800 3787/4774/2527 4157/5171/2771
f 4259/5312/2840 4262/5315/2842 4224/5262/2817 4217/5251/2799
f 4265/5318/2843 4225/5264/2819 4224/5262/2817 4262/5315/2842
f 4218/5252/2812 4226/5265/2820 4075/5084/2724 4077/5086/2726
f 4215/5249/2810 4229/5269/2799 4117/5130/2747 3928/4931/2641
f 4229/5269/2799 4202/5231/2797 4124/5137/2751 4117/5130/2747
f 4230/5270/2823 4212/5246/2808 3871/4868/2602 4131/5144/2758
f 4232/5272/2799 4230/5270/2823 4131/5144/2758 4137/5150/2747
f 4242/5282/2799 4241/5281/2799 4156/5170/2747 4171/5186/2747
f 4289/5369/2899 4290/5370/2900 4168/5183/2779 4173/5188/2783
f 4290/5370/2900 4291/5371/2901 4169/5184/2780 4168/5183/2779
f 4293/5373/2895 4253/5301/2834 4141/5154/2765 4140/5153/2764
f 4172/5187/2782 4171/5186/2747 4156/5170/2747 4155/5169/2770
f 4291/5371/2901 4292/5372/2902 4170/5185/2781 4169/5184/2780
f 4176/5191/2446 4175/5190/2447 4160/5174/2447 4159/5173/2446
f 4177/5192/2607 4179/5194/115 4090/5099/115 4089/5098/2607
f 4181/5196/2610 4180/5195/2785 4162/5176/2774 4161/5175/2773
f 4182/5197/2786 4163/5177/2775 4162/5176/2774 4180/5195/2785
f 4184/5199/2777 4183/5198/2787 4164/5178/2776 4165/5179/2777
f 4181/5196/2610 4161/5175/2773 4164/5178/2776 4183/5198/2787
f 4185/5201/2788 4176/5191/2446 4159/5173/2446 4167/5182/2778
f 4226/5265/2820 4066/5075/2715 4239/5279/2696 4242/5282/2799
f 4243/5283/2697 4244/5284/2750 4237/5277/2750 4236/5276/2697
f 4238/5278/2809 4178/5193/2607 4177/5192/2607 4245/5285/2809
f 4243/5283/2697 4239/5279/2696 4066/5075/2715 4065/5074/2714
f 4174/5189/2784 4245/5305/2596 4228/5299/2596 4082/5091/2731
f 4185/5201/2788 4182/5197/2786 4095/5104/2734 4101/5112/2739
f 4172/5187/2782 4267/5320/2845 4266/5319/2844 4076/5085/2725
f 4184/5199/2777 4244/5284/2750 4227/5266/2821 4098/5107/2737
f 4267/5341/2858 4158/5344/2861 4277/5343/2860 4275/5340/2858
f 4173/5188/2890 4079/5088/2888 4274/5339/2857 4275/5340/2858
f 4242/5282/2799 4171/5186/2747 4075/5084/2724 4226/5265/2820
f 4000/5006/2677 3999/5005/2676 4240/5280/2696 4236/5276/2697
f 4022/5028/2607 4021/5027/115 4166/5181/115 4178/5193/2607
f 4241/5281/2799 4240/5280/2696 3999/5005/2676 4221/5258/2815
f 4014/5020/2688 4016/5022/2596 4238/5304/2596 4255/5303/2836
f 4036/5044/2618 4029/5035/2611 4163/5177/2775 4167/5182/2778
f 4155/5169/2770 4010/5016/2685 4009/5015/2684 4158/5172/2772
f 4032/5038/2692 4031/5037/2691 4237/5277/2750 4165/5179/2777
f 4006/5350/2870 3785/5354/2875 4282/5353/2874 4280/5351/2871
f 4247/5291/2827 4292/5372/2902 4279/5349/2872 4280/5351/2871
f 4221/5258/2815 4157/5171/2771 4156/5170/2747 4241/5281/2799
f 4135/5148/2761 4134/5147/2678 4128/5141/2755 4127/5140/2754
f 4135/5148/2761 4127/5140/2754 4129/5142/2756 4136/5149/2762
f 4138/5151/2763 4137/5150/2747 4131/5144/2758 4130/5143/2757
f 4134/5147/2678 4139/5152/2749 4132/5145/2759 4128/5141/2755
f 4143/5156/2563 4142/5155/2625 3910/4912/2625 3911/4913/2563
f 4144/5157/2766 4145/5158/115 4024/5030/115 4023/5029/2689
f 4147/5160/2464 4146/5159/2608 3916/4918/2629 3917/4919/2630
f 4146/5159/2608 4148/5161/2611 3918/4920/2631 3916/4918/2629
f 4150/5163/2478 4149/5162/2479 3921/4924/2634 3920/4922/2633
f 4149/5162/2479 4147/5160/2464 3917/4919/2630 3921/4924/2634
f 4143/5156/2563 3911/4913/2563 3922/4925/2635 4151/5165/2618
f 4219/5256/2813 3998/5004/2675 4231/5271/2696 4232/5272/2799
f 4233/5273/2697 4234/5274/2750 3919/4921/2632 4125/5138/2752
f 4233/5273/2697 4231/5271/2696 3998/5004/2675 3997/5003/2674
f 4222/5290/2826 4013/5019/2687 4141/5154/2765 4235/5300/2833
f 4148/5161/2611 4030/5036/2611 4037/5045/2618 4151/5165/2618
f 4138/5151/2763 4139/5152/2749 4011/5017/2686 4008/5014/2683
f 4150/5163/2478 4234/5274/2750 4220/5257/2814 4034/5040/2694
f 4136/5361/2877 4129/5363/2879 4286/5362/2878 4285/5360/2873
f 4140/5153/2764 4012/5018/2554 4284/5358/2873 4285/5360/2873
f 4232/5272/2799 4137/5150/2747 4007/5013/2682 4219/5256/2813
f 4067/5076/2716 4068/5077/2717 4295/5384/2903 4296/5385/2904
f 4248/5293/2829 4295/5384/2903 4068/5077/2717 4071/5080/2720
f 4073/5082/2722 4074/5083/2723 4270/5386/2905 4261/5314/2841
f 4078/5087/2727 4067/5076/2716 4296/5385/2904 4297/5387/2906
f 4080/5089/2729 4081/5090/2730 4209/5388/2907 4249/5294/2830
f 4251/5297/2446 4294/5389/2447 4084/5093/2447 4083/5092/2446
f 4091/5100/2733 4061/5070/2610 4298/5390/2610 4299/5391/2908
f 4094/5103/2470 4091/5100/2733 4299/5391/2908 4300/5392/2470
f 4096/5105/2735 4097/5106/2736 4223/5261/2750 4264/5317/2777
f 4084/5109/115 4294/5375/2896 3803/4792/2543 4087/5096/115
f 4061/5070/2610 4060/5069/2711 4263/5316/2787 4298/5390/2610
f 4100/5111/2553 4094/5103/2470 4300/5392/2470 4252/5298/2553
f 4301/5393/2799 4038/5046/2696 4063/5072/2712 4225/5264/2819
f 4272/5334/2852 4288/5368/2886 4074/5394/2909 4045/5335/2853
f 4078/5087/2885 4297/5387/2910 4269/5328/2847 4288/5368/2886
f 4225/5264/2819 4265/5318/2843 4260/5313/2747 4301/5393/2799
f 4038/5046/2696 4039/5047/2697 4064/5073/2713 4063/5072/2712
f 3803/4792/2543 3804/4795/2546 4088/5097/2732 4087/5096/115
f 4039/5047/2697 4223/5261/2750 4097/5106/2736 4064/5073/2713
f 4081/5267/2822 4088/5097/2732 3804/4795/2546 4209/5240/2805
f 4249/5294/2830 4248/5293/2829 4071/5080/2720 4080/5089/2729
f 4252/5298/2553 4251/5297/2446 4083/5092/2446 4100/5111/2553
f 4261/5314/2841 4260/5313/2747 4265/5318/2843 4073/5082/2722
f 4263/5316/2787 4060/5069/2711 4096/5105/2735 4264/5317/2777
f 4288/5368/2886 4269/5328/2847 4270/5331/2849 4074/5394/2909
f 4296/5385/2904 4295/5384/2903 4193/5395/2911 4192/5396/2912
f 4196/5292/2828 4193/5395/2911 4295/5384/2903 4248/5293/2829
f 4261/5314/2841 4270/5386/2905 4257/5310/2838 3801/4790/2541
f 4209/5388/2907 4187/5397/2913 4186/5295/2831 4249/5294/2830
f 4251/5297/2446 4250/5296/2832 4294/5389/2447
f 4299/5391/2908 4298/5390/2610 3809/4800/2551 3805/4796/2547
f 4300/5392/2470 4299/5391/2908 3805/4796/2547 3808/4799/2550
f 4223/5261/2750 4208/5238/2803 3793/4780/2533 4264/5317/2777
f 4298/5390/2610 4263/5316/2787 3796/4783/2536 3809/4800/2551
f 3808/4799/2550 4246/5288/2825 4252/5298/2553 4300/5392/2470
f 4206/5235/2801 3798/4786/2538 4038/5046/2696 4301/5393/2799
f 4297/5387/2910 4268/5398/2914 4258/5329/2848 4269/5328/2847
f 4301/5393/2799 4260/5313/2747 3800/4789/2540 4206/5235/2801
f 4192/5396/2912 4268/5398/2915 4297/5387/2906 4296/5385/2904
f 3723/4705/2467 3775/4762/2516 4268/5326/2846 4192/5211/2793
f 4254/5399/2916 3914/4916/2628 4144/5157/2766 4235/5275/2824
f 3914/4916/2628 4254/5399/2916 3873/4871/2605 3829/4823/2567
f 3912/5400/2917 3825/4870/2604 3873/4871/2605 4254/5399/2916
f 4174/5189/2784 4170/5185/2781 4292/5372/2902 4255/5303/2836
f 4255/5303/2836 4292/5372/2902 4247/5291/2827 4014/5020/2688
f 4302/5401/2918 4303/5402/2919 4304/5403/2920
f 4305/5404/2921 4306/5405/2922 4307/5406/2923 4308/5407/2924
f 4309/5408/2925 4310/5409/2926 4311/5410/2927 4312/5411/2928
f 4313/5412/2929 4314/5413/2930 4315/5414/2931 4316/5415/2932
f 4317/5416/2933 4318/5417/2934 4319/5418/2935 4320/5419/2936
f 4321/5420/2937 4322/5421/2938 4323/5422/2939 4324/5423/2940
f 4325/5424/2941 4326/5425/2942 4327/5426/2943 4328/5427/2944
f 4329/5428/2945 4330/5429/2946 4331/5430/2947 4332/5431/2948
f 4318/5417/2934 4333/5432/2949 4315/5414/2931 4319/5418/2935
f 4322/5421/2938 4334/5433/2950 4307/5434/2923 4323/5422/2939
f 4305/5404/2921 4308/5407/2924 4326/5425/2942 4325/5424/2941
f 4313/5412/2929 4316/5415/2932 4330/5429/2946 4329/5428/2945
f 4335/5435/2951 4336/5436/2952 4337/5437/2953 4338/5438/2954
f 4336/5436/2952 4314/5413/2930 4339/5439/2955 4337/5437/2953
f 4339/5439/2955 4314/5413/2930 4313/5412/2929 4340/5440/2956
f 4329/5428/2945 4341/5441/2957 4340/5440/2956 4313/5412/2929
f 4332/5431/2948 4342/5442/2958 4341/5441/2957 4329/5428/2945
f 4343/5443/2959 4344/5444/2960 4345/5445/2961 4346/5446/2962
f 4343/5443/2959 4347/5447/2963 4348/5448/2964 4344/5444/2960
f 4349/5449/2965 4348/5448/2964 4347/5447/2963 4334/5450/2950
f 4322/5421/2938 4350/5451/2966 4349/5452/2965 4334/5433/2950
f 4351/5453/2967 4350/5451/2966 4322/5421/2938 4321/5420/2937
f 4344/5444/2960 4352/5454/2968 4353/5455/2969 4345/5445/2961
f 4352/5454/2968 4344/5444/2960 4348/5448/2964 4354/5456/2970
f 4354/5456/2970 4348/5448/2964 4349/5449/2965 4355/5457/2971
f 4356/5458/2972 4355/5459/2971 4349/5452/2965 4350/5451/2966
f 4350/5451/2966 4351/5453/2967 4357/5460/2973 4356/5458/2972
f 4358/5461/2974 4359/5462/2975 4353/5455/2969 4352/5454/2968
f 4354/5456/2970 4360/5463/2976 4358/5461/2974 4352/5454/2968
f 4354/5456/2970 4355/5457/2971 4361/5464/2977 4360/5463/2976
f 4362/5465/2978 4361/5466/2977 4355/5459/2971 4356/5458/2972
f 4363/5467/2979 4362/5465/2978 4364/5468/2980 4365/5469/2981
f 4312/5411/2928 4311/5410/2927 4366/5470/2982 4367/5471/2983
f 4338/5438/2954 4368/5472/2984 4369/5473/2985 4370/5474/2986
f 4337/5437/2953 4371/5475/2987 4368/5472/2984 4338/5438/2954
f 4339/5439/2955 4372/5476/2988 4371/5475/2987 4337/5437/2953
f 4339/5439/2955 4340/5440/2956 4373/5477/2989 4372/5476/2988
f 4374/5478/2990 4373/5477/2989 4340/5440/2956 4341/5441/2957
f 4375/5479/2991 4374/5478/2990 4341/5441/2957 4342/5442/2958
f 4376/5480/2992 4377/5481/2993 4345/5445/2961 4378/5482/2994
f 4353/5455/2969 4379/5483/5 4378/5482/2994 4345/5445/2961
f 4380/5484/2995 4381/5485/57 4357/5460/2973 4351/5453/2967
f 4382/5486/2996 4383/5487/2997 4384/5488/5 4359/5462/2975
f 4381/5485/57 4385/5489/57 4364/5468/2980 4357/5460/2973
f 4382/5490/2996 4386/5491/2998 4309/5408/2925 4312/5411/2928
f 4386/5491/2998 4387/5492/2999 4388/5493/3000 4309/5408/2925
f 4389/5494/3001 4388/5493/3000 4387/5492/2999 4390/5495/3002
f 4363/5496/2979 4310/5409/2926 4389/5494/3001 4390/5495/3002
f 4365/5497/2981 4311/5410/2927 4310/5409/2926 4363/5496/2979
f 4391/5498/3003 4366/5470/2982 4311/5410/2927 4365/5497/2981
f 4392/5499/25 4393/5500/25 4394/5501/3004 4395/5502/3005
f 4396/5503/3006 4397/5504/25 4392/5499/25 4395/5502/3005
f 4383/5505/2997 4367/5471/2983 4398/5506/3007 4399/5507/3008
f 4386/5508/2998 4382/5486/2996 4359/5462/2975 4358/5461/2974
f 4387/5509/2999 4386/5508/2998 4358/5461/2974 4360/5463/2976
f 4360/5463/2976 4361/5464/2977 4390/5510/3002 4387/5509/2999
f 4390/5511/3002 4361/5466/2977 4362/5465/2978 4363/5467/2979
f 4362/5465/2978 4356/5458/2972 4357/5460/2973 4364/5468/2980
f 4400/5512/3009 4379/5483/5 4384/5488/5 4401/5513/3010
f 4391/5514/3003 4385/5489/57 4402/5515/3011 4403/5516/3012
f 4404/5517/3013 4405/5518/3014 4406/5519/3015 4407/5520/3016
f 4394/5521/3004 4408/5522/3017 4409/5523/3018 4410/5524/3019
f 4411/5525/3020 4412/5526/3021 4413/5527/3022 4414/5528/3023
f 4306/5529/2922 4415/5530/3024 4412/5526/3021 4411/5525/3020
f 4415/5531/3024 4306/5405/2922 4305/5404/2921 4416/5532/3025
f 4305/5404/2921 4325/5424/2941 4417/5533/3026 4416/5532/3025
f 4325/5424/2941 4328/5427/2944 4418/5534/3027 4417/5533/3026
f 4419/5535/3028 4420/5536/3029 4421/5537/3030 4422/5538/3031
f 4423/5539/3032 4421/5537/3030 4420/5536/3029 4424/5540/3033
f 4423/5539/3032 4424/5540/3033 4333/5432/2949 4425/5541/3034
f 4318/5417/2934 4426/5542/3035 4425/5541/3034 4333/5432/2949
f 4317/5416/2933 4427/5543/3036 4426/5542/3035 4318/5417/2934
f 4428/5544/3037 4429/5545/3038 4430/5546/3039 4431/5547/3040
f 4432/5548/3041 4433/5549/3042 4434/5550/3043 4435/5551/3044
f 4436/5552/3045 4437/5553/3046 4434/5550/3043 4433/5549/3042
f 4436/5554/3045 4438/5555/3047 4439/5556/3048 4437/5557/3046
f 4438/5555/3047 4440/5558/3049 4441/5559/3050 4439/5556/3048
f 4442/5560/3051 4443/5561/3052 4441/5559/3050 4440/5558/3049
f 4444/5562/3053 4443/5561/3052 4442/5560/3051 4445/5563/3054
f 4446/5564/3055 4302/5401/2918 4447/5565/3056 4448/5566/3057
f 4449/5567/3058 4303/5402/2919 4302/5401/2918 4446/5564/3055
f 4450/5568/3059 4451/5569/3060 4303/5402/2919 4449/5567/3058
f 4450/5568/3059 4452/5570/3061 4453/5571/3062 4451/5569/3060
f 4452/5570/3061 4431/5547/3040 4430/5546/3039 4453/5571/3062
f 4439/5556/3048 4441/5559/3050 4454/5572/3063
f 4455/5573/3064 4443/5561/3052 4444/5562/3053 4456/5574/3065
f 4451/5569/3060 4453/5571/3062 4457/5575/3066
f 4429/5545/3038 4458/5576/3067 4459/5577/3068 4430/5546/3039
f 4434/5550/3043 4437/5553/3046 4460/5578/3069
f 4439/5556/3048 4454/5572/3063 4460/5579/3069 4437/5557/3046
f 4461/5580/3070 4455/5573/3064 4456/5574/3065 4462/5581/3071
f 4303/5402/2919 4451/5569/3060 4457/5582/3066 4304/5403/2920
f 4453/5571/3062 4430/5546/3039 4459/5577/3068 4457/5575/3066
f 4459/5583/3068 4463/5584/3072 4304/5403/2920 4457/5582/3066
f 4463/5584/3072 4447/5565/3056 4302/5401/2918 4304/5403/2920
f 4441/5559/3050 4443/5561/3052 4455/5573/3064 4454/5572/3063
f 4454/5572/3063 4455/5573/3064 4461/5580/3070 4460/5579/3069
f 4434/5550/3043 4460/5578/3069 4461/5585/3070 4435/5551/3044
f 4413/5527/3022 4432/5548/3041 4464/5586/3073 4465/5587/3074
f 4412/5526/3021 4433/5549/3042 4432/5548/3041 4413/5527/3022
f 4436/5552/3045 4433/5549/3042 4412/5526/3021 4415/5530/3024
f 4438/5555/3047 4436/5554/3045 4415/5531/3024 4416/5532/3025
f 4438/5555/3047 4416/5532/3025 4417/5533/3026 4440/5558/3049
f 4442/5560/3051 4440/5558/3049 4417/5533/3026 4418/5534/3027
f 4466/5588/3075 4467/5589/3076 4422/5538/3031 4448/5566/3057
f 4446/5564/3055 4448/5566/3057 4422/5538/3031 4421/5537/3030
f 4449/5567/3058 4446/5564/3055 4421/5537/3030 4423/5539/3032
f 4449/5567/3058 4423/5539/3032 4425/5541/3034 4450/5568/3059
f 4450/5568/3059 4425/5541/3034 4426/5542/3035 4452/5570/3061
f 4427/5543/3036 4431/5547/3040 4452/5570/3061 4426/5542/3035
f 4308/5407/2924 4307/5406/2923 4334/5450/2950 4347/5447/2963
f 4316/5415/2932 4315/5414/2931 4333/5432/2949 4424/5540/3033
f 4336/5436/2952 4335/5435/2951 4320/5419/2936 4319/5418/2935
f 4411/5525/3020 4414/5528/3023 4324/5423/2940 4323/5422/2939
f 4326/5425/2942 4343/5443/2959 4346/5446/2962 4327/5426/2943
f 4330/5429/2946 4420/5536/3029 4419/5535/3028 4331/5430/2947
f 4314/5413/2930 4336/5436/2952 4319/5418/2935 4315/5414/2931
f 4306/5529/2922 4411/5525/3020 4323/5422/2939 4307/5434/2923
f 4308/5407/2924 4347/5447/2963 4343/5443/2959 4326/5425/2942
f 4316/5415/2932 4424/5540/3033 4420/5536/3029 4330/5429/2946
f 4367/5471/2983 4366/5470/2982 4468/5590/3007 4398/5506/3007
f 4469/5591/3077 4470/5592/3078 4369/5473/2985 4368/5472/2984
f 4371/5475/2987 4471/5593/3079 4469/5591/3077 4368/5472/2984
f 4372/5476/2988 4472/5594/3080 4471/5593/3079 4371/5475/2987
f 4372/5476/2988 4373/5477/2989 4473/5595/3081 4472/5594/3080
f 4474/5596/3082 4473/5595/3081 4373/5477/2989 4374/5478/2990
f 4475/5597/3083 4474/5596/3082 4374/5478/2990 4375/5479/2991
f 4378/5482/2994 4476/5598/3084 4477/5599/3085 4376/5480/2992
f 4379/5483/5 4400/5512/3009 4476/5598/3084 4378/5482/2994
f 4478/5600/3086 4479/5601/3087 4381/5485/57 4380/5484/2995
f 4401/5513/3010 4384/5488/5 4383/5487/2997 4399/5602/3008
f 4479/5601/3087 4402/5515/3011 4385/5489/57 4381/5485/57
f 4468/5590/3007 4366/5470/2982 4391/5498/3003 4403/5603/3012
f 4383/5505/2997 4382/5490/2996 4312/5411/2928 4367/5471/2983
f 4379/5483/5 4353/5455/2969 4359/5462/2975 4384/5488/5
f 4365/5469/2981 4364/5468/2980 4385/5489/57 4391/5514/3003
f 4399/5507/3008 4398/5506/3007 4397/5504/25 4396/5503/3006
f 4397/5504/25 4398/5506/3007 4468/5590/3007 4480/5604/25
f 4469/5591/3077 4481/5605/3088 4482/5606/3089 4470/5592/3078
f 4471/5593/3079 4483/5607/3090 4481/5605/3088 4469/5591/3077
f 4472/5594/3080 4484/5608/3091 4483/5607/3090 4471/5593/3079
f 4472/5594/3080 4473/5595/3081 4485/5609/3092 4484/5608/3091
f 4486/5610/3093 4485/5609/3092 4473/5595/3081 4474/5596/3082
f 4487/5611/3094 4486/5610/3093 4474/5596/3082 4475/5597/3083
f 4477/5599/3085 4476/5598/3084 4488/5612/3095 4489/5613/3096
f 4400/5512/3009 4405/5518/3014 4488/5612/3095 4476/5598/3084
f 4490/5614/3097 4491/5615/3098 4479/5601/3087 4478/5600/3086
f 4396/5616/3006 4406/5519/3015 4401/5513/3010 4399/5602/3008
f 4491/5615/3098 4409/5523/3018 4402/5515/3011 4479/5601/3087
f 4480/5604/25 4468/5590/3007 4403/5603/3012 4408/5617/3017
f 4401/5513/3010 4406/5519/3015 4405/5518/3014 4400/5512/3009
f 4402/5515/3011 4409/5523/3018 4408/5522/3017 4403/5516/3012
f 4397/5504/25 4480/5604/25 4393/5500/25 4392/5499/25
f 4481/5605/3088 4492/5618/3099 4493/5619/3100 4482/5606/3089
f 4483/5607/3090 4494/5620/3101 4492/5618/3099 4481/5605/3088
f 4484/5608/3091 4495/5621/3102 4494/5620/3101 4483/5607/3090
f 4484/5608/3091 4485/5609/3092 4496/5622/3103 4495/5621/3102
f 4497/5623/3104 4496/5622/3103 4485/5609/3092 4486/5610/3093
f 4498/5624/3105 4497/5623/3104 4486/5610/3093 4487/5611/3094
f 4499/5625/3106 4500/5626/3107 4489/5613/3096 4488/5612/3095
f 4405/5518/3014 4404/5517/3013 4499/5625/3106 4488/5612/3095
f 4501/5627/3108 4502/5628/3109 4491/5615/3098 4490/5614/3097
f 4395/5629/3005 4407/5520/3016 4406/5519/3015 4396/5616/3006
f 4502/5628/3109 4410/5524/3019 4409/5523/3018 4491/5615/3098
f 4408/5617/3017 4394/5501/3004 4393/5500/25 4480/5604/25
f 4503/5630/3110 4504/5631/3111 4370/5474/2986 4369/5473/2985
f 4505/5632/3112 4375/5479/2991 4342/5442/2958 4506/5633/3113
f 4464/5586/3073 4507/5634/3114 4429/5545/3038 4428/5544/3037
f 4466/5588/3075 4448/5566/3057 4447/5565/3056 4508/5635/3115
f 4463/5584/3072 4509/5636/3116 4508/5635/3115 4447/5565/3056
f 4458/5576/3067 4429/5545/3038 4507/5634/3114 4462/5637/3071
f 4463/5584/3072 4459/5583/3068 4458/5638/3067 4509/5636/3116
f 4427/5543/3036 4510/5639/3117 4428/5544/3037 4431/5547/3040
f 4466/5588/3075 4445/5563/3054 4511/5640/3118 4467/5589/3076
f 4503/5630/3110 4369/5473/2985 4470/5592/3078 4512/5641/3119
f 4475/5597/3083 4375/5479/2991 4505/5632/3112 4513/5642/3120
f 4514/5643/3121 4512/5641/3119 4470/5592/3078 4482/5606/3089
f 4475/5597/3083 4513/5642/3120 4515/5644/3122 4487/5611/3094
f 4516/5645/3123 4514/5643/3121 4482/5606/3089 4493/5619/3100
f 4517/5646/3124 4498/5624/3105 4487/5611/3094 4515/5644/3122
f 4376/5480/2992 4505/5632/3112 4506/5633/3113 4377/5481/2993
f 4508/5635/3115 4444/5562/3053 4445/5563/3054 4466/5588/3075
f 4508/5635/3115 4509/5636/3116 4456/5574/3065 4444/5562/3053
f 4509/5636/3116 4458/5638/3067 4462/5581/3071 4456/5574/3065
f 4428/5544/3037 4510/5639/3117 4465/5587/3074 4464/5586/3073
f 4513/5642/3120 4505/5632/3112 4376/5480/2992 4477/5599/3085
f 4515/5644/3122 4513/5642/3120 4477/5599/3085 4489/5613/3096
f 4515/5644/3122 4489/5613/3096 4500/5626/3107 4517/5646/3124
f 4351/5453/2967 4504/5631/3111 4503/5630/3110 4380/5484/2995
f 4432/5548/3041 4435/5551/3044 4507/5634/3114 4464/5586/3073
f 4461/5585/3070 4462/5637/3071 4507/5634/3114 4435/5551/3044
f 4445/5563/3054 4442/5560/3051 4418/5534/3027 4511/5640/3118
f 4512/5641/3119 4478/5600/3086 4380/5484/2995 4503/5630/3110
f 4490/5614/3097 4478/5600/3086 4512/5641/3119 4514/5643/3121
f 4501/5627/3108 4490/5614/3097 4514/5643/3121 4516/5645/3123
f 4427/5543/3036 4317/5416/2933 4518/5647/3125 4510/5639/3117
f 4465/5587/3074 4510/5639/3117 4518/5647/3125 4519/5648/3126
f 4413/5527/3022 4465/5587/3074 4519/5648/3126 4414/5528/3023
f 4320/5419/2936 4520/5649/3127 4518/5647/3125 4317/5416/2933
f 4520/5649/3127 4521/5650/3128 4519/5648/3126 4518/5647/3125
f 4521/5650/3128 4324/5423/2940 4414/5528/3023 4519/5648/3126
f 4335/5435/2951 4522/5651/3129 4520/5649/3127 4320/5419/2936
f 4522/5651/3129 4523/5652/3130 4521/5650/3128 4520/5649/3127
f 4523/5652/3130 4321/5420/2937 4324/5423/2940 4521/5650/3128
f 4338/5438/2954 4370/5474/2986 4522/5651/3129 4335/5435/2951
f 4370/5474/2986 4504/5631/3111 4523/5652/3130 4522/5651/3129
f 4504/5631/3111 4351/5453/2967 4321/5420/2937 4523/5652/3130
f 4418/5534/3027 4328/5427/2944 4524/5653/3131 4511/5640/3118
f 4511/5640/3118 4524/5653/3131 4525/5654/3132 4467/5589/3076
f 4422/5538/3031 4467/5589/3076 4525/5654/3132 4419/5535/3028
f 4328/5427/2944 4327/5426/2943 4526/5655/3133 4524/5653/3131
f 4524/5653/3131 4526/5655/3133 4527/5656/3134 4525/5654/3132
f 4527/5656/3134 4331/5430/2947 4419/5535/3028 4525/5654/3132
f 4327/5426/2943 4346/5446/2962 4528/5657/3135 4526/5655/3133
f 4526/5655/3133 4528/5657/3135 4529/5658/3136 4527/5656/3134
f 4527/5656/3134 4529/5658/3136 4332/5431/2948 4331/5430/2947
f 4346/5446/2962 4345/5445/2961 4377/5481/2993 4528/5657/3135
f 4528/5657/3135 4377/5481/2993 4506/5633/3113 4529/5658/3136
f 4529/5658/3136 4506/5633/3113 4342/5442/2958 4332/5431/2948
f 4388/5493/3000 4389/5494/3001 4310/5409/2926 4309/5408/2925
l 432 433
l 419 433
