# Blender 5.2.1 LTS
# www.blender.org
mtllib ak_for_awp.mtl
o AK
v -45.235695 5.559471 3.455762
v -39.808895 3.469170 3.455761
v -39.808891 8.071970 5.501861
v -45.235695 7.891670 5.501862
v -39.808891 15.782270 5.501861
v -45.235695 16.577871 5.501862
v 8.409107 17.712166 5.501859
v 8.409107 13.532467 5.501859
v 10.988804 13.705366 5.501859
v 10.988705 17.722567 5.501859
v -37.097794 3.612269 3.292661
v -37.097794 8.226469 5.501861
v -39.808891 20.148970 5.501861
v -45.235695 20.223370 5.501862
v -30.293293 17.579369 5.501861
v -28.333397 19.984768 5.501861
v -33.406593 20.057369 5.501861
v -33.406593 16.778769 5.501861
v -26.146896 10.538269 7.248461
v -26.146694 8.057869 6.928661
v -20.168896 8.334969 6.858660
v -20.167294 10.743368 7.266360
v -33.406593 9.355768 5.501861
v -33.406593 4.726269 3.070661
v -30.293295 5.322468 3.445461
v -30.293293 10.653568 5.501861
v -37.097794 20.110168 5.501861
v -37.097794 16.204269 5.501861
v 1.928505 17.582468 5.501859
v 1.928505 19.551769 5.501859
v -11.011196 19.736969 5.501860
v -11.011196 17.581169 5.501860
v 1.928505 13.073969 5.501859
v 1.927406 7.221369 3.179960
v 8.408802 7.151367 3.690059
v 8.409107 19.459066 5.501859
v 10.988705 8.189766 3.690059
v 10.988804 6.341366 -0.142841
v 10.988804 13.705366 -0.142841
v 8.409107 19.459066 -0.142841
v 10.988705 19.422167 5.501859
v 10.988804 19.422167 -0.142841
v -45.235695 16.577871 -0.142838
v -45.235695 20.223370 -0.142838
v -45.235695 7.891670 -0.142838
v 10.988804 17.722567 -0.142841
v -39.808891 20.148970 -0.142839
v -33.406593 20.057369 -0.142839
v -28.333397 19.984768 -0.142839
v 1.927505 5.068069 -0.142840
v -11.011795 6.409369 3.293460
v -11.011795 5.074869 -0.142840
v -37.097794 20.110168 -0.142839
v -20.189194 19.871668 5.501860
v -20.189194 19.871668 -0.142839
v 8.408802 5.302866 -0.142841
v 1.928505 19.551769 -0.142840
v -10.999893 10.987568 7.287760
v -11.198196 8.665068 6.775260
v -2.817394 8.888668 6.678660
v -2.817493 11.322969 7.333460
v -20.208694 17.580168 5.501860
v -20.208694 5.818569 3.376061
v -20.208694 5.209469 -0.142839
v -11.011196 19.736969 -0.142840
v -2.817493 13.082268 7.287760
v -10.999596 13.269169 7.287760
v -20.167294 13.299568 7.287760
v -26.146896 13.325169 7.287761
v -30.293295 5.322468 -0.142839
v -39.808895 2.557770 -0.142839
v -37.097794 2.700970 -0.142839
v -45.235695 4.648071 -0.142838
v -33.406593 3.814870 -0.142839
v -39.808895 8.071970 -5.787639
v -39.808895 3.469170 -3.741439
v -45.235695 5.559471 -3.741438
v -45.235695 7.891670 -5.787638
v -39.808895 15.782270 -5.787639
v -45.235695 16.577871 -5.787638
v 8.409107 17.712166 -5.787540
v 10.988804 17.722567 -5.787541
v 10.988804 13.705366 -5.787541
v 8.409107 13.532467 -5.787540
v -37.097794 8.226469 -5.787639
v -37.097794 3.612269 -3.578439
v -45.235695 20.223370 -5.787638
v -39.808891 20.148970 -5.787639
v -30.293293 17.579369 -5.787639
v -33.406593 16.778769 -5.787639
v -33.406593 20.057369 -5.787639
v -28.333397 19.984768 -5.787639
v -26.146896 10.538269 -7.534139
v -20.167294 10.743368 -7.552040
v -20.168896 8.334969 -7.144340
v -26.146694 8.057869 -7.214439
v -30.293295 5.322468 -3.731139
v -33.406593 4.726269 -3.356439
v -33.406593 9.355768 -5.787639
v -30.293295 10.653568 -5.787639
v -37.097794 16.204269 -5.787639
v -37.097794 20.110168 -5.787639
v -11.011196 19.736969 -5.787640
v 1.928505 19.551769 -5.787540
v 1.928505 17.582468 -5.787540
v -11.011196 17.581169 -5.787640
v 8.408802 7.151367 -3.975740
v 1.927406 7.221369 -3.465740
v 1.928505 13.073969 -5.787540
v 8.409107 19.459066 -5.787540
v 10.988705 8.189766 -3.975741
v 10.988804 19.422167 -5.787541
v -11.011795 6.409369 -3.579240
v -20.189194 19.871668 -5.787640
v -10.999893 10.987568 -7.573440
v -2.817493 11.322969 -7.619140
v -2.817394 8.888668 -6.964340
v -11.198196 8.665068 -7.060940
v -20.208694 17.580168 -5.787640
v -20.208694 5.818569 -3.661739
v -10.999596 13.269169 -7.573440
v -2.817493 13.082268 -7.573440
v -26.146896 13.325169 -7.573439
v -20.167294 13.299568 -7.573440
v -113.431091 -6.679527 2.062465
v -113.433990 -7.357727 2.062465
v -112.837395 -7.343127 2.062465
v -112.845398 -6.666327 2.062465
v -112.837395 -7.343127 -2.008535
v -113.433990 -7.357727 -2.008535
v -113.431091 -6.679527 -2.008535
v -112.845398 -6.666327 -2.008535
v -93.967796 3.477872 2.062464
v -93.453995 3.475372 2.062464
v -93.453995 3.475372 -2.008536
v -93.967796 3.477872 -2.008536
v -113.402100 0.205173 2.062465
v -112.926697 0.205173 2.062465
v -112.926697 0.205173 -2.008535
v -113.402100 0.205173 -2.008535
v -113.420593 -4.173127 -2.008535
v -113.420593 -4.173127 2.062465
v -110.408295 -9.765927 2.062464
v -110.430496 -10.345127 2.062464
v -105.883392 -10.320228 2.062464
v -105.871994 -9.741028 2.062464
v -110.430496 -10.345127 -2.008536
v -105.883392 -10.320228 -2.008536
v -110.408295 -9.765927 -2.008536
v -105.871994 -9.741028 -2.008536
v -94.003593 -7.238228 2.062464
v -93.418198 -7.281928 2.062464
v -93.426590 -4.739028 2.062464
v -93.995094 -4.705128 2.062464
v -93.418198 -7.281928 -2.008536
v -93.426590 -4.739028 -2.008536
v -94.003593 -7.238228 -2.008536
v -93.995094 -4.705128 -2.008536
v -111.919296 -9.639128 2.062464
v -112.283798 -10.128827 2.062464
v -111.919296 -9.639128 -2.008536
v -112.283798 -10.128827 -2.008536
v -94.295898 -8.506628 2.062464
v -93.782097 -8.919928 2.062464
v -93.782097 -8.919928 -2.008536
v -94.295898 -8.506528 -2.008536
v -112.682396 -8.794027 2.062465
v -113.218094 -9.113827 2.062465
v -112.682495 -8.794027 -2.008535
v -113.218094 -9.113827 -2.008535
v -94.724091 -9.864429 2.062464
v -95.158096 -9.367229 2.062464
v -96.569595 -10.269228 2.062464
v -96.580200 -9.690128 2.062464
v -94.723999 -9.864429 -2.008536
v -96.569595 -10.269228 -2.008536
v -95.158096 -9.367229 -2.008536
v -96.580200 -9.690128 -2.008536
v -93.440292 -0.634428 2.062464
v -93.981400 -0.616228 2.062464
v -93.440292 -0.634428 -2.008536
v -93.981400 -0.616228 -2.008536
v -98.156891 -10.277927 2.062464
v -98.163696 -9.698828 2.062464
v -98.156799 -10.277927 -2.008536
v -98.163696 -9.698828 -2.008536
v -101.451797 -10.296028 2.062464
v -101.450790 -9.716827 2.062464
v -101.451797 -10.296028 -2.008536
v -101.450790 -9.716827 -2.008536
v -112.875000 -4.164727 2.062465
v -112.875000 -4.164727 -2.008535
v -92.317596 -6.678728 2.439164
v -92.317596 -5.759828 2.439164
v -89.614098 -5.759828 2.439264
v -89.614098 -6.678728 2.439264
v -89.792191 -6.678728 3.129663
v -89.792191 -5.759828 3.129663
v -92.325294 -5.759828 3.129664
v -92.325294 -6.678728 3.129664
v -87.578094 -5.414228 2.439264
v -87.578094 -5.414228 3.129564
v -88.032394 -6.194728 3.129564
v -88.032394 -6.194728 2.439264
v -93.317596 1.031471 1.590864
v -93.317596 -4.605228 1.590864
v -93.317596 -4.605228 0.026964
v -93.317596 1.031471 0.026964
v -93.317596 -6.678728 1.590864
v -93.805794 -6.678728 2.281464
v -93.805794 -6.678728 0.026964
v -93.317596 -6.678728 0.026964
v -93.805794 -5.759828 2.281464
v -93.805794 -5.759828 0.026964
v -93.805794 1.031472 0.026964
v -93.805794 1.031472 2.281464
v -93.067596 1.031471 2.227064
v -93.067596 -4.605228 2.227064
v -93.555794 -6.678728 2.917664
v -93.555794 -5.759828 2.917664
v -93.067596 -6.678728 2.227064
v -93.555794 1.031472 2.917664
v -92.317596 1.031471 2.439164
v -92.317596 -4.605228 2.439164
v -92.325294 1.031471 3.129664
v -89.081093 1.031471 2.439264
v -89.081093 -4.605228 2.439264
v -87.222092 1.031471 3.129564
v -88.327995 1.031471 3.129663
v -88.327995 -4.605228 3.129663
v -87.222092 -4.605228 3.129564
v -87.222092 1.031471 2.439264
v -87.222092 -4.605228 2.439264
v -93.317596 -5.759828 1.590864
v -93.317596 -5.759828 0.026964
v -93.805794 -4.605228 2.281464
v -93.805794 -4.605228 0.026964
v -93.067596 -5.759828 2.227064
v -93.555794 -4.605228 2.917664
v -92.325294 -4.605228 3.129664
v -88.231293 -4.605228 2.439264
v -88.558792 -5.651128 2.439264
v -88.839798 -6.619028 3.129663
v -88.655495 -5.651128 3.129663
v -88.743095 -6.619028 2.439264
v -88.231293 1.031471 2.439264
v -89.259193 1.031471 3.129663
v -89.259193 -4.605228 3.129663
v -89.278595 3.574171 5.994464
v -92.340897 3.422671 5.994564
v -92.311897 2.835671 5.994564
v -89.249496 2.987071 5.994464
v -88.319496 3.033072 5.994464
v -88.348495 3.620172 5.994464
v -87.214996 3.087771 5.994463
v -87.244095 3.674771 5.994463
v -92.311897 2.835671 4.119064
v -89.249496 2.987071 4.118964
v -88.319496 3.033072 4.118964
v -87.214996 3.087771 4.118963
v -87.244095 3.674771 3.965564
v -88.288895 3.623172 3.965064
v -89.168694 3.579572 3.963863
v -92.336197 3.422972 3.965464
v -92.308899 2.774872 3.587664
v -89.246490 2.926372 3.587564
v -88.316498 2.972371 3.587564
v -87.211990 3.026972 3.587564
v -89.127792 3.519172 3.207963
v -92.331497 3.360771 3.208664
v -87.240997 3.612472 3.208763
v -88.265297 3.561872 3.208463
v -92.299896 2.592772 3.244164
v -92.312492 2.997171 2.628664
v -89.237495 2.744171 3.244164
v -88.307495 2.790172 3.244063
v -87.202995 2.844872 3.244063
v -89.087196 3.156772 2.628563
v -87.222992 3.248971 2.628763
v -88.234993 3.198872 2.628664
v -92.317596 -5.759828 -2.385236
v -92.317596 -6.678728 -2.385236
v -89.614098 -6.678728 -2.385337
v -89.614098 -5.759828 -2.385337
v -89.792191 -5.759828 -3.075737
v -89.792191 -6.678728 -3.075737
v -92.325294 -6.678728 -3.075736
v -92.325294 -5.759828 -3.075736
v -87.578094 -5.414228 -2.385337
v -88.032394 -6.194728 -2.385337
v -88.032394 -6.194728 -3.075637
v -87.578094 -5.414228 -3.075637
v -93.317596 -4.605228 -1.536936
v -93.317596 1.031471 -1.536936
v -93.805794 -6.678728 -2.227536
v -93.317596 -6.678728 -1.536936
v -93.805794 -5.759828 -2.227536
v -93.805794 1.031472 -2.227536
v -93.067596 -4.605228 -2.173136
v -93.067596 1.031471 -2.173136
v -93.555794 -6.678728 -2.863736
v -93.555794 -5.759828 -2.863736
v -93.067596 -6.678728 -2.173136
v -93.555794 1.031472 -2.863736
v -92.317596 -4.605228 -2.385236
v -92.317596 1.031471 -2.385236
v -92.325294 1.031471 -3.075736
v -89.081093 1.031471 -2.385337
v -89.081093 -4.605228 -2.385337
v -88.327995 1.031471 -3.075737
v -87.222092 1.031471 -3.075637
v -87.222092 -4.605228 -3.075637
v -88.327995 -4.605228 -3.075737
v -87.222092 1.031471 -2.385337
v -87.222092 -4.605228 -2.385337
v -93.317596 -5.759828 -1.536936
v -93.805794 -4.605228 -2.227536
v -93.067596 -5.759828 -2.173136
v -93.555794 -4.605228 -2.863736
v -92.325294 -4.605228 -3.075736
v -88.558792 -5.651128 -2.385337
v -88.231293 -4.605228 -2.385337
v -88.655495 -5.651128 -3.075737
v -88.839798 -6.619028 -3.075737
v -88.743095 -6.619028 -2.385337
v -88.231293 1.031471 -2.385337
v -89.259193 1.031471 -3.075737
v -89.259193 -4.605228 -3.075737
v -89.278595 3.574171 -5.940536
v -89.249496 2.987071 -5.940536
v -92.311897 2.835671 -5.940636
v -92.340897 3.422671 -5.940636
v -88.319496 3.033072 -5.940536
v -88.348495 3.620172 -5.940536
v -87.214996 3.087771 -5.940537
v -87.243996 3.674771 -5.940537
v -89.249496 2.987071 -4.065036
v -92.311897 2.835671 -4.065136
v -88.319496 3.033072 -4.065036
v -87.214996 3.087771 -4.065037
v -88.288895 3.623172 -3.911137
v -87.243996 3.674771 -3.911637
v -89.168694 3.579572 -3.909936
v -92.336197 3.422972 -3.911536
v -89.246490 2.926372 -3.533637
v -92.308899 2.774872 -3.533736
v -88.316498 2.972371 -3.533637
v -87.211990 3.026972 -3.533637
v -92.331497 3.360771 -3.154736
v -89.127792 3.519172 -3.154037
v -88.265297 3.561872 -3.154536
v -87.240997 3.612472 -3.154836
v -92.312492 2.997171 -2.574736
v -92.299896 2.592772 -3.190236
v -89.237495 2.744171 -3.190237
v -88.307495 2.790172 -3.190136
v -87.202995 2.844872 -3.190136
v -89.087196 3.156772 -2.574636
v -88.234993 3.198872 -2.574737
v -87.222992 3.248971 -2.574836
v -104.160995 3.155572 -1.806136
v -109.893097 3.155572 -1.806136
v -109.893097 3.155572 -0.003236
v -104.160995 3.155572 -0.003236
v -109.884094 1.949072 -1.797836
v -109.884094 1.949072 -0.003136
v -105.138992 1.309772 -1.457336
v -104.171997 2.094672 -1.799136
v -104.171997 2.094672 -0.003136
v -105.138901 1.309873 0.004264
v -105.138992 1.309772 1.508164
v -104.171997 2.094672 1.844864
v -109.884094 1.949072 1.843564
v -109.222000 1.165873 1.509364
v -109.222000 1.165873 0.004264
v -106.353500 -0.065628 -1.116736
v -108.454498 -0.191427 -1.116736
v -109.092590 0.348573 -1.410436
v -105.587997 0.492573 -1.410436
v -105.587997 0.492573 0.006464
v -106.353500 -0.065628 0.010664
v -106.353500 -0.065628 1.170664
v -105.587997 0.492573 1.464364
v -109.092590 0.348573 1.464364
v -108.454498 -0.191427 1.170664
v -109.092590 0.348573 0.006464
v -108.454498 -0.191427 0.010664
v -108.420700 -2.173528 -1.116736
v -107.364090 -2.029528 -1.116736
v -107.133591 -4.260427 -1.040536
v -108.017395 -4.404428 -1.040536
v -107.364090 -2.029528 0.010664
v -107.364090 -2.029528 1.170664
v -107.133591 -4.260427 1.094464
v -107.133591 -4.260427 0.011764
v -108.420700 -2.173528 1.170664
v -108.017395 -4.404428 1.094464
v -108.420700 -2.173528 0.010664
v -108.017395 -4.404428 0.011764
v -106.260094 -6.614528 -0.776736
v -106.000290 -6.236228 -0.776736
v -106.000290 -6.236228 0.015464
v -106.260094 -6.614528 0.830664
v -106.000290 -6.236228 0.830664
v -106.260094 -6.614528 0.015464
v -104.441299 -7.683428 -0.298736
v -104.181496 -7.305027 -0.298736
v -103.878998 -7.475028 0.021764
v -104.441299 -7.683428 0.352164
v -104.181496 -7.305027 0.352164
v -104.138794 -7.853428 0.021764
v -109.222000 1.165873 -1.458536
v -109.893097 3.155572 1.851864
v -104.160995 3.155572 1.851864
v -50.458996 -56.739830 -4.144138
v -65.112297 -66.032532 -4.144138
v -72.179001 -50.088531 -4.144137
v -57.135098 -43.487030 -4.144138
v -50.458996 -56.739830 -1.556738
v -50.458996 -56.739830 1.610662
v -65.112297 -66.032532 1.610662
v -65.112297 -66.032532 -1.556737
v -52.245598 -41.342331 -1.019538
v -52.245598 -41.342331 1.073462
v -45.750298 -53.772331 1.073462
v -45.750298 -53.772331 -1.019538
v -67.898796 6.519171 -1.019537
v -67.898796 6.519171 1.073463
v -63.786995 6.519171 1.073462
v -63.786995 6.519171 -1.019538
v -85.241096 5.980473 -1.556737
v -85.241096 5.980473 1.610663
v -85.264191 6.519173 1.610663
v -85.264191 6.519173 -1.556737
v -65.199295 -20.629530 -4.144138
v -62.928894 -28.148430 -4.144138
v -78.862297 -32.912727 -4.144137
v -81.247696 -24.275928 -4.144137
v -61.693096 -27.835230 2.783162
v -57.920296 -26.827629 2.783162
v -59.657894 -19.478329 2.783162
v -64.032997 -20.390629 2.783163
v -59.657894 -19.478329 -1.019538
v -59.657894 -19.478329 1.073462
v -57.920296 -26.827629 1.073462
v -57.920296 -26.827629 -1.019538
v -76.103897 -40.452332 -1.556737
v -76.103897 -40.452332 1.610663
v -78.862297 -32.912727 1.610663
v -78.862297 -32.912727 -1.556737
v -81.247696 -24.275928 -1.556737
v -81.247696 -24.275928 1.610663
v -83.572693 -13.106428 1.610663
v -83.572693 -13.106428 -1.556737
v -68.589691 -2.039829 -4.144137
v -67.115097 -10.914430 -4.144137
v -83.572693 -13.106428 -4.144137
v -84.955894 -2.971128 -4.144137
v -66.037994 -10.770929 2.783163
v -61.886093 -10.217930 2.783162
v -63.389793 -1.743930 2.783163
v -67.518593 -1.978930 2.783163
v -63.389793 -1.743930 -1.019538
v -63.389793 -1.743930 1.073462
v -61.886093 -10.217930 1.073462
v -61.886093 -10.217930 -1.019538
v -76.103897 -40.452332 -4.144137
v -60.412895 -34.805229 -4.144138
v -56.127998 -43.045227 2.783162
v -52.245598 -41.342331 2.783162
v -55.503696 -33.280731 2.783162
v -59.276695 -34.436131 2.783162
v -55.503696 -33.280731 -1.019538
v -55.503696 -33.280731 1.073462
v -72.179001 -50.088531 1.610663
v -72.179001 -50.088531 -1.556737
v -86.704597 -3.124028 1.610663
v -86.704597 -3.124028 -1.556736
v -63.757492 6.068771 2.783163
v -67.870491 6.051870 2.783163
v -63.757496 6.068771 -1.019538
v -63.757496 6.068771 1.073462
v -56.127998 -43.045227 -2.729238
v -49.489098 -56.128532 -2.729238
v -57.135197 -43.487030 4.198062
v -50.458996 -56.739830 4.198062
v -49.489098 -56.128532 2.783162
v -49.489098 -56.128532 -1.019538
v -49.489098 -56.128532 1.073462
v -68.965492 6.519171 1.610663
v -68.965492 6.519171 -1.556737
v -66.037994 -10.770929 -2.729238
v -64.032997 -20.390629 -2.729238
v -67.115097 -10.914430 4.198063
v -83.572693 -13.106428 4.198063
v -81.247696 -24.275928 4.198063
v -65.199295 -20.629530 4.198062
v -67.518593 -1.978930 -2.729238
v -68.589691 -2.039829 4.198063
v -84.955894 -2.971128 4.198063
v -61.693096 -27.835230 -2.729238
v -59.276596 -34.436131 -2.729238
v -62.928894 -28.148430 4.198062
v -78.862297 -32.912727 4.198063
v -76.103996 -40.452332 4.198063
v -60.412895 -34.805229 4.198062
v -68.937492 6.047470 -4.144137
v -68.965492 6.519171 -4.144137
v -67.898796 6.519171 -2.729238
v -67.870491 6.051870 -2.729238
v -68.937492 6.047470 4.198063
v -67.898796 6.519171 2.783163
v -68.965492 6.519171 4.198063
v -61.886093 -10.217930 -2.729238
v -59.657894 -19.478329 -2.729238
v -63.389793 -1.743930 -2.729238
v -57.920296 -26.827629 -2.729238
v -55.503696 -33.280731 -2.729238
v -72.179001 -50.088531 4.198063
v -52.245598 -41.342331 -2.729238
v -63.786995 6.519171 2.783163
v -86.989792 5.827673 1.610663
v -86.989792 5.827673 -1.556736
v -85.241096 5.980473 4.198063
v -63.757496 6.068771 -2.729238
v -85.241096 5.980473 -4.144137
v -45.750298 -53.772331 -2.729239
v -45.750298 -53.772331 2.783162
v -63.786995 6.519171 -2.729238
v -85.264191 6.519173 4.198063
v -65.112297 -66.032532 4.198062
v -85.264191 6.519173 -4.144137
v -84.955894 -2.971128 1.610663
v -84.955894 -2.971128 -1.556737
v -50.315895 -56.648628 -4.466938
v -65.845299 -66.035728 -4.466938
v -65.845299 -66.035728 4.520862
v -50.315895 -56.648628 4.520862
v -49.270897 -55.990028 2.996462
v -49.270897 -55.990128 -2.942538
v -45.242699 -53.451530 2.996462
v -45.242699 -53.451530 -2.942538
v -65.357697 -66.655029 -4.466938
v -65.357697 -66.655029 4.520862
v -49.828396 -57.268028 4.520862
v -49.828396 -57.268028 -4.466938
v -48.783398 -56.609428 2.996462
v -48.783398 -56.609428 -2.942538
v -44.755196 -54.070831 2.996462
v -44.755196 -54.070831 -2.942538
v -65.032997 3.520571 2.541662
v -64.721695 -0.417130 2.541662
v -67.078896 -0.498930 2.533163
v -67.391098 3.479470 2.533163
v -67.078896 -0.498930 3.351763
v -64.612694 -0.413429 3.343262
v -64.923897 3.522470 3.343262
v -67.391098 3.479370 3.351763
v -62.885395 3.551570 1.620862
v -62.580296 -0.348729 1.554662
v -62.595596 -0.343430 0.026962
v -62.905895 3.557671 0.026962
v -63.450695 -0.366630 0.953362
v -63.430096 -0.372330 0.026962
v -63.740795 3.543170 0.026962
v -63.755993 3.548770 1.019562
v -62.905895 6.150370 0.026962
v -63.740795 6.135771 0.026962
v -63.755993 6.141371 1.019562
v -62.885395 6.144270 1.620862
v -67.391098 6.072071 3.351763
v -64.923897 6.115170 3.343262
v -65.032997 6.113270 2.541662
v -67.391098 6.072071 2.533163
v -63.381195 3.549371 2.876363
v -63.070694 -0.359930 2.876362
v -63.782196 -0.384629 2.180862
v -64.092995 3.536970 2.180862
v -64.092995 6.129671 2.180862
v -63.381195 6.142071 2.876363
v -67.391098 4.675171 2.533163
v -65.032997 4.716370 2.541662
v -67.391098 4.675171 3.351763
v -64.923897 4.718271 3.343262
v -63.381195 4.745171 2.876363
v -64.092995 4.732771 2.180862
v -62.885395 4.747370 1.620862
v -62.905895 4.753469 0.026962
v -63.740795 4.738970 0.026962
v -63.755993 4.744570 1.019562
v -65.032997 3.520571 -2.487737
v -67.391098 3.479470 -2.479238
v -67.078896 -0.498930 -2.479238
v -64.721695 -0.417130 -2.487737
v -67.078896 -0.498930 -3.297837
v -67.391098 3.479470 -3.297837
v -64.923897 3.522470 -3.289337
v -64.612694 -0.413429 -3.289337
v -62.885395 3.551570 -1.566938
v -62.580296 -0.348729 -1.500738
v -63.450695 -0.366630 -0.899438
v -63.755993 3.548770 -0.965638
v -62.885395 6.144270 -1.566938
v -63.755993 6.141371 -0.965638
v -67.391098 6.072071 -3.297837
v -67.391098 6.072071 -2.479238
v -65.032997 6.113270 -2.487737
v -64.923897 6.115170 -3.289337
v -63.381195 3.549371 -2.822438
v -63.070694 -0.359930 -2.822438
v -63.782196 -0.384629 -2.126937
v -64.092995 3.536970 -2.126937
v -64.092995 6.129671 -2.126937
v -63.381195 6.142071 -2.822438
v -67.391098 4.675171 -2.479238
v -65.032997 4.716370 -2.487737
v -67.391098 4.675171 -3.297837
v -64.923897 4.718271 -3.289337
v -63.381195 4.745171 -2.822438
v -64.092995 4.732771 -2.126937
v -62.885395 4.747370 -1.566938
v -63.755993 4.744570 -0.965638
v -25.552296 19.356468 -5.535939
v -25.534794 25.358770 -5.228539
v -22.931595 25.337370 -5.535939
v -22.033096 19.335468 -5.535940
v -22.931595 25.337370 5.589861
v -25.534897 25.358770 5.282461
v -25.552395 19.356468 5.589761
v -22.033096 19.335468 5.589860
v -22.033096 19.335468 0.026961
v -25.552296 19.356468 0.026961
v 10.917507 24.678167 -5.535941
v 10.917507 26.636168 -4.688941
v 10.917507 28.164068 -2.147941
v 10.917507 28.592367 0.026959
v 10.917507 19.115767 0.026959
v 10.917507 19.115767 -5.535941
v 9.217304 28.604467 -2.147941
v 9.217304 29.032766 0.026959
v -25.527794 29.191671 -2.147939
v -25.529594 27.663771 -4.688939
v -25.527794 29.619970 0.026961
v -21.214096 20.190069 -5.535940
v -20.866493 25.280569 -5.535940
v -21.214096 20.190069 5.589860
v -20.866493 25.280569 5.589860
v -21.214096 20.190069 0.026961
v -23.287895 29.146669 -2.147939
v -23.287895 29.574972 0.026961
v -18.299896 29.073370 -2.147940
v -20.705994 29.108770 -2.147939
v -20.705994 29.537069 0.026961
v -18.299896 29.501669 0.026960
v -18.863693 25.300169 -5.535940
v -15.429497 25.161566 -5.535940
v -14.725395 20.736368 -5.535940
v -20.005493 20.696569 -5.535940
v -18.863693 25.300169 5.589860
v -20.005493 20.696569 5.589860
v -14.725395 20.736368 5.589860
v -15.429497 25.161566 5.589860
v -14.725395 20.736368 0.026960
v -20.005493 20.696569 0.026961
v -15.793896 29.398066 0.026960
v -15.793896 28.969767 -2.147940
v -13.091797 25.122766 -5.535940
v -13.325195 20.358965 -5.535940
v -13.091797 25.122766 5.589860
v -13.325195 20.358965 5.589860
v -13.325195 20.358965 0.026960
v -9.389294 28.942366 -2.147940
v -12.977493 28.953268 -2.147940
v -12.977493 29.381567 0.026960
v -9.389294 29.370668 0.026960
v -12.273495 19.269468 -5.535940
v -10.189995 25.231268 -5.535940
v -6.005196 25.074366 -5.535940
v -3.916496 19.211069 -5.535940
v -6.005196 25.074366 5.589860
v -10.189995 25.231268 5.589860
v -12.273495 19.269468 5.589860
v -3.916496 19.211069 5.589860
v -3.916496 19.211069 0.026960
v -12.273495 19.269468 0.026960
v -6.818596 29.209768 0.026960
v -6.818596 28.781466 -2.147940
v -3.108093 24.939268 -5.535940
v -2.841995 20.207169 -5.535940
v -2.841995 20.207169 5.589860
v -3.108093 24.939268 5.589860
v -2.841995 20.207169 0.026960
v 0.021805 28.763765 -2.147940
v -3.239094 28.769068 -2.147940
v -3.239094 29.197367 0.026960
v 0.021805 29.192068 0.026960
v -0.391296 24.962767 -5.535941
v 2.570004 24.792467 -5.535941
v 2.744106 20.461565 -5.535941
v -1.200996 20.476267 -5.535940
v -0.391396 24.962767 5.589859
v -1.201096 20.476267 5.589860
v 2.744106 20.461565 5.589859
v 2.570004 24.792467 5.589859
v 2.744106 20.461565 0.026960
v -1.200996 20.476267 0.026960
v 2.477406 29.052168 0.026960
v 2.477406 28.623865 -2.147941
v 4.925503 24.791265 -5.535941
v 4.443508 20.254269 -5.535941
v 4.925503 24.791265 5.589859
v 4.443508 20.254269 5.589859
v 4.443508 20.254269 0.026959
v 5.171001 28.612967 -2.147941
v 5.171001 29.041265 0.026959
v 8.206707 24.968367 -5.535941
v 5.554905 19.146866 -5.535941
v 8.206707 24.968367 5.589859
v 5.554905 19.146866 5.589859
v 10.917507 19.115767 5.589859
v 10.917507 24.678167 5.589859
v 5.554905 19.146866 0.026959
v 10.917507 28.164068 2.201859
v 10.917507 26.636168 4.742859
v 9.217304 28.604467 2.201859
v -25.529591 27.663771 4.742861
v -25.527897 29.191671 2.201861
v -23.287895 29.146669 2.201861
v -20.705994 29.108770 2.201861
v -18.299896 29.073370 2.201860
v -15.793896 28.969767 2.201860
v -12.977493 28.953268 2.201860
v -9.389294 28.942366 2.201860
v -6.818596 28.781466 2.201860
v -3.239094 28.769068 2.201860
v 0.021805 28.763765 2.201860
v 2.477406 28.623865 2.201859
v 5.171001 28.612967 2.201859
v -23.198795 27.624670 -4.688939
v 8.964603 27.125765 4.742859
v -23.198792 27.624670 4.742861
v 8.964703 27.125765 -4.688941
v -20.746094 27.582071 -4.688940
v -18.440792 27.560469 4.742860
v -20.746090 27.582071 4.742860
v -18.440796 27.560469 -4.688940
v -15.702797 27.448065 -4.688940
v -15.702793 27.448065 4.742860
v -13.006096 27.425966 -4.688940
v -9.589390 27.444967 4.742860
v -13.006092 27.425966 4.742860
v -9.589394 27.444967 -4.688940
v -6.615196 27.285067 -4.688940
v -6.615192 27.285067 4.742860
v -3.206394 27.241968 -4.688940
v -0.081493 27.243868 4.742859
v -3.206394 27.241968 4.742860
v -0.081493 27.243868 -4.688941
v 2.500607 27.096365 -4.688941
v 2.500607 27.096365 4.742859
v 5.109608 27.087866 -4.688941
v 5.109608 27.087866 4.742859
v 10.595509 19.551067 -4.991041
v 10.618908 19.551067 -5.707841
v 10.618908 19.514467 -4.991041
v 10.601604 19.523966 -4.433441
v 10.618908 20.781366 -5.665541
v 10.595509 20.797567 -4.954041
v 10.618908 19.514467 5.044859
v 10.618908 19.551067 5.761759
v 10.595509 19.551067 5.044859
v 10.601505 19.523966 4.487359
v 10.828602 19.514467 5.044859
v 10.828602 19.551067 5.761759
v 10.618908 19.502266 -2.840441
v 10.595509 19.514467 -2.840441
v 10.828602 19.514467 -4.991041
v 10.828602 19.502266 -2.840441
v 10.595509 19.514467 0.026959
v 10.618908 19.502266 0.026959
v 12.359806 19.523966 -4.433441
v 12.434505 19.551067 -4.991041
v 12.530506 19.551067 -2.840441
v 12.434505 19.514467 -2.840441
v 12.434505 20.797567 -4.954041
v 12.530506 20.845968 -2.819341
v 12.434505 19.514467 0.026959
v 12.530506 19.551067 0.026959
v 12.146305 27.240568 -4.737341
v 12.146305 28.763765 -2.671341
v 12.434505 27.563467 -2.692541
v 12.359806 26.428968 -4.236141
v 11.725803 27.240568 -4.737341
v 11.725803 28.763765 -2.671341
v 12.146305 29.022165 0.026959
v 11.725803 29.022165 0.026959
v 12.434505 27.789568 0.026959
v 10.601604 26.428968 -4.236141
v 10.595509 24.723867 -4.973041
v 10.587605 24.453268 -2.755941
v 10.595509 27.563467 -2.692541
v 10.587605 20.845968 -2.819341
v 10.587605 20.878267 0.026959
v 10.587605 24.582468 0.026959
v 10.595509 27.789568 0.026959
v 10.828602 20.781366 -5.665541
v 10.828602 19.551067 -5.707841
v 12.434505 19.551067 5.044859
v 12.434505 20.797567 5.007959
v 12.146305 20.781366 5.719459
v 12.146305 19.551067 5.761759
v 11.725704 20.781366 5.719459
v 11.725704 19.551067 5.761759
v 12.530506 20.878267 0.026959
v 10.587605 19.551067 -2.840441
v 10.587605 19.551067 0.026959
v 10.618908 24.659266 -5.686641
v 10.618908 27.240568 -4.737341
v 10.828602 27.240568 -4.737341
v 10.828602 24.659266 -5.686641
v 12.434505 24.723867 5.017459
v 12.146305 24.659266 5.731059
v 12.359806 26.428968 4.290059
v 12.146305 27.240568 4.791259
v 11.725704 24.659266 5.731059
v 11.725704 27.240568 4.791259
v 12.434505 24.723867 -4.973041
v 12.530506 24.453268 -2.755941
v 12.530506 24.582468 0.026959
v 10.828602 19.502266 0.026959
v 10.618908 28.763765 -2.671341
v 10.618908 29.022165 0.026959
v 10.828602 29.022165 0.026959
v 10.828602 28.763765 -2.671341
v 10.618908 20.781366 5.719459
v 10.595509 20.797567 5.007959
v 10.601505 26.428968 4.290059
v 10.595509 24.723867 5.017459
v 10.618908 24.659266 5.731059
v 10.618908 27.240568 4.791259
v 10.828602 20.781366 5.719459
v 10.828602 24.659266 5.731059
v 10.828602 27.240568 4.791259
v 11.232403 19.514467 -4.991041
v 11.232403 19.551067 -5.707841
v 11.725803 19.551067 -5.707841
v 11.725803 19.514467 -4.991041
v 11.232403 19.514467 5.044859
v 11.232403 19.551067 5.761759
v 11.725704 19.514467 5.044859
v 11.232403 19.502266 -2.840441
v 11.725803 19.502266 -2.840441
v 11.232403 19.502266 0.026959
v 11.725803 19.502266 0.026959
v 11.232403 20.781366 -5.665541
v 11.725803 20.781366 -5.665541
v 11.232403 27.240568 -4.737341
v 11.232403 24.659266 -5.686641
v 11.725803 24.659266 -5.686641
v 11.232403 28.763765 -2.671341
v 11.232403 29.022165 0.026959
v 11.232403 20.781366 5.719459
v 11.232403 27.240568 4.791259
v 11.232403 24.659266 5.731059
v 12.146305 19.514467 -4.991041
v 12.146305 19.551067 -5.707841
v 12.146305 19.514467 5.044859
v 12.359806 19.523966 4.487359
v 12.146305 19.502266 -2.840441
v 12.146305 19.502266 0.026959
v 12.146305 20.781366 -5.665541
v 12.146305 24.659266 -5.686641
v 10.595509 19.514467 2.894359
v 10.618908 19.502266 2.894359
v 12.434505 19.514467 2.894359
v 12.530506 19.551067 2.894359
v 11.725803 28.763765 2.725259
v 12.146305 28.763765 2.725259
v 12.434505 27.563467 2.746359
v 10.587605 20.845968 2.873259
v 10.587605 24.917566 2.876559
v 10.595509 27.563467 2.746359
v 12.530506 20.845968 2.873259
v 10.587605 19.551067 2.894359
v 12.530506 24.453268 2.809859
v 10.828602 19.502266 2.894359
v 10.618908 28.763765 2.725259
v 10.828602 28.763765 2.725259
v 11.725803 19.502266 2.894359
v 11.232403 19.502266 2.894359
v 11.232403 28.763765 2.725259
v 12.146305 19.502266 2.894359
v -24.800095 19.737768 5.596761
v -24.800095 19.697168 4.900561
v -24.770496 20.357870 4.902661
v -24.800095 20.349470 5.599161
v -24.770496 20.357870 -4.848739
v -24.800095 19.697168 -4.846639
v -24.800095 19.736368 -5.542839
v -24.800095 20.349470 -5.545239
v -25.237595 19.697168 -4.846639
v -25.237595 19.736368 -5.542839
v -24.800095 19.684069 2.811861
v -25.237595 19.697168 4.900561
v -25.237595 19.684069 2.811861
v -24.800095 19.684069 0.026961
v -24.760696 20.399771 0.026961
v -24.760696 20.382971 2.813061
v -27.719395 20.357870 4.902661
v -27.732494 20.382971 2.813061
v -27.680195 19.684069 2.811861
v -27.680195 19.697168 4.900561
v -27.339993 28.005171 4.556561
v -27.291393 29.310770 2.580961
v -27.622196 28.569170 2.610961
v -27.558094 27.672770 4.093361
v -26.790390 28.155470 4.556561
v -26.717491 29.482470 2.580961
v -27.291393 29.817869 0.026961
v -26.717495 29.989672 0.026961
v -27.622196 29.029669 0.026961
v -24.778194 27.864672 4.093361
v -24.770496 26.253172 4.706861
v -24.760696 26.734270 2.701161
v -24.770496 28.853270 2.610961
v -24.770496 24.121172 4.862561
v -24.760696 24.367472 2.790161
v -24.760696 24.531672 0.026961
v -24.760696 27.055071 0.026961
v -24.770496 29.313772 0.026961
v -25.237595 20.349470 5.599161
v -25.237595 19.736368 5.596761
v -27.300694 20.349470 -5.545239
v -27.300694 19.736368 -5.542839
v -27.680195 19.736368 -5.542839
v -27.680195 20.349470 -5.545239
v -27.732494 20.399771 0.026961
v -27.680195 19.684069 0.026961
v -24.770496 21.924772 4.908861
v -24.800095 21.891169 5.606261
v -24.800095 24.039072 5.553361
v -27.719395 20.357870 -4.848739
v -27.719395 21.924772 -4.854939
v -27.680195 21.891169 -5.552439
v -27.707294 24.037371 -4.808639
v -27.631596 23.970770 -5.499439
v -27.300694 21.891169 -5.552439
v -27.227795 23.992270 -5.499439
v -27.719395 21.924772 4.908861
v -27.732494 22.025572 2.816661
v -27.707294 24.037371 4.862561
v -27.732494 24.278471 2.790161
v -27.732494 22.092772 0.026961
v -27.732494 24.442671 0.026961
v -25.237595 19.684069 0.026961
v -24.800091 28.185671 4.556561
v -24.800091 29.559572 2.580961
v -24.800095 30.066671 0.026961
v -25.140396 30.019171 0.026961
v -25.140392 29.511969 2.580961
v -24.800095 26.092772 5.375361
v -25.152493 28.144072 4.556561
v -25.188995 26.068972 5.375361
v -25.225395 24.033072 5.553361
v -24.800095 28.185770 -4.502639
v -24.778194 27.864672 -4.039439
v -24.770496 26.253172 -4.652939
v -24.800095 26.092772 -5.321439
v -24.770496 24.121172 -4.808639
v -24.800095 24.039072 -5.499439
v -25.188995 26.068972 -5.321439
v -25.225395 24.033072 -5.499439
v -25.237595 20.349470 -5.545239
v -25.152496 28.144072 -4.502639
v -26.266697 19.697168 4.900561
v -26.266697 19.736368 5.596761
v -27.300694 19.736368 5.596761
v -27.300694 19.697168 4.900561
v -26.266697 19.697168 -4.846639
v -26.266697 19.736368 -5.542839
v -27.300694 19.697168 -4.846639
v -26.266697 19.684069 2.811861
v -27.300694 19.684069 2.811861
v -26.266697 19.684069 0.026961
v -27.300694 19.684069 0.026961
v -26.266697 20.349470 5.599161
v -27.300694 20.349470 5.599161
v -25.926491 28.167570 4.556561
v -26.072296 26.145872 5.375361
v -27.009094 26.202871 5.375361
v -26.218094 24.015272 5.553361
v -27.227795 23.992270 5.553361
v -25.877991 29.517569 2.580961
v -25.877995 30.024672 0.026961
v -26.266697 20.349470 -5.545239
v -26.790394 28.155470 -4.502639
v -25.926495 28.167570 -4.502639
v -26.072296 26.145872 -5.321439
v -27.009094 26.202871 -5.321439
v -26.218094 24.015272 -5.499439
v -27.680195 19.736368 5.596761
v -27.680195 19.697168 -4.846639
v -27.680195 20.349470 5.599161
v -27.485794 26.116972 5.375361
v -27.670795 26.215269 4.706861
v -27.631596 23.970770 5.553361
v -24.760696 20.382971 -2.759139
v -24.800095 19.684069 -2.757939
v -26.717495 29.482470 -2.527039
v -27.291393 29.310770 -2.527039
v -27.339996 28.005171 -4.502639
v -27.622196 28.569170 -2.557039
v -27.558094 27.672770 -4.039439
v -24.760696 22.025572 -2.762739
v -24.760696 22.092772 0.026961
v -24.770496 21.924772 -4.854939
v -24.760696 24.367472 -2.736239
v -27.732494 20.382971 -2.759139
v -27.680195 19.684069 -2.757939
v -27.732494 26.675669 -2.647239
v -27.732494 26.996469 0.026961
v -27.670795 26.215269 -4.652939
v -27.732494 24.278471 -2.736239
v -25.237595 19.684069 -2.757939
v -24.770496 28.853270 -2.557039
v -24.800095 29.559572 -2.527039
v -25.140396 29.511969 -2.527039
v -27.300694 19.684069 -2.757939
v -26.266697 19.684069 -2.757939
v -25.877995 29.517569 -2.527039
v -24.760696 22.025572 2.816661
v -27.485794 26.116972 -5.321439
v -27.732494 26.675669 2.701161
v -25.237595 21.891169 5.606261
v -24.800095 21.891169 -5.552339
v -25.237595 21.891169 -5.552339
v -27.300694 21.891169 5.606261
v -26.266697 21.891169 5.606261
v -26.266697 21.891169 -5.552339
v -27.680195 21.891169 5.606261
v -24.760696 26.734270 -2.647239
v -27.732494 22.025572 -2.762739
v 10.649006 19.189966 5.044959
v 10.601505 19.179066 4.487359
v 10.595509 19.147966 5.044959
v 10.649006 19.147966 5.761759
v 10.595509 18.333866 5.062059
v 10.649006 18.343367 5.781359
v 10.595509 19.147966 -4.991041
v 10.601604 19.179066 -4.433441
v 10.649006 19.189966 -4.991041
v 10.649006 19.147966 -5.707841
v 10.649006 19.203966 2.894359
v 10.595509 19.189966 2.894359
v 10.649006 19.203966 0.026959
v 10.595509 19.189966 0.026959
v 12.792706 19.179066 4.487359
v 12.923206 19.147966 5.044959
v 13.091106 19.147966 2.894359
v 12.923206 19.189966 2.894359
v 13.091106 18.305267 2.904159
v 12.923206 18.333866 5.062059
v 12.923206 19.189966 0.026959
v 13.091106 19.147966 0.026959
v 12.419704 8.864466 4.569459
v 12.419704 7.526867 2.564259
v 12.923206 8.345066 2.615359
v 12.792706 9.250566 4.132759
v 11.785503 8.830166 4.569459
v 11.785503 7.389866 2.564259
v 12.419704 7.050566 0.026959
v 11.785503 6.845167 0.026959
v 12.923206 7.966366 0.026959
v 10.601505 9.128967 4.132759
v 10.595509 10.792166 4.824859
v 10.587605 10.252266 2.768559
v 10.595509 8.071266 2.615359
v 10.595509 13.444967 5.075759
v 10.587605 13.167267 2.912059
v 10.587605 12.982067 0.026959
v 10.587605 9.892366 0.026959
v 10.595509 7.555666 0.026959
v 12.923206 18.333866 -5.008141
v 12.419704 18.343367 -5.727441
v 12.419704 19.147966 -5.707841
v 12.923206 19.147966 -4.991041
v 11.785503 18.343367 -5.727441
v 11.785503 19.147966 -5.707841
v 13.091106 18.286266 0.026959
v 10.587605 19.147966 2.894359
v 10.587605 19.147966 0.026959
v 10.587605 18.286266 0.026959
v 10.587605 18.305267 2.904159
v 10.595509 16.210167 5.113659
v 10.649006 16.248266 5.840259
v 10.649006 13.537567 5.797059
v 12.923206 16.210167 -5.059741
v 12.419704 16.248266 -5.786341
v 12.923206 13.456367 -5.021841
v 12.419704 13.537567 -5.743141
v 11.785503 16.248266 -5.786341
v 11.785503 13.537567 -5.743141
v 12.923206 16.210167 5.113659
v 13.091106 16.095966 2.933659
v 12.923206 13.456367 5.075759
v 13.091106 13.212866 2.912059
v 13.091106 16.019867 0.026959
v 13.091106 13.050566 0.026959
v 10.826908 19.189966 5.044959
v 10.826908 19.147966 5.761759
v 10.826908 19.189966 -4.991041
v 10.826908 19.147966 -5.707841
v 10.826908 19.203966 2.894359
v 10.826908 19.203966 0.026959
v 10.649006 7.344267 2.564259
v 10.649006 8.818768 4.569459
v 10.649006 6.776766 0.026959
v 10.826908 18.343367 5.781359
v 10.649006 18.343367 -5.727441
v 10.595509 18.333866 -5.008141
v 10.649006 10.972166 5.510259
v 10.826908 8.818768 4.569459
v 10.826908 10.972166 5.510259
v 10.826908 13.537567 5.797059
v 10.595509 10.792166 -4.770941
v 10.649006 10.972166 -5.456341
v 10.649006 8.818768 -4.515541
v 10.601604 9.128967 -4.078941
v 10.595509 13.444967 -5.021841
v 10.649006 13.537567 -5.743141
v 10.826908 7.344267 2.564259
v 10.826908 6.776766 0.026959
v 10.826908 18.343367 -5.727441
v 10.826908 10.972166 -5.456341
v 10.826908 8.818768 -4.515541
v 10.826908 13.537567 -5.743141
v 11.225506 19.189966 5.044959
v 11.225506 19.147966 5.761759
v 11.785503 19.147966 5.761759
v 11.785503 19.189966 5.044959
v 11.225506 19.189966 -4.990941
v 11.225506 19.147966 -5.707841
v 11.785503 19.189966 -4.990941
v 11.225506 19.203966 2.894359
v 11.785503 19.203966 2.894359
v 11.225506 19.203966 0.026959
v 11.785503 19.203966 0.026959
v 11.225506 18.343367 5.781359
v 11.785503 18.343367 5.781359
v 11.225506 8.818768 4.569459
v 11.225506 10.972166 5.510259
v 11.785503 10.972166 5.510259
v 11.225506 13.537567 5.797059
v 11.785503 13.537567 5.797059
v 11.225506 7.344267 2.564259
v 11.225506 6.776766 0.026959
v 11.225506 18.343367 -5.727441
v 11.225506 8.818768 -4.515541
v 11.225506 10.972166 -5.456341
v 11.785503 10.972166 -5.456341
v 11.785503 8.830166 -4.515541
v 11.225506 13.537567 -5.743141
v 12.419704 19.189966 5.044959
v 12.419704 19.147966 5.761759
v 12.419704 19.189966 -4.990941
v 12.792706 19.179066 -4.433441
v 12.419704 19.203966 2.894359
v 12.419704 19.203966 0.026959
v 12.419704 18.343367 5.781359
v 12.419704 10.972166 5.510259
v 12.923206 10.837767 4.824859
v 12.419704 13.537567 5.797059
v 10.649006 19.203966 -2.840441
v 10.595509 19.189966 -2.840441
v 12.923206 19.189966 -2.840441
v 13.091106 19.147966 -2.840441
v 11.785503 7.389967 -2.510341
v 12.419704 7.526867 -2.510341
v 12.419704 8.864466 -4.515541
v 12.923206 8.345066 -2.561441
v 12.792706 9.250566 -4.078941
v 10.587605 18.305267 -2.850241
v 10.587605 16.095966 -2.879741
v 10.587605 16.019867 0.026959
v 10.595509 16.210167 -5.059741
v 10.587605 13.167267 -2.858141
v 13.091106 18.305267 -2.850241
v 10.587605 19.147966 -2.840441
v 13.091106 10.434866 -2.714641
v 13.091106 10.166166 0.026959
v 12.923206 10.837767 -4.770941
v 13.091106 13.212866 -2.858141
v 10.826908 19.203966 -2.840441
v 10.649006 7.344267 -2.510341
v 10.595509 8.071266 -2.561441
v 10.826908 7.344267 -2.510341
v 11.785503 19.203966 -2.840441
v 11.225506 19.203966 -2.840441
v 11.225506 7.344267 -2.510341
v 12.419704 19.203966 -2.840441
v 10.587605 16.095966 2.933659
v 12.419704 10.972166 -5.456341
v 13.091106 10.434866 2.768559
v 10.826908 16.248266 5.840259
v 10.649006 16.248266 -5.786341
v 10.826908 16.248266 -5.786341
v 11.785503 16.248266 5.840259
v 11.225506 16.248266 5.840259
v 11.225506 16.248266 -5.786341
v 12.419704 16.248266 5.840259
v 10.587605 10.252266 -2.714641
v 13.091106 16.095966 -2.879741
v -53.069595 22.861170 -5.294338
v -53.069595 27.671370 -5.294338
v -46.225193 27.671370 -5.294338
v -45.003994 21.526571 -5.294338
v -46.225193 27.671370 5.348262
v -53.069592 27.671370 5.348262
v -53.069592 22.861170 5.348262
v -45.003994 21.526571 5.348262
v -53.069595 22.861170 -3.292138
v -45.003994 21.526571 -3.292138
v -45.003994 21.526571 3.346061
v -53.069595 22.861170 3.346062
v -29.077293 27.671370 -3.292139
v -29.077293 27.671370 3.346061
v -29.077293 21.526571 3.346061
v -29.077293 21.526571 -3.292139
v -46.225193 27.671370 -3.292138
v -46.225193 27.671370 3.346061
v -35.610893 27.671370 3.346061
v -35.610893 27.671370 -3.292139
v -53.069592 27.671370 3.346062
v -53.069595 27.671370 -3.292138
v -29.077293 17.401468 -3.292139
v -29.077293 17.401468 3.346061
v -34.780396 17.401468 3.346061
v -34.780396 17.401468 -3.292139
v -45.003994 17.401470 -5.294338
v -34.780396 21.526571 -5.294339
v -34.780396 17.401468 -5.294339
v -29.077293 17.401468 5.348261
v -29.077293 21.526571 5.348261
v -34.780396 21.526571 5.348261
v -34.780396 17.401468 5.348261
v -45.003994 17.401470 -3.292138
v -45.003994 17.401470 3.346061
v -43.283791 29.636469 3.424062
v -43.283791 29.636469 5.348261
v -34.557594 29.636469 5.348261
v -34.557594 29.636469 3.424061
v -30.611494 31.493372 -3.370139
v -30.611494 31.493372 -5.294339
v -32.630295 31.493372 -5.294339
v -32.630295 31.493372 -3.370139
v -35.610893 27.671370 5.348261
v -29.077293 29.636469 3.424061
v -34.557594 29.636469 -5.294339
v -29.077293 29.636469 -5.294339
v -29.077293 27.671370 -5.294339
v -35.610893 27.671370 -5.294339
v -29.077293 21.526571 -5.294339
v -29.077293 27.671370 5.348261
v -29.077293 17.401468 -5.294339
v -45.003994 17.401470 5.348262
v -30.611494 31.493372 5.348261
v -30.611494 31.493372 3.424061
v -32.630295 31.493372 3.424061
v -32.630295 31.493372 5.348261
v -43.283791 29.636469 -5.294339
v -43.283791 29.636469 -3.370138
v -34.557594 29.636469 -3.370139
v -29.077293 29.636469 5.348261
v -29.077293 29.636469 -3.370139
v -52.796795 17.270170 -5.128038
v -52.796795 23.435972 -5.128038
v -45.180595 21.703669 -5.128038
v -45.180595 17.270170 -5.128038
v -45.180595 17.270170 -2.580438
v -45.180595 17.270170 0.026962
v -52.796795 17.270170 0.026962
v -52.796795 17.270170 -2.580438
v -30.017994 27.516970 -1.763239
v -30.017994 27.516970 0.026961
v -30.017994 21.713369 0.026961
v -30.017994 21.713369 -1.823639
v -52.796795 23.435972 -2.436538
v -52.796795 23.435972 0.026962
v -30.017994 17.270168 -1.921139
v -30.017994 17.270168 -3.140739
v -30.017994 21.713369 -3.140739
v -30.017994 27.516970 -3.140739
v -30.017994 31.044569 -3.140739
v -30.017994 31.044569 -1.763239
v -52.796795 25.555269 -3.140738
v -52.796795 23.435972 -3.140738
v -52.796795 25.555269 -2.347438
v -45.180595 26.144670 -2.347438
v -52.796795 25.555269 0.026962
v -45.180595 26.144670 0.026962
v -41.112091 26.870272 -3.140739
v -45.180595 26.144670 -3.140738
v -45.180595 29.823572 -3.140738
v -41.112091 30.971472 -3.140739
v -45.180595 29.823572 -2.347438
v -41.112091 30.971472 -1.985439
v -41.112091 26.870272 -1.985439
v -45.180595 17.270170 -3.140738
v -41.112091 17.270170 -3.140739
v -41.112091 17.270170 -2.172639
v -45.180595 21.703669 -3.140738
v -41.112091 21.708769 -3.140739
v -38.440392 27.227072 -3.140739
v -38.440392 32.165367 -3.140739
v -35.701195 31.551172 -3.140739
v -35.701195 27.449972 -3.140739
v -38.440392 32.165367 -1.911139
v -35.701195 31.551172 -1.763239
v -38.440392 27.227072 -1.911139
v -35.701195 27.449972 -1.763239
v -38.440392 17.270168 0.026961
v -38.440392 17.270168 -2.088639
v -35.701195 17.270168 -1.921139
v -35.701195 17.270168 0.026961
v -35.701195 17.270168 -3.140739
v -38.440392 17.270168 -3.140739
v -35.701195 21.712870 -3.140739
v -38.440392 21.717169 -3.140739
v -41.112091 17.270170 0.026961
v -30.017994 17.270168 0.026961
v -52.796795 17.270170 -3.140738
v -52.796795 29.188772 -3.140738
v -52.796791 29.188772 -2.347438
v -41.112091 26.870272 0.026961
v -38.440392 27.227072 0.026961
v -35.701195 27.449972 0.026961
v -45.180595 21.703669 5.181962
v -52.796791 23.435972 5.181962
v -52.796795 17.270170 5.181962
v -45.180595 17.270170 5.181962
v -45.180595 17.270170 2.634362
v -52.796795 17.270170 2.634362
v -30.017994 27.516970 1.817161
v -30.017994 21.713369 1.877561
v -52.796795 23.435972 2.490462
v -30.017994 17.270168 1.975061
v -30.017994 21.713369 3.194761
v -30.017994 17.270069 3.194761
v -30.017994 31.044569 1.817161
v -30.017994 31.044569 3.194761
v -30.017994 27.516970 3.194761
v -52.796791 25.555269 3.194662
v -52.796791 25.555269 2.401362
v -52.796791 23.435972 3.194662
v -45.180595 26.144670 2.401361
v -41.112091 26.870272 3.194661
v -41.112091 30.971472 3.194661
v -45.180595 29.823572 3.194662
v -45.180595 26.144670 3.194662
v -41.112091 30.971472 2.039361
v -45.180595 29.823572 2.401361
v -41.112091 26.870272 2.039361
v -41.112091 17.270170 3.194661
v -45.180595 17.270170 3.194662
v -41.112091 17.270170 2.226561
v -41.112091 21.708769 3.194661
v -45.180595 21.703669 3.194662
v -35.701195 31.551172 3.194761
v -38.440392 32.165367 3.194761
v -38.440392 27.227072 3.194761
v -35.701195 27.449972 3.194761
v -38.440392 32.165367 1.965061
v -35.701195 31.551172 1.817161
v -35.701195 27.449972 1.817161
v -38.440392 27.227072 1.965061
v -35.701195 17.270168 1.975061
v -38.440392 17.270168 2.142561
v -35.701195 17.270168 3.194661
v -38.440392 17.270168 3.194661
v -35.701195 21.712870 3.194661
v -38.440392 21.717169 3.194661
v -52.796795 17.270170 3.194662
v -52.796791 29.188772 3.194662
v -52.796791 29.188772 2.401362
v -55.480492 30.719271 -3.414938
v -55.480492 31.567072 -3.414938
v -54.607494 31.567072 -3.414938
v -54.607494 30.719271 -3.414938
v -55.480492 31.567072 3.468862
v -55.480492 30.719271 3.468862
v -54.607494 30.719271 3.468862
v -54.607494 31.567072 3.468862
v -54.607494 30.501772 -0.531338
v -54.607494 30.501772 0.026962
v -55.480492 30.501772 0.026962
v -55.480492 30.501772 -0.531338
v -31.129393 29.787069 -0.455939
v -31.129393 30.634871 -0.455939
v -31.129393 30.240969 0.027161
v -31.129393 29.787069 0.027161
v -54.607494 31.894972 -0.431438
v -54.607494 31.500971 0.026962
v -55.480492 30.719271 -0.531338
v -55.480492 30.719271 0.026962
v -55.480492 31.500971 0.026962
v -55.480492 31.894972 -0.431438
v -54.607494 31.567072 -2.140538
v -31.129393 30.634871 -1.848239
v -31.129393 29.787069 -1.848239
v -54.607494 30.719271 -2.140538
v -54.607494 30.719271 2.194462
v -31.129393 29.787069 1.902561
v -31.129393 30.634871 1.902561
v -54.607494 31.567072 2.194462
v -54.607494 30.719271 0.026962
v -54.607494 30.719271 -0.531338
v -54.868591 32.771767 -2.140538
v -54.868591 32.771767 -2.758438
v -55.480492 32.771767 -2.758438
v -55.480492 32.771767 -2.140538
v -55.480492 30.501772 -2.140538
v -55.480492 30.501772 -3.414938
v -54.607494 30.501772 -3.414938
v -54.607494 30.501772 -2.140538
v -54.607494 30.501772 2.194462
v -54.607494 30.501772 3.468862
v -55.480492 30.501772 3.468862
v -55.480492 30.501772 2.194462
v -55.480492 32.771767 2.194462
v -55.480492 32.771767 2.812362
v -54.868591 32.771767 2.812362
v -54.868591 32.771767 2.194462
v -55.480492 31.567072 2.194462
v -55.480492 31.589972 3.468862
v -55.480492 31.589972 2.194462
v -54.607494 31.589972 3.468862
v -54.607494 31.589972 2.194462
v -54.607494 31.589972 -3.414938
v -54.607494 31.589972 -2.140538
v -55.480492 31.589972 -3.414938
v -55.480492 31.567072 -2.140538
v -55.480492 31.589972 -2.140538
v -55.480492 30.719271 0.585262
v -55.480492 30.546171 0.026962
v -55.480492 30.546171 0.585262
v -55.480492 30.719271 -2.140538
v -55.480492 30.546171 -3.414938
v -55.480492 30.546171 -2.140538
v -54.607494 30.546171 -3.414938
v -54.607494 30.546171 -2.140538
v -54.607494 30.546171 0.026962
v -54.607494 30.546171 -0.531338
v -54.607494 30.546171 3.468862
v -54.607494 30.546171 2.194462
v -55.480492 30.546171 3.468862
v -55.480492 30.719271 2.194462
v -55.480492 30.546171 2.194462
v -54.607494 30.501772 0.585262
v -55.480492 30.501772 0.585262
v -31.129393 30.634871 0.510261
v -31.129393 29.787069 0.510261
v -54.607494 31.894972 0.486362
v -55.480492 31.894972 0.486362
v -55.480492 32.771767 0.585262
v -54.868591 32.771767 0.585262
v -54.868591 32.771767 -0.531338
v -55.480492 32.771767 -0.531338
v -55.480492 31.917871 0.486362
v -54.607494 31.917871 -0.431438
v -54.607494 31.917871 0.486362
v -55.480492 30.546171 -0.531338
v -55.480492 30.527369 2.194462
v -55.480492 30.527369 0.585262
v -54.607494 30.719271 0.585262
v -54.607494 30.546171 0.585262
v -54.607494 30.527369 -2.140538
v -54.607494 30.527369 -0.531338
v -55.465591 32.771767 -0.531338
v -55.480492 31.917871 -0.431438
v -55.459194 31.917871 -0.431438
v -55.459194 31.500971 0.026962
v -55.459194 31.894972 -0.431438
v -55.459194 31.917871 0.486362
v -55.459194 31.894972 0.486362
v -54.734394 32.164268 -3.414938
v -55.480492 32.151169 3.468862
v -55.480492 30.527369 -0.531338
v -55.480492 30.527369 0.026962
v -55.480492 30.527369 -2.140538
v -55.480492 30.527369 -3.414938
v -54.607494 30.527369 -3.414938
v -54.607494 30.527369 0.585262
v -54.607494 30.527369 0.026962
v -54.607494 30.527369 2.194462
v -54.607494 30.527369 3.468862
v -55.480492 30.527369 3.468862
v -55.480492 32.151169 -3.414938
v -54.734394 32.164268 3.468862
v -55.465591 32.771767 0.585262
v -54.902493 32.771767 -0.531338
v -54.655891 31.917871 -0.431438
v -54.655891 31.500971 0.026962
v -54.655891 31.894972 -0.431438
v -54.655891 31.917871 0.486362
v -54.655891 31.894972 0.486362
v -54.902493 32.771767 0.585262
v -39.110794 24.547972 5.296062
v -39.979893 25.746370 5.296062
v -37.571892 27.297369 5.296062
v -36.653294 26.042772 5.296062
v -37.571892 27.297369 5.651261
v -39.979893 25.746370 5.651261
v -39.110794 24.547972 5.651261
v -36.653294 26.042772 5.651261
v -31.361193 29.362871 5.296061
v -32.460793 30.878969 5.296061
v -31.097393 31.238871 5.296061
v -30.269592 30.097471 5.296061
v -35.179291 28.973970 5.651261
v -35.179291 28.973970 5.296062
v -34.175995 27.596972 5.651261
v -33.276394 26.362371 5.651261
v -35.829693 24.917971 5.651261
v -35.829693 24.917971 5.296062
v -33.276394 26.362371 5.296061
v -29.839792 30.506269 5.296061
v -31.097393 31.238871 5.976961
v -29.839792 30.506269 5.976961
v -29.527292 29.074072 5.976961
v -29.527292 29.074072 5.296061
v -32.460793 30.878969 5.976961
v -30.375294 28.003469 5.976961
v -30.375294 28.003469 5.296061
v -30.269592 30.097471 5.976961
v -31.361193 29.362871 5.976961
v -32.846493 26.605570 5.296061
v -33.758896 27.858671 5.296062
v -38.331493 23.473570 5.296062
v -38.331493 23.473570 5.651261
v -34.175995 27.596972 5.296062
v -37.958992 27.839571 5.296062
v -40.366993 26.288572 5.296062
v -40.366993 26.288572 5.651261
v -37.958992 27.839571 6.508561
v -40.366993 26.288572 6.508561
v -39.979893 25.746370 6.508561
v -37.571892 27.297369 6.508561
v -37.958992 27.839571 5.651261
v -34.776493 29.256269 5.976961
v -34.776493 29.256269 5.296062
v -33.758896 27.858671 5.976961
v -32.846493 26.605570 5.976961
v -113.773499 9.627972 6.509665
v -113.595795 9.039772 6.509665
v -110.181694 10.112173 6.509665
v -110.182396 10.585573 6.509665
v -113.153091 7.964972 5.373665
v -109.822098 8.787872 5.373665
v -109.822098 8.787872 5.877165
v -113.153091 7.964972 5.877165
v -79.036896 14.968370 5.373663
v -79.173096 15.476170 5.373663
v -79.173096 15.476170 5.877163
v -79.036896 14.968370 5.877163
v -109.534500 15.780272 5.877264
v -109.534500 15.780272 5.373764
v -110.339195 15.787271 5.373765
v -110.339195 15.787172 5.877264
v -114.620193 7.754972 5.877165
v -114.620193 7.755072 5.373665
v -115.140900 15.578472 5.877264
v -115.140900 15.578472 5.373765
v -116.147194 15.515272 5.373765
v -116.147194 15.515272 5.877264
v -117.013596 7.385273 5.373665
v -117.013596 7.385172 5.877165
v -119.071899 8.831873 5.877264
v -119.071991 8.831972 5.373665
v -120.295395 11.160673 5.877264
v -120.295395 11.160772 5.373765
v -117.739090 15.278273 5.877264
v -117.739090 15.278273 5.373765
v -119.781494 13.708872 5.373765
v -119.781494 13.708872 5.877264
v -107.083397 17.995573 5.373764
v -107.083397 17.995573 5.877264
v -109.462692 13.925772 6.509664
v -109.478500 12.308971 6.509664
v -107.115494 13.718872 6.509664
v -106.980499 16.136772 6.509664
v -109.263901 8.902872 5.877164
v -109.263901 8.902872 5.373664
v -107.155594 9.408072 5.373664
v -107.155594 9.408072 5.877164
v -87.542595 16.465273 5.877263
v -79.652596 17.264771 5.877263
v -79.502892 18.837070 5.877263
v -88.053894 18.667473 5.877264
v -116.080696 13.682972 6.509665
v -114.873795 13.843273 6.509665
v -115.120590 14.845373 6.509665
v -116.288589 14.693672 6.509665
v -119.757996 11.153273 6.509665
v -119.191498 11.198673 6.509665
v -119.255096 12.505072 6.509665
v -119.246696 13.185371 6.509665
v -117.424698 8.804472 6.509665
v -118.921799 9.786373 6.509665
v -118.823090 9.402773 6.509665
v -117.323296 8.159573 6.509665
v -79.652596 17.264771 5.373663
v -79.502892 18.837170 5.373763
v -110.239395 13.913973 6.509665
v -110.184799 12.252972 6.509665
v -107.283394 11.445972 6.509664
v -109.580490 10.709372 6.509664
v -115.159592 9.373972 6.509665
v -115.681496 11.742073 6.509665
v -117.709496 11.462572 6.509665
v -117.990196 13.429272 6.509665
v -88.320190 19.814373 5.373764
v -88.320190 19.814373 5.877264
v -79.424896 19.655970 5.877263
v -79.424896 19.655970 5.373763
v -88.180992 18.495872 6.509664
v -88.113495 19.609173 6.509664
v -88.712891 19.619873 6.509664
v -88.782692 18.486671 6.509664
v -87.746895 13.184273 5.877163
v -87.746895 13.184273 5.373663
v -87.701691 13.909573 7.875263
v -87.746796 13.184072 7.875263
v -79.036896 14.968170 7.875263
v -79.172989 15.475971 7.875263
v -113.300491 8.758772 5.877165
v -109.994690 9.756573 5.877165
v -109.440697 9.887072 5.877164
v -107.271698 10.406473 5.877164
v -88.438995 14.319473 5.877164
v -87.701691 13.909773 5.877163
v -88.454994 14.761473 5.877164
v -88.593094 18.426373 5.877264
v -88.511597 16.318573 5.877264
v -88.635490 19.524073 5.877264
v -88.921593 19.825073 5.877264
v -89.221291 19.534472 5.877264
v -110.218697 15.069572 5.877264
v -109.427490 15.059973 5.877264
v -116.027100 14.958273 5.877264
v -114.939392 15.126371 5.877264
v -117.747795 14.692272 5.877264
v -119.134293 13.356573 5.877264
v -119.686295 11.205273 5.877264
v -118.628998 9.348372 5.877264
v -116.984299 8.019772 5.877165
v -114.699196 8.537472 5.877165
v -109.630394 10.003973 6.188264
v -110.199890 9.865772 6.188265
v -104.997498 10.943773 5.877164
v -105.027596 11.099272 6.188164
v -107.381897 10.542372 6.188264
v -88.126991 14.605371 6.188164
v -88.753494 14.475471 6.188164
v -89.052795 14.194273 5.877164
v -88.158394 14.991673 6.188264
v -88.269196 16.352072 6.188264
v -88.237595 19.618473 6.188264
v -88.248398 18.499971 6.188264
v -104.438095 19.805471 5.877264
v -106.974091 17.491673 5.877264
v -107.020493 17.473272 6.188264
v -104.409592 19.906372 6.188264
v -109.547791 14.916372 6.188264
v -115.201294 14.989073 6.188265
v -110.359192 14.926773 6.188265
v -116.341293 14.826872 6.188265
v -118.144699 14.570372 6.188265
v -119.412994 13.251572 6.188265
v -119.910896 11.132673 6.188265
v -118.940697 9.274273 6.188265
v -117.349091 7.995771 6.188265
v -113.598396 8.815573 6.188265
v -115.022194 8.564873 6.188265
v -107.331100 10.800772 6.509664
v -109.609497 10.255272 6.509664
v -115.011398 8.763773 6.509665
v -88.144691 15.241673 6.509664
v -88.097488 14.924772 6.509664
v -88.921593 19.825073 5.373764
v -88.383896 13.063673 5.877164
v -88.383896 13.063673 5.373664
v -88.310791 16.358072 6.509664
v -88.916794 16.310673 6.509664
v -88.765289 15.128372 6.509664
v -90.979797 19.660172 6.509664
v -91.058197 18.451773 6.509664
v -91.196091 19.865572 5.877264
v -91.436691 19.573973 5.877264
v -88.722191 14.792772 6.509664
v -91.084595 14.293772 6.509664
v -91.122795 13.983871 6.188164
v -88.837189 19.629072 6.188264
v -106.910194 17.395973 6.509664
v -104.411896 18.247072 6.509664
v -104.283195 19.897072 6.509664
v -109.454498 14.767773 6.509664
v -110.267792 14.778872 6.509665
v -118.136398 14.453573 6.509665
v -104.544495 20.103271 5.877264
v -91.196091 19.865572 5.373764
v -104.544495 20.103271 5.373764
v -104.931290 9.930273 5.877164
v -104.931290 9.930273 5.373664
v -90.792992 12.607471 5.373664
v -90.792992 12.607471 5.877164
v -104.658997 15.078573 6.509664
v -104.884796 12.186172 6.509664
v -91.112091 14.700073 6.509664
v -91.208694 16.131273 6.509664
v -91.374191 13.721073 5.877164
v -91.104294 19.669472 6.188264
v -104.948898 11.365072 6.509664
v -114.399696 11.918772 6.509665
v -114.295494 11.871672 6.671765
v -114.295494 11.871672 6.185465
v -114.551697 12.827572 6.185465
v -114.551697 12.827572 6.671765
v -115.251396 13.527372 6.185465
v -115.251396 13.527372 6.671765
v -116.207291 13.783472 6.185465
v -116.207291 13.783472 6.671765
v -117.163193 13.527372 6.185465
v -117.163193 13.527372 6.671765
v -117.862991 12.827572 6.185465
v -117.862991 12.827572 6.671765
v -118.119095 11.871773 6.185465
v -118.119095 11.871773 6.671765
v -117.862991 10.915873 6.185465
v -117.862991 10.915873 6.671765
v -117.163193 10.216072 6.185465
v -117.163193 10.216072 6.671765
v -116.207291 9.959972 6.185465
v -116.207291 9.959972 6.671765
v -115.251396 10.216072 6.185465
v -115.251396 10.216072 6.671765
v -114.551697 10.915873 6.185465
v -114.551697 10.915873 6.671765
v -114.808990 11.871672 6.671765
v -114.996292 12.570873 6.671765
v -115.508194 13.082672 6.671765
v -116.207291 13.270073 6.671765
v -116.906494 13.082672 6.671765
v -117.418297 12.570873 6.671765
v -117.605698 11.871773 6.671765
v -117.418297 11.172573 6.671765
v -116.906494 10.660772 6.671765
v -116.207291 10.473372 6.671765
v -115.508194 10.660772 6.671765
v -114.996292 11.172573 6.671765
v -114.808990 11.871672 6.814465
v -114.996292 12.570873 6.814465
v -115.508194 13.082672 6.814465
v -116.207291 13.270073 6.814465
v -116.906494 13.082672 6.814465
v -117.418297 12.570873 6.814465
v -117.605698 11.871773 6.814465
v -117.418297 11.172573 6.814465
v -116.906494 10.660772 6.814465
v -116.207291 10.473372 6.814465
v -115.508194 10.660772 6.814465
v -114.996292 11.172573 6.814465
v -115.214394 11.871672 6.964065
v -115.347397 12.368172 6.964065
v -115.710892 12.731672 6.964065
v -116.207291 12.864672 6.964065
v -116.703796 12.731672 6.964065
v -117.067200 12.368172 6.964065
v -117.200294 11.871773 6.964065
v -117.067200 11.375273 6.964065
v -116.703796 11.011772 6.964065
v -116.207291 10.878773 6.964065
v -115.710892 11.011772 6.964065
v -115.347397 11.375273 6.964065
v -116.196198 11.883173 6.964065
v -89.554695 -8.014029 2.582063
v -89.528496 -9.497929 2.582063
v -88.853897 -9.501228 2.582063
v -88.653496 -8.014029 2.582063
v -89.497299 -6.914128 2.582063
v -88.576195 -6.914128 2.582063
v -88.653496 -8.014029 1.674963
v -88.576195 -6.914128 1.674963
v -88.937897 -10.302428 2.411963
v -89.489098 -10.286128 2.411963
v -89.462997 -11.439828 1.110264
v -88.987091 -11.442828 1.110263
v -89.461990 -11.605028 0.026964
v -88.995094 -11.605028 0.026964
v -89.462997 -11.215928 0.026964
v -89.489098 -10.625328 1.235164
v -88.937897 -10.636128 1.235163
v -88.937897 -10.631529 0.026964
v -88.853897 -9.501228 0.026964
v -88.853897 -9.501228 1.674963
v -88.041992 0.679671 0.026963
v -89.100395 0.679671 0.026964
v -89.100395 0.679671 1.674963
v -88.041992 0.679671 1.674963
v -89.528496 -9.497929 0.026964
v -89.528496 -9.497929 1.674964
v -89.554695 -8.014029 1.674964
v -89.554695 -8.014029 0.026964
v -89.497299 -6.914128 1.674964
v -89.497299 -6.914128 0.026964
v -89.489098 -10.630028 0.026964
v -88.653496 -8.014029 0.026964
v -88.987091 -11.216228 0.026964
v -88.576195 -6.914128 0.026964
v -89.100395 0.679671 2.582063
v -88.041992 0.679671 2.582063
v -91.595993 -6.729428 1.674964
v -91.595993 -6.729428 2.582064
v -92.846100 -5.221428 2.582064
v -92.846100 -5.221428 1.674964
v -90.639496 -7.240228 2.582064
v -90.539291 -6.238228 2.582063
v -89.847397 0.679671 2.582063
v -89.847397 0.679671 1.674964
v -90.435997 -5.204928 1.674964
v -89.437996 -5.779828 1.674964
v -90.639496 -7.240228 1.674964
v -91.264297 -4.873528 2.582064
v -90.435997 -5.204928 2.582063
v -90.171799 0.679671 2.582063
v -90.171799 0.679671 1.674964
v -90.539291 -6.238228 1.674964
v -91.675598 -5.716128 1.674964
v -89.437996 -5.779828 2.582063
v -88.496399 -5.779828 2.582063
v -88.496399 -5.779828 1.674963
v -89.437996 -5.779828 0.026964
v -88.496399 -5.779828 0.026963
v -92.665298 -3.808528 2.582064
v -92.665298 -3.808528 1.674964
v -91.675598 -5.716128 2.582064
v -91.264297 -4.873528 1.674964
v -90.761093 0.679671 2.582064
v -90.761093 0.679671 1.674964
v -89.554695 -8.014029 -2.528136
v -88.653496 -8.014029 -2.528136
v -88.853897 -9.501228 -2.528136
v -89.528496 -9.497929 -2.528136
v -89.497299 -6.914128 -2.528136
v -88.576195 -6.914128 -2.528136
v -88.653496 -8.014029 -1.621037
v -88.576195 -6.914128 -1.621037
v -88.937897 -10.302428 -2.358037
v -89.489098 -10.286128 -2.358037
v -89.462997 -11.439828 -1.056336
v -88.987091 -11.442828 -1.056337
v -89.489098 -10.625328 -1.181236
v -88.937897 -10.636128 -1.181237
v -88.853897 -9.501228 -1.621037
v -89.100395 0.679671 -1.621037
v -88.041992 0.679671 -1.621037
v -89.554695 -8.014029 -1.621036
v -89.528496 -9.497929 -1.621036
v -89.497299 -6.914128 -1.621036
v -88.041992 0.679671 -2.528136
v -89.100395 0.679671 -2.528136
v -92.846100 -5.221428 -2.528136
v -91.595993 -6.729428 -2.528136
v -91.595993 -6.729428 -1.621036
v -92.846100 -5.221428 -1.621036
v -90.639496 -7.240228 -2.528136
v -90.539291 -6.238228 -2.528136
v -89.847397 0.679671 -2.528136
v -89.847397 0.679671 -1.621036
v -90.435997 -5.204928 -1.621036
v -89.437996 -5.779828 -1.621036
v -90.639496 -7.240228 -1.621036
v -91.264297 -4.873528 -2.528136
v -90.171799 0.679671 -2.528136
v -90.435997 -5.204928 -2.528136
v -90.171799 0.679671 -1.621036
v -90.539291 -6.238228 -1.621036
v -91.675598 -5.716128 -1.621036
v -89.437996 -5.779828 -2.528136
v -88.496399 -5.779828 -2.528136
v -88.496399 -5.779828 -1.621037
v -92.665298 -3.808528 -2.528136
v -92.665298 -3.808528 -1.621036
v -91.675598 -5.716128 -2.528136
v -91.264297 -4.873528 -1.621036
v -90.761093 0.679671 -2.528136
v -90.761093 0.679671 -1.621036
v -136.039902 14.140375 6.192066
v -136.039200 14.989174 6.118066
v -136.463699 14.875374 6.117666
v -136.774490 14.564573 6.117566
v -136.888199 14.140074 6.117566
v -136.774490 13.715475 6.117866
v -136.463699 13.404675 6.118366
v -136.039200 13.290974 6.118865
v -135.614594 13.404675 6.119266
v -135.303802 13.715475 6.119466
v -135.190094 14.140074 6.119366
v -135.303802 14.564573 6.119066
v -135.614594 14.875374 6.118566
v -136.037094 15.609875 5.916866
v -136.772491 15.412775 5.916265
v -137.310791 14.874474 5.915865
v -137.507797 14.139174 5.916066
v -137.310791 13.403873 5.916565
v -136.772491 12.865574 5.917366
v -136.037201 12.668474 5.918266
v -135.301788 12.865574 5.918966
v -134.763489 13.403774 5.919266
v -134.566498 14.139174 5.919065
v -134.763489 14.874474 5.918566
v -135.301788 15.412775 5.917766
v -136.034393 15.836174 5.642365
v -136.883499 15.608675 5.641566
v -137.505096 14.987074 5.641166
v -137.732590 14.137974 5.641366
v -137.505096 13.288874 5.641965
v -136.883499 12.667274 5.642866
v -136.034393 12.439774 5.643866
v -135.185287 12.667274 5.644666
v -134.563690 13.288874 5.645066
v -134.336197 14.137974 5.644866
v -134.563690 14.987074 5.644266
v -135.185287 15.608675 5.643365
v -124.372299 9.422672 6.192065
v -124.371597 10.271372 6.118065
v -124.796097 10.157673 6.117665
v -125.106888 9.846872 6.117565
v -125.220596 9.422272 6.117565
v -125.106888 8.997772 6.117865
v -124.796097 8.686972 6.118365
v -124.371597 8.573273 6.118865
v -123.946991 8.686972 6.119265
v -123.636200 8.997772 6.119465
v -123.522491 9.422272 6.119365
v -123.636200 9.846872 6.119065
v -123.946991 10.157673 6.118565
v -124.369492 10.892073 5.916865
v -125.104889 10.695072 5.916265
v -125.643188 10.156773 5.915865
v -125.840195 9.421473 5.916065
v -125.643188 8.686071 5.916565
v -125.104889 8.147772 5.917365
v -124.369598 7.950773 5.918265
v -123.634193 8.147772 5.918965
v -123.095894 8.686071 5.919265
v -122.898895 9.421473 5.919065
v -123.095894 10.156773 5.918565
v -123.634193 10.695072 5.917765
v -124.366791 11.118473 5.642365
v -125.215897 10.890873 5.641565
v -125.837402 10.269373 5.641165
v -126.065002 9.420273 5.641365
v -125.837494 8.571173 5.641965
v -125.215897 7.949572 5.642865
v -124.366791 7.722073 5.643865
v -123.517700 7.949572 5.644665
v -122.896095 8.571173 5.645065
v -122.668594 9.420273 5.644865
v -122.896095 10.269373 5.644265
v -123.517700 10.890873 5.643365
v -66.301193 8.071970 5.998463
v -66.300697 8.641670 5.945663
v -66.585594 8.565269 5.945463
v -66.794197 8.356670 5.945263
v -66.870491 8.071770 5.945363
v -66.794197 7.786871 5.945563
v -66.585594 7.578270 5.945863
v -66.300697 7.501871 5.946263
v -66.015694 7.578270 5.946562
v -65.807198 7.786871 5.946662
v -65.730797 8.071770 5.946662
v -65.807198 8.356670 5.946362
v -66.015694 8.565269 5.946062
v -66.299294 9.058170 5.802063
v -66.792793 8.925970 5.801563
v -67.154091 8.564671 5.801363
v -67.286293 8.071171 5.801463
v -67.154091 7.577671 5.801863
v -66.792793 7.216370 5.802463
v -66.299294 7.084171 5.803063
v -65.805794 7.216370 5.803562
v -65.444496 7.577671 5.803762
v -65.312294 8.071171 5.803662
v -65.444496 8.564671 5.803262
v -65.805794 8.925970 5.802662
v -66.297493 9.210070 5.606063
v -66.867294 9.057371 5.605563
v -67.284492 8.640270 5.605263
v -67.437195 8.070370 5.605363
v -67.284492 7.500471 5.605863
v -66.867294 7.083370 5.606463
v -66.297493 6.930670 5.607263
v -65.727592 7.083370 5.607762
v -65.310394 7.500471 5.608062
v -65.157791 8.070370 5.607962
v -65.310394 8.640270 5.607462
v -65.727592 9.057371 5.606862
v -54.899292 14.416370 5.998462
v -54.898792 14.986071 5.945662
v -55.183693 14.909670 5.945462
v -55.392292 14.701071 5.945262
v -55.468693 14.416170 5.945362
v -55.392292 14.131271 5.945562
v -55.183693 13.922670 5.945862
v -54.898792 13.846270 5.946262
v -54.613892 13.922670 5.946562
v -54.405293 14.131271 5.946662
v -54.328896 14.416170 5.946662
v -54.405293 14.701071 5.946362
v -54.613892 14.909670 5.946062
v -54.897392 15.402571 5.802062
v -55.390995 15.270370 5.801562
v -55.752193 14.909071 5.801363
v -55.884495 14.415571 5.801462
v -55.752193 13.922070 5.801862
v -55.390995 13.560770 5.802462
v -54.897392 13.428570 5.803062
v -54.403893 13.560770 5.803562
v -54.042694 13.922070 5.803762
v -53.910393 14.415571 5.803662
v -54.042595 14.909071 5.803262
v -54.403893 15.270370 5.802662
v -54.895592 15.554470 5.606162
v -55.465492 15.401770 5.605562
v -55.882595 14.984671 5.605262
v -56.035294 14.414770 5.605362
v -55.882595 13.844870 5.605862
v -55.465492 13.427771 5.606462
v -54.895592 13.275070 5.607262
v -54.325695 13.427771 5.607762
v -53.908592 13.844870 5.608062
v -53.755894 14.414770 5.607962
v -53.908592 14.984671 5.607462
v -54.325695 15.401770 5.606862
v -48.696293 14.416370 5.998462
v -48.695793 14.986071 5.945662
v -48.980694 14.909670 5.945462
v -49.189293 14.701071 5.945262
v -49.265694 14.416170 5.945362
v -49.189293 14.131271 5.945562
v -48.980694 13.922670 5.945862
v -48.695793 13.846270 5.946262
v -48.410896 13.922670 5.946562
v -48.202293 14.131271 5.946662
v -48.125893 14.416170 5.946662
v -48.202293 14.701071 5.946362
v -48.410896 14.909670 5.946062
v -48.694393 15.402571 5.802062
v -49.187893 15.270370 5.801562
v -49.549194 14.909071 5.801362
v -49.681496 14.415571 5.801462
v -49.549194 13.922070 5.801862
v -49.187996 13.560770 5.802462
v -48.694393 13.428570 5.803062
v -48.200893 13.560770 5.803562
v -47.839695 13.922070 5.803762
v -47.707394 14.415571 5.803662
v -47.839592 14.909071 5.803262
v -48.200893 15.270370 5.802662
v -48.692593 15.554470 5.606162
v -49.262394 15.401770 5.605562
v -49.679596 14.984671 5.605262
v -49.832294 14.414770 5.605362
v -49.679596 13.844870 5.605862
v -49.262493 13.427771 5.606462
v -48.692596 13.275070 5.607262
v -48.122696 13.427771 5.607762
v -47.705593 13.844870 5.608062
v -47.552895 14.414770 5.607962
v -47.705593 14.984671 5.607462
v -48.122696 15.401770 5.606862
v -136.039902 14.140375 -6.138134
v -136.463699 14.875374 -6.063735
v -136.039200 14.989174 -6.064135
v -136.774490 14.564573 -6.063634
v -136.888199 14.140074 -6.063634
v -136.774490 13.715475 -6.063934
v -136.463699 13.404675 -6.064435
v -136.039200 13.290974 -6.064934
v -135.614594 13.404675 -6.065334
v -135.303802 13.715475 -6.065535
v -135.190094 14.140074 -6.065434
v -135.303802 14.564573 -6.065135
v -135.614594 14.875374 -6.064634
v -136.772491 15.412775 -5.862334
v -136.037094 15.609875 -5.862935
v -137.310791 14.874474 -5.861934
v -137.507797 14.139174 -5.862134
v -137.310791 13.403873 -5.862634
v -136.772491 12.865574 -5.863434
v -136.037201 12.668474 -5.864335
v -135.301788 12.865574 -5.865035
v -134.763489 13.403873 -5.865335
v -134.566498 14.139174 -5.865134
v -134.763489 14.874474 -5.864635
v -135.301788 15.412775 -5.863834
v -136.883499 15.608675 -5.587635
v -136.034393 15.836174 -5.588434
v -137.505096 14.987074 -5.587234
v -137.732590 14.137974 -5.587434
v -137.505096 13.288874 -5.588034
v -136.883499 12.667274 -5.588934
v -136.034393 12.439774 -5.589934
v -135.185287 12.667274 -5.590734
v -134.563690 13.288874 -5.591135
v -134.336197 14.137974 -5.590934
v -134.563690 14.987074 -5.590334
v -135.185287 15.608675 -5.589434
v -124.372299 9.422672 -6.138135
v -124.796097 10.157673 -6.063735
v -124.371597 10.271372 -6.064135
v -125.106888 9.846872 -6.063635
v -125.220596 9.422272 -6.063635
v -125.106888 8.997772 -6.063935
v -124.796097 8.686972 -6.064435
v -124.371597 8.573273 -6.064935
v -123.946991 8.686972 -6.065335
v -123.636200 8.997772 -6.065535
v -123.522491 9.422272 -6.065435
v -123.636200 9.846872 -6.065135
v -123.946991 10.157673 -6.064635
v -125.104889 10.695072 -5.862335
v -124.369492 10.892073 -5.862935
v -125.643188 10.156773 -5.861935
v -125.840195 9.421473 -5.862135
v -125.643188 8.686071 -5.862635
v -125.104889 8.147772 -5.863435
v -124.369598 7.950773 -5.864335
v -123.634193 8.147772 -5.865035
v -123.095894 8.686071 -5.865335
v -122.898895 9.421473 -5.865135
v -123.095894 10.156773 -5.864635
v -123.634193 10.695072 -5.863835
v -125.215897 10.890873 -5.587635
v -124.366791 11.118473 -5.588435
v -125.837494 10.269373 -5.587235
v -126.065002 9.420273 -5.587435
v -125.837494 8.571173 -5.588035
v -125.215897 7.949572 -5.588935
v -124.366791 7.722073 -5.589935
v -123.517700 7.949572 -5.590735
v -122.896095 8.571173 -5.591135
v -122.668594 9.420273 -5.590935
v -122.896095 10.269373 -5.590335
v -123.517700 10.890873 -5.589435
v -66.301193 8.071970 -5.944537
v -66.585594 8.565269 -5.891437
v -66.300697 8.641670 -5.891737
v -66.794197 8.356670 -5.891337
v -66.870491 8.071770 -5.891437
v -66.794197 7.786871 -5.891637
v -66.585594 7.578270 -5.891937
v -66.300697 7.501871 -5.892337
v -66.015694 7.578270 -5.892538
v -65.807198 7.786871 -5.892738
v -65.730797 8.071770 -5.892638
v -65.807198 8.356670 -5.892438
v -66.015694 8.565269 -5.892138
v -66.792793 8.925970 -5.747637
v -66.299294 9.058170 -5.748137
v -67.154099 8.564671 -5.747437
v -67.286293 8.071171 -5.747537
v -67.154099 7.577671 -5.747937
v -66.792793 7.216370 -5.748437
v -66.299294 7.084171 -5.749137
v -65.805794 7.216370 -5.749538
v -65.444496 7.577671 -5.749838
v -65.312294 8.071171 -5.749738
v -65.444496 8.564671 -5.749338
v -65.805794 8.925970 -5.748738
v -66.867294 9.057371 -5.551637
v -66.297493 9.210070 -5.552137
v -67.284492 8.640270 -5.551337
v -67.437195 8.070370 -5.551437
v -67.284492 7.500471 -5.551937
v -66.867294 7.083370 -5.552537
v -66.297493 6.930670 -5.553237
v -65.727592 7.083370 -5.553838
v -65.310394 7.500471 -5.554138
v -65.157692 8.070370 -5.553938
v -65.310394 8.640270 -5.553538
v -65.727592 9.057371 -5.552838
v -54.899292 14.416370 -5.944538
v -55.183693 14.909670 -5.891438
v -54.898796 14.986071 -5.891738
v -55.392296 14.701071 -5.891338
v -55.468693 14.416170 -5.891438
v -55.392296 14.131271 -5.891638
v -55.183693 13.922670 -5.891938
v -54.898796 13.846270 -5.892338
v -54.613895 13.922670 -5.892538
v -54.405293 14.131271 -5.892738
v -54.328896 14.416170 -5.892638
v -54.405293 14.701071 -5.892438
v -54.613895 14.909670 -5.892138
v -55.390892 15.270370 -5.747638
v -54.897392 15.402571 -5.748138
v -55.752193 14.909071 -5.747438
v -55.884495 14.415571 -5.747538
v -55.752193 13.922070 -5.747938
v -55.390995 13.560770 -5.748438
v -54.897392 13.428570 -5.749138
v -54.403893 13.560770 -5.749538
v -54.042694 13.922070 -5.749838
v -53.910393 14.415571 -5.749738
v -54.042595 14.909071 -5.749338
v -54.403893 15.270370 -5.748738
v -55.465393 15.401770 -5.551638
v -54.895596 15.554470 -5.552138
v -55.882595 14.984671 -5.551338
v -56.035294 14.414770 -5.551438
v -55.882595 13.844870 -5.551938
v -55.465492 13.427771 -5.552538
v -54.895596 13.275070 -5.553238
v -54.325695 13.427771 -5.553838
v -53.908592 13.844870 -5.554138
v -53.755894 14.414770 -5.553938
v -53.908592 14.984671 -5.553538
v -54.325695 15.401770 -5.552838
v -48.696293 14.416370 -5.944538
v -48.980694 14.909670 -5.891438
v -48.695793 14.986071 -5.891738
v -49.189293 14.701071 -5.891338
v -49.265694 14.416170 -5.891438
v -49.189293 14.131271 -5.891638
v -48.980694 13.922670 -5.891938
v -48.695793 13.846270 -5.892338
v -48.410896 13.922670 -5.892538
v -48.202293 14.131271 -5.892738
v -48.125893 14.416170 -5.892638
v -48.202293 14.701071 -5.892438
v -48.410896 14.909670 -5.892138
v -49.187893 15.270370 -5.747638
v -48.694393 15.402571 -5.748138
v -49.549194 14.909071 -5.747438
v -49.681496 14.415571 -5.747538
v -49.549194 13.922070 -5.747938
v -49.187996 13.560770 -5.748438
v -48.694393 13.428570 -5.749138
v -48.200893 13.560770 -5.749538
v -47.839592 13.922070 -5.749838
v -47.707394 14.415571 -5.749738
v -47.839592 14.909071 -5.749338
v -48.200893 15.270370 -5.748738
v -49.262394 15.401770 -5.551638
v -48.692596 15.554470 -5.552138
v -49.679596 14.984671 -5.551338
v -49.832294 14.414770 -5.551438
v -49.679596 13.844870 -5.551938
v -49.262493 13.427771 -5.552538
v -48.692596 13.275070 -5.553238
v -48.122696 13.427771 -5.553838
v -47.705593 13.844870 -5.554038
v -47.552895 14.414770 -5.553938
v -47.705593 14.984671 -5.553538
v -48.122696 15.401770 -5.552838
v -84.284592 13.653572 4.177063
v -112.623894 13.653572 4.177065
v -109.921097 16.760073 4.060164
v -84.284592 16.760073 4.060163
v -109.921097 16.760073 4.977465
v -112.623894 13.653572 5.094365
v -84.284592 13.653572 5.094363
v -84.284592 16.760073 4.977463
v -51.626995 13.653570 4.177062
v -51.626995 16.760071 4.060162
v -51.626991 16.760071 4.977462
v -51.626995 13.653570 5.094362
v -106.842392 20.298471 4.844364
v -106.842392 20.298471 3.927064
v -108.462395 18.436573 3.997164
v -108.462395 18.436573 4.914464
v -81.703896 16.760071 4.060163
v -81.703896 13.653570 4.177063
v -77.862091 25.356672 2.095063
v -80.113091 25.356672 2.095063
v -80.113091 25.356672 3.012363
v -77.862091 25.356672 3.012363
v -84.284592 20.298471 4.844363
v -84.284592 18.436573 4.914463
v -81.703896 18.436571 4.914463
v -81.703896 20.298470 4.844363
v -81.703896 13.653570 5.094363
v -82.196091 21.984571 2.617763
v -82.196091 21.984571 3.535063
v -81.591690 23.670572 3.041063
v -81.591690 23.670572 2.123763
v -51.626991 21.984571 3.535062
v -51.626991 23.670572 3.041162
v -55.035095 23.670572 3.041062
v -55.103794 21.984571 3.535062
v -51.626991 21.984571 2.617762
v -51.626991 23.670572 2.123762
v -79.780495 21.984571 2.617763
v -79.223892 23.670572 2.123763
v -84.284592 20.298471 3.927063
v -54.866894 25.356672 3.012362
v -51.626991 25.356672 3.012362
v -79.780495 21.984571 3.535063
v -51.626991 25.356672 2.095062
v -51.626991 20.298470 3.927062
v -51.626991 20.298470 4.844362
v -55.103794 21.984571 2.617762
v -55.341393 20.298470 3.927062
v -84.284592 18.436573 3.997163
v -51.626991 18.436571 4.914462
v -51.626991 18.436571 3.997162
v -81.703896 18.436571 3.997163
v -81.703896 16.760071 4.977463
v -55.341393 16.760071 4.060162
v -55.341393 13.653570 4.177063
v -54.866894 25.356672 2.095062
v -53.947094 18.356670 14.512062
v -53.126694 18.356670 14.512062
v -53.126694 19.133671 14.694462
v -53.947094 19.133671 14.694462
v -55.341393 13.653570 5.094362
v -74.193497 23.670572 3.041063
v -74.648590 21.984571 3.535063
v -55.035095 23.670572 2.123762
v -73.079895 25.356672 3.012363
v -55.341393 20.298470 4.844362
v -74.648590 21.984571 2.617763
v -76.221497 20.298470 3.927063
v -55.341393 18.436571 3.997162
v -55.341393 16.760071 4.977462
v -51.691895 17.106871 5.365162
v -51.691895 18.468571 5.302062
v -51.691895 19.980970 5.232062
v -55.276394 19.980970 5.232062
v -55.341393 18.436571 4.914462
v -55.276394 18.468571 5.302063
v -55.276394 17.106871 5.365162
v -51.753792 18.484570 5.671562
v -51.753792 19.873970 5.601462
v -52.320194 19.919571 7.829762
v -52.320194 18.566170 7.899862
v -55.214592 19.873970 5.601462
v -54.648193 19.919571 7.829762
v -54.648193 18.566170 7.899862
v -55.214592 18.484570 5.671562
v -55.214592 17.233570 5.734562
v -54.648193 17.347471 7.962962
v -51.753792 17.233570 5.734662
v -52.320194 17.347471 7.962962
v -52.707893 18.497671 8.212462
v -52.707893 17.170670 8.275562
v -52.707893 19.971371 8.142463
v -54.260494 19.971371 8.142463
v -54.260494 18.497671 8.212462
v -54.260494 17.170670 8.275562
v -52.834793 18.480171 8.962062
v -52.834793 17.144571 9.009362
v -52.834793 19.963470 8.909462
v -54.344593 19.963470 8.909462
v -54.344593 18.480171 8.962062
v -54.344593 17.144571 9.009362
v -53.275593 20.703169 11.742662
v -53.223492 20.592871 13.648862
v -53.275593 18.785870 11.801562
v -54.467094 20.703169 11.742662
v -54.077492 20.593271 13.663162
v -53.947094 19.976471 14.479362
v -54.467094 18.785870 11.801562
v -54.075592 17.605970 13.772162
v -54.467094 17.059370 11.854562
v -53.275593 17.059370 11.854562
v -53.222992 17.603470 13.758462
v -53.207493 20.713572 9.890062
v -53.223892 20.711069 10.336263
v -53.223892 18.792971 10.351362
v -53.207493 18.795271 9.891162
v -54.591492 20.713572 9.890062
v -54.561592 20.711069 10.336263
v -54.591492 17.067871 9.892162
v -54.561592 17.065870 10.364862
v -54.561592 18.792971 10.351362
v -54.591492 18.795271 9.891162
v -53.207493 17.067871 9.892162
v -53.223892 17.065870 10.364862
v -76.221497 16.760071 4.060163
v -76.221497 13.653570 4.177063
v -73.079895 25.356672 2.095063
v -76.221497 16.760071 4.977463
v -76.221497 18.436571 4.914463
v -74.193497 23.670572 2.123763
v -76.221497 20.298470 4.844363
v -81.703896 20.298470 3.927063
v -76.221497 18.436571 3.997163
v -76.221497 13.653570 5.094363
v -79.223892 23.670572 3.041063
v -53.126694 19.976471 14.479362
v -138.282089 23.079073 1.646866
v -138.735397 22.980074 1.646866
v -137.372498 22.580675 1.646866
v -137.179993 22.752874 1.646866
v -137.477692 24.184473 1.646866
v -136.175095 23.773474 1.646866
v -136.175095 23.773474 -1.592934
v -137.477692 24.184473 -1.592934
v -137.420288 23.765375 1.646866
v -137.420288 23.765375 -1.592934
v -138.735397 22.980074 -1.592934
v -138.282089 23.079073 -1.592934
v -139.481491 22.092276 1.646866
v -139.481491 22.092276 -1.592934
v -138.334595 21.719873 -1.592934
v -138.334595 21.719873 1.646866
v -137.243988 19.933874 1.646866
v -137.672302 19.476873 1.646866
v -137.672302 19.476873 -1.592934
v -137.243988 19.933874 -1.592934
v -135.006897 22.111975 -1.592934
v -135.006897 22.111975 1.646865
v -135.183289 21.923773 1.646865
v -135.183289 21.923773 -1.592934
v -134.104095 23.130476 1.646865
v -134.104095 23.130476 -1.592934
v -137.179993 22.752874 -1.592934
v -137.372498 22.580675 -1.592934
v -138.142197 21.891973 1.646866
v -139.537491 22.323774 1.646866
v -137.949692 22.064173 1.646866
v -137.757294 22.236376 1.646866
v -139.136490 22.651873 1.646866
v -139.084290 22.422773 1.646866
v -137.564896 22.408476 1.646866
v -138.683197 22.750975 1.646866
v -137.933289 23.636374 1.646866
v -136.602798 23.269373 1.646866
v -136.410294 23.441473 1.646866
v -137.881088 23.407274 1.646866
v -138.334396 23.308176 1.646866
v -136.987595 22.924974 1.646866
v -136.795197 23.097174 1.646866
v -139.537491 22.323774 -1.592934
v -139.136490 22.651873 -1.592934
v -139.084290 22.422773 -1.592934
v -138.683197 22.750975 -1.592934
v -137.933289 23.636374 -1.592934
v -138.334396 23.308176 -1.592934
v -137.881088 23.407274 -1.592934
v -134.477692 22.676474 1.646865
v -134.477692 22.676474 -1.592934
v -134.301300 22.864676 -1.592934
v -134.301300 22.864676 1.646865
v -134.830490 22.300173 1.646865
v -134.830490 22.300173 -1.592934
v -134.654099 22.488276 -1.592934
v -134.654099 22.488276 1.646865
v -136.387390 20.847773 -1.592934
v -136.387390 20.847773 1.646866
v -136.815689 20.390776 1.646866
v -136.815689 20.390776 -1.592934
v -135.959000 21.304773 1.646866
v -135.959000 21.304773 -1.592934
v -138.142197 21.891973 -1.592934
v -137.949692 22.064173 -1.592934
v -137.757294 22.236376 -1.592934
v -137.564896 22.408476 -1.592934
v -136.602798 23.269373 -1.592934
v -136.410294 23.441473 -1.592934
v -136.987595 22.924974 -1.592934
v -136.795197 23.097174 -1.592934
v -30.075092 24.650469 3.828461
v -26.690296 24.650469 3.828461
v -26.690296 26.884970 3.102361
v -30.075092 26.884970 3.102361
v -26.690296 28.265871 1.201661
v -30.075092 28.265871 1.201661
v -26.690296 28.265871 -1.147739
v -30.075092 28.265871 -1.147739
v -26.690296 26.884970 -3.048439
v -30.075092 26.884970 -3.048439
v -26.690296 24.650469 -3.774539
v -30.075092 24.650469 -3.774539
v -26.690296 22.416071 -3.048439
v -30.075092 22.416071 -3.048439
v -26.690296 21.035070 -1.147739
v -30.075092 21.035070 -1.147739
v -26.690296 21.035070 1.201661
v -30.075092 21.035070 1.201661
v -26.690296 22.416071 3.102361
v -30.075092 22.416071 3.102361
v 11.717709 14.366566 -2.736241
v 11.717709 15.748167 -2.366041
v 15.856709 15.748167 -2.366041
v 15.856709 14.366566 -2.736241
v 11.717709 16.759567 -1.354641
v 15.856709 16.759567 -1.354641
v 11.717709 19.669367 -1.418641
v 11.717709 19.672266 0.026959
v 15.856709 19.672266 0.026959
v 15.856709 19.669367 -1.418641
v 11.717709 19.669367 1.472559
v 15.856709 19.669367 1.472559
v 15.856709 16.759567 1.408559
v 11.717709 16.759567 1.408559
v 11.717709 15.748167 2.419959
v 15.856709 15.748167 2.419959
v 11.717709 14.366566 2.790159
v 15.856709 14.366667 2.790159
v 11.717709 12.984966 2.419959
v 15.856709 12.984966 2.419959
v 11.717709 11.973566 1.408559
v 15.856709 11.973566 1.408559
v 11.717709 11.603367 0.026959
v 15.856709 11.603367 0.026959
v 11.717709 11.973566 -1.354641
v 15.856709 11.973566 -1.354641
v 11.717709 12.984966 -2.366041
v 15.856709 12.984966 -2.366041
v 11.717709 15.624666 2.205959
v 11.717709 16.545567 1.284959
v 11.717709 16.882668 0.026959
v 11.717709 13.108566 2.205959
v 11.717709 13.108566 -2.151941
v 11.717709 15.624666 -2.151941
v 11.717709 16.545567 -1.231041
v 11.717709 14.366566 -2.489041
v 11.717709 11.850567 0.026959
v 11.717709 12.187666 -1.231041
v 11.717709 12.187666 1.284959
v 11.717709 14.366566 2.542959
v 89.224808 14.366564 2.542956
v 89.224808 13.108564 2.205956
v 89.224808 12.187664 1.284956
v 89.224808 16.545565 1.284956
v 89.224808 14.366564 -2.489044
v 89.224808 12.187664 -1.231044
v 89.224808 11.850565 0.026956
v 89.224808 13.108564 -2.151944
v 89.224808 16.545565 -1.231044
v 89.224808 15.624664 -2.151944
v 89.224808 16.882666 0.026956
v 89.224808 15.624664 2.205956
v 15.856709 14.366566 -2.489041
v 15.856709 15.624666 -2.151941
v 15.856709 16.545567 -1.231041
v 15.856709 16.882668 0.026959
v 15.856709 16.545567 1.284959
v 15.856709 15.624666 2.205959
v 15.856709 14.366566 2.542959
v 15.856709 13.108566 2.205959
v 15.856709 12.187666 1.284959
v 15.856709 11.850567 0.026959
v 15.856709 12.187666 -1.231041
v 15.856709 13.108566 -2.151941
v 11.717709 17.129766 0.026959
v 15.856709 17.129766 0.026959
v 11.830807 23.783567 -3.640341
v 11.830807 25.617365 -3.148941
v 12.252804 25.650568 -3.206541
v 12.252804 23.783567 -3.706741
v 11.830807 26.959768 -1.806641
v 12.252804 27.017267 -1.839841
v 11.830807 27.451067 0.027159
v 12.252804 27.335566 0.026959
v 11.830807 26.959768 1.860859
v 12.252804 27.017267 1.894059
v 11.830807 25.617365 3.203259
v 12.252804 25.650568 3.260759
v 11.830807 23.783567 3.694659
v 12.252804 23.783667 3.761059
v 11.830807 21.949865 3.203259
v 12.252804 21.916666 3.260759
v 11.830807 20.607466 1.860859
v 12.252804 20.549967 1.894059
v 11.830807 20.116167 0.027159
v 12.252804 20.049767 0.027159
v 11.830807 20.607466 -1.806641
v 12.252804 20.549967 -1.839841
v 11.830807 21.949865 -3.148941
v 12.252804 21.916666 -3.206541
v 43.723804 23.780367 1.876258
v 43.723804 22.855768 1.628458
v 43.723804 22.178865 0.951558
v 43.723804 25.381968 0.951558
v 43.723804 23.780367 -1.822342
v 43.723804 22.178865 -0.897642
v 43.723804 21.931166 0.026958
v 43.723804 22.855768 -1.574542
v 43.723804 25.381968 -0.897642
v 43.723804 24.705065 -1.574542
v 43.723804 25.629667 0.026958
v 43.723804 24.705065 1.628458
v 14.064907 25.634768 -3.214041
v 14.135204 23.783567 -3.688441
v 14.065304 27.024267 -1.825041
v 14.109203 27.327166 0.026959
v 14.065304 27.024267 1.879359
v 14.051807 25.646967 3.262759
v 14.063702 23.783667 3.760459
v 14.055508 21.919466 3.262159
v 14.066303 20.543367 1.879959
v 14.109203 20.058567 0.027159
v 14.065304 20.542967 -1.825041
v 14.064907 21.932467 -3.214041
v 29.321606 23.780466 -3.267741
v 29.321606 25.427866 -2.826342
v 42.576801 25.376467 -2.737542
v 42.576801 23.780367 -3.165242
v 29.321606 26.633768 -1.620342
v 42.576801 26.544867 -1.569142
v 29.321606 27.075167 0.026958
v 42.576801 26.972567 0.026958
v 29.321606 26.633768 1.674358
v 42.576801 26.544867 1.623058
v 29.321606 25.427866 2.880358
v 42.576801 25.376467 2.791458
v 29.321606 23.780466 3.321759
v 42.576801 23.780367 3.219158
v 29.321606 22.133066 2.880358
v 42.576801 22.184366 2.791458
v 29.321606 20.927168 1.674358
v 42.576801 21.015867 1.623058
v 29.321606 20.485666 0.026958
v 42.576801 20.588266 0.026958
v 29.321606 20.927168 -1.620342
v 42.576801 21.015867 -1.569142
v 29.321606 22.133066 -2.826342
v 42.576801 22.184366 -2.737542
v 15.684505 24.164366 -2.926641
v 17.155209 24.160265 -2.926441
v 17.155209 23.783567 -2.925041
v 15.689503 23.783567 -2.924641
v 14.371304 27.025465 -1.822541
v 17.154804 27.046267 -1.767241
v 17.154804 25.586668 -3.233241
v 14.370808 25.632067 -3.215341
v 15.736202 26.686365 0.027159
v 17.155209 26.693766 0.027159
v 17.155209 26.692266 -0.357541
v 15.686802 26.692266 -0.362041
v 15.686802 26.692266 0.416259
v 17.155209 26.692266 0.411859
v 14.371304 27.025465 1.876859
v 14.355503 25.646368 3.263159
v 17.154804 25.633066 3.270059
v 17.154804 27.046267 1.821559
v 15.861004 23.783567 2.999659
v 17.158802 23.783567 2.999959
v 17.155209 24.166868 3.000559
v 15.686909 24.175367 3.000759
v 15.686909 23.391867 3.000759
v 17.155209 23.400366 3.000559
v 14.372402 20.542265 1.877659
v 17.156506 20.520468 1.738559
v 17.162006 21.818167 3.008659
v 14.359806 21.919867 3.262459
v 15.736202 20.880865 0.027159
v 17.155209 20.873468 0.027159
v 17.155209 20.874968 0.411859
v 15.686802 20.874968 0.416259
v 15.686802 20.874968 -0.362041
v 17.155209 20.874968 -0.357541
v 14.370808 21.935167 -3.215341
v 17.154804 21.980768 -3.233341
v 17.154804 20.520967 -1.767241
v 14.371304 20.541765 -1.822541
v 17.155209 23.406965 -2.926441
v 15.684505 23.402868 -2.926641
v 28.728405 24.563868 -2.606741
v 28.728405 23.780466 -2.602041
v 28.728405 22.997068 -2.606741
v 26.355503 22.133066 -2.826342
v 26.457607 22.997068 -2.606741
v 14.988804 22.989965 -3.007441
v 14.452908 23.783567 -3.685341
v 15.068005 23.783567 -2.976941
v 14.988804 24.577265 -3.007441
v 17.148106 24.545568 -3.005641
v 28.454105 26.345266 -0.725342
v 28.454105 26.517866 0.026958
v 26.355503 26.633768 -1.620342
v 26.404102 26.345266 -0.725342
v 15.281002 26.743067 -0.755041
v 14.422504 27.325666 0.026959
v 15.351208 26.895166 0.027159
v 15.281002 26.743067 0.809359
v 17.153507 26.743666 0.754859
v 28.454105 26.345266 0.779358
v 28.728405 24.563868 2.660758
v 28.533306 23.780466 2.690758
v 26.355503 25.427866 2.880358
v 26.593807 24.563868 2.660758
v 15.023205 24.601068 3.054959
v 14.369404 23.783567 3.760359
v 15.238102 23.783567 3.078859
v 15.023205 22.966166 3.054959
v 17.148106 23.017668 3.060759
v 28.728405 22.997068 2.660758
v 28.454105 21.215666 0.779358
v 28.454105 21.043066 0.026958
v 26.355503 20.927168 1.674358
v 26.404102 21.215666 0.779358
v 15.281002 20.824167 0.809359
v 14.422504 20.060066 0.027159
v 15.351208 20.672068 0.027159
v 15.281002 20.824167 -0.755041
v 17.153507 20.823568 -0.700641
v 28.454105 21.215666 -0.725342
v 27.997105 24.165865 -2.526242
v 27.973804 23.780466 -2.523442
v 27.997105 23.395067 -2.526242
v 26.344608 23.395067 -2.526242
v 27.997105 26.290167 -0.358342
v 27.997105 26.290968 0.026958
v 26.344608 26.290167 -0.358342
v 27.997105 26.290167 0.412358
v 27.997105 24.165865 2.598459
v 27.822506 23.780466 2.597158
v 26.344608 24.165865 2.598459
v 27.997105 23.395067 2.598459
v 27.997105 21.270765 0.412358
v 27.997105 21.269968 0.026958
v 26.344608 21.270765 0.412358
v 27.997105 21.270765 -0.358342
v 17.155209 24.188368 -2.654441
v 26.344608 24.165865 -2.526242
v 26.367908 23.780466 -2.523442
v 17.155209 23.783567 -2.651541
v 17.154804 26.780466 -1.703041
v 26.355503 25.427866 -2.826342
v 17.154804 25.513868 -2.969641
v 17.155209 26.420366 0.027159
v 26.344608 26.290968 0.026958
v 17.155209 26.419565 -0.377641
v 17.155209 26.419565 0.431959
v 26.344608 26.290167 0.412358
v 17.154804 25.513868 3.023959
v 26.355503 26.633768 1.674358
v 17.154804 26.780466 1.757359
v 17.155209 24.188368 2.727959
v 17.158802 23.783567 2.726559
v 26.216702 23.780466 2.597158
v 17.155209 23.378866 2.727959
v 26.344608 23.395067 2.598459
v 17.154804 20.786768 1.676459
v 26.355503 22.133066 2.880358
v 17.154804 22.053366 2.869459
v 17.155209 21.146868 0.027159
v 26.344608 21.269968 0.026958
v 17.155209 21.147665 0.431959
v 17.155209 21.147665 -0.377641
v 26.344608 21.270765 -0.358342
v 17.154804 22.053366 -2.969641
v 26.355503 20.927168 -1.620342
v 17.154804 20.786768 -1.703041
v 17.155209 23.378866 -2.654441
v 17.151905 23.021666 -3.005641
v 17.148106 24.606367 -2.739041
v 26.593807 24.563868 -2.606741
v 17.153507 26.743666 -0.700641
v 17.153507 26.477365 0.817359
v 26.404102 26.345266 0.779358
v 17.148106 24.549566 3.060759
v 17.148106 22.960867 2.793359
v 26.593807 22.997068 2.660758
v 17.153507 20.824465 0.751259
v 17.153507 21.089865 -0.763041
v 26.404102 21.215666 -0.725342
v 17.151905 22.960867 -2.739041
v 17.153507 26.477365 -0.763041
v 17.148106 24.606367 2.793359
v 17.153507 21.089865 0.817359
v 46.081806 14.460367 -2.973243
v 38.600506 14.460367 -2.973242
v 38.600506 15.960466 -2.571242
v 46.081806 15.960466 -2.571243
v 38.600506 17.058666 -1.094242
v 46.081806 17.058666 -1.094242
v 38.082806 22.581865 -1.094242
v 37.605701 22.584867 0.026958
v 43.566807 22.584867 0.026958
v 43.566807 22.581865 -1.094242
v 38.082806 22.581865 1.148158
v 43.566807 22.581865 1.148158
v 46.081806 17.058666 1.148158
v 38.600506 17.058666 1.148158
v 38.600506 15.960466 2.625258
v 46.081806 15.960466 2.625257
v 38.600506 14.460367 3.027158
v 46.081806 14.460367 3.027158
v 38.600506 12.960266 2.625258
v 46.081806 12.960266 2.625257
v 38.600506 11.862167 1.148158
v 46.081806 11.862167 1.148158
v 38.600506 11.460167 0.026958
v 46.081806 11.460167 0.026958
v 38.600506 11.862167 -1.094242
v 46.081806 11.862167 -1.094242
v 38.600506 12.960266 -2.571242
v 46.081806 12.960266 -2.571243
v 38.600506 17.460567 0.026958
v 51.588802 11.460165 0.026957
v 51.588802 11.862165 -1.094243
v 51.588802 12.960264 -2.571243
v 51.588802 12.960264 2.625257
v 51.588802 17.460566 0.026957
v 51.588802 15.960464 -2.571243
v 51.588802 14.460365 -2.973243
v 51.588802 17.058664 -1.094243
v 51.588802 15.960464 2.625257
v 51.588802 17.058664 1.148157
v 51.588802 14.460365 3.027157
v 51.588802 11.862165 1.148157
v 47.583805 15.960466 -2.571243
v 47.583805 14.460367 -2.973243
v 47.583805 17.058666 -1.094242
v 47.583805 17.460567 0.026958
v 47.583805 17.058666 1.148157
v 47.583805 15.960466 2.625257
v 47.583805 14.460367 3.027158
v 47.583805 12.960266 2.625257
v 47.583805 11.862167 1.148157
v 47.583805 11.460167 0.026958
v 47.583805 11.862167 -1.094242
v 47.583805 12.960266 -2.571243
v 39.897808 18.970867 -1.094242
v 39.420803 19.217066 0.026958
v 39.897808 18.970867 1.148158
v 43.357807 18.970867 1.148158
v 46.081806 17.460567 0.026958
v 43.357807 19.217066 0.026958
v 43.357807 18.970867 -1.094242
v 47.583805 7.328766 0.026958
v 51.588802 7.328764 0.026957
v 51.588802 7.334866 1.148257
v 47.583805 7.334867 1.148257
v 47.583805 7.334867 -1.094242
v 51.588802 7.334866 -1.094243
v 85.338806 9.367464 -0.705444
v 12.436909 9.367466 -0.705441
v 12.436909 9.733667 -0.607341
v 85.338806 9.733665 -0.607344
v 12.436909 10.001766 -0.339241
v 85.338806 10.001764 -0.339244
v 12.436909 10.099867 0.026959
v 85.338806 10.099865 0.026956
v 12.436909 10.001766 0.393159
v 85.338806 10.001764 0.393156
v 12.436909 9.733667 0.661259
v 85.338806 9.733665 0.661256
v 12.436909 9.367466 0.759359
v 85.338806 9.367464 0.759356
v 12.436909 9.001266 0.661259
v 85.338806 9.001265 0.661256
v 12.436909 8.733166 0.393159
v 85.338806 8.733164 0.393156
v 12.436909 8.635067 0.026959
v 85.338806 8.635065 0.026956
v 12.436909 8.733166 -0.339241
v 85.338806 8.733164 -0.339244
v 12.436909 9.001266 -0.607341
v 85.338806 9.001265 -0.607344
v 88.151794 9.367464 0.759356
v 88.151794 9.001265 0.661256
v 88.151794 8.733164 0.393156
v 88.151794 10.001764 0.393156
v 88.151794 9.367464 -0.705444
v 88.151794 8.733164 -0.339244
v 88.151794 8.635065 0.026956
v 88.151794 9.001265 -0.607344
v 88.151794 10.001764 -0.339244
v 88.151794 9.733665 -0.607344
v 88.151794 10.099865 0.026956
v 88.151794 9.733665 0.661256
v 85.338806 9.853065 -0.814144
v 88.151794 9.853065 -0.814144
v 88.151794 9.367464 -0.944244
v 85.338806 9.367464 -0.944244
v 85.338806 10.208565 -0.458644
v 88.151794 10.208565 -0.458644
v 85.338806 10.338665 0.026956
v 88.151794 10.338665 0.026956
v 85.338806 10.208565 0.512556
v 88.151794 10.208565 0.512556
v 85.338806 9.853065 0.868056
v 88.151794 9.853065 0.868056
v 85.338806 9.367464 0.998156
v 88.151794 9.367464 0.998156
v 85.338806 8.881865 0.868056
v 88.151794 8.881865 0.868056
v 85.338806 8.526365 0.512556
v 88.151794 8.526365 0.512556
v 85.338806 8.396265 0.026956
v 88.151794 8.396265 0.026956
v 85.338806 8.526365 -0.458644
v 88.151794 8.526365 -0.458644
v 85.338806 8.881865 -0.814144
v 88.151794 8.881865 -0.814144
v 87.720795 14.438864 -3.904244
v 87.720795 16.404465 -3.377544
v 94.461807 16.404463 -3.377544
v 94.461807 14.438862 -3.904244
v 87.720795 17.843365 -1.938644
v 94.461807 17.843363 -1.938645
v 87.720795 18.370064 0.026956
v 94.461807 18.370062 0.026956
v 87.720795 17.843365 1.992556
v 94.461807 17.843363 1.992555
v 87.720795 16.404465 3.431456
v 94.461807 16.404463 3.431456
v 87.720795 14.438864 3.958156
v 94.461807 14.438862 3.958156
v 87.720795 12.473265 3.431456
v 94.461807 12.473263 3.431456
v 87.720795 11.034365 1.992556
v 94.461807 11.034363 1.992555
v 87.720795 10.507765 0.026956
v 94.461807 10.507664 0.026956
v 87.720795 11.034365 -1.938644
v 94.461807 11.034363 -1.938645
v 87.720795 12.473265 -3.377544
v 94.461807 12.473263 -3.377544
v 87.720795 16.212065 3.098256
v 87.720795 17.510164 1.800156
v 87.720795 17.985264 0.026956
v 87.720795 12.665665 3.098256
v 87.720795 12.665665 -3.044244
v 87.720795 16.212065 -3.044244
v 87.720795 17.510164 -1.746244
v 87.720795 14.438864 -3.519444
v 87.720795 10.892466 0.026956
v 87.720795 11.367664 -1.746244
v 87.720795 11.367664 1.800156
v 87.720795 14.438864 3.573356
v 108.614807 14.438862 3.060355
v 108.614807 12.922163 2.653955
v 108.614807 11.811863 1.543655
v 108.614807 17.065863 1.543655
v 108.614807 14.438862 -3.006445
v 108.614807 11.811863 -1.489745
v 108.614807 11.405462 0.026955
v 108.614807 12.922163 -2.600045
v 108.614807 17.065863 -1.489745
v 108.614807 15.955563 -2.600045
v 108.614807 17.472263 0.026955
v 108.614807 15.955563 2.653955
v 94.461807 14.438862 -3.519444
v 94.461807 16.212063 -3.044244
v 108.614807 16.212063 -3.044245
v 108.614807 14.438862 -3.519445
v 94.461807 17.510162 -1.746245
v 108.614807 17.510162 -1.746245
v 94.461807 17.985262 0.026956
v 108.614807 17.985262 0.026955
v 94.461807 17.510162 1.800156
v 108.614807 17.510162 1.800155
v 94.461807 16.212063 3.098256
v 108.614807 16.212063 3.098255
v 94.461807 14.438862 3.573356
v 108.614807 14.438862 3.573355
v 94.461807 12.665663 3.098256
v 108.614807 12.665663 3.098255
v 94.461807 11.367662 1.800156
v 108.614807 11.367662 1.800155
v 94.461807 10.892464 0.026956
v 108.614807 10.892464 0.026955
v 94.461807 11.367662 -1.746245
v 108.614807 11.367662 -1.746245
v 94.461807 12.665663 -3.044244
v 108.614807 12.665663 -3.044245
v 115.505798 14.438862 -2.730445
v 115.505798 14.438862 -3.519445
v 115.505798 16.212063 -3.044245
v 115.505798 15.817562 -2.360945
v 115.505798 17.510162 -1.746246
v 115.505798 16.826862 -1.351745
v 115.505798 17.985262 0.026955
v 115.505798 17.196262 0.026955
v 115.505798 17.510162 1.800155
v 115.505798 16.826862 1.405655
v 115.505798 16.212063 3.098255
v 115.505798 15.817562 2.414955
v 115.505798 14.438862 3.573355
v 115.505798 14.438862 2.784355
v 115.505798 12.665663 3.098255
v 115.505798 13.060163 2.414955
v 115.505798 11.367662 1.800155
v 115.505798 12.050962 1.405655
v 115.505798 10.892464 0.026955
v 115.505798 11.681463 0.026955
v 115.505798 11.367662 -1.746246
v 115.505798 12.050962 -1.351745
v 115.505798 12.665663 -3.044245
v 115.505798 13.060163 -2.360945
v 112.552795 17.985262 0.026955
v 112.552795 17.510162 -1.746245
v 112.552795 17.510162 1.800155
v 112.552795 10.892464 0.026955
v 112.552795 11.367662 1.800155
v 112.552795 11.367662 -1.746245
v 112.552795 11.405462 0.026955
v 112.552795 11.811863 -1.489745
v 112.552795 11.811863 1.543655
v 112.552795 17.472263 0.026955
v 112.552795 17.065863 1.543655
v 112.552795 17.065863 -1.489745
v 112.552795 14.438862 -3.519445
v 112.552795 16.212063 -3.044245
v 112.552795 16.212063 3.098255
v 112.552795 14.438862 3.573355
v 112.552795 12.665663 3.098255
v 112.552795 12.665663 -3.044245
v 115.505798 15.658262 -2.085145
v 112.552795 15.658262 -2.085145
v 112.552795 14.438862 -2.411945
v 115.505798 14.438862 -2.411945
v 112.552795 13.219463 -2.085145
v 115.505798 13.219463 -2.085145
v 112.552795 12.326763 -1.192445
v 115.505798 12.326763 -1.192446
v 112.552795 11.999962 0.026955
v 115.505798 11.999962 0.026955
v 112.552795 12.326763 1.246355
v 115.505798 12.326763 1.246355
v 112.552795 13.219463 2.139055
v 115.505798 13.219463 2.139055
v 112.552795 14.438862 2.465855
v 115.505798 14.438862 2.465855
v 112.552795 15.658262 2.139055
v 115.505798 15.658262 2.139055
v 112.552795 16.550962 1.246355
v 115.505798 16.550962 1.246355
v 112.552795 16.877762 0.026955
v 115.505798 16.877762 0.026955
v 112.552795 16.550962 -1.192445
v 115.505798 16.550962 -1.192446
v 112.552795 15.955563 -2.600045
v 112.552795 14.438862 -3.006445
v 112.552795 12.922163 -2.600045
v 112.552795 12.922163 2.653955
v 112.552795 14.438862 3.060355
v 112.552795 15.955563 2.653955
v 117.652802 14.438862 -2.411946
v 117.652802 14.438862 -2.730446
v 117.652802 15.817562 -2.360946
v 117.652802 15.658262 -2.085145
v 117.652802 16.826862 -1.351745
v 117.652802 16.550962 -1.192446
v 117.652802 17.196262 0.026954
v 117.652802 16.877762 0.026954
v 117.652802 16.826862 1.405655
v 117.652802 16.550962 1.246355
v 117.652802 15.817562 2.414954
v 117.652802 15.658262 2.139054
v 117.652802 14.438862 2.784354
v 117.652802 14.438862 2.465854
v 117.652802 13.060163 2.414954
v 117.652802 13.219463 2.139054
v 117.652802 12.050962 1.405655
v 117.652802 12.326763 1.246355
v 117.652802 11.681463 0.026954
v 117.652802 11.999962 0.026954
v 117.652802 12.050962 -1.351745
v 117.652802 12.326763 -1.192446
v 117.652802 13.060163 -2.360946
v 117.652802 13.219463 -2.085145
v 117.461807 14.438862 -2.411946
v 117.551804 14.438862 -2.411946
v 117.551804 15.658262 -2.085145
v 117.461807 15.658262 -2.085145
v 117.461807 13.219463 -2.085145
v 117.551804 13.219463 -2.085145
v 117.461807 12.326763 -1.192446
v 117.551804 12.326763 -1.192446
v 117.461807 11.999962 0.026954
v 117.551804 11.999962 0.026954
v 117.461807 12.326763 1.246355
v 117.551804 12.326763 1.246355
v 117.461807 13.219463 2.139054
v 117.551804 13.219463 2.139054
v 117.461807 14.438862 2.465854
v 117.551804 14.438862 2.465854
v 117.461807 15.658262 2.139054
v 117.551804 15.658262 2.139054
v 117.461807 16.550962 1.246355
v 117.551804 16.550962 1.246355
v 117.461807 16.877762 0.026954
v 117.551804 16.877762 0.026954
v 117.461807 16.550962 -1.192446
v 117.551804 16.550962 -1.192446
v -52.144592 32.624168 4.428962
v -53.005795 32.393372 4.428962
v -53.636192 31.762972 4.428962
v -53.005795 29.410269 4.428962
v -53.866894 30.901869 4.428962
v -53.636192 30.040670 4.428962
v -50.456192 30.775370 4.428962
v -51.283493 29.410269 4.428962
v -52.144592 29.179571 4.428962
v -50.653091 30.040670 4.428962
v -50.653091 31.762972 4.428962
v -50.422295 30.901869 4.428962
v -51.283493 32.393372 4.428962
v -50.653091 31.762972 2.548162
v -50.422295 30.901869 2.548162
v -51.283493 32.393372 2.548162
v -52.144592 32.624168 2.548162
v -53.005795 32.393372 2.548162
v -53.636192 31.762972 2.548162
v -53.866894 30.901869 2.548162
v -53.636192 30.040670 2.548162
v -53.005795 29.410269 2.548162
v -52.144592 29.179571 2.548162
v -51.283493 29.410269 2.548162
v -50.653091 30.040670 2.548162
v -50.456192 30.775370 2.548162
v -50.422295 30.901869 0.026962
v -53.866894 30.901869 0.026962
v -50.653091 30.040670 0.026962
v -50.456192 30.775370 0.026962
v -53.636192 30.040670 0.026962
v -53.005795 29.410269 0.026962
v -52.144592 29.179571 0.026962
v -51.283493 29.410269 0.026962
v -53.005795 29.410269 -4.375038
v -53.636192 30.040670 -4.375038
v -53.866894 30.901869 -4.375038
v -52.144592 32.624168 -4.375038
v -53.636192 31.762972 -4.375038
v -53.005795 32.393372 -4.375038
v -50.456192 30.775370 -4.375038
v -50.653091 31.762972 -4.375038
v -51.283493 32.393372 -4.375038
v -50.422295 30.901869 -4.375038
v -51.283493 29.410269 -4.375038
v -50.653091 30.040670 -4.375038
v -52.144592 29.179571 -4.375038
v -50.653091 31.762972 -2.494238
v -50.422295 30.901869 -2.494238
v -51.283493 32.393372 -2.494238
v -52.144592 32.624168 -2.494238
v -53.005795 32.393372 -2.494238
v -53.636192 31.762972 -2.494238
v -53.866894 30.901869 -2.494238
v -53.636192 30.040670 -2.494238
v -53.005795 29.410269 -2.494238
v -52.144592 29.179571 -2.494238
v -51.283493 29.410269 -2.494238
v -50.653091 30.040670 -2.494238
v -50.456192 30.775370 -2.494238
v 75.068802 14.406965 -2.957644
v 75.068802 15.899265 -2.557744
v 78.686798 15.899265 -2.557744
v 78.686798 14.406965 -2.957644
v 75.068802 16.991764 -1.465344
v 78.686798 16.991764 -1.465344
v 78.686798 17.391565 0.026956
v 75.068802 17.391565 0.026956
v 75.068802 17.191664 0.773156
v 78.686798 17.191664 0.773156
v 78.686798 16.991764 1.519256
v 75.068802 16.991764 1.519256
v 75.068802 15.899265 2.611656
v 78.686798 15.899265 2.611656
v 75.068802 14.406965 3.011556
v 78.686798 14.406965 3.011556
v 75.068802 12.914665 2.611656
v 78.686798 12.914665 2.611656
v 75.068802 11.822266 1.519256
v 78.686798 11.822266 1.519256
v 78.686798 11.822266 -1.465344
v 75.068802 11.822266 -1.465344
v 75.068802 12.914665 -2.557744
v 78.686798 12.914665 -2.557744
v 75.068802 11.622265 -0.719144
v 75.068802 11.622265 0.773156
v 75.068802 11.422365 0.026956
v 87.719803 15.899265 2.611656
v 87.719803 14.406965 3.011556
v 87.719803 12.914665 2.611656
v 87.719803 17.191664 0.773156
v 87.719803 15.899265 -2.557744
v 87.719803 11.622265 -0.719144
v 87.719803 11.822266 1.519256
v 87.719803 11.622265 0.773156
v 87.719803 12.914665 -2.557744
v 87.719803 11.822266 -1.465344
v 87.719803 14.406965 -2.957644
v 87.719803 17.191664 -0.719144
v 87.719803 16.991764 -1.465344
v 87.719803 17.391565 0.026956
v 87.719803 16.991764 1.519256
v 79.986801 15.899265 -2.557744
v 79.986801 14.406965 -2.957644
v 79.986801 16.991764 -1.465344
v 82.374802 29.576262 0.026956
v 83.144806 29.576262 0.026956
v 83.144806 29.572363 -0.719144
v 82.374802 29.572363 -0.719144
v 83.698807 33.304863 1.519356
v 84.468796 33.304863 1.519356
v 84.468796 33.304863 1.129256
v 83.698807 33.304863 1.129256
v 79.986801 15.899265 2.611656
v 79.986801 16.991764 1.519256
v 79.986801 14.406965 3.011556
v 79.986801 12.914665 2.611656
v 79.986801 11.822266 1.519256
v 78.686798 11.422365 0.026956
v 79.986801 11.422365 0.026956
v 79.986801 11.622265 0.773156
v 78.686798 11.622265 0.773156
v 79.986801 11.822266 -1.465344
v 79.986801 11.622265 -0.719144
v 78.686798 11.622265 -0.719144
v 79.986801 12.914665 -2.557744
v 87.719803 19.333164 -0.719144
v 87.719803 19.497364 0.026956
v 86.283798 19.168964 -1.465344
v 87.719803 19.168964 -1.465344
v 86.167801 16.991764 -1.465344
v 79.358795 19.168964 -1.465344
v 78.686798 17.191664 -0.719144
v 79.358795 19.333164 -0.719144
v 79.358795 19.333164 0.773156
v 79.358795 19.497364 0.026956
v 79.358795 19.168964 1.519256
v 80.562805 19.168964 1.519256
v 87.719803 19.168964 1.519256
v 87.719803 19.333164 0.773156
v 87.719803 23.355364 -1.465344
v 87.719803 23.450762 -0.719144
v 80.652802 23.450861 -0.719144
v 80.652802 23.546263 0.026956
v 80.652802 23.355364 1.519256
v 80.652802 23.450861 0.773156
v 86.505798 23.355364 1.519256
v 86.283798 19.168964 1.519256
v 87.719803 23.355364 1.519256
v 87.719803 23.450762 0.773156
v 87.719803 23.546263 0.026956
v 87.719803 29.568464 -1.465344
v 87.719803 29.572363 -0.719144
v 82.374802 29.568464 1.519256
v 82.374802 29.572363 0.773156
v 86.801804 29.568464 1.519256
v 87.719803 29.568464 1.519256
v 87.719803 29.576262 0.026956
v 87.719803 29.572363 0.773156
v 86.167801 15.899265 -2.557744
v 86.167801 14.406965 -2.957644
v 85.019806 29.576262 0.026956
v 85.019806 29.572363 -0.719144
v 85.386795 33.304863 1.519356
v 85.386795 33.304863 1.129256
v 86.167801 15.899265 2.611656
v 86.167801 16.991764 1.519256
v 86.167801 14.406965 3.011556
v 86.167801 12.914665 2.611656
v 86.167801 11.822266 1.519256
v 86.167801 11.422365 0.026956
v 86.167801 11.622265 0.773156
v 86.167801 11.822266 -1.465344
v 86.167801 11.622265 -0.719144
v 86.167801 12.914665 -2.557744
v 80.562805 19.168964 -1.465344
v 81.669800 23.355364 1.519256
v 83.144806 29.568464 -1.465344
v 85.019806 29.568464 -1.465344
v 84.148804 23.355364 -1.465344
v 81.669800 23.355364 -1.465344
v 83.144806 29.568464 1.519256
v 85.019806 29.568464 1.519256
v 84.148804 23.355364 1.519256
v 86.801804 29.576262 0.026956
v 86.801804 29.572363 -0.719144
v 86.478806 33.304863 1.519356
v 87.396805 33.304863 1.519356
v 87.396805 33.304863 1.129256
v 86.478806 33.304863 1.129256
v 87.719803 11.422365 0.026956
v 86.505798 23.355364 -1.465344
v 86.801804 29.568464 -1.465344
v 83.144806 29.572363 0.773156
v 86.801804 29.572363 0.773156
v 85.019806 29.572363 0.773156
v 75.068802 17.191664 -0.719144
v 80.652802 23.355364 -1.465344
v 82.374802 29.568464 -1.465344
v 85.386795 33.304863 -1.073844
v 86.478806 33.304863 -1.073844
v 86.478806 33.304863 -1.465444
v 85.386795 33.304863 -1.465444
v 87.396805 33.304863 -1.073844
v 87.396805 33.304863 -1.465444
v 83.144806 30.487463 2.209956
v 82.374802 30.487463 2.209956
v 85.019806 30.487463 2.209956
v 87.719803 30.487463 2.209956
v 86.801804 30.487463 2.209956
v 87.719803 30.489462 1.446956
v 86.801804 30.489462 1.446956
v 85.019806 30.489462 1.446956
v 82.374802 30.489462 1.446956
v 83.144806 30.489462 1.446956
v 86.801804 30.487463 -2.158444
v 87.719803 30.487463 -2.158444
v 85.019806 30.487463 -2.158444
v 82.374802 30.487463 -2.158444
v 83.144806 30.487463 -2.158444
v 82.374802 30.489462 -1.395444
v 83.144806 30.489462 -1.395444
v 85.019806 30.489462 -1.395444
v 87.719803 30.489462 -1.395444
v 86.801804 30.489462 -1.395444
v 83.036804 32.355659 2.209956
v 82.588806 31.406462 2.521556
v 83.199799 31.406462 2.521556
v 83.806808 32.355659 2.209956
v 85.019806 31.406462 2.521556
v 85.202805 32.355659 2.209956
v 87.557800 32.355659 2.209956
v 86.639801 32.355659 2.209956
v 86.750809 31.406462 2.521556
v 87.641800 31.406462 2.521556
v 87.641800 31.406561 1.873756
v 87.557800 32.355766 1.641756
v 86.750809 31.406561 1.873756
v 86.639801 32.355766 1.641756
v 85.202805 32.355766 1.641756
v 85.019806 31.406561 1.873756
v 83.036804 32.355659 1.641756
v 83.806808 32.355659 1.641756
v 83.199799 31.406561 1.873756
v 82.588806 31.406561 1.873756
v 87.557800 32.355659 -2.158444
v 87.641800 31.406462 -2.472344
v 86.750809 31.406462 -2.472344
v 86.639801 32.355659 -2.158444
v 85.202805 32.355659 -2.158444
v 85.019806 31.406462 -2.472344
v 83.036804 32.355659 -2.158444
v 83.806808 32.355659 -2.158444
v 83.199799 31.406462 -2.472344
v 82.588806 31.406462 -2.472344
v 82.588806 31.406561 -1.824544
v 83.036804 32.355766 -1.589344
v 83.199799 31.406561 -1.824544
v 83.806808 32.355766 -1.589344
v 85.019806 31.406561 -1.824544
v 85.202805 32.355766 -1.589344
v 87.557800 32.355766 -1.589344
v 86.639801 32.355766 -1.589344
v 86.750809 31.406561 -1.824544
v 87.641800 31.406561 -1.824544
v 84.468796 33.304863 -1.465444
v 83.698807 33.304863 -1.465444
v 83.698807 33.304863 -1.073844
v 84.468796 33.304863 -1.073844
v 75.068802 10.196064 1.519256
v 75.068802 10.066965 0.773156
v 75.068802 10.066965 -0.719144
v 75.068802 9.937864 0.026956
v 75.068802 10.196064 -1.465344
v 78.686798 10.196064 -1.465344
v 78.686798 10.066965 -0.719144
v 78.686798 10.066965 0.773156
v 78.686798 9.937864 0.026956
v 78.686798 10.196064 1.519256
v 75.068802 8.220264 0.773156
v 75.068802 8.175264 0.026956
v 78.686798 8.220264 -0.719144
v 78.686798 8.175264 0.026956
v 75.068802 7.307865 0.773156
v 75.068802 7.304365 0.026956
v 75.068802 8.220264 -0.719144
v 75.068802 8.265265 -1.465344
v 75.068802 7.311264 -1.465344
v 75.068802 7.307865 -0.719144
v 78.686798 8.265265 -1.465344
v 78.686798 7.311264 -1.465344
v 78.686798 7.307865 -0.719144
v 78.686798 7.304365 0.026956
v 78.686798 8.220264 0.773156
v 78.686798 8.265265 1.519256
v 78.686798 7.311264 1.519256
v 78.686798 7.307865 0.773156
v 75.068802 8.265265 1.519256
v 75.068802 7.311264 1.519256
v 84.499802 29.428965 -0.344944
v 84.499802 29.428965 0.398856
v 84.499802 31.838762 0.398856
v 84.499802 31.838762 -0.344944
v 86.048798 29.428965 0.398856
v 86.048798 29.428965 -0.344944
v 86.048798 31.838762 -0.344944
v 86.048798 31.838762 0.398856
v 84.677795 32.771660 -0.210144
v 84.677795 32.771660 0.264056
v 85.871796 32.771660 0.264056
v 85.871796 32.771660 -0.210144
v 84.677795 31.838762 0.264056
v 84.677795 31.838762 -0.210144
v 85.871796 31.838762 0.264056
v 85.871796 31.838762 -0.210144
v 84.961807 26.217264 1.736356
v 84.961807 27.066061 1.705356
v 84.537796 26.952261 1.705156
v 84.226807 26.641462 1.705156
v 84.112808 26.216963 1.705156
v 84.226807 25.792364 1.705256
v 84.537796 25.481562 1.705456
v 84.961807 25.367865 1.705656
v 85.386795 25.481562 1.705856
v 85.697800 25.792364 1.705956
v 85.811798 26.216963 1.705856
v 85.697800 26.641462 1.705756
v 85.386795 26.952261 1.705556
v 84.963806 27.669962 1.623356
v 84.236801 27.475164 1.623056
v 83.704803 26.942965 1.622956
v 83.510803 26.216063 1.622956
v 83.704803 25.489164 1.623256
v 84.236801 24.956964 1.623556
v 84.963806 24.762262 1.623856
v 85.690796 24.956964 1.624156
v 86.223801 25.489164 1.624356
v 86.417801 26.216063 1.624256
v 86.223801 26.942965 1.624056
v 85.690796 27.475164 1.623656
v 84.117798 27.685564 1.505756
v 84.966797 27.913061 1.506056
v 83.496796 27.063963 1.505556
v 83.268799 26.214861 1.505656
v 83.496796 25.365763 1.505856
v 84.117798 24.744162 1.506256
v 84.966797 24.516665 1.506656
v 85.815796 24.744162 1.507056
v 86.437805 25.365763 1.507156
v 86.664795 26.214861 1.507056
v 86.437805 27.063963 1.506856
v 85.815796 27.685564 1.506456
v -182.744202 17.733875 0.026968
v -213.104202 18.404676 0.026969
v -212.781204 17.466677 2.617469
v -182.477188 16.574276 2.454268
v -182.077194 12.976376 4.226168
v -213.891205 14.201979 4.791369
v -214.979202 8.541079 6.111369
v -181.705200 8.635376 4.913968
v -214.559204 2.198877 6.016069
v -181.568192 4.000676 4.815268
v -214.883194 -5.971423 5.650469
v -181.869202 -1.461324 4.504467
v -214.838196 -11.766522 4.756869
v -181.672195 -5.045024 3.815668
v -181.625198 -7.293725 2.391968
v -214.885193 -15.309523 2.712469
v -214.513199 -16.840822 0.026969
v -181.283188 -8.394424 0.026968
v -172.374191 17.561075 0.026967
v -172.079193 16.386877 2.336367
v -171.885193 13.095877 3.953167
v -167.799194 17.070875 0.026967
v -167.825195 16.321274 2.009467
v -171.381195 9.202576 4.550767
v -167.864197 13.037674 4.018767
v -171.501190 5.838976 4.522567
v -168.018188 9.540073 4.654967
v -171.956192 0.659475 4.245167
v -167.843201 6.294174 4.618467
v -171.852188 -2.851925 3.622867
v -171.793198 -4.977825 2.258567
v -171.252197 -5.850225 0.026967
v -167.969193 1.532576 4.270267
v -168.228195 -1.929925 3.643967
v -168.059189 -3.976525 2.352667
v -167.685196 -4.970125 0.026967
v -164.011200 15.792974 0.026967
v -163.904190 14.989874 2.275067
v -164.282196 12.434074 4.100467
v -164.350189 9.476274 4.819867
v -164.320190 6.774574 4.907067
v -164.223190 2.040276 4.430767
v -163.932190 -1.131724 3.764267
v -163.791199 -3.065225 2.314367
v -163.838196 -4.028825 0.026967
v -157.720001 12.633974 4.249567
v -157.757095 14.460175 2.607767
v -157.827988 15.075274 0.026967
v -152.053589 15.224474 2.549066
v -152.426392 15.499374 0.026966
v -151.433395 14.227974 4.234766
v -157.716797 9.945475 5.017467
v -157.708298 7.323174 5.185966
v -157.523895 3.374974 4.827366
v -157.278091 0.237374 4.178866
v -157.216293 -1.483126 2.741266
v -150.731598 -0.185125 3.170066
v -150.989197 1.172774 4.420466
v -151.285202 4.674974 5.010066
v -151.421997 7.896675 5.205866
v -151.414200 11.135075 5.143166
v -141.284302 13.484474 5.187665
v -141.342590 16.273474 4.879666
v -234.019196 -16.838923 0.026970
v -234.117203 -15.386122 2.826970
v -234.517197 -15.524221 3.045770
v -234.544205 -17.314423 0.026970
v -234.093201 -11.043222 5.026370
v -234.553192 -11.082122 5.158770
v -234.002197 -5.678422 5.882770
v -234.338196 -5.458222 5.887970
v -233.780197 1.822778 6.288370
v -234.081192 1.855278 6.367270
v -233.516205 7.788078 6.297070
v -233.850204 7.863178 6.346770
v -233.304199 15.091679 4.599670
v -233.769196 15.243778 4.767470
v -233.222198 18.306877 1.970270
v -233.723206 18.771778 2.100670
v -233.248199 18.846378 0.026970
v -233.660202 19.338379 0.026970
v -236.817200 -5.262322 5.973970
v -236.501205 1.996778 6.365570
v -236.272202 8.016079 6.346170
v -236.906204 -10.968922 5.213070
v -236.106201 15.232378 4.766470
v -236.375198 8.010378 4.977070
v -236.605194 1.849278 5.156670
v -236.772202 -5.266622 5.187970
v -236.898193 -15.575022 3.120070
v -236.038193 18.795479 2.069370
v -236.606201 2.028178 2.287370
v -236.727203 -5.270822 2.632670
v -236.403198 8.008879 2.209570
v -236.854202 -17.363722 0.026970
v -236.697205 -5.273622 0.026970
v -236.603195 2.010878 0.026970
v -236.033203 19.374977 0.026970
v -236.406204 8.008678 0.026970
v -141.226395 9.565575 5.186565
v -141.369598 17.006674 2.550666
v -141.307495 16.964174 0.026966
v -141.059402 1.686975 4.039066
v -141.089798 3.536775 4.954165
v -151.441299 -1.084926 0.026966
v -141.028900 1.302474 0.026966
v -141.149200 6.502874 5.113166
v -231.608200 -17.570822 0.026970
v -231.426193 -15.996822 2.997470
v -222.228195 -16.655724 2.689569
v -222.525192 -18.201422 0.026969
v -226.903198 -16.491022 3.067269
v -227.146194 -18.255922 0.026970
v -221.937195 -12.567722 4.912169
v -231.207199 -11.398922 5.153670
v -226.824203 -11.798522 5.204669
v -230.981201 -6.015722 5.883370
v -221.780197 -7.299323 5.750469
v -226.580200 -6.396822 5.867169
v -221.657196 0.575677 6.140569
v -230.836197 1.251678 6.259570
v -226.486206 1.132778 6.219470
v -221.641205 7.046978 6.228270
v -230.588196 7.462278 6.296170
v -226.022202 7.076878 6.275670
v -221.300201 13.769678 5.063270
v -230.678192 14.601978 4.813170
v -226.139206 14.420378 4.858769
v -230.869202 18.108778 2.258370
v -221.073196 17.711477 2.572869
v -225.764206 17.827778 2.547570
v -226.028198 18.690277 0.026970
v -230.962204 18.799278 0.026970
v -220.876205 18.567678 0.026969
v -157.395691 -2.463726 0.026967
v -182.477188 16.574276 -2.400332
v -212.781204 17.466677 -2.563531
v -182.077194 12.976376 -4.172233
v -213.891205 14.201979 -4.737431
v -181.705200 8.635376 -4.860033
v -214.979202 8.541079 -6.057431
v -181.568192 4.000676 -4.761333
v -214.559204 2.198877 -5.962131
v -181.869202 -1.461324 -4.450532
v -214.883194 -5.971423 -5.596531
v -181.672195 -5.045024 -3.761733
v -214.838196 -11.766522 -4.702931
v -181.625198 -7.293725 -2.338032
v -214.885193 -15.309523 -2.658531
v -172.079193 16.386877 -2.282433
v -171.885193 13.095877 -3.899233
v -167.825195 16.321274 -1.955533
v -171.381195 9.202576 -4.496833
v -167.864197 13.037674 -3.964833
v -171.501190 5.838976 -4.468633
v -168.018188 9.540073 -4.601033
v -171.956192 0.659475 -4.191233
v -167.843201 6.294174 -4.564533
v -171.852188 -2.851925 -3.568933
v -171.793198 -4.977825 -2.204633
v -167.969193 1.532576 -4.216333
v -168.228195 -1.929925 -3.590033
v -168.059189 -3.976525 -2.298733
v -163.904190 14.989874 -2.221133
v -164.282196 12.434074 -4.046533
v -164.350189 9.476274 -4.765933
v -164.320190 6.774574 -4.853133
v -164.223190 2.040276 -4.376833
v -163.932190 -1.131724 -3.710333
v -163.791199 -3.065225 -2.260433
v -157.757095 14.460175 -2.553833
v -157.720001 12.633974 -4.195633
v -152.053589 15.224474 -2.495134
v -151.433395 14.227974 -4.180834
v -157.716797 9.945475 -4.963533
v -157.708298 7.323174 -5.132033
v -157.523895 3.374974 -4.773433
v -157.278091 0.237374 -4.124933
v -157.216293 -1.483126 -2.687333
v -150.989197 1.172774 -4.366534
v -150.731598 -0.185125 -3.116134
v -151.285202 4.674974 -4.956134
v -151.421997 7.896675 -5.151934
v -151.414200 11.135075 -5.089234
v -141.342590 16.273474 -4.825735
v -141.284302 13.484474 -5.133734
v -234.517197 -15.524221 -2.991830
v -234.117203 -15.386122 -2.773030
v -234.553192 -11.082122 -5.104830
v -234.093201 -11.043222 -4.972430
v -234.338196 -5.458222 -5.834030
v -234.002197 -5.678422 -5.828830
v -234.081192 1.855278 -6.313330
v -233.780197 1.822778 -6.234430
v -233.850204 7.863178 -6.292830
v -233.516205 7.788078 -6.243130
v -233.769196 15.243778 -4.713530
v -233.304199 15.091679 -4.545730
v -233.723206 18.771778 -2.046730
v -233.222198 18.306877 -1.916330
v -236.817200 -5.262322 -5.920030
v -236.501205 1.996778 -6.311630
v -236.272202 8.016079 -6.292230
v -236.906204 -10.968922 -5.159130
v -236.375198 8.010378 -4.923130
v -236.106201 15.232378 -4.712530
v -236.772202 -5.266622 -5.134030
v -236.605194 1.849278 -5.102730
v -236.898193 -15.575022 -3.066130
v -236.038193 18.795479 -2.015430
v -236.727203 -5.270822 -2.578730
v -236.606201 2.028178 -2.233430
v -236.403198 8.008879 -2.155630
v -141.226395 9.565575 -5.132634
v -141.369598 17.006674 -2.496734
v -141.089798 3.536775 -4.900234
v -141.059402 1.686975 -3.985135
v -141.149200 6.502874 -5.059235
v -231.426193 -15.996822 -2.943530
v -222.228195 -16.655724 -2.635631
v -226.903198 -16.491022 -3.013330
v -221.937195 -12.567722 -4.858231
v -231.207199 -11.398922 -5.099730
v -226.824203 -11.798522 -5.150731
v -230.981201 -6.015722 -5.829430
v -221.780197 -7.299323 -5.696530
v -226.580200 -6.396822 -5.813231
v -221.657196 0.575677 -6.086630
v -230.836197 1.251678 -6.205630
v -226.486206 1.132778 -6.165531
v -221.641205 7.046978 -6.174331
v -230.588196 7.462278 -6.242230
v -226.022202 7.076878 -6.221731
v -221.300201 13.769678 -5.009331
v -230.678192 14.601978 -4.759230
v -226.139206 14.420378 -4.804831
v -230.869202 18.108778 -2.204430
v -221.073196 17.711477 -2.518931
v -225.764206 17.827778 -2.493631
v -44.939194 5.203571 5.741062
v -44.939194 17.314970 5.741062
v -141.745300 17.469173 5.741066
v -141.745300 0.950375 5.741066
v -141.745300 0.950375 0.026966
v -44.939194 5.203571 0.026962
v -44.939194 17.314970 0.026962
v -141.745300 17.469173 0.026966
v -141.745300 17.469173 -5.687134
v -44.939194 17.314970 -5.687138
v -44.939194 5.203571 -5.687138
v -141.745300 0.950375 -5.687134
v -48.359394 19.090170 -5.734938
v -48.359795 19.610170 -5.646038
v -48.099792 19.540470 -5.645538
v -47.909393 19.350071 -5.645338
v -47.839695 19.089970 -5.645438
v -47.909393 18.829971 -5.645838
v -48.099693 18.639570 -5.646338
v -48.359795 18.569870 -5.646938
v -48.619896 18.639570 -5.647438
v -48.810295 18.829971 -5.647638
v -48.879993 19.089970 -5.647538
v -48.810295 19.350071 -5.647238
v -48.619896 19.540470 -5.646638
v -48.361095 19.990370 -5.404238
v -47.910595 19.869671 -5.403338
v -47.580795 19.539970 -5.403038
v -47.460094 19.089470 -5.403138
v -47.580795 18.638971 -5.403838
v -47.910595 18.309271 -5.404738
v -48.361095 18.188570 -5.405838
v -48.811493 18.309271 -5.406638
v -49.141296 18.638971 -5.407038
v -49.261993 19.089470 -5.406838
v -49.141296 19.539970 -5.406238
v -48.811493 19.869671 -5.405238
v -48.362694 20.129070 -5.074138
v -47.842594 19.989670 -5.073238
v -47.461792 19.608870 -5.072738
v -47.322395 19.088770 -5.072938
v -47.461792 18.568571 -5.073738
v -47.842594 18.187771 -5.074838
v -48.362694 18.048470 -5.076038
v -48.882896 18.187771 -5.076938
v -49.263695 18.568571 -5.077438
v -49.402992 19.088770 -5.077238
v -49.263695 19.608870 -5.076438
v -48.882896 19.989670 -5.075338
v -48.366093 19.090170 5.788862
v -48.365692 19.610170 5.699962
v -48.625694 19.540470 5.699462
v -48.816093 19.350071 5.699262
v -48.885792 19.089970 5.699362
v -48.816093 18.829971 5.699762
v -48.625694 18.639570 5.700262
v -48.365692 18.569870 5.700862
v -48.105591 18.639570 5.701362
v -47.915192 18.829971 5.701562
v -47.845493 19.089970 5.701462
v -47.915192 19.350071 5.701162
v -48.105591 19.540470 5.700562
v -48.364395 19.990370 5.458162
v -48.814892 19.869671 5.457262
v -49.144691 19.539970 5.456962
v -49.265392 19.089470 5.457062
v -49.144691 18.638971 5.457762
v -48.814892 18.309271 5.458662
v -48.364395 18.188570 5.459762
v -47.913994 18.309271 5.460562
v -47.584194 18.638971 5.460962
v -47.463493 19.089470 5.460762
v -47.584194 19.539970 5.460162
v -47.913994 19.869671 5.459162
v -48.362694 20.129070 5.128062
v -48.882893 19.989670 5.127162
v -49.263695 19.608870 5.126662
v -49.402992 19.088770 5.126862
v -49.263695 18.568571 5.127662
v -48.882893 18.187771 5.128762
v -48.362694 18.048470 5.129962
v -47.842594 18.187771 5.130862
v -47.461792 18.568571 5.131362
v -47.322395 19.088770 5.131162
v -47.461792 19.608870 5.130362
v -47.842594 19.989670 5.129262
v -31.224993 29.493269 6.202261
v -31.224493 30.029871 6.148561
v -31.492893 29.957972 6.148261
v -31.689293 29.761469 6.148061
v -31.761192 29.493071 6.148161
v -31.689293 29.224771 6.148361
v -31.492893 29.028269 6.148761
v -31.224493 28.956369 6.149061
v -30.956093 29.028269 6.149361
v -30.759693 29.224771 6.149461
v -30.687794 29.493071 6.149461
v -30.759693 29.761469 6.149261
v -30.956093 29.957972 6.148861
v -31.223192 30.422171 6.002261
v -31.687994 30.297670 6.001761
v -32.028294 29.957369 6.001561
v -32.152893 29.492571 6.001661
v -32.028294 29.027769 6.002061
v -31.688093 28.687471 6.002661
v -31.223192 28.562872 6.003261
v -30.758392 28.687471 6.003761
v -30.418093 29.027769 6.003961
v -30.293592 29.492571 6.003861
v -30.418093 29.957369 6.003461
v -30.758392 30.297670 6.002861
v -31.221493 30.565271 5.802661
v -31.758194 30.421469 5.802161
v -32.151093 30.028570 5.801861
v -32.294991 29.491770 5.801961
v -32.151093 28.955069 5.802461
v -31.758194 28.562170 5.803061
v -31.221493 28.418371 5.803861
v -30.684793 28.562170 5.804361
v -30.291794 28.955069 5.804661
v -30.147993 29.491770 5.804561
v -30.291794 30.028570 5.804061
v -30.684692 30.421469 5.803361
v -141.172089 16.694874 -5.380534
v -135.948395 16.694874 -5.380534
v -136.067902 16.567474 -5.391035
v -141.318802 16.567474 -5.391035
v -136.067902 16.567474 5.444966
v -135.948395 16.694874 5.434465
v -141.172089 16.694874 5.434465
v -141.318802 16.567474 5.444966
v -136.064194 16.567373 1.215166
v -141.619095 16.574675 1.194166
v -141.619095 16.574675 -1.140234
v -136.064194 16.567373 -1.161234
v -52.797993 16.636171 -1.208538
v -52.853092 18.815969 -1.201738
v -52.853092 18.815969 1.255762
v -52.797993 16.636171 1.262462
v -131.503387 26.943674 -0.560435
v -133.017090 25.551775 -0.660535
v -133.017090 25.551775 0.773665
v -131.503387 26.943674 0.673665
v -133.537094 23.627974 -3.467135
v -129.915100 23.627974 -3.467135
v -130.947800 21.914873 -4.142235
v -135.367691 21.914873 -4.142234
v -52.905792 21.887869 -0.918438
v -52.905792 23.624670 -0.764838
v -52.905792 23.624670 0.818762
v -52.905792 21.887869 0.972362
v -137.922195 20.934072 1.182766
v -136.739899 21.913275 0.907666
v -136.739899 21.913275 -0.794434
v -137.922195 20.934072 -1.128434
v -132.183502 20.935774 -5.338534
v -136.549988 20.935774 -5.338434
v -52.905792 20.907869 -1.197338
v -52.905792 20.907869 1.251262
v -139.729492 18.799374 -1.133534
v -141.505295 16.701775 -1.138034
v -141.505295 16.701775 1.191966
v -139.729492 18.799374 1.187466
v -134.909088 23.626375 -0.656635
v -134.909088 23.626375 0.769765
v -130.128799 26.710875 -2.997635
v -126.953293 26.710875 -2.997635
v -128.493393 25.553175 -3.486635
v -131.645493 25.553175 -3.486635
v -52.905792 26.904871 -0.656938
v -52.905792 28.219572 -0.431238
v -52.905792 28.219572 0.485262
v -52.905792 26.904871 0.710862
v -138.881393 18.796675 -5.359735
v -139.729492 18.799374 -4.988134
v -137.922195 20.934072 -4.966734
v -141.505295 16.701775 5.061466
v -141.619095 16.574675 5.071166
v -136.549988 20.935774 5.354966
v -135.367691 21.914873 4.196166
v -136.739899 21.913275 3.734466
v -137.922195 20.934072 4.983566
v -133.537003 23.627974 3.521065
v -134.909088 23.626375 3.138666
v -131.645493 25.553175 3.540565
v -130.128799 26.710875 3.051565
v -131.503387 26.706575 2.723165
v -133.017090 25.551775 3.155565
v -129.776199 27.977076 -0.357935
v -129.776199 27.977076 0.471165
v -128.311890 28.288374 0.497465
v -128.311890 28.288374 -0.443535
v -131.503387 26.706575 -2.610035
v -129.776199 27.512075 -1.734835
v -128.311890 27.823374 -2.006435
v -134.909088 23.626375 -3.025534
v -133.017090 25.551775 -3.042335
v -136.739899 21.913275 -3.621234
v -141.619095 16.574675 -5.017234
v -141.619095 16.574675 2.970366
v -136.064194 16.567373 3.023166
v -52.905792 25.597769 0.822962
v -52.905792 25.841871 -0.769038
v -86.676193 28.309969 -0.443537
v -87.526291 28.914572 -0.443537
v -87.526291 28.914572 0.497463
v -86.676193 28.309969 0.497463
v -86.686195 21.914869 4.196163
v -86.686195 23.627970 3.521064
v -87.526794 23.627970 3.521064
v -87.526894 21.914869 4.196163
v -86.707596 19.315472 5.354963
v -87.548195 19.315472 5.354963
v -86.676193 27.844969 2.060364
v -87.526291 28.449572 2.060364
v -87.526489 27.337069 3.051564
v -86.676392 26.732470 3.051564
v -86.676590 25.574770 3.540564
v -87.526695 26.179369 3.540564
v -53.030693 26.710871 -2.997638
v -52.905895 26.667772 -2.928538
v -52.905792 25.841871 -3.413138
v -53.042194 25.858370 -3.486638
v -53.019493 28.288370 -0.443538
v -53.019493 28.288370 0.497462
v -52.905891 27.754572 2.007262
v -53.019592 27.823271 2.060362
v -53.030693 26.710871 3.051562
v -52.905891 26.667669 2.982462
v -53.638695 16.567471 -1.161238
v -53.638695 16.567471 1.215162
v -53.053093 21.914869 -4.142238
v -52.905792 21.887869 -4.058538
v -52.905792 20.907869 -5.263738
v -53.061394 20.935770 -5.338438
v -53.049194 23.627970 -3.467138
v -52.905792 23.624670 -3.394938
v -134.082489 18.796675 -5.359735
v -87.546097 18.799171 3.419263
v -87.545296 18.652073 3.293864
v -86.704590 18.652073 3.293864
v -86.705490 18.799171 3.419263
v -141.505295 16.701775 -5.007535
v -138.881393 18.796675 5.395066
v -139.729492 18.799374 5.023466
v -112.178993 16.567472 -5.391036
v -112.177597 16.694872 -5.380535
v -111.134796 16.694872 -5.380535
v -111.134895 16.567472 -5.391036
v -112.177597 16.694872 5.434464
v -112.178993 16.567472 5.444965
v -111.134895 16.567472 5.444965
v -111.134796 16.694872 5.434464
v -112.179794 16.567371 -1.161235
v -111.135094 16.567371 -1.161235
v -111.135094 16.567371 1.215165
v -112.179794 16.567371 1.215165
v -112.108994 23.621473 -3.467136
v -111.131592 23.633673 -3.467136
v -111.131897 21.920675 -4.142235
v -112.116295 21.908476 -4.142235
v -111.133095 20.935774 -5.338435
v -112.131500 20.935774 -5.338435
v -111.127296 27.835573 -2.006436
v -111.128197 26.722876 -2.997636
v -112.078995 27.117975 -2.997636
v -112.058495 28.230474 -2.006436
v -111.129196 25.564974 -3.486636
v -112.100395 25.960276 -3.486636
v -112.058495 28.695475 -0.443535
v -112.966095 28.300776 -0.443535
v -112.966095 28.300776 0.497465
v -112.058495 28.695475 0.497465
v -112.971100 21.921473 4.196165
v -112.116295 21.908476 4.196165
v -112.108994 23.621473 3.521065
v -112.970291 23.634474 3.521065
v -112.131500 20.935774 5.354965
v -112.972092 20.935774 5.354965
v -112.966095 27.835775 2.060365
v -112.968491 26.723475 3.051565
v -112.078995 27.117975 3.051564
v -112.058495 28.230375 2.060364
v -112.977394 16.567472 5.444965
v -112.977493 16.567371 3.023165
v -112.179794 16.567371 3.023165
v -112.970993 25.566072 3.540565
v -112.100395 25.960276 3.540565
v -112.154694 18.796673 -5.359735
v -111.133995 18.796673 -5.359735
v -112.154694 18.796673 5.395065
v -112.974693 18.796673 5.395065
v -111.127296 28.300573 -0.443536
v -111.127296 28.300573 0.497464
v -111.131897 21.920675 4.196165
v -111.131592 23.633673 3.521065
v -111.133095 20.935774 5.354965
v -111.127296 27.835573 2.060364
v -111.128296 26.722876 3.051564
v -111.135094 16.567371 3.023165
v -111.129196 25.564974 3.540565
v -111.133995 18.796673 5.395065
v -88.366295 16.567472 -5.391037
v -88.366394 16.694872 -5.380536
v -87.525696 16.694872 -5.380537
v -87.525696 16.567472 -5.391037
v -88.370491 16.567371 -1.161237
v -87.529991 16.567371 -1.161237
v -87.529991 16.567371 1.215163
v -88.370491 16.567371 1.215163
v -88.367493 21.914869 -4.142236
v -88.367393 23.627970 -3.467137
v -87.526794 23.627970 -3.467137
v -87.526894 21.914869 -4.142237
v -88.367691 20.203772 -5.338436
v -87.526993 20.203772 -5.338437
v -88.376297 27.844969 -2.006437
v -87.526291 28.449572 -2.006437
v -87.526489 27.337069 -2.997637
v -88.376495 26.732470 -2.997637
v -88.376694 25.574770 -3.486637
v -87.526695 26.179369 -3.486637
v -88.366989 18.796673 -5.359736
v -87.526398 18.796673 -5.359737
v -112.977394 16.567472 -5.391036
v -112.977295 16.694872 -5.380535
v -112.977295 16.694872 5.434464
v -112.977493 16.567371 -1.161235
v -112.977493 16.567371 1.215165
v -112.971100 21.921473 -4.142235
v -112.970291 23.634474 -3.467135
v -112.972092 20.935774 -5.338435
v -112.966095 27.835775 -2.006435
v -112.968491 26.723475 -2.997635
v -112.970993 25.566072 -3.486635
v -112.974693 18.796673 -5.359735
v -107.748695 16.567472 -5.391036
v -107.748695 16.694872 -5.380536
v -107.649399 16.575872 5.445064
v -107.682190 16.694872 5.434464
v -107.749596 16.567371 1.215164
v -107.749596 16.567371 -1.161236
v -104.453896 21.914873 -4.142236
v -104.453690 23.627974 -3.467136
v -104.454498 20.203772 -5.338436
v -104.451797 27.823374 -2.006436
v -104.452499 26.710875 -2.997636
v -104.453194 25.553175 -3.486636
v -106.317490 18.796673 -5.359736
v -116.019501 28.288374 -0.443535
v -116.019501 28.288374 0.497465
v -117.093292 23.627974 3.521065
v -117.342499 21.914873 4.196165
v -117.641190 20.935774 5.354965
v -116.019501 27.823374 2.060365
v -116.377495 26.710875 3.051565
v -118.580200 16.567472 5.444965
v -118.579300 16.567371 3.023165
v -116.750000 25.553175 3.540565
v -118.100197 18.796673 5.395065
v -88.376297 28.309969 -0.443536
v -88.376297 28.309969 0.497463
v -63.761795 28.310770 0.497462
v -63.025093 28.857672 0.497462
v -63.025093 28.857672 -0.443538
v -63.761795 28.310770 -0.443538
v -88.367393 23.627970 3.521064
v -88.367493 21.914869 4.196164
v -63.769592 23.483271 1.419862
v -63.772293 21.770269 2.094963
v -63.046593 21.770269 2.094962
v -63.043793 23.483271 1.419862
v -88.388893 19.315472 5.354964
v -63.777992 20.791071 3.253762
v -63.052395 20.791071 3.253762
v -88.376297 27.844969 2.060364
v -88.376495 26.732470 3.051564
v -63.041195 24.970171 3.540562
v -63.032993 27.280169 3.051562
v -63.769394 26.733271 3.051563
v -63.777393 24.992472 3.540563
v -88.376694 25.574770 3.540564
v -63.722393 24.474371 1.590862
v -63.039093 24.453669 1.590962
v -88.386696 18.799171 3.419263
v -88.385895 18.652073 3.293864
v -63.722694 16.550171 3.333262
v -62.995392 16.550171 3.333262
v -63.023693 18.652071 3.293862
v -63.750095 18.652071 3.293863
v -63.723293 16.567471 -5.391038
v -63.724995 16.694870 -5.380538
v -62.997696 16.694870 -5.380538
v -62.995895 16.567471 -5.391038
v -86.684998 16.694872 -5.380537
v -86.684998 16.567472 -5.391037
v -63.898396 16.567369 -1.161238
v -63.176693 16.567369 -1.161238
v -63.176693 16.567369 1.215162
v -63.898396 16.567369 1.215162
v -86.689491 16.567371 -1.161237
v -86.689491 16.567371 1.215163
v -63.774593 21.914869 -4.142238
v -63.771893 23.627970 -3.467138
v -63.046093 23.627970 -3.467138
v -63.048893 21.914869 -4.142238
v -86.686195 23.627970 -3.467137
v -86.686195 21.914869 -4.142237
v -63.780293 20.935770 -5.338438
v -63.054695 20.935770 -5.338438
v -86.686394 20.203772 -5.338437
v -63.761795 27.845770 -2.006438
v -63.025093 28.392672 -2.006438
v -63.032993 27.280169 -2.997638
v -63.769493 26.733271 -2.997638
v -86.676193 27.844969 -2.006437
v -86.676392 26.732470 -2.997637
v -63.041195 25.858469 -3.486638
v -63.777393 25.880770 -3.486638
v -86.676590 25.574770 -3.486637
v -63.025993 18.796671 -5.359738
v -63.752396 18.796671 -5.359738
v -86.685692 18.796673 -5.359737
v -91.528893 28.288370 -0.443536
v -91.528893 28.288370 0.497464
v -85.002289 28.288370 0.497463
v -85.002289 28.288370 -0.443537
v -91.529694 21.914869 4.196164
v -91.529594 23.627970 3.521064
v -85.498596 23.627970 3.521064
v -85.498795 21.914869 4.196163
v -91.463493 19.315472 5.354964
v -85.931290 19.308172 5.354963
v -91.528893 27.823271 2.060364
v -91.529190 26.710871 3.051564
v -85.008789 25.630571 3.540563
v -85.002792 26.710871 3.051563
v -91.529388 25.553171 3.540564
v -91.461395 18.799171 3.419264
v -91.460793 18.652073 3.293864
v -85.927094 18.652073 3.293864
v -86.703896 16.550173 3.333263
v -85.925194 16.550173 3.333263
v -85.906189 16.567472 -5.391037
v -85.906296 16.694872 -5.380537
v -91.528992 16.567472 -5.391037
v -91.529091 16.694872 -5.380536
v -85.918198 16.567371 -1.161237
v -85.918198 16.567371 1.215163
v -91.532692 16.567371 1.215164
v -91.532692 16.567371 -1.161236
v -85.493393 21.914869 -4.142237
v -85.493195 23.627970 -3.467137
v -91.529694 21.914869 -4.142236
v -91.529594 23.627970 -3.467136
v -85.910095 20.203772 -5.338437
v -91.529892 20.203772 -5.338436
v -85.002289 27.823370 -2.006437
v -85.002792 26.710871 -2.997637
v -91.529388 25.553171 -3.486636
v -91.529190 26.710871 -2.997636
v -85.003395 25.630571 -3.486637
v -85.908195 18.796673 -5.359737
v -91.529495 18.796673 -5.359736
v -53.647392 28.288370 0.497462
v -53.647392 28.288370 -0.443538
v -62.288395 28.310770 0.497462
v -62.288395 28.310770 -0.443538
v -62.320892 21.770269 2.094962
v -62.317993 23.483271 1.419862
v -62.326893 20.791071 3.253762
v -62.304893 24.992472 3.540562
v -62.296494 26.733271 3.051562
v -62.378994 24.473669 1.590762
v -62.268093 16.550171 3.333262
v -62.297195 18.652071 3.293862
v -62.270393 16.694870 -5.380538
v -62.268494 16.567471 -5.391038
v -62.454895 16.567369 -1.161238
v -62.454895 16.567369 1.215162
v -62.320293 23.627970 -3.467138
v -62.323193 21.914869 -4.142238
v -62.329193 20.935770 -5.338438
v -62.288395 27.845770 -2.006438
v -62.296494 26.733271 -2.997638
v -62.304893 25.880770 -3.486638
v -53.910793 25.858370 -3.486638
v -53.917595 23.627970 -3.467138
v -62.299496 18.796671 -5.359738
v -53.888695 28.288370 0.497462
v -53.888695 28.288370 -0.443538
v -67.397293 28.288370 -0.443537
v -67.397293 28.288370 0.497463
v -53.787594 23.611269 1.854362
v -53.787792 21.876772 2.246862
v -67.435692 21.770269 2.094963
v -67.433395 23.483271 1.419863
v -53.788292 20.896872 2.939462
v -67.440491 20.791071 3.253762
v -53.899593 26.710871 3.051562
v -53.910793 24.970072 3.540562
v -67.397293 27.823271 2.060363
v -67.403694 26.710871 3.051563
v -63.761795 27.845770 2.060363
v -53.804695 24.897871 1.985562
v -67.429497 24.453669 1.590963
v -53.737793 18.800570 2.959862
v -53.685192 16.628071 2.985062
v -67.416893 18.652071 3.293863
v -53.850994 16.694870 -5.380538
v -53.848495 16.567471 -5.391038
v -67.373291 16.567471 -5.391037
v -67.374794 16.694870 -5.380537
v -53.884693 16.567471 -1.161238
v -53.884693 16.567471 1.215162
v -67.521591 16.567369 1.215163
v -67.521591 16.567369 -1.161237
v -53.921494 21.914869 -4.142238
v -67.416794 21.914869 -4.142237
v -67.414490 23.627970 -3.467138
v -53.929493 20.935770 -5.338438
v -67.421593 20.935770 -5.338437
v -53.899593 26.710871 -2.997638
v -53.888695 27.823370 -2.006438
v -67.403694 26.710871 -2.997638
v -67.410393 25.858370 -3.486638
v -53.889893 18.796671 -5.359738
v -67.397995 18.796671 -5.359737
v -118.551300 16.694872 -5.380535
v -118.580200 16.567472 -5.391036
v -118.551300 16.694872 5.434464
v -118.579300 16.567371 -1.161235
v -118.579300 16.567371 1.215165
v -117.093292 23.627974 -3.467135
v -117.342499 21.914873 -4.142235
v -117.641190 20.935774 -5.338435
v -116.377495 26.710875 -2.997635
v -116.019501 27.823374 -2.006435
v -116.750000 25.553175 -3.486635
v -118.100197 18.796673 -5.359735
v -129.915100 23.627974 3.521065
v -130.947800 21.914873 4.196165
v -132.183502 20.935774 5.354966
v -125.473297 27.823374 2.060365
v -126.953293 26.710875 3.051565
v -128.493393 25.553175 3.540565
v -134.082489 18.796675 5.395066
v -125.473297 27.823374 -2.006435
v -125.473297 28.288374 -0.443535
v -125.473297 28.288374 0.497465
v -128.311890 27.823374 2.060365
v -104.451797 28.288374 -0.443536
v -104.451797 28.288374 0.497464
v -104.453995 21.914873 4.196164
v -104.453690 23.627974 3.521064
v -104.381996 19.340473 5.400764
v -104.452499 26.710875 3.051564
v -104.451797 27.823275 2.060364
v -104.453194 25.553175 3.540564
v -106.250992 18.796673 5.395064
v -103.138596 23.627970 3.521064
v -103.138901 21.914869 4.196164
v -103.072891 19.315472 5.354964
v -103.136795 27.823271 2.060364
v -103.137497 26.710871 3.051564
v -103.138199 25.553171 3.540564
v -102.957794 18.799171 3.419264
v -104.476990 18.397972 3.300064
v -106.098297 16.567472 -5.391036
v -106.098190 16.694872 -5.380536
v -106.099396 16.567371 1.215164
v -106.099396 16.567371 -1.161236
v -103.138794 21.914869 -4.142236
v -103.138596 23.627970 -3.467136
v -103.139397 20.203772 -5.338436
v -103.138199 25.553171 -3.486636
v -103.137497 26.710871 -2.997636
v -104.812698 18.796673 -5.359736
v -81.529694 21.907572 4.196163
v -81.529190 23.620672 3.521063
v -83.171997 19.308172 5.354963
v -79.575691 26.710871 3.051563
v -79.574196 27.823271 2.060363
v -85.002289 27.823271 2.060363
v -79.598389 24.962770 3.540563
v -83.140091 16.694872 -5.380537
v -83.139694 16.567472 -5.391037
v -81.507996 23.627970 -3.467137
v -81.508492 21.914869 -4.142237
v -83.150795 20.203772 -5.338437
v -79.577194 25.858370 -3.486637
v -79.575691 26.710871 -2.997637
v -83.173798 16.567371 -1.161237
v -83.145393 18.796673 -5.359737
v -78.792793 23.356871 1.418863
v -78.793594 21.678370 2.178263
v -80.521492 19.121170 3.088763
v -77.490593 27.823271 2.060363
v -77.492889 26.710871 3.051563
v -77.370789 24.453669 1.590963
v -80.500694 18.652071 3.293863
v -80.472992 16.567471 -5.391037
v -80.473495 16.694870 -5.380537
v -80.525696 16.567369 1.215163
v -83.173798 16.567371 1.215163
v -80.525696 16.567369 -1.161237
v -79.113892 21.914869 -4.142237
v -79.112991 23.627970 -3.467137
v -80.490097 20.322670 -5.338437
v -77.495293 25.858370 -3.486637
v -77.492889 26.710871 -2.997637
v -80.481796 18.796671 -5.359737
v -52.853092 18.815969 2.925162
v -52.797993 16.636171 2.948762
v -52.797993 16.676670 -5.312338
v -52.853096 18.815969 -5.283138
v -131.503387 26.835073 1.612565
v -133.017090 25.551775 1.864866
v -52.905792 23.624670 1.899562
v -52.905792 21.887869 2.262662
v -136.739899 21.913275 2.202666
v -137.922195 20.934072 2.923966
v -52.905792 20.907869 2.906762
v -141.505295 16.701775 2.964666
v -139.729492 18.799374 2.944866
v -134.909088 23.626375 1.855065
v -52.905792 28.006571 1.182562
v -52.905891 26.796171 1.751562
v -128.311890 28.075274 1.213465
v -129.776199 27.764074 1.101965
v -87.526291 28.701571 1.213463
v -86.676193 28.096972 1.213463
v -53.019493 28.075270 1.213462
v -52.905792 27.754572 -1.953338
v -53.019592 27.823370 -2.006438
v -53.438892 16.630270 2.974962
v -112.058495 28.482374 1.213464
v -112.966095 28.087774 1.213464
v -111.127296 28.087473 1.213464
v -87.544594 16.550173 3.333263
v -88.385292 16.550173 3.333263
v -116.019501 28.075274 1.213465
v -88.376297 28.096972 1.213463
v -63.025093 28.644670 1.213462
v -63.761795 28.097769 1.213462
v -91.528893 28.075270 1.213464
v -91.528893 27.823370 -2.006436
v -85.002289 28.075270 1.213463
v -91.460297 16.550173 3.333264
v -53.647392 27.823370 -2.006438
v -62.288395 28.097769 1.213462
v -53.888695 28.075270 1.213462
v -67.397293 28.075270 1.213462
v -67.397293 27.823370 -2.006438
v -67.393692 16.550171 3.333262
v -125.473297 28.075274 1.213465
v -104.451797 28.075274 1.213464
v -103.136795 28.288370 0.497464
v -103.136795 28.075270 1.213464
v -103.136795 28.288370 -0.443536
v -103.136795 27.823370 -2.006436
v -105.665794 16.662271 3.413864
v -79.574196 28.288370 -0.443537
v -79.574196 27.823370 -2.006437
v -83.158997 16.550173 3.333263
v -77.490494 28.288370 0.497463
v -79.574196 28.288370 0.497463
v -79.574196 28.075270 1.213463
v -77.490593 28.075270 1.213463
v -77.490494 28.288370 -0.443537
v -77.490593 27.823370 -2.006437
v -80.492493 16.550171 3.333263
v -53.020695 18.796671 -5.359738
v -85.879692 18.799871 3.446163
v -53.543293 20.899870 2.930362
v -53.492195 18.804871 2.950262
v -52.980793 16.694870 -5.380538
v -53.609394 16.694870 -5.380538
v -53.648594 18.796671 -5.359738
v -105.973595 18.400673 3.455164
v -107.304993 16.559072 3.571265
v -83.164291 18.652073 3.293863
v -129.776199 27.512075 1.848065
v -53.042194 24.970072 3.540562
v -53.041992 24.918470 3.370962
v -63.025093 28.392672 2.060362
v -53.647392 27.823271 2.060362
v -53.658295 26.710871 3.051562
v -62.288395 27.845770 2.060362
v -53.669693 25.858370 -3.486638
v -53.658295 26.710871 -2.997638
v -53.888695 27.823271 2.060362
v -67.431595 24.962770 3.540563
v -77.516495 24.962770 3.540563
v -52.916794 24.944071 2.026662
v -53.669994 24.918470 3.370962
v -53.669693 24.970072 3.540562
v -63.040993 24.918570 3.370962
v -62.311394 24.940672 3.370962
v -63.772594 24.940771 3.370963
v -67.431496 24.918470 3.370963
v -77.503792 24.918470 3.370963
v -81.496391 23.596769 3.351663
v -79.583298 24.918470 3.370963
v -81.496895 21.887072 4.034863
v -83.154892 19.264172 5.195763
v -85.926796 19.263973 5.188863
v -87.548096 19.263872 5.186563
v -86.707397 19.263872 5.186563
v -88.388695 19.263872 5.186563
v -91.463295 19.263872 5.186563
v -103.062897 19.263872 5.186564
v -104.381294 19.263872 5.186564
v -106.226898 18.762173 5.226264
v -53.911293 24.918470 3.370962
v -79.424896 24.453669 1.590963
v -81.151993 23.346869 1.573563
v -81.152496 21.672071 2.341963
v -82.975098 18.801872 3.525363
v -104.260193 18.799171 3.419264
v -53.606895 16.567471 -5.391038
v -53.542992 21.879869 2.251262
v -53.542793 23.614969 1.866862
v -53.558094 24.910669 1.996962
v -53.676495 23.627970 -3.467138
v -53.680393 21.914869 -4.142238
v -53.688496 20.935770 -5.338438
v -53.647392 28.075270 1.213462
v -141.374298 -33.451424 3.431466
v -142.282394 -32.816326 1.234766
v -141.683090 -34.226925 1.470866
v -126.723999 -32.598328 1.334865
v -126.723999 -32.598328 -1.370435
v -125.804291 -30.415527 -1.370435
v -125.804291 -30.415527 1.334865
v -112.476990 -4.724027 2.815065
v -112.476990 -4.724027 -2.762935
v -112.426994 -2.716528 -3.544636
v -112.426994 -2.716528 3.596864
v -133.994995 -9.667127 1.334865
v -133.994995 -9.667127 -1.370435
v -140.679688 -26.128225 -1.370434
v -140.679688 -26.128225 1.334866
v -137.420288 -29.416025 -4.821434
v -140.410599 -28.473125 -3.641434
v -139.597290 -26.427525 -3.641434
v -136.537796 -27.224525 -4.805034
v -122.777496 -11.519827 -4.193535
v -119.114395 -11.707527 -3.276435
v -126.886597 -30.116125 -3.641435
v -129.472488 -29.185427 -4.763835
v -127.803894 -32.288628 3.695365
v -126.886597 -30.116125 3.695365
v -129.528000 -29.338926 4.817765
v -130.436890 -31.670225 4.851065
v -132.891800 -9.879227 3.695365
v -139.597290 -26.427525 3.695366
v -136.592789 -27.365026 4.856366
v -129.663300 -10.179327 4.713965
v -141.490402 -28.163425 -1.370434
v -118.011200 -11.919627 -1.231735
v -129.663300 -10.179327 -4.660035
v -132.891800 -9.879227 -3.641435
v -132.055389 -7.272726 -3.641435
v -128.685593 -7.324527 -4.660035
v -133.178696 -7.255426 -1.370435
v -133.178696 -7.255426 1.334865
v -132.055389 -7.272726 3.695365
v -128.685593 -7.324527 4.713965
v -119.114395 -11.707527 3.329265
v -118.259895 -7.922727 3.329265
v -121.431396 -7.433827 4.246365
v -122.777496 -11.519827 4.246365
v -118.011200 -11.919627 1.203965
v -116.894394 -8.729527 1.203965
v -116.894394 -8.729527 -1.231735
v -118.259895 -7.922727 -3.276435
v -121.431396 -7.433827 -4.193535
v -116.065491 -5.805227 3.329265
v -117.234299 -3.847227 4.246365
v -115.362091 -7.014627 1.203965
v -115.362091 -7.014627 -1.231735
v -116.065491 -5.805227 -3.276435
v -117.234299 -3.847227 -4.193535
v -114.372894 -5.363827 3.329265
v -114.354996 -3.000628 4.246365
v -114.369896 -6.929827 1.203965
v -114.369896 -6.929827 -1.231735
v -114.372894 -5.363827 -3.276435
v -112.479401 -5.341427 -3.276435
v -114.354996 -3.000628 -4.193535
v -112.427490 -2.945528 -4.193535
v -112.427399 -1.239628 -3.544636
v -112.427399 -1.239628 3.596864
v -129.354599 -3.125927 -4.660035
v -127.022095 -3.044427 -4.563835
v -126.124588 -7.347127 -4.563835
v -132.292603 -3.108527 -3.641435
v -133.415894 -3.102727 -1.370435
v -133.415894 -3.102727 1.334865
v -132.292603 -3.108527 3.695365
v -129.354599 -3.125927 4.713965
v -123.474197 -2.793027 4.320265
v -123.638794 -7.416527 4.320265
v -120.868195 -2.730627 4.246365
v -117.234299 -1.646427 4.246365
v -120.868195 -2.730627 -4.193535
v -117.234299 -1.646427 -4.193535
v -112.427490 -2.945528 4.246365
v -112.427490 -1.249827 4.246365
v -114.354996 -1.268328 4.246365
v -114.354996 -1.268328 -4.193535
v -112.479401 -5.341427 3.329265
v -112.496696 -6.927427 1.203965
v -112.493393 -6.071527 0.987165
v -112.493393 -6.071527 -1.006335
v -112.496696 -6.927427 -1.231735
v -112.427490 -1.249827 -4.193535
v -112.427490 1.742172 3.596864
v -112.427490 1.742172 -3.544636
v -112.427490 2.355473 -4.193535
v -112.427490 2.355473 4.246365
v -112.427490 0.244872 4.246365
v -112.427490 0.024972 3.596864
v -112.427490 -0.680728 3.596864
v -112.427490 -0.609528 4.246365
v -117.234299 -0.839127 4.246365
v -114.354996 -0.616028 4.246365
v -114.354996 -0.616028 -4.193535
v -112.427490 -0.609528 -4.193535
v -117.234299 2.332273 4.709465
v -117.234299 0.085673 4.674565
v -114.354996 0.260372 4.672965
v -114.354996 2.354773 4.709565
v -112.427490 0.244872 -4.193535
v -114.354996 0.260372 -4.620135
v -114.354996 2.354773 -4.656735
v -127.803894 -32.288628 -3.641435
v -127.463303 -34.273323 -3.918435
v -131.121689 -33.818325 -5.012335
v -130.431396 -31.655127 -4.801935
v -126.363190 -34.391228 -1.480435
v -126.363190 -34.391228 1.424965
v -127.463303 -34.273323 3.961065
v -131.121689 -33.818325 5.055065
v -137.425690 -29.429926 4.870466
v -140.410599 -28.473125 3.695366
v -140.875397 -30.331326 3.961066
v -138.142792 -31.476126 5.055066
v -141.955200 -30.021626 1.424866
v -141.490402 -28.163425 1.334866
v -141.955200 -30.021626 -1.480434
v -140.875397 -30.331326 -3.918434
v -138.142792 -31.476126 -5.012334
v -136.409897 -33.761528 -5.563435
v -137.097397 -35.331627 -4.552034
v -139.612991 -34.193127 -4.552034
v -138.997101 -32.692924 -5.563435
v -130.720795 -35.388924 -5.563435
v -127.114700 -36.304626 -4.352435
v -128.255493 -37.583626 -3.358835
v -131.099197 -37.159424 -4.552035
v -125.993988 -36.226326 -1.654735
v -127.134888 -37.505325 -1.385135
v -125.993988 -36.226326 1.561565
v -127.134888 -37.505325 1.234765
v -127.114700 -36.304626 4.370465
v -128.255493 -37.583626 3.333165
v -130.720795 -35.388924 5.581465
v -131.099197 -37.159424 4.526265
v -133.212189 -36.664825 4.526266
v -132.883102 -34.724228 5.581466
v -141.351089 -32.233223 4.370466
v -139.612991 -34.193127 4.526266
v -138.997101 -32.692924 5.581466
v -142.431000 -31.923525 1.561566
v -142.431000 -31.923525 -1.654734
v -142.282394 -32.816326 -1.385134
v -141.351089 -32.233223 -4.352434
v -141.374298 -33.451424 -3.457234
v -128.491699 -38.261124 1.448565
v -131.422394 -38.016026 2.239365
v -133.535400 -37.521324 2.220965
v -141.683090 -34.226925 -1.138734
v -137.420700 -36.188126 -0.433834
v -139.936188 -35.049625 -0.458934
v -128.491699 -38.261124 -1.162035
v -131.422394 -38.016026 -0.336935
v -133.535400 -37.521324 -0.356235
v -139.936188 -35.049625 2.122466
v -132.883102 -34.724228 -5.563435
v -132.615189 -33.356224 -5.012334
v -136.409897 -33.761528 5.581466
v -136.042801 -32.301628 5.055066
v -112.427490 -0.680728 -3.544636
v -129.552994 -1.788027 -4.660035
v -126.913391 -1.645126 -4.563835
v -132.673401 -2.096327 -3.641435
v -133.796600 -2.094227 -1.370435
v -133.796600 -2.094227 1.334865
v -132.673401 -2.096327 3.695365
v -129.552994 -2.112727 4.713965
v -120.868195 -1.095127 4.246365
v -123.540695 -1.255927 4.320265
v -120.868195 -1.095127 -4.193535
v -117.234299 -0.839127 -4.193535
v -112.427490 0.024873 -3.544636
v -129.728790 -0.621926 -5.139435
v -127.052994 -0.520926 -5.032935
v -133.078888 -0.469827 -3.641435
v -134.202103 -0.454327 -1.370435
v -134.202103 -0.454327 1.334865
v -133.078888 -0.469827 3.695365
v -129.728790 -0.621926 5.193365
v -120.868195 -0.132327 4.675865
v -123.599693 -0.209726 4.757665
v -120.868195 -0.132327 -4.623035
v -117.234299 0.085673 -4.621736
v -130.071899 2.291373 -5.174435
v -127.455795 2.291073 -5.067635
v -133.441788 2.291973 -3.641435
v -134.565094 2.292173 -1.370435
v -134.565094 2.292173 1.334865
v -133.441788 2.291973 3.695365
v -130.071899 2.291373 5.228365
v -120.868195 2.290073 4.709465
v -123.714798 2.290274 4.791565
v -120.868195 2.290073 -4.656735
v -117.234299 2.332273 -4.656735
v -123.474197 -2.793027 -4.267235
v -123.638794 -7.416527 -4.267235
v -127.022095 -3.044427 4.617565
v -126.124588 -7.347127 4.617565
v -133.212189 -36.664825 -4.552034
v -137.097397 -35.331627 4.526266
v -137.420700 -36.188126 2.146566
v -136.042801 -32.301628 -5.012334
v -132.615189 -33.356224 5.055066
v -123.540695 -1.204627 -4.267235
v -126.913391 -1.902826 4.617565
v -123.599693 -0.209726 -4.704635
v -127.052994 -0.520926 5.086665
v -123.714798 2.290274 -4.738535
v -127.455795 2.291073 5.121365
v -135.303497 -30.210426 -4.974734
v -131.784988 -31.182526 -4.949934
v -134.482895 -27.889027 -4.933034
v -130.863297 -28.769426 -4.880635
v -127.662491 -10.515226 -4.728535
v -124.829590 -11.354827 -4.474935
v -131.796295 -31.212326 5.280566
v -135.313690 -30.239126 5.305166
v -130.978592 -29.071226 5.219965
v -134.585495 -28.179325 5.269065
v -124.759399 -11.342027 4.507765
v -127.477600 -10.875927 4.761465
vn -0.3179 -0.8253 0.4668
vn -0.0842 -0.8224 0.5626
vn 0.0163 -0.2501 0.9681
vn -0.0741 -0.3269 0.9422
vn -0.0000 -0.0000 1.0000
vn -0.0019 -0.1772 0.9842
vn 0.0251 -0.1622 0.9864
vn 0.1696 -0.8008 0.5744
vn 0.0617 -0.2820 0.9574
vn -0.0613 0.0617 0.9962
vn -0.2268 -0.0866 0.9701
vn -0.1736 -0.5115 0.8416
vn 0.0345 -0.5766 0.8163
vn 0.0040 -0.1079 0.9942
vn 0.1045 -0.2816 0.9538
vn 0.2368 -0.8009 0.5500
vn -0.0430 -0.8623 0.5045
vn -0.2419 -0.1823 0.9530
vn 0.0570 0.0566 0.9968
vn 0.0020 0.2278 0.9737
vn 0.2554 -0.2021 0.9455
vn 0.0937 -0.7477 0.6574
vn 0.0960 -0.7067 0.7010
vn 0.2533 -0.6292 0.7348
vn 1.0000 -0.0000 -0.0000
vn 0.0143 0.9999 -0.0000
vn -1.0000 -0.0000 -0.0000
vn 0.0137 0.9999 -0.0000
vn 0.0140 0.9999 -0.0000
vn 0.0141 0.9999 -0.0000
vn 0.0177 -0.9998 -0.0000
vn 0.0532 -0.9185 0.3918
vn 0.0484 -0.9988 -0.0000
vn 0.1746 -0.9846 -0.0000
vn 0.3734 -0.9277 -0.0000
vn 0.0040 -0.1334 0.9911
vn 0.0255 -0.6160 0.7873
vn 0.2519 -0.5844 0.7714
vn 0.2510 -0.1651 0.9538
vn 0.0003 0.2307 0.9730
vn 0.0418 -0.9374 0.3458
vn 0.0099 -1.0000 -0.0000
vn 0.0145 0.9999 -0.0000
vn 0.1509 0.1877 0.9706
vn 0.0016 0.2313 0.9729
vn -0.0000 0.2256 0.9742
vn -0.1802 0.1697 0.9689
vn 0.1619 -0.9868 -0.0000
vn -0.1500 -0.9887 -0.0000
vn 0.1693 -0.9856 -0.0000
vn -0.3594 -0.9332 -0.0000
vn 0.3632 -0.9317 -0.0000
vn 0.0163 -0.2501 -0.9681
vn -0.0842 -0.8224 -0.5626
vn -0.3179 -0.8253 -0.4668
vn -0.0741 -0.3269 -0.9422
vn -0.0000 -0.0000 -1.0000
vn 0.0251 -0.1622 -0.9864
vn -0.0019 -0.1772 -0.9842
vn 0.0617 -0.2820 -0.9574
vn 0.1696 -0.8008 -0.5744
vn -0.0613 0.0617 -0.9962
vn -0.2268 -0.0866 -0.9701
vn 0.0040 -0.1079 -0.9942
vn 0.0345 -0.5766 -0.8163
vn -0.1736 -0.5115 -0.8416
vn -0.0430 -0.8624 -0.5045
vn 0.2368 -0.8009 -0.5500
vn 0.1045 -0.2816 -0.9538
vn -0.2419 -0.1823 -0.9530
vn 0.0570 0.0566 -0.9968
vn 0.0020 0.2278 -0.9737
vn 0.0960 -0.7067 -0.7010
vn 0.0937 -0.7477 -0.6574
vn 0.2554 -0.2021 -0.9455
vn 0.2533 -0.6292 -0.7348
vn 0.0532 -0.9185 -0.3918
vn 0.0040 -0.1334 -0.9911
vn 0.2510 -0.1651 -0.9538
vn 0.2519 -0.5844 -0.7714
vn 0.0255 -0.6160 -0.7873
vn 0.0006 0.2307 -0.9730
vn 0.0418 -0.9374 -0.3458
vn 0.0016 0.2313 -0.9729
vn 0.1509 0.1877 -0.9706
vn -0.1802 0.1697 -0.9689
vn -0.0000 0.2256 -0.9742
vn 0.0049 1.0000 -0.0000
vn 0.9983 0.0591 -0.0000
vn 0.9999 0.0118 -0.0000
vn -0.0000 1.0000 -0.0000
vn -1.0000 0.0042 -0.0000
vn 0.0055 -1.0000 -0.0000
vn -0.0553 -0.9985 -0.0000
vn -0.0055 1.0000 -0.0000
vn 0.0391 0.9992 -0.0000
vn 1.0000 0.0033 -0.0000
vn 0.9942 -0.1074 -0.0000
vn -1.0000 0.0034 -0.0000
vn -0.9934 0.1147 -0.0000
vn -0.4542 -0.8909 -0.0000
vn 0.4440 0.8960 -0.0000
vn 0.8769 -0.4806 -0.0000
vn -0.8745 0.4850 -0.0000
vn -0.9076 -0.4198 -0.0000
vn -0.9983 -0.0590 -0.0000
vn 0.9129 0.4082 -0.0000
vn 0.4806 -0.8769 -0.0000
vn 0.1105 -0.9939 -0.0000
vn -0.4828 0.8757 -0.0000
vn -0.1141 0.9935 -0.0000
vn -1.0000 0.0033 -0.0000
vn 0.1631 -0.0000 -0.9866
vn -0.1020 -0.0000 0.9948
vn -0.0000 -1.0000 -0.0000
vn 0.0370 -0.9993 0.0062
vn 0.0274 -0.9996 0.0055
vn 0.8912 -0.4536 -0.0000
vn 0.7013 -0.7127 0.0141
vn 0.7110 -0.7032 -0.0000
vn 0.9876 -0.0000 -0.1573
vn -0.9876 -0.0000 0.1573
vn -0.9875 -0.0000 0.1573
vn 0.7113 -0.0000 -0.7029
vn -0.6666 -0.0000 0.7454
vn 0.1076 0.0378 -0.9935
vn -0.0003 0.0530 -0.9986
vn 0.0007 -0.0388 0.9992
vn 0.0003 -0.0394 0.9992
vn 0.0001 -0.0000 1.0000
vn 1.0000 -0.0034 -0.0032
vn 1.0000 -0.0054 -0.0000
vn 0.9786 -0.2058 -0.0000
vn -0.0682 -0.0292 0.9972
vn 0.2996 -0.9539 0.0195
vn 0.2568 -0.9659 0.0315
vn -0.0000 0.0523 -0.9986
vn 0.0007 -0.0407 0.9992
vn -0.0007 0.0520 -0.9986
vn 0.0494 -0.9988 -0.0000
vn 0.0493 -0.9977 0.0474
vn 0.0495 -0.9988 -0.0000
vn -0.0494 0.9988 -0.0000
vn -0.0494 0.9982 -0.0342
vn -0.0493 0.9982 -0.0342
vn -0.0494 0.9982 -0.0343
vn -0.9991 -0.0415 -0.0003
vn -0.9988 -0.0481 -0.0016
vn -0.9988 -0.0494 -0.0019
vn -0.9991 -0.0419 -0.0012
vn 0.0478 -0.9664 0.2526
vn -0.0475 0.9612 -0.2716
vn -0.0477 0.9614 -0.2711
vn -0.0475 0.9613 -0.2713
vn -0.0474 0.9613 -0.2714
vn 0.9988 0.0495 -0.0000
vn 0.9988 0.0492 -0.0000
vn -0.9998 -0.0198 0.0029
vn -0.9998 -0.0185 0.0070
vn -0.9999 0.0121 -0.0012
vn -0.9998 0.0171 -0.0092
vn 0.0265 -0.5707 0.8207
vn 0.0282 -0.5781 0.8155
vn 0.0282 -0.5772 0.8161
vn 0.0290 -0.5860 0.8098
vn -0.0268 0.5630 -0.8260
vn -0.0277 0.5592 -0.8286
vn -0.0280 0.5678 -0.8227
vn -0.0274 0.5616 -0.8270
vn 0.9996 0.0261 -0.0095
vn 0.9996 0.0241 -0.0138
vn -0.9992 -0.0411 -0.0024
vn -0.9991 -0.0412 -0.0043
vn 0.1631 -0.0000 0.9866
vn -0.1020 -0.0000 -0.9948
vn 0.0274 -0.9996 -0.0055
vn 0.0370 -0.9993 -0.0062
vn 0.7013 -0.7127 -0.0141
vn 0.9876 -0.0000 0.1573
vn -0.9876 -0.0000 -0.1573
vn -0.9875 -0.0000 -0.1573
vn 0.7113 -0.0000 0.7029
vn -0.6666 -0.0000 -0.7454
vn 0.1076 0.0378 0.9935
vn -0.0003 0.0530 0.9986
vn 0.0003 -0.0394 -0.9992
vn 0.0007 -0.0388 -0.9992
vn 0.0001 -0.0000 -1.0000
vn 1.0000 -0.0034 0.0032
vn -0.0682 -0.0292 -0.9972
vn 0.2568 -0.9659 -0.0315
vn 0.2996 -0.9539 -0.0195
vn -0.0003 0.0519 0.9987
vn 0.0007 -0.0407 -0.9992
vn -0.0000 0.0512 0.9987
vn 0.0493 -0.9977 -0.0474
vn 0.0494 -0.9977 -0.0474
vn -0.0493 0.9982 0.0342
vn -0.0494 0.9982 0.0342
vn -0.0493 0.9988 -0.0000
vn -0.0494 0.9982 0.0343
vn -0.9991 -0.0415 0.0003
vn -0.9991 -0.0419 0.0012
vn -0.9988 -0.0494 0.0019
vn -0.9988 -0.0481 0.0016
vn 0.0478 -0.9664 -0.2526
vn -0.0476 0.9614 0.2711
vn -0.0475 0.9612 0.2716
vn -0.0474 0.9613 0.2714
vn -0.0474 0.9613 0.2713
vn 0.9988 0.0494 -0.0000
vn -0.9999 0.0121 0.0012
vn -0.9998 -0.0185 -0.0070
vn -0.9998 -0.0198 -0.0029
vn -0.9998 0.0171 0.0092
vn 0.0282 -0.5781 -0.8155
vn 0.0265 -0.5707 -0.8207
vn 0.0282 -0.5772 -0.8161
vn 0.0290 -0.5860 -0.8098
vn -0.0277 0.5592 0.8286
vn -0.0268 0.5630 0.8260
vn -0.0273 0.5620 0.8267
vn -0.0268 0.5684 0.8223
vn 0.9996 0.0241 0.0138
vn 0.9996 0.0261 0.0095
vn -0.9991 -0.0412 0.0043
vn -0.9992 -0.0411 0.0024
vn 0.9988 0.0493 -0.0000
vn -1.0000 -0.0075 -0.0000
vn -0.9541 -0.2995 -0.0000
vn -0.9378 -0.3472 -0.0000
vn 0.7534 -0.6575 -0.0000
vn 0.6302 -0.7764 -0.0000
vn 0.7676 -0.6409 -0.0000
vn 0.0130 -0.3597 0.9330
vn 0.0049 -0.1540 0.9881
vn 0.0043 -0.1798 0.9837
vn 0.0082 -0.3031 0.9529
vn -0.8939 -0.4483 -0.0000
vn -0.9539 -0.3002 0.0001
vn -0.9092 -0.4163 -0.0000
vn 0.0173 -0.4045 -0.9144
vn 0.0190 -0.3178 -0.9480
vn 0.0117 -0.2276 -0.9737
vn 0.0079 -0.1932 -0.9811
vn 0.7437 -0.6685 -0.0000
vn 0.7719 -0.6357 -0.0000
vn 0.7508 -0.6606 -0.0000
vn 0.7597 -0.6503 -0.0000
vn 0.0249 -0.4156 0.9092
vn 0.0095 -0.1891 0.9819
vn 0.0092 -0.2238 0.9746
vn 0.0144 -0.3254 0.9455
vn -0.6460 -0.7633 -0.0000
vn -0.8999 -0.4361 -0.0000
vn -0.8714 -0.4906 -0.0000
vn 0.0028 -0.0205 -0.9998
vn 0.0024 -0.0166 -0.9999
vn 0.0190 -0.0851 -0.9962
vn 0.0120 -0.0748 -0.9971
vn 0.9827 -0.1851 -0.0000
vn 0.9820 -0.1888 -0.0000
vn 0.9555 0.2949 -0.0000
vn 0.9518 0.3068 -0.0000
vn 0.0023 -0.0168 0.9999
vn 0.0030 -0.0206 0.9998
vn 0.0178 -0.0775 0.9968
vn 0.0157 -0.0972 0.9951
vn -0.9952 -0.0978 -0.0000
vn -0.9953 -0.0969 -0.0000
vn -0.9160 -0.4012 -0.0000
vn -0.9109 -0.4126 -0.0000
vn -0.9999 -0.0170 -0.0000
vn 0.1638 -0.1251 -0.9785
vn 0.1671 -0.1147 -0.9792
vn 0.7354 0.6776 -0.0000
vn 0.7103 0.7039 -0.0003
vn 0.1622 -0.1114 0.9804
vn 0.1449 -0.1105 0.9833
vn -0.6733 -0.7394 -0.0000
vn -0.6552 -0.7555 -0.0004
vn 0.4247 -0.2916 -0.8571
vn 0.4416 -0.3032 -0.8445
vn 0.5047 0.8632 -0.0124
vn 0.5064 0.8623 -0.0012
vn 0.4300 -0.2952 0.8532
vn 0.4470 -0.3069 0.8402
vn -0.5046 -0.8633 -0.0119
vn -0.5064 -0.8623 -0.0010
vn 0.0111 -0.3048 -0.9523
vn 0.0096 -0.3598 -0.9330
vn 0.7538 -0.6571 -0.0000
vn 0.7718 -0.6359 -0.0000
vn -0.8935 -0.4490 -0.0000
vn -0.9001 -0.4357 -0.0000
vn 0.9999 -0.0104 -0.0000
vn -0.0001 -0.0083 1.0000
vn -0.0000 -0.0080 1.0000
vn -0.6727 -0.7399 0.0008
vn -0.5119 -0.8587 0.0231
vn 0.7348 0.6783 0.0008
vn 0.5117 0.8589 0.0222
vn 0.6220 -0.4270 0.6563
vn 0.6138 -0.4214 -0.6676
vn 0.0060 -0.1828 -0.9831
vn 0.0037 -0.1564 -0.9877
vn -0.0000 -0.0083 -1.0000
vn -0.0001 -0.0079 -1.0000
vn 0.5344 -0.8452 -0.0000
vn 0.5356 -0.8445 -0.0000
vn 0.9078 0.4194 -0.0000
vn 0.8863 0.4631 -0.0000
vn -0.9992 -0.0392 -0.0000
vn -0.9991 -0.0428 -0.0000
vn 0.9727 0.2320 -0.0000
vn 0.9567 0.2910 -0.0000
vn -0.9328 -0.3605 -0.0000
vn -0.9523 -0.3052 -0.0000
vn -0.9720 -0.2351 -0.0000
vn -0.9775 -0.2109 -0.0000
vn 0.9938 0.1111 -0.0000
vn 0.9789 0.2044 -0.0000
vn 0.9319 0.3627 -0.0000
vn -0.9142 -0.4052 -0.0000
vn -0.9203 -0.3913 -0.0000
vn -0.9859 -0.1671 -0.0000
vn 0.9984 0.0562 -0.0000
vn 0.7689 0.3377 -0.5429
vn 0.7674 0.3365 -0.5458
vn 0.7405 0.3758 -0.5572
vn 0.7414 0.3760 -0.5559
vn 0.7690 0.3337 0.5452
vn 0.7414 0.3760 0.5559
vn 0.7405 0.3758 0.5572
vn 0.7703 0.3336 0.5435
vn 0.5332 -0.8460 -0.0000
vn 0.7961 0.2015 -0.5706
vn 0.8297 0.1513 -0.5373
vn 0.8277 0.1521 -0.5402
vn 0.7924 0.2032 -0.5752
vn 0.8416 0.0869 -0.5330
vn 0.8413 0.0887 -0.5333
vn 0.7682 0.2826 -0.5744
vn 0.7594 0.2610 -0.5960
vn 0.7587 0.2624 -0.5962
vn 0.7687 0.2813 -0.5744
vn 0.8462 0.0438 -0.5310
vn 0.8462 0.0502 -0.5305
vn 0.8460 0.0511 -0.5307
vn 0.8463 0.0440 -0.5309
vn 0.7961 0.2015 0.5706
vn 0.7924 0.2032 0.5752
vn 0.8277 0.1521 0.5402
vn 0.8297 0.1513 0.5373
vn 0.8411 0.0890 0.5335
vn 0.8417 0.0872 0.5328
vn 0.7656 0.2854 0.5765
vn 0.7689 0.2853 0.5722
vn 0.7588 0.2624 0.5962
vn 0.7594 0.2610 0.5960
vn 0.8464 0.0435 0.5308
vn 0.8462 0.0437 0.5311
vn 0.8460 0.0511 0.5307
vn 0.8462 0.0502 0.5305
vn 0.9979 0.0654 -0.0000
vn -0.9995 -0.0318 -0.0000
vn 0.5336 -0.8457 -0.0000
vn -0.9993 -0.0373 -0.0000
vn -0.9855 -0.1696 -0.0000
vn -0.9965 -0.0836 -0.0000
vn -0.0870 0.9962 -0.0000
vn -0.5173 0.8558 -0.0000
vn -0.5332 0.8460 -0.0000
vn -0.7857 -0.6186 -0.0000
vn 0.6527 0.5138 0.5567
vn 0.6527 0.5138 -0.5567
vn 0.7858 0.6185 -0.0000
vn 0.5173 -0.8558 -0.0000
vn -0.2071 -0.0081 -0.9783
vn -0.2177 -0.0172 -0.9759
vn 0.0044 0.0003 -1.0000
vn 0.0045 0.0002 -1.0000
vn 0.0041 0.0003 1.0000
vn 0.1800 0.0143 0.9836
vn 0.1714 0.0067 0.9852
vn 0.0041 0.0002 1.0000
vn 0.0347 -0.9994 -0.0000
vn 0.0346 -0.9994 -0.0000
vn -0.9992 -0.0391 -0.0000
vn -0.9969 -0.0782 -0.0000
vn 0.9852 0.0768 0.1533
vn 0.9870 0.0747 0.1421
vn 0.9968 0.0794 -0.0000
vn 0.9969 0.0787 -0.0000
vn 0.0298 -0.9996 -0.0000
vn 0.0264 -0.9996 -0.0031
vn 0.0262 -0.9997 -0.0025
vn -0.9970 -0.0779 -0.0000
vn -0.9969 -0.0791 -0.0000
vn -0.9902 -0.0756 -0.1171
vn -0.9892 -0.0770 -0.1244
vn -0.0129 0.9999 -0.0000
vn -0.0175 0.9998 -0.0000
vn -0.0089 1.0000 0.0028
vn -0.0092 1.0000 0.0029
vn 0.3417 0.0137 0.9397
vn 0.3411 0.0271 0.9396
vn -0.9722 -0.0726 -0.2228
vn -0.9691 -0.0768 -0.2345
vn 0.0318 -0.9995 -0.0003
vn 0.0332 -0.9994 0.0012
vn -0.0144 0.9999 0.0001
vn -0.0158 0.9999 -0.0014
vn 0.9473 0.0752 0.3112
vn 0.9517 0.0708 0.2987
vn -0.4188 -0.0167 -0.9079
vn -0.4181 -0.0331 -0.9078
vn 0.0041 -0.0000 -1.0000
vn -0.2124 -0.0000 -0.9772
vn 0.0041 -0.0000 1.0000
vn 0.1757 -0.0000 0.9844
vn 0.3420 -0.0000 0.9397
vn -0.4191 -0.0000 -0.9079
vn 0.0042 -0.0000 -1.0000
vn -0.2147 -0.0000 -0.9767
vn 0.0043 -0.0000 1.0000
vn 0.1775 -0.0000 0.9841
vn 0.9882 0.0001 0.1530
vn 0.9883 -0.0000 0.1525
vn 0.9501 -0.0000 0.3120
vn 0.9501 0.0001 0.3120
vn -0.9922 -0.0002 -0.1246
vn -0.9922 -0.0000 -0.1243
vn -0.9721 -0.0000 -0.2346
vn 0.0175 -0.9998 -0.0000
vn 0.0099 -0.9999 -0.0016
vn 0.0024 -1.0000 0.0010
vn 0.0124 -0.9999 -0.0000
vn 0.0119 -0.9999 -0.0006
vn 0.0138 -0.9999 0.0031
vn 0.7615 0.0011 -0.6481
vn 0.7615 -0.0000 -0.6481
vn -0.0119 0.9999 0.0005
vn -0.0138 0.9999 -0.0031
vn -0.2071 -0.0081 0.9783
vn 0.0045 0.0002 1.0000
vn 0.0043 0.0003 1.0000
vn -0.2177 -0.0172 0.9759
vn 0.0041 0.0003 -1.0000
vn 0.0043 0.0002 -1.0000
vn 0.1714 0.0067 -0.9852
vn 0.1800 0.0143 -0.9836
vn 0.9852 0.0768 -0.1533
vn 0.9870 0.0747 -0.1421
vn 0.0262 -0.9997 0.0025
vn 0.0264 -0.9996 0.0031
vn -0.9892 -0.0770 0.1244
vn -0.9902 -0.0756 0.1171
vn -0.0092 1.0000 -0.0029
vn -0.0089 1.0000 -0.0028
vn 0.3417 0.0137 -0.9397
vn 0.3411 0.0271 -0.9396
vn -0.9722 -0.0726 0.2228
vn -0.9691 -0.0768 0.2345
vn 0.0318 -0.9995 0.0003
vn 0.0332 -0.9994 -0.0012
vn -0.0144 0.9999 -0.0001
vn -0.0158 0.9999 0.0014
vn 0.9518 0.0702 -0.2987
vn 0.9473 0.0752 -0.3112
vn -0.4181 -0.0331 0.9078
vn -0.4188 -0.0167 0.9079
vn -0.2124 -0.0000 0.9772
vn 0.1757 -0.0000 -0.9844
vn 0.3420 -0.0000 -0.9397
vn -0.4191 -0.0000 0.9079
vn 0.0042 -0.0000 1.0000
vn -0.2147 -0.0000 0.9767
vn 0.1775 -0.0000 -0.9841
vn 0.9882 -0.0000 -0.1530
vn 0.9501 -0.0000 -0.3120
vn 0.9501 0.0001 -0.3120
vn 0.9883 0.0001 -0.1525
vn -0.9922 -0.0002 0.1243
vn -0.9922 -0.0000 0.1246
vn -0.9721 -0.0000 0.2346
vn 0.0024 -1.0000 -0.0010
vn 0.0098 -1.0000 0.0016
vn 0.0119 -0.9999 0.0005
vn 0.0138 -0.9999 -0.0031
vn 0.7615 -0.0000 0.6481
vn 0.7615 0.0011 0.6481
vn -0.0138 0.9999 0.0031
vn -0.0119 0.9999 -0.0005
vn 0.0004 0.0615 -0.9981
vn -0.0793 0.1764 -0.9811
vn -0.0666 0.1981 -0.9779
vn -0.0229 0.0240 -0.9994
vn -0.0385 0.2029 0.9785
vn -0.1372 0.1679 0.9762
vn -0.0368 0.0161 0.9992
vn -0.0060 -1.0000 -0.0000
vn 0.2508 0.9681 -0.0000
vn 0.2374 0.9214 -0.3076
vn 0.1216 0.9456 -0.3016
vn 0.1255 0.9921 -0.0000
vn -1.0000 0.0018 -0.0004
vn -1.0000 0.0024 -0.0007
vn -1.0000 0.0025 -0.0005
vn -1.0000 0.0026 -0.0000
vn -1.0000 0.0029 -0.0000
vn -1.0000 0.0024 -0.0000
vn 0.0028 0.2052 -0.9787
vn 0.0014 0.2049 0.9788
vn 0.7220 -0.6919 -0.0000
vn 0.5661 -0.8243 -0.0000
vn 0.0163 0.9515 -0.3073
vn 0.0191 0.9514 -0.3073
vn 0.0201 0.9998 -0.0000
vn 0.0174 0.9998 -0.0000
vn 0.0263 0.9515 -0.3065
vn 0.0135 0.9514 -0.3076
vn 0.0147 0.9999 -0.0000
vn 0.0280 0.9996 -0.0000
vn 0.0028 0.2129 -0.9771
vn 0.0052 0.2066 -0.9784
vn 0.0038 0.2116 0.9773
vn 0.0057 0.2070 0.9783
vn 0.2008 -0.9796 -0.0000
vn -0.1275 -0.9918 -0.0000
vn 0.0236 0.9997 -0.0000
vn 0.0226 0.9513 -0.3073
vn -0.0001 0.2049 -0.9788
vn -0.0024 0.2038 0.9790
vn -0.5083 -0.8612 -0.0000
vn 0.0307 0.9519 -0.3049
vn 0.0044 0.9515 -0.3077
vn 0.0044 1.0000 -0.0000
vn 0.0326 0.9995 -0.0000
vn -0.0004 0.2197 -0.9756
vn 0.0066 0.2141 -0.9768
vn 0.0101 0.2164 0.9763
vn 0.0012 0.2164 0.9763
vn -0.0070 -1.0000 -0.0000
vn 0.3619 -0.9322 -0.0000
vn 0.0331 0.9995 -0.0000
vn 0.0310 0.9519 -0.3048
vn 0.0041 0.2038 -0.9790
vn 0.0017 0.2051 0.9787
vn 0.4395 -0.8982 -0.0000
vn 0.0278 0.9514 -0.3067
vn 0.0032 0.9517 -0.3069
vn 0.0025 1.0000 -0.0000
vn 0.0292 0.9996 -0.0000
vn 0.0047 0.2120 -0.9773
vn 0.0058 0.2033 -0.9791
vn 0.0052 0.2115 0.9774
vn 0.0057 0.2032 0.9791
vn 0.0793 -0.9968 -0.0000
vn -0.0625 -0.9980 -0.0000
vn 0.0306 0.9995 -0.0000
vn 0.0291 0.9508 -0.3084
vn -0.0025 0.2063 -0.9785
vn -0.0050 0.2039 0.9790
vn -0.4372 -0.8994 -0.0000
vn 0.0028 0.9515 -0.3077
vn 0.0031 1.0000 -0.0000
vn 0.0089 0.2326 -0.9725
vn 0.0238 0.2221 -0.9747
vn 0.0065 0.2242 0.9745
vn 0.0360 0.2083 0.9774
vn -0.3845 -0.9231 -0.0000
vn -0.0058 -1.0000 -0.0000
vn -0.7195 -0.6945 -0.0000
vn 0.1225 0.9461 0.2997
vn 0.2387 0.9216 0.3061
vn -1.0000 0.0031 0.0029
vn -1.0000 0.0028 0.0010
vn -1.0000 0.0023 0.0006
vn -1.0000 0.0026 0.0004
vn 0.0186 0.9516 0.3068
vn 0.0163 0.9515 0.3073
vn 0.0135 0.9515 0.3073
vn 0.0268 0.9516 0.3061
vn 0.0226 0.9513 0.3075
vn 0.0032 0.9517 0.3070
vn 0.0307 0.9525 0.3031
vn 0.0330 0.9519 0.3046
vn 0.0022 0.9515 0.3076
vn 0.0275 0.9515 0.3064
vn 0.0287 0.9508 0.3083
vn 0.0014 0.9519 0.3063
vn 0.0113 0.6398 -0.7685
vn -0.0090 0.6769 -0.7360
vn 0.1707 0.6765 0.7164
vn 0.0799 0.7117 0.6979
vn 0.0125 0.6915 0.7223
vn -0.0271 0.6658 0.7456
vn 0.0841 0.7046 -0.7046
vn 0.1466 0.6660 -0.7314
vn 0.0102 0.6904 -0.7233
vn 0.0181 0.6944 0.7194
vn 0.0081 0.6906 0.7232
vn 0.0169 0.6943 -0.7195
vn 0.0168 0.6902 -0.7234
vn 0.0175 0.6901 0.7235
vn 0.0024 0.6904 -0.7234
vn 0.0171 0.7002 0.7137
vn -0.0013 0.6909 0.7229
vn 0.0166 0.6998 -0.7142
vn 0.0209 0.6963 -0.7175
vn 0.0260 0.6967 0.7169
vn 0.0065 0.6912 -0.7227
vn 0.0201 0.6942 0.7195
vn 0.0026 0.6906 0.7232
vn 0.0194 0.6942 -0.7195
vn 0.0209 0.6872 -0.7262
vn 0.0206 0.6872 0.7262
vn -0.0009 0.6910 -0.7228
vn -0.0053 0.6921 0.7218
vn -0.9350 -0.3541 -0.0190
vn -0.5689 -0.5540 -0.6078
vn -0.5348 -0.8446 -0.0244
vn -0.8035 -0.5953 -0.0046
vn -0.7027 0.0123 -0.7114
vn -0.9999 0.0002 -0.0151
vn -0.5348 -0.8446 0.0244
vn -0.5689 -0.5540 0.6078
vn -0.9351 -0.3540 0.0190
vn -0.8036 -0.5952 0.0046
vn -0.0000 -0.9997 0.0235
vn -0.0000 -0.6768 0.7362
vn -0.2373 -0.9714 -0.0027
vn -0.7949 -0.6067 -0.0024
vn -0.0000 -0.9997 -0.0235
vn -0.0000 -1.0000 -0.0025
vn -0.7952 -0.6063 -0.0000
vn -0.2372 -0.9715 -0.0000
vn 0.1659 -0.9861 -0.0106
vn 0.7557 -0.6382 -0.1472
vn 0.8250 -0.5649 -0.0169
vn 0.2037 -0.9790 -0.0060
vn 0.9840 0.0027 -0.1782
vn 0.9998 0.0004 -0.0187
vn 0.2019 -0.9794 -0.0000
vn 0.8235 -0.5673 -0.0000
vn 0.5719 0.5482 -0.6102
vn 0.5762 0.7776 -0.2515
vn 0.9858 0.1508 -0.0744
vn 0.9831 0.1313 -0.1279
vn -0.0000 0.6583 -0.7528
vn -0.0000 0.9509 -0.3096
vn 0.6060 0.7955 -0.0000
vn 0.9910 0.1340 -0.0000
vn -0.9999 0.0085 -0.0091
vn -0.9999 0.0050 -0.0164
vn -1.0000 0.0015 -0.0017
vn -0.9999 0.0120 -0.0053
vn -1.0000 -0.0000 -0.0018
vn -1.0000 0.0013 -0.0001
vn -0.9999 0.0110 -0.0000
vn -0.0000 0.0174 -0.9998
vn -0.0000 -0.6768 -0.7362
vn 0.7657 -0.6262 0.1470
vn 0.9840 0.0030 0.1783
vn 0.5876 0.0150 0.8090
vn 0.4710 -0.5698 0.6734
vn -0.0000 0.0189 0.9998
vn -0.9944 -0.1052 -0.0015
vn -0.9944 -0.1053 -0.0000
vn -0.6535 0.1535 -0.7412
vn -0.6396 0.5064 -0.5784
vn -0.0000 0.2035 -0.9791
vn 0.9791 0.0560 0.1955
vn 0.5467 0.1647 0.8210
vn 0.9831 0.1307 0.1280
vn 0.5716 0.5472 0.6114
vn -0.0000 0.2031 0.9792
vn -0.0000 0.6569 0.7540
vn 0.9790 0.0563 -0.1957
vn 0.9997 0.0149 -0.0178
vn 0.9999 0.0153 -0.0000
vn -0.6516 0.7215 -0.2343
vn -0.6831 0.7303 -0.0000
vn -0.7024 0.0134 0.7117
vn -0.9999 0.0002 0.0151
vn -0.9999 0.0087 0.0094
vn -0.9999 0.0049 0.0166
vn -0.6541 0.1531 0.7407
vn -0.6392 0.5055 0.5795
vn -0.0000 -0.6769 -0.7361
vn -0.0000 -0.9997 -0.0236
vn 0.0819 -0.9962 -0.0310
vn 0.4713 -0.5701 -0.6730
vn 0.0597 -0.9978 0.0279
vn 0.1660 -0.9861 0.0100
vn 0.0211 -0.9998 -0.0024
vn 0.0212 -0.9998 -0.0000
vn 0.5878 0.0138 -0.8089
vn 0.5462 0.1650 -0.8213
vn -0.7950 -0.6067 0.0024
vn -0.2374 -0.9714 0.0027
vn 0.2037 -0.9790 0.0059
vn 0.8250 -0.5649 0.0169
vn -0.0000 0.9509 0.3096
vn 0.5762 0.7776 0.2515
vn 0.9858 0.1508 0.0744
vn -1.0000 -0.0000 0.0015
vn -1.0000 0.0019 0.0020
vn -0.9999 0.0121 0.0053
vn 0.9998 0.0004 0.0187
vn -0.9944 -0.1052 0.0015
vn 0.9997 0.0149 0.0178
vn -0.0000 -1.0000 0.0025
vn -0.6516 0.7215 0.2343
vn 0.0211 -0.9998 0.0024
vn 0.5732 -0.5656 0.5929
vn 0.6866 -0.7268 0.0191
vn 0.9997 -0.0184 0.0139
vn 0.6946 -0.0037 0.7194
vn 0.9997 -0.0184 -0.0139
vn 0.6866 -0.7268 -0.0189
vn 0.5723 -0.5671 -0.5923
vn 0.6946 -0.0037 -0.7194
vn -0.0000 -0.9997 -0.0260
vn -0.0000 -0.6921 -0.7218
vn 0.6868 -0.7269 0.0027
vn -0.0000 -0.9997 0.0260
vn -0.0000 -1.0000 0.0027
vn 0.6874 -0.7263 0.0001
vn 0.9996 -0.0273 0.0001
vn 0.9996 -0.0281 0.0017
vn -0.9995 -0.0238 0.0193
vn -0.9993 -0.0366 0.0016
vn -0.6796 -0.7335 0.0019
vn -0.6808 -0.7322 0.0202
vn -0.6025 0.5532 0.5753
vn -0.6254 0.7380 0.2533
vn -0.9607 0.2569 0.1048
vn -0.9611 0.2209 0.1659
vn -0.0996 0.7027 0.7045
vn -0.1538 0.9348 0.3201
vn -0.6457 0.7636 -0.0000
vn -0.1630 0.9866 -0.0000
vn -0.9709 0.2396 -0.0000
vn 0.9997 0.0177 0.0173
vn 0.9997 0.0085 0.0233
vn 1.0000 0.0028 0.0028
vn 0.9996 0.0254 0.0110
vn 0.9998 0.0013 0.0203
vn 1.0000 0.0001 0.0024
vn 1.0000 0.0024 -0.0000
vn 0.9997 0.0237 -0.0000
vn -0.0000 -0.0051 1.0000
vn 0.0008 -0.6922 0.7217
vn -0.0000 -0.0051 -1.0000
vn -0.5696 -0.5682 -0.5938
vn -0.6905 -0.0037 -0.7234
vn -0.9993 -0.0368 -0.0000
vn -0.6805 -0.7327 -0.0000
vn 0.9998 0.0002 0.0198
vn 0.6907 0.0087 0.7231
vn 0.6858 0.0489 0.7261
vn -0.9995 -0.0245 -0.0184
vn -0.9996 0.0068 -0.0292
vn -0.6889 0.0167 -0.7247
vn -0.9978 0.0238 -0.0626
vn -0.6732 0.0700 -0.7361
vn -0.0000 0.0123 -0.9999
vn -0.0024 0.0639 -0.9980
vn -0.9996 0.0025 0.0270
vn -1.0000 -0.0000 0.0026
vn -0.9978 0.0276 0.0610
vn -1.0000 0.0008 0.0045
vn 0.6027 0.5487 0.5794
vn 0.6041 0.7523 0.2629
vn 0.6059 0.7955 -0.0000
vn -0.0662 0.9978 -0.0000
vn -0.0614 0.9394 0.3372
vn 0.6514 0.2080 0.7296
vn -0.0274 0.6708 0.7411
vn 0.0027 0.2619 0.9651
vn -0.0011 0.0672 0.9977
vn 0.6028 0.5502 -0.5779
vn 0.9997 0.0188 -0.0186
vn 0.9997 0.0083 -0.0234
vn 0.6519 0.2067 -0.7296
vn 0.9998 0.0013 -0.0203
vn 0.6858 0.0490 -0.7262
vn 0.0019 0.2636 -0.9646
vn -0.0003 0.0664 -0.9978
vn -0.0294 0.6706 -0.7412
vn -0.0000 -0.6921 0.7218
vn -0.0000 -0.0052 1.0000
vn 0.0069 0.6872 0.7264
vn 0.0181 0.2710 0.9624
vn -0.0217 0.2909 0.9565
vn -0.0007 0.0658 0.9978
vn -0.0019 0.0644 0.9979
vn -0.0148 0.9434 0.3313
vn -0.0170 0.9999 -0.0000
vn -0.0974 0.7006 -0.7068
vn 0.0063 0.6841 -0.7294
vn 0.0177 0.2766 -0.9608
vn -0.0202 0.2937 -0.9557
vn -0.0007 0.0644 -0.9979
vn -0.5697 -0.5683 0.5938
vn -0.6813 -0.7317 -0.0190
vn -0.6905 -0.0037 0.7234
vn -0.6037 0.2292 0.7635
vn -0.9839 0.0948 0.1518
vn -0.6705 0.0748 0.7381
vn 0.9996 -0.0280 -0.0018
vn 0.6868 -0.7269 -0.0028
vn -0.1538 0.9348 -0.3201
vn -0.6254 0.7380 -0.2533
vn -0.6025 0.5532 -0.5753
vn -0.9607 0.2569 -0.1048
vn -0.9611 0.2209 -0.1659
vn 1.0000 -0.0000 -0.0020
vn 0.9998 0.0002 -0.0197
vn 1.0000 0.0001 -0.0024
vn -0.9993 -0.0372 -0.0024
vn -0.6801 -0.7331 -0.0031
vn -0.9993 0.0321 -0.0164
vn -0.9996 0.0287 -0.0000
vn -0.9838 0.0948 -0.1518
vn -1.0000 0.0002 -0.0051
vn -0.0000 -1.0000 -0.0027
vn 0.9996 0.0256 -0.0109
vn 0.6039 0.7522 -0.2637
vn -0.0610 0.9392 -0.3378
vn -0.0148 0.9434 -0.3313
vn 1.0000 -0.0000 0.0020
vn -0.6037 0.2292 -0.7635
vn -0.9993 0.0321 0.0164
vn -0.0000 0.0121 0.9999
vn 0.6907 0.0087 -0.7231
vn -0.0000 0.0121 -0.9999
vn -0.0000 0.0124 0.9999
vn -0.0000 0.0123 0.9999
vn -0.0000 0.0122 -0.9999
vn -0.6871 0.0123 0.7265
vn 1.0000 0.0025 -0.0025
vn -1.0000 0.0007 -0.0034
vn -0.3562 0.9338 0.0333
vn -0.7087 0.7055 0.0061
vn -0.8828 0.4682 0.0371
vn -0.5616 0.5733 0.5966
vn -0.9995 0.0009 0.0323
vn -0.6854 0.0229 0.7278
vn -0.8828 0.4682 -0.0372
vn -0.7145 0.6996 -0.0068
vn -0.3562 0.9338 -0.0333
vn -0.5616 0.5732 -0.5966
vn -0.1277 0.9918 0.0029
vn -0.7316 0.6817 0.0027
vn -0.1276 0.9918 -0.0000
vn -0.7319 0.6815 -0.0000
vn 0.1101 0.9938 0.0136
vn 0.7368 0.6361 0.2290
vn 0.7918 0.6101 0.0272
vn 0.1386 0.9903 0.0071
vn 0.9995 0.0005 0.0323
vn 0.9566 0.0074 0.2912
vn 0.1360 0.9907 -0.0000
vn 0.7882 0.6154 -0.0000
vn 0.4769 -0.6116 0.6312
vn 0.5453 -0.7918 0.2753
vn 0.9316 -0.3345 0.1420
vn 0.9169 -0.3002 0.2631
vn 0.0263 -0.6888 0.7245
vn 0.1335 -0.9307 0.3405
vn 0.6160 -0.7877 -0.0000
vn 0.2071 -0.9783 -0.0000
vn 0.9536 -0.3010 -0.0000
vn -0.9987 -0.0363 0.0355
vn -0.9990 -0.0169 0.0411
vn -1.0000 -0.0023 0.0024
vn -0.9988 -0.0439 0.0202
vn -0.9994 -0.0027 0.0337
vn -1.0000 -0.0001 0.0016
vn -1.0000 -0.0019 -0.0000
vn -0.9992 -0.0396 -0.0003
vn 0.9567 0.0084 -0.2909
vn 0.4985 0.0271 -0.8665
vn 0.3966 0.6044 -0.6909
vn 0.7430 0.6290 -0.2287
vn -0.0000 0.0316 -0.9995
vn -0.0000 0.7002 -0.7139
vn -0.9958 0.0920 0.0015
vn -0.9958 0.0920 -0.0000
vn -1.0000 -0.0000 0.0018
vn -0.9995 0.0002 0.0325
vn -0.6794 0.0053 0.7338
vn -0.6726 -0.0562 0.7379
vn 0.9563 0.0014 -0.2924
vn 0.4965 0.0060 -0.8680
vn 0.9534 -0.0226 -0.3008
vn 0.4898 -0.0648 -0.8694
vn -0.0000 0.0073 -1.0000
vn -0.0000 -0.0763 -0.9971
vn 0.9563 0.0022 0.2925
vn 0.9995 0.0002 0.0323
vn 0.9534 -0.0229 0.3008
vn 0.9995 -0.0013 0.0328
vn -0.0000 0.9996 0.0270
vn -0.0000 0.7002 0.7139
vn -0.0000 0.9996 -0.0270
vn -0.0000 1.0000 0.0028
vn -0.6416 -0.7170 0.2727
vn -0.6260 -0.5320 0.5702
vn -0.6449 -0.7643 -0.0003
vn -0.0000 0.0316 0.9995
vn -0.6854 0.0230 -0.7278
vn -0.9995 0.0010 -0.0323
vn -0.6463 -0.2295 0.7278
vn -0.0000 -0.6837 0.7298
vn -0.0000 -0.3038 0.9527
vn -0.0000 -0.0763 0.9971
vn -0.9990 -0.0162 -0.0407
vn -0.6459 -0.2297 -0.7280
vn -0.6258 -0.5324 -0.5700
vn -0.9986 -0.0378 -0.0361
vn -0.9994 -0.0024 -0.0335
vn -0.6724 -0.0559 -0.7381
vn -0.0000 -0.9336 0.3583
vn -0.0000 -0.3038 -0.9527
vn -0.0000 -0.6837 -0.7298
vn 0.0066 -0.6849 0.7286
vn 0.0003 -0.3044 0.9525
vn 0.0363 -0.9344 0.3544
vn 0.0581 -0.9983 -0.0000
vn 0.0070 -0.6846 -0.7289
vn 0.0003 -0.3043 -0.9526
vn -0.0000 -0.3048 -0.9524
vn 0.0259 -0.6885 -0.7248
vn 0.0517 0.9981 0.0344
vn 0.3972 0.6048 0.6903
vn 0.0379 0.9988 -0.0313
vn 0.1103 0.9938 -0.0125
vn 0.0139 0.9999 0.0027
vn 0.0139 0.9999 -0.0000
vn 0.4988 0.0266 0.8663
vn 0.4546 -0.2591 0.8522
vn 0.9335 -0.1329 0.3331
vn 0.4896 -0.0651 0.8695
vn -0.1275 0.9918 -0.0027
vn -0.7317 0.6816 -0.0024
vn 0.1386 0.9903 -0.0071
vn 0.7918 0.6101 -0.0272
vn 0.1335 -0.9307 -0.3405
vn 0.5457 -0.7915 -0.2752
vn 0.4769 -0.6116 -0.6312
vn 0.9316 -0.3345 -0.1420
vn 0.9169 -0.3002 -0.2631
vn -0.9995 0.0002 -0.0325
vn -1.0000 -0.0001 -0.0016
vn 0.9995 0.0006 -0.0322
vn -0.9958 0.0920 -0.0015
vn 0.9982 -0.0441 -0.0398
vn 0.9992 -0.0401 -0.0000
vn 0.9334 -0.1331 -0.3331
vn 0.9995 -0.0012 -0.0329
vn -0.0000 1.0000 -0.0028
vn -0.6415 -0.7171 -0.2724
vn -0.9988 -0.0444 -0.0203
vn -0.0000 -0.9336 -0.3583
vn 0.0364 -0.9344 -0.3544
vn 0.0139 0.9999 -0.0027
vn 0.4546 -0.2591 -0.8522
vn 0.9982 -0.0441 0.0398
vn -0.0000 0.0073 1.0000
vn -0.6794 0.0054 -0.7338
vn 0.4966 0.0068 0.8679
vn -1.0000 -0.0021 -0.0021
vn 0.9995 -0.0000 -0.0323
vn -0.1632 -0.9866 -0.0000
vn -0.1416 0.9899 -0.0000
vn -0.2926 0.9562 -0.0000
vn -0.2903 0.9570 -0.0000
vn -0.0000 0.0477 -0.9989
vn -0.0000 0.0477 0.9989
vn 0.7709 0.6369 -0.0000
vn -0.6938 0.7201 -0.0000
vn -0.5555 0.8315 -0.0000
vn -0.0772 0.9970 -0.0000
vn -0.2715 0.9624 -0.0000
vn -0.1064 -0.0000 0.9943
vn 0.2188 0.9758 -0.0000
vn -0.0648 -0.0000 0.9979
vn -0.4080 0.9130 -0.0000
vn -0.0334 -0.0000 0.9994
vn 0.0888 0.9961 -0.0000
vn -0.0831 0.9965 -0.0000
vn 0.2218 0.9751 -0.0000
vn -0.1756 0.9845 -0.0000
vn -0.0811 0.9967 -0.0000
vn -0.1324 0.9912 -0.0000
vn -0.0118 0.9999 -0.0000
vn -0.1064 -0.0000 -0.9943
vn -0.0648 -0.0000 -0.9979
vn -0.0334 -0.0000 -0.9994
vn 0.0448 0.9555 0.2917
vn 0.0521 0.9727 0.2260
vn 0.0536 0.9986 0.0005
vn 0.0544 0.9985 -0.0000
vn 0.0149 -0.0000 -0.9999
vn 0.0149 -0.0000 0.9999
vn -0.0397 -0.9992 -0.0000
vn 0.0521 0.9728 -0.2256
vn 0.0522 0.9872 0.1504
vn 0.0397 0.9992 -0.0000
vn 0.0448 0.9555 -0.2917
vn 0.9687 0.2473 0.0203
vn -0.0000 0.1394 0.9902
vn -0.0000 0.0698 0.9976
vn -0.0001 0.0698 0.9976
vn -0.0000 0.8135 0.5815
vn -0.0000 1.0000 0.0005
vn -0.0000 0.0692 -0.9976
vn 0.9765 0.2157 -0.0000
vn 0.9764 0.2158 -0.0000
vn 0.0522 0.9873 -0.1503
vn 0.9687 0.2473 -0.0203
vn -0.0000 0.1380 -0.9904
vn -0.0000 0.8141 -0.5807
vn -0.0076 0.7890 0.6144
vn -0.0076 0.7889 0.6144
vn -0.0070 0.7890 -0.6144
vn -0.0076 0.7890 -0.6144
vn -0.0076 0.7889 -0.6144
vn -0.0000 0.0699 0.9976
vn -0.0000 0.8135 0.5816
vn -0.0000 0.0626 0.9980
vn -0.0000 0.0620 -0.9981
vn -0.8124 -0.5831 -0.0000
vn -0.8117 -0.5841 -0.0000
vn -0.8095 -0.5871 -0.0000
vn -0.5739 0.8189 -0.0000
vn 0.4924 -0.8704 -0.0000
vn 0.4962 -0.8682 -0.0000
vn 0.5034 0.8641 -0.0000
vn 0.9770 0.2132 -0.0000
vn -0.2552 0.9669 -0.0000
vn 0.7839 -0.6209 -0.0000
vn -0.8139 -0.5811 -0.0000
vn 0.8139 0.5811 -0.0000
vn -0.5037 -0.3669 0.7821
vn -0.5039 -0.3670 0.7819
vn -0.5041 -0.3671 0.7817
vn -0.5415 0.8407 -0.0000
vn 0.5000 -0.8660 -0.0000
vn 0.5415 -0.8407 -0.0000
vn 0.1910 -0.9816 -0.0000
vn 0.2208 -0.9753 -0.0000
vn 0.9659 0.2591 -0.0000
vn 0.9659 0.2590 -0.0000
vn -0.3552 0.9348 0.0001
vn -0.0174 0.9998 0.0001
vn 0.1472 -0.9891 0.0002
vn -0.0531 0.9986 -0.0000
vn -0.1051 0.9945 -0.0000
vn -0.2277 -0.9737 -0.0002
vn -0.2276 -0.9737 -0.0002
vn -0.7512 -0.6601 -0.0001
vn -0.9899 -0.1419 -0.0000
vn -0.9899 -0.1418 -0.0000
vn -0.3908 0.9205 -0.0000
vn -0.8487 0.5289 -0.0000
vn -0.6548 0.7558 -0.0000
vn 0.2174 -0.9761 -0.0000
vn 0.2308 -0.9730 -0.0000
vn 0.9965 0.0834 -0.0000
vn 0.9955 -0.0948 -0.0000
vn 0.0178 0.9998 -0.0000
vn 0.1958 -0.9806 -0.0000
vn 0.1933 -0.9811 -0.0000
vn 0.2007 -0.9797 -0.0000
vn 0.2007 -0.9797 -0.0001
vn 0.2341 -0.8919 0.3869
vn 0.2148 -0.8965 0.3876
vn 0.2084 -0.8634 0.4594
vn 0.2412 -0.8556 0.4580
vn 0.2131 -0.8965 0.3884
vn 0.1995 -0.8986 0.3908
vn 0.1933 -0.8655 0.4621
vn 0.2058 -0.8642 0.4591
vn 0.1726 -0.8466 0.5034
vn 0.1645 -0.7957 0.5829
vn 0.1691 -0.8116 0.5592
vn 0.1735 -0.8486 0.4998
vn 0.9180 0.0734 -0.3898
vn 0.7651 0.0361 -0.6429
vn 0.8241 0.0296 -0.5657
vn 0.9667 0.0365 -0.2533
vn 0.6813 0.0263 -0.7315
vn 0.8570 0.0032 -0.5154
vn 0.8953 -0.0117 -0.4454
vn 0.7268 0.0166 -0.6867
vn -0.3878 0.8977 -0.2092
vn -0.6871 0.7249 -0.0497
vn -0.6890 0.7116 0.1375
vn -0.3720 0.9276 -0.0332
vn -0.7104 0.7029 0.0363
vn -0.6906 0.6750 0.2598
vn -0.0350 0.9467 0.3201
vn -0.0790 0.9430 0.3232
vn 0.0120 0.9337 0.3578
vn 0.0115 0.9328 0.3601
vn -0.1380 0.9505 0.2785
vn -0.1492 0.9654 0.2138
vn -0.2861 0.9581 0.0138
vn -0.5030 0.8641 -0.0169
vn -0.7501 0.5074 -0.4242
vn -0.8983 0.4370 -0.0464
vn -0.8460 -0.0894 -0.5257
vn -0.9865 -0.1386 -0.0867
vn -0.5982 -0.5379 -0.5940
vn -0.7770 -0.6187 -0.1165
vn -0.5237 -0.6483 -0.5526
vn -0.6119 -0.7595 -0.2209
vn 0.1743 -0.9606 0.2163
vn 0.2388 -0.9152 0.3246
vn 0.2016 -0.8952 0.3974
vn 0.2013 -0.9132 0.3542
vn 0.9908 0.1089 -0.0808
vn 0.9836 0.1208 -0.1340
vn 0.8575 0.0598 -0.5109
vn -0.1806 0.9835 0.0001
vn -0.9981 0.0621 -0.0000
vn 0.1860 -0.9825 -0.0000
vn 0.1624 -0.7690 0.6182
vn 0.1627 -0.7771 0.6080
vn 0.1705 -0.8202 0.5461
vn 0.0178 0.9997 0.0183
vn 0.0178 0.9978 -0.0639
vn 0.0177 0.9922 -0.1230
vn 0.9870 -0.0375 -0.1564
vn 0.9935 0.0420 0.1063
vn -0.3312 0.9436 -0.0000
vn 0.2074 -0.9783 -0.0000
vn 0.1861 -0.9825 -0.0000
vn -0.2888 0.9497 0.1208
vn 0.2004 -0.8270 0.5253
vn 0.2282 -0.8264 0.5148
vn 0.1966 -0.8268 0.5270
vn 0.1814 -0.8266 0.5327
vn 0.1605 -0.7679 0.6201
vn 0.9604 -0.0200 -0.2778
vn -0.6618 0.6746 0.3269
vn -0.6574 0.6364 0.4034
vn -0.0504 0.9339 0.3540
vn 0.0125 0.9350 0.3545
vn -0.4569 0.8442 0.2803
vn -0.1260 0.9337 0.3353
vn -0.8015 0.4275 0.4181
vn -0.9194 -0.1189 0.3750
vn -0.7157 -0.5695 0.4043
vn -0.5864 -0.7273 0.3565
vn 0.2132 -0.8481 0.4851
vn 0.1917 -0.8768 0.4410
vn 0.7571 0.0275 -0.6527
vn 0.1754 -0.8566 0.4852
vn 0.0172 0.9650 -0.2618
vn 0.0120 0.9332 0.3592
vn 0.0117 0.9323 0.3614
vn 0.0123 0.9345 0.3558
vn 0.2295 -0.9250 0.3029
vn 0.2184 -0.9641 0.1511
vn 0.2353 -0.9003 0.3661
vn 0.8660 0.5000 -0.0000
vn 0.5000 0.8660 -0.0000
vn -0.5000 0.8660 -0.0000
vn -0.8660 0.5000 -0.0000
vn -0.8660 -0.5000 -0.0000
vn -0.5000 -0.8660 -0.0000
vn 0.8660 -0.5000 -0.0000
vn 0.2398 -0.0000 0.9708
vn 0.4055 -0.0000 0.9141
vn 0.3512 0.2027 0.9141
vn 0.2077 0.1199 0.9708
vn 0.2027 0.3512 0.9141
vn 0.1199 0.2077 0.9708
vn -0.0000 0.4055 0.9141
vn -0.0000 0.2398 0.9708
vn -0.2027 0.3512 0.9141
vn -0.1199 0.2077 0.9708
vn -0.3512 0.2027 0.9141
vn -0.2077 0.1199 0.9708
vn -0.4055 -0.0000 0.9141
vn -0.2398 -0.0000 0.9708
vn -0.3512 -0.2027 0.9141
vn -0.2077 -0.1199 0.9708
vn -0.2027 -0.3512 0.9141
vn -0.1199 -0.2077 0.9708
vn -0.0000 -0.4055 0.9141
vn -0.0000 -0.2398 0.9708
vn 0.2027 -0.3512 0.9141
vn 0.1199 -0.2077 0.9708
vn 0.3512 -0.2027 0.9141
vn 0.2077 -0.1199 0.9708
vn -0.0017 -0.1224 0.9925
vn -0.0006 -0.1157 0.9933
vn 0.9975 -0.0701 -0.0000
vn 0.9948 -0.1019 -0.0000
vn -0.0149 -0.5541 0.8323
vn -0.0148 -0.5520 0.8337
vn -0.0052 -0.9282 0.3721
vn -0.0076 -0.9281 0.3721
vn -0.0014 -1.0000 -0.0000
vn -1.0000 -0.0026 -0.0000
vn -0.9995 -0.0310 0.0011
vn -0.9997 -0.0259 -0.0000
vn -0.9991 -0.0431 0.0050
vn -0.9994 -0.0346 0.0039
vn 0.9960 -0.0893 0.0102
vn 0.9982 -0.0605 0.0017
vn 0.9976 -0.0692 0.0075
vn 0.9972 -0.0750 -0.0000
vn 0.9946 -0.1038 -0.0000
vn 0.9940 -0.1091 0.0039
vn -0.9997 -0.0263 -0.0000
vn -0.9996 -0.0289 0.0022
vn -1.0000 0.0056 -0.0000
vn -0.9999 0.0172 -0.0000
vn -0.9986 0.0522 -0.0000
vn -0.9993 -0.0374 -0.0000
vn 0.9984 -0.0557 -0.0000
vn 0.9998 -0.0206 -0.0000
vn 0.9927 -0.1202 -0.0000
vn -0.9995 -0.0324 -0.0000
vn -0.9998 -0.0177 -0.0000
vn -0.6323 -0.7747 -0.0000
vn -0.7699 -0.6382 -0.0000
vn -0.5270 -0.8499 -0.0000
vn -0.5807 -0.8141 -0.0000
vn 0.9975 -0.0702 -0.0000
vn -0.9919 0.1269 -0.0000
vn -0.9653 0.2612 -0.0000
vn -0.9206 0.3906 -0.0000
vn -0.0006 -0.1157 -0.9933
vn -0.0017 -0.1223 -0.9925
vn -0.0149 -0.5541 -0.8323
vn -0.0148 -0.5520 -0.8337
vn -0.0052 -0.9282 -0.3721
vn -0.0076 -0.9281 -0.3721
vn -0.9995 -0.0310 -0.0011
vn -0.9994 -0.0346 -0.0039
vn -0.9991 -0.0431 -0.0050
vn 0.9960 -0.0893 -0.0102
vn 0.9976 -0.0691 -0.0075
vn 0.9982 -0.0605 -0.0017
vn 0.9940 -0.1091 -0.0039
vn -0.9996 -0.0289 -0.0022
vn -0.0011 0.0005 1.0000
vn -0.0013 0.2565 0.9665
vn -0.1294 0.2224 0.9663
vn -0.2232 0.1287 0.9662
vn -0.2575 0.0006 0.9663
vn -0.2230 -0.1274 0.9665
vn -0.1292 -0.2209 0.9667
vn -0.0013 -0.2550 0.9669
vn 0.1264 -0.2206 0.9671
vn 0.2197 -0.1271 0.9673
vn 0.2540 0.0006 0.9672
vn 0.2199 0.1283 0.9671
vn 0.1265 0.2220 0.9668
vn -0.0014 0.6498 0.7601
vn -0.3265 0.5636 0.7588
vn -0.5647 0.3258 0.7583
vn -0.6517 0.0006 0.7585
vn -0.5640 -0.3242 0.7595
vn -0.3258 -0.5611 0.7609
vn -0.0014 -0.6470 0.7625
vn 0.3220 -0.5596 0.7637
vn 0.5585 -0.3226 0.7642
vn 0.6452 0.0006 0.7640
vn 0.5591 0.3243 0.7630
vn 0.3227 0.5620 0.7616
vn -0.0000 0.8248 0.5654
vn -0.4132 0.7156 0.5632
vn -0.7162 0.4135 0.5622
vn -0.8267 -0.0000 0.5626
vn -0.7149 -0.4128 0.5643
vn -0.4119 -0.7134 0.5670
vn -0.0000 -0.8218 0.5698
vn 0.4101 -0.7104 0.5719
vn 0.7098 -0.4098 0.5730
vn 0.8199 -0.0000 0.5725
vn 0.7111 0.4106 0.5708
vn 0.4114 0.7127 0.5682
vn 0.1263 -0.2206 0.9672
vn -0.3264 0.5636 0.7588
vn -0.7149 -0.4128 0.5644
vn 0.7097 -0.4098 0.5730
vn -0.0012 0.0005 1.0000
vn -0.0014 0.2710 0.9626
vn -0.1367 0.2349 0.9624
vn -0.2358 0.1359 0.9623
vn -0.2720 0.0006 0.9623
vn -0.2356 -0.1346 0.9625
vn -0.1365 -0.2334 0.9628
vn -0.0014 -0.2694 0.9630
vn 0.1335 -0.2330 0.9633
vn 0.2322 -0.1342 0.9634
vn 0.2683 0.0006 0.9633
vn 0.2323 0.1356 0.9632
vn 0.1337 0.2346 0.9629
vn -0.0014 0.6683 0.7439
vn -0.3356 0.5795 0.7427
vn -0.5806 0.3350 0.7421
vn -0.6700 0.0006 0.7423
vn -0.5799 -0.3334 0.7433
vn -0.3350 -0.5771 0.7448
vn -0.0014 -0.6655 0.7464
vn 0.3313 -0.5756 0.7476
vn 0.5745 -0.3319 0.7482
vn 0.6637 0.0006 0.7480
vn 0.5752 0.3335 0.7470
vn 0.3319 0.5780 0.7455
vn -0.0001 0.8405 0.5418
vn -0.4210 0.7291 0.5396
vn -0.7297 0.4213 0.5386
vn -0.8423 -0.0000 0.5390
vn -0.7285 -0.4206 0.5407
vn -0.4198 -0.7270 0.5433
vn -0.0001 -0.8377 0.5461
vn 0.4181 -0.7243 0.5483
vn 0.7237 -0.4178 0.5493
vn 0.8359 -0.0000 0.5489
vn 0.7249 0.4186 0.5471
vn 0.4193 0.7264 0.5445
vn -0.2358 0.1359 0.9622
vn 0.5751 0.3335 0.7470
vn -0.7297 0.4213 0.5385
vn -0.0011 0.0005 -1.0000
vn -0.1294 0.2224 -0.9663
vn -0.0013 0.2565 -0.9665
vn -0.2232 0.1287 -0.9662
vn -0.2575 0.0006 -0.9663
vn -0.2230 -0.1274 -0.9665
vn -0.1292 -0.2209 -0.9667
vn -0.0013 -0.2550 -0.9669
vn 0.1264 -0.2206 -0.9671
vn 0.2197 -0.1271 -0.9673
vn 0.2540 0.0006 -0.9672
vn 0.2199 0.1283 -0.9671
vn 0.1265 0.2220 -0.9668
vn -0.3264 0.5636 -0.7588
vn -0.0014 0.6498 -0.7601
vn -0.5647 0.3258 -0.7583
vn -0.6517 0.0006 -0.7585
vn -0.5640 -0.3242 -0.7595
vn -0.3258 -0.5611 -0.7609
vn -0.0014 -0.6470 -0.7625
vn 0.3220 -0.5596 -0.7637
vn 0.5584 -0.3226 -0.7643
vn 0.6452 0.0006 -0.7640
vn 0.5591 0.3243 -0.7630
vn 0.3227 0.5620 -0.7616
vn -0.4132 0.7156 -0.5632
vn -0.0000 0.8248 -0.5654
vn -0.7162 0.4135 -0.5622
vn -0.8267 -0.0000 -0.5626
vn -0.7149 -0.4128 -0.5643
vn -0.4119 -0.7133 -0.5670
vn -0.0000 -0.8218 -0.5698
vn 0.4101 -0.7104 -0.5719
vn 0.7098 -0.4098 -0.5730
vn 0.8199 -0.0000 -0.5725
vn 0.7111 0.4106 -0.5708
vn 0.4114 0.7127 -0.5682
vn 0.1264 -0.2206 -0.9672
vn 0.5585 -0.3226 -0.7642
vn -0.7149 -0.4128 -0.5644
vn -0.4119 -0.7134 -0.5670
vn 0.7097 -0.4098 -0.5730
vn -0.0012 0.0005 -1.0000
vn -0.1367 0.2349 -0.9624
vn -0.0014 0.2710 -0.9626
vn -0.2358 0.1359 -0.9623
vn -0.2720 0.0006 -0.9623
vn -0.2356 -0.1346 -0.9625
vn -0.1365 -0.2334 -0.9628
vn -0.0014 -0.2694 -0.9630
vn 0.1335 -0.2330 -0.9633
vn 0.2322 -0.1342 -0.9634
vn 0.2683 0.0006 -0.9633
vn 0.2323 0.1356 -0.9631
vn 0.1337 0.2346 -0.9629
vn -0.3356 0.5795 -0.7427
vn -0.0014 0.6683 -0.7439
vn -0.5806 0.3350 -0.7421
vn -0.6700 0.0006 -0.7423
vn -0.5799 -0.3334 -0.7433
vn -0.3350 -0.5771 -0.7448
vn -0.0014 -0.6655 -0.7464
vn 0.3313 -0.5756 -0.7476
vn 0.5745 -0.3319 -0.7482
vn 0.6637 0.0006 -0.7480
vn 0.5752 0.3335 -0.7470
vn 0.3319 0.5780 -0.7455
vn -0.4210 0.7291 -0.5396
vn -0.0001 0.8405 -0.5418
vn -0.7297 0.4213 -0.5386
vn -0.8423 -0.0000 -0.5390
vn -0.7285 -0.4206 -0.5407
vn -0.4198 -0.7270 -0.5433
vn -0.0001 -0.8377 -0.5461
vn 0.4181 -0.7243 -0.5483
vn 0.7237 -0.4178 -0.5493
vn 0.8359 -0.0000 -0.5489
vn 0.7249 0.4186 -0.5471
vn 0.4193 0.7264 -0.5445
vn -0.1365 -0.2334 -0.9627
vn -0.7297 0.4213 -0.5385
vn -0.0000 -0.0452 -0.9990
vn -0.0000 0.0452 0.9990
vn 0.9995 0.0014 0.0318
vn -0.7544 0.6564 -0.0000
vn -0.0000 0.1866 0.9824
vn -0.0000 0.3878 0.9218
vn -0.8594 0.5112 -0.0000
vn -0.7719 0.6358 -0.0000
vn -0.8710 0.4913 -0.0000
vn -0.8501 0.5266 -0.0000
vn -0.0000 0.5184 0.8552
vn -0.0000 0.1786 0.9839
vn -0.0000 0.5183 0.8552
vn -0.0000 -0.5183 -0.8552
vn -0.0000 -0.5707 -0.8211
vn -0.0000 -0.2383 -0.9712
vn -0.0000 -0.1786 -0.9839
vn -0.7519 0.6593 -0.0000
vn -0.3807 0.9247 -0.0000
vn -0.2647 0.9643 -0.0000
vn -0.0000 0.0205 0.9998
vn -0.0000 0.5707 0.8211
vn 0.9992 0.0018 0.0395
vn -0.0000 -0.0205 -0.9998
vn -0.0000 -0.5184 -0.8552
vn -0.0000 -0.3878 -0.9218
vn 0.9976 0.0037 0.0689
vn 0.0022 -0.5526 0.8335
vn -0.0000 -0.5379 0.8430
vn -0.0000 0.0113 0.9999
vn -0.0000 0.5894 0.8079
vn -0.0000 0.7564 0.6541
vn -0.0000 -0.4109 0.9117
vn -0.0000 -0.1693 0.9856
vn 0.9908 0.0068 0.1348
vn 0.9905 0.0079 0.1376
vn -0.0000 0.9082 0.4185
vn -0.9900 0.0070 0.1409
vn -0.9898 0.0064 0.1423
vn -0.9905 0.0074 0.1375
vn -0.9905 0.0079 0.1376
vn -0.0000 -0.8902 0.4556
vn 0.9850 0.0105 0.1722
vn 0.9854 0.0100 0.1698
vn 0.9784 0.0128 0.2065
vn 0.9784 0.0128 0.2064
vn -0.0000 0.9923 0.1236
vn -0.0000 0.9986 -0.0534
vn -0.9784 0.0128 0.2064
vn -0.9850 0.0105 0.1722
vn -0.9855 0.0100 0.1693
vn -0.9784 0.0128 0.2063
vn -0.0000 -0.9850 0.1725
vn -0.0000 -0.9942 -0.1078
vn 0.9900 0.0070 0.1409
vn -0.9908 0.0068 0.1348
vn 0.6907 0.0428 0.7219
vn 0.6857 0.0415 0.7267
vn 0.6870 0.0423 0.7254
vn 0.6923 0.0432 0.7203
vn -0.0000 0.9966 -0.0820
vn -0.0000 0.9970 -0.0769
vn -0.6968 0.0437 0.7159
vn -0.6985 0.0445 0.7143
vn -0.6923 0.0432 0.7203
vn -0.6907 0.0428 0.7219
vn -0.0000 -0.9641 -0.2655
vn -0.0000 -0.9599 -0.2802
vn 0.9731 0.0077 0.2302
vn 0.9697 0.0104 0.2439
vn 0.9899 0.0068 0.1414
vn 0.9903 0.0073 0.1390
vn -0.0000 0.9713 -0.2378
vn -0.0000 0.9543 -0.2988
vn -0.9875 -0.0040 -0.1574
vn -0.9958 -0.0052 -0.0909
vn -0.9957 -0.0048 -0.0926
vn -0.9878 -0.0052 -0.1556
vn -0.0000 -0.9989 -0.0474
vn -0.0000 -0.9986 -0.0529
vn 1.0000 -0.0001 0.0048
vn 0.9988 0.0120 -0.0477
vn 1.0000 -0.0002 -0.0012
vn -0.0000 0.9997 0.0263
vn 0.0001 0.9997 0.0247
vn 0.0039 0.9605 0.2781
vn 0.0062 0.9537 0.3006
vn -0.9884 0.0077 0.1517
vn -0.9886 0.0381 0.1455
vn -0.9878 0.0223 0.1539
vn -0.9943 0.0037 0.1070
vn 0.0055 -0.9010 0.4338
vn -0.0000 -0.9944 0.1059
vn 0.0002 -0.9935 0.1141
vn 0.0041 -0.8914 0.4531
vn 0.9903 0.0001 0.1390
vn 0.9995 0.0002 0.0305
vn 0.9996 0.0004 0.0297
vn 0.9850 0.0024 0.1723
vn -0.0000 0.9535 -0.3015
vn -0.0000 0.9641 -0.2657
vn -0.0000 1.0000 0.0047
vn -0.0000 1.0000 0.0048
vn -0.9966 -0.0026 -0.0821
vn -0.9986 0.0007 0.0532
vn -0.9985 0.0008 0.0543
vn -0.9968 -0.0014 -0.0798
vn -0.0000 -1.0000 -0.0036
vn -0.0000 -0.9994 -0.0358
vn -0.0000 -0.9991 -0.0415
vn -0.0000 -1.0000 -0.0037
vn -0.0000 0.3877 0.9218
vn -0.0000 0.2383 0.9712
vn -0.0000 -0.1866 -0.9824
vn 0.9725 0.0060 0.2328
vn -0.9862 -0.0067 -0.1653
vn -0.9943 0.0039 0.1065
vn -0.0000 0.6183 0.7859
vn 0.0023 0.6016 0.7988
vn -0.9910 0.0060 0.1335
vn 0.9855 0.0100 0.1693
vn 0.9784 0.0128 0.2063
vn -0.9784 0.0128 0.2065
vn -0.9854 0.0100 0.1698
vn 0.6968 0.0437 0.7159
vn 0.6985 0.0445 0.7143
vn -0.6870 0.0423 0.7254
vn -0.6857 0.0415 0.7267
vn 0.9906 0.0078 0.1364
vn -0.9955 -0.0045 -0.0943
vn 0.9996 0.0004 0.0291
vn 0.9845 0.0038 0.1753
vn -0.9985 0.0003 0.0556
vn -0.9989 -0.0000 -0.0471
vn 1.0000 0.0002 0.0044
vn -0.9941 0.0037 0.1087
vn 0.9979 -0.0466 -0.0457
vn -0.9873 -0.0202 0.1576
vn -0.9811 -0.0525 0.1860
vn 0.9983 0.0100 -0.0567
vn 0.9923 -0.0364 -0.1187
vn 0.9988 -0.0119 -0.0472
vn 0.3009 0.9537 -0.0000
vn 0.2987 0.9543 -0.0000
vn -0.9907 -0.1357 -0.0000
vn -0.2134 0.9770 -0.0000
vn -0.3088 -0.9511 -0.0000
vn 0.7296 -0.6839 -0.0000
vn 0.7296 -0.6838 -0.0000
vn 0.6784 -0.7347 -0.0000
vn 0.2965 0.9550 -0.0000
vn -0.9591 -0.2832 -0.0000
vn -0.9750 -0.2222 -0.0000
vn -0.2439 0.9698 -0.0000
vn -0.2136 0.9769 -0.0000
vn 0.7295 -0.6840 -0.0000
vn -0.9749 -0.2226 -0.0000
vn 0.8031 -0.5958 -0.0000
vn -0.0000 0.6441 0.7649
vn -0.0000 0.9633 0.2684
vn -0.0000 0.9633 -0.2684
vn -0.0000 0.6441 -0.7649
vn -0.0000 -0.6441 -0.7649
vn -0.0000 -0.9633 -0.2684
vn -0.0000 -0.9633 0.2684
vn -0.0000 -0.6441 0.7649
vn -0.0000 0.5600 -0.8285
vn -0.0000 0.7689 -0.6394
vn -0.0000 1.0000 -0.0015
vn -0.0000 1.0000 0.0015
vn -0.0000 0.7689 0.6394
vn -0.0000 0.5600 0.8285
vn -0.0000 -0.5600 0.8285
vn -0.0000 -0.8976 0.4408
vn -0.0000 -0.8976 -0.4408
vn -0.0000 -0.5600 -0.8285
vn -0.0000 0.8976 -0.4408
vn -0.0000 0.8976 0.4408
vn -0.0000 -0.0264 -0.9997
vn -0.0000 -0.0264 0.9997
vn -0.1859 -0.0000 -0.9826
vn -0.1769 0.5551 -0.8127
vn -0.0872 0.5568 -0.8261
vn -0.0892 -0.0000 -0.9960
vn -0.1618 0.8874 -0.4316
vn -0.0676 0.9040 -0.4222
vn 0.2398 0.9703 0.0323
vn 0.1232 0.9922 0.0176
vn -0.1361 0.9061 0.4006
vn -0.0797 0.9100 0.4069
vn -0.1769 0.5551 0.8127
vn -0.0874 0.5561 0.8265
vn -0.1859 -0.0000 0.9826
vn -0.0916 0.0001 0.9958
vn -0.1769 -0.5551 0.8128
vn -0.0875 -0.5562 0.8264
vn -0.1618 -0.8874 0.4316
vn -0.0802 -0.8937 0.4413
vn -0.1554 -0.9878 -0.0000
vn -0.0762 -0.9971 -0.0000
vn -0.1618 -0.8874 -0.4316
vn -0.0798 -0.8936 -0.4417
vn -0.1769 -0.5551 -0.8127
vn -0.0872 -0.5568 -0.8260
vn 0.9342 -0.0000 0.3567
vn 0.9306 -0.2129 0.2976
vn 0.9246 -0.3455 0.1607
vn 0.9246 0.3455 0.1607
vn 0.9342 -0.0000 -0.3567
vn 0.9246 -0.3455 -0.1607
vn 0.9219 -0.3874 -0.0000
vn 0.9306 -0.2129 -0.2976
vn 0.9246 0.3455 -0.1607
vn 0.9306 0.2129 -0.2976
vn 0.9219 0.3874 -0.0000
vn 0.9306 0.2129 0.2976
vn 0.0024 0.5560 -0.8312
vn 0.0110 -0.0000 -0.9999
vn 0.0012 0.9150 -0.4035
vn 0.0042 1.0000 -0.0000
vn 0.0011 0.9155 0.4024
vn 0.0003 0.5602 0.8283
vn -0.0001 -0.0000 1.0000
vn 0.0005 -0.5605 0.8282
vn 0.0015 -0.8989 0.4382
vn 0.0045 -1.0000 0.0001
vn 0.0015 -0.8983 -0.4393
vn 0.0024 -0.5561 -0.8311
vn -0.3765 -0.0000 -0.9264
vn -0.0880 0.4834 -0.8709
vn 0.0088 0.5602 -0.8283
vn 0.0093 -0.0000 -1.0000
vn -0.0642 0.9227 -0.3802
vn 0.0081 0.8977 -0.4406
vn -0.2624 0.9650 -0.0000
vn 0.0077 1.0000 -0.0000
vn -0.0642 0.9227 0.3802
vn 0.0079 0.8977 0.4406
vn -0.0880 0.4834 0.8710
vn 0.0079 0.5602 0.8283
vn -0.3413 -0.0000 0.9400
vn 0.0093 -0.0000 1.0000
vn -0.0880 -0.4834 0.8710
vn 0.0088 -0.5602 0.8283
vn -0.0642 -0.9227 0.3802
vn 0.0081 -0.8977 0.4406
vn -0.2624 -0.9650 -0.0000
vn 0.0077 -1.0000 -0.0000
vn -0.0642 -0.9227 -0.3802
vn 0.0079 -0.8977 -0.4406
vn -0.0880 -0.4834 -0.8709
vn 0.0079 -0.5602 -0.8283
vn 0.0364 -0.1059 -0.9937
vn -0.0004 -0.1224 -0.9925
vn -0.0001 -0.0000 -1.0000
vn 0.0539 0.0042 -0.9985
vn 0.0528 0.9329 -0.3561
vn -0.0026 0.9751 -0.2217
vn 0.0013 0.3039 -0.9527
vn 0.0830 0.4860 -0.8700
vn 0.2082 0.9778 -0.0225
vn -0.0031 1.0000 0.0016
vn -0.0002 0.9982 0.0600
vn 0.0482 0.9979 0.0429
vn 0.1522 0.9883 0.0107
vn -0.0023 0.9981 -0.0617
vn 0.0511 0.9338 0.3540
vn 0.0834 0.4902 0.8676
vn -0.0007 0.3207 0.9472
vn -0.0006 0.9760 0.2176
vn 0.0545 0.0007 0.9985
vn -0.0003 -0.0931 0.9957
vn 0.0518 -0.0457 0.9976
vn 0.0577 0.0408 0.9975
vn -0.0005 0.0933 0.9956
vn 0.0696 -0.9204 0.3847
vn 0.0078 -0.9785 0.2059
vn 0.0421 -0.4341 0.8999
vn 0.1134 -0.4888 0.8650
vn 0.2082 -0.9778 0.0225
vn -0.0031 -1.0000 -0.0016
vn -0.0002 -0.9982 -0.0596
vn 0.0483 -0.9979 -0.0428
vn 0.1522 -0.9883 -0.0107
vn -0.0023 -0.9981 0.0617
vn 0.0837 -0.4854 -0.8703
vn -0.0019 -0.3002 -0.9539
vn -0.0004 -0.9750 -0.2224
vn 0.0633 -0.9218 -0.3825
vn -0.0002 0.1226 -0.9925
vn 0.0451 0.1008 -0.9939
vn -0.3420 -0.0660 -0.9374
vn -0.5042 -0.0005 -0.8636
vn -0.3423 0.0663 -0.9373
vn 0.0105 -0.2861 -0.9581
vn 0.0068 0.2649 -0.9643
vn 0.3706 0.0280 -0.9284
vn 0.4075 -0.0000 -0.9132
vn 0.4775 0.0033 -0.8786
vn 0.3695 -0.0327 -0.9287
vn -0.0018 -0.2464 -0.9692
vn -0.2495 0.9682 0.0175
vn -0.4788 0.8778 0.0180
vn 0.0090 0.9769 -0.2133
vn 0.0062 0.9814 0.1920
vn 0.2212 0.9749 0.0235
vn 0.2272 0.9738 -0.0000
vn 0.4323 0.9015 -0.0190
vn 0.2172 0.9760 -0.0182
vn -0.0047 0.9847 -0.1743
vn -0.2539 0.9668 -0.0281
vn -0.3389 -0.0113 0.9408
vn -0.4080 -0.0023 0.9130
vn 0.0111 0.2867 0.9580
vn 0.0057 -0.2396 0.9709
vn 0.3340 0.0138 0.9425
vn 0.3418 0.0001 0.9398
vn 0.3988 0.0016 0.9170
vn 0.3612 -0.0585 0.9306
vn -0.0020 0.0674 0.9977
vn -0.3394 0.0120 0.9406
vn -0.2495 -0.9682 -0.0175
vn -0.4788 -0.8778 -0.0180
vn 0.0053 -0.9765 0.2153
vn 0.0058 -0.9814 -0.1920
vn 0.2629 -0.9648 -0.0063
vn 0.2793 -0.9602 -0.0000
vn 0.4985 -0.8667 0.0188
vn 0.2588 -0.9659 0.0011
vn -0.0047 -0.9847 0.1743
vn -0.2539 -0.9668 0.0281
vn -0.0448 -0.1024 -0.9937
vn -0.0606 -0.0007 -0.9982
vn -0.0430 0.1035 -0.9937
vn 0.0090 0.1241 -0.9922
vn -0.1314 0.9913 0.0024
vn -0.2036 0.9786 0.0307
vn 0.0072 0.9981 0.0617
vn -0.0452 0.9979 -0.0460
vn -0.0607 -0.0498 0.9969
vn -0.0556 -0.0012 0.9985
vn 0.0087 -0.0990 0.9951
vn -0.0527 0.0569 0.9970
vn -0.1314 -0.9913 -0.0024
vn -0.2036 -0.9786 -0.0307
vn 0.0069 -0.9981 -0.0616
vn -0.0452 -0.9979 0.0460
vn 0.0163 -0.1241 -0.9921
vn 0.0093 -0.1259 -0.9920
vn 0.0080 -0.0000 -1.0000
vn 0.0167 -0.0000 -0.9999
vn 0.0178 0.9762 -0.2160
vn 0.0110 0.2866 -0.9580
vn 0.0206 0.2858 -0.9581
vn 0.0070 1.0000 -0.0000
vn 0.0139 0.9980 0.0614
vn 0.0138 0.9980 -0.0614
vn 0.0072 0.9981 -0.0617
vn 0.0204 0.2859 0.9580
vn 0.0091 0.9769 0.2133
vn 0.0179 0.9762 0.2161
vn 0.0167 -0.0957 0.9953
vn 0.0171 0.0001 0.9999
vn 0.0103 0.0001 0.9999
vn 0.0167 0.0956 0.9953
vn 0.0088 0.0991 0.9950
vn 0.0150 -0.9763 0.2161
vn 0.0004 -0.2844 0.9587
vn 0.0147 -0.3622 0.9320
vn 0.0134 -0.9999 -0.0000
vn 0.0067 -1.0000 -0.0000
vn 0.0132 -0.9980 -0.0614
vn 0.0131 -0.9980 0.0614
vn 0.0069 -0.9981 0.0616
vn 0.0204 -0.2864 -0.9579
vn 0.0087 -0.9769 -0.2133
vn 0.0172 -0.9762 -0.2161
vn 0.0164 0.1238 -0.9922
vn -0.0051 0.2438 -0.9698
vn 0.0154 -0.2646 -0.9642
vn 0.0056 -0.2651 -0.9642
vn -0.0066 0.9849 0.1731
vn 0.0130 0.9813 -0.1922
vn 0.0062 0.9814 -0.1920
vn -0.0053 -0.2038 0.9790
vn 0.0164 0.1426 0.9896
vn 0.0021 0.2377 0.9713
vn -0.0092 -0.9838 -0.1792
vn 0.0123 -0.9813 0.1922
vn 0.0059 -0.9814 0.1920
vn 0.0156 0.2646 -0.9642
vn 0.0132 0.9813 0.1922
vn 0.0155 -0.2395 0.9708
vn 0.0137 -0.9791 -0.2029
vn 1.0000 0.0086 -0.0014
vn 1.0000 0.0080 -0.0007
vn 1.0000 -0.0038 -0.0004
vn 1.0000 -0.0040 -0.0007
vn 1.0000 -0.0029 -0.0004
vn 1.0000 -0.0025 -0.0007
vn 1.0000 0.0017 -0.0003
vn 1.0000 0.0015 -0.0000
vn 1.0000 -0.0000 0.0007
vn 1.0000 -0.0004 -0.0017
vn 1.0000 -0.0002 -0.0020
vn 1.0000 -0.0003 -0.0018
vn 1.0000 -0.0004 0.0023
vn 1.0000 -0.0002 0.0020
vn 1.0000 0.0003 0.0007
vn 1.0000 -0.0001 0.0009
vn 1.0000 0.0059 -0.0035
vn 1.0000 0.0047 -0.0038
vn 0.9997 0.0144 -0.0198
vn 0.9997 0.0161 -0.0183
vn 1.0000 -0.0059 -0.0004
vn 1.0000 -0.0048 0.0004
vn 0.9999 -0.0127 0.0008
vn 0.9999 -0.0132 0.0014
vn 1.0000 -0.0000 0.0004
vn 0.9999 0.0132 0.0014
vn 0.9999 0.0137 0.0008
vn 1.0000 0.0054 0.0014
vn 1.0000 0.0053 0.0005
vn 1.0000 -0.0044 0.0018
vn 1.0000 -0.0036 0.0010
vn 1.0000 -0.0000 -0.0006
vn 1.0000 -0.0000 -0.0007
vn 1.0000 0.0002 0.0012
vn 1.0000 0.0004 0.0017
vn 1.0000 0.0002 0.0018
vn 1.0000 0.0003 0.0018
vn 1.0000 0.0003 -0.0019
vn 1.0000 0.0001 -0.0019
vn 1.0000 0.0004 -0.0012
vn 1.0000 0.0004 -0.0017
vn 1.0000 -0.0000 0.0006
vn 1.0000 -0.0035 -0.0001
vn 1.0000 -0.0037 -0.0008
vn 1.0000 0.0057 -0.0007
vn 1.0000 0.0052 -0.0015
vn 0.8150 -0.0000 -0.5794
vn 0.8014 0.3263 -0.5012
vn 0.7739 0.5642 -0.2876
vn 0.7604 0.6495 -0.0000
vn 0.7739 0.5642 0.2876
vn 0.8014 0.3263 0.5012
vn 0.8150 -0.0000 0.5794
vn 0.8014 -0.3263 0.5012
vn 0.7739 -0.5642 0.2876
vn 0.7604 -0.6495 -0.0000
vn 0.7739 -0.5642 -0.2876
vn 0.8014 -0.3263 -0.5012
vn -0.0000 0.6166 -0.7873
vn -0.0000 0.8505 -0.5259
vn -0.0000 0.8934 -0.4493
vn -0.0000 1.0000 -0.0023
vn -0.0000 1.0000 0.0023
vn -0.0000 0.8934 0.4493
vn -0.0000 0.8505 0.5259
vn -0.0000 0.6166 0.7873
vn -0.0000 -0.6166 0.7873
vn -0.0000 -0.9124 0.4094
vn -0.0000 -0.9124 -0.4094
vn -0.0000 -0.6166 -0.7873
vn -0.0000 0.9124 -0.4094
vn -0.0000 0.9124 0.4094
vn -0.0000 0.9123 0.4094
vn -0.0000 -0.8934 0.4493
vn -0.0000 -0.8934 -0.4493
vn -0.8355 0.4821 -0.2637
vn -0.8355 0.4821 0.2637
vn 0.5478 0.8134 0.1955
vn 0.5478 0.8134 -0.1955
vn -0.8562 -0.4453 -0.2618
vn -0.8562 -0.4453 0.2618
vn 0.9982 -0.0598 -0.0000
vn 0.9982 -0.0597 -0.0055
vn 0.9982 -0.0597 -0.0054
vn 0.9982 -0.0597 0.0055
vn -0.0000 -0.8505 0.5259
vn -0.0000 -1.0000 0.0045
vn -0.0000 -1.0000 -0.0045
vn -0.0000 -0.8505 -0.5260
vn -1.0000 -0.0000 -0.0001
vn -1.0000 -0.0000 0.0001
vn -0.0000 0.9301 -0.3673
vn -0.0000 0.9301 0.3673
vn -0.0000 -0.9301 0.3673
vn -0.0000 -0.9301 -0.3673
vn -0.0000 0.9761 0.2175
vn -0.0000 0.9761 -0.2175
vn -0.0000 -0.9761 -0.2175
vn -0.0000 -0.9761 0.2175
vn -0.0000 -0.5702 -0.8215
vn -0.0000 0.5702 -0.8215
vn -0.0000 0.5702 0.8215
vn -0.0000 -0.5702 0.8215
vn 0.9960 -0.0890 -0.0000
vn -0.9960 -0.0889 -0.0000
vn 0.9659 -0.2589 -0.0000
vn -0.9659 -0.2588 -0.0000
vn -0.0000 0.7370 -0.6759
vn -0.0000 1.0000 0.0001
vn -0.0000 0.7370 0.6759
vn -0.0000 -0.4246 0.9054
vn -0.0000 -0.7096 0.7046
vn -0.0000 -0.8593 -0.5115
vn -0.0000 -0.7689 -0.6394
vn -0.0000 0.4246 -0.9054
vn -0.0000 1.0000 -0.0045
vn -0.0000 1.0000 -0.0044
vn -0.0000 0.4246 0.9054
vn -0.9533 0.2967 -0.0558
vn -0.9534 0.2946 -0.0656
vn -0.9526 0.2971 -0.0647
vn -0.9526 0.2991 -0.0548
vn -0.9526 0.2991 0.0548
vn -0.9532 0.3022 -0.0000
vn -0.9537 0.3009 -0.0000
vn -0.9526 0.2971 0.0647
vn -0.9577 0.2862 -0.0300
vn -0.9575 0.2886 -0.0000
vn -0.9533 0.2967 0.0558
vn -0.9583 0.2841 0.0317
vn -0.9577 0.2862 0.0300
vn -0.9625 0.2712 -0.0000
vn -0.9767 0.2145 -0.0009
vn -0.9938 0.1109 0.0015
vn -0.9767 0.2144 0.0009
vn -0.0000 -0.3592 0.9333
vn -0.0000 -0.3600 -0.9329
vn -0.0000 -0.3600 -0.9330
vn -0.0000 -0.3306 0.9438
vn 0.9668 -0.2556 -0.0000
vn -0.9986 0.0530 -0.0000
vn -0.0000 1.0000 0.0044
vn -0.0000 1.0000 0.0045
vn -0.9534 0.2946 0.0656
vn -0.9583 0.2841 -0.0317
vn -0.9938 0.1109 -0.0015
vn -0.0000 -0.5320 0.8468
vn -0.0000 -0.5427 0.8399
vn -0.0000 -0.5358 0.8444
vn 0.9996 0.0266 0.0001
vn 0.9983 0.0587 0.0001
vn -0.0000 0.6621 -0.7494
vn -0.0000 0.5785 -0.8157
vn -0.0000 0.5806 -0.8142
vn -0.0000 0.5845 -0.8114
vn -0.9974 0.0727 0.0002
vn -0.9872 0.1593 0.0002
vn -0.0000 -0.5338 -0.8456
vn -0.0000 -0.5376 -0.8432
vn -0.0000 -0.3313 -0.9435
vn -0.0000 -0.5445 -0.8388
vn -0.9974 0.0726 -0.0002
vn -0.9872 0.1594 -0.0002
vn -0.0000 0.6634 0.7482
vn -0.0000 0.5802 0.8145
vn -0.0000 0.5861 0.8102
vn -0.0000 0.5823 0.8130
vn 0.9996 0.0266 -0.0001
vn 0.9983 0.0588 -0.0001
vn -0.0000 0.4766 0.8791
vn -0.0000 -0.0907 0.9959
vn -0.0000 -0.0054 1.0000
vn -0.0000 0.5204 0.8539
vn -0.0000 0.5104 0.8600
vn -0.0000 -0.0261 0.9997
vn 0.9936 0.1129 -0.0000
vn 0.9963 0.0861 -0.0000
vn 0.9963 0.0863 0.0001
vn 0.9904 0.1382 -0.0000
vn -0.0000 -0.4079 -0.9130
vn -0.0000 0.1330 -0.9911
vn -0.0000 0.1119 -0.9937
vn -0.0000 -0.4177 -0.9086
vn -0.0000 -0.3756 -0.9268
vn -0.0000 0.2008 -0.9796
vn -0.8792 0.4765 -0.0000
vn -0.8558 0.5173 0.0001
vn -0.9466 0.3225 0.0001
vn -0.9440 0.3299 0.0002
vn -0.0000 0.5122 -0.8589
vn -0.0000 -0.0263 -0.9997
vn -0.0000 -0.0055 -1.0000
vn -0.0000 0.5222 -0.8528
vn -0.0000 0.4787 -0.8780
vn -0.0000 -0.0913 -0.9958
vn -0.8792 0.4764 -0.0001
vn -0.9439 0.3301 0.0001
vn -0.9465 0.3226 -0.0001
vn -0.8557 0.5175 -0.0001
vn -0.0000 -0.3787 0.9255
vn -0.0000 0.2007 0.9796
vn -0.0000 0.1113 0.9938
vn -0.0000 -0.4205 0.9073
vn -0.0000 -0.4108 0.9117
vn -0.0000 0.1325 0.9912
vn 0.9936 0.1128 -0.0000
vn 0.9963 0.0863 -0.0001
vn -0.0000 -1.0000 0.0040
vn -0.0000 -1.0000 0.0041
vn -0.0000 -1.0000 -0.0040
vn -0.0000 -0.9898 -0.1424
vn -0.0000 -0.9898 0.1424
vn -0.0000 0.9987 -0.0501
vn -0.0000 -1.0000 -0.0039
vn -0.0000 0.9987 0.0501
vn -0.0000 0.6585 0.7526
vn 0.9858 0.1677 -0.0000
vn -0.0000 -0.5445 -0.8387
vn -0.8202 0.5720 -0.0000
vn -0.0000 0.6597 -0.7515
vn -0.8202 0.5721 -0.0001
vn -0.0000 -0.5468 0.8373
vn 0.9858 0.1678 -0.0000
vn -0.0005 0.0002 1.0000
vn -0.0006 0.1124 0.9937
vn -0.0567 0.0975 0.9936
vn -0.0978 0.0564 0.9936
vn -0.1128 0.0003 0.9936
vn -0.0977 -0.0558 0.9936
vn -0.0566 -0.0968 0.9937
vn -0.0006 -0.1117 0.9937
vn 0.0553 -0.0966 0.9938
vn 0.0962 -0.0556 0.9938
vn 0.1112 0.0003 0.9938
vn 0.0963 0.0562 0.9938
vn 0.0554 0.0972 0.9937
vn -0.0011 0.3632 0.9317
vn -0.1829 0.3155 0.9311
vn -0.3165 0.1826 0.9309
vn -0.3651 0.0005 0.9310
vn -0.3156 -0.1812 0.9314
vn -0.1821 -0.3131 0.9321
vn -0.0010 -0.3604 0.9328
vn 0.1789 -0.3112 0.9333
vn 0.3102 -0.1793 0.9336
vn 0.3586 0.0005 0.9335
vn 0.3111 0.1807 0.9331
vn 0.1797 0.3136 0.9324
vn -0.2518 0.4365 0.8637
vn 0.0002 0.5019 0.8649
vn -0.4372 0.2525 0.8632
vn -0.5045 -0.0001 0.8634
vn -0.4354 -0.2516 0.8644
vn -0.2500 -0.4335 0.8658
vn 0.0002 -0.4978 0.8673
vn 0.2480 -0.4293 0.8685
vn 0.4286 -0.2474 0.8690
vn 0.4952 -0.0001 0.8688
vn 0.4304 0.2483 0.8678
vn 0.2498 0.4322 0.8665
vn 0.0245 0.9997 -0.0000
vn 0.0243 0.9997 -0.0000
vn 0.0273 0.8240 0.5660
vn 0.0230 0.7598 0.6498
vn 0.0257 0.3555 0.9343
vn 0.0285 0.4528 0.8911
vn 0.0263 0.1257 0.9917
vn 0.0361 0.0838 0.9958
vn 0.0380 -0.0349 0.9987
vn 0.0444 -0.0480 0.9979
vn 0.0504 -0.1189 0.9916
vn 0.0600 -0.1466 0.9874
vn 0.0914 -0.3890 0.9167
vn 0.1141 -0.4190 0.9008
vn 0.1931 -0.7731 0.6042
vn 0.1564 -0.7460 0.6473
vn 0.2085 -0.9780 -0.0000
vn 0.2417 -0.9704 -0.0000
vn 0.0613 0.9981 -0.0000
vn 0.0559 0.7549 0.6534
vn 0.0210 0.3661 0.9303
vn 0.1922 0.9813 -0.0000
vn 0.1408 0.8163 0.5602
vn -0.0005 0.0889 0.9960
vn 0.0232 0.4233 0.9057
vn 0.0125 -0.0424 0.9990
vn -0.0473 0.1173 0.9920
vn 0.0440 -0.1386 0.9894
vn -0.0535 -0.0568 0.9970
vn 0.1071 -0.4165 0.9028
vn 0.1967 -0.7876 0.5839
vn 0.2453 -0.9694 -0.0000
vn -0.0027 -0.1494 0.9888
vn 0.0816 -0.4159 0.9057
vn 0.1865 -0.7808 0.5963
vn 0.2386 -0.9711 -0.0000
vn 0.2187 0.9758 -0.0000
vn 0.1190 0.8283 0.5475
vn -0.0062 0.4601 0.8879
vn -0.0516 0.1599 0.9858
vn -0.0629 -0.0463 0.9969
vn -0.0353 -0.1797 0.9831
vn 0.0449 -0.4700 0.8815
vn 0.1657 -0.8211 0.5462
vn 0.2286 -0.9735 -0.0000
vn -0.0617 0.5356 0.8422
vn -0.0258 0.8873 0.4605
vn -0.1542 0.9389 0.3078
vn -0.1223 0.9925 -0.0000
vn -0.1441 0.6453 0.7502
vn -0.0439 0.1903 0.9807
vn -0.0263 -0.0163 0.9995
vn -0.0205 -0.1738 0.9846
vn 0.0365 -0.4893 0.8714
vn 0.1523 -0.8515 0.5017
vn 0.1421 -0.8850 0.4434
vn 0.0363 -0.4923 0.8697
vn -0.0024 -0.1327 0.9912
vn -0.0055 -0.0203 0.9998
vn -0.0479 0.1756 0.9833
vn -0.0584 0.0941 0.9938
vn -0.1905 0.6665 0.7208
vn 0.6633 -0.7484 -0.0000
vn 0.5581 -0.6409 0.5270
vn 0.5850 -0.5788 0.5682
vn 0.6712 -0.7413 -0.0000
vn 0.3328 -0.3463 0.8771
vn 0.3343 -0.3385 0.8796
vn -0.0501 -0.1240 0.9910
vn -0.0375 -0.0930 0.9950
vn 0.2908 -0.0516 0.9554
vn 0.2934 -0.0481 0.9548
vn 0.2019 0.1150 0.9726
vn 0.2101 0.1412 0.9674
vn 0.4705 0.4222 0.7748
vn 0.4834 0.4295 0.7628
vn 0.6844 0.6172 0.3882
vn 0.6991 0.6227 0.3515
vn 0.7574 0.6529 -0.0000
vn 0.7667 0.6420 -0.0000
vn 0.0279 -0.1164 0.9928
vn 0.0308 -0.1200 0.9923
vn 0.0015 -0.0323 0.9995
vn -0.0025 -0.0299 0.9996
vn 0.0075 0.1245 0.9922
vn 0.0062 0.1305 0.9914
vn 0.0122 -0.3175 0.9482
vn 0.0164 -0.3283 0.9444
vn -0.9973 0.0392 0.0628
vn -0.9992 0.0351 0.0189
vn -0.9987 0.0378 0.0349
vn -0.0013 0.4790 0.8778
vn -0.0028 0.4746 0.8802
vn -0.9990 0.0328 0.0312
vn -0.9992 0.0233 -0.0312
vn -0.9989 0.0243 -0.0402
vn -0.9970 0.0386 0.0674
vn 0.0351 -0.7269 0.6859
vn 0.0383 -0.7318 0.6805
vn 0.0008 0.8627 0.5058
vn 0.0028 0.8624 0.5062
vn -0.9997 0.0253 0.0003
vn -0.9998 0.0186 -0.0120
vn -0.9994 0.0344 0.0050
vn -0.9994 0.0333 0.0083
vn 0.0213 -0.9998 -0.0000
vn 0.0274 -0.9996 -0.0000
vn -0.9999 0.0153 -0.0000
vn -0.9997 0.0231 0.0001
vn 0.0110 0.9999 -0.0000
vn 0.0155 0.9999 -0.0000
vn -0.9994 0.0336 0.0004
vn -0.9995 0.0328 -0.0000
vn 0.0007 -0.0109 0.9999
vn -0.1852 0.9739 0.1315
vn -0.1586 0.9873 -0.0000
vn 0.1318 -0.8216 0.5546
vn 0.0270 -0.2779 0.9602
vn 0.2067 -0.9784 -0.0000
vn 0.1915 -0.9815 -0.0000
vn 0.0030 -0.0491 0.9988
vn -0.2751 -0.9614 -0.0000
vn -0.2105 -0.9776 -0.0000
vn -0.1540 -0.7306 0.6652
vn -0.2008 -0.7174 0.6671
vn 0.0854 -0.7632 0.6405
vn 0.0840 -0.9965 -0.0000
vn -0.0399 -0.7308 0.6814
vn -0.0717 -0.9974 -0.0000
vn 0.0525 -0.3830 0.9223
vn -0.0706 -0.3323 0.9405
vn -0.0823 -0.3389 0.9372
vn -0.0198 -0.3202 0.9472
vn -0.0129 -0.1156 0.9932
vn -0.0130 -0.1222 0.9924
vn 0.0298 -0.1251 0.9917
vn 0.0004 -0.1024 0.9947
vn 0.0225 -0.0391 0.9990
vn 0.0061 -0.0375 0.9993
vn 0.0038 -0.0325 0.9995
vn 0.0114 -0.0353 0.9993
vn 0.0093 0.0871 0.9962
vn 0.0124 0.1156 0.9932
vn 0.0064 0.1302 0.9915
vn 0.0112 0.1019 0.9947
vn 0.0072 0.4113 0.9115
vn 0.0019 0.4547 0.8907
vn -0.0075 0.5078 0.8614
vn 0.0086 0.4446 0.8957
vn 0.0073 0.8539 0.5203
vn 0.0066 0.8866 0.4624
vn 0.0196 0.8292 0.5586
vn 0.0174 0.8346 0.5506
vn 0.0279 0.9996 -0.0000
vn 0.0213 0.9998 -0.0000
vn 0.0340 0.9994 -0.0000
vn 0.0221 0.9998 -0.0000
vn 0.2220 -0.9751 -0.0000
vn 0.0230 0.7598 -0.6498
vn 0.0273 0.8240 -0.5660
vn 0.0257 0.3555 -0.9343
vn 0.0285 0.4528 -0.8911
vn 0.0365 0.0841 -0.9958
vn 0.0260 0.1259 -0.9917
vn 0.0448 -0.0483 -0.9978
vn 0.0378 -0.0351 -0.9987
vn 0.0600 -0.1466 -0.9874
vn 0.0504 -0.1189 -0.9916
vn 0.1141 -0.4190 -0.9008
vn 0.0914 -0.3890 -0.9167
vn 0.1931 -0.7731 -0.6041
vn 0.1564 -0.7460 -0.6473
vn 0.0559 0.7549 -0.6534
vn 0.0210 0.3661 -0.9303
vn 0.1408 0.8163 -0.5602
vn -0.0005 0.0889 -0.9960
vn 0.0232 0.4233 -0.9057
vn 0.0125 -0.0424 -0.9990
vn -0.0473 0.1173 -0.9920
vn 0.0440 -0.1386 -0.9894
vn -0.0535 -0.0568 -0.9970
vn 0.1071 -0.4165 -0.9028
vn 0.1967 -0.7876 -0.5839
vn -0.0027 -0.1494 -0.9888
vn 0.0816 -0.4159 -0.9057
vn 0.1865 -0.7808 -0.5963
vn 0.1190 0.8283 -0.5475
vn -0.0062 0.4601 -0.8879
vn -0.0516 0.1599 -0.9858
vn -0.0629 -0.0463 -0.9969
vn -0.0353 -0.1797 -0.9831
vn 0.0449 -0.4700 -0.8815
vn 0.1657 -0.8211 -0.5462
vn -0.0258 0.8873 -0.4605
vn -0.0617 0.5356 -0.8422
vn -0.1544 0.9388 -0.3078
vn -0.1441 0.6453 -0.7502
vn -0.0439 0.1903 -0.9807
vn -0.0263 -0.0163 -0.9995
vn -0.0205 -0.1738 -0.9846
vn 0.0365 -0.4893 -0.8714
vn 0.1523 -0.8515 -0.5017
vn 0.0363 -0.4923 -0.8697
vn 0.1421 -0.8850 -0.4434
vn -0.0024 -0.1327 -0.9912
vn -0.0055 -0.0203 -0.9998
vn -0.0479 0.1756 -0.9833
vn -0.1905 0.6665 -0.7208
vn -0.0584 0.0941 -0.9938
vn 0.5850 -0.5788 -0.5682
vn 0.5581 -0.6409 -0.5270
vn 0.3343 -0.3385 -0.8796
vn 0.3328 -0.3463 -0.8771
vn -0.0375 -0.0930 -0.9950
vn -0.0501 -0.1240 -0.9910
vn 0.2934 -0.0481 -0.9548
vn 0.2908 -0.0516 -0.9554
vn 0.2101 0.1412 -0.9674
vn 0.2019 0.1150 -0.9726
vn 0.4834 0.4295 -0.7628
vn 0.4705 0.4222 -0.7748
vn 0.6991 0.6227 -0.3515
vn 0.6844 0.6172 -0.3882
vn 0.0279 -0.1164 -0.9928
vn -0.0025 -0.0299 -0.9996
vn 0.0015 -0.0323 -0.9995
vn 0.0308 -0.1200 -0.9923
vn 0.0062 0.1305 -0.9914
vn 0.0075 0.1245 -0.9922
vn 0.0122 -0.3175 -0.9482
vn 0.0164 -0.3283 -0.9444
vn -0.9987 0.0378 -0.0349
vn -0.9992 0.0351 -0.0189
vn -0.9973 0.0392 -0.0628
vn -0.0028 0.4746 -0.8802
vn -0.0013 0.4790 -0.8778
vn -0.9989 0.0243 0.0402
vn -0.9992 0.0233 0.0312
vn -0.9990 0.0328 -0.0312
vn -0.9970 0.0386 -0.0674
vn 0.0351 -0.7269 -0.6859
vn 0.0383 -0.7318 -0.6805
vn 0.0008 0.8627 -0.5058
vn 0.0028 0.8624 -0.5062
vn -0.9998 0.0186 0.0120
vn -0.9997 0.0251 -0.0004
vn -0.9994 0.0346 -0.0053
vn -0.9994 0.0333 -0.0083
vn 0.0007 -0.0109 -0.9999
vn -0.1852 0.9739 -0.1315
vn 0.0270 -0.2779 -0.9602
vn 0.1318 -0.8216 -0.5546
vn 0.0030 -0.0491 -0.9988
vn -0.2008 -0.7174 -0.6671
vn -0.1540 -0.7306 -0.6652
vn 0.0854 -0.7632 -0.6405
vn -0.0399 -0.7308 -0.6814
vn 0.0525 -0.3830 -0.9223
vn -0.0823 -0.3389 -0.9372
vn -0.0706 -0.3323 -0.9405
vn -0.0198 -0.3202 -0.9471
vn -0.0130 -0.1222 -0.9924
vn -0.0129 -0.1156 -0.9932
vn 0.0298 -0.1251 -0.9917
vn 0.0004 -0.1024 -0.9947
vn 0.0225 -0.0391 -0.9990
vn 0.0038 -0.0325 -0.9995
vn 0.0061 -0.0375 -0.9993
vn 0.0114 -0.0353 -0.9993
vn 0.0093 0.0871 -0.9962
vn 0.0064 0.1302 -0.9915
vn 0.0124 0.1156 -0.9932
vn 0.0112 0.1019 -0.9947
vn 0.0072 0.4113 -0.9115
vn -0.0075 0.5078 -0.8614
vn 0.0019 0.4547 -0.8907
vn 0.0086 0.4446 -0.8957
vn 0.0066 0.8866 -0.4624
vn 0.0073 0.8539 -0.5203
vn 0.0196 0.8292 -0.5586
vn 0.0174 0.8346 -0.5506
vn -0.9994 0.0169 0.0286
vn -0.9997 0.0137 0.0198
vn -0.9999 0.0129 -0.0000
vn -0.9997 0.0137 -0.0198
vn -0.9994 0.0169 -0.0286
vn 0.0439 -0.9990 -0.0000
vn 0.0016 1.0000 -0.0000
vn 0.0025 0.0011 -1.0000
vn 0.0023 0.4447 -0.8957
vn 0.2242 0.3853 -0.8951
vn 0.3867 0.2229 -0.8949
vn 0.4461 0.0010 -0.8950
vn 0.3866 -0.2209 -0.8954
vn 0.2241 -0.3832 -0.8961
vn 0.0023 -0.4424 -0.8968
vn -0.2194 -0.3829 -0.8974
vn -0.3816 -0.2206 -0.8976
vn -0.4410 0.0010 -0.8975
vn -0.3817 0.2227 -0.8971
vn -0.2195 0.3851 -0.8964
vn 0.0015 0.8250 -0.5651
vn 0.4138 0.7147 -0.5639
vn 0.7157 0.4130 -0.5632
vn 0.8261 0.0007 -0.5635
vn 0.7155 -0.4116 -0.5645
vn 0.4136 -0.7131 -0.5661
vn 0.0015 -0.8232 -0.5677
vn -0.4103 -0.7126 -0.5691
vn -0.7117 -0.4111 -0.5696
vn -0.8221 0.0007 -0.5694
vn -0.7119 0.4125 -0.5683
vn -0.4105 0.7143 -0.5668
vn 0.0006 0.9440 -0.3298
vn 0.4726 0.8179 -0.3281
vn 0.8184 0.4724 -0.3273
vn 0.9448 0.0003 -0.3276
vn 0.8181 -0.4717 -0.3290
vn 0.4724 -0.8169 -0.3310
vn 0.0006 -0.9429 -0.3331
vn -0.4708 -0.8162 -0.3348
vn -0.8158 -0.4711 -0.3356
vn -0.9421 0.0003 -0.3353
vn -0.8161 0.4717 -0.3339
vn -0.4711 0.8172 -0.3319
vn -0.0021 0.0009 1.0000
vn -0.0023 0.4447 0.8957
vn -0.2242 0.3853 0.8951
vn -0.3867 0.2229 0.8949
vn -0.4461 0.0010 0.8950
vn -0.3866 -0.2209 0.8954
vn -0.2241 -0.3832 0.8961
vn -0.0023 -0.4424 0.8968
vn 0.2194 -0.3829 0.8974
vn 0.3816 -0.2206 0.8976
vn 0.4410 0.0010 0.8975
vn 0.3817 0.2227 0.8971
vn 0.2195 0.3851 0.8964
vn -0.0015 0.8250 0.5651
vn -0.4138 0.7147 0.5639
vn -0.7157 0.4130 0.5632
vn -0.8261 0.0007 0.5635
vn -0.7155 -0.4116 0.5645
vn -0.4136 -0.7131 0.5661
vn -0.0015 -0.8232 0.5677
vn 0.4103 -0.7126 0.5690
vn 0.7117 -0.4111 0.5696
vn 0.8221 0.0007 0.5694
vn 0.7119 0.4125 0.5684
vn 0.4105 0.7143 0.5668
vn -0.0006 0.9440 0.3298
vn -0.4726 0.8179 0.3281
vn -0.8184 0.4724 0.3273
vn -0.9448 0.0003 0.3276
vn -0.8181 -0.4717 0.3290
vn -0.4724 -0.8169 0.3310
vn -0.0006 -0.9429 0.3331
vn 0.4708 -0.8162 0.3349
vn 0.8158 -0.4711 0.3356
vn 0.9421 0.0003 0.3353
vn 0.8161 0.4717 0.3339
vn 0.4711 0.8172 0.3319
vn -0.0013 0.0005 1.0000
vn -0.0015 0.2902 0.9570
vn -0.1464 0.2516 0.9567
vn -0.2525 0.1456 0.9566
vn -0.2913 0.0007 0.9566
vn -0.2524 -0.1442 0.9568
vn -0.1462 -0.2500 0.9571
vn -0.0015 -0.2885 0.9575
vn 0.1430 -0.2496 0.9577
vn 0.2487 -0.1438 0.9578
vn 0.2874 0.0007 0.9578
vn 0.2489 0.1452 0.9576
vn 0.1432 0.2512 0.9573
vn -0.0015 0.6910 0.7229
vn -0.3470 0.5991 0.7216
vn -0.6002 0.3463 0.7210
vn -0.6926 0.0006 0.7213
vn -0.5996 -0.3447 0.7223
vn -0.3464 -0.5968 0.7238
vn -0.0015 -0.6884 0.7254
vn 0.3427 -0.5955 0.7266
vn 0.5944 -0.3434 0.7272
vn 0.6867 0.0006 0.7270
vn 0.5949 0.3450 0.7260
vn 0.3433 0.5977 0.7245
vn -0.0001 0.8589 0.5121
vn -0.4302 0.7450 0.5099
vn -0.7455 0.4304 0.5089
vn -0.8606 0.0001 0.5093
vn -0.7445 -0.4297 0.5110
vn -0.4291 -0.7430 0.5136
vn -0.0001 -0.8564 0.5163
vn 0.4275 -0.7406 0.5185
vn 0.7400 -0.4273 0.5195
vn 0.8547 0.0001 0.5191
vn 0.7410 0.4280 0.5174
vn 0.4285 0.7425 0.5148
vn -0.3240 0.3574 -0.8759
vn -0.0000 0.0460 -0.9989
vn -0.0000 0.0821 -0.9966
vn -0.4541 0.5564 -0.6959
vn -0.0000 0.0821 0.9966
vn -0.0000 0.0505 0.9987
vn -0.3230 0.3597 0.8754
vn -0.4541 0.5564 0.6959
vn -0.0007 -1.0000 -0.0000
vn -0.0013 -1.0000 -0.0000
vn -0.0013 -1.0000 0.0005
vn 0.9997 0.0254 0.0001
vn 0.9997 0.0253 -0.0000
vn 0.9997 0.0252 -0.0000
vn -0.5716 0.8175 -0.0699
vn -0.6867 0.7269 -0.0115
vn -0.6896 0.7241 0.0061
vn -0.5805 0.8122 0.0582
vn -0.1467 0.3276 -0.9334
vn -0.0000 0.1816 -0.9834
vn -0.0000 0.5893 -0.8079
vn -0.1354 0.6897 -0.7113
vn 1.0000 0.0010 0.0012
vn -0.7033 0.7109 -0.0000
vn -0.6609 0.7505 -0.0000
vn -0.0000 0.4326 -0.9016
vn -0.0944 0.4902 -0.8665
vn 0.9999 0.0126 -0.0000
vn -0.7632 0.6461 -0.0000
vn -0.7542 0.6567 -0.0000
vn -0.6984 0.7157 -0.0000
vn -0.0991 0.6449 -0.7578
vn -0.0000 0.5343 -0.8453
vn -0.0000 0.1935 -0.9811
vn -0.1346 0.3194 -0.9380
vn 0.8532 0.5160 -0.0763
vn 0.8531 0.5161 0.0763
vn 1.0000 -0.0007 0.0009
vn -0.1850 0.1829 -0.9656
vn -0.6530 0.5903 -0.4744
vn -0.5087 0.6736 -0.5362
vn -0.7123 0.6465 0.2733
vn -0.7154 0.6584 0.2340
vn -0.0933 0.4852 0.8694
vn -0.1233 0.6745 0.7279
vn -0.4920 0.8192 0.2948
vn -0.5122 0.6722 0.5346
vn -0.1296 0.3103 0.9418
vn -0.5552 0.6939 0.4586
vn -0.1191 0.3048 0.9449
vn -0.0883 0.6369 0.7659
vn -0.3863 0.8067 0.4472
vn -0.5378 0.6362 0.5532
vn -0.3553 0.9237 -0.1430
vn -0.3555 0.9238 0.1423
vn -0.1037 0.9843 0.1428
vn -0.1111 0.9827 -0.1484
vn -0.4006 0.8126 -0.4234
vn -0.3005 0.8918 -0.3382
vn -0.0924 0.8570 -0.5069
vn -0.5647 0.6978 -0.4406
vn -0.5479 0.6457 -0.5318
vn -0.4988 0.8201 -0.2803
vn -0.0009 -1.0000 0.0065
vn -0.0000 -0.9998 0.0193
vn -0.0006 -1.0000 0.0003
vn -0.0240 -0.9997 -0.0000
vn -0.0022 -1.0000 -0.0013
vn -0.0067 -1.0000 -0.0015
vn 1.0000 0.0003 0.0048
vn 0.3159 0.9384 -0.1402
vn -0.0000 0.9906 -0.1370
vn -0.0000 0.9906 0.1370
vn 0.3159 0.9384 0.1402
vn 0.0004 0.3868 0.9221
vn -0.0002 0.1818 0.9833
vn -0.0000 0.1819 0.9833
vn -0.0000 0.3870 0.9221
vn 0.0019 0.4072 0.9133
vn -0.0000 0.4072 0.9134
vn 0.2754 0.7954 0.5399
vn -0.0000 0.8691 0.4947
vn -0.0001 0.5763 0.8172
vn 0.1695 0.5060 0.8457
vn 0.0387 0.1526 0.9875
vn -0.0000 0.2683 0.9633
vn 0.2788 0.5624 -0.7784
vn 0.8662 0.2959 -0.4026
vn 0.8245 0.1431 -0.5475
vn 0.2394 0.2433 -0.9399
vn 0.2666 0.9534 -0.1409
vn 0.2666 0.9535 0.1408
vn 0.8645 0.4277 0.2641
vn 0.3034 0.8027 0.5134
vn 0.2742 0.4618 0.8435
vn 0.8537 0.2348 0.4649
vn 0.0422 -0.9991 -0.0023
vn 0.0812 -0.9967 -0.0051
vn 0.0814 -0.9967 -0.0000
vn 0.0355 -0.9993 0.0114
vn 0.2628 0.5800 -0.7711
vn 0.9001 0.2487 -0.3578
vn 0.7871 0.2811 -0.5491
vn 0.2191 0.4197 -0.8808
vn 0.2375 0.1784 -0.9549
vn 0.8786 0.0817 -0.4706
vn -0.0000 0.0099 -1.0000
vn -0.0000 -0.8467 0.5320
vn -0.0000 -0.3369 0.9415
vn -0.0029 -0.8473 0.5311
vn -0.7450 0.6671 -0.0000
vn -0.7154 0.6584 -0.2340
vn -0.7129 0.6460 -0.2731
vn -0.1845 0.1908 0.9641
vn -0.6518 0.5932 0.4726
vn -0.0000 0.0822 0.9966
vn -0.0005 -1.0000 -0.0002
vn 0.0003 0.1837 -0.9830
vn -0.0010 0.1809 -0.9835
vn -0.0034 0.5874 -0.8093
vn 0.0008 0.5904 -0.8071
vn 0.0027 0.4324 -0.9017
vn -0.0000 0.4340 -0.9009
vn 0.1717 0.8204 -0.5454
vn 0.1042 0.5159 -0.8503
vn -0.0076 0.5630 -0.8264
vn -0.0031 0.8618 -0.5072
vn 0.0304 0.1693 -0.9851
vn -0.0069 0.2437 -0.9698
vn -0.0044 0.9903 -0.1392
vn -0.2074 0.9677 -0.1436
vn -0.2074 0.9677 0.1436
vn -0.0044 0.9903 0.1392
vn 0.0040 0.5807 0.8141
vn 0.0007 0.5840 0.8118
vn 0.0003 0.1837 0.9830
vn 0.0013 0.1807 0.9835
vn -0.0000 0.4310 0.9023
vn 0.0007 0.4292 0.9032
vn -0.1786 0.8200 0.5438
vn -0.1124 0.5159 0.8493
vn -0.0076 0.5630 0.8264
vn -0.0031 0.8618 0.5072
vn -0.0326 0.1673 0.9854
vn -0.0067 0.2434 0.9699
vn -0.0000 0.0187 0.9998
vn 0.2017 0.9688 -0.1437
vn 0.2017 0.9688 0.1437
vn -0.0033 0.5811 0.8138
vn -0.0010 0.1809 0.9835
vn 0.0059 0.4292 0.9032
vn 0.1717 0.8204 0.5454
vn 0.1041 0.5160 0.8502
vn -0.0003 -1.0000 0.0017
vn -0.0012 -1.0000 -0.0000
vn 0.0302 0.1694 0.9851
vn -0.0000 0.0461 -0.9989
vn -0.0000 -1.0000 -0.0041
vn -0.0000 0.4731 -0.8810
vn 0.0001 0.1817 -0.9833
vn -0.0000 0.1819 -0.9833
vn -0.0000 0.3076 -0.9515
vn -0.2730 0.7959 -0.5404
vn -0.0000 0.8691 -0.4947
vn -0.0001 0.5763 -0.8172
vn -0.1705 0.5035 -0.8470
vn -0.0431 0.1548 -0.9870
vn -0.0000 0.2685 -0.9633
vn -0.0000 0.0125 -0.9999
vn 0.0040 0.5870 -0.8095
vn 0.0014 0.1808 -0.9835
vn 0.0008 0.4323 -0.9017
vn -0.1786 0.8200 -0.5438
vn -0.1125 0.5158 -0.8493
vn -0.0326 0.1673 -0.9854
vn -0.0002 0.0887 0.9961
vn -0.0001 0.0508 0.9987
vn -0.0000 -1.0000 -0.0018
vn 0.0137 0.4816 -0.8763
vn 0.0001 0.1817 -0.9834
vn 0.0156 0.2980 -0.9544
vn 0.0008 0.8440 -0.5364
vn 0.0005 0.5343 -0.8453
vn 0.0002 0.1934 -0.9811
vn 0.0006 0.0116 -0.9999
vn -0.0020 0.9896 -0.1441
vn -0.0020 0.9896 0.1441
vn -0.0002 0.1817 0.9833
vn -0.0002 0.5829 0.8125
vn -0.0000 0.4297 0.9030
vn -0.0018 0.8440 0.5364
vn -0.0010 0.5343 0.8453
vn -0.0003 0.1934 0.9811
vn -0.3131 0.9393 -0.1404
vn -0.3131 0.9393 0.1404
vn -0.3229 0.9360 0.1400
vn -0.0000 0.9906 0.1368
vn -0.0000 0.9906 -0.1369
vn -0.3229 0.9360 -0.1400
vn 0.0001 0.1817 0.9833
vn 0.0002 0.1019 0.9948
vn -0.0000 0.5829 0.8125
vn -0.0000 0.1016 0.9948
vn -0.0000 0.4295 0.9031
vn -0.2730 0.7959 0.5405
vn -0.1705 0.5035 0.8470
vn -0.0000 0.2548 0.9670
vn -0.0015 0.5254 0.8509
vn -0.1252 0.4228 0.8975
vn 0.0032 0.2703 0.9628
vn -0.0431 0.1548 0.9870
vn -0.0012 -0.1712 0.9852
vn 0.0001 -0.1736 0.9848
vn -0.0000 0.1823 -0.9832
vn -0.0002 0.1818 -0.9833
vn -0.2829 0.7934 -0.5389
vn 0.0004 0.8697 -0.4936
vn -0.0014 0.5590 -0.8292
vn -0.1366 0.5280 -0.8382
vn 0.2754 0.7954 -0.5399
vn 0.1695 0.5060 -0.8457
vn -0.0002 0.2111 -0.9775
vn 0.0031 0.2561 -0.9666
vn 0.0387 0.1526 -0.9875
vn -0.0034 0.9896 -0.1441
vn -0.0034 0.9895 0.1442
vn 0.0064 0.9895 0.1442
vn 0.0064 0.9895 -0.1442
vn -0.0000 0.1816 0.9834
vn 0.0003 0.1817 0.9834
vn 0.0006 0.3867 0.9222
vn 0.0014 0.4066 0.9136
vn -0.0029 0.8438 0.5366
vn -0.0018 0.5341 0.8454
vn 0.0012 0.2058 0.9786
vn 0.0035 0.5446 0.8387
vn -0.0007 0.1931 0.9812
vn 0.0001 -0.3369 0.9415
vn -0.0100 -0.3783 0.9256
vn -0.0018 -1.0000 -0.0027
vn 0.0001 0.1818 -0.9833
vn 0.0054 0.8437 -0.5368
vn -0.0004 0.5469 -0.8372
vn -0.0007 0.1931 -0.9812
vn -0.0018 0.5341 -0.8454
vn -0.0048 0.2030 -0.9792
vn -0.0000 0.9896 0.1441
vn -0.0000 0.9896 -0.1441
vn 0.3213 0.9366 0.1401
vn 0.3213 0.9366 -0.1401
vn -0.0026 0.5784 0.8158
vn -0.0193 0.0973 0.9951
vn 0.0144 0.4261 0.9046
vn -0.0038 0.2705 0.9627
vn 0.1242 0.4217 0.8982
vn -0.0215 -0.1692 0.9854
vn 0.0203 0.0190 0.9996
vn 0.0197 0.0187 0.9996
vn 0.2801 0.7931 -0.5409
vn 0.1351 0.5270 -0.8391
vn -0.0036 0.2559 -0.9667
vn 0.0003 0.2530 -0.9675
vn 0.0013 0.9896 0.1441
vn 0.0013 0.9896 -0.1441
vn -0.0030 0.9896 -0.1441
vn -0.0031 0.9895 0.1442
vn -0.0498 0.0587 0.9970
vn -0.0280 0.4086 0.9123
vn 0.0006 0.5822 0.8130
vn 0.0008 0.1009 0.9949
vn 0.0205 0.3146 0.9490
vn -0.0065 0.4276 0.9040
vn 0.0006 0.4800 0.8773
vn 0.0004 0.2704 0.9627
vn -0.0026 0.8439 0.5366
vn -0.0015 0.4795 0.8776
vn -0.2829 0.7934 0.5389
vn -0.0412 -0.1012 0.9940
vn 0.0001 -0.1733 0.9849
vn 0.0383 0.0119 0.9992
vn 0.0399 0.0130 0.9991
vn -0.0036 0.0211 0.9998
vn 0.0026 -0.9999 0.0155
vn -0.0010 0.4326 -0.9016
vn 0.0008 0.5845 -0.8114
vn 0.0011 0.8439 -0.5364
vn -0.0018 0.5844 -0.8115
vn -0.0008 0.2528 -0.9675
vn -0.0001 0.0103 -0.9999
vn -0.0002 0.1817 -0.9833
vn -0.0003 0.5890 -0.8081
vn -0.0001 0.4323 -0.9017
vn -0.0010 0.5343 -0.8453
vn -0.0018 0.8440 -0.5364
vn -0.0003 0.1934 -0.9811
vn -0.0000 0.4296 0.9030
vn -0.0000 0.8440 0.5363
vn -0.0000 0.5343 0.8453
vn -0.0000 0.1935 0.9811
vn -0.0000 0.8440 -0.5363
vn -0.0878 0.8568 0.5081
vn 0.0009 0.9896 -0.1441
vn 0.0009 0.9896 0.1441
vn 0.0210 0.4094 0.9121
vn 0.0001 0.1817 0.9834
vn 0.0496 0.3606 0.9314
vn 0.0005 0.5343 0.8453
vn 0.0008 0.8440 0.5364
vn 0.0002 0.1934 0.9811
vn -0.0033 0.0113 0.9999
vn 0.0028 0.3902 0.9207
vn 0.0195 0.4075 0.9130
vn -0.0000 0.5344 0.8453
vn 0.0033 -0.7263 0.6873
vn 0.0503 -0.1396 0.9889
vn 0.0070 -0.9999 0.0120
vn 0.0006 0.3827 0.9239
vn -0.0004 0.1357 0.9908
vn 0.0004 0.4065 0.9136
vn 0.0073 0.4842 0.8749
vn 0.0055 0.8437 0.5368
vn 0.0127 0.2158 0.9764
vn 0.0001 0.1821 -0.9833
vn -0.0046 0.4817 -0.8763
vn -0.0039 0.3064 -0.9519
vn -0.0006 0.2533 -0.9674
vn -0.0001 0.0124 -0.9999
vn 0.0253 0.1399 0.9898
vn 0.0054 0.3888 0.9213
vn 0.0554 0.3527 0.9341
vn -0.0000 0.4797 0.8774
vn 0.0013 -0.1572 0.9876
vn 0.0268 0.1974 0.9799
vn -0.0095 0.4980 -0.8671
vn -0.0097 0.3234 -0.9462
vn -0.0000 0.2532 -0.9674
vn -0.0001 0.0121 -0.9999
vn 0.8366 0.0258 -0.5472
vn 0.8407 0.0275 -0.5407
vn -0.5351 0.8386 0.1020
vn -0.6730 0.7396 0.0078
vn 1.0000 0.0040 -0.0000
vn 0.9999 0.0155 -0.0000
vn 0.8796 0.4554 0.1375
vn 1.0000 -0.0030 -0.0003
vn -0.1111 0.9511 0.2883
vn -0.3295 0.8990 0.2885
vn -0.0000 0.9585 0.2852
vn 0.3006 0.9141 0.2720
vn 0.2877 0.9175 0.2747
vn 0.8641 0.4271 -0.2664
vn 0.3046 0.8015 -0.5145
vn 0.0305 -0.9992 0.0248
vn 0.0100 -0.9994 0.0339
vn -0.0044 0.9585 0.2852
vn -0.1981 0.9395 0.2795
vn 0.1927 0.9405 0.2799
vn -0.0000 -1.0000 -0.0081
vn -0.0020 0.9585 0.2852
vn -0.2979 0.9150 0.2722
vn -0.3071 0.9121 0.2714
vn -0.0033 0.9585 0.2852
vn -0.0029 0.8438 -0.5366
vn 0.0062 0.9584 0.2852
vn -0.0039 -1.0000 -0.0080
vn 0.3055 0.9126 0.2715
vn 0.0007 -1.0000 -0.0054
vn 0.0013 0.9585 0.2852
vn -0.0030 0.9585 0.2852
vn -0.0026 0.8439 -0.5366
vn 0.0103 -0.9994 0.0331
vn 0.0009 0.9585 0.2852
vn 0.0295 -0.9990 0.0349
vn 0.2109 0.0157 -0.9774
vn 0.0003 0.0206 0.9998
vn -0.0126 -0.8690 0.4946
vn 0.0242 0.3013 0.9532
vn 0.0300 0.3053 0.9518
vn 0.0389 0.0113 0.9992
vn 0.0389 0.0111 0.9992
vn 0.1744 0.0174 -0.9845
vn 0.0705 0.0143 0.9974
vn 0.4253 -0.5675 0.7050
vn 0.7019 -0.4392 0.5607
vn -0.0000 -0.4695 0.8829
vn -0.2767 0.8888 0.3653
vn 0.6922 0.1452 0.7070
vn 0.9963 -0.0652 0.0555
vn 0.0004 0.8697 0.4936
vn -0.0000 0.4802 0.8772
vn 0.2801 0.7931 0.5409
vn 0.0011 0.8439 0.5364
vn -0.0010 0.2697 0.9630
vn -0.0000 0.2694 0.9630
vn 0.9996 -0.0135 0.0249
vn 0.0015 -0.9883 0.1522
vn 0.0075 -0.9897 0.1430
vn -0.0000 -0.9567 0.2911
vn -0.0000 -0.9567 0.2910
vn -0.0000 -0.9624 0.2718
vn 0.0222 -0.9636 0.2663
vn 0.0128 -0.9564 0.2918
vn -0.0112 -0.9568 0.2907
vn -0.0117 -0.9622 0.2722
vn 0.0039 -0.9675 0.2527
vn 0.0034 -0.9675 0.2530
vn -0.0000 -0.9675 0.2527
vn 0.5529 -0.8036 0.2203
vn 0.2831 -0.9228 0.2612
vn 0.2876 -0.9201 0.2659
vn 0.5528 -0.8031 0.2223
vn 0.9810 0.0717 0.1803
vn 0.9447 -0.2408 0.2225
vn 0.9566 -0.1939 0.2177
vn 0.9803 0.0756 0.1822
vn 0.8660 -0.4502 0.2175
vn 0.8658 -0.4504 0.2179
vn -0.0006 -0.9640 0.2660
vn -0.0009 -0.9657 0.2597
vn -0.0005 -0.9663 0.2573
vn -0.0027 -0.9644 0.2645
vn -0.0000 -0.9618 0.2737
vn -0.0026 -0.9620 0.2730
vn -0.0045 -0.9561 0.2930
vn -0.0000 -0.9561 0.2930
vn -0.0003 -0.9554 0.2954
vn 0.1269 -0.9477 0.2930
vn 0.1235 -0.9353 0.3317
vn 0.5717 -0.7840 0.2419
vn 0.5701 -0.7851 0.2421
vn 0.0359 0.0751 0.9965
vn 0.6858 -0.3843 0.6181
vn 0.0326 -0.9671 0.2525
vn 0.0247 -0.9993 0.0287
vn -0.0013 -0.9880 0.1544
vn -0.0122 -0.9674 0.2529
vn 0.0028 -0.9675 0.2529
vn 0.2686 -0.9259 0.2657
vn -0.0000 -0.9676 0.2527
vn 0.5388 -0.8085 0.2366
vn 0.9676 -0.1382 0.2111
vn 0.9805 0.0816 0.1785
vn 0.8645 -0.4509 0.2221
vn 0.0807 -0.7319 0.6766
vn 0.1001 -0.9950 0.0008
vn 0.0620 -0.9979 -0.0205
vn -0.0661 -0.9970 -0.0396
vn 0.0387 -0.1331 0.9903
vn 0.0634 0.2826 0.9571
vn 0.0772 0.3493 0.9338
vn 0.0256 -0.7647 0.6439
vn -0.0197 0.3944 0.9187
vn -0.0510 0.0592 0.9969
vn -0.0000 0.2704 0.9627
vn -0.0421 -0.0988 0.9942
vn 0.0407 0.0121 0.9991
vn -0.0013 -0.9566 0.2914
vn 0.0447 -0.9990 0.0004
vn -0.0213 0.3831 0.9235
vn -0.0471 0.0571 0.9973
vn 0.0407 0.0118 0.9991
vn 0.0527 -0.9985 -0.0141
vn -0.0411 -0.0961 0.9945
vn 0.0149 -0.9999 0.0076
vn 0.0024 -1.0000 0.0094
vn -0.7440 -0.5111 0.4303
vn -0.9507 -0.2845 0.1232
vn -0.7251 -0.6699 0.1595
vn 0.9716 -0.0838 0.2212
vn 0.9701 -0.0816 -0.2284
vn 0.8982 -0.3764 -0.2272
vn 0.8997 -0.3771 0.2198
vn 0.9999 -0.0164 -0.0053
vn 0.9999 -0.0164 0.0055
vn 0.9999 -0.0103 0.0016
vn 0.9999 -0.0103 -0.0016
vn -0.9144 0.3406 0.2186
vn -0.9129 0.3400 -0.2260
vn -0.9038 0.3634 -0.2262
vn -0.9053 0.3640 0.2189
vn -0.1831 0.1189 -0.9759
vn -0.6435 0.2563 -0.7213
vn -0.6229 0.2512 -0.7409
vn -0.1889 0.0833 -0.9785
vn 0.1828 -0.0441 -0.9822
vn 0.5881 -0.2053 -0.7823
vn 0.6300 -0.2518 -0.7347
vn 0.2257 -0.0677 -0.9718
vn 0.6443 -0.0440 0.7635
vn 0.6351 -0.2536 0.7296
vn 0.3074 -0.0947 0.9469
vn 0.3339 -0.0625 0.9405
vn -0.6180 0.2285 0.7523
vn -0.6277 0.2530 0.7362
vn -0.2458 0.1048 0.9636
vn -0.1542 0.0651 0.9859
vn -0.9262 0.3051 -0.2214
vn 0.9055 -0.3472 -0.2438
vn -0.1597 0.0630 -0.9852
vn -0.6127 0.2266 -0.7571
vn -0.6184 0.0743 -0.7823
vn -0.1089 0.0196 -0.9939
vn -0.9631 0.1316 -0.2346
vn -0.9650 0.1318 0.2268
vn -0.6240 0.0751 0.7778
vn -0.1077 0.0176 0.9940
vn 0.5943 -0.2073 0.7771
vn 0.4704 -0.2859 0.8348
vn 0.1185 -0.0603 0.9911
vn 0.1807 -0.0440 0.9825
vn 0.9073 -0.3480 0.2361
vn 0.8271 -0.4667 0.3133
vn 0.8244 -0.4649 -0.3229
vn 0.4645 -0.2825 -0.8393
vn 0.1184 -0.0602 -0.9911
vn 0.2941 -0.5256 0.7983
vn 0.0789 -0.1410 0.9869
vn 0.4236 -0.8419 0.3344
vn 0.4221 -0.8387 -0.3442
vn 0.2910 -0.5200 -0.8031
vn 0.0789 -0.1410 -0.9869
vn 0.0747 -0.5999 0.7966
vn 0.0242 -0.1687 0.9854
vn 0.0413 -0.9484 0.3145
vn 0.0412 -0.9454 -0.3234
vn 0.0737 -0.5929 -0.8019
vn 0.6527 -0.4568 -0.6044
vn 0.0242 -0.1687 -0.9854
vn 0.6734 -0.1394 -0.7260
vn 1.0000 0.0002 -0.0001
vn 1.0000 0.0002 0.0001
vn -0.1417 -0.0166 -0.9898
vn 0.0589 0.0043 -0.9983
vn 0.0791 0.0131 -0.9968
vn -0.6275 -0.1267 -0.7683
vn -0.9516 -0.2063 -0.2277
vn -0.9534 -0.2066 0.2201
vn -0.6345 -0.1307 0.7618
vn -0.1390 -0.0191 0.9901
vn 0.0590 0.0023 0.9983
vn 0.0805 -0.0002 0.9968
vn 0.0137 -0.0006 0.9999
vn 0.0136 -0.0006 -0.9999
vn 0.6734 -0.1394 0.7260
vn 0.7070 0.0001 0.7072
vn 0.6510 -0.4632 0.6014
vn 0.6418 -0.7287 0.2390
vn 1.0000 -0.0078 -0.0013
vn 1.0000 -0.0078 0.0013
vn 0.6402 -0.7277 -0.2462
vn 0.7070 0.0001 -0.7072
vn 0.7827 -0.0054 -0.6224
vn 0.7827 -0.0054 0.6224
vn 0.7547 -0.0433 0.6547
vn 1.0000 0.0001 -0.0000
vn 0.7071 -0.0000 0.7071
vn 0.0149 -0.2140 0.9767
vn 0.0448 -0.1993 0.9789
vn 0.0448 -0.1993 -0.9789
vn 0.7071 -0.0000 -0.7071
vn 0.0008 -0.0156 0.9999
vn 0.0150 -0.2234 0.9746
vn 0.1128 -0.2216 0.9686
vn 0.1178 -0.0174 0.9929
vn 0.7547 -0.0433 -0.6547
vn 0.1128 -0.2216 -0.9686
vn 0.1179 -0.0174 -0.9929
vn 0.6399 -0.0410 -0.7673
vn 0.6685 0.2494 -0.7006
vn 0.1948 0.2203 -0.9558
vn 0.2503 -0.0294 -0.9677
vn 0.9576 0.2083 -0.1989
vn 0.9595 0.2052 0.1930
vn 0.6736 0.2431 0.6980
vn 0.2042 0.1878 0.9607
vn -0.2376 0.1371 0.9616
vn -0.6489 0.2555 0.7167
vn -0.6368 0.2778 0.7192
vn -0.1282 0.2467 0.9606
vn -0.9445 0.2528 0.2097
vn -0.9280 0.3043 0.2150
vn -0.9422 0.2559 -0.2164
vn -0.6297 0.2830 -0.7234
vn -0.1039 0.2641 -0.9589
vn -0.0361 -0.1015 -0.9942
vn -0.2936 -0.7558 -0.5853
vn -0.4369 -0.6743 -0.5954
vn -0.2385 0.0499 -0.9699
vn 0.1528 -0.0969 -0.9835
vn 0.6388 -0.2936 -0.7112
vn 0.2861 -0.8417 -0.4579
vn -0.0323 -0.7855 -0.6181
vn 0.9457 -0.2526 -0.2044
vn 0.6169 -0.7728 -0.1487
vn 0.9462 -0.2567 0.1971
vn 0.6254 -0.7689 0.1329
vn 0.6404 -0.3013 0.7065
vn 0.3026 -0.8327 0.4637
vn 0.1491 -0.1115 0.9825
vn -0.0088 -0.7520 0.6591
vn -0.2124 -0.7246 0.6556
vn -0.0242 -0.0629 0.9977
vn -0.7106 -0.0036 0.7036
vn -0.4321 -0.6412 0.6341
vn -0.2436 0.0353 0.9692
vn -0.9787 0.0283 0.2032
vn -0.9770 0.0345 -0.2105
vn -0.9446 -0.2963 -0.1414
vn -0.7053 0.0070 -0.7089
vn -0.7214 -0.5618 -0.4050
vn 0.2206 -0.9652 0.1405
vn -0.1312 -0.9718 0.1958
vn -0.2736 -0.9437 0.1860
vn -0.6697 -0.7227 -0.1712
vn -0.3653 -0.9245 -0.1091
vn -0.4111 -0.9047 -0.1114
vn 0.1860 -0.9746 -0.1246
vn -0.1674 -0.9812 -0.0956
vn -0.2746 -0.9556 -0.1065
vn -0.4499 -0.8699 0.2023
vn -0.0194 -0.0470 -0.9987
vn 0.0572 0.1898 -0.9802
vn -0.0416 -0.1174 0.9922
vn 0.0390 0.1104 0.9931
vn -0.1261 -0.2222 -0.9668
vn 0.0776 -0.1897 -0.9788
vn -0.6556 -0.2253 -0.7207
vn -0.9327 -0.2880 -0.2170
vn -0.9342 -0.2885 0.2099
vn -0.6642 -0.2259 0.7126
vn -0.1424 -0.1803 0.9733
vn 0.0247 -0.2055 0.9783
vn 0.0742 -0.1948 0.9780
vn 0.0248 -0.2059 -0.9783
vn 0.0149 -0.2140 -0.9767
vn -0.1554 -0.1933 -0.9688
vn 0.0775 -0.1951 -0.9777
vn -0.6936 -0.1321 -0.7081
vn -0.9583 -0.1796 -0.2222
vn -0.9599 -0.1799 0.2151
vn -0.6989 -0.1330 0.7027
vn -0.1628 -0.1605 0.9735
vn 0.0254 -0.2179 0.9756
vn 0.0748 -0.1980 0.9773
vn 0.0259 -0.2174 -0.9757
vn 0.0150 -0.2234 -0.9746
vn -0.2067 -0.0349 -0.9778
vn 0.0619 -0.0037 -0.9981
vn -0.7064 -0.0931 -0.7016
vn -0.9668 -0.1276 -0.2215
vn -0.9683 -0.1278 0.2145
vn -0.7119 -0.0937 0.6960
vn -0.2067 -0.0349 0.9778
vn 0.0151 -0.0138 0.9998
vn 0.0614 -0.0084 0.9981
vn 0.0150 -0.0139 -0.9998
vn 0.0006 -0.0159 -0.9999
vn 0.0589 0.0022 -0.9983
vn 0.0808 0.0006 -0.9967
vn 0.0589 0.0038 0.9983
vn 0.0787 0.0112 0.9968
vn -0.2249 -0.7693 -0.5980
vn -0.2807 -0.7171 0.6380
vn -0.3649 -0.9133 0.1811
vn 0.0623 0.1768 -0.9823
vn 0.0373 0.1229 0.9917
vn 0.0730 -0.2067 -0.9757
vn 0.0827 -0.1547 0.9845
vn 0.0750 -0.2038 -0.9761
vn 0.0823 -0.1642 0.9830
vn 0.0613 -0.0084 -0.9981
vn 0.0620 -0.0036 0.9981
vn -0.0123 0.0316 -0.9994
vn 0.0542 0.0190 -0.9983
vn -0.0183 0.0222 -0.9996
vn 0.0534 0.0011 -0.9986
vn 0.0336 0.0114 -0.9994
vn 0.1146 -0.0019 -0.9934
vn 0.1126 -0.0475 0.9925
vn -0.0714 -0.0012 0.9974
vn 0.1429 -0.0246 0.9894
vn -0.0763 0.0477 0.9959
vn 0.1166 0.0004 0.9932
vn 0.0437 0.0154 0.9989
vt 0.270100 0.362300
vt 0.291000 0.359900
vt 0.291000 0.382200
vt 0.270100 0.382200
vt 0.291000 0.401800
vt 0.270100 0.404300
vt 0.473300 0.401400
vt 0.473300 0.382200
vt 0.483200 0.382200
vt 0.483200 0.400400
vt 0.300900 0.360000
vt 0.300900 0.382200
vt 0.291000 0.414200
vt 0.270100 0.414200
vt 0.329100 0.407200
vt 0.329100 0.414200
vt 0.315000 0.414200
vt 0.315000 0.405400
vt 0.343800 0.382200
vt 0.343800 0.376500
vt 0.366000 0.376500
vt 0.366000 0.382200
vt 0.315000 0.382200
vt 0.315000 0.361000
vt 0.329100 0.363200
vt 0.329100 0.382200
vt 0.300900 0.414200
vt 0.300900 0.403400
vt 0.448700 0.407200
vt 0.448700 0.414200
vt 0.400100 0.414200
vt 0.400100 0.407200
vt 0.448700 0.382200
vt 0.448700 0.363200
vt 0.473300 0.365100
vt 0.473300 0.414200
vt 0.483200 0.366600
vt 0.970700 0.284900
vt 0.977700 0.299300
vt 0.949900 0.299300
vt 0.949900 0.278000
vt 0.918600 0.299300
vt 0.918600 0.278000
vt 0.928300 0.278000
vt 0.928300 0.299300
vt 0.702300 0.299300
vt 0.702300 0.278000
vt 0.716100 0.278000
vt 0.716100 0.299300
vt 0.669500 0.299300
vt 0.669500 0.278000
vt 0.934700 0.278000
vt 0.934700 0.299300
vt 0.736600 0.278000
vt 0.736600 0.299300
vt 0.760700 0.299300
vt 0.760700 0.278000
vt 0.779900 0.278000
vt 0.779900 0.299300
vt 0.448700 0.350400
vt 0.400100 0.363200
vt 0.400100 0.350400
vt 0.746800 0.278000
vt 0.746800 0.299300
vt 0.810600 0.278000
vt 0.810600 0.299300
vt 0.473300 0.350400
vt 0.894100 0.299300
vt 0.894100 0.278000
vt 0.483200 0.350400
vt 0.400100 0.382200
vt 0.400100 0.376500
vt 0.428200 0.376500
vt 0.428200 0.382200
vt 0.366000 0.414200
vt 0.366000 0.407200
vt 0.366000 0.363200
vt 0.366000 0.350400
vt 0.845300 0.278000
vt 0.845300 0.299300
vt 0.483200 0.414200
vt 0.428200 0.392100
vt 0.400100 0.392100
vt 0.366000 0.392100
vt 0.343800 0.392100
vt 0.329100 0.350400
vt 0.291000 0.350400
vt 0.300900 0.350400
vt 0.270100 0.350400
vt 0.657300 0.299300
vt 0.660700 0.285700
vt 0.315000 0.350400
vt 0.291000 0.318800
vt 0.291000 0.338700
vt 0.270100 0.335600
vt 0.270100 0.318800
vt 0.291000 0.296800
vt 0.270100 0.293700
vt 0.473300 0.302800
vt 0.483200 0.304000
vt 0.483200 0.318800
vt 0.473300 0.318800
vt 0.300900 0.318800
vt 0.300900 0.339000
vt 0.270100 0.286900
vt 0.291000 0.286900
vt 0.329100 0.294400
vt 0.315000 0.294000
vt 0.315000 0.286900
vt 0.329100 0.286900
vt 0.345100 0.318800
vt 0.366000 0.318800
vt 0.366000 0.324900
vt 0.345100 0.324900
vt 0.329100 0.338200
vt 0.315000 0.338400
vt 0.315000 0.318800
vt 0.329100 0.318800
vt 0.300900 0.295600
vt 0.300900 0.286900
vt 0.400100 0.286900
vt 0.448700 0.286900
vt 0.448700 0.294400
vt 0.400100 0.294400
vt 0.473300 0.338800
vt 0.448700 0.338200
vt 0.448700 0.318800
vt 0.473300 0.286900
vt 0.483200 0.337600
vt 0.970700 0.313800
vt 0.949900 0.320600
vt 0.928300 0.320600
vt 0.918600 0.320600
vt 0.716100 0.320600
vt 0.702300 0.320600
vt 0.669500 0.320600
vt 0.934700 0.320600
vt 0.736600 0.320600
vt 0.779900 0.320600
vt 0.760700 0.320600
vt 0.400100 0.338200
vt 0.746800 0.320600
vt 0.810600 0.320600
vt 0.894100 0.320600
vt 0.400100 0.318800
vt 0.429300 0.318800
vt 0.429300 0.324900
vt 0.400100 0.324900
vt 0.366000 0.294400
vt 0.366000 0.286900
vt 0.366000 0.338200
vt 0.845300 0.320600
vt 0.483200 0.286900
vt 0.400100 0.309400
vt 0.429300 0.309400
vt 0.345100 0.309400
vt 0.366000 0.309400
vt 0.660700 0.312900
vt 0.943800 0.702300
vt 0.941300 0.702600
vt 0.941000 0.700300
vt 0.943600 0.700000
vt 0.940900 0.719200
vt 0.941100 0.717100
vt 0.943500 0.717300
vt 0.943500 0.719400
vt 0.813300 0.735000
vt 0.811400 0.734600
vt 0.814600 0.720200
vt 0.816100 0.721800
vt 0.940200 0.735200
vt 0.942800 0.735300
vt 0.972900 0.734300
vt 0.970600 0.734900
vt 0.967400 0.720800
vt 0.968600 0.719200
vt 0.969800 0.703900
vt 0.952700 0.717700
vt 0.953300 0.702700
vt 0.924600 0.700100
vt 0.924300 0.702300
vt 0.907300 0.701400
vt 0.907300 0.699200
vt 0.923900 0.716900
vt 0.907100 0.717100
vt 0.924100 0.719000
vt 0.907000 0.719300
vt 0.924400 0.734900
vt 0.907000 0.734900
vt 0.855300 0.735300
vt 0.855300 0.737600
vt 0.845300 0.737400
vt 0.845200 0.735200
vt 0.843600 0.701700
vt 0.853600 0.701000
vt 0.854100 0.716400
vt 0.844700 0.717300
vt 0.854500 0.718600
vt 0.844700 0.719400
vt 0.930400 0.701300
vt 0.930600 0.703400
vt 0.930400 0.718400
vt 0.930500 0.716300
vt 0.930200 0.734900
vt 0.860400 0.734800
vt 0.861800 0.737000
vt 0.860200 0.700800
vt 0.860200 0.715500
vt 0.860000 0.718100
vt 0.935000 0.701100
vt 0.934900 0.703400
vt 0.935100 0.718700
vt 0.935000 0.716300
vt 0.934500 0.735000
vt 0.865200 0.701600
vt 0.861100 0.698100
vt 0.866000 0.699300
vt 0.872000 0.701500
vt 0.871800 0.699300
vt 0.864700 0.715500
vt 0.871600 0.716100
vt 0.865200 0.717900
vt 0.871300 0.718300
vt 0.865200 0.734700
vt 0.870900 0.734700
vt 0.829400 0.737500
vt 0.829300 0.735400
vt 0.829500 0.718200
vt 0.828000 0.703100
vt 0.829600 0.720100
vt 0.813200 0.737100
vt 0.812700 0.705000
vt 0.877800 0.701200
vt 0.877800 0.699000
vt 0.877600 0.716500
vt 0.877500 0.718700
vt 0.877200 0.734700
vt 0.890300 0.701200
vt 0.890300 0.699000
vt 0.890200 0.716900
vt 0.890100 0.719100
vt 0.889900 0.734800
vt 0.952800 0.735300
vt 0.952800 0.737500
vt 0.942800 0.737600
vt 0.952600 0.719600
vt 0.970700 0.736800
vt 0.127200 0.841300
vt 0.127300 0.837400
vt 0.138600 0.837800
vt 0.138500 0.841600
vt 0.135800 0.779100
vt 0.136100 0.782100
vt 0.128100 0.783200
vt 0.127600 0.780400
vt 0.126700 0.778100
vt 0.136500 0.776500
vt 0.145200 0.780700
vt 0.143300 0.782300
vt 0.141400 0.780200
vt 0.142700 0.778300
vt 0.121600 0.807800
vt 0.121300 0.832600
vt 0.114900 0.832500
vt 0.114900 0.808700
vt 0.120800 0.778700
vt 0.122500 0.781000
vt 0.114800 0.779900
vt 0.114800 0.778100
vt 0.122300 0.783700
vt 0.114800 0.783200
vt 0.114900 0.806800
vt 0.123500 0.805200
vt 0.124800 0.807800
vt 0.124200 0.832600
vt 0.124200 0.781300
vt 0.124400 0.783700
vt 0.123600 0.778600
vt 0.125400 0.804800
vt 0.128200 0.808400
vt 0.127400 0.832600
vt 0.129500 0.806000
vt 0.141900 0.809000
vt 0.141000 0.833000
vt 0.148100 0.803900
vt 0.144200 0.804500
vt 0.141300 0.785300
vt 0.144800 0.784700
vt 0.150600 0.803500
vt 0.147100 0.783700
vt 0.121300 0.837300
vt 0.114900 0.837300
vt 0.122300 0.787300
vt 0.114800 0.787200
vt 0.124100 0.837400
vt 0.124500 0.787200
vt 0.128500 0.786900
vt 0.144600 0.833100
vt 0.143100 0.837500
vt 0.138900 0.779200
vt 0.139800 0.782100
vt 0.139900 0.777000
vt 0.145500 0.809100
vt 0.140900 0.805000
vt 0.138300 0.785700
vt 0.121200 0.841100
vt 0.114900 0.841000
vt 0.124000 0.841200
vt 0.147300 0.836600
vt 0.145200 0.839800
vt 0.148900 0.833200
vt 0.149800 0.809300
vt 0.142200 0.841500
vt 0.181200 0.961700
vt 0.170400 0.959400
vt 0.172100 0.958000
vt 0.181600 0.959400
vt 0.185100 0.959900
vt 0.184800 0.962200
vt 0.189200 0.960600
vt 0.188900 0.962800
vt 0.170600 0.952000
vt 0.182500 0.952300
vt 0.186200 0.952600
vt 0.190700 0.953400
vt 0.151200 0.962800
vt 0.150100 0.955000
vt 0.154100 0.954500
vt 0.155500 0.962200
vt 0.157500 0.954100
vt 0.159000 0.961600
vt 0.168400 0.952200
vt 0.170200 0.949900
vt 0.182700 0.950300
vt 0.186400 0.950500
vt 0.191400 0.951000
vt 0.157000 0.951200
vt 0.167600 0.949800
vt 0.149800 0.952100
vt 0.153700 0.951600
vt 0.194300 0.951300
vt 0.193100 0.953600
vt 0.170100 0.948200
vt 0.167300 0.947800
vt 0.168800 0.941100
vt 0.171200 0.941800
vt 0.182800 0.948700
vt 0.182400 0.942200
vt 0.186500 0.948900
vt 0.185800 0.942000
vt 0.191700 0.949100
vt 0.189900 0.941400
vt 0.156600 0.948700
vt 0.156400 0.940500
vt 0.149500 0.949400
vt 0.153400 0.949000
vt 0.149100 0.940700
vt 0.153100 0.940600
vt 0.194900 0.949100
vt 0.192300 0.940500
vt 0.191400 0.961100
vt 0.102400 0.837400
vt 0.102500 0.841300
vt 0.091200 0.841600
vt 0.091100 0.837800
vt 0.093600 0.782200
vt 0.093900 0.779100
vt 0.102100 0.780400
vt 0.101600 0.783300
vt 0.093300 0.776600
vt 0.102900 0.778100
vt 0.084500 0.780800
vt 0.087000 0.778400
vt 0.088300 0.780300
vt 0.086400 0.782400
vt 0.108400 0.832600
vt 0.108100 0.807800
vt 0.107200 0.781000
vt 0.108900 0.778800
vt 0.107400 0.783700
vt 0.106200 0.805200
vt 0.105600 0.832600
vt 0.104900 0.807800
vt 0.105500 0.781300
vt 0.105300 0.783700
vt 0.106000 0.778600
vt 0.104300 0.804900
vt 0.102400 0.832600
vt 0.101500 0.808400
vt 0.100200 0.806000
vt 0.087800 0.809000
vt 0.088700 0.833000
vt 0.085500 0.804600
vt 0.081400 0.803900
vt 0.084900 0.784800
vt 0.088500 0.785300
vt 0.078900 0.803400
vt 0.082700 0.783800
vt 0.108500 0.837300
vt 0.107400 0.787400
vt 0.105700 0.837400
vt 0.105200 0.787300
vt 0.101200 0.786900
vt 0.086600 0.837500
vt 0.085100 0.833100
vt 0.089900 0.782200
vt 0.090800 0.779300
vt 0.089900 0.777000
vt 0.084200 0.809200
vt 0.088800 0.805000
vt 0.091500 0.785700
vt 0.108500 0.841100
vt 0.105700 0.841200
vt 0.084500 0.839800
vt 0.082500 0.836600
vt 0.080800 0.833200
vt 0.079900 0.809300
vt 0.087600 0.841500
vt 0.443800 0.748300
vt 0.443400 0.745900
vt 0.452800 0.744500
vt 0.454500 0.745900
vt 0.439800 0.746600
vt 0.440100 0.748900
vt 0.435600 0.747200
vt 0.435900 0.749500
vt 0.442300 0.738800
vt 0.454300 0.738500
vt 0.438600 0.739200
vt 0.434100 0.739900
vt 0.470700 0.741000
vt 0.474700 0.741500
vt 0.473600 0.749200
vt 0.469400 0.748600
vt 0.467400 0.740500
vt 0.465800 0.748100
vt 0.456500 0.738700
vt 0.442200 0.736800
vt 0.454700 0.736400
vt 0.438400 0.737000
vt 0.433400 0.737600
vt 0.457200 0.736300
vt 0.467900 0.737800
vt 0.471100 0.738100
vt 0.475000 0.738600
vt 0.431700 0.740200
vt 0.430500 0.737900
vt 0.456100 0.727600
vt 0.457500 0.734300
vt 0.454800 0.734700
vt 0.453700 0.728300
vt 0.442100 0.735300
vt 0.442400 0.728800
vt 0.438300 0.735500
vt 0.439000 0.728500
vt 0.433100 0.735700
vt 0.434900 0.727900
vt 0.468200 0.735200
vt 0.468500 0.727100
vt 0.471400 0.735500
vt 0.475300 0.735900
vt 0.475700 0.727300
vt 0.471700 0.727200
vt 0.429900 0.735600
vt 0.432500 0.727100
vt 0.433400 0.747700
vt 0.294600 0.785000
vt 0.273400 0.787600
vt 0.272600 0.780900
vt 0.293500 0.778500
vt 0.308900 0.802500
vt 0.311900 0.799100
vt 0.317600 0.801100
vt 0.315600 0.805900
vt 0.302400 0.783100
vt 0.298000 0.783400
vt 0.297500 0.778000
vt 0.301900 0.777500
vt 0.301100 0.771900
vt 0.296700 0.772200
vt 0.306300 0.755000
vt 0.308600 0.757600
vt 0.311000 0.751200
vt 0.313000 0.754200
vt 0.310000 0.782200
vt 0.316400 0.790000
vt 0.315200 0.793000
vt 0.305800 0.782500
vt 0.305600 0.777100
vt 0.309500 0.776700
vt 0.308600 0.771100
vt 0.304500 0.771800
vt 0.311000 0.759600
vt 0.312900 0.762200
vt 0.314800 0.756600
vt 0.316500 0.758800
vt 0.322900 0.784300
vt 0.320500 0.780600
vt 0.329600 0.778100
vt 0.330000 0.781300
vt 0.319700 0.775400
vt 0.319200 0.770200
vt 0.328700 0.770400
vt 0.329000 0.774300
vt 0.320600 0.765900
vt 0.328400 0.767200
vt 0.325100 0.787500
vt 0.331800 0.784300
vt 0.320600 0.792200
vt 0.338100 0.777200
vt 0.337400 0.776000
vt 0.337000 0.773400
vt 0.337200 0.769200
vt 0.336700 0.770600
vt 0.329400 0.763700
vt 0.338300 0.766900
vt 0.343100 0.774500
vt 0.342700 0.773500
vt 0.343900 0.772500
vt 0.342700 0.770700
vt 0.342500 0.771800
vt 0.344300 0.770800
vt 0.313400 0.795700
vt 0.318700 0.797600
vt 0.319600 0.794600
vt 0.302800 0.752200
vt 0.293100 0.771700
vt 0.308000 0.747500
vt 0.339700 0.779200
vt 0.344700 0.774100
vt 0.322000 0.762100
vt 0.271800 0.774100
vt 0.230600 0.549700
vt 0.168500 0.549700
vt 0.168500 0.491000
vt 0.230600 0.491000
vt 0.336100 0.876400
vt 0.336100 0.888400
vt 0.270600 0.888400
vt 0.270600 0.876400
vt 0.037000 0.491000
vt 0.045300 0.491000
vt 0.045300 0.549700
vt 0.037000 0.549700
vt 0.204700 0.913600
vt 0.204700 0.921500
vt 0.189200 0.921500
vt 0.189200 0.913600
vt 0.159000 0.291800
vt 0.147500 0.291800
vt 0.147500 0.289900
vt 0.159000 0.289900
vt 0.230600 0.397200
vt 0.230600 0.427600
vt 0.168500 0.427600
vt 0.168500 0.397200
vt 0.068400 0.427600
vt 0.052100 0.427600
vt 0.052100 0.397200
vt 0.068400 0.397200
vt 0.037000 0.397200
vt 0.045300 0.397200
vt 0.045300 0.427600
vt 0.037000 0.427600
vt 0.159000 0.455200
vt 0.147500 0.455200
vt 0.147500 0.427600
vt 0.159000 0.427600
vt 0.159000 0.397200
vt 0.147500 0.397200
vt 0.147500 0.358800
vt 0.159000 0.358800
vt 0.230600 0.322100
vt 0.230600 0.358800
vt 0.168500 0.358800
vt 0.168500 0.322100
vt 0.068400 0.358800
vt 0.052100 0.358800
vt 0.052100 0.324700
vt 0.068400 0.324700
vt 0.037000 0.324700
vt 0.045300 0.324700
vt 0.045300 0.358800
vt 0.037000 0.358800
vt 0.168500 0.455200
vt 0.230600 0.455200
vt 0.068400 0.491000
vt 0.052100 0.491000
vt 0.052100 0.455200
vt 0.068400 0.455200
vt 0.037000 0.455200
vt 0.045300 0.455200
vt 0.159000 0.549700
vt 0.147500 0.549700
vt 0.147500 0.491000
vt 0.159000 0.491000
vt 0.449300 0.932900
vt 0.449600 0.920100
vt 0.488800 0.921600
vt 0.488700 0.933000
vt 0.052100 0.291800
vt 0.068400 0.291800
vt 0.037000 0.291800
vt 0.045300 0.291800
vt 0.237600 0.491000
vt 0.237600 0.549700
vt 0.075400 0.491000
vt 0.075400 0.549700
vt 0.068400 0.549700
vt 0.340400 0.878500
vt 0.340400 0.886400
vt 0.270200 0.911600
vt 0.270200 0.923500
vt 0.208700 0.923500
vt 0.208700 0.911600
vt 0.237600 0.358800
vt 0.237600 0.397200
vt 0.075400 0.358800
vt 0.138000 0.358800
vt 0.138000 0.397200
vt 0.075400 0.397200
vt 0.237600 0.322100
vt 0.075400 0.324700
vt 0.138000 0.324700
vt 0.237600 0.427600
vt 0.237600 0.455200
vt 0.075400 0.427600
vt 0.138000 0.427600
vt 0.138000 0.455200
vt 0.075400 0.455200
vt 0.230600 0.291800
vt 0.230600 0.289900
vt 0.237600 0.289900
vt 0.237600 0.291800
vt 0.075400 0.291800
vt 0.068400 0.289900
vt 0.075400 0.289900
vt 0.357100 0.878500
vt 0.357100 0.886400
vt 0.253700 0.358800
vt 0.253700 0.397200
vt 0.253700 0.322100
vt 0.253700 0.427600
vt 0.253700 0.455200
vt 0.138000 0.491000
vt 0.253700 0.491000
vt 0.052100 0.289900
vt 0.037000 0.289900
vt 0.045300 0.289900
vt 0.522100 0.921700
vt 0.521800 0.934100
vt 0.138000 0.291800
vt 0.253700 0.291800
vt 0.168500 0.291800
vt 0.253700 0.549700
vt 0.052100 0.549700
vt 0.253700 0.289900
vt 0.138000 0.289900
vt 0.138000 0.549700
vt 0.168500 0.289900
vt 0.336100 0.898200
vt 0.270600 0.898200
vt 0.270600 0.866700
vt 0.336100 0.866700
vt 0.030300 0.549700
vt 0.030300 0.491000
vt 0.204700 0.928000
vt 0.189200 0.928000
vt 0.189200 0.907100
vt 0.204700 0.907100
vt 0.030300 0.427600
vt 0.030300 0.397200
vt 0.030300 0.358800
vt 0.030300 0.324700
vt 0.030300 0.455200
vt 0.147500 0.324700
vt 0.159000 0.322100
vt 0.030300 0.291800
vt 0.340400 0.892800
vt 0.340400 0.872000
vt 0.270200 0.933300
vt 0.208700 0.933300
vt 0.208700 0.901800
vt 0.270200 0.901800
vt 0.357100 0.892800
vt 0.357100 0.872000
vt 0.030300 0.289900
vt 0.488400 0.915000
vt 0.522500 0.915000
vt 0.529000 0.921800
vt 0.528700 0.934200
vt 0.522000 0.940700
vt 0.488000 0.939500
vt 0.054000 0.721500
vt 0.108100 0.718200
vt 0.125900 0.755400
vt 0.046200 0.756200
vt 0.041700 0.750600
vt 0.047500 0.722700
vt 0.022200 0.741600
vt 0.031000 0.726100
vt 0.110000 0.715000
vt 0.129300 0.753700
vt 0.125500 0.759200
vt 0.044500 0.759200
vt 0.053600 0.719400
vt 0.039300 0.753300
vt 0.046900 0.719100
vt 0.020400 0.744600
vt 0.029300 0.724100
vt 0.019800 0.740300
vt 0.020400 0.706600
vt 0.033400 0.699000
vt 0.034200 0.690300
vt 0.104900 0.680000
vt 0.323500 0.940200
vt 0.306200 0.939800
vt 0.308500 0.930700
vt 0.323400 0.930900
vt 0.358600 0.927800
vt 0.359600 0.936400
vt 0.345900 0.937300
vt 0.344700 0.928900
vt 0.305700 0.930000
vt 0.303200 0.938800
vt 0.344400 0.926100
vt 0.358300 0.924900
vt 0.346900 0.947400
vt 0.360500 0.946900
vt 0.360700 0.952200
vt 0.347100 0.953000
vt 0.303600 0.954700
vt 0.302400 0.949400
vt 0.306500 0.950500
vt 0.306800 0.954600
vt 0.323900 0.953800
vt 0.323700 0.949500
vt 0.338000 0.953200
vt 0.334800 0.953300
vt 0.334700 0.949200
vt 0.338200 0.947700
vt 0.335800 0.930200
vt 0.337200 0.938800
vt 0.334200 0.939500
vt 0.333000 0.930600
vt 0.346500 0.942800
vt 0.360100 0.942000
vt 0.305500 0.944500
vt 0.323600 0.944500
vt 0.301200 0.944400
vt 0.334700 0.943900
vt 0.338300 0.943700
vt 0.327900 0.930900
vt 0.328400 0.940100
vt 0.340200 0.926600
vt 0.340600 0.929500
vt 0.341800 0.937900
vt 0.342600 0.943200
vt 0.328600 0.944300
vt 0.335400 0.927300
vt 0.342800 0.947600
vt 0.342900 0.953000
vt 0.329000 0.953600
vt 0.328800 0.949400
vt 0.512700 0.724000
vt 0.516200 0.719000
vt 0.517500 0.722800
vt 0.515300 0.725800
vt 0.521100 0.720000
vt 0.520500 0.716300
vt 0.525000 0.715600
vt 0.525600 0.719300
vt 0.525100 0.747500
vt 0.525600 0.751200
vt 0.520700 0.749800
vt 0.520900 0.745900
vt 0.516000 0.746100
vt 0.517900 0.743600
vt 0.324700 0.967400
vt 0.325500 0.976600
vt 0.310600 0.978200
vt 0.307500 0.969300
vt 0.360600 0.976700
vt 0.346800 0.976700
vt 0.347200 0.968200
vt 0.360900 0.968100
vt 0.307900 0.979100
vt 0.304700 0.970600
vt 0.346700 0.979600
vt 0.360600 0.979600
vt 0.348100 0.958200
vt 0.361100 0.957500
vt 0.306800 0.958600
vt 0.302800 0.960100
vt 0.324100 0.958100
vt 0.338600 0.958600
vt 0.335100 0.957400
vt 0.337800 0.976200
vt 0.335000 0.976000
vt 0.335500 0.967100
vt 0.338400 0.967600
vt 0.347400 0.962700
vt 0.361100 0.962600
vt 0.306400 0.964700
vt 0.324400 0.963100
vt 0.302100 0.965200
vt 0.335500 0.962700
vt 0.339100 0.962500
vt 0.329900 0.976200
vt 0.329600 0.967100
vt 0.342500 0.979400
vt 0.342700 0.976500
vt 0.343100 0.968000
vt 0.343400 0.962600
vt 0.329500 0.962800
vt 0.343100 0.958300
vt 0.329200 0.957800
vt 0.513100 0.728900
vt 0.509100 0.728800
vt 0.511500 0.733200
vt 0.507800 0.733700
vt 0.508500 0.738200
vt 0.512200 0.737600
vt 0.511100 0.742500
vt 0.514900 0.741300
vt 0.337600 0.979100
vt 0.270300 0.550000
vt 0.270300 0.523300
vt 0.285700 0.523300
vt 0.285700 0.550000
vt 0.285700 0.445300
vt 0.270300 0.445300
vt 0.270300 0.418600
vt 0.285700 0.418600
vt 0.942300 0.568100
vt 0.929000 0.568100
vt 0.929000 0.547100
vt 0.942300 0.547100
vt 0.776600 0.568100
vt 0.769300 0.564900
vt 0.763500 0.555300
vt 0.761900 0.547100
vt 0.797600 0.547100
vt 0.797600 0.568100
vt 0.483200 0.484300
vt 0.483200 0.495700
vt 0.466800 0.495700
vt 0.466800 0.484300
vt 0.979400 0.555300
vt 0.973700 0.564900
vt 0.965000 0.566900
vt 0.981000 0.547100
vt 0.297700 0.550000
vt 0.297700 0.523300
vt 0.297700 0.418600
vt 0.297700 0.445300
vt 0.924600 0.568100
vt 0.924600 0.547100
vt 0.285700 0.495700
vt 0.270300 0.495700
vt 0.270300 0.484300
vt 0.285700 0.484300
vt 0.309500 0.495700
vt 0.297700 0.495700
vt 0.297700 0.484300
vt 0.309500 0.484300
vt 0.309500 0.523300
vt 0.329400 0.523300
vt 0.329400 0.550000
vt 0.309500 0.550000
vt 0.309500 0.445300
vt 0.309500 0.418600
vt 0.329400 0.418600
vt 0.329400 0.445300
vt 0.919600 0.568100
vt 0.899700 0.568100
vt 0.899700 0.547100
vt 0.919600 0.547100
vt 0.329400 0.484300
vt 0.329400 0.495700
vt 0.343300 0.523300
vt 0.343300 0.550000
vt 0.343300 0.445300
vt 0.343300 0.418600
vt 0.894200 0.568100
vt 0.894200 0.547100
vt 0.359800 0.495700
vt 0.343300 0.495700
vt 0.343300 0.484300
vt 0.359800 0.484300
vt 0.359800 0.550000
vt 0.359800 0.523300
vt 0.385100 0.523300
vt 0.385100 0.550000
vt 0.385100 0.445300
vt 0.359800 0.445300
vt 0.359800 0.418600
vt 0.385100 0.418600
vt 0.888500 0.568100
vt 0.857000 0.568100
vt 0.857000 0.547100
vt 0.888500 0.547100
vt 0.385100 0.484300
vt 0.385100 0.495700
vt 0.401600 0.523300
vt 0.401600 0.550000
vt 0.401600 0.418600
vt 0.401600 0.445300
vt 0.851400 0.568100
vt 0.851400 0.547100
vt 0.417600 0.495700
vt 0.401600 0.495700
vt 0.401600 0.484300
vt 0.417600 0.484300
vt 0.417600 0.523300
vt 0.434700 0.523300
vt 0.434700 0.550000
vt 0.417600 0.550000
vt 0.417600 0.445300
vt 0.417600 0.418600
vt 0.434700 0.418600
vt 0.434700 0.445300
vt 0.845100 0.568100
vt 0.830300 0.568100
vt 0.830300 0.547100
vt 0.845100 0.547100
vt 0.434700 0.484300
vt 0.434700 0.495700
vt 0.448500 0.523300
vt 0.448500 0.550000
vt 0.448500 0.445300
vt 0.448500 0.418600
vt 0.823800 0.568100
vt 0.823800 0.547100
vt 0.448500 0.495700
vt 0.448500 0.484300
vt 0.466800 0.523300
vt 0.483200 0.523300
vt 0.483200 0.550000
vt 0.466800 0.550000
vt 0.466800 0.445300
vt 0.466800 0.418600
vt 0.483200 0.418600
vt 0.483200 0.445300
vt 0.817900 0.568100
vt 0.817900 0.547100
vt 0.929000 0.526100
vt 0.942300 0.526100
vt 0.776600 0.526100
vt 0.797600 0.526100
vt 0.763500 0.538900
vt 0.769300 0.529300
vt 0.466800 0.472900
vt 0.483200 0.472900
vt 0.965000 0.527200
vt 0.973700 0.529300
vt 0.979400 0.538900
vt 0.924600 0.526100
vt 0.270300 0.472900
vt 0.285700 0.472900
vt 0.297700 0.472900
vt 0.309500 0.472900
vt 0.899700 0.526100
vt 0.919600 0.526100
vt 0.329400 0.472900
vt 0.894200 0.526100
vt 0.343300 0.472900
vt 0.359800 0.472900
vt 0.857000 0.526100
vt 0.888500 0.526100
vt 0.385100 0.472900
vt 0.851400 0.526100
vt 0.401600 0.472900
vt 0.417600 0.472900
vt 0.830300 0.526100
vt 0.845100 0.526100
vt 0.434700 0.472900
vt 0.823800 0.526100
vt 0.448500 0.472900
vt 0.817900 0.526100
vt 0.270300 0.510900
vt 0.285700 0.510900
vt 0.483200 0.457600
vt 0.466800 0.457600
vt 0.285700 0.457600
vt 0.270300 0.457600
vt 0.466800 0.510900
vt 0.483200 0.510900
vt 0.297700 0.510900
vt 0.309500 0.457600
vt 0.297700 0.457600
vt 0.309500 0.510900
vt 0.329400 0.510900
vt 0.329400 0.457600
vt 0.343300 0.510900
vt 0.359800 0.457600
vt 0.343300 0.457600
vt 0.359800 0.510900
vt 0.385100 0.510900
vt 0.385100 0.457600
vt 0.401600 0.510900
vt 0.417600 0.457600
vt 0.401600 0.457600
vt 0.417600 0.510900
vt 0.434700 0.510900
vt 0.434700 0.457600
vt 0.448500 0.510900
vt 0.448500 0.457600
vt 0.018500 0.903100
vt 0.015600 0.902200
vt 0.018500 0.902900
vt 0.020700 0.903500
vt 0.014400 0.907400
vt 0.017400 0.908100
vt 0.058000 0.908300
vt 0.061000 0.908500
vt 0.058000 0.908500
vt 0.055700 0.908300
vt 0.058000 0.907500
vt 0.061100 0.907600
vt 0.026900 0.904800
vt 0.026900 0.904900
vt 0.018700 0.902000
vt 0.027100 0.904000
vt 0.038100 0.906900
vt 0.038100 0.906800
vt 0.022500 0.896700
vt 0.020500 0.895900
vt 0.028500 0.897600
vt 0.028400 0.897900
vt 0.021600 0.891400
vt 0.029500 0.892900
vt 0.039100 0.899800
vt 0.039100 0.899400
vt 0.029000 0.871100
vt 0.035500 0.868100
vt 0.035000 0.871700
vt 0.029700 0.873900
vt 0.028100 0.870100
vt 0.035300 0.866800
vt 0.043600 0.868000
vt 0.043800 0.866700
vt 0.043000 0.872000
vt 0.016100 0.932300
vt 0.014200 0.924600
vt 0.023700 0.925000
vt 0.021900 0.938200
vt 0.026000 0.910200
vt 0.037300 0.912200
vt 0.035200 0.927300
vt 0.033400 0.940900
vt 0.013700 0.889100
vt 0.012000 0.894000
vt 0.011200 0.893700
vt 0.012900 0.888800
vt 0.057900 0.901100
vt 0.058100 0.896600
vt 0.061100 0.896700
vt 0.060900 0.901800
vt 0.062700 0.896700
vt 0.062700 0.901800
vt 0.039800 0.894600
vt 0.026900 0.905100
vt 0.038100 0.907000
vt 0.011200 0.923800
vt 0.013400 0.935400
vt 0.025800 0.866900
vt 0.026300 0.867600
vt 0.019500 0.875200
vt 0.018800 0.874700
vt 0.057500 0.882800
vt 0.060000 0.882900
vt 0.055200 0.877600
vt 0.056800 0.875200
vt 0.061400 0.882500
vt 0.057900 0.874500
vt 0.026000 0.878300
vt 0.032700 0.881000
vt 0.041600 0.882100
vt 0.015800 0.901300
vt 0.038200 0.905900
vt 0.021200 0.943400
vt 0.032600 0.946200
vt 0.034500 0.863100
vt 0.044300 0.862900
vt 0.044200 0.863700
vt 0.034600 0.863800
vt 0.060700 0.913800
vt 0.057700 0.913700
vt 0.052300 0.937400
vt 0.056200 0.930400
vt 0.059300 0.930400
vt 0.054100 0.941100
vt 0.065300 0.881500
vt 0.067100 0.896400
vt 0.066200 0.896500
vt 0.064600 0.881700
vt 0.067400 0.901500
vt 0.066500 0.901600
vt 0.060300 0.872600
vt 0.061000 0.872100
vt 0.019100 0.900400
vt 0.016200 0.899600
vt 0.016800 0.897600
vt 0.019700 0.898500
vt 0.058100 0.905800
vt 0.061100 0.905800
vt 0.058100 0.903800
vt 0.061100 0.903700
vt 0.027400 0.902400
vt 0.027800 0.900600
vt 0.038400 0.904400
vt 0.038700 0.902500
vt 0.015200 0.889700
vt 0.013600 0.894600
vt 0.017100 0.890300
vt 0.015700 0.895200
vt 0.027200 0.868700
vt 0.020800 0.876000
vt 0.022300 0.876900
vt 0.034900 0.865200
vt 0.044000 0.865100
vt 0.064600 0.896600
vt 0.064800 0.901700
vt 0.059200 0.873500
vt 0.063100 0.882100
vt 0.020200 0.896900
vt 0.017400 0.895800
vt 0.058000 0.902200
vt 0.055900 0.901300
vt 0.028200 0.899000
vt 0.038900 0.900900
vt 0.018700 0.890800
vt 0.023600 0.877600
vt 0.049400 0.908000
vt 0.049400 0.907900
vt 0.049800 0.900900
vt 0.049900 0.900500
vt 0.051900 0.869200
vt 0.051300 0.870400
vt 0.050900 0.874000
vt 0.048800 0.913400
vt 0.047000 0.930200
vt 0.045100 0.941400
vt 0.050100 0.895800
vt 0.049300 0.908200
vt 0.050400 0.883500
vt 0.049400 0.907100
vt 0.044400 0.946600
vt 0.053400 0.866600
vt 0.053800 0.865900
vt 0.049700 0.903600
vt 0.049500 0.905500
vt 0.052700 0.867800
vt 0.049800 0.902000
vt 0.597800 0.854900
vt 0.597400 0.857800
vt 0.594700 0.857400
vt 0.595200 0.854500
vt 0.591200 0.897500
vt 0.594000 0.897500
vt 0.593900 0.900500
vt 0.591200 0.900400
vt 0.595800 0.897600
vt 0.595700 0.900500
vt 0.596300 0.866300
vt 0.599200 0.858000
vt 0.598000 0.866500
vt 0.595000 0.877600
vt 0.592100 0.877300
vt 0.593400 0.866000
vt 0.611800 0.860300
vt 0.610300 0.868300
vt 0.607600 0.867900
vt 0.609200 0.859800
vt 0.635800 0.868400
vt 0.638500 0.874200
vt 0.636200 0.873900
vt 0.634500 0.869400
vt 0.637300 0.867700
vt 0.640200 0.873900
vt 0.639200 0.881300
vt 0.640900 0.881500
vt 0.636800 0.881100
vt 0.562500 0.857200
vt 0.569600 0.855300
vt 0.566700 0.863600
vt 0.557600 0.863200
vt 0.578800 0.855600
vt 0.576800 0.864200
vt 0.575000 0.875800
vt 0.564300 0.874900
vt 0.554600 0.874100
vt 0.615700 0.848100
vt 0.613300 0.847100
vt 0.614000 0.845400
vt 0.616400 0.846400
vt 0.609000 0.901700
vt 0.606400 0.902000
vt 0.606200 0.900400
vt 0.608800 0.900200
vt 0.609000 0.878800
vt 0.606300 0.878500
vt 0.588100 0.856400
vt 0.588600 0.853500
vt 0.579500 0.852600
vt 0.608600 0.897400
vt 0.614600 0.896900
vt 0.614800 0.899500
vt 0.621900 0.895800
vt 0.622100 0.898200
vt 0.615000 0.900900
vt 0.622500 0.899500
vt 0.617600 0.861900
vt 0.616200 0.869400
vt 0.624600 0.864200
vt 0.623800 0.871000
vt 0.615100 0.879300
vt 0.623100 0.880000
vt 0.599600 0.855100
vt 0.596800 0.877700
vt 0.561300 0.855100
vt 0.554600 0.863000
vt 0.551400 0.873800
vt 0.646500 0.872400
vt 0.647300 0.882100
vt 0.646000 0.882000
vt 0.645300 0.872700
vt 0.637200 0.857500
vt 0.643000 0.864100
vt 0.641800 0.864700
vt 0.636100 0.858600
vt 0.629500 0.854200
vt 0.630400 0.852700
vt 0.557900 0.893900
vt 0.559400 0.892000
vt 0.566100 0.895200
vt 0.566600 0.898100
vt 0.575200 0.896500
vt 0.575400 0.899500
vt 0.632300 0.903200
vt 0.633100 0.904400
vt 0.625700 0.908000
vt 0.625100 0.906400
vt 0.610500 0.910200
vt 0.610800 0.912000
vt 0.608300 0.912500
vt 0.607900 0.910700
vt 0.638900 0.898200
vt 0.640000 0.899000
vt 0.603500 0.858700
vt 0.604000 0.855800
vt 0.608300 0.856600
vt 0.607700 0.859500
vt 0.600200 0.897700
vt 0.600200 0.900600
vt 0.604500 0.897600
vt 0.604600 0.900500
vt 0.602100 0.867100
vt 0.606200 0.867700
vt 0.600900 0.878100
vt 0.604900 0.878400
vt 0.614200 0.852100
vt 0.611800 0.851200
vt 0.612900 0.856200
vt 0.610400 0.855400
vt 0.639500 0.866300
vt 0.634200 0.861200
vt 0.632400 0.863700
vt 0.627600 0.857500
vt 0.625800 0.860600
vt 0.642800 0.873300
vt 0.643400 0.881700
vt 0.609600 0.905900
vt 0.607100 0.906400
vt 0.635000 0.894500
vt 0.636900 0.896300
vt 0.630900 0.900400
vt 0.629500 0.897600
vt 0.623700 0.902900
vt 0.609900 0.857000
vt 0.606000 0.897500
vt 0.612400 0.857600
vt 0.631300 0.864700
vt 0.631000 0.866700
vt 0.625200 0.861900
vt 0.591400 0.888700
vt 0.594300 0.888900
vt 0.639000 0.888900
vt 0.637300 0.888300
vt 0.633600 0.893500
vt 0.635000 0.888200
vt 0.632600 0.892300
vt 0.584600 0.888400
vt 0.585200 0.876700
vt 0.584600 0.897200
vt 0.574800 0.887600
vt 0.608500 0.889300
vt 0.605800 0.889200
vt 0.629600 0.888400
vt 0.630900 0.880600
vt 0.628600 0.894300
vt 0.622200 0.888900
vt 0.596100 0.889000
vt 0.555700 0.885300
vt 0.552600 0.884900
vt 0.643700 0.890900
vt 0.644900 0.891400
vt 0.604300 0.889200
vt 0.600200 0.889100
vt 0.641400 0.889900
vt 0.586600 0.865200
vt 0.570600 0.852500
vt 0.628600 0.896400
vt 0.631000 0.872700
vt 0.621700 0.850400
vt 0.622400 0.848800
vt 0.584600 0.900200
vt 0.616700 0.908800
vt 0.617200 0.910600
vt 0.618700 0.858000
vt 0.620100 0.854300
vt 0.615800 0.904800
vt 0.618200 0.859400
vt 0.564700 0.886400
vt 0.614500 0.889200
vt 0.969000 0.848500
vt 0.966800 0.847900
vt 0.969000 0.848200
vt 0.972000 0.848900
vt 0.969800 0.844900
vt 0.972700 0.845500
vt 0.929700 0.845100
vt 0.932000 0.845200
vt 0.929700 0.845400
vt 0.926700 0.845300
vt 0.960600 0.847100
vt 0.960600 0.846900
vt 0.949500 0.845900
vt 0.949500 0.845700
vt 0.965100 0.856300
vt 0.966800 0.857100
vt 0.959200 0.856200
vt 0.959300 0.855600
vt 0.959000 0.859400
vt 0.966900 0.860000
vt 0.948800 0.854500
vt 0.948700 0.855200
vt 0.959200 0.891300
vt 0.953100 0.894400
vt 0.953400 0.891600
vt 0.958100 0.889700
vt 0.960400 0.892900
vt 0.953500 0.896400
vt 0.945600 0.895200
vt 0.945500 0.897200
vt 0.945900 0.892100
vt 0.970300 0.805700
vt 0.972600 0.813100
vt 0.964100 0.810000
vt 0.964200 0.800600
vt 0.972500 0.824500
vt 0.963500 0.822400
vt 0.951500 0.820500
vt 0.952600 0.807500
vt 0.953400 0.797500
vt 0.930000 0.857100
vt 0.926700 0.856700
vt 0.927200 0.853200
vt 0.930500 0.854300
vt 0.924000 0.856400
vt 0.924300 0.852900
vt 0.948500 0.858300
vt 0.960700 0.846700
vt 0.949500 0.845500
vt 0.949800 0.842100
vt 0.961200 0.843400
vt 0.971300 0.836200
vt 0.974400 0.836800
vt 0.975600 0.825200
vt 0.929600 0.865100
vt 0.926300 0.864900
vt 0.930200 0.874900
vt 0.927100 0.874900
vt 0.923800 0.865000
vt 0.924800 0.875400
vt 0.966100 0.867900
vt 0.958200 0.867200
vt 0.964000 0.877600
vt 0.956600 0.877000
vt 0.947900 0.866400
vt 0.947100 0.876400
vt 0.968900 0.849200
vt 0.971900 0.849600
vt 0.929700 0.846100
vt 0.926700 0.846100
vt 0.960500 0.847800
vt 0.949400 0.846600
vt 0.964300 0.797500
vt 0.972300 0.804600
vt 0.953600 0.794100
vt 0.977700 0.860800
vt 0.976900 0.860700
vt 0.977400 0.857200
vt 0.978100 0.857300
vt 0.926500 0.841800
vt 0.929500 0.841700
vt 0.969000 0.889500
vt 0.962800 0.896100
vt 0.962400 0.895600
vt 0.968400 0.889100
vt 0.972900 0.880100
vt 0.973500 0.880300
vt 0.931800 0.809800
vt 0.928900 0.810300
vt 0.933500 0.801400
vt 0.935300 0.802900
vt 0.930100 0.821000
vt 0.927000 0.821300
vt 0.954400 0.899500
vt 0.954500 0.900200
vt 0.945100 0.901100
vt 0.945200 0.900400
vt 0.919900 0.856300
vt 0.919200 0.856300
vt 0.919300 0.852700
vt 0.920100 0.852800
vt 0.924100 0.885600
vt 0.929000 0.892900
vt 0.928500 0.893300
vt 0.923500 0.885900
vt 0.920500 0.876200
vt 0.921200 0.876100
vt 0.968600 0.850800
vt 0.971600 0.851300
vt 0.971100 0.853800
vt 0.968100 0.853000
vt 0.929700 0.847700
vt 0.926700 0.847800
vt 0.929900 0.850000
vt 0.926800 0.850300
vt 0.960300 0.849300
vt 0.960000 0.851400
vt 0.949300 0.848100
vt 0.949100 0.850300
vt 0.975300 0.860500
vt 0.975600 0.857000
vt 0.972900 0.860200
vt 0.973200 0.856800
vt 0.961500 0.894400
vt 0.967100 0.888300
vt 0.965500 0.887200
vt 0.971400 0.879500
vt 0.969300 0.878800
vt 0.954000 0.898200
vt 0.945300 0.899100
vt 0.921700 0.856300
vt 0.921800 0.852800
vt 0.930000 0.891900
vt 0.925500 0.885000
vt 0.927300 0.884100
vt 0.931400 0.890600
vt 0.922700 0.875800
vt 0.967400 0.855400
vt 0.970300 0.856600
vt 0.930200 0.852500
vt 0.932400 0.853700
vt 0.959600 0.853800
vt 0.948900 0.852600
vt 0.970300 0.860000
vt 0.963700 0.886000
vt 0.961000 0.885600
vt 0.967100 0.878100
vt 0.938300 0.845400
vt 0.938300 0.845100
vt 0.938200 0.854000
vt 0.938200 0.854600
vt 0.937600 0.895100
vt 0.938300 0.893200
vt 0.932800 0.889200
vt 0.938500 0.890400
vt 0.934200 0.887800
vt 0.938300 0.841600
vt 0.938500 0.832600
vt 0.950500 0.833100
vt 0.929400 0.832800
vt 0.939300 0.820400
vt 0.938000 0.857700
vt 0.938300 0.845000
vt 0.938200 0.884300
vt 0.946400 0.885500
vt 0.931900 0.883300
vt 0.937600 0.875500
vt 0.938300 0.846100
vt 0.942600 0.795700
vt 0.942100 0.798800
vt 0.936000 0.898700
vt 0.936300 0.898100
vt 0.938200 0.849700
vt 0.938200 0.847600
vt 0.936900 0.896800
vt 0.938200 0.852100
vt 0.962400 0.834500
vt 0.975500 0.814100
vt 0.929300 0.883300
vt 0.954700 0.885600
vt 0.975700 0.869400
vt 0.976400 0.869600
vt 0.926300 0.832900
vt 0.919200 0.865200
vt 0.919900 0.865200
vt 0.971900 0.868700
vt 0.974100 0.869100
vt 0.921600 0.865100
vt 0.969400 0.868300
vt 0.940800 0.808100
vt 0.937600 0.865600
vt 0.926200 0.419800
vt 0.926200 0.437900
vt 0.900300 0.437900
vt 0.895700 0.414700
vt 0.900300 0.478100
vt 0.926200 0.478100
vt 0.926200 0.496200
vt 0.895700 0.501300
vt 0.944300 0.445500
vt 0.975200 0.445500
vt 0.975200 0.470500
vt 0.944300 0.470500
vt 0.835600 0.445500
vt 0.835600 0.470500
vt 0.812400 0.470500
vt 0.812400 0.445500
vt 0.900300 0.445500
vt 0.900300 0.470500
vt 0.860300 0.470500
vt 0.860300 0.445500
vt 0.926200 0.470500
vt 0.926200 0.445500
vt 0.796800 0.445500
vt 0.796800 0.470500
vt 0.775300 0.470500
vt 0.775300 0.445500
vt 0.895700 0.399200
vt 0.857100 0.414700
vt 0.857100 0.399200
vt 0.835600 0.516800
vt 0.835600 0.501300
vt 0.857100 0.501300
vt 0.857100 0.516800
vt 0.990700 0.445500
vt 0.990700 0.470500
vt 0.023600 0.828300
vt 0.018400 0.823900
vt 0.030300 0.794800
vt 0.037200 0.799000
vt 0.541800 0.931000
vt 0.543900 0.924700
vt 0.549100 0.924700
vt 0.550500 0.931000
vt 0.008600 0.831800
vt 0.022100 0.796400
vt 0.051200 0.797900
vt 0.051200 0.774000
vt 0.059800 0.774000
vt 0.059800 0.802400
vt 0.557400 0.919700
vt 0.539600 0.919700
vt 0.536900 0.913200
vt 0.560400 0.911800
vt 0.860300 0.437900
vt 0.835600 0.437900
vt 0.835600 0.414700
vt 0.835600 0.478100
vt 0.860300 0.478100
vt 0.736700 0.470500
vt 0.736700 0.445500
vt 0.835600 0.399200
vt 0.895700 0.516800
vt 0.037400 0.782800
vt 0.043100 0.780700
vt 0.043100 0.789500
vt 0.036500 0.787700
vt 0.586600 0.913000
vt 0.590100 0.918700
vt 0.560000 0.926900
vt 0.028000 0.774800
vt 0.033500 0.778000
vt 0.059800 0.848600
vt 0.051200 0.835800
vt 0.595700 0.905100
vt 0.558900 0.939100
vt 0.563400 0.947600
vt 0.535200 0.947600
vt 0.535200 0.939100
vt 0.533400 0.924200
vt 0.037600 0.773500
vt 0.529400 0.917000
vt 0.032200 0.769100
vt 0.812400 0.478100
vt 0.944300 0.437900
vt 0.796800 0.478100
vt 0.775300 0.478100
vt 0.796800 0.437900
vt 0.812400 0.437900
vt 0.975200 0.437900
vt 0.990700 0.437900
vt 0.990700 0.478100
vt 0.975200 0.478100
vt 0.736700 0.478100
vt 0.775300 0.437900
vt 0.944300 0.478100
vt 0.736700 0.437900
vt 0.596600 0.939100
vt 0.609300 0.947600
vt 0.013600 0.837500
vt 0.600400 0.910800
vt 0.267600 0.968800
vt 0.265700 0.951000
vt 0.287900 0.951900
vt 0.289000 0.965700
vt 0.613300 0.463600
vt 0.602200 0.463000
vt 0.602800 0.430700
vt 0.614100 0.431100
vt 0.607300 0.531800
vt 0.600800 0.531800
vt 0.601100 0.514400
vt 0.605400 0.514100
vt 0.660400 0.435300
vt 0.632800 0.423400
vt 0.638100 0.411800
vt 0.665400 0.424300
vt 0.604200 0.505900
vt 0.606100 0.505800
vt 0.608400 0.513500
vt 0.449300 0.882700
vt 0.461100 0.883800
vt 0.461200 0.886500
vt 0.450300 0.889900
vt 0.668400 0.442700
vt 0.659000 0.438400
vt 0.670000 0.439200
vt 0.608500 0.587800
vt 0.608100 0.615800
vt 0.599400 0.615600
vt 0.599800 0.587600
vt 0.495400 0.863200
vt 0.515200 0.864000
vt 0.511000 0.881300
vt 0.492700 0.881700
vt 0.511100 0.884400
vt 0.492800 0.886300
vt 0.497200 0.904400
vt 0.517400 0.901700
vt 0.615600 0.463800
vt 0.613200 0.480000
vt 0.609700 0.479400
vt 0.635800 0.468600
vt 0.629500 0.485500
vt 0.482400 0.863200
vt 0.482400 0.882600
vt 0.473800 0.882800
vt 0.469600 0.866000
vt 0.482400 0.886200
vt 0.473900 0.887100
vt 0.484200 0.905400
vt 0.471400 0.903500
vt 0.601700 0.487600
vt 0.608000 0.488200
vt 0.606000 0.495500
vt 0.601500 0.495100
vt 0.608900 0.496300
vt 0.611200 0.488900
vt 0.620200 0.502600
vt 0.625000 0.494800
vt 0.643900 0.508700
vt 0.636100 0.519100
vt 0.601800 0.478800
vt 0.649600 0.497100
vt 0.601300 0.505900
vt 0.612200 0.531100
vt 0.655500 0.477700
vt 0.631700 0.425800
vt 0.534100 0.880800
vt 0.549200 0.878300
vt 0.549600 0.883800
vt 0.534100 0.883100
vt 0.261000 0.977200
vt 0.255800 0.943300
vt 0.296500 0.943300
vt 0.301000 0.974000
vt 0.616500 0.431100
vt 0.600100 0.572500
vt 0.607500 0.572600
vt 0.600300 0.562600
vt 0.600400 0.552500
vt 0.607000 0.552600
vt 0.607400 0.562700
vt 0.674800 0.428700
vt 0.160200 0.698100
vt 0.161000 0.720300
vt 0.143300 0.718400
vt 0.146400 0.697000
vt 0.591000 0.463100
vt 0.591500 0.430600
vt 0.594300 0.531500
vt 0.596800 0.514000
vt 0.670400 0.413400
vt 0.643400 0.400200
vt 0.598300 0.505800
vt 0.593800 0.513200
vt 0.596400 0.505700
vt 0.176800 0.861000
vt 0.176700 0.863800
vt 0.164900 0.865000
vt 0.165800 0.857700
vt 0.681300 0.414600
vt 0.679700 0.418100
vt 0.671900 0.410300
vt 0.590600 0.615500
vt 0.591100 0.587500
vt 0.211200 0.884400
vt 0.208400 0.865900
vt 0.226800 0.866300
vt 0.231100 0.883600
vt 0.208600 0.861300
vt 0.226800 0.863200
vt 0.213000 0.843200
vt 0.233100 0.845800
vt 0.590400 0.479600
vt 0.588700 0.463200
vt 0.594000 0.479100
vt 0.573900 0.484400
vt 0.568200 0.467300
vt 0.189500 0.864800
vt 0.198200 0.865000
vt 0.198100 0.884400
vt 0.185400 0.881600
vt 0.198200 0.861400
vt 0.189600 0.860500
vt 0.187300 0.844100
vt 0.200000 0.842300
vt 0.596900 0.495300
vt 0.595300 0.487900
vt 0.594200 0.495900
vt 0.592200 0.488500
vt 0.582500 0.502000
vt 0.566000 0.517800
vt 0.558500 0.507100
vt 0.578000 0.493900
vt 0.553300 0.495200
vt 0.589400 0.530700
vt 0.548100 0.475500
vt 0.536700 0.440000
vt 0.546300 0.436000
vt 0.644500 0.397800
vt 0.265300 0.863600
vt 0.265000 0.869100
vt 0.249900 0.866700
vt 0.249900 0.864400
vt 0.168800 0.730200
vt 0.134800 0.725000
vt 0.168800 0.689500
vt 0.138100 0.685000
vt 0.589100 0.430600
vt 0.592700 0.572300
vt 0.593200 0.562500
vt 0.593900 0.552400
vt 0.365700 0.964700
vt 0.365000 0.967300
vt 0.362100 0.966800
vt 0.362800 0.963900
vt 0.392400 0.968000
vt 0.391800 0.965300
vt 0.394900 0.964700
vt 0.395300 0.967800
vt 0.376600 0.963300
vt 0.378600 0.963500
vt 0.378600 0.967000
vt 0.376300 0.966800
vt 0.301900 0.729900
vt 0.305100 0.729800
vt 0.303700 0.731700
vt 0.302000 0.731700
vt 0.301400 0.716200
vt 0.212700 0.717400
vt 0.212700 0.715100
vt 0.301400 0.713900
vt 0.376200 0.967600
vt 0.378500 0.967900
vt 0.378400 0.972700
vt 0.374900 0.973800
vt 0.212800 0.724000
vt 0.301500 0.721500
vt 0.301700 0.724700
vt 0.213000 0.727200
vt 0.213700 0.743500
vt 0.302300 0.738800
vt 0.302300 0.742000
vt 0.213700 0.746700
vt 0.213400 0.735300
vt 0.213300 0.733200
vt 0.365300 0.974000
vt 0.363700 0.972100
vt 0.365400 0.971100
vt 0.366900 0.972300
vt 0.370300 0.965200
vt 0.365900 0.963900
vt 0.366700 0.961100
vt 0.371000 0.962200
vt 0.386500 0.962400
vt 0.391000 0.961500
vt 0.391600 0.964500
vt 0.387100 0.965500
vt 0.390000 0.973000
vt 0.391500 0.971800
vt 0.393200 0.973100
vt 0.391500 0.974700
vt 0.388100 0.969200
vt 0.392400 0.968100
vt 0.388100 0.969300
vt 0.385700 0.958700
vt 0.385700 0.958600
vt 0.390200 0.957600
vt 0.390200 0.957700
vt 0.371900 0.958600
vt 0.367600 0.957500
vt 0.367600 0.957400
vt 0.372000 0.958500
vt 0.365000 0.967400
vt 0.362100 0.966900
vt 0.369100 0.968800
vt 0.369000 0.968800
vt 0.381000 0.967800
vt 0.378600 0.967200
vt 0.380900 0.967000
vt 0.370000 0.965900
vt 0.365800 0.964100
vt 0.370200 0.965300
vt 0.362900 0.963300
vt 0.366900 0.960300
vt 0.371200 0.961400
vt 0.371100 0.962000
vt 0.366700 0.960900
vt 0.376700 0.962600
vt 0.378600 0.962700
vt 0.378600 0.963300
vt 0.376700 0.963200
vt 0.386300 0.961700
vt 0.390800 0.960700
vt 0.391000 0.961300
vt 0.386400 0.962300
vt 0.391700 0.964700
vt 0.394800 0.964100
vt 0.387300 0.966300
vt 0.387100 0.965700
vt 0.380700 0.963400
vt 0.380900 0.966900
vt 0.305200 0.733400
vt 0.305500 0.738700
vt 0.302100 0.733600
vt 0.304900 0.724500
vt 0.212600 0.712800
vt 0.212600 0.706300
vt 0.301300 0.706300
vt 0.301300 0.711500
vt 0.381900 0.973900
vt 0.385200 0.976300
vt 0.386500 0.978200
vt 0.370100 0.977800
vt 0.371500 0.975900
vt 0.382000 0.974000
vt 0.378000 0.959000
vt 0.378000 0.958900
vt 0.379400 0.958700
vt 0.379100 0.955500
vt 0.384800 0.954300
vt 0.376300 0.966900
vt 0.387100 0.965600
vt 0.380600 0.962600
vt 0.380700 0.963200
vt 0.371000 0.962100
vt 0.371500 0.976000
vt 0.374800 0.973900
vt 0.374800 0.974000
vt 0.378400 0.972800
vt 0.374900 0.973900
vt 0.381900 0.974100
vt 0.381900 0.974000
vt 0.368100 0.955400
vt 0.213500 0.737400
vt 0.392500 0.969700
vt 0.378600 0.967100
vt 0.365900 0.964000
vt 0.362900 0.963200
vt 0.366700 0.961000
vt 0.380700 0.963300
vt 0.378600 0.963400
vt 0.386500 0.962300
vt 0.391000 0.961400
vt 0.391700 0.964600
vt 0.394700 0.963900
vt 0.394800 0.964000
vt 0.362300 0.969000
vt 0.364600 0.968900
vt 0.373000 0.954400
vt 0.378500 0.955800
vt 0.394900 0.970000
vt 0.385200 0.976400
vt 0.379400 0.958800
vt 0.370900 0.953800
vt 0.389800 0.955600
vt 0.387000 0.953800
vt 0.372500 0.977800
vt 0.375900 0.977400
vt 0.378300 0.977100
vt 0.376000 0.977400
vt 0.380700 0.977600
vt 0.380600 0.977600
vt 0.384100 0.978200
vt 0.372600 0.977900
vt 0.375900 0.977600
vt 0.378200 0.977300
vt 0.376000 0.977500
vt 0.380600 0.977800
vt 0.380500 0.977800
vt 0.384000 0.978300
vt 0.251700 0.949400
vt 0.252500 0.954400
vt 0.242300 0.957000
vt 0.241000 0.951300
vt 0.241800 0.959800
vt 0.253500 0.959300
vt 0.253400 0.965400
vt 0.241600 0.966100
vt 0.253900 0.954400
vt 0.253000 0.949100
vt 0.217600 0.952600
vt 0.218500 0.958000
vt 0.214700 0.957000
vt 0.213800 0.953300
vt 0.229100 0.959800
vt 0.229200 0.958300
vt 0.229600 0.966700
vt 0.228200 0.944500
vt 0.239900 0.944400
vt 0.239900 0.945700
vt 0.228300 0.945900
vt 0.212200 0.953900
vt 0.213200 0.959300
vt 0.210000 0.954400
vt 0.210800 0.948800
vt 0.212900 0.950000
vt 0.218200 0.960100
vt 0.215100 0.945200
vt 0.216200 0.947600
vt 0.209200 0.963800
vt 0.211400 0.964800
vt 0.216400 0.966100
vt 0.226400 0.946000
vt 0.227200 0.951800
vt 0.250700 0.944600
vt 0.253300 0.970800
vt 0.241500 0.971900
vt 0.252000 0.944400
vt 0.229200 0.973000
vt 0.210100 0.969900
vt 0.215000 0.972600
vt 0.229100 0.951700
vt 0.244300 0.957500
vt 0.252300 0.956700
vt 0.253600 0.957500
vt 0.527200 0.953200
vt 0.527700 0.964000
vt 0.525200 0.964000
vt 0.524700 0.953200
vt 0.244900 0.958500
vt 0.521500 0.953400
vt 0.521300 0.950900
vt 0.524600 0.950700
vt 0.525300 0.966500
vt 0.522100 0.966700
vt 0.522000 0.964200
vt 0.227000 0.960400
vt 0.227400 0.958200
vt 0.227200 0.966800
vt 0.226800 0.973000
vt 0.226100 0.943300
vt 0.530400 0.953100
vt 0.531000 0.963900
vt 0.250600 0.943300
vt 0.343400 0.835000
vt 0.343500 0.837300
vt 0.329300 0.837100
vt 0.328800 0.835300
vt 0.689800 0.548800
vt 0.688000 0.535600
vt 0.690000 0.535400
vt 0.691700 0.548500
vt 0.687900 0.414200
vt 0.690300 0.413000
vt 0.691200 0.414900
vt 0.689500 0.415600
vt 0.727800 0.527300
vt 0.730200 0.527200
vt 0.729900 0.531200
vt 0.727600 0.530800
vt 0.692600 0.553900
vt 0.690700 0.554200
vt 0.720600 0.550500
vt 0.722600 0.550900
vt 0.721900 0.554500
vt 0.720200 0.554200
vt 0.692600 0.562800
vt 0.694200 0.561900
vt 0.700300 0.566900
vt 0.699500 0.568500
vt 0.708000 0.568800
vt 0.708200 0.570500
vt 0.719400 0.559400
vt 0.720900 0.559900
vt 0.716100 0.567000
vt 0.715000 0.565700
vt 0.726300 0.512200
vt 0.724100 0.512100
vt 0.322600 0.822300
vt 0.324200 0.829000
vt 0.313100 0.826100
vt 0.309400 0.816800
vt 0.689800 0.533100
vt 0.687800 0.533300
vt 0.687500 0.524600
vt 0.689500 0.524600
vt 0.701300 0.442700
vt 0.698100 0.413800
vt 0.704000 0.413100
vt 0.709800 0.442600
vt 0.348200 0.819400
vt 0.344000 0.819300
vt 0.344500 0.815500
vt 0.348800 0.815800
vt 0.359800 0.825300
vt 0.358400 0.825500
vt 0.358000 0.822100
vt 0.357800 0.820300
vt 0.355500 0.832600
vt 0.358600 0.829200
vt 0.358700 0.830200
vt 0.355800 0.834200
vt 0.697800 0.411800
vt 0.704100 0.411000
vt 0.325800 0.821700
vt 0.327200 0.828600
vt 0.316300 0.834900
vt 0.326300 0.835400
vt 0.348300 0.834300
vt 0.347900 0.826100
vt 0.354200 0.825600
vt 0.354300 0.820100
vt 0.716700 0.441900
vt 0.714500 0.442400
vt 0.706700 0.413400
vt 0.707800 0.411700
vt 0.237200 0.823100
vt 0.236400 0.818900
vt 0.238700 0.818500
vt 0.239600 0.822800
vt 0.689300 0.446000
vt 0.687400 0.446000
vt 0.179300 0.929200
vt 0.176700 0.930000
vt 0.176700 0.896400
vt 0.178700 0.896500
vt 0.694700 0.548100
vt 0.693700 0.534900
vt 0.693700 0.532700
vt 0.693500 0.524000
vt 0.694100 0.447700
vt 0.692000 0.445300
vt 0.695800 0.447400
vt 0.709400 0.444900
vt 0.701600 0.446400
vt 0.713700 0.444000
vt 0.715200 0.444800
vt 0.714300 0.446300
vt 0.724800 0.530100
vt 0.725600 0.527700
vt 0.718200 0.553700
vt 0.718800 0.549400
vt 0.717500 0.559400
vt 0.713700 0.564000
vt 0.707700 0.567000
vt 0.701500 0.565200
vt 0.696100 0.561200
vt 0.695400 0.553200
vt 0.329000 0.840200
vt 0.326600 0.840300
vt 0.327200 0.838800
vt 0.329600 0.838800
vt 0.317400 0.840500
vt 0.307800 0.840700
vt 0.307700 0.839300
vt 0.317700 0.839100
vt 0.241300 0.840700
vt 0.239900 0.839200
vt 0.242300 0.839200
vt 0.243700 0.840700
vt 0.238200 0.837400
vt 0.236500 0.838400
vt 0.236000 0.832200
vt 0.237600 0.831900
vt 0.233200 0.819900
vt 0.235000 0.819100
vt 0.236000 0.823400
vt 0.234200 0.824000
vt 0.295200 0.805700
vt 0.308200 0.809700
vt 0.307900 0.810900
vt 0.294900 0.806900
vt 0.321600 0.815400
vt 0.322000 0.817000
vt 0.343700 0.812800
vt 0.344800 0.814100
vt 0.325500 0.816700
vt 0.324800 0.815400
vt 0.349200 0.814600
vt 0.348200 0.813100
vt 0.354400 0.814900
vt 0.355000 0.816400
vt 0.359200 0.818600
vt 0.358700 0.819800
vt 0.362000 0.825000
vt 0.360800 0.825200
vt 0.360600 0.831700
vt 0.359600 0.830700
vt 0.356100 0.836400
vt 0.356400 0.835000
vt 0.348400 0.839200
vt 0.342900 0.840100
vt 0.343900 0.838700
vt 0.349200 0.837700
vt 0.317200 0.837400
vt 0.326900 0.837200
vt 0.348700 0.836400
vt 0.239300 0.836300
vt 0.239500 0.837500
vt 0.238300 0.838900
vt 0.177200 0.888900
vt 0.179100 0.889000
vt 0.186200 0.896400
vt 0.186900 0.929100
vt 0.181300 0.936500
vt 0.178700 0.937200
vt 0.169200 0.930000
vt 0.169200 0.896400
vt 0.717200 0.444300
vt 0.689300 0.448500
vt 0.687400 0.448500
vt 0.238900 0.831700
vt 0.241400 0.831400
vt 0.241800 0.836200
vt 0.247300 0.817000
vt 0.248400 0.821600
vt 0.694100 0.450200
vt 0.717400 0.453800
vt 0.716500 0.454900
vt 0.242000 0.837500
vt 0.251400 0.837500
vt 0.251800 0.839200
vt 0.236600 0.817600
vt 0.238900 0.817200
vt 0.307300 0.812200
vt 0.296800 0.813300
vt 0.294400 0.808100
vt 0.321600 0.818600
vt 0.325300 0.818200
vt 0.354600 0.817300
vt 0.728600 0.501000
vt 0.719400 0.453300
vt 0.730400 0.501200
vt 0.689300 0.515400
vt 0.687300 0.515500
vt 0.687300 0.458000
vt 0.689300 0.458000
vt 0.302000 0.824000
vt 0.306100 0.834600
vt 0.251200 0.835900
vt 0.250500 0.830300
vt 0.694000 0.459500
vt 0.693300 0.514800
vt 0.247600 0.815700
vt 0.307200 0.837700
vt 0.727400 0.500900
vt 0.721800 0.513100
vt 0.236700 0.840100
vt 0.253000 0.840700
vt 0.237900 0.816100
vt 0.240200 0.815700
vt 0.248600 0.814200
vt 0.343400 0.826400
vt 0.615100 0.709400
vt 0.617200 0.709900
vt 0.614700 0.714200
vt 0.613100 0.712600
vt 0.610400 0.716500
vt 0.609800 0.714400
vt 0.605500 0.716300
vt 0.606100 0.714200
vt 0.601400 0.713800
vt 0.603000 0.712300
vt 0.599200 0.709600
vt 0.601300 0.709100
vt 0.599300 0.704800
vt 0.601400 0.705400
vt 0.601800 0.700800
vt 0.603300 0.702300
vt 0.605900 0.698500
vt 0.606400 0.700500
vt 0.610600 0.698500
vt 0.610100 0.700600
vt 0.614800 0.700900
vt 0.613300 0.702400
vt 0.617200 0.705100
vt 0.615100 0.705600
vt 0.549100 0.697800
vt 0.547300 0.701100
vt 0.544000 0.702900
vt 0.547300 0.690900
vt 0.535200 0.694100
vt 0.537100 0.701100
vt 0.540300 0.702900
vt 0.535200 0.697800
vt 0.540300 0.689000
vt 0.537100 0.690900
vt 0.544000 0.689000
vt 0.549100 0.694100
vt 0.613200 0.708900
vt 0.611800 0.711200
vt 0.609400 0.712500
vt 0.606700 0.712400
vt 0.604400 0.711000
vt 0.603100 0.708600
vt 0.603200 0.705900
vt 0.604600 0.703600
vt 0.606900 0.702300
vt 0.609600 0.702400
vt 0.611900 0.703800
vt 0.613300 0.706100
vt 0.612700 0.708700
vt 0.611400 0.710800
vt 0.609300 0.712000
vt 0.606800 0.711900
vt 0.604700 0.710600
vt 0.603600 0.708500
vt 0.603700 0.706100
vt 0.604900 0.704000
vt 0.607000 0.702800
vt 0.609500 0.702900
vt 0.611600 0.704100
vt 0.612700 0.706300
vt 0.611300 0.708300
vt 0.610400 0.709800
vt 0.608900 0.710600
vt 0.607200 0.710500
vt 0.605800 0.709600
vt 0.605000 0.708200
vt 0.605000 0.706500
vt 0.605900 0.705000
vt 0.607400 0.704200
vt 0.609100 0.704300
vt 0.610500 0.705100
vt 0.611300 0.706600
vt 0.608200 0.707400
vt 0.155000 0.885600
vt 0.160000 0.885000
vt 0.160700 0.887400
vt 0.155200 0.888900
vt 0.151100 0.885800
vt 0.151100 0.889300
vt 0.090400 0.889200
vt 0.085400 0.889300
vt 0.085400 0.885200
vt 0.090300 0.885100
vt 0.163600 0.885800
vt 0.162300 0.884100
vt 0.165700 0.880100
vt 0.167200 0.880700
vt 0.166200 0.876700
vt 0.167900 0.876700
vt 0.165000 0.876700
vt 0.163200 0.880500
vt 0.075100 0.888700
vt 0.069900 0.882900
vt 0.073500 0.883400
vt 0.073500 0.878000
vt 0.078500 0.877900
vt 0.078600 0.885300
vt 0.122400 0.877300
vt 0.126300 0.877300
vt 0.126800 0.882600
vt 0.123100 0.883700
vt 0.159500 0.876800
vt 0.159700 0.882100
vt 0.154800 0.882500
vt 0.154600 0.876900
vt 0.151000 0.882600
vt 0.150900 0.876900
vt 0.163100 0.876800
vt 0.085200 0.877900
vt 0.070800 0.878000
vt 0.069100 0.878100
vt 0.090100 0.877800
vt 0.078700 0.889400
vt 0.127500 0.885100
vt 0.124200 0.887700
vt 0.152800 0.750300
vt 0.156300 0.749900
vt 0.157900 0.757200
vt 0.154300 0.757900
vt 0.156400 0.745800
vt 0.156400 0.740400
vt 0.160200 0.742800
vt 0.160000 0.747700
vt 0.181900 0.762000
vt 0.183700 0.759800
vt 0.186300 0.762000
vt 0.184500 0.764200
vt 0.156500 0.770300
vt 0.178800 0.771300
vt 0.178900 0.774200
vt 0.154400 0.774300
vt 0.152700 0.745800
vt 0.152700 0.740400
vt 0.162500 0.752900
vt 0.163400 0.749700
vt 0.181100 0.762900
vt 0.183700 0.765100
vt 0.152400 0.769900
vt 0.148400 0.769600
vt 0.150400 0.765700
vt 0.154500 0.765500
vt 0.147000 0.885900
vt 0.146800 0.889400
vt 0.095300 0.885000
vt 0.095400 0.889000
vt 0.147000 0.882700
vt 0.146900 0.877000
vt 0.095200 0.877700
vt 0.156600 0.760700
vt 0.162700 0.759200
vt 0.161800 0.762200
vt 0.164000 0.745200
vt 0.149800 0.774100
vt 0.145400 0.774000
vt 0.159100 0.752300
vt 0.157700 0.767100
vt 0.179700 0.764600
vt 0.178600 0.767900
vt 0.178700 0.770100
vt 0.182300 0.766800
vt 0.154800 0.868100
vt 0.154900 0.864800
vt 0.160500 0.866200
vt 0.159800 0.868600
vt 0.150800 0.868000
vt 0.150700 0.864500
vt 0.085200 0.870500
vt 0.085100 0.866400
vt 0.090000 0.866400
vt 0.090100 0.870500
vt 0.163400 0.867800
vt 0.162200 0.869400
vt 0.165600 0.873400
vt 0.167100 0.872700
vt 0.163100 0.873000
vt 0.074800 0.867300
vt 0.073400 0.872600
vt 0.069800 0.873200
vt 0.078400 0.870600
vt 0.126600 0.872000
vt 0.122900 0.871000
vt 0.154600 0.871300
vt 0.159600 0.871500
vt 0.150800 0.871200
vt 0.078400 0.866500
vt 0.123900 0.867000
vt 0.127200 0.869500
vt 0.078100 0.952700
vt 0.085400 0.954300
vt 0.085100 0.957700
vt 0.077400 0.956200
vt 0.089500 0.954100
vt 0.087700 0.950600
vt 0.092600 0.950400
vt 0.095000 0.954200
vt 0.073300 0.924300
vt 0.075500 0.926900
vt 0.073300 0.928700
vt 0.071100 0.926100
vt 0.065000 0.954100
vt 0.061100 0.956200
vt 0.061100 0.931700
vt 0.064000 0.931800
vt 0.095000 0.957900
vt 0.089500 0.957900
vt 0.082400 0.948000
vt 0.072400 0.929500
vt 0.085600 0.947100
vt 0.070200 0.926900
vt 0.065400 0.958200
vt 0.069900 0.956100
vt 0.069600 0.960200
vt 0.065800 0.962200
vt 0.146700 0.868100
vt 0.146300 0.864500
vt 0.095100 0.870400
vt 0.095100 0.866400
vt 0.146800 0.871300
vt 0.076100 0.947800
vt 0.074600 0.954000
vt 0.073100 0.948800
vt 0.090100 0.946600
vt 0.061400 0.965200
vt 0.061200 0.960800
vt 0.083000 0.951500
vt 0.068200 0.952900
vt 0.070700 0.930900
vt 0.067400 0.932000
vt 0.065200 0.931900
vt 0.068500 0.928300
vt 0.710000 0.707900
vt 0.709200 0.710900
vt 0.707800 0.710100
vt 0.707000 0.708700
vt 0.707000 0.707100
vt 0.707800 0.705700
vt 0.709200 0.704900
vt 0.710800 0.704900
vt 0.712200 0.705700
vt 0.713000 0.707000
vt 0.713000 0.708700
vt 0.712200 0.710100
vt 0.710800 0.710900
vt 0.708600 0.713200
vt 0.706100 0.711800
vt 0.704700 0.709300
vt 0.704700 0.706400
vt 0.706100 0.703900
vt 0.708600 0.702500
vt 0.711400 0.702500
vt 0.713900 0.704000
vt 0.715400 0.706400
vt 0.715400 0.709200
vt 0.714000 0.711700
vt 0.711500 0.713200
vt 0.708300 0.714600
vt 0.705100 0.712900
vt 0.703300 0.709700
vt 0.703300 0.706000
vt 0.705100 0.702900
vt 0.708300 0.701100
vt 0.711800 0.701200
vt 0.714900 0.703000
vt 0.716700 0.706000
vt 0.716700 0.709600
vt 0.715000 0.712700
vt 0.711900 0.714500
vt 0.180000 0.791300
vt 0.179200 0.794300
vt 0.177800 0.793500
vt 0.177000 0.792100
vt 0.177000 0.790500
vt 0.177800 0.789100
vt 0.179200 0.788300
vt 0.180800 0.788300
vt 0.182200 0.789100
vt 0.183000 0.790500
vt 0.183000 0.792100
vt 0.182200 0.793500
vt 0.180800 0.794300
vt 0.178600 0.796700
vt 0.176100 0.795200
vt 0.174700 0.792800
vt 0.174600 0.789900
vt 0.176100 0.787400
vt 0.178600 0.785900
vt 0.181400 0.786000
vt 0.183900 0.787400
vt 0.185300 0.789800
vt 0.185300 0.792700
vt 0.183900 0.795200
vt 0.181500 0.796600
vt 0.178300 0.798100
vt 0.175100 0.796300
vt 0.173300 0.793100
vt 0.173300 0.789500
vt 0.175100 0.786300
vt 0.178200 0.784600
vt 0.181800 0.784600
vt 0.184900 0.786400
vt 0.186700 0.789500
vt 0.186700 0.793000
vt 0.185000 0.796100
vt 0.181900 0.798000
vt 0.413800 0.985600
vt 0.413300 0.987600
vt 0.412400 0.987100
vt 0.411800 0.986100
vt 0.411800 0.985100
vt 0.412400 0.984100
vt 0.413300 0.983600
vt 0.414400 0.983600
vt 0.415300 0.984100
vt 0.415900 0.985000
vt 0.415900 0.986100
vt 0.415300 0.987100
vt 0.414400 0.987600
vt 0.412900 0.989200
vt 0.411200 0.988300
vt 0.410300 0.986600
vt 0.410300 0.984600
vt 0.411200 0.983000
vt 0.412900 0.982000
vt 0.414800 0.982000
vt 0.416500 0.983000
vt 0.417400 0.984600
vt 0.417400 0.986500
vt 0.416500 0.988200
vt 0.414900 0.989200
vt 0.412700 0.990200
vt 0.410600 0.989000
vt 0.409300 0.986800
vt 0.409300 0.984400
vt 0.410500 0.982200
vt 0.412700 0.981000
vt 0.415100 0.981100
vt 0.417200 0.982300
vt 0.418400 0.984400
vt 0.418400 0.986800
vt 0.417200 0.988900
vt 0.415100 0.990100
vt 0.245800 0.986100
vt 0.245200 0.988100
vt 0.244300 0.987600
vt 0.243800 0.986700
vt 0.243700 0.985600
vt 0.244300 0.984600
vt 0.245200 0.984100
vt 0.246300 0.984100
vt 0.247200 0.984600
vt 0.247800 0.985600
vt 0.247800 0.986600
vt 0.247200 0.987600
vt 0.246300 0.988100
vt 0.244800 0.989700
vt 0.243200 0.988800
vt 0.242200 0.987100
vt 0.242200 0.985200
vt 0.243100 0.983500
vt 0.244800 0.982500
vt 0.246700 0.982500
vt 0.248400 0.983500
vt 0.249300 0.985100
vt 0.249300 0.987000
vt 0.248400 0.988700
vt 0.246800 0.989700
vt 0.244600 0.990700
vt 0.242500 0.989500
vt 0.241200 0.987400
vt 0.241200 0.984900
vt 0.242400 0.982800
vt 0.244600 0.981600
vt 0.247000 0.981600
vt 0.249100 0.982800
vt 0.250300 0.984900
vt 0.250300 0.987300
vt 0.249100 0.989400
vt 0.247100 0.990600
vt 0.213700 0.986200
vt 0.213200 0.988200
vt 0.212300 0.987600
vt 0.211700 0.986700
vt 0.211700 0.985600
vt 0.212300 0.984700
vt 0.213200 0.984200
vt 0.214300 0.984100
vt 0.215200 0.984700
vt 0.215700 0.985600
vt 0.215700 0.986700
vt 0.215200 0.987600
vt 0.214300 0.988200
vt 0.212800 0.989800
vt 0.211100 0.988800
vt 0.210200 0.987100
vt 0.210100 0.985200
vt 0.211100 0.983500
vt 0.212800 0.982600
vt 0.214700 0.982600
vt 0.216400 0.983500
vt 0.217300 0.985200
vt 0.217300 0.987100
vt 0.216400 0.988700
vt 0.214700 0.989700
vt 0.212600 0.990700
vt 0.210400 0.989500
vt 0.209200 0.987400
vt 0.209200 0.984900
vt 0.210400 0.982800
vt 0.212600 0.981600
vt 0.215000 0.981600
vt 0.217100 0.982900
vt 0.218300 0.984900
vt 0.218300 0.987300
vt 0.217100 0.989400
vt 0.215000 0.990700
vt 0.185300 0.986300
vt 0.187600 0.984100
vt 0.188400 0.985500
vt 0.186200 0.983300
vt 0.184500 0.983300
vt 0.183100 0.984100
vt 0.182300 0.985500
vt 0.182300 0.987100
vt 0.183100 0.988500
vt 0.184500 0.989300
vt 0.186100 0.989300
vt 0.187500 0.988500
vt 0.188300 0.987100
vt 0.189300 0.982400
vt 0.190700 0.984900
vt 0.186800 0.981000
vt 0.183900 0.980900
vt 0.181400 0.982400
vt 0.180000 0.984900
vt 0.180000 0.987700
vt 0.181400 0.990200
vt 0.183900 0.991600
vt 0.186700 0.991600
vt 0.189200 0.990200
vt 0.190700 0.987800
vt 0.190300 0.981400
vt 0.192100 0.984600
vt 0.187200 0.979600
vt 0.183500 0.979600
vt 0.180400 0.981400
vt 0.178600 0.984500
vt 0.178600 0.988100
vt 0.180400 0.991200
vt 0.183500 0.993000
vt 0.187100 0.993000
vt 0.190200 0.991300
vt 0.192000 0.988200
vt 0.581900 0.701100
vt 0.584200 0.699000
vt 0.585000 0.700400
vt 0.582800 0.698100
vt 0.581200 0.698100
vt 0.579700 0.698900
vt 0.578900 0.700300
vt 0.578900 0.701900
vt 0.579700 0.703300
vt 0.581100 0.704200
vt 0.582700 0.704200
vt 0.584100 0.703400
vt 0.585000 0.702000
vt 0.585900 0.697300
vt 0.587300 0.699800
vt 0.583400 0.695800
vt 0.580500 0.695800
vt 0.578000 0.697200
vt 0.576600 0.699700
vt 0.576600 0.702600
vt 0.578000 0.705100
vt 0.580500 0.706500
vt 0.583300 0.706500
vt 0.585800 0.705100
vt 0.587300 0.702600
vt 0.586900 0.696300
vt 0.588700 0.699500
vt 0.583800 0.694400
vt 0.580100 0.694400
vt 0.577000 0.696300
vt 0.575200 0.699400
vt 0.575200 0.703000
vt 0.577100 0.706100
vt 0.580100 0.707800
vt 0.583700 0.707900
vt 0.586800 0.706100
vt 0.588600 0.703100
vt 0.425900 0.985600
vt 0.427300 0.984100
vt 0.427900 0.985100
vt 0.426400 0.983600
vt 0.425300 0.983600
vt 0.424400 0.984100
vt 0.423800 0.985100
vt 0.423800 0.986100
vt 0.424400 0.987100
vt 0.425300 0.987600
vt 0.426400 0.987600
vt 0.427300 0.987100
vt 0.427900 0.986200
vt 0.428500 0.983000
vt 0.429500 0.984700
vt 0.426800 0.982000
vt 0.424900 0.982000
vt 0.423200 0.983000
vt 0.422300 0.984600
vt 0.422300 0.986600
vt 0.423200 0.988200
vt 0.424900 0.989200
vt 0.426800 0.989200
vt 0.428400 0.988300
vt 0.429400 0.986600
vt 0.429200 0.982300
vt 0.430400 0.984500
vt 0.427100 0.981000
vt 0.424600 0.981000
vt 0.422500 0.982300
vt 0.421300 0.984400
vt 0.421300 0.986900
vt 0.422500 0.988900
vt 0.424600 0.990100
vt 0.427000 0.990100
vt 0.429100 0.989000
vt 0.430400 0.986900
vt 0.445900 0.984900
vt 0.447300 0.986400
vt 0.446400 0.986900
vt 0.447900 0.985500
vt 0.447900 0.984400
vt 0.447300 0.983500
vt 0.446400 0.982900
vt 0.445300 0.982900
vt 0.444400 0.983400
vt 0.443800 0.984400
vt 0.443800 0.985500
vt 0.444400 0.986400
vt 0.445300 0.986900
vt 0.448400 0.987600
vt 0.446800 0.988500
vt 0.449400 0.985900
vt 0.449400 0.984000
vt 0.448500 0.982300
vt 0.446800 0.981300
vt 0.444900 0.981300
vt 0.443200 0.982300
vt 0.442300 0.983900
vt 0.442300 0.985800
vt 0.443200 0.987500
vt 0.444800 0.988500
vt 0.449100 0.988300
vt 0.447000 0.989500
vt 0.450400 0.986200
vt 0.450400 0.983700
vt 0.449200 0.981600
vt 0.447000 0.980400
vt 0.444600 0.980400
vt 0.442500 0.981600
vt 0.441300 0.983700
vt 0.441300 0.986100
vt 0.442500 0.988200
vt 0.444500 0.989400
vt 0.257800 0.983600
vt 0.259200 0.982100
vt 0.259800 0.983100
vt 0.258300 0.981600
vt 0.257200 0.981600
vt 0.256300 0.982100
vt 0.255800 0.983100
vt 0.255700 0.984100
vt 0.256300 0.985100
vt 0.257200 0.985600
vt 0.258300 0.985600
vt 0.259200 0.985100
vt 0.259800 0.984200
vt 0.260400 0.981000
vt 0.261400 0.982700
vt 0.258700 0.980000
vt 0.256800 0.980000
vt 0.255100 0.981000
vt 0.254200 0.982700
vt 0.254200 0.984600
vt 0.255100 0.986200
vt 0.256800 0.987200
vt 0.258700 0.987200
vt 0.260300 0.986300
vt 0.261300 0.984600
vt 0.261200 0.980300
vt 0.262300 0.982500
vt 0.259000 0.979000
vt 0.256500 0.979000
vt 0.254400 0.980300
vt 0.253200 0.982400
vt 0.253200 0.984900
vt 0.254500 0.986900
vt 0.256500 0.988100
vt 0.258900 0.988200
vt 0.261000 0.987000
vt 0.262300 0.984900
vt 0.169300 0.228000
vt 0.184600 0.228000
vt 0.185600 0.239200
vt 0.169200 0.239200
vt 0.189100 0.239200
vt 0.188000 0.228000
vt 0.204300 0.228000
vt 0.203600 0.239200
vt 0.327600 0.228000
vt 0.327500 0.239200
vt 0.324100 0.239200
vt 0.324200 0.228000
vt 0.188600 0.253200
vt 0.185100 0.253200
vt 0.185400 0.245900
vt 0.188900 0.245900
vt 0.159400 0.239200
vt 0.159500 0.228000
vt 0.229100 0.277200
vt 0.221000 0.277200
vt 0.220900 0.273700
vt 0.229000 0.273700
vt 0.202700 0.253200
vt 0.203200 0.245900
vt 0.213300 0.245900
vt 0.213100 0.253200
vt 0.213900 0.228000
vt 0.204500 0.225100
vt 0.214000 0.225100
vt 0.209300 0.261800
vt 0.211300 0.261800
vt 0.215100 0.268200
vt 0.212900 0.268200
vt 0.325600 0.261800
vt 0.325800 0.268200
vt 0.311700 0.268200
vt 0.311700 0.261800
vt 0.328900 0.261800
vt 0.329300 0.268200
vt 0.151800 0.260900
vt 0.161000 0.260900
vt 0.158600 0.267600
vt 0.149600 0.267600
vt 0.218600 0.277400
vt 0.201800 0.257300
vt 0.311700 0.273700
vt 0.325400 0.273700
vt 0.221100 0.261800
vt 0.328800 0.273700
vt 0.326600 0.253200
vt 0.323600 0.253200
vt 0.152900 0.274000
vt 0.144400 0.274000
vt 0.057800 0.260900
vt 0.044500 0.260900
vt 0.044600 0.253200
vt 0.058800 0.253200
vt 0.169100 0.245900
vt 0.324000 0.245600
vt 0.327300 0.245600
vt 0.159300 0.245900
vt 0.213400 0.239200
vt 0.058900 0.239200
vt 0.044700 0.239200
vt 0.044900 0.228000
vt 0.059000 0.228000
vt 0.311700 0.277200
vt 0.325400 0.277200
vt 0.361200 0.768500
vt 0.361700 0.765800
vt 0.363700 0.765800
vt 0.364300 0.768300
vt 0.311700 0.228000
vt 0.311700 0.225100
vt 0.324200 0.225100
vt 0.242100 0.268200
vt 0.240300 0.261800
vt 0.057400 0.267600
vt 0.044500 0.267600
vt 0.246400 0.273700
vt 0.311700 0.253200
vt 0.056700 0.274000
vt 0.044400 0.274000
vt 0.132300 0.260900
vt 0.138300 0.253200
vt 0.044700 0.245900
vt 0.058800 0.245900
vt 0.311700 0.239200
vt 0.347100 0.734900
vt 0.345500 0.733500
vt 0.352000 0.731600
vt 0.352700 0.733100
vt 0.358800 0.730100
vt 0.359100 0.727900
vt 0.375700 0.727900
vt 0.375900 0.730100
vt 0.382500 0.731800
vt 0.381800 0.733200
vt 0.336500 0.745400
vt 0.334800 0.744100
vt 0.353300 0.734500
vt 0.359100 0.731900
vt 0.361700 0.741700
vt 0.356600 0.743800
vt 0.375700 0.731900
vt 0.373000 0.741600
vt 0.378200 0.743200
vt 0.381100 0.734500
vt 0.385600 0.736500
vt 0.382600 0.744400
vt 0.337700 0.746300
vt 0.348100 0.736300
vt 0.352000 0.745500
vt 0.344800 0.751000
vt 0.386600 0.735300
vt 0.356900 0.745800
vt 0.351600 0.747600
vt 0.363200 0.743500
vt 0.371500 0.743300
vt 0.378000 0.745200
vt 0.346800 0.751200
vt 0.357600 0.748800
vt 0.352700 0.750400
vt 0.364000 0.747200
vt 0.371300 0.747300
vt 0.377700 0.748000
vt 0.348100 0.753500
vt 0.366700 0.757500
vt 0.366700 0.762800
vt 0.360900 0.758600
vt 0.370200 0.757300
vt 0.369400 0.763500
vt 0.373900 0.767600
vt 0.371100 0.766500
vt 0.376100 0.758000
vt 0.357500 0.767000
vt 0.352500 0.762300
vt 0.355800 0.760400
vt 0.359300 0.764800
vt 0.366200 0.751800
vt 0.366300 0.753200
vt 0.359900 0.753900
vt 0.359600 0.752300
vt 0.370300 0.751900
vt 0.370300 0.753300
vt 0.382400 0.752000
vt 0.382300 0.753600
vt 0.376400 0.753100
vt 0.376400 0.751500
vt 0.349800 0.757900
vt 0.348900 0.756500
vt 0.353400 0.754000
vt 0.354000 0.755700
vt 0.186200 0.257300
vt 0.138500 0.239200
vt 0.138600 0.228000
vt 0.246500 0.277200
vt 0.234000 0.239200
vt 0.234100 0.245900
vt 0.130400 0.267600
vt 0.234200 0.253200
vt 0.126100 0.274000
vt 0.159200 0.253200
vt 0.138400 0.245900
vt 0.234100 0.228000
vt 0.223700 0.268200
vt 0.169100 0.253200
vt 0.234100 0.225100
vt 0.190400 0.225100
vt 0.311700 0.245900
vt 0.382500 0.748800
vt 0.381900 0.758700
vt 0.367400 0.766900
vt 0.365600 0.765000
vt 0.388400 0.734400
vt 0.382800 0.746300
vt 0.379300 0.765000
vt 0.376500 0.767300
vt 0.449500 0.964700
vt 0.450300 0.966300
vt 0.444600 0.964100
vt 0.444300 0.963000
vt 0.449000 0.957600
vt 0.449000 0.952400
vt 0.461200 0.952400
vt 0.461200 0.957600
vt 0.448300 0.959400
vt 0.461900 0.959100
vt 0.460100 0.965500
vt 0.460800 0.964100
vt 0.451000 0.971200
vt 0.460000 0.970400
vt 0.460300 0.973800
vt 0.451300 0.974600
vt 0.208000 0.980800
vt 0.208000 0.983100
vt 0.195700 0.983100
vt 0.195700 0.980800
vt 0.195700 0.968900
vt 0.208000 0.968900
vt 0.208000 0.969900
vt 0.195700 0.969900
vt 0.449000 0.944200
vt 0.461200 0.944200
vt 0.465700 0.962300
vt 0.474700 0.959100
vt 0.474600 0.960200
vt 0.465500 0.963300
vt 0.434500 0.961200
vt 0.434300 0.960100
vt 0.460900 0.980300
vt 0.451800 0.981100
vt 0.446000 0.969800
vt 0.445700 0.968700
vt 0.451200 0.970500
vt 0.445400 0.967600
vt 0.445200 0.966400
vt 0.450700 0.968500
vt 0.450400 0.969100
vt 0.444900 0.965300
vt 0.449900 0.967000
vt 0.449400 0.961500
vt 0.443300 0.959500
vt 0.443000 0.958300
vt 0.449000 0.962300
vt 0.449900 0.963900
vt 0.444000 0.961800
vt 0.443700 0.960700
vt 0.459600 0.969700
vt 0.459800 0.967600
vt 0.460300 0.968400
vt 0.460600 0.966300
vt 0.460700 0.960900
vt 0.460400 0.963300
vt 0.461200 0.961800
vt 0.208000 0.966000
vt 0.195700 0.966000
vt 0.195700 0.965100
vt 0.208000 0.965100
vt 0.208000 0.968000
vt 0.195700 0.968000
vt 0.195700 0.967000
vt 0.208000 0.967000
vt 0.195700 0.976000
vt 0.208000 0.976000
vt 0.208000 0.978400
vt 0.195700 0.978400
vt 0.208000 0.973700
vt 0.195700 0.973700
vt 0.472700 0.971800
vt 0.472400 0.974400
vt 0.464600 0.968700
vt 0.464800 0.967600
vt 0.473200 0.966600
vt 0.472900 0.969200
vt 0.465000 0.966600
vt 0.465100 0.965500
vt 0.473500 0.964100
vt 0.465300 0.964500
vt 0.475100 0.955900
vt 0.466500 0.959000
vt 0.466800 0.958000
vt 0.475300 0.954900
vt 0.474900 0.958100
vt 0.466000 0.961200
vt 0.466200 0.960200
vt 0.475000 0.957000
vt 0.433600 0.956600
vt 0.433400 0.955400
vt 0.434100 0.958900
vt 0.433800 0.957700
vt 0.437500 0.973800
vt 0.438000 0.976600
vt 0.436500 0.968300
vt 0.437000 0.971000
vt 0.436000 0.965500
vt 0.442800 0.956500
vt 0.195700 0.963800
vt 0.208000 0.963800
vt 0.466800 0.956300
vt 0.475300 0.953500
vt 0.433300 0.954000
vt 0.113800 0.978000
vt 0.118100 0.963600
vt 0.123900 0.963700
vt 0.128900 0.978000
vt 0.128700 0.960700
vt 0.141200 0.969200
vt 0.130800 0.955500
vt 0.145900 0.955000
vt 0.129400 0.950000
vt 0.141300 0.940700
vt 0.125000 0.946300
vt 0.129100 0.931800
vt 0.119200 0.946100
vt 0.114100 0.931800
vt 0.114300 0.949200
vt 0.101800 0.940700
vt 0.112200 0.954500
vt 0.097100 0.955000
vt 0.113700 0.960000
vt 0.101800 0.969300
vt 0.968300 0.377900
vt 0.968500 0.382900
vt 0.954300 0.382900
vt 0.954300 0.377900
vt 0.968700 0.387900
vt 0.954200 0.387900
vt 0.966900 0.395000
vt 0.969500 0.398200
vt 0.958900 0.398200
vt 0.960100 0.395000
vt 0.969200 0.325700
vt 0.966400 0.329500
vt 0.958400 0.329500
vt 0.956700 0.325700
vt 0.953500 0.338300
vt 0.968800 0.338300
vt 0.968400 0.343300
vt 0.953900 0.343300
vt 0.968200 0.348300
vt 0.954000 0.348300
vt 0.968200 0.353200
vt 0.954000 0.353200
vt 0.968100 0.358100
vt 0.954000 0.358100
vt 0.968100 0.363100
vt 0.954100 0.363100
vt 0.968200 0.368000
vt 0.954100 0.368000
vt 0.968200 0.372900
vt 0.954200 0.372900
vt 0.670900 0.694200
vt 0.675800 0.694200
vt 0.680000 0.696600
vt 0.664200 0.700900
vt 0.675800 0.712500
vt 0.682500 0.705800
vt 0.682500 0.700900
vt 0.680000 0.710000
vt 0.666600 0.710000
vt 0.670900 0.712500
vt 0.664200 0.705800
vt 0.666600 0.696600
vt 0.160000 0.782100
vt 0.164900 0.782100
vt 0.169100 0.784500
vt 0.153300 0.788800
vt 0.164900 0.800400
vt 0.171600 0.793700
vt 0.171600 0.788800
vt 0.169100 0.798000
vt 0.155700 0.798000
vt 0.160000 0.800400
vt 0.153300 0.793700
vt 0.155700 0.784500
vt 0.953300 0.377900
vt 0.953400 0.382900
vt 0.667500 0.382900
vt 0.667500 0.377900
vt 0.953300 0.387900
vt 0.667500 0.387900
vt 0.951200 0.393200
vt 0.667400 0.393200
vt 0.952600 0.338300
vt 0.667300 0.338300
vt 0.667200 0.333200
vt 0.950200 0.333200
vt 0.952900 0.343300
vt 0.667300 0.343300
vt 0.953100 0.348300
vt 0.667400 0.348300
vt 0.953200 0.353200
vt 0.667400 0.353200
vt 0.953100 0.358100
vt 0.667400 0.358100
vt 0.953100 0.363100
vt 0.667400 0.363100
vt 0.953300 0.368000
vt 0.667500 0.368000
vt 0.953300 0.372900
vt 0.667500 0.372900
vt 0.680700 0.710700
vt 0.683400 0.706000
vt 0.683400 0.700600
vt 0.680700 0.696000
vt 0.676000 0.693300
vt 0.670600 0.693300
vt 0.666000 0.696000
vt 0.663300 0.700600
vt 0.663300 0.706000
vt 0.666000 0.710700
vt 0.670600 0.713400
vt 0.676000 0.713400
vt 0.950900 0.333200
vt 0.951900 0.393200
vt 0.972400 0.389700
vt 0.974200 0.335100
vt 0.992900 0.970500
vt 0.992200 0.978200
vt 0.990400 0.978000
vt 0.991100 0.970400
vt 0.991500 0.986000
vt 0.989700 0.985800
vt 0.990900 0.993900
vt 0.989100 0.993600
vt 0.990000 0.901200
vt 0.991800 0.901000
vt 0.992200 0.908900
vt 0.990500 0.909100
vt 0.992800 0.916800
vt 0.991100 0.917000
vt 0.993300 0.924500
vt 0.991600 0.924600
vt 0.993500 0.932200
vt 0.991800 0.932200
vt 0.993600 0.939800
vt 0.991900 0.939800
vt 0.993600 0.947400
vt 0.991900 0.947400
vt 0.993400 0.955000
vt 0.991700 0.955000
vt 0.993200 0.962800
vt 0.991500 0.962700
vt 0.009100 0.967400
vt 0.012700 0.961200
vt 0.018900 0.957600
vt 0.012700 0.980800
vt 0.035800 0.974600
vt 0.032200 0.961200
vt 0.026000 0.957600
vt 0.035800 0.967400
vt 0.026000 0.984400
vt 0.032200 0.980800
vt 0.018900 0.984400
vt 0.009100 0.974600
vt 0.698900 0.703200
vt 0.700800 0.706400
vt 0.700800 0.710000
vt 0.692200 0.701400
vt 0.689100 0.713100
vt 0.695800 0.714900
vt 0.698900 0.713100
vt 0.692200 0.714900
vt 0.687300 0.706400
vt 0.687300 0.710000
vt 0.689100 0.703200
vt 0.695800 0.701400
vt 0.983200 0.977200
vt 0.983900 0.969900
vt 0.982300 0.985200
vt 0.981400 0.993000
vt 0.983000 0.909600
vt 0.982200 0.901800
vt 0.983900 0.917600
vt 0.984600 0.925000
vt 0.984700 0.932300
vt 0.984700 0.940000
vt 0.984800 0.947300
vt 0.984500 0.954700
vt 0.984300 0.962600
vt 0.921700 0.965900
vt 0.922000 0.972300
vt 0.876300 0.967500
vt 0.877200 0.962000
vt 0.921500 0.978800
vt 0.874800 0.973000
vt 0.920400 0.985100
vt 0.872400 0.978900
vt 0.921900 0.915300
vt 0.874900 0.920300
vt 0.872400 0.914400
vt 0.920800 0.908900
vt 0.922400 0.921700
vt 0.876400 0.925800
vt 0.922000 0.928000
vt 0.877300 0.931400
vt 0.923000 0.934300
vt 0.877900 0.936600
vt 0.923200 0.940700
vt 0.878300 0.941700
vt 0.922600 0.947000
vt 0.878400 0.946800
vt 0.923100 0.953300
vt 0.878200 0.951700
vt 0.922900 0.959700
vt 0.877800 0.956700
vt 0.977000 0.970900
vt 0.971200 0.970500
vt 0.971300 0.969000
vt 0.977100 0.969400
vt 0.981100 0.985100
vt 0.970800 0.983700
vt 0.971700 0.976000
vt 0.982000 0.977000
vt 0.974200 0.991600
vt 0.968700 0.990500
vt 0.968900 0.988900
vt 0.974700 0.990100
vt 0.975000 0.903100
vt 0.975500 0.904600
vt 0.969600 0.905700
vt 0.969400 0.904100
vt 0.981800 0.909700
vt 0.982700 0.917700
vt 0.972300 0.918400
vt 0.971500 0.911000
vt 0.976900 0.925400
vt 0.971700 0.925700
vt 0.971600 0.924200
vt 0.977500 0.923900
vt 0.977700 0.926900
vt 0.971800 0.927300
vt 0.983600 0.940000
vt 0.973200 0.940300
vt 0.973000 0.933700
vt 0.983500 0.932300
vt 0.977800 0.947200
vt 0.972100 0.947100
vt 0.972100 0.945500
vt 0.978100 0.945700
vt 0.978000 0.948700
vt 0.972000 0.948700
vt 0.983100 0.962600
vt 0.972700 0.962100
vt 0.973100 0.954300
vt 0.983300 0.954600
vt 0.971400 0.967400
vt 0.977200 0.968000
vt 0.924700 0.969000
vt 0.924900 0.966100
vt 0.925100 0.963100
vt 0.934300 0.960000
vt 0.933800 0.963500
vt 0.980000 0.966600
vt 0.982700 0.969800
vt 0.979400 0.969600
vt 0.979600 0.972600
vt 0.971200 0.972100
vt 0.924700 0.982500
vt 0.924200 0.985300
vt 0.933000 0.979500
vt 0.932400 0.983200
vt 0.976600 0.988900
vt 0.980100 0.992800
vt 0.975900 0.992000
vt 0.977300 0.905800
vt 0.976700 0.902700
vt 0.980900 0.901900
vt 0.969900 0.907000
vt 0.925100 0.911600
vt 0.924600 0.908700
vt 0.924900 0.924900
vt 0.925800 0.927900
vt 0.933800 0.920800
vt 0.933100 0.924400
vt 0.980000 0.922100
vt 0.983500 0.925000
vt 0.979400 0.925300
vt 0.980400 0.928400
vt 0.972100 0.928800
vt 0.925200 0.930900
vt 0.926600 0.944100
vt 0.926400 0.947000
vt 0.934600 0.940300
vt 0.934500 0.944100
vt 0.979600 0.944200
vt 0.983600 0.947300
vt 0.979500 0.947200
vt 0.979500 0.950300
vt 0.972100 0.950100
vt 0.926600 0.949900
vt 0.927600 0.967700
vt 0.927800 0.966300
vt 0.927800 0.964800
vt 0.934100 0.965100
vt 0.926200 0.984000
vt 0.926100 0.985500
vt 0.932500 0.984600
vt 0.926700 0.910000
vt 0.926500 0.908600
vt 0.927800 0.926300
vt 0.928500 0.927700
vt 0.934200 0.925900
vt 0.927900 0.929300
vt 0.928300 0.945500
vt 0.928300 0.947000
vt 0.934700 0.945500
vt 0.928300 0.948500
vt 0.970100 0.970500
vt 0.934000 0.968200
vt 0.934000 0.966600
vt 0.970200 0.968900
vt 0.969800 0.983400
vt 0.933500 0.973200
vt 0.970800 0.976000
vt 0.967600 0.990300
vt 0.932400 0.986100
vt 0.967800 0.988800
vt 0.968600 0.905800
vt 0.933000 0.909500
vt 0.932800 0.908000
vt 0.968400 0.904300
vt 0.971300 0.918600
vt 0.933400 0.914700
vt 0.970500 0.911200
vt 0.970500 0.924200
vt 0.970600 0.925800
vt 0.934800 0.927400
vt 0.970700 0.927400
vt 0.934300 0.929000
vt 0.972200 0.940100
vt 0.934400 0.934100
vt 0.972100 0.933000
vt 0.971000 0.947100
vt 0.934700 0.947000
vt 0.971000 0.945500
vt 0.971000 0.948700
vt 0.934700 0.948600
vt 0.971800 0.961900
vt 0.934600 0.953800
vt 0.972000 0.954400
vt 0.970300 0.967300
vt 0.971600 0.965900
vt 0.970200 0.972200
vt 0.932900 0.969700
vt 0.969200 0.987600
vt 0.968900 0.907300
vt 0.932900 0.911000
vt 0.971600 0.922600
vt 0.971000 0.929100
vt 0.933400 0.930600
vt 0.972200 0.944100
vt 0.971000 0.950300
vt 0.934400 0.950000
vt 0.970600 0.965600
vt 0.968200 0.987300
vt 0.970600 0.922500
vt 0.971100 0.943900
vt 0.869300 0.960900
vt 0.869000 0.965800
vt 0.868000 0.970200
vt 0.866100 0.974100
vt 0.866100 0.919200
vt 0.868100 0.923100
vt 0.869000 0.927600
vt 0.869400 0.932500
vt 0.870300 0.937400
vt 0.871000 0.942100
vt 0.871500 0.946700
vt 0.870900 0.951300
vt 0.870200 0.956100
vt 0.535400 0.815100
vt 0.534600 0.784600
vt 0.540700 0.784400
vt 0.541800 0.815000
vt 0.548000 0.784000
vt 0.549700 0.815100
vt 0.568300 0.786300
vt 0.570800 0.782900
vt 0.571400 0.799800
vt 0.568200 0.798000
vt 0.573500 0.786200
vt 0.574400 0.797800
vt 0.593500 0.815000
vt 0.594400 0.782800
vt 0.601500 0.783000
vt 0.601500 0.814400
vt 0.607900 0.783000
vt 0.608200 0.814300
vt 0.614200 0.783000
vt 0.614800 0.814200
vt 0.621700 0.782900
vt 0.622700 0.813800
vt 0.626500 0.782800
vt 0.627400 0.813100
vt 0.516600 0.814600
vt 0.516400 0.784800
vt 0.521100 0.784800
vt 0.521400 0.815100
vt 0.528400 0.784700
vt 0.529000 0.815200
vt 0.055100 0.961600
vt 0.057600 0.965400
vt 0.059600 0.972000
vt 0.043800 0.960300
vt 0.041600 0.979800
vt 0.052800 0.981100
vt 0.057400 0.977500
vt 0.045900 0.981100
vt 0.037100 0.969400
vt 0.039100 0.976000
vt 0.039200 0.963900
vt 0.050800 0.960300
vt 0.310500 0.905300
vt 0.314800 0.904000
vt 0.321800 0.904000
vt 0.306000 0.915700
vt 0.324000 0.923400
vt 0.328500 0.913000
vt 0.326400 0.907600
vt 0.326500 0.919700
vt 0.312800 0.924700
vt 0.319700 0.924700
vt 0.308200 0.921100
vt 0.308000 0.909000
vt 0.541800 0.821100
vt 0.535500 0.821200
vt 0.549000 0.821300
vt 0.553600 0.821600
vt 0.553600 0.836600
vt 0.549100 0.836700
vt 0.589800 0.821600
vt 0.594300 0.821100
vt 0.594800 0.836700
vt 0.590200 0.836800
vt 0.601800 0.820800
vt 0.608300 0.820700
vt 0.614900 0.820700
vt 0.623500 0.820800
vt 0.628700 0.818800
vt 0.520600 0.822000
vt 0.515600 0.820300
vt 0.529000 0.821400
vt 0.555700 0.788100
vt 0.550800 0.781000
vt 0.557200 0.783500
vt 0.591300 0.779800
vt 0.586500 0.787400
vt 0.584700 0.782800
vt 0.585300 0.802700
vt 0.589000 0.816100
vt 0.581600 0.805900
vt 0.554200 0.816100
vt 0.557500 0.802800
vt 0.561200 0.805900
vt 0.542200 0.836800
vt 0.536400 0.837100
vt 0.601800 0.836700
vt 0.607800 0.836900
vt 0.613900 0.837200
vt 0.620700 0.838000
vt 0.640500 0.829800
vt 0.635300 0.841600
vt 0.633400 0.838700
vt 0.636400 0.830800
vt 0.508300 0.830900
vt 0.511600 0.837900
vt 0.509400 0.840700
vt 0.505000 0.830000
vt 0.530500 0.837500
vt 0.523500 0.838400
vt 0.622000 0.842000
vt 0.522100 0.842000
vt 0.056800 0.205700
vt 0.338200 0.205700
vt 0.338200 0.207200
vt 0.056800 0.207200
vt 0.338200 0.208700
vt 0.056800 0.208700
vt 0.338200 0.210200
vt 0.056800 0.210200
vt 0.338200 0.211700
vt 0.056800 0.211700
vt 0.338200 0.213300
vt 0.056800 0.213300
vt 0.338200 0.214700
vt 0.056800 0.214700
vt 0.338200 0.216200
vt 0.056800 0.216200
vt 0.338200 0.217700
vt 0.056800 0.217700
vt 0.338200 0.219200
vt 0.056800 0.219200
vt 0.056800 0.201100
vt 0.338200 0.201100
vt 0.338200 0.202600
vt 0.056800 0.202600
vt 0.338200 0.204200
vt 0.056800 0.204200
vt 0.473000 0.979500
vt 0.471800 0.980200
vt 0.470300 0.980200
vt 0.473700 0.976800
vt 0.469100 0.975600
vt 0.468400 0.978300
vt 0.469100 0.979500
vt 0.468400 0.976800
vt 0.471800 0.974900
vt 0.470300 0.974900
vt 0.473000 0.975600
vt 0.473700 0.978300
vt 0.063900 0.978800
vt 0.062700 0.978100
vt 0.062000 0.976900
vt 0.066600 0.978100
vt 0.065400 0.973500
vt 0.062700 0.974200
vt 0.062000 0.975400
vt 0.063900 0.973500
vt 0.067300 0.975400
vt 0.066600 0.974200
vt 0.067300 0.976900
vt 0.065400 0.978800
vt 0.056000 0.207200
vt 0.047400 0.207200
vt 0.047400 0.205700
vt 0.056000 0.205700
vt 0.056000 0.208700
vt 0.047400 0.208700
vt 0.056000 0.210200
vt 0.047400 0.210200
vt 0.056000 0.211700
vt 0.047400 0.211700
vt 0.056000 0.213300
vt 0.047400 0.213300
vt 0.056000 0.214700
vt 0.047400 0.214700
vt 0.056000 0.216200
vt 0.047400 0.216200
vt 0.056000 0.217700
vt 0.047400 0.217700
vt 0.056000 0.219200
vt 0.047400 0.219200
vt 0.056000 0.202600
vt 0.047400 0.202600
vt 0.047400 0.201100
vt 0.056000 0.201100
vt 0.056000 0.204200
vt 0.047400 0.204200
vt 0.067200 0.973600
vt 0.065600 0.972600
vt 0.063700 0.972600
vt 0.062000 0.973600
vt 0.061100 0.975200
vt 0.061100 0.977100
vt 0.062000 0.978700
vt 0.063700 0.979700
vt 0.065600 0.979700
vt 0.067200 0.978700
vt 0.068200 0.977100
vt 0.068200 0.975200
vt 0.363100 0.885700
vt 0.363800 0.877900
vt 0.387600 0.879900
vt 0.387000 0.887700
vt 0.364600 0.870500
vt 0.388100 0.872400
vt 0.365400 0.863300
vt 0.388700 0.865100
vt 0.366000 0.856000
vt 0.389200 0.857800
vt 0.366700 0.848600
vt 0.389900 0.850400
vt 0.367400 0.841300
vt 0.390700 0.843000
vt 0.368000 0.834100
vt 0.391400 0.835700
vt 0.368300 0.826400
vt 0.392400 0.828000
vt 0.367300 0.818100
vt 0.394400 0.820300
vt 0.387400 0.911100
vt 0.358800 0.909500
vt 0.361200 0.901100
vt 0.386400 0.903000
vt 0.362400 0.893400
vt 0.386600 0.895300
vt 0.294400 0.930700
vt 0.287500 0.930700
vt 0.281500 0.927200
vt 0.303900 0.921200
vt 0.287500 0.904800
vt 0.278000 0.914300
vt 0.278000 0.921200
vt 0.281500 0.908300
vt 0.300400 0.908300
vt 0.294400 0.904800
vt 0.303900 0.914300
vt 0.300400 0.927200
vt 0.570300 0.705500
vt 0.565200 0.708500
vt 0.559300 0.708500
vt 0.573300 0.694500
vt 0.554200 0.689300
vt 0.551200 0.700400
vt 0.554200 0.705500
vt 0.551200 0.694500
vt 0.565200 0.686400
vt 0.559300 0.686400
vt 0.570300 0.689300
vt 0.573300 0.700400
vt 0.388600 0.887800
vt 0.389000 0.880000
vt 0.443300 0.883600
vt 0.442700 0.889900
vt 0.389500 0.872500
vt 0.445200 0.877100
vt 0.390000 0.865300
vt 0.445700 0.870400
vt 0.390700 0.858000
vt 0.446400 0.863500
vt 0.391300 0.850500
vt 0.445500 0.856700
vt 0.392000 0.843200
vt 0.445900 0.850300
vt 0.392900 0.835800
vt 0.447100 0.844000
vt 0.393900 0.828300
vt 0.450800 0.833800
vt 0.395800 0.821100
vt 0.447000 0.829400
vt 0.388000 0.903000
vt 0.444400 0.903100
vt 0.444500 0.909800
vt 0.388900 0.910500
vt 0.388000 0.895400
vt 0.442800 0.896200
vt 0.361600 0.885600
vt 0.362300 0.877800
vt 0.363200 0.870400
vt 0.364000 0.863200
vt 0.364500 0.855900
vt 0.365200 0.848400
vt 0.366000 0.841200
vt 0.366600 0.834000
vt 0.366700 0.826500
vt 0.365700 0.818700
vt 0.357300 0.908600
vt 0.359700 0.900700
vt 0.360900 0.893200
vt 0.104000 0.915600
vt 0.102900 0.912800
vt 0.108600 0.910900
vt 0.109300 0.913500
vt 0.114600 0.909500
vt 0.115100 0.912500
vt 0.120700 0.909000
vt 0.120900 0.911800
vt 0.127000 0.908900
vt 0.126800 0.912100
vt 0.133400 0.909900
vt 0.132800 0.912800
vt 0.139500 0.911600
vt 0.138700 0.914300
vt 0.145700 0.913900
vt 0.144300 0.916900
vt 0.151500 0.917200
vt 0.149800 0.919800
vt 0.157300 0.921600
vt 0.154600 0.923700
vt 0.090200 0.924900
vt 0.087500 0.923200
vt 0.092500 0.918800
vt 0.094300 0.921100
vt 0.097600 0.915600
vt 0.098900 0.917800
vt 0.411100 0.956200
vt 0.418000 0.956200
vt 0.418000 0.971000
vt 0.411100 0.971000
vt 0.424900 0.956200
vt 0.424900 0.971000
vt 0.455200 0.823700
vt 0.456800 0.830600
vt 0.455900 0.833800
vt 0.467000 0.823000
vt 0.461000 0.829100
vt 0.468500 0.825100
vt 0.465400 0.841900
vt 0.460500 0.834600
vt 0.462900 0.830400
vt 0.451100 0.839000
vt 0.455900 0.836400
vt 0.397300 0.956200
vt 0.403200 0.956200
vt 0.403200 0.971000
vt 0.397300 0.971000
vt 0.409100 0.956200
vt 0.409100 0.971000
vt 0.098700 0.903300
vt 0.105500 0.900700
vt 0.112700 0.898800
vt 0.120200 0.897800
vt 0.127900 0.898000
vt 0.135500 0.899000
vt 0.142900 0.900800
vt 0.150200 0.903400
vt 0.157200 0.906800
vt 0.164100 0.910900
vt 0.081100 0.914300
vt 0.086600 0.910300
vt 0.092400 0.906600
vt 0.593700 0.978000
vt 0.582400 0.988800
vt 0.577200 0.979700
vt 0.592600 0.975800
vt 0.577200 0.969000
vt 0.592700 0.973200
vt 0.582600 0.959600
vt 0.594000 0.971100
vt 0.592100 0.954000
vt 0.596300 0.970000
vt 0.603300 0.954000
vt 0.598800 0.970100
vt 0.613100 0.959700
vt 0.601000 0.971500
vt 0.618700 0.969700
vt 0.602100 0.973700
vt 0.618500 0.981300
vt 0.602000 0.976300
vt 0.612300 0.991300
vt 0.600600 0.978400
vt 0.601500 0.994500
vt 0.598300 0.979500
vt 0.591300 0.994100
vt 0.595800 0.979300
vt 0.445100 0.883900
vt 0.446900 0.878100
vt 0.541000 0.979100
vt 0.540000 0.980800
vt 0.535100 0.975900
vt 0.536800 0.974900
vt 0.533400 0.969200
vt 0.535300 0.969200
vt 0.535100 0.962500
vt 0.536800 0.963400
vt 0.540000 0.957600
vt 0.541000 0.959200
vt 0.446300 0.902100
vt 0.444700 0.896000
vt 0.444400 0.889900
vt 0.448300 0.862700
vt 0.447300 0.856600
vt 0.447900 0.850500
vt 0.448900 0.844500
vt 0.552500 0.959200
vt 0.553400 0.957600
vt 0.558300 0.962500
vt 0.556700 0.963400
vt 0.560100 0.969200
vt 0.558200 0.969200
vt 0.558300 0.975900
vt 0.556700 0.974900
vt 0.553400 0.980800
vt 0.552500 0.979100
vt 0.426900 0.956200
vt 0.426900 0.971000
vt 0.538800 0.973800
vt 0.537500 0.969200
vt 0.538800 0.964600
vt 0.542100 0.961200
vt 0.546700 0.957700
vt 0.546700 0.960000
vt 0.551300 0.961200
vt 0.554700 0.964600
vt 0.555900 0.969200
vt 0.554700 0.973800
vt 0.551300 0.977100
vt 0.546700 0.980600
vt 0.546700 0.978400
vt 0.542100 0.977100
vt 0.107300 0.923500
vt 0.107000 0.922600
vt 0.111300 0.921200
vt 0.111600 0.922300
vt 0.116100 0.920400
vt 0.116200 0.921500
vt 0.121100 0.920000
vt 0.121100 0.921300
vt 0.126100 0.920200
vt 0.126000 0.921400
vt 0.131000 0.921000
vt 0.130700 0.922100
vt 0.135800 0.922300
vt 0.135400 0.923500
vt 0.140600 0.924400
vt 0.140000 0.925500
vt 0.144900 0.927100
vt 0.144200 0.928000
vt 0.148900 0.930800
vt 0.147800 0.931500
vt 0.096500 0.931500
vt 0.095500 0.930900
vt 0.099000 0.927200
vt 0.099800 0.928100
vt 0.102900 0.924500
vt 0.103400 0.925500
vt 0.595300 0.975100
vt 0.595400 0.975100
vt 0.595900 0.976000
vt 0.595800 0.976100
vt 0.595400 0.974100
vt 0.595500 0.974100
vt 0.596000 0.973200
vt 0.596000 0.973300
vt 0.596900 0.972800
vt 0.598000 0.972800
vt 0.597900 0.972900
vt 0.598800 0.973400
vt 0.598800 0.973500
vt 0.599300 0.974300
vt 0.599200 0.974400
vt 0.599200 0.975400
vt 0.599100 0.975400
vt 0.598600 0.976200
vt 0.597700 0.976700
vt 0.597700 0.976600
vt 0.596700 0.976700
vt 0.596700 0.976600
vt 0.595500 0.975100
vt 0.595600 0.974100
vt 0.596100 0.973300
vt 0.597000 0.972900
vt 0.597900 0.973000
vt 0.598700 0.973500
vt 0.599100 0.974400
vt 0.599100 0.975300
vt 0.598500 0.976100
vt 0.596700 0.976500
vt 0.148000 0.980900
vt 0.149700 0.983800
vt 0.149700 0.987200
vt 0.141700 0.991800
vt 0.148000 0.990100
vt 0.145100 0.991800
vt 0.138600 0.981400
vt 0.137100 0.987200
vt 0.138800 0.990100
vt 0.137100 0.983800
vt 0.141700 0.979300
vt 0.138800 0.980900
vt 0.145100 0.979300
vt 0.494100 0.957700
vt 0.494100 0.950600
vt 0.497500 0.950600
vt 0.497500 0.957700
vt 0.490800 0.957700
vt 0.490800 0.950600
vt 0.487400 0.957700
vt 0.487400 0.950600
vt 0.484100 0.957700
vt 0.484100 0.950600
vt 0.480700 0.957700
vt 0.480700 0.950600
vt 0.477300 0.957700
vt 0.477300 0.950600
vt 0.514300 0.957700
vt 0.514300 0.950600
vt 0.517700 0.950600
vt 0.517700 0.957700
vt 0.511000 0.957700
vt 0.511000 0.950600
vt 0.507600 0.957700
vt 0.507600 0.950600
vt 0.504200 0.957700
vt 0.504200 0.950600
vt 0.500900 0.957700
vt 0.500900 0.950600
vt 0.498000 0.950600
vt 0.498000 0.957700
vt 0.567000 0.952300
vt 0.567000 0.958800
vt 0.564600 0.961200
vt 0.564600 0.949900
vt 0.561400 0.962100
vt 0.561400 0.949100
vt 0.497500 0.967200
vt 0.484500 0.967200
vt 0.484500 0.957700
vt 0.567900 0.955600
vt 0.500900 0.967200
vt 0.498000 0.967200
vt 0.514300 0.967200
vt 0.517700 0.967200
vt 0.511000 0.967200
vt 0.507600 0.967200
vt 0.504200 0.967200
vt 0.397200 0.993200
vt 0.393900 0.993200
vt 0.391000 0.991500
vt 0.391000 0.982300
vt 0.389300 0.988600
vt 0.389300 0.985200
vt 0.400400 0.982700
vt 0.397200 0.980600
vt 0.393900 0.980600
vt 0.400200 0.982300
vt 0.401800 0.988600
vt 0.401800 0.985200
vt 0.400200 0.991500
vt 0.497500 0.983800
vt 0.494100 0.983800
vt 0.494100 0.976700
vt 0.497500 0.976700
vt 0.490800 0.983800
vt 0.490800 0.976700
vt 0.487400 0.983800
vt 0.487400 0.976700
vt 0.484100 0.983800
vt 0.484100 0.976700
vt 0.480700 0.983800
vt 0.480700 0.976700
vt 0.477300 0.983800
vt 0.477300 0.976700
vt 0.517700 0.983800
vt 0.514300 0.983800
vt 0.514300 0.976700
vt 0.517700 0.976700
vt 0.511000 0.983800
vt 0.511000 0.976700
vt 0.507600 0.983800
vt 0.507600 0.976700
vt 0.504200 0.983800
vt 0.504200 0.976700
vt 0.500900 0.983800
vt 0.500900 0.976700
vt 0.498000 0.983800
vt 0.498000 0.976700
vt 0.165100 0.806200
vt 0.167400 0.808600
vt 0.167400 0.815100
vt 0.165100 0.817500
vt 0.161800 0.818400
vt 0.161800 0.805400
vt 0.484500 0.976700
vt 0.168300 0.811900
vt 0.759800 0.724200
vt 0.765400 0.723000
vt 0.768700 0.737200
vt 0.762300 0.737900
vt 0.770900 0.721500
vt 0.776000 0.736300
vt 0.709300 0.733600
vt 0.714700 0.720600
vt 0.717400 0.721800
vt 0.711900 0.735300
vt 0.714800 0.737300
vt 0.720100 0.722800
vt 0.725000 0.724300
vt 0.722000 0.737800
vt 0.730300 0.725300
vt 0.728200 0.738400
vt 0.735700 0.726100
vt 0.734000 0.738900
vt 0.741000 0.726700
vt 0.739600 0.739200
vt 0.750600 0.739000
vt 0.748700 0.725900
vt 0.754300 0.725100
vt 0.756300 0.738500
vt 0.087900 0.969900
vt 0.090900 0.974900
vt 0.090900 0.977800
vt 0.077100 0.967000
vt 0.069100 0.977800
vt 0.077100 0.988700
vt 0.087900 0.985800
vt 0.090900 0.980800
vt 0.082900 0.988700
vt 0.069100 0.980800
vt 0.072000 0.985800
vt 0.070600 0.972400
vt 0.069100 0.974900
vt 0.072000 0.969900
vt 0.082900 0.967000
vt 0.658100 0.708100
vt 0.653000 0.711000
vt 0.647200 0.711000
vt 0.661000 0.700200
vt 0.653000 0.689300
vt 0.639200 0.700200
vt 0.642200 0.708100
vt 0.640700 0.705600
vt 0.642200 0.692200
vt 0.639200 0.697200
vt 0.647200 0.689300
vt 0.659500 0.694700
vt 0.658100 0.692200
vt 0.661000 0.697200
vt 0.661000 0.703100
vt 0.769000 0.742600
vt 0.762700 0.743000
vt 0.775400 0.742600
vt 0.409700 0.943500
vt 0.409700 0.940700
vt 0.412500 0.940700
vt 0.412400 0.943600
vt 0.389500 0.938600
vt 0.389400 0.935800
vt 0.390900 0.935800
vt 0.390900 0.938600
vt 0.721700 0.743200
vt 0.715300 0.743300
vt 0.727900 0.743500
vt 0.733800 0.743700
vt 0.739500 0.743900
vt 0.745200 0.739200
vt 0.745200 0.743900
vt 0.742400 0.743900
vt 0.742400 0.739200
vt 0.750900 0.743800
vt 0.748000 0.743900
vt 0.747800 0.739100
vt 0.756700 0.743400
vt 0.781900 0.776400
vt 0.782200 0.779200
vt 0.774600 0.778500
vt 0.774100 0.775700
vt 0.782100 0.768300
vt 0.781600 0.773600
vt 0.773700 0.772900
vt 0.774100 0.767200
vt 0.784800 0.741700
vt 0.779000 0.734400
vt 0.786800 0.739400
vt 0.704300 0.740200
vt 0.702400 0.738100
vt 0.706300 0.742400
vt 0.707000 0.747000
vt 0.709400 0.773800
vt 0.717300 0.773100
vt 0.716800 0.775900
vt 0.709100 0.776600
vt 0.796900 0.775300
vt 0.796900 0.778100
vt 0.801600 0.746600
vt 0.788700 0.737200
vt 0.803000 0.744200
vt 0.691300 0.749700
vt 0.689800 0.747300
vt 0.693800 0.771100
vt 0.708900 0.768600
vt 0.694300 0.775500
vt 0.694300 0.778200
vt 0.708800 0.779300
vt 0.694300 0.780900
vt 0.819600 0.778100
vt 0.819300 0.780900
vt 0.824400 0.753500
vt 0.823300 0.756100
vt 0.669500 0.759100
vt 0.668500 0.756600
vt 0.671600 0.774900
vt 0.672000 0.778200
vt 0.672700 0.783600
vt 0.672300 0.780900
vt 0.768300 0.766900
vt 0.762500 0.766700
vt 0.409800 0.933600
vt 0.412600 0.933600
vt 0.389300 0.932400
vt 0.390800 0.932400
vt 0.722600 0.767200
vt 0.716900 0.767500
vt 0.728300 0.767000
vt 0.734000 0.766800
vt 0.739700 0.766700
vt 0.745400 0.766700
vt 0.742600 0.766700
vt 0.751100 0.766600
vt 0.748300 0.766700
vt 0.756800 0.766600
vt 0.784000 0.746400
vt 0.691800 0.753400
vt 0.821800 0.761500
vt 0.820900 0.768300
vt 0.798400 0.762100
vt 0.799500 0.752900
vt 0.669900 0.761800
vt 0.670800 0.768600
vt 0.692900 0.762500
vt 0.768000 0.772600
vt 0.762400 0.772400
vt 0.409800 0.926900
vt 0.409800 0.923500
vt 0.412500 0.923500
vt 0.412600 0.926900
vt 0.389200 0.928400
vt 0.389000 0.925000
vt 0.390400 0.924900
vt 0.390600 0.928300
vt 0.722900 0.772900
vt 0.728500 0.772700
vt 0.734200 0.772500
vt 0.739800 0.772400
vt 0.745500 0.772400
vt 0.742600 0.772400
vt 0.751100 0.772300
vt 0.748300 0.772300
vt 0.756800 0.772300
vt 0.797400 0.770800
vt 0.820000 0.774800
vt 0.487500 0.830300
vt 0.487500 0.814000
vt 0.498800 0.814000
vt 0.498800 0.830300
vt 0.487500 0.848600
vt 0.487500 0.839700
vt 0.498800 0.839700
vt 0.498800 0.848600
vt 0.487500 0.792400
vt 0.487500 0.776500
vt 0.498800 0.776500
vt 0.498800 0.792400
vt 0.407000 0.943500
vt 0.406900 0.940700
vt 0.716300 0.778600
vt 0.688400 0.745000
vt 0.667400 0.754100
vt 0.407000 0.926800
vt 0.406900 0.933600
vt 0.407100 0.923400
vt 0.773700 0.720500
vt 0.776500 0.719400
vt 0.781700 0.732700
vt 0.796900 0.780800
vt 0.800100 0.749000
vt 0.818900 0.783600
vt 0.822200 0.758600
vt 0.428800 0.932700
vt 0.429100 0.928600
vt 0.430600 0.928700
vt 0.430300 0.932700
vt 0.429400 0.925200
vt 0.430800 0.925300
vt 0.374000 0.943900
vt 0.373900 0.941100
vt 0.378100 0.941000
vt 0.378100 0.943800
vt 0.373600 0.934300
vt 0.377800 0.934100
vt 0.373400 0.927800
vt 0.373300 0.924400
vt 0.377500 0.924300
vt 0.377600 0.927600
vt 0.402800 0.923100
vt 0.401600 0.920500
vt 0.405700 0.921100
vt 0.402600 0.926700
vt 0.402600 0.933600
vt 0.402800 0.943700
vt 0.402600 0.940800
vt 0.405500 0.945800
vt 0.401300 0.946100
vt 0.446600 0.925100
vt 0.446400 0.928500
vt 0.442200 0.928200
vt 0.442400 0.924900
vt 0.446000 0.935000
vt 0.441800 0.934700
vt 0.445600 0.941800
vt 0.445500 0.944600
vt 0.441300 0.944400
vt 0.441400 0.941600
vt 0.416600 0.943800
vt 0.418000 0.946200
vt 0.413900 0.945900
vt 0.416800 0.940900
vt 0.417000 0.933700
vt 0.416900 0.923100
vt 0.417000 0.926700
vt 0.413900 0.921100
vt 0.418100 0.920400
vt 0.385200 0.941100
vt 0.381700 0.942900
vt 0.381600 0.940700
vt 0.385200 0.938300
vt 0.381400 0.934000
vt 0.385000 0.933200
vt 0.384700 0.924600
vt 0.384800 0.927900
vt 0.381100 0.927700
vt 0.381000 0.924400
vt 0.394600 0.921600
vt 0.398000 0.920400
vt 0.398500 0.923000
vt 0.394400 0.923700
vt 0.398600 0.926800
vt 0.394700 0.927400
vt 0.394900 0.933000
vt 0.398600 0.933600
vt 0.394800 0.941300
vt 0.394900 0.938300
vt 0.398700 0.940700
vt 0.398700 0.943200
vt 0.394300 0.943300
vt 0.397700 0.945600
vt 0.435200 0.925000
vt 0.438800 0.924900
vt 0.438600 0.928200
vt 0.434900 0.928400
vt 0.434600 0.933600
vt 0.438300 0.934500
vt 0.434200 0.941600
vt 0.434400 0.938800
vt 0.437900 0.941200
vt 0.437800 0.943400
vt 0.425000 0.943500
vt 0.421700 0.945700
vt 0.420700 0.943400
vt 0.424600 0.941500
vt 0.420800 0.940900
vt 0.424600 0.938500
vt 0.420900 0.933800
vt 0.424700 0.933200
vt 0.425400 0.923900
vt 0.425000 0.927600
vt 0.421100 0.926900
vt 0.421200 0.923000
vt 0.425200 0.921700
vt 0.421800 0.920400
vt 0.430100 0.936100
vt 0.430000 0.939000
vt 0.428600 0.938900
vt 0.428700 0.936100
vt 0.213800 0.797100
vt 0.211300 0.803000
vt 0.208400 0.800000
vt 0.212700 0.794100
vt 0.212900 0.765900
vt 0.209900 0.767800
vt 0.206500 0.762400
vt 0.208400 0.760000
vt 0.214000 0.762900
vt 0.210800 0.757200
vt 0.228900 0.754100
vt 0.227200 0.761400
vt 0.232800 0.756800
vt 0.229100 0.764600
vt 0.229100 0.795500
vt 0.232600 0.793800
vt 0.235600 0.800800
vt 0.232800 0.803200
vt 0.229100 0.805900
vt 0.227200 0.798600
vt 0.215700 0.786100
vt 0.210000 0.792200
vt 0.212400 0.784300
vt 0.226100 0.773400
vt 0.232400 0.766400
vt 0.229900 0.775200
vt 0.217100 0.782300
vt 0.215200 0.780100
vt 0.215600 0.774000
vt 0.218500 0.775200
vt 0.218400 0.776500
vt 0.217100 0.777900
vt 0.223300 0.775200
vt 0.223400 0.776500
vt 0.224900 0.777600
vt 0.227100 0.780000
vt 0.226300 0.786600
vt 0.223300 0.785100
vt 0.223500 0.783800
vt 0.224900 0.782400
vt 0.218600 0.784700
vt 0.218600 0.783500
vt 0.206500 0.797600
vt 0.230200 0.784700
vt 0.745000 0.739200
vt 0.235600 0.759300
vt 0.212200 0.775900
vt 0.390700 0.923500
vt 0.390600 0.940000
vt 0.428800 0.940300
vt 0.429100 0.923700
vt 0.175400 0.988200
vt 0.172000 0.987000
vt 0.175700 0.979700
vt 0.177800 0.979400
vt 0.165400 0.983000
vt 0.163000 0.980200
vt 0.169700 0.975300
vt 0.170900 0.977000
vt 0.159600 0.988200
vt 0.157200 0.985400
vt 0.159500 0.974000
vt 0.169400 0.969600
vt 0.175900 0.971300
vt 0.176600 0.972400
vt 0.173900 0.974300
vt 0.173100 0.973200
vt 0.175600 0.979100
vt 0.177400 0.978900
vt 0.171400 0.976600
vt 0.170200 0.974900
vt 0.170000 0.970400
vt 0.176600 0.975800
vt 0.178000 0.976200
vt 0.172300 0.970000
vt 0.527700 0.985500
vt 0.528500 0.982400
vt 0.529900 0.983200
vt 0.530700 0.984600
vt 0.530700 0.986300
vt 0.529900 0.987700
vt 0.528500 0.988600
vt 0.526800 0.988600
vt 0.525400 0.987700
vt 0.524600 0.986300
vt 0.524600 0.984600
vt 0.525400 0.983200
vt 0.526800 0.982400
vt 0.529100 0.980200
vt 0.531500 0.981600
vt 0.533000 0.984100
vt 0.533000 0.986900
vt 0.531500 0.989400
vt 0.529100 0.990800
vt 0.526200 0.990800
vt 0.523800 0.989400
vt 0.522400 0.986900
vt 0.522400 0.984100
vt 0.523800 0.981600
vt 0.526200 0.980200
vt 0.532300 0.980800
vt 0.529300 0.979200
vt 0.534000 0.983800
vt 0.534000 0.987200
vt 0.532300 0.990100
vt 0.529300 0.991800
vt 0.526000 0.991800
vt 0.523000 0.990100
vt 0.521400 0.987200
vt 0.521300 0.983800
vt 0.523000 0.980900
vt 0.525900 0.979200
vt 0.686700 0.142000
vt 0.861200 0.142000
vt 0.861200 0.151800
vt 0.686700 0.151800
vt 0.686700 0.166500
vt 0.861200 0.166500
vt 0.861200 0.187100
vt 0.686700 0.187100
vt 0.861200 0.205500
vt 0.686700 0.205500
vt 0.861200 0.228500
vt 0.686700 0.228500
vt 0.861200 0.245700
vt 0.686700 0.245700
vt 0.686700 0.259500
vt 0.861200 0.259500
vt 0.861200 0.271300
vt 0.686700 0.271300
vt 0.632000 0.142000
vt 0.632000 0.151800
vt 0.632000 0.166500
vt 0.611200 0.142000
vt 0.611200 0.151800
vt 0.632000 0.187100
vt 0.611200 0.166500
vt 0.632000 0.205500
vt 0.611200 0.187100
vt 0.632000 0.228500
vt 0.611200 0.205500
vt 0.632000 0.245700
vt 0.632000 0.259500
vt 0.632000 0.271300
vt 0.611200 0.228500
vt 0.611200 0.245700
vt 0.611200 0.259500
vt 0.611200 0.271300
vt 0.589300 0.142000
vt 0.589300 0.151800
vt 0.589300 0.166500
vt 0.589300 0.187100
vt 0.589300 0.205500
vt 0.589300 0.228500
vt 0.589300 0.245700
vt 0.589300 0.259500
vt 0.589300 0.271300
vt 0.551200 0.166500
vt 0.551200 0.151800
vt 0.551200 0.142000
vt 0.515300 0.151800
vt 0.515300 0.142000
vt 0.515300 0.166500
vt 0.551200 0.187100
vt 0.551200 0.205500
vt 0.551200 0.228500
vt 0.551200 0.245700
vt 0.551200 0.259500
vt 0.515300 0.259500
vt 0.515300 0.245700
vt 0.515300 0.228500
vt 0.515300 0.205500
vt 0.515300 0.187100
vt 0.457200 0.187100
vt 0.457200 0.166500
vt 0.966500 0.271300
vt 0.966500 0.259500
vt 0.969100 0.259500
vt 0.969100 0.271300
vt 0.966500 0.245700
vt 0.969100 0.245700
vt 0.966500 0.228500
vt 0.969100 0.228500
vt 0.966500 0.205500
vt 0.969100 0.205500
vt 0.966500 0.187100
vt 0.969100 0.187100
vt 0.966500 0.166500
vt 0.969100 0.166500
vt 0.966500 0.151800
vt 0.969100 0.151800
vt 0.966500 0.142000
vt 0.969100 0.142000
vt 0.982300 0.228500
vt 0.982300 0.205500
vt 0.982300 0.187100
vt 0.982300 0.245700
vt 0.870200 0.792600
vt 0.843000 0.786500
vt 0.870300 0.787400
vt 0.982300 0.166500
vt 0.893600 0.788200
vt 0.920400 0.788400
vt 0.920400 0.791300
vt 0.893000 0.792700
vt 0.982300 0.259500
vt 0.982300 0.151800
vt 0.892900 0.777300
vt 0.920500 0.778700
vt 0.870300 0.777000
vt 0.829600 0.776300
vt 0.982300 0.271300
vt 0.920500 0.768900
vt 0.893000 0.768800
vt 0.982300 0.142000
vt 0.870400 0.768700
vt 0.827400 0.768600
vt 0.457200 0.205500
vt 0.457200 0.151800
vt 0.457200 0.142000
vt 0.457200 0.259500
vt 0.457200 0.245700
vt 0.515300 0.271300
vt 0.457200 0.271300
vt 0.457200 0.228500
vt 0.951300 0.271300
vt 0.951300 0.259500
vt 0.900600 0.259500
vt 0.900600 0.271300
vt 0.926300 0.259500
vt 0.926300 0.271300
vt 0.900600 0.245700
vt 0.951300 0.245700
vt 0.926300 0.245700
vt 0.951300 0.228500
vt 0.900600 0.228500
vt 0.926300 0.228500
vt 0.900600 0.205500
vt 0.951300 0.205500
vt 0.926300 0.205500
vt 0.900600 0.187100
vt 0.951300 0.187100
vt 0.926300 0.187100
vt 0.900600 0.166500
vt 0.951300 0.166500
vt 0.926300 0.166500
vt 0.951300 0.151800
vt 0.900600 0.151800
vt 0.926300 0.151800
vt 0.926300 0.142000
vt 0.951300 0.142000
vt 0.900600 0.142000
vt 0.551200 0.271300
vt 0.686700 0.132200
vt 0.861200 0.132200
vt 0.686700 0.117500
vt 0.861200 0.117500
vt 0.686700 0.096900
vt 0.861200 0.096900
vt 0.686700 0.078300
vt 0.861200 0.078300
vt 0.686700 0.055300
vt 0.861200 0.055300
vt 0.686700 0.038100
vt 0.861200 0.038100
vt 0.686700 0.024300
vt 0.861200 0.024300
vt 0.686700 0.012400
vt 0.861200 0.012400
vt 0.632000 0.132200
vt 0.632000 0.117500
vt 0.611200 0.132200
vt 0.632000 0.096900
vt 0.611200 0.117500
vt 0.632000 0.078300
vt 0.611200 0.096900
vt 0.632000 0.055300
vt 0.611200 0.078300
vt 0.632000 0.038100
vt 0.632000 0.024300
vt 0.632000 0.012400
vt 0.611200 0.055300
vt 0.611200 0.038100
vt 0.611200 0.024300
vt 0.611200 0.012400
vt 0.589300 0.132200
vt 0.589300 0.117500
vt 0.589300 0.096900
vt 0.589300 0.078300
vt 0.589300 0.055300
vt 0.589300 0.038100
vt 0.589300 0.024300
vt 0.589300 0.012400
vt 0.551200 0.132200
vt 0.551200 0.117500
vt 0.515300 0.132200
vt 0.515300 0.117500
vt 0.551200 0.096900
vt 0.551200 0.078300
vt 0.551200 0.055300
vt 0.551200 0.038100
vt 0.551200 0.024300
vt 0.515300 0.038100
vt 0.515300 0.024300
vt 0.515300 0.055300
vt 0.515300 0.078300
vt 0.515300 0.096900
vt 0.457200 0.117500
vt 0.457200 0.096900
vt 0.966500 0.012400
vt 0.969100 0.012400
vt 0.969100 0.024300
vt 0.966500 0.024300
vt 0.969100 0.038100
vt 0.966500 0.038100
vt 0.969100 0.055300
vt 0.966500 0.055300
vt 0.969100 0.078300
vt 0.966500 0.078300
vt 0.969100 0.096900
vt 0.966500 0.096900
vt 0.969100 0.117500
vt 0.966500 0.117500
vt 0.969100 0.132200
vt 0.966500 0.132200
vt 0.982300 0.055300
vt 0.982300 0.078300
vt 0.982300 0.096900
vt 0.982300 0.038100
vt 0.870400 0.750000
vt 0.843100 0.750700
vt 0.870400 0.744900
vt 0.982300 0.117500
vt 0.920500 0.746400
vt 0.920500 0.749400
vt 0.893700 0.749400
vt 0.893100 0.744900
vt 0.982300 0.024300
vt 0.982300 0.132200
vt 0.920500 0.759000
vt 0.893000 0.760300
vt 0.870400 0.760500
vt 0.829700 0.760900
vt 0.982300 0.012400
vt 0.457200 0.078300
vt 0.457200 0.132200
vt 0.457200 0.038100
vt 0.457200 0.024300
vt 0.457200 0.012400
vt 0.515300 0.012400
vt 0.457200 0.055300
vt 0.951300 0.024300
vt 0.951300 0.012400
vt 0.900600 0.024300
vt 0.900600 0.012400
vt 0.926300 0.012400
vt 0.926300 0.024300
vt 0.900600 0.038100
vt 0.951300 0.038100
vt 0.926300 0.038100
vt 0.951300 0.055300
vt 0.900600 0.055300
vt 0.926300 0.055300
vt 0.900600 0.078300
vt 0.951300 0.078300
vt 0.926300 0.078300
vt 0.900600 0.096900
vt 0.951300 0.096900
vt 0.926300 0.096900
vt 0.900600 0.117500
vt 0.951300 0.117500
vt 0.926300 0.117500
vt 0.951300 0.132200
vt 0.900600 0.132200
vt 0.926300 0.132200
vt 0.551200 0.012400
vt 0.942100 0.749400
vt 0.959400 0.757300
vt 0.966100 0.769000
vt 0.959400 0.780700
vt 0.941900 0.788500
vt 0.379200 0.100800
vt 0.379200 0.154600
vt 0.050500 0.154600
vt 0.050500 0.100800
vt 0.050500 0.079300
vt 0.379200 0.079300
vt 0.400900 0.154600
vt 0.400900 0.100800
vt 0.050500 0.176100
vt 0.379200 0.176100
vt 0.029300 0.154600
vt 0.029300 0.100800
vt 0.050500 0.003700
vt 0.379200 0.003700
vt 0.379200 0.057700
vt 0.050500 0.057700
vt 0.422300 0.100800
vt 0.422300 0.154600
vt 0.379200 0.197600
vt 0.050500 0.197600
vt 0.007900 0.100800
vt 0.007900 0.154600
vt 0.097900 0.981800
vt 0.097400 0.983500
vt 0.096700 0.983100
vt 0.096200 0.982300
vt 0.096200 0.981400
vt 0.096600 0.980600
vt 0.097400 0.980100
vt 0.098300 0.980100
vt 0.099100 0.980500
vt 0.099500 0.981300
vt 0.099600 0.982200
vt 0.099100 0.983000
vt 0.098400 0.983500
vt 0.097100 0.985000
vt 0.095600 0.984200
vt 0.094700 0.982700
vt 0.094600 0.981000
vt 0.095500 0.979500
vt 0.097000 0.978600
vt 0.098700 0.978600
vt 0.100200 0.979400
vt 0.101100 0.980900
vt 0.101100 0.982500
vt 0.100300 0.984000
vt 0.098800 0.985000
vt 0.096900 0.986600
vt 0.094600 0.985400
vt 0.093100 0.983200
vt 0.093100 0.980500
vt 0.094400 0.978300
vt 0.096600 0.977100
vt 0.099100 0.977200
vt 0.101200 0.978400
vt 0.102400 0.980500
vt 0.102500 0.982800
vt 0.101400 0.985000
vt 0.099400 0.986400
vt 0.566100 0.978700
vt 0.565700 0.980400
vt 0.564900 0.980000
vt 0.564400 0.979200
vt 0.564400 0.978300
vt 0.564800 0.977500
vt 0.565600 0.977000
vt 0.566500 0.977000
vt 0.567300 0.977400
vt 0.567800 0.978200
vt 0.567800 0.979100
vt 0.567400 0.979900
vt 0.566600 0.980400
vt 0.565400 0.981900
vt 0.563800 0.981100
vt 0.562900 0.979600
vt 0.562900 0.977900
vt 0.563700 0.976400
vt 0.565200 0.975500
vt 0.566900 0.975500
vt 0.568400 0.976300
vt 0.569300 0.977800
vt 0.569300 0.979400
vt 0.568500 0.980900
vt 0.567100 0.981800
vt 0.565100 0.983400
vt 0.562800 0.982300
vt 0.561400 0.980100
vt 0.561400 0.977400
vt 0.562700 0.975200
vt 0.564900 0.974000
vt 0.567400 0.974100
vt 0.569500 0.975300
vt 0.570700 0.977400
vt 0.570700 0.979700
vt 0.569700 0.981900
vt 0.567600 0.983300
vt 0.465700 0.986500
vt 0.465200 0.988300
vt 0.464300 0.987800
vt 0.463800 0.987000
vt 0.463800 0.986000
vt 0.464300 0.985100
vt 0.465100 0.984600
vt 0.466200 0.984600
vt 0.467000 0.985100
vt 0.467500 0.985900
vt 0.467500 0.986900
vt 0.467000 0.987800
vt 0.466200 0.988300
vt 0.464800 0.989800
vt 0.463200 0.989000
vt 0.462300 0.987400
vt 0.462300 0.985600
vt 0.463200 0.984000
vt 0.464800 0.983100
vt 0.466600 0.983100
vt 0.468100 0.984000
vt 0.469000 0.985500
vt 0.469000 0.987300
vt 0.468200 0.988900
vt 0.466600 0.989800
vt 0.464600 0.990800
vt 0.462500 0.989700
vt 0.461300 0.987700
vt 0.461300 0.985300
vt 0.462500 0.983300
vt 0.464500 0.982100
vt 0.466800 0.982100
vt 0.468800 0.983300
vt 0.470000 0.985300
vt 0.470000 0.987500
vt 0.468900 0.989600
vt 0.466900 0.990800
vt 0.469600 0.561400
vt 0.448400 0.561400
vt 0.448400 0.560700
vt 0.469600 0.560700
vt 0.448400 0.715200
vt 0.448400 0.714500
vt 0.469600 0.714100
vt 0.469600 0.714800
vt 0.507500 0.310500
vt 0.507500 0.289300
vt 0.516400 0.289300
vt 0.516500 0.310500
vt 0.416800 0.176700
vt 0.417600 0.191800
vt 0.400500 0.192700
vt 0.399700 0.177600
vt 0.591100 0.400700
vt 0.589600 0.383400
vt 0.605600 0.383200
vt 0.604800 0.400500
vt 0.469600 0.602400
vt 0.448400 0.602400
vt 0.448400 0.592400
vt 0.469600 0.592400
vt 0.416700 0.213300
vt 0.416200 0.225400
vt 0.405300 0.225900
vt 0.403600 0.213900
vt 0.609000 0.326100
vt 0.606200 0.339200
vt 0.587200 0.339400
vt 0.583200 0.326400
vt 0.448400 0.582700
vt 0.469600 0.582700
vt 0.418300 0.206400
vt 0.401300 0.207200
vt 0.582700 0.302800
vt 0.582200 0.279600
vt 0.608200 0.279300
vt 0.608600 0.302500
vt 0.589200 0.360500
vt 0.605100 0.360400
vt 0.469600 0.619900
vt 0.448400 0.619900
vt 0.448400 0.613600
vt 0.469600 0.613600
vt 0.416700 0.248200
vt 0.415600 0.257400
vt 0.409200 0.257700
vt 0.407200 0.248700
vt 0.469600 0.572800
vt 0.476200 0.572800
vt 0.476200 0.582700
vt 0.476200 0.713100
vt 0.476200 0.713700
vt 0.469600 0.691700
vt 0.469600 0.683300
vt 0.476200 0.681800
vt 0.476200 0.691000
vt 0.469600 0.673000
vt 0.476200 0.672100
vt 0.469600 0.665400
vt 0.469600 0.657500
vt 0.476200 0.657500
vt 0.476200 0.665400
vt 0.476200 0.636200
vt 0.476200 0.641100
vt 0.469600 0.641100
vt 0.469600 0.636200
vt 0.476200 0.619900
vt 0.476200 0.627700
vt 0.469600 0.627700
vt 0.476200 0.602400
vt 0.476200 0.613600
vt 0.476200 0.592400
vt 0.531200 0.289300
vt 0.532600 0.290500
vt 0.532600 0.310500
vt 0.492800 0.289300
vt 0.500800 0.289300
vt 0.500600 0.310500
vt 0.491300 0.310500
vt 0.491300 0.290400
vt 0.405900 0.239600
vt 0.417100 0.240800
vt 0.212000 0.636200
vt 0.217200 0.636200
vt 0.217200 0.641100
vt 0.212100 0.641100
vt 0.212900 0.685300
vt 0.212900 0.675300
vt 0.217400 0.675300
vt 0.217500 0.685300
vt 0.213200 0.700700
vt 0.217700 0.700700
vt 0.212400 0.649700
vt 0.217200 0.649700
vt 0.217300 0.657500
vt 0.212600 0.657500
vt 0.212700 0.665400
vt 0.217300 0.665400
vt 0.030600 0.618900
vt 0.027200 0.619000
vt 0.027200 0.613800
vt 0.030600 0.613800
vt 0.027200 0.635100
vt 0.030700 0.635100
vt 0.030700 0.640000
vt 0.027200 0.640000
vt 0.027200 0.648600
vt 0.030800 0.648700
vt 0.030700 0.656200
vt 0.027200 0.656200
vt 0.516500 0.624600
vt 0.516700 0.627800
vt 0.507300 0.627800
vt 0.507400 0.624600
vt 0.029500 0.591400
vt 0.027200 0.591600
vt 0.027200 0.583100
vt 0.030200 0.583100
vt 0.029800 0.601800
vt 0.027200 0.601900
vt 0.448400 0.572800
vt 0.685800 0.657800
vt 0.685900 0.656400
vt 0.692000 0.656600
vt 0.691900 0.658000
vt 0.582100 0.278200
vt 0.608200 0.277900
vt 0.476200 0.560700
vt 0.476200 0.561400
vt 0.469600 0.702800
vt 0.476200 0.702200
vt 0.350600 0.560700
vt 0.350600 0.561400
vt 0.345000 0.561400
vt 0.345000 0.560700
vt 0.350800 0.715200
vt 0.350800 0.715900
vt 0.345200 0.715900
vt 0.345200 0.715200
vt 0.516500 0.401500
vt 0.516500 0.405500
vt 0.507400 0.405500
vt 0.507400 0.401500
vt 0.350300 0.602400
vt 0.345100 0.602400
vt 0.345100 0.592400
vt 0.350400 0.592400
vt 0.345100 0.582700
vt 0.350500 0.582700
vt 0.345000 0.627700
vt 0.345100 0.619900
vt 0.350100 0.619900
vt 0.350000 0.627700
vt 0.532600 0.401500
vt 0.532600 0.405500
vt 0.345100 0.613600
vt 0.350300 0.613600
vt 0.350100 0.636200
vt 0.355100 0.636200
vt 0.355100 0.641100
vt 0.350000 0.641100
vt 0.355100 0.684300
vt 0.350600 0.684400
vt 0.350500 0.674500
vt 0.355100 0.674400
vt 0.350700 0.692400
vt 0.355200 0.692400
vt 0.355000 0.649700
vt 0.355000 0.657500
vt 0.350200 0.657500
vt 0.350100 0.649700
vt 0.491300 0.401500
vt 0.491300 0.398500
vt 0.500500 0.398500
vt 0.500500 0.401500
vt 0.355000 0.665400
vt 0.350400 0.665400
vt 0.350600 0.572800
vt 0.345100 0.572800
vt 0.350700 0.703900
vt 0.355200 0.703900
vt 0.344800 0.636200
vt 0.344900 0.641100
vt 0.345300 0.684300
vt 0.345200 0.674500
vt 0.345400 0.692400
vt 0.345000 0.649700
vt 0.345100 0.657500
vt 0.491300 0.405500
vt 0.500500 0.405500
vt 0.345200 0.665400
vt 0.345300 0.703900
vt 0.221300 0.560700
vt 0.221300 0.561400
vt 0.216800 0.561400
vt 0.216800 0.560700
vt 0.516500 0.492200
vt 0.516500 0.495500
vt 0.507400 0.495500
vt 0.507400 0.492200
vt 0.221500 0.592400
vt 0.221500 0.602400
vt 0.216900 0.602400
vt 0.216900 0.592400
vt 0.221400 0.582700
vt 0.216800 0.582700
vt 0.222000 0.627700
vt 0.217100 0.627700
vt 0.217000 0.619900
vt 0.221700 0.619900
vt 0.532600 0.495500
vt 0.532600 0.492300
vt 0.221600 0.613600
vt 0.217000 0.613600
vt 0.221400 0.572800
vt 0.216800 0.572800
vt 0.355000 0.560700
vt 0.355000 0.561400
vt 0.355100 0.715300
vt 0.355100 0.716000
vt 0.516500 0.398500
vt 0.507400 0.398500
vt 0.355000 0.592400
vt 0.355000 0.602400
vt 0.355000 0.582700
vt 0.355000 0.627700
vt 0.354900 0.619900
vt 0.532600 0.398500
vt 0.354900 0.613600
vt 0.355000 0.572800
vt 0.326600 0.560700
vt 0.326600 0.561400
vt 0.326300 0.715600
vt 0.326500 0.714900
vt 0.507400 0.418400
vt 0.516500 0.418400
vt 0.308900 0.592400
vt 0.308900 0.602400
vt 0.308900 0.582700
vt 0.308900 0.627700
vt 0.308900 0.619900
vt 0.532600 0.418400
vt 0.308900 0.613600
vt 0.319000 0.572800
vt 0.371400 0.636200
vt 0.371400 0.641100
vt 0.377200 0.674300
vt 0.378600 0.684200
vt 0.380300 0.692400
vt 0.371400 0.649700
vt 0.373300 0.657500
vt 0.491300 0.377100
vt 0.500500 0.377100
vt 0.375400 0.665400
vt 0.382800 0.703900
vt 0.222300 0.636200
vt 0.222300 0.641100
vt 0.088700 0.641100
vt 0.084200 0.641100
vt 0.084300 0.636200
vt 0.088700 0.636200
vt 0.222000 0.675200
vt 0.222100 0.685200
vt 0.861500 0.646300
vt 0.857600 0.634400
vt 0.862300 0.632900
vt 0.866200 0.644700
vt 0.222300 0.700700
vt 0.854400 0.624700
vt 0.859000 0.623100
vt 0.222100 0.649700
vt 0.222000 0.657500
vt 0.084200 0.665400
vt 0.084200 0.657500
vt 0.088300 0.657500
vt 0.088200 0.665400
vt 0.222000 0.665400
vt 0.863900 0.652600
vt 0.868300 0.651100
vt 0.679800 0.657600
vt 0.679800 0.656300
vt 0.845800 0.597000
vt 0.850600 0.595500
vt 0.854800 0.609200
vt 0.850100 0.610800
vt 0.087300 0.560700
vt 0.087300 0.561400
vt 0.083400 0.561400
vt 0.083400 0.560700
vt 0.212200 0.561400
vt 0.212200 0.560700
vt 0.516500 0.585500
vt 0.516500 0.588300
vt 0.507400 0.588300
vt 0.507400 0.585500
vt 0.516500 0.498700
vt 0.507400 0.498700
vt 0.087900 0.592400
vt 0.088000 0.602400
vt 0.084100 0.602400
vt 0.084000 0.592400
vt 0.212400 0.602400
vt 0.212300 0.592400
vt 0.087900 0.582700
vt 0.083900 0.582700
vt 0.212300 0.582700
vt 0.088500 0.627700
vt 0.084200 0.627700
vt 0.084200 0.619900
vt 0.088200 0.619900
vt 0.212200 0.627700
vt 0.212300 0.619900
vt 0.532600 0.586200
vt 0.532600 0.589000
vt 0.532600 0.498700
vt 0.084200 0.613600
vt 0.088200 0.613600
vt 0.212300 0.613600
vt 0.083700 0.572800
vt 0.087600 0.572800
vt 0.212200 0.572800
vt 0.239100 0.636200
vt 0.239100 0.641100
vt 0.203200 0.641100
vt 0.203100 0.636200
vt 0.239200 0.685100
vt 0.239200 0.675100
vt 0.206400 0.675300
vt 0.206500 0.685300
vt 0.239000 0.700600
vt 0.208900 0.700800
vt 0.239100 0.649700
vt 0.239100 0.657500
vt 0.203600 0.665400
vt 0.203500 0.657500
vt 0.239100 0.665400
vt 0.657800 0.657000
vt 0.657900 0.655700
vt 0.697700 0.656800
vt 0.692100 0.641400
vt 0.697700 0.641400
vt 0.208000 0.560700
vt 0.208000 0.561400
vt 0.238500 0.560700
vt 0.238500 0.561400
vt 0.516500 0.501600
vt 0.507400 0.501600
vt 0.507400 0.480200
vt 0.516500 0.480200
vt 0.205800 0.592400
vt 0.205900 0.602400
vt 0.238700 0.592400
vt 0.238700 0.602400
vt 0.208000 0.582700
vt 0.238600 0.582700
vt 0.203200 0.627700
vt 0.203200 0.619900
vt 0.238800 0.613600
vt 0.238900 0.619900
vt 0.532600 0.501600
vt 0.532600 0.480200
vt 0.203200 0.613600
vt 0.208000 0.572800
vt 0.238600 0.572800
vt 0.033500 0.641100
vt 0.033500 0.636200
vt 0.079700 0.641100
vt 0.079700 0.636200
vt 0.866900 0.631400
vt 0.870800 0.643100
vt 0.863700 0.621600
vt 0.080200 0.665400
vt 0.080200 0.657500
vt 0.872600 0.649700
vt 0.855400 0.594000
vt 0.859500 0.607700
vt 0.079400 0.561400
vt 0.079400 0.560700
vt 0.516500 0.591000
vt 0.507400 0.591000
vt 0.080200 0.602400
vt 0.080100 0.592400
vt 0.080000 0.582700
vt 0.080000 0.627700
vt 0.080100 0.619900
vt 0.532600 0.591700
vt 0.080200 0.613600
vt 0.034800 0.613600
vt 0.034800 0.602400
vt 0.079700 0.572800
vt 0.034800 0.641100
vt 0.034800 0.636200
vt 0.108100 0.636200
vt 0.108100 0.641100
vt 0.925900 0.625000
vt 0.922100 0.613500
vt 0.834100 0.642100
vt 0.838000 0.654000
vt 0.919500 0.605700
vt 0.830900 0.632400
vt 0.034800 0.657500
vt 0.034800 0.665400
vt 0.108100 0.649700
vt 0.108100 0.657500
vt 0.088500 0.649700
vt 0.928800 0.633400
vt 0.840000 0.660300
vt 0.915700 0.591800
vt 0.911800 0.577500
vt 0.826300 0.618600
vt 0.034800 0.561400
vt 0.034800 0.560700
vt 0.107200 0.560700
vt 0.107200 0.561400
vt 0.516500 0.623700
vt 0.507400 0.623700
vt 0.507400 0.571700
vt 0.516500 0.571700
vt 0.034800 0.592400
vt 0.107700 0.592400
vt 0.107800 0.602400
vt 0.034800 0.582700
vt 0.107600 0.582700
vt 0.034800 0.619900
vt 0.034800 0.627700
vt 0.107900 0.619900
vt 0.107900 0.613600
vt 0.532600 0.623800
vt 0.532600 0.572300
vt 0.034800 0.572800
vt 0.107400 0.572800
vt 0.385200 0.561400
vt 0.385300 0.560700
vt 0.385300 0.715200
vt 0.385400 0.715900
vt 0.516500 0.377100
vt 0.507400 0.377100
vt 0.377200 0.602400
vt 0.378500 0.592400
vt 0.380200 0.582700
vt 0.373300 0.619900
vt 0.371400 0.627700
vt 0.532600 0.377100
vt 0.375300 0.613600
vt 0.382700 0.572800
vt 0.448400 0.673700
vt 0.448400 0.683500
vt 0.448400 0.691700
vt 0.448400 0.649700
vt 0.448400 0.657500
vt 0.448400 0.665400
vt 0.448400 0.703300
vt 0.448400 0.627700
vt 0.448400 0.636200
vt 0.448400 0.641100
vt 0.469600 0.649700
vt 0.308900 0.636200
vt 0.309000 0.641100
vt 0.309300 0.684800
vt 0.309200 0.674800
vt 0.308900 0.700200
vt 0.309100 0.657500
vt 0.309000 0.649700
vt 0.309100 0.665400
vt 0.318900 0.703400
vt 0.302100 0.674800
vt 0.302100 0.684800
vt 0.301800 0.700300
vt 0.301900 0.649700
vt 0.302000 0.657500
vt 0.302000 0.665400
vt 0.576900 0.654400
vt 0.566900 0.651200
vt 0.317700 0.560700
vt 0.317700 0.561400
vt 0.507400 0.424700
vt 0.516500 0.424700
vt 0.301800 0.592400
vt 0.301800 0.602400
vt 0.301700 0.582700
vt 0.301800 0.613600
vt 0.301800 0.619900
vt 0.532600 0.424700
vt 0.310800 0.572800
vt 0.184900 0.685500
vt 0.184800 0.675500
vt 0.194000 0.700900
vt 0.174100 0.657500
vt 0.174000 0.649700
vt 0.203400 0.649700
vt 0.174300 0.665400
vt 0.192900 0.561400
vt 0.192900 0.560700
vt 0.184200 0.602400
vt 0.184100 0.592400
vt 0.193000 0.582700
vt 0.173700 0.613600
vt 0.173800 0.619900
vt 0.532600 0.512200
vt 0.516500 0.512100
vt 0.193000 0.572800
vt 0.767300 0.675700
vt 0.762500 0.665400
vt 0.742900 0.654200
vt 0.162700 0.649700
vt 0.162800 0.657500
vt 0.777200 0.679900
vt 0.741600 0.650700
vt 0.178400 0.560700
vt 0.178400 0.561400
vt 0.507400 0.522100
vt 0.507400 0.512100
vt 0.516500 0.522100
vt 0.171100 0.592400
vt 0.171100 0.602400
vt 0.178500 0.582700
vt 0.162500 0.613600
vt 0.162500 0.619900
vt 0.532600 0.522300
vt 0.178500 0.572800
vt 0.388900 0.193300
vt 0.388000 0.178200
vt 0.445300 0.175500
vt 0.445900 0.190400
vt 0.615300 0.399900
vt 0.617800 0.383000
vt 0.577700 0.415900
vt 0.568100 0.399700
vt 0.593700 0.417700
vt 0.397800 0.226300
vt 0.394600 0.214400
vt 0.438500 0.212100
vt 0.434500 0.224400
vt 0.620600 0.339000
vt 0.628400 0.325900
vt 0.555700 0.339700
vt 0.540400 0.326900
vt 0.389800 0.207800
vt 0.446500 0.204900
vt 0.627900 0.279100
vt 0.628200 0.302300
vt 0.539700 0.303300
vt 0.617200 0.360200
vt 0.563000 0.383700
vt 0.562800 0.360800
vt 0.404300 0.256500
vt 0.399900 0.248300
vt 0.435400 0.239800
vt 0.432400 0.245700
vt 0.469600 0.645100
vt 0.476200 0.645100
vt 0.217200 0.645100
vt 0.212100 0.645100
vt 0.030600 0.644000
vt 0.027200 0.644000
vt 0.027200 0.626700
vt 0.030900 0.626600
vt 0.500800 0.627800
vt 0.500700 0.625400
vt 0.628000 0.277600
vt 0.539000 0.280100
vt 0.538900 0.278700
vt 0.350000 0.645100
vt 0.355100 0.645100
vt 0.344900 0.645100
vt 0.499400 0.495400
vt 0.499400 0.492200
vt 0.371400 0.645100
vt 0.222300 0.645100
vt 0.084200 0.645100
vt 0.088800 0.645100
vt 0.499400 0.586200
vt 0.499400 0.589000
vt 0.499400 0.498600
vt 0.239100 0.645100
vt 0.239000 0.627700
vt 0.203200 0.645100
vt 0.499400 0.501600
vt 0.499400 0.480500
vt 0.033500 0.627700
vt 0.079700 0.645100
vt 0.499400 0.591700
vt 0.034800 0.645100
vt 0.108100 0.645100
vt 0.108000 0.627700
vt 0.500700 0.624400
vt 0.499400 0.572200
vt 0.448400 0.645100
vt 0.309000 0.645100
vt 0.301900 0.641100
vt 0.301900 0.645100
vt 0.301800 0.636200
vt 0.301800 0.627700
vt 0.499000 0.426300
vt 0.173900 0.636200
vt 0.173800 0.627700
vt 0.499400 0.512100
vt 0.162700 0.641100
vt 0.173900 0.641100
vt 0.174000 0.645100
vt 0.162700 0.645100
vt 0.162600 0.636200
vt 0.162500 0.627700
vt 0.499400 0.522300
vt 0.686100 0.641300
vt 0.027200 0.572000
vt 0.029400 0.571900
vt 0.680200 0.641200
vt 0.658300 0.640700
vt 0.698000 0.658400
vt 0.925300 0.604000
vt 0.921200 0.605200
vt 0.917300 0.591400
vt 0.921500 0.590200
vt 0.028900 0.560500
vt 0.033500 0.561400
vt 0.033500 0.572800
vt 0.821800 0.604900
vt 0.557500 0.639300
vt 0.557400 0.651600
vt 0.544600 0.642200
vt 0.719700 0.656800
vt 0.717500 0.640300
vt 0.737100 0.635700
vt 0.651400 0.325700
vt 0.651400 0.302000
vt 0.602900 0.417600
vt 0.476200 0.649700
vt 0.030100 0.665700
vt 0.027200 0.665700
vt 0.084200 0.649700
vt 0.033500 0.649700
vt 0.033500 0.657500
vt 0.080000 0.649700
vt 0.033500 0.613600
vt 0.033500 0.619900
vt 0.034800 0.649700
vt 0.108300 0.665400
vt 0.163000 0.665400
vt 0.618900 0.415400
vt 0.610300 0.416600
vt 0.627700 0.399000
vt 0.391300 0.247800
vt 0.388000 0.235800
vt 0.397300 0.235500
vt 0.426000 0.253600
vt 0.932700 0.642000
vt 0.936800 0.640600
vt 0.937200 0.641800
vt 0.933100 0.643200
vt 0.872700 0.664200
vt 0.872300 0.663000
vt 0.877100 0.661400
vt 0.877500 0.662600
vt 0.867900 0.665800
vt 0.867600 0.664600
vt 0.844100 0.673400
vt 0.843800 0.672300
vt 0.778600 0.691900
vt 0.778700 0.693100
vt 0.751000 0.687900
vt 0.764800 0.693000
vt 0.764600 0.694100
vt 0.750400 0.688800
vt 0.739200 0.682900
vt 0.740000 0.682000
vt 0.716500 0.674700
vt 0.717000 0.673600
vt 0.696800 0.672700
vt 0.696900 0.671400
vt 0.685300 0.670900
vt 0.691300 0.671100
vt 0.691300 0.672400
vt 0.685300 0.672100
vt 0.679300 0.670700
vt 0.679300 0.671900
vt 0.657500 0.670000
vt 0.657400 0.671300
vt 0.575000 0.667400
vt 0.574800 0.668700
vt 0.565400 0.666300
vt 0.565100 0.667900
vt 0.551400 0.663600
vt 0.551900 0.662400
vt 0.535600 0.653800
vt 0.535400 0.652900
vt 0.931200 0.642600
vt 0.765900 0.682600
vt 0.756600 0.679900
vt 0.748700 0.673200
vt 0.721600 0.658900
vt 0.568200 0.654000
vt 0.027200 0.560400
vt 0.532600 0.624700
vt 0.532600 0.627200
vt 0.532300 0.627800
vt 0.632200 0.382900
vt 0.637700 0.338800
vt 0.651300 0.278800
vt 0.631500 0.360000
vt 0.398500 0.255000
vt 0.651400 0.277300
vt 0.923700 0.612900
vt 0.927500 0.624500
vt 0.033500 0.665400
vt 0.930400 0.632900
vt 0.913400 0.577000
vt 0.033500 0.560700
vt 0.033500 0.602400
vt 0.033500 0.592400
vt 0.033500 0.582700
vt 0.033500 0.645100
vt 0.931600 0.643700
vt 0.927800 0.611600
vt 0.931700 0.623100
vt 0.917600 0.575800
vt 0.934600 0.631700
vt 0.498400 0.420100
vt 0.491300 0.418800
vt 0.753400 0.816800
vt 0.745800 0.817000
vt 0.748800 0.812000
vt 0.817900 0.824900
vt 0.829700 0.820900
vt 0.831800 0.832100
vt 0.820600 0.835800
vt 0.859900 0.821800
vt 0.898600 0.821800
vt 0.904100 0.835700
vt 0.854400 0.835700
vt 0.749100 0.921000
vt 0.736500 0.921000
vt 0.734700 0.843800
vt 0.745200 0.844500
vt 0.713300 0.835500
vt 0.725700 0.835300
vt 0.725000 0.843900
vt 0.712100 0.844900
vt 0.677400 0.922600
vt 0.661300 0.924700
vt 0.670400 0.841100
vt 0.682400 0.843100
vt 0.806900 0.828200
vt 0.810200 0.839000
vt 0.798100 0.841500
vt 0.795100 0.831000
vt 0.761100 0.920800
vt 0.755200 0.845000
vt 0.768200 0.844700
vt 0.777000 0.921900
vt 0.735000 0.834800
vt 0.651400 0.924300
vt 0.659700 0.839900
vt 0.709200 0.922700
vt 0.724800 0.921100
vt 0.724300 0.933200
vt 0.707500 0.935300
vt 0.736500 0.932300
vt 0.749700 0.932100
vt 0.762400 0.932500
vt 0.779400 0.934200
vt 0.825700 0.922000
vt 0.828500 0.938600
vt 0.813000 0.938400
vt 0.809200 0.920600
vt 0.835800 0.920200
vt 0.840300 0.934100
vt 0.849400 0.929700
vt 0.845700 0.917200
vt 0.660100 0.940700
vt 0.649700 0.937100
vt 0.675100 0.940200
vt 0.836300 0.950500
vt 0.828100 0.957300
vt 0.845600 0.943400
vt 0.854100 0.936900
vt 0.652500 0.951700
vt 0.645300 0.944800
vt 0.660200 0.958700
vt 0.842600 0.955500
vt 0.838400 0.965300
vt 0.849000 0.946600
vt 0.856600 0.939900
vt 0.646100 0.955700
vt 0.641900 0.946700
vt 0.639000 0.958700
vt 0.649200 0.965600
vt 0.641800 0.968200
vt 0.904100 0.846000
vt 0.854400 0.846000
vt 0.712200 0.953000
vt 0.702100 0.954500
vt 0.696000 0.937000
vt 0.725800 0.952200
vt 0.737400 0.951300
vt 0.749300 0.951200
vt 0.761200 0.951500
vt 0.775200 0.951900
vt 0.800900 0.956200
vt 0.803000 0.936900
vt 0.811800 0.958500
vt 0.825300 0.966400
vt 0.676400 0.959800
vt 0.662400 0.967800
vt 0.845500 0.969000
vt 0.843300 0.975300
vt 0.835900 0.972300
vt 0.651100 0.972600
vt 0.849900 0.834100
vt 0.856300 0.817500
vt 0.871100 0.806500
vt 0.872600 0.812400
vt 0.886400 0.812400
vt 0.888000 0.806500
vt 0.902200 0.817500
vt 0.908600 0.834100
vt 0.908600 0.845900
vt 0.854400 0.866700
vt 0.904100 0.866700
vt 0.908600 0.871000
vt 0.849900 0.871000
vt 0.849900 0.856300
vt 0.854400 0.854800
vt 0.849900 0.845900
vt 0.854400 0.849900
vt 0.849900 0.850400
vt 0.849500 0.959800
vt 0.855200 0.951600
vt 0.861900 0.945100
vt 0.635300 0.949800
vt 0.824300 0.969800
vt 0.835100 0.974900
vt 0.643500 0.974900
vt 0.651700 0.975300
vt 0.644100 0.977500
vt 0.820400 0.983100
vt 0.823000 0.974000
vt 0.833700 0.978700
vt 0.831400 0.986800
vt 0.647000 0.989300
vt 0.645000 0.980900
vt 0.652800 0.979200
vt 0.655100 0.987400
vt 0.672300 0.830300
vt 0.672100 0.821400
vt 0.686800 0.822100
vt 0.684600 0.831900
vt 0.661000 0.828700
vt 0.660900 0.819800
vt 0.827000 0.811500
vt 0.815300 0.815900
vt 0.805600 0.819200
vt 0.791800 0.821300
vt 0.766800 0.836000
vt 0.754500 0.836300
vt 0.754600 0.828700
vt 0.765100 0.827300
vt 0.744900 0.827700
vt 0.745000 0.835500
vt 0.734900 0.827300
vt 0.725200 0.827800
vt 0.715100 0.826500
vt 0.708000 0.818400
vt 0.710500 0.810800
vt 0.719800 0.814000
vt 0.717200 0.820600
vt 0.685400 0.815700
vt 0.673200 0.813600
vt 0.675500 0.806900
vt 0.686300 0.808200
vt 0.662200 0.810500
vt 0.667200 0.803000
vt 0.822200 0.802100
vt 0.811700 0.809000
vt 0.807800 0.802900
vt 0.815000 0.795400
vt 0.803400 0.811800
vt 0.800600 0.806100
vt 0.792400 0.814600
vt 0.790900 0.807600
vt 0.783700 0.808000
vt 0.784900 0.816300
vt 0.755100 0.821700
vt 0.759900 0.815400
vt 0.762800 0.821700
vt 0.746000 0.820600
vt 0.734600 0.819100
vt 0.735700 0.814800
vt 0.724800 0.820500
vt 0.726600 0.815000
vt 0.802100 0.799500
vt 0.790600 0.798800
vt 0.782000 0.798500
vt 0.733800 0.807900
vt 0.716600 0.793700
vt 0.729100 0.799900
vt 0.673500 0.797200
vt 0.808200 0.790200
vt 0.792400 0.787400
vt 0.780800 0.787200
vt 0.739200 0.807800
vt 0.748200 0.800600
vt 0.755400 0.808200
vt 0.687200 0.790400
vt 0.693500 0.817000
vt 0.692600 0.823400
vt 0.771600 0.818800
vt 0.773000 0.825300
vt 0.904100 0.849900
vt 0.713200 0.958600
vt 0.701900 0.960300
vt 0.727000 0.956600
vt 0.737800 0.956100
vt 0.749100 0.955900
vt 0.760100 0.955900
vt 0.774300 0.956200
vt 0.810300 0.965200
vt 0.799700 0.962400
vt 0.677700 0.966600
vt 0.663200 0.971100
vt 0.842500 0.977800
vt 0.908600 0.850400
vt 0.904100 0.854800
vt 0.713800 0.963900
vt 0.703100 0.965200
vt 0.728200 0.963600
vt 0.738200 0.963200
vt 0.748900 0.963000
vt 0.759100 0.962900
vt 0.773900 0.962700
vt 0.809100 0.969500
vt 0.798600 0.967100
vt 0.678600 0.971000
vt 0.664300 0.975300
vt 0.841500 0.981000
vt 0.908600 0.856300
vt 0.715400 0.975800
vt 0.705700 0.976600
vt 0.729200 0.975200
vt 0.738800 0.975000
vt 0.748800 0.974700
vt 0.758500 0.974500
vt 0.772400 0.974700
vt 0.806600 0.979200
vt 0.796200 0.977100
vt 0.680600 0.980700
vt 0.666600 0.984300
vt 0.839100 0.989300
vt 0.687100 0.957700
vt 0.684800 0.938600
vt 0.785500 0.953100
vt 0.791300 0.935400
vt 0.694300 0.808300
vt 0.768400 0.811300
vt 0.764900 0.802600
vt 0.697200 0.790400
vt 0.760500 0.792000
vt 0.707000 0.824900
vt 0.786200 0.822600
vt 0.688300 0.964200
vt 0.785800 0.957900
vt 0.689400 0.968600
vt 0.784600 0.963800
vt 0.691600 0.978700
vt 0.782100 0.975200
vt 0.704700 0.834400
vt 0.690000 0.833200
vt 0.703400 0.844200
vt 0.688200 0.843800
vt 0.700000 0.922900
vt 0.686500 0.921600
vt 0.789500 0.832400
vt 0.775400 0.834400
vt 0.791900 0.841800
vt 0.777200 0.843200
vt 0.800300 0.920100
vt 0.787500 0.920400
s 1
usemtl default.001
f 1/1/1 2/2/2 3/3/3 4/4/4
f 4/4/4 3/3/3 5/5/5 6/6/5
f 7/7/5 8/8/6 9/9/7 10/10/5
f 3/3/3 2/2/2 11/11/8 12/12/9
f 6/6/5 5/5/5 13/13/5 14/14/5
f 15/15/10 16/16/5 17/17/5 18/18/5
f 19/19/11 20/20/12 21/21/13 22/22/14
f 23/23/15 24/24/16 25/25/17 26/26/18
f 18/18/5 17/17/5 27/27/5 28/28/5
f 29/29/19 30/30/5 31/31/5 32/32/20
f 33/33/21 34/34/22 35/35/23 8/8/6
f 7/7/5 36/36/5 30/30/5 29/29/19
f 8/8/6 35/35/23 37/37/24 9/9/7
f 37/38/25 38/39/25 39/40/25 9/41/25
f 40/42/26 36/43/26 41/44/26 42/45/26
f 43/46/27 6/47/27 14/48/27 44/49/27
f 43/46/27 45/50/27 4/51/27 6/47/27
f 42/45/25 41/44/25 10/52/25 46/53/25
f 44/49/28 14/48/28 13/54/29 47/55/29
f 48/56/26 17/57/26 16/58/30 49/59/30
f 50/60/31 34/34/22 51/61/32 52/62/33
f 47/55/29 13/54/29 27/63/26 53/64/26
f 49/59/30 16/58/30 54/65/26 55/66/26
f 34/34/22 50/60/31 56/67/34 35/35/23
f 40/42/26 57/68/26 30/69/26 36/43/26
f 38/70/35 37/37/24 35/35/23 56/67/34
f 58/71/36 59/72/37 60/73/38 61/74/39
f 31/31/5 54/75/5 62/76/40 32/32/20
f 51/61/32 63/77/41 64/78/42 52/62/33
f 31/79/43 30/69/26 57/68/26 65/80/43
f 10/10/5 41/81/5 36/36/5 7/7/5
f 26/26/18 15/15/10 18/18/5 23/23/15
f 12/12/9 28/28/5 5/5/5 3/3/3
f 66/82/44 67/83/45 58/71/36 61/74/39
f 8/8/6 7/7/5 29/29/19 33/33/21
f 10/52/25 9/41/25 39/40/25 46/53/25
f 22/22/14 68/84/46 69/85/47 19/19/11
f 20/20/12 25/25/17 63/77/41 21/21/13
f 60/73/38 59/72/37 51/61/32 34/34/22
f 66/82/44 29/29/19 32/32/20 67/83/45
f 68/84/46 67/83/45 32/32/20 62/76/40
f 69/85/47 15/15/10 26/26/18 19/19/11
f 33/33/21 61/74/39 60/73/38 34/34/22
f 26/26/18 25/25/17 20/20/12 19/19/11
f 33/33/21 29/29/19 66/82/44 61/74/39
f 22/22/14 21/21/13 59/72/37 58/71/36
f 54/65/26 31/79/43 65/80/43 55/66/26
f 62/76/40 54/75/5 16/16/5 15/15/10
f 63/77/41 25/25/17 70/86/48 64/78/42
f 68/84/46 22/22/14 58/71/36 67/83/45
f 63/77/41 51/61/32 59/72/37 21/21/13
f 69/85/47 68/84/46 62/76/40 15/15/10
f 12/12/9 11/11/8 24/24/16 23/23/15
f 28/28/5 27/27/5 13/13/5 5/5/5
f 71/87/49 72/88/50 11/11/8 2/2/2
f 27/63/26 17/57/26 48/56/26 53/64/26
f 28/28/5 12/12/9 23/23/15 18/18/5
f 73/89/51 71/87/49 2/2/2 1/1/1
f 45/50/27 73/90/27 1/91/27 4/51/27
f 11/11/8 72/88/50 74/92/52 24/24/16
f 24/24/16 74/92/52 70/86/48 25/25/17
f 75/93/53 76/94/54 77/95/55 78/96/56
f 79/97/57 75/93/53 78/96/56 80/98/57
f 81/99/57 82/100/57 83/101/58 84/102/59
f 75/93/53 85/103/60 86/104/61 76/94/54
f 80/98/57 87/105/57 88/106/57 79/97/57
f 89/107/62 90/108/57 91/109/57 92/110/57
f 93/111/63 94/112/64 95/113/65 96/114/66
f 97/115/67 98/116/68 99/117/69 100/118/70
f 90/108/57 101/119/57 102/120/57 91/109/57
f 103/121/57 104/122/57 105/123/71 106/124/72
f 107/125/73 108/126/74 109/127/75 84/102/59
f 104/122/57 110/128/57 81/99/57 105/123/71
f 111/129/76 107/125/73 84/102/59 83/101/58
f 111/130/25 83/131/25 39/40/25 38/39/25
f 112/132/26 110/133/26 40/42/26 42/45/26
f 87/134/27 80/135/27 43/46/27 44/49/27
f 78/136/27 45/50/27 43/46/27 80/135/27
f 82/137/25 112/132/25 42/45/25 46/53/25
f 88/138/29 87/134/28 44/49/28 47/55/29
f 92/139/30 91/140/26 48/56/26 49/59/30
f 113/141/77 108/126/74 50/60/31 52/62/33
f 102/142/26 88/138/29 47/55/29 53/64/26
f 114/143/26 92/139/30 49/59/30 55/66/26
f 108/126/74 107/125/73 56/67/34 50/60/31
f 104/144/26 57/68/26 40/42/26 110/133/26
f 107/125/73 111/129/76 38/70/35 56/67/34
f 115/145/78 116/146/79 117/147/80 118/148/81
f 119/149/82 114/150/57 103/121/57 106/124/72
f 64/78/42 120/151/83 113/141/77 52/62/33
f 57/68/26 104/144/26 103/152/43 65/80/43
f 110/128/57 112/153/57 82/100/57 81/99/57
f 100/118/70 99/117/69 90/108/57 89/107/62
f 85/103/60 75/93/53 79/97/57 101/119/57
f 115/145/78 121/154/84 122/155/85 116/146/79
f 84/102/59 109/127/75 105/123/71 81/99/57
f 39/40/25 83/131/25 82/137/25 46/53/25
f 94/112/64 93/111/63 123/156/86 124/157/87
f 120/151/83 97/115/67 96/114/66 95/113/65
f 117/147/80 108/126/74 113/141/77 118/148/81
f 122/155/85 121/154/84 106/124/72 105/123/71
f 124/157/87 119/149/82 106/124/72 121/154/84
f 123/156/86 93/111/63 100/118/70 89/107/62
f 117/147/80 116/146/79 109/127/75 108/126/74
f 100/118/70 93/111/63 96/114/66 97/115/67
f 122/155/85 105/123/71 109/127/75 116/146/79
f 94/112/64 115/145/78 118/148/81 95/113/65
f 65/80/43 103/152/43 114/143/26 55/66/26
f 119/149/82 89/107/62 92/110/57 114/150/57
f 120/151/83 64/78/42 70/86/48 97/115/67
f 124/157/87 121/154/84 115/145/78 94/112/64
f 118/148/81 113/141/77 120/151/83 95/113/65
f 123/156/86 89/107/62 119/149/82 124/157/87
f 85/103/60 99/117/69 98/116/68 86/104/61
f 101/119/57 79/97/57 88/106/57 102/120/57
f 71/87/49 76/94/54 86/104/61 72/88/50
f 48/56/26 91/140/26 102/142/26 53/64/26
f 101/119/57 90/108/57 99/117/69 85/103/60
f 73/89/51 77/95/55 76/94/54 71/87/49
f 45/50/27 78/136/27 77/158/27 73/90/27
f 86/104/61 98/116/68 74/92/52 72/88/50
f 98/116/68 97/115/67 70/86/48 74/92/52
f 125/159/5 126/160/5 127/161/5 128/162/5
f 129/163/57 130/164/57 131/165/57 132/166/57
f 133/167/88 134/168/88 135/169/88 136/170/88
f 127/171/89 129/163/89 132/166/90 128/172/90
f 137/173/91 138/174/91 139/175/91 140/176/91
f 137/177/92 140/176/92 141/178/92 142/179/92
f 143/180/5 144/181/5 145/182/5 146/183/5
f 145/182/93 144/181/94 147/184/94 148/185/93
f 148/185/57 147/184/57 149/186/57 150/187/57
f 150/187/95 149/186/96 143/188/96 146/189/95
f 151/190/5 152/191/5 153/192/5 154/193/5
f 153/194/97 152/195/98 155/196/98 156/197/97
f 156/197/57 155/196/57 157/198/57 158/199/57
f 158/199/99 157/198/100 151/190/100 154/193/99
f 144/181/5 143/180/5 159/200/5 160/201/5
f 161/202/57 149/186/57 147/184/57 162/203/57
f 147/184/94 144/181/94 160/201/101 162/203/101
f 143/188/96 149/186/96 161/202/102 159/204/102
f 152/191/5 151/190/5 163/205/5 164/206/5
f 155/196/98 152/195/98 164/207/103 165/208/103
f 166/209/57 157/198/57 155/196/57 165/208/57
f 151/190/100 157/198/100 166/209/104 163/205/104
f 160/201/5 159/200/5 167/210/5 168/211/5
f 126/160/5 168/211/5 167/210/5 127/161/5
f 169/212/57 161/202/57 162/203/57 170/213/57
f 169/212/57 170/213/57 130/164/57 129/163/57
f 162/203/101 160/201/101 168/211/105 170/213/105
f 170/213/105 168/211/105 126/160/106 130/164/106
f 159/204/102 161/202/102 169/212/107 167/214/107
f 167/214/107 169/212/107 129/163/89 127/171/89
f 171/215/5 164/207/5 163/216/5 172/217/5
f 173/218/5 171/215/5 172/217/5 174/219/5
f 165/208/103 164/207/103 171/215/108 175/220/108
f 175/220/108 171/215/108 173/218/109 176/221/109
f 166/209/57 165/208/57 175/220/57 177/222/57
f 177/222/57 175/220/57 176/221/57 178/223/57
f 163/205/104 166/209/104 177/222/110 172/224/110
f 172/224/110 177/222/110 178/223/111 174/225/111
f 154/193/5 153/192/5 179/226/5 180/227/5
f 153/194/97 156/197/97 181/228/97 179/229/97
f 158/199/57 182/230/57 181/228/57 156/197/57
f 154/193/99 180/227/112 182/230/112 158/199/99
f 180/227/5 179/226/5 134/231/5 133/167/5
f 181/228/57 182/230/57 136/170/57 135/169/57
f 181/228/97 135/169/97 134/232/97 179/229/97
f 182/230/112 180/227/112 133/167/112 136/170/112
f 183/233/5 173/218/5 174/219/5 184/234/5
f 183/233/93 185/235/93 176/221/109 173/218/109
f 185/235/57 186/236/57 178/223/57 176/221/57
f 186/236/95 184/237/95 174/225/111 178/223/111
f 187/238/5 183/233/5 184/234/5 188/239/5
f 189/240/93 185/235/93 183/233/93 187/238/93
f 190/241/57 186/236/57 185/235/57 189/240/57
f 188/242/95 184/237/95 186/236/95 190/241/95
f 145/182/5 187/238/5 188/239/5 146/183/5
f 148/185/93 189/240/93 187/238/93 145/182/93
f 150/187/57 190/241/57 189/240/57 148/185/57
f 146/189/95 188/242/95 190/241/95 150/187/95
f 128/172/5 191/243/5 142/244/5 125/245/5
f 132/166/57 131/165/57 141/178/57 192/246/57
f 132/166/90 192/246/90 191/243/90 128/172/90
f 131/165/92 130/164/106 126/160/106 125/159/92
f 141/178/92 131/165/92 125/159/92 142/179/92
f 142/244/5 191/243/5 138/174/5 137/247/5
f 192/246/57 141/178/57 140/176/57 139/175/57
f 192/246/90 139/175/90 138/174/90 191/243/90
f 193/248/113 194/249/113 195/250/57 196/251/57
f 197/252/5 198/253/5 199/254/114 200/255/114
f 193/256/115 196/257/116 197/252/117 200/255/115
f 201/258/118 202/259/118 203/260/119 204/261/120
f 205/262/121 206/263/121 207/264/25 208/265/25
f 209/266/115 210/267/115 211/268/115 212/269/115
f 213/270/122 214/271/27 211/268/27 210/267/123
f 205/262/91 208/265/91 215/272/91 216/273/91
f 205/262/121 217/274/124 218/275/124 206/263/121
f 219/276/125 220/277/125 213/270/122 210/267/123
f 221/278/115 219/276/115 210/267/115 209/266/115
f 216/273/91 222/279/91 217/274/91 205/262/91
f 217/274/124 223/280/126 224/281/113 218/275/124
f 200/255/114 199/254/114 220/277/125 219/276/125
f 221/278/115 193/256/115 200/255/115 219/276/115
f 225/282/91 223/280/91 217/274/91 222/279/91
f 224/281/113 223/280/126 226/283/127 227/284/57
f 228/285/128 229/286/129 230/287/130 231/288/130
f 232/289/131 228/285/132 231/288/133 233/290/133
f 206/263/121 234/291/121 235/292/25 207/264/25
f 236/293/122 216/273/123 215/272/27 237/294/27
f 218/275/124 238/295/124 234/291/121 206/263/121
f 239/296/125 222/279/125 216/273/123 236/293/122
f 224/281/113 194/249/113 238/295/124 218/275/124
f 240/297/114 225/282/134 222/279/125 239/296/125
f 227/284/57 241/298/57 242/299/57 195/250/57
f 243/300/5 244/301/130 198/253/5 197/252/5
f 196/257/116 245/302/135 243/300/136 197/252/117
f 226/283/127 246/303/137 241/298/57 227/284/57
f 247/304/138 225/282/134 240/297/114 248/305/5
f 195/250/57 194/249/113 224/281/113 227/284/57
f 198/253/5 248/305/5 240/297/114 199/254/114
f 233/290/133 231/288/133 202/259/118 201/258/118
f 213/270/122 236/293/122 237/294/27 214/271/27
f 220/277/125 239/296/125 236/293/122 213/270/122
f 199/254/114 240/297/114 239/296/125 220/277/125
f 234/291/121 209/306/121 212/307/25 235/292/25
f 238/295/124 221/308/124 209/306/121 234/291/121
f 194/249/113 193/248/113 221/308/124 238/295/124
f 242/299/57 201/309/57 204/310/57
f 202/259/130 231/288/130 230/287/130 244/301/130
f 229/286/129 247/304/138 248/305/5 230/287/130
f 241/298/57 233/311/57 201/309/57 242/299/57
f 244/301/130 243/300/5 203/260/130
f 245/302/135 204/261/120 203/260/119 243/300/136
f 246/303/137 232/312/139 233/311/57 241/298/57
f 245/313/57 196/251/57 195/250/57 242/299/57
f 244/301/130 230/287/130 248/305/5 198/253/5
f 244/301/130 203/260/130 202/259/130
f 242/299/57 204/310/57 245/313/57
f 249/314/5 250/315/5 251/316/5 252/317/5
f 253/318/5 254/319/5 249/314/5 252/317/5
f 254/319/5 253/318/5 255/320/5 256/321/5
f 251/316/140 257/322/141 258/323/141 252/317/140
f 252/317/140 258/323/141 259/324/141 253/318/140
f 259/324/141 260/325/141 255/320/142 253/318/140
f 256/326/143 261/327/144 262/328/145 254/329/143
f 254/329/143 262/328/145 263/330/146 249/331/143
f 249/331/143 263/330/146 264/332/144 250/315/143
f 257/322/147 251/316/148 250/315/149 264/332/150
f 265/333/151 266/334/151 258/323/141 257/322/141
f 266/334/151 267/335/151 259/324/141 258/323/141
f 267/335/151 268/336/151 260/325/141 259/324/141
f 263/330/146 269/337/152 270/338/153 264/332/144
f 261/327/144 271/339/154 272/340/155 262/328/145
f 262/328/145 272/340/155 269/337/152 263/330/146
f 268/336/156 271/341/156 261/342/156 260/325/157
f 273/343/158 274/344/159 223/345/160 225/346/161
f 273/343/162 275/347/163 266/334/151 265/333/151
f 273/343/162 225/346/134 247/348/138 275/347/163
f 275/347/163 276/349/164 267/335/151 266/334/151
f 275/347/163 247/348/138 229/350/129 276/349/164
f 276/349/164 277/351/165 268/336/151 267/335/151
f 276/349/164 229/350/129 228/352/128 277/351/165
f 269/337/152 278/353/166 274/344/167 270/338/153
f 226/354/127 223/345/126 274/344/167 278/353/166
f 271/339/154 279/355/168 280/356/169 272/340/155
f 232/357/139 246/358/137 280/356/169 279/355/168
f 272/340/155 280/356/169 278/353/166 269/337/152
f 246/358/137 226/354/127 278/353/166 280/356/169
f 277/351/170 279/359/171 271/341/156 268/336/156
f 277/351/170 228/352/132 232/360/131 279/359/171
f 273/343/158 265/333/172 270/338/173 274/344/159
f 265/333/172 257/322/147 264/332/150 270/338/173
f 260/325/157 261/342/156 256/361/156 255/320/156
f 281/362/174 282/363/174 283/364/5 284/365/5
f 285/366/57 286/367/57 287/368/175 288/369/175
f 286/367/176 283/370/177 282/371/115 287/368/115
f 289/372/118 290/373/120 291/374/178 292/375/118
f 207/264/25 293/376/179 294/377/179 208/265/25
f 211/268/115 295/378/115 296/379/115 212/269/115
f 297/380/180 295/378/181 211/268/27 214/271/27
f 294/377/91 298/381/91 215/272/91 208/265/91
f 299/382/182 300/383/182 294/377/179 293/376/179
f 301/384/183 295/378/181 297/380/180 302/385/183
f 295/378/115 301/384/115 303/386/115 296/379/115
f 300/383/91 304/387/91 298/381/91 294/377/91
f 305/388/174 306/389/184 300/383/182 299/382/182
f 287/368/175 301/384/183 302/385/183 288/369/175
f 287/368/115 282/371/115 303/386/115 301/384/115
f 300/383/91 306/389/91 307/390/91 304/387/91
f 308/391/185 306/389/184 305/388/174 309/392/5
f 310/393/186 311/394/187 312/395/188 313/396/188
f 314/397/189 315/398/133 312/395/133 311/394/132
f 235/292/25 316/399/179 293/376/179 207/264/25
f 215/272/27 298/381/181 317/400/180 237/294/27
f 316/399/179 318/401/182 299/382/182 293/376/179
f 298/381/181 304/387/183 319/402/183 317/400/180
f 318/401/182 281/362/174 305/388/174 299/382/182
f 304/387/183 307/390/190 320/403/175 319/402/183
f 321/404/5 322/405/5 309/392/5 284/365/5
f 285/366/57 323/406/188 324/407/57 286/367/57
f 324/407/191 325/408/192 283/370/177 286/367/176
f 322/405/5 326/409/193 308/391/185 309/392/5
f 320/403/175 307/390/190 327/410/194 328/411/57
f 284/365/5 309/392/5 305/388/174 281/362/174
f 320/403/175 328/411/57 285/366/57 288/369/175
f 315/398/133 289/372/118 292/375/118 312/395/133
f 237/294/27 317/400/180 297/380/180 214/271/27
f 317/400/180 319/402/183 302/385/183 297/380/180
f 319/402/183 320/403/175 288/369/175 302/385/183
f 316/399/179 235/292/25 212/307/25 296/412/179
f 318/401/182 316/399/179 296/412/179 303/413/182
f 281/362/174 318/401/182 303/413/182 282/363/174
f 290/414/5 289/415/5 321/404/5
f 313/396/188 312/395/188 292/375/188 323/406/188
f 328/411/57 327/410/194 310/393/186 313/396/188
f 289/415/5 315/416/5 322/405/5 321/404/5
f 291/374/188 324/407/57 323/406/188
f 291/374/178 290/373/120 325/408/192 324/407/191
f 326/409/193 322/405/5 315/416/5 314/417/195
f 284/365/5 283/364/5 325/418/5 321/404/5
f 323/406/188 285/366/57 328/411/57 313/396/188
f 292/375/188 291/374/188 323/406/188
f 325/418/5 290/414/5 321/404/5
f 329/419/57 330/420/57 331/421/57 332/422/57
f 333/423/57 330/420/57 329/419/57 334/424/57
f 335/425/57 333/423/57 334/424/57 336/426/57
f 337/427/196 338/428/196 331/421/140 330/420/140
f 339/429/196 337/427/196 330/420/140 333/423/140
f 339/429/196 333/423/140 335/425/142 340/430/197
f 341/431/198 342/432/199 336/433/200 334/434/143
f 343/435/201 341/431/198 334/434/143 329/436/143
f 344/437/199 343/435/201 329/436/143 332/422/143
f 338/428/202 344/437/203 332/422/204 331/421/205
f 337/427/196 345/438/206 346/439/206 338/428/196
f 339/429/196 347/440/206 345/438/206 337/427/196
f 347/440/206 339/429/196 340/430/197 348/441/206
f 343/435/201 344/437/199 349/442/207 350/443/208
f 351/444/209 352/445/210 342/432/199 341/431/198
f 341/431/198 343/435/201 350/443/208 351/444/209
f 342/446/211 352/447/211 348/441/211 340/430/211
f 306/448/212 353/449/213 354/450/214 307/451/215
f 345/438/206 355/452/216 354/450/217 346/439/206
f 354/450/217 355/452/216 327/453/194 307/451/190
f 347/440/206 356/454/218 355/452/216 345/438/206
f 355/452/216 356/454/218 310/455/186 327/453/194
f 356/454/218 347/440/206 348/441/206 357/456/219
f 311/457/187 310/455/186 356/454/218 357/456/219
f 350/443/208 349/442/207 353/449/220 358/458/221
f 353/449/220 306/448/184 308/459/185 358/458/221
f 359/460/222 360/461/223 352/445/210 351/444/209
f 314/462/195 360/461/223 359/460/222 326/463/193
f 351/444/209 350/443/208 358/458/221 359/460/222
f 358/458/221 308/459/185 326/463/193 359/460/222
f 352/447/211 360/464/224 357/456/225 348/441/211
f 314/465/189 311/457/132 357/456/225 360/464/224
f 349/442/226 346/439/227 354/450/214 353/449/213
f 344/437/203 338/428/202 346/439/227 349/442/226
f 340/430/211 335/425/228 336/466/228 342/446/211
f 361/467/91 362/468/91 363/469/91 364/470/91
f 362/471/229 365/472/230 366/473/231 363/474/229
f 367/475/232 368/476/233 369/477/233 370/478/234
f 371/479/235 372/480/236 373/481/237 374/482/238
f 374/482/239 373/481/240 366/483/231 375/484/241
f 376/485/242 377/486/243 378/487/244 379/488/245
f 376/485/246 379/488/247 380/489/248 381/490/249
f 382/491/250 383/492/251 384/493/252 385/494/253
f 385/494/254 384/493/255 386/495/256 387/496/254
f 388/497/257 389/498/258 390/499/259 391/500/260
f 392/501/261 393/502/262 394/503/263 395/504/264
f 393/502/265 396/505/266 397/506/267 394/503/268
f 398/507/269 388/497/270 391/500/271 399/508/272
f 377/486/243 376/485/242 389/498/258 388/497/257
f 382/491/246 393/502/262 392/501/261 381/490/249
f 393/502/265 382/491/250 385/494/253 396/505/266
f 377/486/273 388/497/270 398/507/269 387/509/273
f 400/510/274 391/500/260 390/499/259 401/511/275
f 401/511/276 390/499/263 395/504/264 402/512/277
f 394/503/268 397/506/267 403/513/278 404/514/279
f 403/513/280 397/506/271 399/515/272 405/516/281
f 406/517/282 400/510/274 401/511/275 407/518/283
f 407/518/284 401/511/276 402/512/277 408/519/285
f 404/514/279 403/513/278 409/520/286 410/521/287
f 409/520/288 403/513/280 405/516/281 411/522/289
f 412/523/290 367/475/291 379/488/245 378/487/244
f 370/478/234 371/479/292 383/492/293 380/489/248
f 383/492/251 371/479/235 374/482/238 384/493/252
f 375/524/241 412/523/294 378/487/295 386/525/256
f 369/477/296 368/476/296 361/467/296 364/470/296
f 413/526/297 373/481/237 372/480/236 414/527/298
f 366/483/231 373/481/240 413/526/229 363/528/229
f 366/473/231 365/472/230 412/523/294 375/524/241
f 377/486/254 387/509/254 386/525/256 378/487/295
f 392/501/261 395/504/264 390/499/263 389/498/262
f 392/501/261 389/498/262 376/485/246 381/490/249
f 399/508/272 391/500/271 400/510/299 405/529/281
f 405/529/281 400/510/299 406/517/300 411/530/289
f 369/477/233 372/480/233 371/479/292 370/478/234
f 382/491/246 381/490/249 380/489/248 383/492/293
f 398/531/269 399/515/272 397/506/271 396/505/270
f 398/531/269 396/505/270 385/494/273 387/496/273
f 395/504/264 394/503/263 404/514/301 402/512/277
f 402/512/277 404/514/301 410/521/302 408/519/285
f 411/522/303 408/519/303 410/521/287 409/520/286
f 364/470/91 363/469/91 413/532/91 414/527/91
f 370/478/234 380/489/248 379/488/247 367/475/232
f 375/484/241 386/495/256 384/493/255 374/482/239
f 369/477/296 364/470/296 414/527/296 372/480/296
f 407/518/283 408/519/304 411/530/304 406/517/282
f 365/472/305 368/476/306 367/475/291 412/523/290
f 362/471/307 361/467/308 368/476/306 365/472/305
f 415/533/57 416/534/57 417/535/57 418/536/57
f 419/537/309 420/538/309 421/539/310 422/540/310
f 423/541/311 424/542/311 425/543/312 426/544/312
f 427/545/91 428/546/91 429/547/91 430/548/91
f 431/549/313 432/550/313 433/551/314 434/552/314
f 435/553/57 436/554/57 437/555/57 438/556/57
f 439/557/5 440/558/5 441/559/5 442/560/5
f 443/561/315 444/562/315 445/563/316 446/564/316
f 447/565/317 448/566/317 449/567/318 450/568/318
f 451/569/319 452/570/319 453/571/320 454/572/320
f 455/573/57 456/574/57 457/575/57 458/576/57
f 459/577/5 460/578/5 461/579/5 462/580/5
f 463/581/321 464/582/321 465/583/322 466/584/322
f 418/536/57 417/535/57 467/585/57 468/586/57
f 469/587/5 470/588/5 471/589/5 472/590/5
f 473/591/323 474/592/323 424/542/311 423/541/311
f 422/593/324 421/594/324 475/595/325 476/596/325
f 454/597/320 453/598/320 477/599/326 478/600/326
f 462/580/5 461/579/5 479/601/5 480/602/5
f 481/603/327 482/604/327 464/582/321 463/581/321
f 418/536/328 483/605/329 484/606/330 415/533/331
f 485/607/332 486/608/333 487/609/334 469/587/335
f 488/610/336 489/611/336 420/538/309 419/537/309
f 434/612/91 433/613/91 490/614/91 491/615/91
f 435/553/337 456/574/338 492/616/339 493/617/340
f 494/618/5 495/619/5 496/620/5 497/621/5
f 456/574/338 455/573/341 498/622/342 492/616/339
f 499/623/5 500/624/5 495/619/5 494/618/5
f 468/586/343 436/554/344 501/625/345 502/626/346
f 503/627/5 504/628/5 505/629/5 506/630/5
f 507/631/347 508/632/348 509/633/349 510/634/350
f 491/615/91 490/614/91 428/546/91 427/545/91
f 497/621/351 442/560/352 459/577/353 494/618/354
f 494/618/354 459/577/353 462/580/355 499/623/356
f 506/630/357 472/590/358 439/557/359 503/627/360
f 511/635/361 480/602/362 512/636/363 513/637/364
f 426/638/336 425/639/336 489/611/336 488/610/336
f 493/617/57 492/616/57 514/640/57 515/641/57
f 492/616/57 498/622/57 516/642/57 514/640/57
f 502/626/57 501/625/57 517/643/57 518/644/57
f 456/574/57 435/553/57 438/556/57 457/575/57
f 442/560/5 441/559/5 460/578/5 459/577/5
f 466/584/322 465/583/322 444/562/315 443/561/315
f 450/568/318 449/567/318 452/570/319 451/569/319
f 436/554/344 435/553/337 493/617/340 501/625/345
f 497/621/5 496/620/5 504/628/5 503/627/5
f 442/560/352 497/621/351 503/627/360 439/557/359
f 501/625/57 493/617/57 515/641/57 517/643/57
f 476/596/325 475/595/325 448/566/317 447/565/317
f 436/554/57 468/586/57 467/585/57 437/555/57
f 472/590/5 471/589/5 440/558/5 439/557/5
f 446/564/316 445/563/316 474/592/323 473/591/323
f 502/626/346 483/605/329 418/536/328 468/586/343
f 506/630/5 505/629/5 519/645/5 485/607/5
f 506/630/357 485/607/332 469/587/335 472/590/358
f 518/644/57 520/646/57 483/605/57 502/626/57
f 480/602/5 479/601/5 521/647/5 512/636/5
f 430/648/365 429/649/365 482/604/327 481/603/327
f 478/600/326 477/599/326 522/650/366 523/651/366
f 510/634/350 498/622/342 455/573/341 507/631/347
f 511/635/5 524/652/5 500/624/5 499/623/5
f 511/635/361 499/623/356 462/580/355 480/602/362
f 498/622/57 510/634/57 525/653/57 516/642/57
f 458/576/57 526/654/57 507/631/57 455/573/57
f 483/605/57 520/646/57 527/655/57 484/606/57
f 528/656/5 470/588/5 469/587/5 487/609/5
f 529/657/57 525/653/57 510/634/57 509/633/57
f 513/637/5 530/658/5 524/652/5 511/635/5
f 486/608/5 485/607/5 519/645/5 531/659/5
f 508/632/57 507/631/57 526/654/57 532/660/57
f 421/539/310 420/538/309 486/661/367 531/662/310
f 422/540/310 416/663/310 415/664/367 419/537/309
f 425/543/312 424/542/311 470/588/311 528/656/312
f 426/544/312 527/665/312 520/666/311 423/541/311
f 428/546/91 512/667/91 521/668/91 429/547/91
f 430/548/91 529/669/91 509/670/91 427/545/91
f 432/550/313 524/652/368 530/658/314 433/551/314
f 434/552/314 532/660/314 526/654/368 431/549/313
f 444/562/315 441/559/315 440/558/316 445/563/316
f 446/564/316 517/671/316 515/672/315 443/561/315
f 448/566/317 505/629/317 504/628/318 449/567/318
f 450/568/318 437/555/318 467/585/317 447/565/317
f 452/570/319 496/620/319 495/619/369 453/571/320
f 454/572/320 457/575/369 438/556/319 451/569/319
f 464/582/321 461/579/321 460/578/322 465/583/322
f 466/584/322 514/673/322 516/674/321 463/581/321
f 474/592/323 471/589/323 470/588/311 424/542/311
f 423/541/311 520/666/311 518/675/323 473/591/323
f 421/594/324 531/659/324 519/645/325 475/595/325
f 476/596/325 417/535/325 416/534/324 422/593/324
f 453/571/320 495/619/369 500/624/370 533/676/370
f 534/677/370 458/576/370 457/575/369 454/572/320
f 464/582/321 482/604/327 479/601/327 461/579/321
f 481/603/327 463/581/321 516/674/321 525/678/327
f 420/538/309 489/611/336 487/679/336 486/661/367
f 484/680/336 488/610/336 419/537/309 415/664/367
f 433/613/91 530/681/91 513/682/91 490/614/91
f 491/615/91 508/683/91 532/684/91 434/612/91
f 512/667/91 428/546/91 490/614/91 513/682/91
f 491/615/91 427/545/91 509/670/91 508/683/91
f 425/639/336 528/685/336 487/679/336 489/611/336
f 488/610/336 484/680/336 527/686/336 426/638/336
f 465/583/322 460/578/322 441/559/315 444/562/315
f 443/561/315 515/672/315 514/673/322 466/584/322
f 449/567/318 504/628/318 496/620/319 452/570/319
f 451/569/319 438/556/319 437/555/318 450/568/318
f 475/595/325 519/645/325 505/629/317 448/566/317
f 447/565/317 467/585/317 417/535/325 476/596/325
f 445/563/316 440/558/316 471/589/323 474/592/323
f 473/591/323 518/675/323 517/671/316 446/564/316
f 429/649/365 521/647/365 479/601/327 482/604/327
f 481/603/327 525/678/327 529/687/365 430/648/365
f 432/550/313 533/676/370 500/624/370 524/652/368
f 534/677/370 431/549/313 526/654/368 458/576/370
f 533/688/5 477/599/5 453/598/5
f 533/688/5 432/689/5 522/650/5 477/599/5
f 522/650/371 432/690/371 431/691/371 523/651/371
f 523/651/57 431/692/57 534/693/57 478/600/57
f 534/693/57 454/597/57 478/600/57
f 535/694/372 536/695/372 537/696/372 538/697/372
f 535/694/373 538/697/373 539/698/373 540/699/373
f 540/699/373 539/698/373 541/700/373 542/701/373
f 537/696/374 536/695/374 543/702/374 544/703/374
f 538/697/5 537/696/5 544/704/5 545/705/5
f 543/702/57 536/695/57 535/694/57 546/706/57
f 539/698/375 538/697/375 545/705/375 547/707/375
f 546/706/376 535/694/376 540/699/376 548/708/376
f 541/700/5 539/698/5 547/707/5 549/709/5
f 542/701/57 550/710/57 548/708/57 540/699/57
f 542/701/377 541/700/377 549/711/377 550/710/377
f 548/708/336 550/710/336 549/712/336 547/713/336
f 547/713/336 545/714/336 546/706/336 548/708/336
f 545/714/378 544/715/378 543/702/378 546/706/378
f 551/716/379 552/717/380 553/718/381 554/719/382
f 555/720/383 556/721/384 557/722/385 558/723/386
f 555/724/387 553/718/387 552/717/388 556/725/388
f 554/726/389 553/727/390 555/720/390 558/723/313
f 559/728/391 560/729/392 561/730/393 562/731/394
f 561/732/395 560/733/396 563/734/397 564/735/387
f 565/736/398 564/735/399 563/734/400 566/737/401
f 567/738/402 568/739/403 569/740/404 570/741/405
f 571/742/403 572/743/403 573/744/403 574/745/403
f 575/746/406 557/722/385 556/721/384 576/747/407
f 566/737/401 563/734/400 577/748/408 578/749/409
f 556/725/388 552/717/388 577/748/410 576/750/411
f 570/741/405 569/740/404 579/751/412 580/752/413
f 559/728/391 575/746/414 576/747/415 560/729/392
f 578/749/416 577/748/417 552/717/380 551/716/379
f 560/733/396 576/750/411 577/748/410 563/734/397
f 572/743/403 580/752/413 579/751/412 573/744/403
f 581/753/418 582/754/419 551/716/379 554/719/382
f 581/755/27 554/726/389 558/723/313 583/756/27
f 583/756/420 558/723/386 557/722/385 584/757/421
f 584/757/421 557/722/385 575/746/406 585/758/422
f 582/754/419 586/759/423 578/749/416 551/716/379
f 582/754/419 581/753/418 574/745/424 573/744/425
f 583/756/27 571/742/27 574/760/27 581/755/27
f 571/742/426 583/756/420 584/757/421 572/743/427
f 585/758/422 580/752/422 572/743/427 584/757/421
f 587/761/428 570/741/429 580/752/430 585/758/431
f 588/762/25 567/738/25 570/741/429 587/761/428
f 568/739/27 589/763/27 590/764/432 569/740/433
f 590/764/432 586/759/434 579/751/434 569/740/433
f 586/759/423 582/754/419 573/744/425 579/751/423
f 588/765/435 587/766/436 590/767/437 589/768/438
f 586/769/439 590/767/437 587/766/436 585/770/440
f 586/769/441 585/770/442 575/771/442 578/772/442
f 578/773/443 575/774/444 559/775/405 566/776/404
f 566/776/404 559/775/405 562/777/402 565/778/403
f 591/779/445 592/780/446 593/781/447 594/782/448
f 595/783/449 596/784/450 597/785/451 598/786/452
f 594/782/388 593/781/387 595/787/387 598/788/388
f 592/789/389 596/784/389 595/783/390 593/790/390
f 599/791/453 562/731/394 561/730/393 600/792/454
f 601/793/455 600/794/456 561/732/395 564/735/387
f 565/736/398 602/795/457 601/793/458 564/735/399
f 567/738/402 603/796/459 604/797/460 568/739/403
f 605/798/403 606/799/403 607/800/403 608/801/403
f 609/802/461 610/803/462 598/786/452 597/785/451
f 611/804/463 601/793/458 602/795/457 612/805/464
f 611/804/465 594/782/388 598/788/388 610/806/466
f 613/807/467 604/797/460 603/796/459 614/808/468
f 599/791/453 600/792/454 610/803/469 609/802/470
f 594/782/448 611/804/471 612/805/472 591/779/445
f 600/794/456 601/793/455 611/804/465 610/806/466
f 608/801/403 607/800/403 613/807/467 614/808/468
f 615/809/420 592/780/446 591/779/445 616/810/473
f 596/784/389 592/789/389 615/811/27 617/812/27
f 597/785/451 596/784/450 617/812/418 618/813/474
f 618/813/474 619/814/475 609/802/461 597/785/451
f 616/810/473 591/779/445 612/805/472 620/815/476
f 606/799/477 615/809/420 616/810/473 607/800/478
f 605/798/424 608/801/479 618/813/474 617/812/418
f 619/814/475 618/813/474 608/801/479 614/808/475
f 621/816/480 619/814/481 614/808/482 603/796/483
f 588/762/25 621/816/480 603/796/483 567/738/25
f 568/739/27 604/797/484 622/817/485 589/763/27
f 613/807/486 620/815/486 622/817/485 604/797/484
f 607/800/478 616/810/473 620/815/476 613/807/476
f 588/765/435 589/768/438 622/818/487 621/819/488
f 620/820/489 619/821/490 621/819/488 622/818/487
f 609/822/491 619/821/491 620/820/491 612/823/492
f 599/824/459 609/822/493 612/823/494 602/825/460
f 562/777/402 599/824/459 602/825/460 565/778/403
f 605/798/27 617/812/27 615/811/27 606/826/27
f 623/827/495 624/828/496 625/829/497 626/830/498
f 627/831/499 628/832/500 629/833/501 630/834/5
f 623/835/502 626/836/502 631/837/502 632/838/502
f 633/839/25 634/840/25 635/841/25 636/842/25
f 633/839/25 636/842/25 637/843/25 638/844/25
f 636/845/503 635/846/504 639/847/505 640/848/506
f 641/849/507 642/850/508 624/851/509 632/838/510
f 624/851/509 623/835/511 632/838/510
f 641/849/507 632/838/510 643/852/512
f 644/853/57 626/830/498 625/829/497 645/854/513
f 627/831/499 630/834/5 646/855/5 647/856/514
f 626/836/515 644/857/516 648/858/516 631/837/515
f 649/859/517 641/860/518 643/861/519 650/862/520
f 651/863/521 652/864/522 653/865/523 654/866/524
f 655/867/525 656/868/526 657/869/57 658/870/57
f 659/871/527 660/872/5 661/873/5 662/874/528
f 658/875/529 657/876/530 663/877/530 664/878/529
f 665/879/531 666/880/532 651/863/521 654/866/524
f 657/869/57 656/868/526 667/881/533 668/882/57
f 669/883/534 662/874/528 661/873/5 670/884/5
f 657/876/530 668/885/535 671/886/535 663/877/530
f 672/887/536 673/888/537 674/889/538 675/890/539
f 676/891/57 677/892/540 678/893/541 679/894/57
f 680/895/542 681/896/543 682/897/5 683/898/5
f 676/899/544 679/900/545 684/901/545 685/902/544
f 686/903/546 687/904/547 672/887/536 675/890/539
f 678/893/541 688/905/548 689/906/57 679/894/57
f 683/898/5 690/907/5 691/908/549 680/895/542
f 679/900/545 689/909/550 692/910/550 684/901/545
f 693/911/551 694/912/552 695/913/553 696/914/554
f 697/915/555 698/916/556 699/917/57 700/918/57
f 701/919/557 702/920/5 703/921/5 704/922/558
f 700/923/559 699/924/560 705/925/560 706/926/559
f 707/927/561 708/928/562 693/911/551 696/914/554
f 699/917/57 698/916/556 709/929/563 710/930/57
f 711/931/564 704/922/558 703/921/5 712/932/5
f 699/924/560 710/933/565 713/934/565 705/925/560
f 639/847/505 714/935/566 715/936/567 640/848/506
f 716/937/568 633/938/569 638/939/57 717/940/57
f 718/941/570 719/942/5 720/943/5 721/944/571
f 717/945/572 638/844/573 637/843/573 722/946/572
f 658/870/57 644/853/57 645/854/513 655/867/525
f 647/856/514 646/855/5 660/872/5 659/871/527
f 644/857/516 658/875/529 664/878/529 648/858/516
f 652/864/522 649/859/517 650/862/520 653/865/523
f 668/882/57 667/881/533 677/892/540 676/891/57
f 681/896/543 669/883/534 670/884/5 682/897/5
f 668/885/535 676/899/574 685/902/574 671/886/535
f 673/888/537 666/880/532 665/879/531 674/889/538
f 700/918/57 689/906/57 688/905/548 697/915/555
f 691/908/549 690/907/5 702/920/5 701/919/557
f 689/909/550 700/923/559 706/926/559 692/910/550
f 694/912/552 687/904/547 686/903/546 695/913/553
f 709/929/563 716/937/568 717/940/57 710/930/57
f 711/931/564 712/932/5 719/942/5 718/941/570
f 710/933/565 717/945/572 722/946/572 713/934/565
f 714/935/566 708/928/562 707/927/561 715/936/567
f 631/837/502 630/947/502 629/948/502 632/838/502
f 721/949/25 720/950/25 637/843/25 723/951/25
f 637/843/25 636/842/25 723/951/25
f 721/949/25 723/951/25 724/952/25
f 636/845/503 640/848/506 725/953/575 723/954/576
f 628/955/577 726/956/578 727/957/579 643/852/512
f 628/955/577 643/852/512 632/838/510 629/948/580
f 648/858/516 646/958/516 630/947/515 631/837/515
f 643/861/519 727/959/581 728/960/582 650/862/520
f 653/865/523 729/961/583 730/962/584 654/866/524
f 663/877/530 661/963/530 660/964/529 664/878/529
f 665/879/531 654/866/524 730/962/584 731/965/585
f 671/886/535 670/966/535 661/963/530 663/877/530
f 674/889/538 732/967/586 733/968/587 675/890/539
f 684/901/545 683/969/545 682/970/544 685/902/544
f 686/903/546 675/890/539 733/968/587 734/971/588
f 692/910/550 690/972/550 683/969/545 684/901/545
f 695/913/553 735/973/589 736/974/590 696/914/554
f 705/925/560 703/975/560 702/976/559 706/926/559
f 707/927/561 696/914/554 736/974/590 737/977/591
f 713/934/565 712/978/565 703/975/560 705/925/560
f 715/936/567 738/979/592 725/953/575 640/848/506
f 637/843/573 720/950/573 719/980/572 722/946/572
f 664/878/529 660/964/529 646/958/516 648/858/516
f 650/862/520 728/960/582 729/961/583 653/865/523
f 685/902/574 682/970/574 670/966/535 671/886/535
f 665/879/531 731/965/585 732/967/586 674/889/538
f 706/926/559 702/976/559 690/972/550 692/910/550
f 686/903/546 734/971/588 735/973/589 695/913/553
f 722/946/572 719/980/572 712/978/565 713/934/565
f 707/927/561 737/977/591 738/979/592 715/936/567
f 624/828/496 642/981/593 739/982/594 625/829/497
f 721/944/571 724/983/595 740/984/596 718/941/570
f 741/985/597 726/986/598 628/832/500 627/831/499
f 742/987/599 634/988/600 633/938/569 716/937/568
f 625/829/497 739/982/594 743/989/601 645/854/513
f 659/871/527 744/990/602 745/991/603 647/856/514
f 655/867/525 746/992/604 747/993/605 656/868/526
f 748/994/606 744/990/602 659/871/527 662/874/528
f 656/868/526 747/993/605 749/995/607 667/881/533
f 681/896/543 750/996/608 751/997/609 669/883/534
f 677/892/540 752/998/610 753/999/611 678/893/541
f 754/1000/612 750/996/608 681/896/543 680/895/542
f 678/893/541 753/999/611 755/1001/613 688/905/548
f 701/919/557 756/1002/614 757/1003/615 691/908/549
f 758/1004/616 759/1005/617 698/916/556 697/915/555
f 760/1006/618 756/1002/614 701/919/557 704/922/558
f 759/1005/617 761/1007/619 709/929/563 698/916/556
f 718/941/570 740/984/596 762/1008/620 711/931/564
f 743/989/601 746/992/604 655/867/525 645/854/513
f 745/991/603 741/985/597 627/831/499 647/856/514
f 749/995/607 752/998/610 677/892/540 667/881/533
f 751/997/609 748/994/606 662/874/528 669/883/534
f 757/1003/615 754/1000/612 680/895/542 691/908/549
f 755/1001/613 758/1004/616 697/915/555 688/905/548
f 761/1007/619 742/987/599 716/937/568 709/929/563
f 711/931/564 762/1008/620 760/1006/618 704/922/558
f 642/981/593 641/860/518 649/859/517 739/982/594
f 723/954/576 725/953/575 740/984/596 724/983/595
f 728/960/582 727/959/581 726/986/598 741/985/597
f 742/987/599 639/847/505 635/846/504 634/988/600
f 739/982/594 649/859/517 652/864/522 743/989/601
f 744/990/602 730/962/584 729/961/583 745/991/603
f 746/992/604 651/863/521 666/880/532 747/993/605
f 731/965/585 730/962/584 744/990/602 748/994/606
f 747/993/605 666/880/532 673/888/537 749/995/607
f 750/996/608 733/968/587 732/967/586 751/997/609
f 752/998/610 672/887/536 687/904/547 753/999/611
f 734/971/588 733/968/587 750/996/608 754/1000/612
f 753/999/611 687/904/547 694/912/552 755/1001/613
f 756/1002/614 736/974/590 735/973/589 757/1003/615
f 758/1004/616 693/911/551 708/928/562 759/1005/617
f 737/977/591 736/974/590 756/1002/614 760/1006/618
f 708/928/562 714/935/566 761/1007/619 759/1005/617
f 740/984/596 725/953/575 738/979/592 762/1008/620
f 652/864/522 651/863/521 746/992/604 743/989/601
f 729/961/583 728/960/582 741/985/597 745/991/603
f 673/888/537 672/887/536 752/998/610 749/995/607
f 732/967/586 731/965/585 748/994/606 751/997/609
f 735/973/589 734/971/588 754/1000/612 757/1003/615
f 694/912/552 693/911/551 758/1004/616 755/1001/613
f 714/935/566 639/847/505 742/987/599 761/1007/619
f 738/979/592 737/977/591 760/1006/618 762/1008/620
f 763/1009/621 764/1010/622 765/1011/623 766/1012/624
f 767/1013/625 764/1010/622 763/1009/621 768/1014/626
f 769/1015/627 770/1016/628 771/1017/629 772/1018/630
f 770/1016/628 769/1015/627 773/1019/631 774/1020/632
f 766/1012/624 765/1011/623 775/1021/633 776/1022/634
f 775/1021/633 765/1011/623 777/1023/635 778/1024/636
f 779/1025/637 776/1022/634 775/1021/633 780/1026/638
f 781/1027/639 782/1028/640 783/1029/641 784/1030/642
f 783/1029/641 782/1028/640 785/1031/643 786/1032/644
f 787/1033/645 784/1030/642 783/1029/641 788/1034/646
f 789/1035/647 790/1036/648 791/1037/649 792/1038/650
f 793/1039/651 794/1040/652 790/1036/648 789/1035/647
f 795/1041/653 790/1036/648 794/1040/652 796/1042/91
f 797/1043/654 791/1037/649 790/1036/648 795/1041/653
f 798/1044/655 799/1045/656 800/1046/657 801/1047/658
f 768/1014/626 802/1048/659 800/1046/657 799/1045/656
f 803/1049/27 804/1050/660 800/1046/657 802/1048/659
f 804/1050/660 805/1051/661 801/1047/658 800/1046/657
f 806/1052/662 807/1053/663 764/1054/622 767/1055/625
f 808/1056/664 809/1057/665 810/1058/666 811/1059/667
f 812/1060/668 813/1061/632 811/1059/667 810/1058/666
f 786/1032/644 814/1062/25 788/1034/646 783/1029/641
f 766/1012/624 776/1022/634 815/1063/669 763/1009/621
f 816/1064/670 815/1063/669 776/1022/634 779/1025/637
f 802/1048/659 815/1063/669 816/1064/670 803/1049/27
f 815/1063/669 802/1048/659 768/1014/626 763/1009/621
f 768/1014/626 799/1045/656 817/1065/671 767/1013/625
f 798/1044/655 818/1066/672 817/1065/671 799/1045/656
f 818/1067/672 819/1068/651 820/1069/673 817/1070/671
f 809/1057/665 821/1071/674 822/1072/675 810/1058/666
f 823/1073/676 824/1074/677 822/1072/675 821/1071/674
f 825/1075/678 822/1072/675 824/1074/677 826/1076/679
f 812/1060/668 810/1058/666 822/1072/675 825/1075/678
f 785/1031/643 827/1077/680 828/1078/681 786/1032/644
f 792/1038/650 791/1037/649 828/1078/681 827/1077/680
f 829/1079/682 828/1078/681 791/1037/649 797/1043/654
f 814/1062/25 786/1032/644 828/1078/681 829/1079/682
f 777/1023/635 765/1011/623 764/1010/622 807/1080/663
f 830/1081/115 780/1026/638 775/1021/633 778/1024/636
f 818/1066/672 798/1044/655 801/1047/658 831/1082/683
f 805/1051/661 832/1083/684 831/1082/683 801/1047/658
f 831/1084/683 832/1085/684 833/1086/91 834/1087/652
f 771/1017/629 770/1016/628 835/1088/685 836/1089/686
f 806/1052/662 767/1055/625 817/1070/671 820/1069/673
f 837/1090/687 838/1091/688 839/1092/689 840/1093/690
f 836/1089/686 835/1088/685 839/1092/689 838/1091/688
f 839/1094/689 835/1095/685 841/1096/668 842/1097/678
f 834/1087/652 819/1068/651 818/1067/672 831/1084/683
f 841/1096/668 835/1095/685 770/1098/628 774/1099/632
f 843/1100/679 840/1101/690 839/1094/689 842/1097/678
f 844/1102/635 845/1103/663 846/1104/691 847/1105/692
f 777/1023/635 807/1080/663 845/1103/663 844/1102/635
f 848/1106/631 849/1107/632 774/1020/632 773/1019/631
f 850/1108/631 813/1109/632 849/1107/632 848/1106/631
f 844/1102/635 851/1110/636 778/1024/636 777/1023/635
f 847/1105/692 852/1111/636 851/1110/636 844/1102/635
f 853/1112/115 851/1110/636 852/1111/636 854/1113/115
f 830/1081/115 778/1024/636 851/1110/636 853/1112/115
f 806/1052/662 855/1114/662 845/1115/663 807/1053/663
f 845/1115/663 855/1114/662 856/1116/662 846/1117/691
f 857/1118/651 858/1119/673 820/1069/673 819/1068/651
f 793/1039/651 859/1120/673 858/1119/673 857/1118/651
f 855/1114/662 858/1119/673 859/1120/673 856/1116/662
f 806/1052/662 820/1069/673 858/1119/673 855/1114/662
f 857/1118/651 860/1121/652 794/1040/652 793/1039/651
f 819/1068/651 834/1087/652 860/1121/652 857/1118/651
f 861/1122/91 860/1121/652 834/1087/652 833/1086/91
f 796/1042/91 794/1040/652 860/1121/652 861/1122/91
f 812/1060/668 862/1123/668 849/1124/632 813/1061/632
f 849/1124/632 862/1123/668 841/1096/668 774/1099/632
f 863/1125/679 864/1126/678 825/1075/678 826/1076/679
f 843/1100/679 842/1097/678 864/1126/678 863/1125/679
f 862/1123/668 864/1126/678 842/1097/678 841/1096/668
f 812/1060/668 825/1075/678 864/1126/678 862/1123/668
f 865/1127/693 866/1128/694 782/1028/640 781/1027/639
f 847/1105/692 846/1104/691 866/1128/694 865/1127/693
f 867/1129/695 811/1059/667 813/1109/632 850/1108/631
f 867/1129/695 868/1130/696 808/1056/664 811/1059/667
f 865/1127/693 869/1131/697 852/1111/636 847/1105/692
f 781/1027/639 784/1030/642 869/1131/697 865/1127/693
f 870/1132/698 869/1131/697 784/1030/642 787/1033/645
f 854/1113/115 852/1111/636 869/1131/697 870/1132/698
f 856/1116/662 871/1133/699 866/1128/694 846/1117/691
f 782/1028/640 866/1128/694 871/1133/699 785/1031/643
f 789/1035/647 872/1134/700 859/1120/673 793/1039/651
f 792/1038/650 827/1077/680 872/1134/700 789/1035/647
f 785/1031/643 871/1133/699 872/1134/700 827/1077/680
f 856/1116/662 859/1120/673 872/1134/700 871/1133/699
f 772/1018/630 873/1135/701 874/1136/702 769/1015/627
f 779/1025/637 780/1026/638 874/1136/702 873/1135/701
f 868/1130/696 875/1137/703 876/1138/704 808/1056/664
f 787/1033/645 788/1034/646 876/1138/704 875/1137/703
f 877/1139/705 878/1140/706 795/1041/653 796/1042/91
f 826/1076/679 824/1074/677 878/1140/706 877/1139/705
f 879/1141/707 878/1140/706 824/1074/677 823/1073/676
f 797/1043/654 795/1041/653 878/1140/706 879/1141/707
f 880/1142/708 881/1143/709 804/1050/660 803/1049/27
f 880/1142/708 836/1089/686 838/1091/688 881/1143/709
f 837/1090/687 882/1144/710 881/1143/709 838/1091/688
f 805/1051/661 804/1050/660 881/1143/709 882/1144/710
f 788/1034/646 814/1062/25 883/1145/711 876/1138/704
f 876/1138/704 883/1145/711 809/1057/665 808/1056/664
f 873/1135/701 884/1146/712 816/1064/670 779/1025/637
f 772/1018/630 771/1017/629 884/1146/712 873/1135/701
f 836/1089/686 880/1142/708 884/1146/712 771/1017/629
f 816/1064/670 884/1146/712 880/1142/708 803/1049/27
f 879/1141/707 885/1147/713 829/1079/682 797/1043/654
f 823/1073/676 821/1071/674 885/1147/713 879/1141/707
f 809/1057/665 883/1145/711 885/1147/713 821/1071/674
f 814/1062/25 829/1079/682 885/1147/713 883/1145/711
f 830/1081/115 886/1148/714 874/1136/702 780/1026/638
f 874/1136/702 886/1148/714 773/1019/631 769/1015/627
f 805/1051/661 882/1144/710 887/1149/715 832/1083/684
f 882/1144/710 837/1090/687 840/1093/690 887/1149/715
f 843/1100/679 888/1150/705 887/1151/715 840/1101/690
f 887/1151/715 888/1150/705 833/1086/91 832/1085/684
f 889/1152/714 890/1153/714 853/1112/115 854/1113/115
f 850/1108/631 848/1106/631 890/1153/714 889/1152/714
f 886/1148/714 890/1153/714 848/1106/631 773/1019/631
f 830/1081/115 853/1112/115 890/1153/714 886/1148/714
f 888/1150/705 891/1154/705 861/1122/91 833/1086/91
f 843/1100/679 863/1125/679 891/1154/705 888/1150/705
f 877/1139/705 891/1154/705 863/1125/679 826/1076/679
f 796/1042/91 861/1122/91 891/1154/705 877/1139/705
f 875/1137/703 892/1155/716 870/1132/698 787/1033/645
f 868/1130/696 867/1129/695 892/1155/716 875/1137/703
f 889/1152/714 892/1155/716 867/1129/695 850/1108/631
f 854/1113/115 870/1132/698 892/1155/716 889/1152/714
f 893/1156/717 894/1157/718 895/1158/719 896/1159/720
f 897/1160/721 898/1161/722 899/1162/723 900/1163/724
f 899/1162/723 898/1161/722 901/1164/725 902/1165/726
f 903/1166/727 894/1157/718 904/1167/728 905/1168/729
f 906/1169/730 907/1170/731 908/1171/732 903/1166/727
f 909/1172/733 910/1173/734 911/1174/735 912/1175/736
f 913/1176/737 914/1177/738 915/1178/739 916/1179/740
f 917/1180/741 918/1181/742 914/1177/738 913/1176/737
f 919/1182/743 914/1177/738 918/1181/742 920/1183/744
f 921/1184/745 915/1178/739 914/1177/738 919/1182/743
f 922/1185/746 923/1186/747 924/1187/748 925/1188/749
f 923/1186/747 926/1189/750 927/1190/751 924/1187/748
f 928/1191/25 929/1192/752 924/1187/748 927/1190/751
f 929/1192/752 930/1193/753 925/1188/749 924/1187/748
f 931/1194/754 932/1195/755 893/1196/717 896/1197/720
f 933/1198/756 934/1199/726 935/1200/757 936/1201/758
f 937/1202/759 938/1203/760 911/1174/735 910/1173/734
f 908/1171/732 895/1158/719 894/1157/718 903/1166/727
f 895/1158/719 939/1204/761 940/1205/762 896/1159/720
f 939/1204/761 926/1189/750 941/1206/763 940/1205/762
f 942/1207/764 943/1208/765 944/1209/766 936/1201/758
f 943/1208/765 945/1210/767 946/1211/768 944/1209/766
f 947/1212/769 944/1209/766 946/1211/768 948/1213/770
f 933/1198/756 936/1201/758 944/1209/766 947/1212/769
f 949/1214/771 950/1215/772 910/1173/734 909/1172/733
f 951/1216/773 952/1217/774 950/1215/772 949/1214/771
f 953/1218/27 950/1215/772 952/1217/774 954/1219/27
f 937/1202/759 910/1173/734 950/1215/772 953/1218/27
f 904/1167/728 894/1157/718 893/1156/717 932/1220/755
f 955/1221/115 906/1169/730 903/1166/727 905/1168/729
f 956/1222/775 922/1185/746 925/1188/749 957/1223/776
f 930/1193/753 958/1224/777 957/1223/776 925/1188/749
f 957/1225/776 958/1226/777 959/1227/778 960/1228/779
f 961/1229/780 956/1230/775 962/1231/781 963/1232/782
f 963/1232/782 964/1233/783 941/1234/763 961/1229/780
f 965/1235/784 966/1236/785 967/1237/786 968/1238/787
f 969/1239/788 970/1240/789 968/1238/787 967/1237/786
f 971/1241/790 968/1242/787 970/1243/789 972/1244/791
f 960/1228/779 962/1231/781 956/1230/775 957/1225/776
f 973/1245/756 900/1246/724 899/1247/723 902/1248/726
f 974/1249/792 965/1250/784 968/1242/787 971/1241/790
f 975/1251/728 976/1252/793 977/1253/793 978/1254/728
f 904/1167/728 932/1220/755 976/1252/793 975/1251/728
f 979/1255/725 980/1256/726 902/1165/726 901/1164/725
f 981/1257/725 934/1258/726 980/1256/726 979/1255/725
f 975/1251/728 982/1259/729 905/1168/729 904/1167/728
f 978/1254/728 983/1260/729 982/1259/729 975/1251/728
f 984/1261/115 982/1259/729 983/1260/729 985/1262/115
f 955/1221/115 905/1168/729 982/1259/729 984/1261/115
f 931/1194/754 986/1263/794 976/1264/793 932/1195/755
f 976/1264/793 986/1263/794 987/1265/794 977/1266/793
f 962/1231/781 988/1267/795 989/1268/796 963/1232/782
f 917/1180/741 990/1269/797 989/1268/796 988/1267/795
f 991/1270/798 989/1268/796 990/1269/797 992/1271/799
f 964/1233/783 963/1232/782 989/1268/796 991/1270/798
f 988/1267/795 993/1272/800 918/1181/742 917/1180/741
f 962/1231/781 960/1228/779 993/1272/800 988/1267/795
f 994/1273/801 993/1272/800 960/1228/779 959/1227/778
f 920/1183/744 918/1181/742 993/1272/800 994/1273/801
f 933/1198/756 995/1274/756 980/1275/726 934/1199/726
f 980/1275/726 995/1274/756 973/1245/756 902/1248/726
f 996/1276/802 997/1277/803 998/1278/804 999/1279/805
f 974/1249/792 971/1241/790 998/1278/804 997/1277/803
f 972/1244/791 1000/1280/806 998/1278/804 971/1241/790
f 1000/1280/806 948/1213/770 999/1279/805 998/1278/804
f 978/1254/728 977/1253/793 1001/1281/807 912/1175/736
f 1002/1282/808 935/1200/757 934/1258/726 981/1257/725
f 935/1200/757 1002/1282/808 942/1207/764 936/1201/758
f 912/1175/736 911/1174/735 983/1260/729 978/1254/728
f 985/1262/115 983/1260/729 911/1174/735 938/1203/760
f 987/1265/794 1003/1283/809 1001/1281/807 977/1266/793
f 1001/1281/807 1003/1283/809 909/1172/733 912/1175/736
f 913/1176/737 1004/1284/810 990/1269/797 917/1180/741
f 913/1176/737 916/1179/740 1005/1285/811 1004/1284/810
f 951/1216/773 1006/1286/812 1004/1284/810 1005/1285/811
f 992/1271/799 990/1269/797 1004/1284/810 1006/1286/812
f 898/1161/722 897/1160/721 1007/1287/813 1008/1288/814
f 1008/1288/814 1007/1287/813 907/1170/731 906/1169/730
f 1009/1289/815 1010/1290/816 919/1182/743 920/1183/744
f 996/1276/802 1011/1291/817 1010/1290/816 1009/1289/815
f 1012/1292/818 1010/1290/816 1011/1291/817 1013/1293/819
f 921/1184/745 919/1182/743 1010/1290/816 1012/1292/818
f 907/1170/731 1007/1287/813 1014/1294/820 1015/1295/25
f 1007/1287/813 897/1160/721 1016/1296/821 1014/1294/820
f 969/1239/788 1017/1297/822 1014/1294/820 1016/1296/821
f 1017/1297/822 928/1191/25 1015/1295/25 1014/1294/820
f 937/1202/759 1018/1298/823 1019/1299/824 938/1203/760
f 1018/1298/823 942/1207/764 1002/1282/808 1019/1299/824
f 1012/1292/818 1020/1300/825 1021/1301/826 921/1184/745
f 1013/1293/819 1022/1302/827 1020/1300/825 1012/1292/818
f 1023/1303/828 1020/1300/825 1022/1302/827 945/1210/767
f 954/1219/27 1021/1301/826 1020/1300/825 1023/1303/828
f 955/1221/115 1024/1304/829 1008/1288/814 906/1169/730
f 1008/1288/814 1024/1304/829 901/1164/725 898/1161/722
f 930/1193/753 1025/1305/830 1026/1306/831 958/1224/777
f 1025/1305/830 966/1236/785 965/1235/784 1026/1306/831
f 965/1250/784 974/1249/792 1027/1307/832 1026/1308/831
f 1026/1308/831 1027/1307/832 959/1227/778 958/1226/777
f 1028/1309/829 1029/1310/829 984/1261/115 985/1262/115
f 981/1257/725 979/1255/725 1029/1310/829 1028/1309/829
f 1024/1304/829 1029/1310/829 979/1255/725 901/1164/725
f 955/1221/115 984/1261/115 1029/1310/829 1024/1304/829
f 1027/1307/832 1030/1311/833 994/1273/801 959/1227/778
f 974/1249/792 997/1277/803 1030/1311/833 1027/1307/832
f 1009/1289/815 1030/1311/833 997/1277/803 996/1276/802
f 920/1183/744 994/1273/801 1030/1311/833 1009/1289/815
f 1028/1309/829 1019/1299/824 1002/1282/808 981/1257/725
f 985/1262/115 938/1203/760 1019/1299/824 1028/1309/829
f 926/1189/750 939/1204/761 1031/1312/834 927/1190/751
f 939/1204/761 895/1158/719 908/1171/732 1031/1312/834
f 907/1170/731 1015/1295/25 1031/1312/834 908/1171/732
f 1015/1295/25 928/1191/25 927/1190/751 1031/1312/834
f 926/1189/750 923/1186/747 961/1313/780 941/1206/763
f 923/1186/747 922/1185/746 956/1222/775 961/1313/780
f 945/1210/767 1022/1302/827 1032/1314/835 946/1211/768
f 1022/1302/827 1013/1293/819 1011/1291/817 1032/1314/835
f 999/1279/805 1032/1314/835 1011/1291/817 996/1276/802
f 948/1213/770 946/1211/768 1032/1314/835 999/1279/805
f 1005/1285/811 1033/1315/836 952/1217/774 951/1216/773
f 916/1179/740 915/1178/739 1033/1315/836 1005/1285/811
f 1021/1301/826 1033/1315/836 915/1178/739 921/1184/745
f 954/1219/27 952/1217/774 1033/1315/836 1021/1301/826
f 964/1233/783 1034/1316/837 940/1317/762 941/1234/763
f 940/1317/762 1034/1316/837 931/1194/754 896/1197/720
f 1016/1296/821 1035/1318/838 970/1240/789 969/1239/788
f 897/1160/721 900/1163/724 1035/1318/838 1016/1296/821
f 973/1245/756 1036/1319/839 1035/1320/838 900/1246/724
f 1035/1320/838 1036/1319/839 972/1244/791 970/1243/789
f 992/1271/799 1037/1321/840 1038/1322/841 991/1270/798
f 987/1265/794 986/1263/794 1038/1322/841 1037/1321/840
f 1034/1316/837 1038/1322/841 986/1263/794 931/1194/754
f 1034/1316/837 964/1233/783 991/1270/798 1038/1322/841
f 1036/1319/839 1039/1323/842 1000/1280/806 972/1244/791
f 973/1245/756 995/1274/756 1039/1323/842 1036/1319/839
f 947/1212/769 1039/1323/842 995/1274/756 933/1198/756
f 948/1213/770 1000/1280/806 1039/1323/842 947/1212/769
f 949/1214/771 1040/1324/843 1006/1286/812 951/1216/773
f 909/1172/733 1003/1283/809 1040/1324/843 949/1214/771
f 1037/1321/840 1040/1324/843 1003/1283/809 987/1265/794
f 1037/1321/840 992/1271/799 1006/1286/812 1040/1324/843
f 967/1237/786 1041/1325/844 1017/1297/822 969/1239/788
f 966/1236/785 1025/1305/830 1041/1325/844 967/1237/786
f 929/1192/752 1041/1325/844 1025/1305/830 930/1193/753
f 928/1191/25 1017/1297/822 1041/1325/844 929/1192/752
f 945/1210/767 943/1208/765 1042/1326/845 1023/1303/828
f 943/1208/765 942/1207/764 1018/1298/823 1042/1326/845
f 937/1202/759 953/1218/27 1042/1326/845 1018/1298/823
f 953/1218/27 954/1219/27 1023/1303/828 1042/1326/845
f 1043/1327/846 1044/1328/847 1045/1329/848 1046/1330/849
f 1046/1330/849 1045/1329/848 1047/1331/850 1048/1332/851
f 1049/1333/852 1050/1334/853 1051/1335/854 1052/1336/855
f 1053/1337/856 1054/1338/857 1044/1328/847 1043/1327/846
f 1055/1339/858 1056/1340/859 1054/1338/857 1053/1337/856
f 1057/1341/860 1058/1342/861 1059/1343/862 1060/1344/863
f 1061/1345/864 1059/1343/862 1058/1342/861 1062/1346/865
f 1063/1347/866 1060/1344/863 1059/1343/862 1064/1348/867
f 1065/1349/868 1066/1350/869 1067/1351/870 1068/1352/871
f 1069/1353/872 1070/1354/873 1066/1350/869 1065/1349/868
f 1071/1355/874 1066/1350/869 1070/1354/873 1072/1356/875
f 1073/1357/876 1067/1351/870 1066/1350/869 1071/1355/874
f 1074/1358/877 1075/1359/878 1076/1360/879 1077/1361/880
f 1075/1359/878 1078/1362/881 1079/1363/882 1076/1360/879
f 1080/1364/27 1081/1365/883 1076/1360/879 1079/1363/882
f 1081/1365/883 1082/1366/884 1077/1361/880 1076/1360/879
f 1083/1367/885 1084/1368/886 1085/1369/887 1086/1370/888
f 1087/1371/889 1088/1372/890 1085/1369/887 1084/1368/886
f 1089/1373/25 1064/1348/867 1059/1343/862 1061/1345/864
f 1044/1328/847 1054/1338/857 1090/1374/891 1045/1329/848
f 1091/1375/892 1090/1374/891 1054/1338/857 1056/1340/859
f 1090/1374/891 1091/1375/892 1092/1376/27 1093/1377/893
f 1093/1377/893 1047/1331/850 1045/1329/848 1090/1374/891
f 1048/1332/851 1047/1331/850 1094/1378/894 1095/1379/895
f 1096/1380/896 1095/1379/895 1094/1378/894 1078/1362/881
f 1097/1381/897 1098/1382/898 1084/1368/886 1083/1367/885
f 1097/1381/897 1099/1383/899 1100/1384/900 1098/1382/898
f 1101/1385/901 1098/1382/898 1100/1384/900 1102/1386/902
f 1087/1371/889 1084/1368/886 1098/1382/898 1101/1385/901
f 1103/1387/903 1104/1388/904 1061/1345/864 1062/1346/865
f 1105/1389/905 1106/1390/906 1104/1388/904 1103/1387/903
f 1107/1391/25 1104/1388/904 1106/1390/906 1108/1392/25
f 1089/1373/25 1061/1345/864 1104/1388/904 1107/1391/25
f 1109/1393/907 1043/1327/846 1046/1330/849 1110/1394/908
f 1052/1336/855 1051/1335/854 1111/1395/909 1112/1396/890
f 1053/1337/856 1043/1327/846 1109/1393/907 1113/1397/910
f 1114/1398/91 1055/1339/858 1053/1337/856 1113/1397/910
f 1077/1361/880 1115/1399/911 1116/1400/912 1074/1358/877
f 1082/1366/884 1117/1401/913 1115/1399/911 1077/1361/880
f 1048/1402/851 1118/1403/914 1110/1404/908 1046/1405/849
f 1052/1336/855 1119/1406/915 1120/1407/916 1049/1333/852
f 1121/1408/917 1116/1409/912 1122/1410/918 1123/1411/919
f 1124/1412/920 1096/1413/896 1121/1408/917 1123/1411/919
f 1125/1414/921 1126/1415/922 1127/1416/923 1128/1417/924
f 1129/1418/925 1130/1419/926 1126/1415/922 1125/1414/921
f 1131/1420/927 1122/1410/918 1116/1409/912 1115/1421/911
f 1117/1422/913 1132/1423/115 1131/1420/927 1115/1421/911
f 1133/1424/889 1119/1425/915 1052/1426/855 1112/1427/890
f 1134/1428/928 1135/1429/929 1127/1430/923 1126/1431/922
f 1130/1432/926 1136/1433/902 1134/1428/928 1126/1431/922
f 1137/1434/907 1138/1435/908 1139/1436/908 1140/1437/907
f 1109/1393/907 1110/1394/908 1138/1435/908 1137/1434/907
f 1141/1438/909 1142/1439/890 1112/1396/890 1111/1395/909
f 1143/1440/909 1088/1441/890 1142/1439/890 1141/1438/909
f 1137/1434/907 1144/1442/910 1113/1397/910 1109/1393/907
f 1140/1437/907 1145/1443/910 1144/1442/910 1137/1434/907
f 1146/1444/91 1144/1442/910 1145/1443/910 1147/1445/91
f 1114/1398/91 1113/1397/910 1144/1442/910 1146/1444/91
f 1118/1403/914 1148/1446/914 1138/1447/908 1110/1404/908
f 1138/1447/908 1148/1446/914 1149/1448/914 1139/1449/908
f 1150/1450/930 1151/1451/919 1123/1411/919 1122/1410/918
f 1069/1353/872 1152/1452/931 1151/1451/919 1150/1450/930
f 1153/1453/920 1151/1451/919 1152/1452/931 1154/1454/920
f 1124/1412/920 1123/1411/919 1151/1451/919 1153/1453/920
f 1150/1450/930 1155/1455/932 1070/1354/873 1069/1353/872
f 1122/1410/918 1131/1420/927 1155/1455/932 1150/1450/930
f 1156/1456/933 1155/1455/932 1131/1420/927 1132/1423/115
f 1072/1356/875 1070/1354/873 1155/1455/932 1156/1456/933
f 1087/1371/889 1157/1457/889 1142/1458/890 1088/1372/890
f 1142/1458/890 1157/1457/889 1133/1424/889 1112/1427/890
f 1158/1459/934 1159/1460/935 1160/1461/936 1161/1462/937
f 1135/1429/929 1134/1428/928 1159/1460/935 1158/1459/934
f 1162/1463/902 1159/1460/935 1134/1428/928 1136/1433/902
f 1102/1386/902 1160/1461/936 1159/1460/935 1162/1463/902
f 1163/1464/938 1164/1465/939 1058/1342/861 1057/1341/860
f 1140/1437/907 1139/1436/908 1164/1465/939 1163/1464/938
f 1165/1466/940 1085/1369/887 1088/1441/890 1143/1440/909
f 1165/1466/940 1166/1467/941 1086/1370/888 1085/1369/887
f 1163/1464/938 1167/1468/942 1145/1443/910 1140/1437/907
f 1057/1341/860 1060/1344/863 1167/1468/942 1163/1464/938
f 1168/1469/943 1167/1468/942 1060/1344/863 1063/1347/866
f 1147/1445/91 1145/1443/910 1167/1468/942 1168/1469/943
f 1149/1448/914 1169/1470/944 1164/1465/939 1139/1449/908
f 1164/1465/939 1169/1470/944 1062/1346/865 1058/1342/861
f 1065/1349/868 1170/1471/945 1152/1452/931 1069/1353/872
f 1065/1349/868 1068/1352/871 1171/1472/946 1170/1471/945
f 1105/1389/905 1172/1473/947 1170/1471/945 1171/1472/946
f 1154/1454/920 1152/1452/931 1170/1471/945 1172/1473/947
f 1056/1340/859 1055/1339/858 1173/1474/948 1174/1475/949
f 1173/1474/948 1051/1335/854 1050/1334/853 1174/1475/949
f 1166/1467/941 1175/1476/950 1176/1477/951 1086/1370/888
f 1063/1347/866 1064/1348/867 1176/1477/951 1175/1476/950
f 1177/1478/952 1178/1479/953 1071/1355/874 1072/1356/875
f 1161/1462/937 1179/1480/954 1178/1479/953 1177/1478/952
f 1180/1481/955 1178/1479/953 1179/1480/954 1181/1482/956
f 1073/1357/876 1071/1355/874 1178/1479/953 1180/1481/955
f 1092/1376/27 1182/1483/659 1183/1484/659 1184/1485/27
f 1182/1483/659 1120/1407/916 1185/1486/957 1183/1484/659
f 1129/1418/925 1186/1487/958 1183/1484/659 1185/1486/957
f 1186/1487/958 1080/1364/27 1184/1485/27 1183/1484/659
f 1089/1373/25 1187/1488/959 1176/1477/951 1064/1348/867
f 1086/1370/888 1176/1477/951 1187/1488/959 1083/1367/885
f 1174/1475/949 1188/1489/960 1091/1375/892 1056/1340/859
f 1050/1334/853 1049/1333/852 1188/1489/960 1174/1475/949
f 1049/1333/852 1120/1407/916 1182/1483/659 1188/1489/960
f 1188/1489/960 1182/1483/659 1092/1376/27 1091/1375/892
f 1180/1481/955 1189/1490/961 1190/1491/962 1073/1357/876
f 1181/1482/956 1191/1492/963 1189/1490/961 1180/1481/955
f 1192/1493/964 1189/1490/961 1191/1492/963 1099/1383/899
f 1108/1392/25 1190/1491/962 1189/1490/961 1192/1493/964
f 1055/1339/858 1114/1398/91 1193/1494/965 1173/1474/948
f 1193/1494/965 1111/1395/909 1051/1335/854 1173/1474/948
f 1194/1495/966 1117/1401/913 1082/1366/884 1195/1496/967
f 1195/1496/967 1128/1417/924 1127/1416/923 1194/1495/966
f 1132/1423/115 1117/1422/913 1194/1497/966 1196/1498/968
f 1194/1497/966 1127/1430/923 1135/1429/929 1196/1498/968
f 1197/1499/965 1198/1500/965 1146/1444/91 1147/1445/91
f 1143/1440/909 1141/1438/909 1198/1500/965 1197/1499/965
f 1193/1494/965 1198/1500/965 1141/1438/909 1111/1395/909
f 1114/1398/91 1146/1444/91 1198/1500/965 1193/1494/965
f 1196/1498/968 1199/1501/969 1156/1456/933 1132/1423/115
f 1135/1429/929 1158/1459/934 1199/1501/969 1196/1498/968
f 1177/1478/952 1199/1501/969 1158/1459/934 1161/1462/937
f 1072/1356/875 1156/1456/933 1199/1501/969 1177/1478/952
f 1175/1476/950 1200/1502/970 1168/1469/943 1063/1347/866
f 1166/1467/941 1165/1466/940 1200/1502/970 1175/1476/950
f 1197/1499/965 1200/1502/970 1165/1466/940 1143/1440/909
f 1147/1445/91 1168/1469/943 1200/1502/970 1197/1499/965
f 1078/1362/881 1094/1378/894 1201/1503/893 1079/1363/882
f 1094/1378/894 1047/1331/850 1093/1377/893 1201/1503/893
f 1092/1376/27 1184/1485/27 1201/1503/893 1093/1377/893
f 1184/1485/27 1080/1364/27 1079/1363/882 1201/1503/893
f 1121/1504/917 1096/1380/896 1078/1362/881 1075/1359/878
f 1075/1359/878 1074/1358/877 1116/1400/912 1121/1504/917
f 1099/1383/899 1191/1492/963 1202/1505/971 1100/1384/900
f 1191/1492/963 1181/1482/956 1179/1480/954 1202/1505/971
f 1160/1461/936 1202/1505/971 1179/1480/954 1161/1462/937
f 1102/1386/902 1100/1384/900 1202/1505/971 1160/1461/936
f 1171/1472/946 1203/1506/972 1106/1390/906 1105/1389/905
f 1068/1352/871 1067/1351/870 1203/1506/972 1171/1472/946
f 1190/1491/962 1203/1506/972 1067/1351/870 1073/1357/876
f 1108/1392/25 1106/1390/906 1203/1506/972 1190/1491/962
f 1096/1413/896 1124/1412/920 1204/1507/973 1095/1508/895
f 1204/1507/973 1118/1403/914 1048/1402/851 1095/1508/895
f 1130/1419/926 1129/1418/925 1185/1486/957 1205/1509/974
f 1185/1486/957 1120/1407/916 1119/1406/915 1205/1509/974
f 1136/1433/902 1130/1432/926 1205/1510/974 1206/1511/901
f 1205/1510/974 1119/1425/915 1133/1424/889 1206/1511/901
f 1207/1512/973 1208/1513/973 1153/1453/920 1154/1454/920
f 1149/1448/914 1148/1446/914 1208/1513/973 1207/1512/973
f 1204/1507/973 1208/1513/973 1148/1446/914 1118/1403/914
f 1124/1412/920 1153/1453/920 1208/1513/973 1204/1507/973
f 1206/1511/901 1209/1514/901 1162/1463/902 1136/1433/902
f 1133/1424/889 1157/1457/889 1209/1514/901 1206/1511/901
f 1101/1385/901 1209/1514/901 1157/1457/889 1087/1371/889
f 1102/1386/902 1162/1463/902 1209/1514/901 1101/1385/901
f 1103/1387/903 1210/1515/975 1172/1473/947 1105/1389/905
f 1062/1346/865 1169/1470/944 1210/1515/975 1103/1387/903
f 1207/1512/973 1210/1515/975 1169/1470/944 1149/1448/914
f 1154/1454/920 1172/1473/947 1210/1515/975 1207/1512/973
f 1125/1414/921 1211/1516/976 1186/1487/958 1129/1418/925
f 1128/1417/924 1195/1496/967 1211/1516/976 1125/1414/921
f 1081/1365/883 1211/1516/976 1195/1496/967 1082/1366/884
f 1080/1364/27 1186/1487/958 1211/1516/976 1081/1365/883
f 1099/1383/899 1097/1381/897 1212/1517/977 1192/1493/964
f 1097/1381/897 1083/1367/885 1187/1488/959 1212/1517/977
f 1089/1373/25 1107/1391/25 1212/1517/977 1187/1488/959
f 1107/1391/25 1108/1392/25 1192/1493/964 1212/1517/977
f 1213/1518/57 1214/1519/57 1215/1520/57 1216/1521/57
f 1217/1522/5 1218/1523/5 1219/1524/5 1220/1525/5
f 1221/1526/978 1222/1527/978 1223/1528/978 1224/1529/978
f 1225/1530/25 1226/1531/25 1227/1532/25 1228/1533/25
f 1229/1534/91 1230/1535/979 1231/1536/91 1232/1537/91
f 1221/1526/27 1224/1529/27 1233/1538/27 1234/1539/27
f 1235/1540/115 1236/1541/115 1237/1542/115 1238/1543/115
f 1229/1534/91 1234/1539/91 1233/1538/91 1230/1535/979
f 1239/1544/57 1216/1521/57 1240/1545/57 1241/1546/57
f 1228/1533/25 1227/1532/25 1236/1541/25 1235/1540/25
f 1242/1547/5 1243/1548/5 1244/1549/5 1245/1550/5
f 1223/1528/27 1222/1527/27 1246/1551/27 1247/1552/27
f 1248/1553/980 1249/1554/981 1250/1555/91 1251/1556/91
f 1252/1557/91 1253/1558/91 1254/1559/91 1255/1560/91
f 1249/1554/5 1217/1561/5 1256/1562/5 1250/1555/5
f 1251/1563/982 1257/1564/982 1226/1565/982 1231/1566/982
f 1258/1567/57 1259/1568/57 1260/1569/57 1261/1570/57
f 1231/1536/91 1226/1531/91 1225/1530/91 1232/1537/91
f 1240/1545/57 1261/1571/57 1260/1572/57 1262/1573/57
f 1263/1574/5 1256/1575/5 1244/1549/5 1243/1548/5
f 1237/1542/115 1247/1576/115 1246/1577/115 1238/1543/115
f 1241/1546/57 1240/1545/57 1262/1573/57 1264/1578/57
f 1245/1550/5 1244/1549/5 1220/1525/5 1265/1579/5
f 1266/1580/91 1267/1581/91 1268/1582/91 1269/1583/91
f 1270/1584/91 1271/1585/91 1272/1586/91 1258/1567/91
f 1250/1555/5 1256/1562/5 1263/1587/5 1273/1588/5
f 1231/1566/982 1230/1589/982 1248/1590/982 1251/1563/982
f 1270/1584/57 1258/1567/57 1261/1570/57 1215/1591/57
f 1272/1592/983 1232/1593/983 1225/1594/983 1274/1595/983
f 1274/1596/984 1259/1568/984 1253/1558/984 1252/1557/984
f 1254/1559/57 1253/1558/57 1259/1568/57 1258/1567/57
f 1258/1567/985 1272/1586/985 1255/1560/985 1254/1559/985
f 1255/1560/5 1272/1592/5 1274/1595/5 1252/1557/5
f 1273/1588/984 1257/1597/984 1267/1581/984 1266/1580/984
f 1268/1582/57 1267/1581/57 1257/1564/57 1251/1563/57
f 1251/1556/985 1250/1555/985 1269/1583/985 1268/1582/985
f 1269/1583/5 1250/1555/5 1273/1588/5 1266/1580/5
f 1216/1521/57 1215/1520/57 1261/1571/57 1240/1545/57
f 1256/1575/5 1217/1522/5 1220/1525/5 1244/1549/5
f 1274/1596/25 1225/1598/25 1260/1569/25 1259/1568/25
f 1257/1597/25 1273/1588/25 1263/1587/25 1226/1599/25
f 1227/1532/25 1226/1531/25 1263/1574/25 1243/1600/25
f 1221/1526/27 1234/1539/27 1214/1519/27 1213/1601/27
f 1236/1541/115 1242/1602/115 1245/1603/115 1237/1542/115
f 1227/1532/25 1243/1600/25 1242/1602/25 1236/1541/25
f 1228/1533/25 1235/1540/25 1264/1604/25 1262/1605/25
f 1222/1527/27 1216/1606/27 1239/1607/27 1246/1551/27
f 1223/1528/27 1247/1552/27 1265/1608/27 1220/1609/27
f 1237/1542/115 1245/1603/115 1265/1610/115 1247/1576/115
f 1238/1543/115 1241/1611/115 1264/1604/115 1235/1540/115
f 1222/1527/978 1221/1526/978 1213/1601/978 1216/1606/978
f 1224/1529/978 1223/1528/978 1220/1609/978 1219/1612/978
f 1234/1539/91 1229/1534/91 1215/1520/91 1214/1519/91
f 1225/1530/25 1228/1533/25 1262/1605/25 1260/1572/25
f 1233/1538/27 1224/1529/27 1219/1612/27 1218/1523/27
f 1246/1577/115 1239/1613/115 1241/1611/115 1238/1543/115
f 1232/1593/983 1272/1592/983 1271/1614/983 1229/1615/983
f 1248/1553/980 1230/1616/979 1217/1561/981 1249/1554/981
f 1215/1591/986 1229/1617/986 1271/1585/986 1270/1584/986
f 1230/1535/979 1233/1538/91 1218/1523/91 1217/1522/981
f 1275/1618/57 1276/1619/57 1277/1620/57 1278/1621/57
f 1279/1622/115 1280/1623/115 1281/1624/115 1282/1625/115
f 1283/1626/25 1284/1627/25 1285/1628/25 1286/1629/25
f 1287/1630/27 1282/1631/27 1281/1632/27 1288/1633/27
f 1289/1634/25 1290/1635/25 1291/1636/25 1286/1629/25
f 1292/1637/25 1293/1638/25 1294/1639/25 1283/1640/25
f 1295/1641/27 1296/1642/27 1287/1630/27 1297/1643/27
f 1298/1644/987 1297/1645/987 1299/1646/987 1300/1647/987
f 1301/1648/57 1302/1649/57 1303/1650/57 1304/1651/57
f 1304/1651/988 1303/1650/988 1305/1652/988 1306/1653/988
f 1307/1654/989 1306/1653/989 1305/1652/989 1298/1655/989
f 1279/1622/115 1308/1656/115 1309/1657/115 1310/1658/115
f 1308/1656/57 1311/1659/57 1312/1660/57 1309/1657/57
f 1313/1661/57 1314/1662/57 1315/1663/57 1316/1664/57
f 1317/1665/990 1318/1666/990 1315/1663/990 1314/1662/990
f 1318/1666/991 1317/1665/991 1319/1667/991 1320/1668/991
f 1321/1669/115 1322/1670/115 1323/1671/115 1324/1672/115
f 1325/1673/115 1323/1671/115 1322/1670/115 1326/1674/115
f 1327/1675/57 1328/1676/57 1313/1677/57 1316/1678/57
f 1313/1661/57 1301/1648/57 1304/1651/57 1314/1662/57
f 1306/1653/992 1317/1665/992 1314/1662/992 1304/1651/992
f 1306/1653/993 1307/1654/993 1319/1667/993 1317/1665/993
f 1329/1679/115 1310/1658/115 1322/1670/115 1321/1669/115
f 1326/1674/115 1322/1670/115 1310/1658/115 1309/1657/115
f 1328/1676/57 1312/1660/57 1301/1680/57 1313/1677/57
f 1316/1664/57 1315/1663/57 1293/1638/57 1292/1637/57
f 1294/1639/994 1293/1638/994 1315/1663/994 1318/1666/994
f 1294/1639/5 1318/1666/5 1320/1668/5 1283/1640/5
f 1323/1671/115 1289/1634/115 1330/1681/115 1324/1672/115
f 1290/1635/115 1289/1634/115 1323/1671/115 1325/1673/115
f 1291/1636/57 1327/1675/57 1316/1678/57 1292/1682/57
f 1302/1683/57 1311/1659/57 1296/1642/57 1295/1641/57
f 1283/1626/25 1286/1629/25 1291/1636/25 1292/1682/25
f 1282/1631/27 1287/1630/27 1296/1642/27 1331/1684/27
f 1312/1660/57 1311/1659/57 1302/1683/57 1301/1680/57
f 1327/1675/57 1325/1673/57 1326/1674/57 1328/1676/57
f 1328/1676/57 1326/1674/57 1309/1657/57 1312/1660/57
f 1291/1636/57 1290/1635/57 1325/1673/57 1327/1675/57
f 1332/1685/27 1295/1686/27 1297/1687/27 1333/1688/27
f 1298/1655/5 1305/1652/5 1333/1688/5 1297/1687/5
f 1302/1649/57 1295/1686/57 1332/1685/57 1303/1650/57
f 1332/1685/995 1333/1688/995 1305/1652/995 1303/1650/995
f 1275/1618/27 1331/1689/27 1296/1690/27 1276/1619/27
f 1276/1619/996 1296/1690/996 1311/1691/996 1277/1620/996
f 1277/1620/25 1311/1691/25 1308/1692/25 1278/1621/25
f 1308/1692/115 1331/1689/115 1275/1618/115 1278/1621/115
f 1279/1622/115 1282/1625/115 1331/1693/115 1308/1656/115
f 1300/1647/997 1334/1694/997 1307/1695/997 1298/1644/997
f 1310/1658/115 1329/1679/115 1280/1623/115 1279/1622/115
f 1335/1696/998 1336/1697/998 1320/1698/998 1319/1699/998
f 1334/1694/999 1335/1696/999 1319/1699/999 1307/1695/999
f 1284/1627/1000 1283/1626/1000 1320/1698/1000 1336/1697/1000
f 1288/1633/27 1299/1700/27 1297/1643/27 1287/1630/27
f 1330/1681/25 1289/1634/25 1286/1629/25 1285/1628/25
f 1337/1701/5 1338/1702/5 1339/1703/5 1340/1704/5
f 1281/1624/115 1280/1623/115 1341/1705/115 1342/1706/115
f 1285/1628/25 1284/1627/25 1343/1707/25 1344/1708/25
f 1345/1709/27 1288/1633/27 1281/1632/27 1342/1710/27
f 1346/1711/25 1344/1708/25 1347/1712/25 1348/1713/25
f 1349/1714/25 1350/1715/25 1351/1716/25 1343/1717/25
f 1352/1718/27 1353/1719/27 1345/1709/27 1354/1720/27
f 1299/1646/987 1353/1721/987 1355/1722/987 1300/1647/987
f 1356/1723/5 1357/1724/5 1358/1725/5 1359/1726/5
f 1357/1724/988 1360/1727/988 1361/1728/988 1358/1725/988
f 1362/1729/1001 1355/1730/1001 1361/1728/1001 1360/1727/1001
f 1363/1731/115 1364/1732/115 1341/1705/115 1365/1733/115
f 1366/1734/5 1367/1735/5 1364/1732/5 1363/1731/5
f 1368/1736/5 1369/1737/5 1370/1738/5 1371/1739/5
f 1372/1740/990 1369/1737/990 1368/1736/990 1373/1741/990
f 1373/1741/1002 1374/1742/1002 1375/1743/1002 1372/1740/1002
f 1321/1669/115 1324/1672/115 1376/1744/115 1377/1745/115
f 1377/1745/115 1376/1744/115 1378/1746/115 1379/1747/115
f 1380/1748/5 1371/1749/5 1370/1750/5 1381/1751/5
f 1370/1738/5 1369/1737/5 1357/1724/5 1356/1723/5
f 1360/1727/992 1357/1724/992 1369/1737/992 1372/1740/992
f 1360/1727/1003 1372/1740/1003 1375/1743/1003 1362/1729/1003
f 1377/1745/115 1365/1733/115 1329/1679/115 1321/1669/115
f 1365/1733/115 1377/1745/115 1379/1747/115 1363/1731/115
f 1381/1751/5 1370/1750/5 1356/1752/5 1366/1734/5
f 1350/1715/5 1368/1736/5 1371/1739/5 1351/1716/5
f 1368/1736/994 1350/1715/994 1349/1714/994 1373/1741/994
f 1349/1714/57 1343/1717/57 1374/1742/57 1373/1741/57
f 1330/1681/115 1346/1711/115 1376/1744/115 1324/1672/115
f 1376/1744/115 1346/1711/115 1348/1713/115 1378/1746/115
f 1347/1712/5 1351/1753/5 1371/1749/5 1380/1748/5
f 1359/1754/5 1352/1755/5 1354/1756/5 1367/1735/5
f 1347/1712/25 1344/1708/25 1343/1707/25 1351/1753/25
f 1354/1720/27 1345/1709/27 1342/1710/27 1382/1757/27
f 1366/1734/5 1356/1752/5 1359/1754/5 1367/1735/5
f 1379/1747/5 1378/1746/5 1380/1748/5 1381/1751/5
f 1363/1731/5 1379/1747/5 1381/1751/5 1366/1734/5
f 1378/1746/5 1348/1713/5 1347/1712/5 1380/1748/5
f 1353/1758/27 1352/1759/27 1383/1760/27 1384/1761/27
f 1384/1761/57 1361/1728/57 1355/1730/57 1353/1758/57
f 1383/1760/5 1352/1759/5 1359/1726/5 1358/1725/5
f 1361/1728/995 1384/1761/995 1383/1760/995 1358/1725/995
f 1354/1762/27 1382/1763/27 1339/1703/27 1338/1702/27
f 1367/1764/996 1354/1762/996 1338/1702/996 1337/1701/996
f 1364/1765/25 1367/1764/25 1337/1701/25 1340/1704/25
f 1339/1703/115 1382/1763/115 1364/1765/115 1340/1704/115
f 1382/1766/115 1342/1706/115 1341/1705/115 1364/1732/115
f 1300/1647/997 1355/1722/997 1362/1767/997 1334/1694/997
f 1365/1733/115 1341/1705/115 1280/1623/115 1329/1679/115
f 1335/1696/998 1375/1768/998 1374/1769/998 1336/1697/998
f 1334/1694/999 1362/1767/999 1375/1768/999 1335/1696/999
f 1374/1769/1000 1343/1707/1000 1284/1627/1000 1336/1697/1000
f 1288/1633/27 1345/1709/27 1353/1719/27 1299/1700/27
f 1330/1681/25 1285/1628/25 1344/1708/25 1346/1711/25
f 1385/1770/57 1386/1771/57 1387/1772/57 1388/1773/57
f 1389/1774/5 1390/1775/5 1391/1776/5 1392/1777/5
f 1393/1778/115 1394/1779/115 1395/1780/115 1396/1781/115
f 1397/1782/25 1398/1783/25 1399/1784/25 1400/1785/25
f 1398/1786/1004 1401/1787/1005 1402/1788/1006 1399/1789/1007
f 1403/1790/27 1404/1791/27 1405/1792/27 1406/1793/27
f 1407/1794/1008 1408/1795/1008 1409/1796/1008 1410/1797/1008
f 1411/1798/1009 1412/1799/1009 1413/1800/1009 1414/1801/1009
f 1397/1782/1010 1400/1785/1010 1415/1802/1010 1416/1803/1010
f 1417/1804/91 1418/1805/91 1419/1806/91 1420/1807/91
f 1421/1808/115 1422/1809/115 1423/1810/115 1424/1811/115
f 1425/1812/115 1426/1813/115 1427/1814/115 1428/1815/115
f 1429/1816/91 1430/1817/91 1431/1818/91 1432/1819/91
f 1433/1820/27 1389/1774/27 1434/1821/27 1435/1822/27
f 1389/1774/5 1392/1777/5 1436/1777/5 1434/1821/5
f 1414/1823/25 1437/1824/25 1436/1825/25 1392/1826/25
f 1407/1827/25 1387/1828/25 1438/1829/25 1439/1830/25
f 1387/1772/57 1386/1771/57 1440/1831/57 1438/1832/57
f 1386/1771/27 1441/1833/27 1442/1834/27 1440/1831/27
f 1443/1835/27 1404/1791/27 1444/1836/27 1445/1837/27
f 1446/1838/27 1385/1770/27 1447/1839/27 1448/1840/27
f 1385/1770/57 1388/1773/57 1449/1841/57 1447/1839/57
f 1388/1842/25 1410/1843/25 1450/1844/25 1449/1845/25
f 1416/1846/25 1415/1847/25 1451/1848/25 1452/1849/25
f 1411/1850/25 1391/1851/25 1453/1852/25 1454/1853/25
f 1391/1776/5 1390/1775/5 1455/1854/5 1453/1855/5
f 1456/1856/27 1457/1857/27 1455/1854/27 1390/1775/27
f 1458/1858/115 1425/1812/115 1428/1815/115 1459/1859/115
f 1396/1781/115 1421/1808/115 1424/1811/115 1393/1778/115
f 1460/1860/25 1413/1861/25 1412/1799/25 1461/1862/25
f 1398/1783/25 1397/1782/25 1409/1796/25 1408/1863/25
f 1462/1864/1011 1414/1865/1012 1413/1866/1013 1460/1867/1014
f 1433/1820/27 1463/1868/27 1443/1835/27 1456/1856/27
f 1403/1790/27 1406/1793/27 1441/1833/27 1446/1838/27
f 1416/1803/1010 1410/1797/1010 1409/1796/1010 1397/1782/1010
f 1464/1869/91 1429/1816/91 1432/1819/91 1465/1870/91
f 1466/1871/91 1417/1804/91 1420/1807/91 1467/1872/91
f 1463/1868/27 1433/1820/27 1435/1822/27 1468/1873/27
f 1401/1874/25 1407/1827/25 1439/1830/25 1469/1875/25
f 1470/1876/1015 1465/1877/1015 1432/1878/1015 1437/1824/1015
f 1403/1790/27 1446/1838/27 1448/1840/27 1471/1879/27
f 1459/1859/27 1428/1815/27 1472/1880/27 1473/1837/27
f 1474/1881/25 1411/1850/25 1454/1853/25 1475/1882/25
f 1393/1778/25 1424/1811/25 1476/1883/25 1477/1778/25
f 1478/1884/1016 1467/1872/1016 1479/1885/1017 1480/1886/1018
f 1406/1793/1019 1405/1792/1020 1481/1887/1020 1482/1888/1019
f 1463/1868/57 1468/1873/1021 1483/1889/1021 1484/1890/57
f 1439/1830/1022 1438/1829/1023 1485/1891/1022
f 1408/1795/1013 1407/1794/1024 1401/1787/1005 1398/1786/1004
f 1420/1807/27 1442/1834/27 1479/1885/27 1467/1872/27
f 1412/1799/1010 1411/1798/1010 1474/1892/1010 1461/1862/1010
f 1435/1822/27 1434/1821/27 1486/1893/27
f 1487/1879/27 1396/1781/27 1395/1780/27 1488/1894/27
f 1489/1840/27 1490/1895/27 1422/1809/27 1421/1808/27
f 1491/1841/57 1423/1896/57 1422/1809/57 1490/1895/57
f 1491/1897/25 1476/1883/25 1424/1811/25 1423/1810/25
f 1492/1898/25 1458/1858/25 1394/1779/25 1493/1899/25
f 1494/1900/25 1495/1901/25 1426/1813/25 1425/1812/25
f 1496/1902/5 1427/1814/5 1426/1903/5 1495/1904/5
f 1472/1880/27 1428/1815/27 1427/1814/27 1496/1902/27
f 1487/1879/27 1489/1840/27 1421/1808/27 1396/1781/27
f 1472/1880/27 1457/1857/27 1445/1837/27 1473/1837/27
f 1492/1898/25 1494/1900/25 1425/1812/25 1458/1858/25
f 1476/1883/25 1450/1844/25 1452/1849/25 1477/1778/25
f 1471/1879/27 1487/1879/27 1488/1894/27 1444/1836/27
f 1447/1839/27 1490/1895/27 1489/1840/27 1448/1840/27
f 1449/1841/57 1491/1841/57 1490/1895/57 1447/1839/57
f 1450/1844/25 1476/1883/25 1491/1897/25 1449/1845/25
f 1475/1882/25 1492/1898/25 1493/1899/25 1451/1848/25
f 1454/1853/25 1453/1852/25 1495/1901/25 1494/1900/25
f 1455/1854/5 1496/1902/5 1495/1904/5 1453/1855/5
f 1457/1857/27 1472/1880/27 1496/1902/27 1455/1854/27
f 1448/1840/27 1489/1840/27 1487/1879/27 1471/1879/27
f 1454/1853/25 1494/1900/25 1492/1898/25 1475/1882/25
f 1445/1837/27 1457/1857/27 1456/1856/27 1443/1835/27
f 1452/1849/25 1450/1844/25 1410/1843/25 1416/1846/25
f 1386/1771/27 1385/1770/27 1446/1838/27 1441/1833/27
f 1391/1851/25 1411/1850/25 1414/1823/25 1392/1826/25
f 1485/1905/57 1438/1832/57 1440/1831/57 1497/1906/57
f 1479/1885/27 1442/1834/27 1441/1833/27 1406/1793/27
f 1479/1885/1017 1406/1793/5 1482/1888/5 1480/1886/1018
f 1469/1875/1025 1439/1830/1025 1417/1907/1025 1466/1908/1025
f 1434/1821/5 1436/1777/5 1498/1909/5 1486/1893/5
f 1468/1873/27 1435/1822/27 1429/1816/27 1464/1869/27
f 1468/1873/1021 1464/1869/1026 1499/1910/1026 1483/1889/1021
f 1470/1876/25 1437/1824/25 1414/1823/25 1462/1911/25
f 1388/1842/25 1387/1828/25 1407/1827/25 1410/1843/25
f 1390/1775/27 1389/1774/27 1433/1820/27 1456/1856/27
f 1394/1779/115 1458/1858/115 1459/1859/115 1395/1780/115
f 1399/1784/25 1460/1860/25 1461/1862/25 1400/1785/25
f 1402/1788/1006 1462/1864/1011 1460/1867/1014 1399/1789/1007
f 1405/1792/27 1404/1791/27 1443/1835/27 1463/1868/27
f 1415/1802/1010 1400/1785/1010 1461/1862/1010 1474/1892/1010
f 1404/1791/27 1403/1790/27 1471/1879/27 1444/1836/27
f 1415/1847/25 1474/1881/25 1475/1882/25 1451/1848/25
f 1405/1792/1020 1463/1868/1027 1484/1890/1027 1481/1887/1020
f 1395/1780/27 1459/1859/27 1473/1837/27 1488/1894/27
f 1394/1779/25 1393/1778/25 1477/1778/25 1493/1899/25
f 1488/1894/27 1473/1837/27 1445/1837/27 1444/1836/27
f 1493/1899/25 1477/1778/25 1452/1849/25 1451/1848/25
f 1431/1818/1028 1430/1817/1028 1486/1893/1028 1498/1909/1029
f 1497/1906/1030 1419/1806/1031 1418/1805/1031 1485/1905/1032
f 1497/1906/27 1440/1831/27 1442/1834/27
f 1419/1806/27 1497/1906/27 1442/1834/27
f 1439/1830/1022 1485/1891/1022 1418/1912/1022
f 1439/1830/1022 1418/1912/1022 1417/1907/1022
f 1435/1822/27 1486/1893/27 1430/1817/27
f 1435/1822/27 1430/1817/27 1429/1816/27
f 1498/1913/1022 1436/1825/1023 1437/1824/1022
f 1442/1834/27 1420/1807/27 1419/1806/27
f 1437/1824/1022 1431/1914/1022 1498/1913/1022
f 1437/1824/1022 1432/1878/1022 1431/1914/1022
f 1500/1915/1016 1478/1884/1016 1480/1886/1018 1501/1916/1033
f 1481/1887/1020 1502/1917/1020 1503/1918/1034 1482/1888/1019
f 1483/1889/1021 1504/1919/1021 1505/1920/57 1484/1890/57
f 1482/1888/5 1503/1918/5 1501/1916/1033 1480/1886/1018
f 1483/1889/1021 1499/1910/1026 1506/1921/1026 1504/1919/1021
f 1484/1890/1027 1505/1920/1027 1502/1917/1020 1481/1887/1020
f 1466/1922/1016 1500/1915/1016 1501/1916/1033 1469/1923/1035
f 1502/1917/1020 1402/1924/1020 1401/1925/1034 1503/1918/1034
f 1504/1919/1021 1470/1926/1036 1462/1927/57 1505/1920/57
f 1503/1918/5 1401/1925/5 1469/1923/1035 1501/1916/1033
f 1504/1919/1021 1506/1921/1026 1465/1928/1026 1470/1926/1036
f 1505/1920/1027 1462/1927/1027 1402/1924/1020 1502/1917/1020
f 1507/1929/57 1508/1930/57 1509/1931/57 1510/1932/57
f 1511/1933/5 1512/1934/5 1513/1935/5 1514/1936/5
f 1512/1937/1037 1508/1930/1038 1507/1929/1039 1513/1938/1039
f 1515/1939/57 1516/1940/57 1517/1941/57 1518/1942/57
f 1509/1931/1040 1511/1933/1040 1519/1943/1040 1520/1944/1040
f 1519/1943/5 1511/1933/5 1514/1936/5 1521/1945/5
f 1522/1946/1041 1523/1947/1042 1524/1948/1042 1525/1949/1041
f 1526/1950/1043 1517/1941/1043 1527/1951/1043 1528/1952/1043
f 1526/1950/1044 1528/1952/1044 1529/1953/1044 1530/1954/1044
f 1527/1951/1045 1517/1941/1045 1516/1940/1045 1531/1955/1045
f 1530/1954/1046 1529/1953/1046 1532/1956/1046 1533/1957/1046
f 1528/1958/5 1527/1951/5 1534/1959/5
f 1535/1960/5 1534/1959/5 1527/1951/5 1531/1955/5
f 1517/1941/57 1526/1950/57 1518/1942/57
f 1515/1939/57 1533/1957/57 1536/1961/57 1537/1962/57
f 1538/1963/57 1507/1929/57 1510/1932/57 1524/1948/57
f 1514/1936/5 1513/1935/5 1539/1964/5 1523/1965/5
f 1513/1938/1039 1507/1929/1039 1538/1963/1039 1539/1966/1039
f 1515/1939/57 1518/1942/57 1530/1954/57 1533/1957/57
f 1521/1945/5 1514/1936/5 1523/1965/5 1522/1967/5
f 1529/1968/5 1534/1959/5 1535/1960/5 1532/1969/5
f 1520/1944/57 1540/1970/57 1510/1932/57 1509/1931/57
f 1526/1950/57 1530/1954/57 1518/1942/57
f 1534/1959/5 1529/1968/5 1528/1958/5
f 1541/1971/57 1509/1931/57 1508/1930/57 1542/1972/57
f 1508/1930/1038 1512/1937/1037 1543/1973/1047 1542/1972/1047
f 1544/1974/5 1545/1975/5 1546/1976/5 1547/1977/5
f 1511/1933/1048 1509/1931/1048 1541/1971/1048 1548/1978/1048
f 1547/1977/1048 1511/1979/1048 1548/1980/1048 1544/1981/1048
f 1545/1982/1047 1543/1983/1047 1512/1984/1037 1546/1976/1047
f 1549/1985/1040 1531/1955/1040 1516/1940/1040 1550/1986/1040
f 1531/1955/5 1549/1985/5 1551/1987/5 1535/1960/5
f 1537/1962/57 1536/1961/57 1525/1949/57 1540/1970/57
f 1535/1960/5 1551/1987/5 1552/1988/5 1532/1969/5
f 1537/1962/57 1550/1986/57 1516/1940/57 1515/1939/57
f 1550/1986/1040 1520/1944/1040 1519/1943/1040 1549/1985/1040
f 1549/1985/1049 1519/1943/1049 1521/1945/1050 1551/1987/1050
f 1522/1946/1041 1525/1949/1041 1536/1961/1041 1552/1989/1041
f 1551/1987/1050 1521/1945/1050 1522/1967/1051 1552/1988/1051
f 1540/1970/57 1520/1944/57 1550/1986/57 1537/1962/57
f 1540/1970/57 1525/1949/57 1524/1948/57 1510/1932/57
f 1548/1990/1052 1543/1991/1052 1545/1975/1052 1544/1974/1052
f 1538/1963/1053 1524/1948/1042 1523/1947/1042 1539/1992/1053
f 1511/1979/1054 1547/1977/1054 1546/1976/1054 1512/1984/1054
f 1542/1972/1052 1543/1973/1052 1548/1978/1052 1541/1971/1052
f 1533/1957/1041 1532/1956/1041 1552/1989/1041 1536/1961/1041
f 1553/1993/5 1554/1994/5 1555/1995/5 1556/1996/5
f 1557/1997/1055 1558/1998/1056 1559/1999/1056 1560/2000/1055
f 1561/2001/1057 1562/2002/1058 1563/2003/1058 1564/2004/1058
f 1565/2005/1059 1566/2006/1059 1567/2007/1060 1568/2008/1060
f 1557/1997/1055 1560/2000/1055 1569/2009/1061 1570/2010/1061
f 1571/2011/1062 1572/2012/1062 1573/2013/1063 1574/2014/1063
f 1575/2015/1064 1576/2016/1065 1577/2017/1066 1578/2018/1066
f 1578/2018/1066 1577/2017/1066 1579/2019/1067 1580/2020/1068
f 1581/2021/1069 1582/2022/1069 1583/2023/1070 1584/2024/1070
f 1584/2024/1070 1583/2023/1070 1580/2020/1068 1579/2019/1067
f 1585/2025/1071 1566/2006/1059 1565/2005/1059 1586/2026/1071
f 1587/2027/5 1588/2028/5 1589/2029/5 1590/2030/5
f 1591/2031/1072 1592/2032/1072 1593/2033/1073 1594/2034/1073
f 1595/2035/5 1596/2036/5 1597/2037/5 1598/2038/5
f 1599/2039/5 1600/2040/5 1601/2041/5 1602/2042/5
f 1603/2043/5 1604/2044/5 1605/2045/5 1606/2046/5
f 1607/2047/5 1608/2048/5 1609/2049/5 1610/2050/5
f 1596/2036/1074 1611/2051/1074 1612/2052/1075 1597/2037/1075
f 1613/2053/5 1614/2054/5 1588/2028/5 1587/2027/5
f 1615/2055/5 1589/2029/5 1588/2028/5 1616/2056/5
f 1617/2057/5 1618/2058/5 1619/2059/5 1607/2047/5
f 1605/2045/5 1604/2044/5 1619/2059/5 1620/2060/5
f 1603/2043/5 1609/2049/5 1608/2048/5 1604/2044/5
f 1621/2061/1076 1622/2062/1076 1623/2063/1076 1624/2064/1076
f 1625/2065/5 1626/2066/5 1627/2067/5 1628/2068/5
f 1629/2069/1077 1630/2070/1078 1561/2001/1079 1564/2004/1080
f 1631/2071/5 1632/2072/5 1633/2073/5 1634/2074/5
f 1635/2075/5 1560/2000/5 1559/1999/5 1636/2076/5
f 1637/2077/5 1591/2031/5 1594/2034/5 1638/2078/5
f 1639/2079/5 1629/2069/5 1640/2080/5 1641/2081/5
f 1642/2082/5 1643/2083/5 1595/2035/5 1598/2038/5
f 1644/2084/5 1622/2062/5 1645/2085/5 1646/2086/5
f 1647/2087/5 1648/2088/5 1565/2005/5 1568/2008/5
f 1649/2089/5 1650/2090/5 1571/2011/5 1574/2014/5
f 1651/2091/5 1581/2021/5 1584/2024/5 1652/2092/5
f 1652/2092/5 1584/2024/5 1579/2019/5 1653/2093/5
f 1653/2093/5 1579/2019/5 1577/2017/5 1654/2094/5
f 1655/2095/5 1654/2094/5 1577/2017/5 1576/2016/5
f 1655/2095/5 1576/2016/5 1569/2009/5 1656/2096/5
f 1636/2097/1081 1637/2098/1082 1657/2099/1083 1658/2100/1084
f 1638/2101/1085 1659/2102/1086 1660/2103/1087 1661/2104/1088
f 1639/2105/1089 1662/2106/1090 1663/2107/1091 1664/2108/1092
f 1665/2109/1093 1641/2110/1094 1643/2111/1095 1666/2112/1096
f 1644/2113/1097 1667/2114/1098 1668/2115/1099 1642/2116/1100
f 1669/2117/1101 1670/2118/1102 1671/2119/1103 1672/2120/1104
f 1671/2119/1103 1670/2118/1102 1648/2121/1105 1673/2122/1106
f 1650/2123/1107 1674/2124/1108 1675/2125/1109 1647/2126/1110
f 1676/2127/1111 1649/2128/1112 1651/2129/1113 1677/2130/1114
f 1677/2130/1114 1651/2129/1113 1652/2131/1115 1678/2132/1116
f 1653/2133/1117 1679/2134/1118 1678/2132/1116 1652/2131/1115
f 1653/2133/1117 1654/2135/1119 1680/2136/1120 1679/2134/1118
f 1654/2135/1119 1655/2137/1121 1681/2138/1122 1680/2136/1120
f 1656/2139/1123 1635/2140/1124 1682/2141/1125 1683/2142/1126
f 1614/2054/5 1556/1996/5 1616/2056/5 1588/2028/5
f 1562/2002/1058 1611/2051/1074 1596/2036/1074 1563/2003/1058
f 1608/2048/5 1607/2047/5 1619/2059/5 1604/2044/5
f 1684/2143/5 1615/2055/5 1616/2056/5 1685/2144/5
f 1607/2047/5 1610/2050/5 1686/2145/5 1617/2057/5
f 1641/2081/5 1640/2080/5 1595/2035/5 1643/2083/5
f 1665/2109/1093 1687/2146/1127 1688/2147/1128 1662/2148/1129
f 1633/2073/1058 1564/2149/1058 1563/2150/1058 1634/2074/1058
f 1634/2074/1130 1563/2151/1130 1640/2152/1130 1631/2071/1130
f 1631/2071/1131 1640/2153/1131 1629/2154/1131 1632/2072/1131
f 1632/2072/1080 1629/2155/1077 1564/2156/1080 1633/2073/1080
f 1689/2157/1076 1645/2085/1076 1622/2062/1076 1621/2061/1076
f 1690/2158/1132 1691/2159/1132 1630/2070/1078 1629/2069/1077
f 1692/2160/5 1693/2161/5 1694/2162/5 1687/2146/5
f 1628/2068/5 1627/2067/5 1695/2163/5 1696/2164/5
f 1639/2079/5 1664/2165/5 1690/2158/5 1629/2069/5
f 1646/2086/5 1645/2085/5 1697/2166/5 1698/2167/5
f 1663/2107/1091 1699/2168/1133 1700/2169/1134 1701/2170/1135
f 1627/2067/1136 1626/2066/1136 1667/2171/1137 1702/2172/1138
f 1694/2162/5 1699/2168/5 1688/2147/5 1687/2146/5
f 1703/2173/5 1590/2030/5 1704/2174/5 1705/2175/5
f 1598/2038/5 1597/2037/5 1623/2063/5 1622/2062/5
f 1599/2039/5 1620/2060/5 1619/2059/5 1618/2058/5
f 1597/2037/1075 1612/2052/1075 1624/2064/1075 1623/2063/1075
f 1613/2053/5 1587/2027/5 1706/2176/5 1707/2177/5
f 1606/2046/5 1605/2045/5 1620/2060/5 1708/2178/5
f 1692/2160/5 1625/2065/5 1628/2068/5 1693/2161/5
f 1644/2084/5 1642/2082/5 1598/2038/5 1622/2062/5
f 1668/2115/1099 1625/2065/1139 1692/2160/1140 1666/2112/1096
f 1709/2179/1141 1697/2166/1076 1710/2180/1076 1711/2181/1141
f 1712/2182/1142 1713/2183/1142 1714/2184/1143 1715/2185/1143
f 1716/2186/5 1717/2187/5 1718/2188/5 1719/2189/5
f 1720/2190/5 1659/2191/5 1712/2182/5 1715/2185/5
f 1721/2192/1138 1672/2120/1104 1705/2175/1144 1695/2163/1136
f 1717/2187/5 1722/2193/5 1700/2169/5 1718/2188/5
f 1669/2194/5 1709/2179/5 1586/2026/5 1670/2195/5
f 1704/2174/5 1716/2186/5 1719/2189/5 1696/2164/5
f 1563/2003/5 1596/2036/5 1595/2035/5 1640/2080/5
f 1657/2099/1083 1685/2144/1145 1555/1995/1146 1658/2100/1084
f 1684/2143/1147 1661/2104/1088 1660/2103/1087 1722/2193/1148
f 1662/2106/1090 1688/2147/1149 1699/2168/1133 1663/2107/1091
f 1687/2146/1127 1665/2109/1093 1666/2112/1096 1692/2160/1140
f 1668/2115/1099 1667/2114/1098 1626/2066/1150 1625/2065/1139
f 1672/2120/1104 1671/2119/1103 1703/2173/1151 1705/2175/1144
f 1703/2173/1151 1671/2119/1103 1673/2122/1106 1706/2176/1152
f 1675/2125/1109 1674/2124/1108 1601/2041/1153 1707/2177/1154
f 1676/2127/1111 1677/2130/1114 1708/2178/1155 1602/2042/1156
f 1708/2178/1155 1677/2130/1114 1678/2132/1116 1606/2046/1157
f 1678/2132/1116 1679/2134/1118 1603/2043/1158 1606/2046/1157
f 1680/2136/1120 1609/2049/1159 1603/2043/1158 1679/2134/1118
f 1680/2136/1120 1681/2138/1122 1610/2050/1160 1609/2049/1159
f 1682/2141/1125 1554/1994/1161 1686/2145/1162 1683/2142/1126
f 1641/2110/1094 1665/2109/1093 1662/2148/1129 1639/2196/1163
f 1660/2103/1087 1659/2102/1086 1720/2197/1164 1701/2170/1135
f 1702/2172/1138 1667/2171/1137 1644/2198/1165 1646/2199/1165
f 1666/2112/1096 1643/2111/1095 1642/2116/1100 1668/2115/1099
f 1721/2192/1138 1702/2172/1138 1646/2199/1165 1698/2200/1165
f 1556/1996/5 1555/1995/5 1685/2144/5 1616/2056/5
f 1558/1998/1056 1592/2032/1072 1591/2031/1072 1559/1999/1056
f 1567/2007/1060 1572/2012/1062 1571/2011/1062 1568/2008/1060
f 1723/2201/5 1614/2054/5 1613/2053/5 1600/2040/5
f 1636/2076/5 1559/1999/5 1591/2031/5 1637/2077/5
f 1650/2090/5 1647/2087/5 1568/2008/5 1571/2011/5
f 1658/2100/1084 1682/2141/1125 1635/2140/1124 1636/2097/1081
f 1647/2126/1110 1675/2125/1109 1673/2122/1166 1648/2121/1167
f 1556/1996/5 1614/2054/5 1723/2201/5 1553/1993/5
f 1600/2040/5 1613/2053/5 1707/2177/5 1601/2041/5
f 1658/2100/1084 1555/1995/1146 1554/1994/1161 1682/2141/1125
f 1707/2177/1154 1706/2176/1168 1673/2122/1166 1675/2125/1109
f 1569/2009/1061 1576/2016/1065 1575/2015/1064 1570/2010/1061
f 1573/2013/1063 1582/2022/1069 1581/2021/1069 1574/2014/1063
f 1620/2060/5 1599/2039/5 1602/2042/5 1708/2178/5
f 1723/2201/5 1618/2058/5 1617/2057/5 1553/1993/5
f 1649/2089/5 1574/2014/5 1581/2021/5 1651/2091/5
f 1656/2096/5 1569/2009/5 1560/2000/5 1635/2075/5
f 1649/2128/1112 1676/2127/1111 1674/2124/1108 1650/2123/1107
f 1683/2142/1126 1681/2138/1169 1655/2137/1170 1656/2139/1123
f 1553/1993/5 1617/2057/5 1686/2145/5 1554/1994/5
f 1600/2040/5 1599/2039/5 1618/2058/5 1723/2201/5
f 1602/2042/1156 1601/2041/1153 1674/2124/1108 1676/2127/1111
f 1683/2142/1126 1686/2145/1162 1610/2050/1171 1681/2138/1169
f 1586/2026/1071 1709/2179/1141 1711/2181/1141 1585/2025/1071
f 1590/2030/5 1589/2029/5 1716/2186/5 1704/2174/5
f 1593/2033/1073 1713/2183/1142 1712/2182/1142 1594/2034/1073
f 1589/2029/5 1615/2055/5 1717/2187/5 1716/2186/5
f 1638/2078/5 1594/2034/5 1712/2182/5 1659/2191/5
f 1670/2195/5 1586/2026/5 1565/2005/5 1648/2088/5
f 1661/2104/1088 1657/2099/1083 1637/2098/1082 1638/2101/1085
f 1615/2055/5 1684/2143/5 1722/2193/5 1717/2187/5
f 1590/2030/5 1703/2173/5 1706/2176/5 1587/2027/5
f 1661/2104/1088 1684/2143/1147 1685/2144/1145 1657/2099/1083
f 1696/2164/5 1695/2163/5 1705/2175/5 1704/2174/5
f 1698/2167/5 1697/2166/5 1709/2179/5 1669/2194/5
f 1701/2170/1135 1700/2169/1134 1722/2193/1148 1660/2103/1087
f 1710/2180/1076 1697/2166/1076 1645/2085/1076 1689/2157/1076
f 1714/2184/1143 1691/2159/1132 1690/2158/1132 1715/2185/1143
f 1719/2189/5 1718/2188/5 1694/2162/5 1693/2161/5
f 1664/2165/5 1720/2190/5 1715/2185/5 1690/2158/5
f 1702/2172/1138 1721/2192/1138 1695/2163/1136 1627/2067/1136
f 1718/2188/5 1700/2169/5 1699/2168/5 1694/2162/5
f 1696/2164/5 1719/2189/5 1693/2161/5 1628/2068/5
f 1701/2170/1135 1720/2197/1164 1664/2108/1092 1663/2107/1091
f 1698/2200/1165 1669/2117/1101 1672/2120/1104 1721/2192/1138
f 1724/2202/25 1725/2203/25 1726/2204/1172 1727/2205/1172
f 1727/2205/1172 1726/2204/1172 1728/2206/1173 1729/2207/1173
f 1729/2207/1173 1728/2206/1173 1730/2208/91 1731/2209/91
f 1731/2209/91 1730/2208/91 1732/2210/1174 1733/2211/1174
f 1733/2211/1174 1732/2210/1174 1734/2212/1175 1735/2213/1175
f 1735/2213/1175 1734/2212/1175 1736/2214/27 1737/2215/27
f 1737/2215/27 1736/2214/27 1738/2216/1176 1739/2217/1176
f 1739/2217/1176 1738/2216/1176 1740/2218/1177 1741/2219/1177
f 1741/2219/1177 1740/2218/1177 1742/2220/115 1743/2221/115
f 1743/2221/115 1742/2220/115 1744/2222/1053 1745/2223/1053
f 1745/2223/1053 1744/2222/1053 1746/2224/1178 1747/2225/1178
f 1747/2225/1178 1746/2224/1178 1725/2203/25 1724/2202/25
f 1734/2226/57 1732/2227/57 1730/2228/57 1738/2229/57
f 1746/2230/57 1738/2229/57 1730/2228/57 1726/2231/57
f 1730/2228/57 1728/2232/57 1726/2231/57
f 1726/2231/57 1725/2233/57 1746/2230/57
f 1742/2234/57 1738/2229/57 1746/2230/57 1744/2235/57
f 1742/2234/57 1740/2236/57 1738/2229/57
f 1734/2226/57 1738/2229/57 1736/2237/57
f 1748/2238/5 1724/2202/5 1727/2205/5 1749/2239/5
f 1749/2239/5 1727/2205/5 1729/2207/5 1750/2240/5
f 1750/2240/5 1729/2207/5 1731/2209/5 1751/2241/5
f 1751/2241/5 1731/2209/5 1733/2211/5 1752/2242/5
f 1752/2242/5 1733/2211/5 1735/2213/5 1753/2243/5
f 1753/2243/5 1735/2213/5 1737/2215/5 1754/2244/5
f 1754/2244/5 1737/2215/5 1739/2217/5 1755/2245/5
f 1755/2245/5 1739/2217/5 1741/2219/5 1756/2246/5
f 1756/2246/5 1741/2219/5 1743/2221/5 1757/2247/5
f 1757/2247/5 1743/2221/5 1745/2223/5 1758/2248/5
f 1758/2248/5 1745/2223/5 1747/2225/5 1759/2249/5
f 1759/2249/5 1747/2225/5 1724/2202/5 1748/2238/5
f 1760/2250/25 1748/2238/25 1749/2239/1172 1761/2251/1172
f 1761/2251/1172 1749/2239/1172 1750/2240/1173 1762/2252/1173
f 1762/2252/1173 1750/2240/1173 1751/2241/91 1763/2253/91
f 1763/2253/91 1751/2241/91 1752/2242/1174 1764/2254/1174
f 1764/2254/1174 1752/2242/1174 1753/2243/1175 1765/2255/1175
f 1765/2255/1175 1753/2243/1175 1754/2244/27 1766/2256/27
f 1766/2256/27 1754/2244/27 1755/2245/1176 1767/2257/1176
f 1767/2257/1176 1755/2245/1176 1756/2246/1177 1768/2258/1177
f 1768/2258/1177 1756/2246/1177 1757/2247/115 1769/2259/115
f 1769/2259/115 1757/2247/115 1758/2248/1053 1770/2260/1053
f 1770/2260/1053 1758/2248/1053 1759/2249/1178 1771/2261/1178
f 1771/2261/1178 1759/2249/1178 1748/2238/25 1760/2250/25
f 1772/2262/1179 1760/2250/1180 1761/2251/1181 1773/2263/1182
f 1773/2263/1182 1761/2251/1181 1762/2252/1183 1774/2264/1184
f 1774/2264/1184 1762/2252/1183 1763/2253/1185 1775/2265/1186
f 1775/2265/1186 1763/2253/1185 1764/2254/1187 1776/2266/1188
f 1776/2266/1188 1764/2254/1187 1765/2255/1189 1777/2267/1190
f 1777/2267/1190 1765/2255/1189 1766/2256/1191 1778/2268/1192
f 1778/2268/1192 1766/2256/1191 1767/2257/1193 1779/2269/1194
f 1779/2269/1194 1767/2257/1193 1768/2258/1195 1780/2270/1196
f 1780/2270/1196 1768/2258/1195 1769/2259/1197 1781/2271/1198
f 1781/2271/1198 1769/2259/1197 1770/2260/1199 1782/2272/1200
f 1782/2272/1200 1770/2260/1199 1771/2261/1201 1783/2273/1202
f 1783/2273/1202 1771/2261/1201 1760/2250/1180 1772/2262/1179
f 1772/2262/1179 1773/2263/1182 1784/2274/5
f 1773/2263/1182 1774/2264/1184 1784/2274/5
f 1774/2264/1184 1775/2265/1186 1784/2274/5
f 1775/2265/1186 1776/2266/1188 1784/2274/5
f 1776/2266/1188 1777/2267/1190 1784/2274/5
f 1777/2267/1190 1778/2268/1192 1784/2274/5
f 1778/2268/1192 1779/2269/1194 1784/2274/5
f 1779/2269/1194 1780/2270/1196 1784/2274/5
f 1780/2270/1196 1781/2271/1198 1784/2274/5
f 1781/2271/1198 1782/2272/1200 1784/2274/5
f 1782/2272/1200 1783/2273/1202 1784/2274/5
f 1783/2273/1202 1772/2262/1179 1784/2274/5
f 1785/2275/5 1786/2276/1203 1787/2277/1204 1788/2278/5
f 1789/2279/5 1785/2275/5 1788/2278/5 1790/2280/5
f 1790/2281/1205 1788/2282/1206 1791/2283/1206 1792/2284/1205
f 1793/2285/1207 1787/2277/1204 1786/2276/1203 1794/2286/1208
f 1793/2285/1207 1794/2286/1208 1795/2287/1209 1796/2288/1210
f 1796/2288/1210 1795/2287/1209 1797/2289/115 1798/2290/1211
f 1797/2289/1212 1795/2287/1213 1799/2291/1214
f 1795/2287/1213 1794/2286/1215 1800/2292/1216
f 1793/2293/1217 1796/2294/1218 1801/2295/1219
f 1801/2295/1219 1802/2296/1220 1803/2297/1221 1804/2298/1222
f 1805/2299/91 1806/2300/91 1807/2301/91 1808/2302/91
f 1809/2303/1223 1810/2304/1224 1811/2305/1225 1812/2306/1226
f 1812/2306/1226 1811/2305/1225 1813/2307/1227 1814/2308/1227
f 1809/2303/1223 1815/2309/1228 1800/2292/1216 1810/2304/1224
f 1816/2310/1206 1791/2283/1206 1804/2298/1222 1803/2297/1221
f 1817/2311/1229 1796/2294/1218 1798/2312/1230
f 1791/2283/1206 1816/2310/1206 1818/2313/1205 1792/2284/1205
f 1800/2292/1216 1815/2309/1228 1799/2291/1214 1795/2287/1213
f 1801/2295/1219 1796/2294/1218 1817/2311/1229 1802/2296/1220
f 1793/2293/1217 1801/2295/1219 1804/2298/1222 1787/2314/1231
f 1807/2301/91 1819/2315/91 1820/2316/91 1808/2302/91
f 1810/2304/1224 1786/2276/1232 1785/2275/1233 1811/2305/1225
f 1821/2317/1234 1822/2318/1234 1823/2319/1235 1824/2320/1235
f 1810/2304/1224 1800/2292/1216 1794/2286/1215 1786/2276/1232
f 1791/2283/1206 1788/2282/1206 1787/2314/1231 1804/2298/1222
f 1825/2321/5 1785/2322/5 1789/2323/5 1826/2324/5
f 1827/2325/91 1819/2326/91 1807/2327/91 1828/2328/91
f 1829/2329/57 1828/2330/57 1807/2331/57 1830/2332/57
f 1831/2333/1236 1811/2334/1237 1785/2322/1237 1825/2321/1236
f 1832/2335/5 1833/2336/5 1827/2325/5 1834/2337/5
f 1827/2325/91 1828/2328/91 1835/2338/91 1834/2337/91
f 1836/2339/57 1831/2340/57 1821/2341/57 1837/2342/57
f 1831/2333/1236 1825/2321/1236 1822/2318/1234 1821/2317/1234
f 1838/2343/5 1789/2279/5 1790/2280/5 1839/2344/5
f 1790/2281/1205 1792/2284/1205 1840/2345/1238 1839/2346/1238
f 1813/2307/1227 1830/2347/1227 1841/2348/1227 1814/2308/1227
f 1818/2313/1205 1842/2349/1238 1840/2345/1238 1792/2284/1205
f 1824/2350/1239 1823/2319/1239 1843/2351/1240 1844/2352/1240
f 1826/2324/5 1789/2323/5 1838/2353/5 1833/2336/5
f 1831/2340/57 1836/2339/57 1813/2354/57 1811/2355/57
f 1823/2319/5 1822/2318/5 1845/2356/5
f 1846/2357/57 1837/2342/57 1824/2350/57 1844/2352/57
f 1836/2339/57 1829/2329/57 1830/2332/57 1813/2354/57
f 1832/2335/5 1843/2351/5 1823/2319/5 1845/2356/5
f 1839/2346/1238 1840/2345/1238 1808/2302/1238 1820/2316/1238
f 1830/2347/1227 1807/2301/1227 1806/2300/1227 1841/2348/1227
f 1842/2349/1238 1805/2299/1238 1808/2302/1238 1840/2345/1238
f 1844/2352/1240 1843/2351/1240 1847/2358/1241 1848/2359/1241
f 1833/2336/5 1838/2353/5 1819/2326/5 1827/2325/5
f 1835/2360/57 1846/2357/57 1844/2352/57 1848/2359/57
f 1843/2351/5 1832/2335/5 1834/2337/5 1847/2358/5
f 1834/2337/91 1835/2338/91 1848/2361/91 1847/2358/91
f 1821/2341/57 1824/2350/57 1837/2342/57
f 1826/2324/5 1845/2356/5 1822/2318/5 1825/2321/5
f 1837/2342/57 1846/2357/57 1829/2329/57 1836/2339/57
f 1833/2336/5 1832/2335/5 1845/2356/5 1826/2324/5
f 1846/2357/57 1835/2360/57 1828/2330/57 1829/2329/57
f 1839/2344/5 1820/2316/5 1819/2315/5 1838/2343/5
f 1849/2362/57 1850/2363/57 1851/2364/1242 1852/2365/1243
f 1850/2363/57 1849/2362/57 1853/2366/57 1854/2367/57
f 1855/2368/1206 1850/2369/1206 1854/2370/1205 1856/2371/1205
f 1857/2372/1244 1858/2373/1245 1852/2365/1243 1851/2364/1242
f 1859/2374/1246 1858/2373/1245 1857/2372/1244 1860/2375/1247
f 1797/2289/115 1859/2374/1246 1860/2375/1247 1798/2290/1211
f 1797/2289/1212 1799/2291/1214 1859/2374/1248
f 1859/2374/1248 1861/2376/1249 1858/2373/1250
f 1857/2377/1251 1862/2378/1252 1860/2379/1253
f 1862/2378/1252 1863/2380/1254 1803/2297/1221 1802/2296/1220
f 1864/2381/91 1806/2300/91 1805/2299/91 1865/2382/91
f 1866/2383/1225 1867/2384/1255 1809/2303/1223 1812/2306/1226
f 1868/2385/1227 1866/2383/1225 1812/2306/1226 1814/2308/1227
f 1809/2303/1223 1867/2384/1255 1861/2376/1249 1815/2309/1228
f 1863/2380/1254 1855/2368/1206 1816/2310/1206 1803/2297/1221
f 1817/2311/1229 1798/2312/1230 1860/2379/1253
f 1818/2313/1205 1816/2310/1206 1855/2368/1206 1856/2371/1205
f 1799/2291/1214 1815/2309/1228 1861/2376/1249 1859/2374/1248
f 1817/2311/1229 1860/2379/1253 1862/2378/1252 1802/2296/1220
f 1857/2377/1251 1851/2386/1231 1863/2380/1254 1862/2378/1252
f 1869/2387/91 1870/2388/91 1864/2381/91 1865/2382/91
f 1849/2362/1233 1852/2365/1232 1867/2384/1255 1866/2383/1225
f 1871/2389/1235 1872/2390/1234 1873/2391/1234 1874/2392/1235
f 1867/2384/1255 1852/2365/1232 1858/2373/1250 1861/2376/1249
f 1851/2386/1231 1850/2369/1206 1855/2368/1206 1863/2380/1254
f 1875/2393/57 1876/2394/57 1853/2395/57 1849/2396/57
f 1864/2397/91 1870/2398/91 1877/2399/91 1878/2400/91
f 1879/2401/5 1880/2402/5 1864/2403/5 1878/2404/5
f 1849/2396/1237 1866/2405/1237 1881/2406/1236 1875/2393/1236
f 1882/2407/57 1883/2408/57 1877/2399/57 1884/2409/57
f 1885/2410/91 1878/2400/91 1877/2399/91 1883/2408/91
f 1886/2411/5 1887/2412/5 1873/2413/5 1881/2414/5
f 1872/2390/1234 1875/2393/1236 1881/2406/1236 1873/2391/1234
f 1888/2415/57 1889/2416/57 1854/2367/57 1853/2366/57
f 1890/2417/1238 1856/2371/1205 1854/2370/1205 1889/2418/1238
f 1841/2348/1227 1880/2419/1227 1868/2385/1227 1814/2308/1227
f 1890/2417/1238 1842/2349/1238 1818/2313/1205 1856/2371/1205
f 1891/2420/1240 1871/2389/1239 1874/2421/1239 1892/2422/1240
f 1876/2394/57 1884/2409/57 1888/2423/57 1853/2395/57
f 1881/2414/5 1866/2424/5 1868/2425/5 1886/2411/5
f 1871/2389/57 1893/2426/57 1872/2390/57
f 1894/2427/5 1892/2422/5 1874/2421/5 1887/2412/5
f 1886/2411/5 1868/2425/5 1880/2402/5 1879/2401/5
f 1882/2407/57 1893/2426/57 1871/2389/57 1891/2420/57
f 1865/2382/1238 1890/2417/1238 1889/2418/1238 1869/2387/1238
f 1806/2300/1227 1864/2381/1227 1880/2419/1227 1841/2348/1227
f 1865/2382/1238 1805/2299/1238 1842/2349/1238 1890/2417/1238
f 1895/2428/1241 1891/2420/1240 1892/2422/1240 1896/2429/1241
f 1870/2398/57 1888/2423/57 1884/2409/57 1877/2399/57
f 1885/2430/5 1896/2429/5 1892/2422/5 1894/2427/5
f 1891/2420/57 1895/2428/57 1883/2408/57 1882/2407/57
f 1896/2431/91 1885/2410/91 1883/2408/91 1895/2428/91
f 1873/2413/5 1887/2412/5 1874/2421/5
f 1876/2394/57 1875/2393/57 1872/2390/57 1893/2426/57
f 1887/2412/5 1886/2411/5 1879/2401/5 1894/2427/5
f 1884/2409/57 1876/2394/57 1893/2426/57 1882/2407/57
f 1878/2404/5 1885/2430/5 1894/2427/5 1879/2401/5
f 1889/2416/57 1888/2415/57 1870/2388/57 1869/2387/57
f 1897/2432/1256 1898/2433/1257 1899/2434/1258
f 1897/2432/1256 1899/2434/1258 1900/2435/1259
f 1897/2432/1256 1900/2435/1259 1901/2436/1260
f 1897/2432/1256 1901/2436/1260 1902/2437/1261
f 1897/2432/1256 1902/2437/1261 1903/2438/1262
f 1897/2432/1256 1903/2438/1262 1904/2439/1263
f 1897/2432/1256 1904/2439/1263 1905/2440/1264
f 1897/2432/1256 1905/2440/1264 1906/2441/1265
f 1897/2432/1256 1906/2441/1265 1907/2442/1266
f 1897/2432/1256 1907/2442/1266 1908/2443/1267
f 1897/2432/1256 1908/2443/1267 1909/2444/1268
f 1897/2432/1256 1909/2444/1268 1898/2433/1257
f 1910/2445/1269 1911/2446/1270 1899/2434/1258 1898/2433/1257
f 1911/2446/1270 1912/2447/1271 1900/2435/1259 1899/2434/1258
f 1912/2447/1271 1913/2448/1272 1901/2436/1260 1900/2435/1259
f 1913/2448/1272 1914/2449/1273 1902/2437/1261 1901/2436/1260
f 1914/2449/1273 1915/2450/1274 1903/2438/1262 1902/2437/1261
f 1915/2450/1274 1916/2451/1275 1904/2439/1263 1903/2438/1262
f 1916/2451/1275 1917/2452/1276 1905/2440/1264 1904/2439/1263
f 1917/2452/1276 1918/2453/1277 1906/2441/1265 1905/2440/1264
f 1918/2453/1277 1919/2454/1278 1907/2442/1266 1906/2441/1265
f 1919/2454/1278 1920/2455/1279 1908/2443/1267 1907/2442/1266
f 1920/2455/1279 1921/2456/1280 1909/2444/1268 1908/2443/1267
f 1921/2456/1280 1910/2445/1269 1898/2433/1257 1909/2444/1268
f 1922/2457/1281 1923/2458/1282 1911/2446/1270 1910/2445/1269
f 1923/2458/1282 1924/2459/1283 1912/2447/1271 1911/2446/1270
f 1924/2459/1283 1925/2460/1284 1913/2448/1272 1912/2447/1271
f 1925/2460/1284 1926/2461/1285 1914/2449/1273 1913/2448/1272
f 1926/2461/1285 1927/2462/1286 1915/2450/1274 1914/2449/1273
f 1927/2462/1286 1928/2463/1287 1916/2451/1275 1915/2450/1274
f 1928/2463/1287 1929/2464/1288 1917/2452/1276 1916/2451/1275
f 1929/2464/1288 1930/2465/1289 1918/2453/1277 1917/2452/1276
f 1930/2465/1289 1931/2466/1290 1919/2454/1278 1918/2453/1277
f 1931/2466/1290 1932/2467/1291 1920/2455/1279 1919/2454/1278
f 1920/2455/1279 1932/2467/1291 1933/2468/1292 1921/2456/1280
f 1921/2456/1280 1933/2468/1292 1922/2457/1281 1910/2445/1269
f 1934/2469/1256 1935/2470/1257 1936/2471/1258
f 1934/2469/1256 1936/2471/1258 1937/2472/1259
f 1934/2469/1256 1937/2472/1259 1938/2473/1260
f 1934/2469/1256 1938/2473/1260 1939/2474/1261
f 1934/2469/1256 1939/2474/1261 1940/2475/1262
f 1934/2469/1256 1940/2475/1262 1941/2476/1263
f 1934/2469/1256 1941/2476/1263 1942/2477/1293
f 1934/2469/1256 1942/2477/1293 1943/2478/1265
f 1934/2469/1256 1943/2478/1265 1944/2479/1266
f 1934/2469/1256 1944/2479/1266 1945/2480/1267
f 1934/2469/1256 1945/2480/1267 1946/2481/1268
f 1934/2469/1256 1946/2481/1268 1935/2470/1257
f 1947/2482/1269 1948/2483/1294 1936/2471/1258 1935/2470/1257
f 1948/2483/1294 1949/2484/1271 1937/2472/1259 1936/2471/1258
f 1949/2484/1271 1950/2485/1272 1938/2473/1260 1937/2472/1259
f 1950/2485/1272 1951/2486/1273 1939/2474/1261 1938/2473/1260
f 1951/2486/1273 1952/2487/1274 1940/2475/1262 1939/2474/1261
f 1952/2487/1274 1953/2488/1275 1941/2476/1263 1940/2475/1262
f 1953/2488/1275 1954/2489/1276 1942/2477/1293 1941/2476/1263
f 1954/2489/1276 1955/2490/1277 1943/2478/1265 1942/2477/1293
f 1955/2490/1277 1956/2491/1278 1944/2479/1266 1943/2478/1265
f 1956/2491/1278 1957/2492/1279 1945/2480/1267 1944/2479/1266
f 1957/2492/1279 1958/2493/1280 1946/2481/1268 1945/2480/1267
f 1958/2493/1280 1947/2482/1269 1935/2470/1257 1946/2481/1268
f 1959/2494/1281 1960/2495/1282 1948/2483/1294 1947/2482/1269
f 1960/2495/1282 1961/2496/1283 1949/2484/1271 1948/2483/1294
f 1961/2496/1283 1962/2497/1284 1950/2485/1272 1949/2484/1271
f 1962/2497/1284 1963/2498/1295 1951/2486/1273 1950/2485/1272
f 1963/2498/1295 1964/2499/1286 1952/2487/1274 1951/2486/1273
f 1964/2499/1286 1965/2500/1287 1953/2488/1275 1952/2487/1274
f 1965/2500/1287 1966/2501/1288 1954/2489/1276 1953/2488/1275
f 1966/2501/1288 1967/2502/1296 1955/2490/1277 1954/2489/1276
f 1967/2502/1296 1968/2503/1290 1956/2491/1278 1955/2490/1277
f 1968/2503/1290 1969/2504/1291 1957/2492/1279 1956/2491/1278
f 1957/2492/1279 1969/2504/1291 1970/2505/1292 1958/2493/1280
f 1958/2493/1280 1970/2505/1292 1959/2494/1281 1947/2482/1269
f 1971/2506/1297 1972/2507/1298 1973/2508/1299
f 1971/2506/1297 1973/2508/1299 1974/2509/1300
f 1971/2506/1297 1974/2509/1300 1975/2510/1301
f 1971/2506/1297 1975/2510/1301 1976/2511/1302
f 1971/2506/1297 1976/2511/1302 1977/2512/1303
f 1971/2506/1297 1977/2512/1303 1978/2513/1304
f 1971/2506/1297 1978/2513/1304 1979/2514/1305
f 1971/2506/1297 1979/2514/1305 1980/2515/1306
f 1971/2506/1297 1980/2515/1306 1981/2516/1307
f 1971/2506/1297 1981/2516/1307 1982/2517/1308
f 1971/2506/1297 1982/2517/1308 1983/2518/1309
f 1971/2506/1297 1983/2518/1309 1972/2507/1298
f 1984/2519/1310 1985/2520/1311 1973/2508/1299 1972/2507/1298
f 1985/2520/1311 1986/2521/1312 1974/2509/1300 1973/2508/1299
f 1986/2521/1312 1987/2522/1313 1975/2510/1301 1974/2509/1300
f 1987/2522/1313 1988/2523/1314 1976/2511/1302 1975/2510/1301
f 1988/2523/1314 1989/2524/1315 1977/2512/1303 1976/2511/1302
f 1989/2524/1315 1990/2525/1316 1978/2513/1304 1977/2512/1303
f 1990/2525/1316 1991/2526/1317 1979/2514/1305 1978/2513/1304
f 1991/2526/1317 1992/2527/1318 1980/2515/1306 1979/2514/1305
f 1992/2527/1318 1993/2528/1319 1981/2516/1307 1980/2515/1306
f 1993/2528/1319 1994/2529/1320 1982/2517/1308 1981/2516/1307
f 1994/2529/1320 1995/2530/1321 1983/2518/1309 1982/2517/1308
f 1995/2530/1321 1984/2519/1310 1972/2507/1298 1983/2518/1309
f 1996/2531/1322 1997/2532/1323 1985/2520/1311 1984/2519/1310
f 1997/2532/1323 1998/2533/1324 1986/2521/1312 1985/2520/1311
f 1998/2533/1324 1999/2534/1325 1987/2522/1313 1986/2521/1312
f 1999/2534/1325 2000/2535/1326 1988/2523/1314 1987/2522/1313
f 2000/2535/1326 2001/2536/1327 1989/2524/1315 1988/2523/1314
f 2001/2536/1327 2002/2537/1328 1990/2525/1316 1989/2524/1315
f 2002/2537/1328 2003/2538/1329 1991/2526/1317 1990/2525/1316
f 2003/2538/1329 2004/2539/1330 1992/2527/1318 1991/2526/1317
f 2004/2539/1330 2005/2540/1331 1993/2528/1319 1992/2527/1318
f 2005/2540/1331 2006/2541/1332 1994/2529/1320 1993/2528/1319
f 1994/2529/1320 2006/2541/1332 2007/2542/1333 1995/2530/1321
f 1995/2530/1321 2007/2542/1333 1996/2531/1322 1984/2519/1310
f 2008/2543/1297 2009/2544/1298 2010/2545/1299
f 2008/2543/1297 2010/2545/1299 2011/2546/1334
f 2008/2543/1297 2011/2546/1334 2012/2547/1301
f 2008/2543/1297 2012/2547/1301 2013/2548/1302
f 2008/2543/1297 2013/2548/1302 2014/2549/1303
f 2008/2543/1297 2014/2549/1303 2015/2550/1304
f 2008/2543/1297 2015/2550/1304 2016/2551/1305
f 2008/2543/1297 2016/2551/1305 2017/2552/1306
f 2008/2543/1297 2017/2552/1306 2018/2553/1307
f 2008/2543/1297 2018/2553/1307 2019/2554/1308
f 2008/2543/1297 2019/2554/1308 2020/2555/1309
f 2008/2543/1297 2020/2555/1309 2009/2544/1298
f 2021/2556/1310 2022/2557/1311 2010/2545/1299 2009/2544/1298
f 2022/2557/1311 2023/2558/1312 2011/2546/1334 2010/2545/1299
f 2023/2558/1312 2024/2559/1313 2012/2547/1301 2011/2546/1334
f 2024/2559/1313 2025/2560/1314 2013/2548/1302 2012/2547/1301
f 2025/2560/1314 2026/2561/1315 2014/2549/1303 2013/2548/1302
f 2026/2561/1315 2027/2562/1316 2015/2550/1304 2014/2549/1303
f 2027/2562/1316 2028/2563/1317 2016/2551/1305 2015/2550/1304
f 2028/2563/1317 2029/2564/1318 2017/2552/1306 2016/2551/1305
f 2029/2564/1318 2030/2565/1319 2018/2553/1307 2017/2552/1306
f 2030/2565/1319 2031/2566/1335 2019/2554/1308 2018/2553/1307
f 2031/2566/1335 2032/2567/1321 2020/2555/1309 2019/2554/1308
f 2032/2567/1321 2021/2556/1310 2009/2544/1298 2020/2555/1309
f 2033/2568/1322 2034/2569/1323 2022/2557/1311 2021/2556/1310
f 2034/2569/1323 2035/2570/1336 2023/2558/1312 2022/2557/1311
f 2035/2570/1336 2036/2571/1325 2024/2559/1313 2023/2558/1312
f 2036/2571/1325 2037/2572/1326 2025/2560/1314 2024/2559/1313
f 2037/2572/1326 2038/2573/1327 2026/2561/1315 2025/2560/1314
f 2038/2573/1327 2039/2574/1328 2027/2562/1316 2026/2561/1315
f 2039/2574/1328 2040/2575/1329 2028/2563/1317 2027/2562/1316
f 2040/2575/1329 2041/2576/1330 2029/2564/1318 2028/2563/1317
f 2041/2576/1330 2042/2577/1331 2030/2565/1319 2029/2564/1318
f 2042/2577/1331 2043/2578/1332 2031/2566/1335 2030/2565/1319
f 2043/2578/1332 2044/2579/1333 2032/2567/1321 2031/2566/1335
f 2032/2567/1321 2044/2579/1333 2033/2568/1322 2021/2556/1310
f 2045/2580/1297 2046/2581/1298 2047/2582/1299
f 2045/2580/1297 2047/2582/1299 2048/2583/1300
f 2045/2580/1297 2048/2583/1300 2049/2584/1301
f 2045/2580/1297 2049/2584/1301 2050/2585/1302
f 2045/2580/1297 2050/2585/1302 2051/2586/1303
f 2045/2580/1297 2051/2586/1303 2052/2587/1304
f 2045/2580/1297 2052/2587/1304 2053/2588/1305
f 2045/2580/1297 2053/2588/1305 2054/2589/1306
f 2045/2580/1297 2054/2589/1306 2055/2590/1307
f 2045/2580/1297 2055/2590/1307 2056/2591/1308
f 2045/2580/1297 2056/2591/1308 2057/2592/1309
f 2045/2580/1297 2057/2592/1309 2046/2581/1298
f 2058/2593/1310 2059/2594/1311 2047/2582/1299 2046/2581/1298
f 2059/2594/1311 2060/2595/1312 2048/2583/1300 2047/2582/1299
f 2060/2595/1312 2061/2596/1313 2049/2584/1301 2048/2583/1300
f 2061/2596/1313 2062/2597/1314 2050/2585/1302 2049/2584/1301
f 2062/2597/1314 2063/2598/1315 2051/2586/1303 2050/2585/1302
f 2063/2598/1315 2064/2599/1316 2052/2587/1304 2051/2586/1303
f 2064/2599/1316 2065/2600/1317 2053/2588/1305 2052/2587/1304
f 2065/2600/1317 2066/2601/1318 2054/2589/1306 2053/2588/1305
f 2066/2601/1318 2067/2602/1319 2055/2590/1307 2054/2589/1306
f 2067/2602/1319 2068/2603/1335 2056/2591/1308 2055/2590/1307
f 2068/2603/1335 2069/2604/1321 2057/2592/1309 2056/2591/1308
f 2069/2604/1321 2058/2593/1310 2046/2581/1298 2057/2592/1309
f 2070/2605/1322 2071/2606/1323 2059/2594/1311 2058/2593/1310
f 2071/2606/1323 2072/2607/1336 2060/2595/1312 2059/2594/1311
f 2072/2607/1336 2073/2608/1325 2061/2596/1313 2060/2595/1312
f 2073/2608/1325 2074/2609/1326 2062/2597/1314 2061/2596/1313
f 2074/2609/1326 2075/2610/1327 2063/2598/1315 2062/2597/1314
f 2075/2610/1327 2076/2611/1328 2064/2599/1316 2063/2598/1315
f 2076/2611/1328 2077/2612/1329 2065/2600/1317 2064/2599/1316
f 2077/2612/1329 2078/2613/1330 2066/2601/1318 2065/2600/1317
f 2078/2613/1330 2079/2614/1331 2067/2602/1319 2066/2601/1318
f 2079/2614/1331 2080/2615/1332 2068/2603/1335 2067/2602/1319
f 2080/2615/1332 2081/2616/1333 2069/2604/1321 2068/2603/1335
f 2069/2604/1321 2081/2616/1333 2070/2605/1322 2058/2593/1310
f 2082/2617/1337 2083/2618/1338 2084/2619/1339
f 2082/2617/1337 2085/2620/1340 2083/2618/1338
f 2082/2617/1337 2086/2621/1341 2085/2620/1340
f 2082/2617/1337 2087/2622/1342 2086/2621/1341
f 2082/2617/1337 2088/2623/1343 2087/2622/1342
f 2082/2617/1337 2089/2624/1344 2088/2623/1343
f 2082/2617/1337 2090/2625/1345 2089/2624/1344
f 2082/2617/1337 2091/2626/1346 2090/2625/1345
f 2082/2617/1337 2092/2627/1347 2091/2626/1346
f 2082/2617/1337 2093/2628/1348 2092/2627/1347
f 2082/2617/1337 2094/2629/1349 2093/2628/1348
f 2082/2617/1337 2084/2619/1339 2094/2629/1349
f 2083/2618/1338 2095/2630/1350 2096/2631/1351 2084/2619/1339
f 2085/2620/1340 2097/2632/1352 2095/2630/1350 2083/2618/1338
f 2086/2621/1341 2098/2633/1353 2097/2632/1352 2085/2620/1340
f 2087/2622/1342 2099/2634/1354 2098/2633/1353 2086/2621/1341
f 2088/2623/1343 2100/2635/1355 2099/2634/1354 2087/2622/1342
f 2089/2624/1344 2101/2636/1356 2100/2635/1355 2088/2623/1343
f 2090/2625/1345 2102/2637/1357 2101/2636/1356 2089/2624/1344
f 2091/2626/1346 2103/2638/1358 2102/2637/1357 2090/2625/1345
f 2092/2627/1347 2104/2639/1359 2103/2638/1358 2091/2626/1346
f 2093/2628/1348 2105/2640/1360 2104/2639/1359 2092/2627/1347
f 2094/2629/1349 2106/2641/1361 2105/2640/1360 2093/2628/1348
f 2084/2619/1339 2096/2631/1351 2106/2641/1361 2094/2629/1349
f 2095/2630/1350 2107/2642/1362 2108/2643/1363 2096/2631/1351
f 2097/2632/1352 2109/2644/1364 2107/2642/1362 2095/2630/1350
f 2098/2633/1353 2110/2645/1365 2109/2644/1364 2097/2632/1352
f 2099/2634/1354 2111/2646/1366 2110/2645/1365 2098/2633/1353
f 2100/2635/1355 2112/2647/1367 2111/2646/1366 2099/2634/1354
f 2101/2636/1356 2113/2648/1368 2112/2647/1367 2100/2635/1355
f 2102/2637/1357 2114/2649/1369 2113/2648/1368 2101/2636/1356
f 2103/2638/1358 2115/2650/1370 2114/2649/1369 2102/2637/1357
f 2104/2639/1359 2116/2651/1371 2115/2650/1370 2103/2638/1358
f 2105/2640/1360 2117/2652/1372 2116/2651/1371 2104/2639/1359
f 2105/2640/1360 2106/2641/1361 2118/2653/1373 2117/2652/1372
f 2106/2641/1361 2096/2631/1351 2108/2643/1363 2118/2653/1373
f 2119/2654/1337 2120/2655/1338 2121/2656/1339
f 2119/2654/1337 2122/2657/1340 2120/2655/1338
f 2119/2654/1337 2123/2658/1341 2122/2657/1340
f 2119/2654/1337 2124/2659/1342 2123/2658/1341
f 2119/2654/1337 2125/2660/1343 2124/2659/1342
f 2119/2654/1337 2126/2661/1344 2125/2660/1343
f 2119/2654/1337 2127/2662/1374 2126/2661/1344
f 2119/2654/1337 2128/2663/1346 2127/2662/1374
f 2119/2654/1337 2129/2664/1347 2128/2663/1346
f 2119/2654/1337 2130/2665/1348 2129/2664/1347
f 2119/2654/1337 2131/2666/1349 2130/2665/1348
f 2119/2654/1337 2121/2656/1339 2131/2666/1349
f 2120/2655/1338 2132/2667/1350 2133/2668/1351 2121/2656/1339
f 2122/2657/1340 2134/2669/1352 2132/2667/1350 2120/2655/1338
f 2123/2658/1341 2135/2670/1353 2134/2669/1352 2122/2657/1340
f 2124/2659/1342 2136/2671/1354 2135/2670/1353 2123/2658/1341
f 2125/2660/1343 2137/2672/1355 2136/2671/1354 2124/2659/1342
f 2126/2661/1344 2138/2673/1356 2137/2672/1355 2125/2660/1343
f 2127/2662/1374 2139/2674/1357 2138/2673/1356 2126/2661/1344
f 2128/2663/1346 2140/2675/1375 2139/2674/1357 2127/2662/1374
f 2129/2664/1347 2141/2676/1359 2140/2675/1375 2128/2663/1346
f 2130/2665/1348 2142/2677/1360 2141/2676/1359 2129/2664/1347
f 2131/2666/1349 2143/2678/1361 2142/2677/1360 2130/2665/1348
f 2121/2656/1339 2133/2668/1351 2143/2678/1361 2131/2666/1349
f 2132/2667/1350 2144/2679/1362 2145/2680/1363 2133/2668/1351
f 2134/2669/1352 2146/2681/1364 2144/2679/1362 2132/2667/1350
f 2135/2670/1353 2147/2682/1365 2146/2681/1364 2134/2669/1352
f 2136/2671/1354 2148/2683/1376 2147/2682/1365 2135/2670/1353
f 2137/2672/1355 2149/2684/1377 2148/2683/1376 2136/2671/1354
f 2138/2673/1356 2150/2685/1368 2149/2684/1377 2137/2672/1355
f 2139/2674/1357 2151/2686/1369 2150/2685/1368 2138/2673/1356
f 2140/2675/1375 2152/2687/1378 2151/2686/1369 2139/2674/1357
f 2141/2676/1359 2153/2688/1371 2152/2687/1378 2140/2675/1375
f 2142/2677/1360 2154/2689/1372 2153/2688/1371 2141/2676/1359
f 2142/2677/1360 2143/2678/1361 2155/2690/1373 2154/2689/1372
f 2143/2678/1361 2133/2668/1351 2145/2680/1363 2155/2690/1373
f 2156/2691/1379 2157/2692/1380 2158/2693/1381
f 2156/2691/1379 2159/2694/1382 2157/2692/1380
f 2156/2691/1379 2160/2695/1383 2159/2694/1382
f 2156/2691/1379 2161/2696/1384 2160/2695/1383
f 2156/2691/1379 2162/2697/1385 2161/2696/1384
f 2156/2691/1379 2163/2698/1386 2162/2697/1385
f 2156/2691/1379 2164/2699/1387 2163/2698/1386
f 2156/2691/1379 2165/2700/1388 2164/2699/1387
f 2156/2691/1379 2166/2701/1389 2165/2700/1388
f 2156/2691/1379 2167/2702/1390 2166/2701/1389
f 2156/2691/1379 2168/2703/1391 2167/2702/1390
f 2156/2691/1379 2158/2693/1381 2168/2703/1391
f 2157/2692/1380 2169/2704/1392 2170/2705/1393 2158/2693/1381
f 2159/2694/1382 2171/2706/1394 2169/2704/1392 2157/2692/1380
f 2160/2695/1383 2172/2707/1395 2171/2706/1394 2159/2694/1382
f 2161/2696/1384 2173/2708/1396 2172/2707/1395 2160/2695/1383
f 2162/2697/1385 2174/2709/1397 2173/2708/1396 2161/2696/1384
f 2163/2698/1386 2175/2710/1398 2174/2709/1397 2162/2697/1385
f 2164/2699/1387 2176/2711/1399 2175/2710/1398 2163/2698/1386
f 2165/2700/1388 2177/2712/1400 2176/2711/1399 2164/2699/1387
f 2166/2701/1389 2178/2713/1401 2177/2712/1400 2165/2700/1388
f 2167/2702/1390 2179/2714/1402 2178/2713/1401 2166/2701/1389
f 2168/2703/1391 2180/2715/1403 2179/2714/1402 2167/2702/1390
f 2158/2693/1381 2170/2705/1393 2180/2715/1403 2168/2703/1391
f 2169/2704/1392 2181/2716/1404 2182/2717/1405 2170/2705/1393
f 2171/2706/1394 2183/2718/1406 2181/2716/1404 2169/2704/1392
f 2172/2707/1395 2184/2719/1407 2183/2718/1406 2171/2706/1394
f 2173/2708/1396 2185/2720/1408 2184/2719/1407 2172/2707/1395
f 2174/2709/1397 2186/2721/1409 2185/2720/1408 2173/2708/1396
f 2175/2710/1398 2187/2722/1410 2186/2721/1409 2174/2709/1397
f 2176/2711/1399 2188/2723/1411 2187/2722/1410 2175/2710/1398
f 2177/2712/1400 2189/2724/1412 2188/2723/1411 2176/2711/1399
f 2178/2713/1401 2190/2725/1413 2189/2724/1412 2177/2712/1400
f 2179/2714/1402 2191/2726/1414 2190/2725/1413 2178/2713/1401
f 2180/2715/1403 2192/2727/1415 2191/2726/1414 2179/2714/1402
f 2180/2715/1403 2170/2705/1393 2182/2717/1405 2192/2727/1415
f 2193/2728/1379 2194/2729/1380 2195/2730/1381
f 2193/2728/1379 2196/2731/1382 2194/2729/1380
f 2193/2728/1379 2197/2732/1383 2196/2731/1382
f 2193/2728/1379 2198/2733/1384 2197/2732/1383
f 2193/2728/1379 2199/2734/1416 2198/2733/1384
f 2193/2728/1379 2200/2735/1386 2199/2734/1416
f 2193/2728/1379 2201/2736/1387 2200/2735/1386
f 2193/2728/1379 2202/2737/1388 2201/2736/1387
f 2193/2728/1379 2203/2738/1389 2202/2737/1388
f 2193/2728/1379 2204/2739/1390 2203/2738/1389
f 2193/2728/1379 2205/2740/1391 2204/2739/1390
f 2193/2728/1379 2195/2730/1381 2205/2740/1391
f 2194/2729/1380 2206/2741/1392 2207/2742/1393 2195/2730/1381
f 2196/2731/1382 2208/2743/1394 2206/2741/1392 2194/2729/1380
f 2197/2732/1383 2209/2744/1395 2208/2743/1394 2196/2731/1382
f 2198/2733/1384 2210/2745/1396 2209/2744/1395 2197/2732/1383
f 2199/2734/1416 2211/2746/1397 2210/2745/1396 2198/2733/1384
f 2200/2735/1386 2212/2747/1398 2211/2746/1397 2199/2734/1416
f 2201/2736/1387 2213/2748/1399 2212/2747/1398 2200/2735/1386
f 2202/2737/1388 2214/2749/1400 2213/2748/1399 2201/2736/1387
f 2203/2738/1389 2215/2750/1401 2214/2749/1400 2202/2737/1388
f 2204/2739/1390 2216/2751/1402 2215/2750/1401 2203/2738/1389
f 2205/2740/1391 2217/2752/1403 2216/2751/1402 2204/2739/1390
f 2195/2730/1381 2207/2742/1393 2217/2752/1403 2205/2740/1391
f 2206/2741/1392 2218/2753/1404 2219/2754/1405 2207/2742/1393
f 2208/2743/1394 2220/2755/1417 2218/2753/1404 2206/2741/1392
f 2209/2744/1395 2221/2756/1407 2220/2755/1417 2208/2743/1394
f 2210/2745/1396 2222/2757/1408 2221/2756/1407 2209/2744/1395
f 2211/2746/1397 2223/2758/1409 2222/2757/1408 2210/2745/1396
f 2212/2747/1398 2224/2759/1410 2223/2758/1409 2211/2746/1397
f 2213/2748/1399 2225/2760/1411 2224/2759/1410 2212/2747/1398
f 2214/2749/1400 2226/2761/1412 2225/2760/1411 2213/2748/1399
f 2215/2750/1401 2227/2762/1413 2226/2761/1412 2214/2749/1400
f 2216/2751/1402 2228/2763/1414 2227/2762/1413 2215/2750/1401
f 2217/2752/1403 2229/2764/1415 2228/2763/1414 2216/2751/1402
f 2217/2752/1403 2207/2742/1393 2219/2754/1405 2229/2764/1415
f 2230/2765/1379 2231/2766/1380 2232/2767/1381
f 2230/2765/1379 2233/2768/1382 2231/2766/1380
f 2230/2765/1379 2234/2769/1383 2233/2768/1382
f 2230/2765/1379 2235/2770/1384 2234/2769/1383
f 2230/2765/1379 2236/2771/1416 2235/2770/1384
f 2230/2765/1379 2237/2772/1386 2236/2771/1416
f 2230/2765/1379 2238/2773/1387 2237/2772/1386
f 2230/2765/1379 2239/2774/1388 2238/2773/1387
f 2230/2765/1379 2240/2775/1389 2239/2774/1388
f 2230/2765/1379 2241/2776/1390 2240/2775/1389
f 2230/2765/1379 2242/2777/1391 2241/2776/1390
f 2230/2765/1379 2232/2767/1381 2242/2777/1391
f 2231/2766/1380 2243/2778/1392 2244/2779/1393 2232/2767/1381
f 2233/2768/1382 2245/2780/1394 2243/2778/1392 2231/2766/1380
f 2234/2769/1383 2246/2781/1395 2245/2780/1394 2233/2768/1382
f 2235/2770/1384 2247/2782/1396 2246/2781/1395 2234/2769/1383
f 2236/2771/1416 2248/2783/1397 2247/2782/1396 2235/2770/1384
f 2237/2772/1386 2249/2784/1398 2248/2783/1397 2236/2771/1416
f 2238/2773/1387 2250/2785/1399 2249/2784/1398 2237/2772/1386
f 2239/2774/1388 2251/2786/1400 2250/2785/1399 2238/2773/1387
f 2240/2775/1389 2252/2787/1401 2251/2786/1400 2239/2774/1388
f 2241/2776/1390 2253/2788/1402 2252/2787/1401 2240/2775/1389
f 2242/2777/1391 2254/2789/1403 2253/2788/1402 2241/2776/1390
f 2232/2767/1381 2244/2779/1393 2254/2789/1403 2242/2777/1391
f 2243/2778/1392 2255/2790/1404 2256/2791/1405 2244/2779/1393
f 2245/2780/1394 2257/2792/1417 2255/2790/1404 2243/2778/1392
f 2246/2781/1395 2258/2793/1407 2257/2792/1417 2245/2780/1394
f 2247/2782/1396 2259/2794/1408 2258/2793/1407 2246/2781/1395
f 2248/2783/1397 2260/2795/1409 2259/2794/1408 2247/2782/1396
f 2249/2784/1398 2261/2796/1410 2260/2795/1409 2248/2783/1397
f 2250/2785/1399 2262/2797/1411 2261/2796/1410 2249/2784/1398
f 2251/2786/1400 2263/2798/1412 2262/2797/1411 2250/2785/1399
f 2252/2787/1401 2264/2799/1413 2263/2798/1412 2251/2786/1400
f 2253/2788/1402 2265/2800/1414 2264/2799/1413 2252/2787/1401
f 2254/2789/1403 2266/2801/1415 2265/2800/1414 2253/2788/1402
f 2254/2789/1403 2244/2779/1393 2256/2791/1405 2266/2801/1415
f 2267/2802/1418 2268/2803/1418 2269/2804/1418 2270/2805/1418
f 2271/2806/1419 2272/2807/1419 2273/2808/1419 2274/2809/1419
f 2275/2810/25 2276/2811/25 2277/2812/1420 2278/2813/25
f 2279/2814/1421 2280/2815/1421 2281/2816/1421 2282/2817/1421
f 2267/2802/1418 2270/2805/1418 2283/2818/1418 2284/2819/1418
f 2285/2820/91 2286/2821/91 2287/2822/91 2288/2823/91
f 2289/2824/1422 2290/2825/1419 2291/2826/1419 2292/2827/1423
f 2293/2828/115 2273/2808/115 2267/2829/115 2284/2830/115
f 2294/2831/1424 2295/2832/1425 2296/2833/1426 2297/2834/1427
f 2298/2835/1428 2299/2836/1429 2300/2837/1429 2301/2838/1430
f 2302/2839/25 2303/2840/25 2299/2836/25 2298/2835/25
f 2304/2841/1431 2294/2842/1432 2297/2843/1433 2305/2844/1434
f 2297/2834/1427 2296/2833/1426 2287/2822/1435 2286/2845/1435
f 2295/2832/1425 2294/2831/1424 2306/2846/1436 2289/2824/1437
f 2307/2847/1438 2300/2837/1429 2299/2836/1429 2308/2848/1438
f 2292/2827/1423 2309/2849/1430 2295/2832/1439 2289/2824/1422
f 2308/2848/25 2299/2836/25 2303/2840/25 2310/2850/25
f 2311/2851/25 2302/2839/25 2298/2835/25 2312/2852/1440
f 2305/2844/1434 2297/2843/1433 2286/2853/1441 2285/2854/1441
f 2313/2855/1431 2302/2856/1442 2311/2857/1443 2314/2858/1443
f 2270/2805/1418 2269/2804/1418 2281/2816/1418 2315/2859/1418
f 2282/2817/1419 2271/2806/1419 2274/2809/1419 2290/2825/1419
f 2316/2860/1444 2277/2812/1420 2276/2811/25 2317/2861/25
f 2271/2806/1421 2269/2804/1421 2268/2803/1421 2272/2807/1421
f 2270/2805/1418 2315/2859/1418 2318/2862/1418 2283/2818/1418
f 2274/2809/1419 2273/2808/1419 2293/2828/1419 2319/2863/1419
f 2320/2864/1418 2276/2865/1418 2275/2866/1418 2321/2867/1418
f 2322/2868/91 2307/2847/91 2308/2848/91 2310/2869/91
f 2323/2870/1445 2324/2871/1446 2325/2872/1447 2326/2873/1447
f 2327/2874/115 2321/2875/115 2275/2876/115 2278/2813/115
f 2301/2838/1430 2300/2837/1429 2328/2877/1429 2329/2878/1428
f 2302/2856/1442 2313/2855/1431 2330/2879/1434 2303/2880/1434
f 2300/2837/1429 2307/2847/1438 2331/2881/1438 2328/2877/1429
f 2301/2838/1430 2332/2882/1448 2312/2852/1449 2298/2835/1428
f 2322/2883/1441 2310/2884/1441 2303/2880/1434 2330/2879/1434
f 2333/2885/1442 2313/2855/1431 2314/2858/1443 2334/2886/1443
f 2314/2858/1443 2311/2857/1443 2317/2887/1418 2335/2888/1418
f 2327/2874/1419 2278/2813/1419 2277/2812/1450 2336/2889/1451
f 2337/2890/1452 2277/2891/1420 2316/2892/1444 2338/2893/1453
f 2339/2894/1454 2312/2895/1449 2332/2896/1448 2340/2897/1454
f 2340/2897/1455 2332/2896/1456 2341/2898/1457 2342/2899/1458
f 2343/2900/1459 2336/2901/1451 2277/2891/1450 2337/2890/1459
f 2344/2902/1460 2345/2903/1461 2346/2904/1462 2347/2905/1463
f 2345/2903/1464 2348/2906/1464 2349/2907/1465 2346/2904/1465
f 2350/2908/1466 2351/2909/1467 2352/2910/1468 2353/2911/1469
f 2352/2912/1470 2354/2913/1470 2355/2914/1471 2353/2915/1471
f 2338/2893/1453 2339/2894/1472 2345/2903/1461 2344/2902/1460
f 2339/2894/1454 2340/2897/1454 2348/2906/1464 2345/2903/1464
f 2342/2899/1458 2343/2916/1473 2352/2910/1468 2351/2909/1467
f 2343/2900/1459 2337/2890/1459 2354/2913/1470 2352/2912/1470
f 2356/2917/1474 2357/2918/1475 2355/2914/1476 2347/2905/1477
f 2358/2919/1478 2346/2904/1465 2349/2907/1465 2359/2920/1479
f 2359/2920/1480 2349/2907/1481 2350/2908/1482 2360/2921/1483
f 2361/2922/1484 2353/2915/1471 2355/2914/1471 2357/2918/1485
f 2362/2923/1486 2363/2924/1487 2357/2918/1488 2356/2917/1489
f 2364/2925/1490 2358/2919/1478 2359/2920/1479 2365/2926/1491
f 2365/2926/1492 2359/2920/1493 2360/2921/1494 2366/2927/1495
f 2363/2924/1496 2367/2928/1497 2361/2922/1484 2357/2918/1485
f 2368/2929/1498 2369/2930/1499 2370/2931/1500
f 2368/2929/1501 2371/2932/1502 2372/2933/1503 2369/2930/1504
f 2326/2934/1505 2373/2935/1506 2372/2933/1507 2374/2936/1508
f 2375/2937/1509 2376/2938/1510 2377/2939/1511 2378/2940/1512
f 2379/2941/1513 2380/2942/1514 2381/2943/1515 2382/2944/1516
f 2379/2941/1517 2383/2945/1518 2384/2946/1519 2380/2942/1520
f 2385/2947/1521 2386/2948/1522 2387/2949/1523 2388/2950/1524
f 2386/2951/1525 2385/2952/1526 2389/2953/1527 2390/2954/1528
f 2306/2846/1436 2280/2955/91 2279/2814/91 2289/2824/1437
f 2283/2818/1418 2391/2956/1418 2392/2957/1418 2284/2819/1418
f 2285/2820/91 2288/2823/91 2331/2881/91 2393/2958/91
f 2319/2863/1419 2394/2959/1419 2395/2960/1419 2291/2826/1419
f 2333/2885/1442 2304/2841/1431 2305/2844/1434 2396/2961/1434
f 2309/2849/1430 2292/2827/1423 2397/2962/1529 2329/2878/1428
f 2396/2961/1434 2305/2844/1434 2285/2854/1441 2393/2963/1441
f 2398/2964/1443 2334/2886/1443 2399/2965/1418 2318/2862/1418
f 2293/2828/1419 2400/2966/1419 2394/2959/1419 2319/2863/1419
f 2309/2849/1430 2401/2967/1429 2296/2833/1530 2295/2832/1439
f 2401/2967/1429 2288/2823/1438 2287/2822/1438 2296/2833/1530
f 2294/2842/1432 2304/2841/1431 2398/2964/1443 2306/2968/1531
f 2284/2830/115 2392/2969/115 2400/2966/115 2293/2828/115
f 2268/2970/115 2267/2829/115 2273/2808/115 2272/2807/115
f 2329/2878/1428 2328/2877/1429 2401/2967/1429 2309/2849/1430
f 2328/2877/1429 2331/2881/1438 2288/2823/1438 2401/2967/1429
f 2304/2841/1431 2333/2885/1442 2334/2886/1443 2398/2964/1443
f 2391/2956/1418 2320/2864/1418 2321/2867/1418 2392/2957/1418
f 2393/2958/91 2331/2881/91 2307/2847/91 2322/2868/91
f 2394/2959/1419 2336/2889/1451 2341/2971/1419 2395/2960/1419
f 2313/2855/1431 2333/2885/1442 2396/2961/1434 2330/2879/1434
f 2329/2878/1428 2397/2962/1529 2332/2882/1448 2301/2838/1430
f 2330/2879/1434 2396/2961/1434 2393/2963/1441 2322/2883/1441
f 2334/2886/1443 2314/2858/1443 2335/2888/1418 2399/2965/1418
f 2400/2966/1419 2327/2874/1419 2336/2889/1451 2394/2959/1419
f 2392/2969/115 2321/2875/115 2327/2874/115 2400/2966/115
f 2382/2944/1516 2362/2923/1486 2364/2925/1532 2379/2941/1513
f 2379/2941/1517 2364/2925/1490 2365/2926/1491 2383/2945/1518
f 2366/2927/1495 2367/2972/1533 2385/2947/1521 2388/2950/1524
f 2367/2928/1497 2363/2924/1496 2389/2953/1527 2385/2952/1526
f 2381/2943/1515 2380/2942/1514 2368/2929/1498 2370/2931/1500
f 2380/2942/1520 2384/2946/1519 2371/2932/1502 2368/2929/1501
f 2374/2936/1508 2387/2949/1523 2386/2948/1522 2376/2973/1534
f 2390/2954/1528 2377/2939/1511 2376/2938/1510 2386/2951/1525
f 2378/2940/1512 2324/2871/1446 2323/2870/1445 2375/2937/1509
f 2373/2974/1535 2402/2975/1536 2369/2930/1504 2372/2933/1503
f 2282/2817/1421 2281/2816/1421 2269/2804/1421 2271/2806/1421
f 2290/2825/1419 2274/2809/1419 2319/2863/1419 2291/2826/1419
f 2315/2859/1418 2281/2816/1418 2280/2815/1418 2306/2968/1531
f 2279/2814/1419 2282/2817/1419 2290/2825/1419 2289/2824/1422
f 2312/2852/1440 2316/2860/1444 2317/2861/25 2311/2851/25
f 2315/2859/1418 2306/2968/1531 2398/2964/1443 2318/2862/1418
f 2317/2887/1418 2276/2865/1418 2320/2864/1418 2335/2888/1418
f 2339/2894/1472 2338/2893/1453 2316/2892/1444 2312/2895/1440
f 2343/2916/1473 2342/2899/1458 2341/2898/1457 2336/2976/1537
f 2354/2913/1538 2344/2902/1460 2347/2905/1463 2355/2914/1539
f 2351/2909/1467 2350/2908/1466 2349/2907/1540 2348/2906/1541
f 2338/2893/1453 2344/2902/1460 2354/2913/1538 2337/2890/1452
f 2342/2899/1458 2351/2909/1467 2348/2906/1541 2340/2897/1455
f 2358/2919/1542 2356/2917/1474 2347/2905/1477 2346/2904/1543
f 2360/2921/1483 2350/2908/1482 2353/2911/1544 2361/2977/1545
f 2364/2925/1532 2362/2923/1486 2356/2917/1489 2358/2919/1546
f 2366/2927/1495 2360/2921/1494 2361/2977/1547 2367/2972/1533
f 2381/2943/1515 2390/2954/1548 2389/2953/1549 2382/2944/1516
f 2387/2949/1523 2384/2946/1550 2383/2945/1551 2388/2950/1524
f 2395/2960/1419 2397/2962/1529 2292/2827/1423 2291/2826/1419
f 2399/2965/1418 2391/2956/1418 2283/2818/1418 2318/2862/1418
f 2341/2971/1419 2332/2882/1448 2397/2962/1529 2395/2960/1419
f 2335/2888/1418 2320/2864/1418 2391/2956/1418 2399/2965/1418
f 2362/2923/1486 2382/2944/1516 2389/2953/1549 2363/2924/1487
f 2365/2926/1492 2366/2927/1495 2388/2950/1524 2383/2945/1551
f 2390/2954/1548 2381/2943/1515 2370/2931/1500 2377/2939/1552
f 2387/2949/1523 2374/2936/1508 2371/2932/1553 2384/2946/1550
f 2325/2872/1447 2402/2975/1536 2373/2974/1535 2326/2873/1447
f 2378/2940/1554 2377/2939/1552 2370/2931/1500
f 2326/2934/1505 2374/2936/1508 2375/2978/1555 2323/2979/1556
f 2325/2872/1557 2370/2931/1500 2369/2930/1499 2402/2975/1558
f 2325/2872/1557 2324/2871/1559 2378/2940/1554 2370/2931/1500
f 2372/2933/1507 2371/2932/1553 2374/2936/1508
f 2374/2936/1508 2376/2973/1534 2375/2978/1555
f 2403/2980/5 2404/2981/5 2405/2982/5 2406/2983/5
f 2407/2984/1560 2408/2985/1561 2409/2986/1561 2410/2987/1560
f 2411/2988/1562 2407/2984/1562 2410/2987/1562 2412/2989/1562
f 2413/2990/1563 2404/2981/1563 2403/2980/1563 2414/2991/1563
f 2415/2992/1564 2416/2993/1564 2417/2994/1564 2418/2995/1564
f 2419/2996/1565 2420/2997/1566 2421/2998/1566 2422/2999/1565
f 2423/3000/1565 2424/3001/1565 2425/3002/1567 2426/3003/1567
f 2408/2985/1561 2427/3004/1568 2428/3005/1568 2409/2986/1561
f 2429/3006/57 2423/3007/57 2426/3008/57 2430/3009/57
f 2425/3010/5 2424/3011/5 2406/2983/5 2405/2982/5
f 2417/2994/1569 2421/3012/1569 2420/3013/1569 2418/2995/1569
f 2430/3009/57 2413/2990/57 2414/2991/57 2429/3006/57
f 2418/3014/5 2431/3015/5 2432/3016/5 2415/2992/5
f 2433/3017/5 2434/3018/5 2435/3019/5 2436/3020/5
f 2437/3021/5 2405/2982/5 2404/2981/5 2438/3022/5
f 2411/2988/5 2439/3023/5 2440/3024/5 2441/3025/5
f 2442/3026/5 2443/3027/5 2444/3028/5 2445/3029/5
f 2432/3016/319 2446/3030/319 2416/2993/319 2415/2992/319
f 2435/3019/1570 2447/3031/1570 2448/3032/1570 2436/3020/1570
f 2404/2981/1570 2413/2990/1570 2449/3033/1570 2438/3022/1570
f 2450/3034/1571 2439/3023/1571 2411/2988/1571 2412/2989/1571
f 2451/3035/1572 2443/3027/1572 2442/3026/1572 2452/3036/1572
f 2453/3037/1565 2454/3038/1565 2455/3039/234 2456/3040/234
f 2457/3041/1573 2458/3042/1573 2459/3043/1573 2460/3044/1573
f 2461/3045/1565 2462/3046/1565 2463/3047/1565 2464/3048/1565
f 2426/3003/1567 2425/3002/1567 2465/3049/1567 2466/3050/1567
f 2422/3051/57 2421/3052/57 2417/3053/57 2467/3054/57
f 2461/3055/57 2464/3056/57 2468/3057/57 2469/3058/57
f 2430/3009/57 2426/3008/57 2466/3059/57 2470/3060/57
f 2454/3061/57 2471/3062/57 2472/3063/57 2455/3064/57
f 2458/3065/57 2473/3066/57 2474/3067/57 2459/3068/57
f 2441/3025/5 2440/3024/5 2453/3069/5 2456/3070/5
f 2445/3029/5 2444/3028/5 2457/3071/5 2460/3072/5
f 2419/3073/5 2431/3015/5 2418/3014/5 2420/3074/5
f 2462/3075/5 2434/3018/5 2433/3017/5 2463/3076/5
f 2465/3077/5 2425/3010/5 2405/2982/5 2437/3021/5
f 2471/3062/57 2450/3034/57 2412/2989/57 2472/3063/57
f 2473/3066/57 2451/3035/57 2452/3036/57 2474/3067/57
f 2446/3030/57 2467/3054/57 2417/3053/57 2416/2993/57
f 2447/3031/57 2469/3058/57 2468/3057/57 2448/3032/57
f 2413/2990/57 2430/3009/57 2470/3060/57 2449/3033/57
f 2431/3015/5 2433/3017/5 2436/3020/5 2432/3016/5
f 2434/3018/5 2437/3021/5 2438/3022/5 2435/3019/5
f 2411/2988/5 2441/3025/5 2408/3078/5 2407/2984/5
f 2439/3023/5 2442/3026/5 2445/3029/5 2440/3024/5
f 2443/3027/5 2403/2980/5 2406/2983/5 2444/3028/5
f 2436/3020/1563 2448/3032/1563 2446/3030/1563 2432/3016/1563
f 2438/3022/1572 2449/3033/1572 2447/3031/1572 2435/3019/1572
f 2452/3036/1570 2442/3026/1570 2439/3023/1570 2450/3034/1570
f 2414/2991/1574 2403/2980/1574 2443/3027/1574 2451/3035/1574
f 2456/3040/234 2455/3039/234 2428/3079/1575 2427/3080/1575
f 2460/3044/1573 2459/3043/1573 2454/3038/1565 2453/3037/1565
f 2424/3001/1565 2423/3000/1565 2458/3042/1573 2457/3041/1573
f 2464/3048/1565 2463/3047/1565 2419/2996/1565 2422/2999/1565
f 2466/3050/1567 2465/3049/1567 2462/3046/1565 2461/3045/1565
f 2464/3056/57 2422/3051/57 2467/3054/57 2468/3057/57
f 2470/3060/57 2466/3059/57 2461/3055/57 2469/3058/57
f 2455/3064/57 2472/3063/57 2409/3081/57 2428/3082/57
f 2459/3068/57 2474/3067/57 2471/3062/57 2454/3061/57
f 2423/3007/57 2429/3006/57 2473/3066/57 2458/3065/57
f 2408/3078/5 2441/3025/5 2456/3070/5 2427/3083/5
f 2440/3024/5 2445/3029/5 2460/3072/5 2453/3069/5
f 2444/3028/5 2406/2983/5 2424/3011/5 2457/3071/5
f 2463/3076/5 2433/3017/5 2431/3015/5 2419/3073/5
f 2462/3075/5 2465/3077/5 2437/3021/5 2434/3018/5
f 2412/2989/57 2410/2987/57 2409/3081/57 2472/3063/57
f 2474/3067/57 2452/3036/57 2450/3034/57 2471/3062/57
f 2429/3006/57 2414/2991/57 2451/3035/57 2473/3066/57
f 2448/3032/57 2468/3057/57 2467/3054/57 2446/3030/57
f 2449/3033/57 2470/3060/57 2469/3058/57 2447/3031/57
f 2475/3084/5 2476/3085/5 2477/3086/1576 2478/3087/1576
f 2478/3087/1576 2477/3086/1576 2479/3088/1577 2480/3089/1577
f 2480/3089/1577 2479/3088/1577 2481/3090/1578 2482/3091/1578
f 2482/3091/1578 2481/3090/1578 2483/3092/1579 2484/3093/1579
f 2484/3093/1579 2483/3092/1579 2485/3094/57 2486/3095/57
f 2486/3095/57 2485/3094/57 2487/3096/1580 2488/3097/1580
f 2488/3097/1580 2487/3096/1580 2489/3098/1581 2490/3099/1581
f 2490/3099/1581 2489/3098/1581 2491/3100/1582 2492/3101/1582
f 2492/3101/1582 2491/3100/1582 2493/3102/1583 2494/3103/1583
f 2494/3103/1583 2493/3102/1583 2476/3085/5 2475/3084/5
f 2495/3104/57 2496/3105/1584 2497/3106/1584 2498/3107/57
f 2497/3106/1584 2496/3105/1584 2499/3108/1585 2500/3109/1585
f 2501/3110/1586 2502/3111/91 2503/3112/91 2504/3113/1586
f 2502/3114/91 2505/3115/1587 2506/3116/1587 2503/3117/91
f 2507/3118/1588 2508/3119/1588 2509/3120/1589 2510/3121/1589
f 2510/3121/1589 2509/3120/1589 2511/3122/5 2512/3123/5
f 2512/3123/5 2511/3122/5 2513/3124/1590 2514/3125/1590
f 2514/3125/1590 2513/3124/1590 2515/3126/1591 2516/3127/1591
f 2516/3127/1591 2515/3126/1591 2517/3128/115 2518/3129/115
f 2518/3129/115 2517/3128/115 2519/3130/1592 2520/3131/1592
f 2520/3131/1592 2519/3130/1592 2521/3132/1593 2522/3133/1593
f 2522/3133/1593 2521/3132/1593 2495/3104/57 2498/3107/57
f 2523/3134/27 2524/3135/27 2525/3136/27 2526/3137/27
f 2527/3138/27 2526/3137/27 2525/3136/27 2528/3139/27
f 2525/3136/27 2529/3140/27 2528/3139/27
f 2528/3139/27 2530/3141/27 2527/3138/27
f 2531/3142/27 2526/3137/27 2527/3138/27 2532/3143/27
f 2531/3142/27 2533/3144/27 2526/3137/27
f 2523/3134/27 2526/3137/27 2534/3145/27
f 2535/3146/25 2536/3147/25 2537/3148/25 2538/3149/25
f 2539/3150/25 2538/3149/25 2537/3148/25 2540/3151/25
f 2537/3148/25 2541/3152/25 2540/3151/25
f 2540/3151/25 2542/3153/25 2539/3150/25
f 2543/3154/25 2538/3149/25 2539/3150/25 2544/3155/25
f 2543/3154/25 2545/3156/25 2538/3149/25
f 2535/3146/25 2538/3149/25 2546/3157/25
f 2547/3158/57 2548/3159/1584 2544/3160/1584 2539/3161/57
f 2549/3162/1594 2543/3163/1594 2544/3160/1584 2548/3159/1584
f 2550/3164/91 2545/3165/91 2543/3163/1594 2549/3162/1594
f 2551/3166/1595 2538/3167/1595 2545/3168/91 2550/3169/91
f 2552/3170/1589 2546/3171/1589 2538/3167/1595 2551/3166/1595
f 2553/3172/5 2535/3173/5 2546/3171/1589 2552/3170/1589
f 2554/3174/1590 2536/3175/1590 2535/3173/5 2553/3172/5
f 2555/3176/1591 2537/3177/1591 2536/3175/1590 2554/3174/1590
f 2556/3178/115 2541/3179/115 2537/3177/1591 2555/3176/1591
f 2557/3180/1592 2540/3181/1592 2541/3179/115 2556/3178/115
f 2558/3182/1593 2542/3183/1593 2540/3181/1592 2557/3180/1592
f 2547/3158/57 2539/3161/57 2542/3183/1593 2558/3182/1593
f 2495/3184/27 2530/3141/27 2528/3139/27 2496/3185/27
f 2496/3185/27 2528/3139/27 2529/3140/27 2499/3186/27
f 2529/3140/27 2525/3136/27 2559/3187/27 2499/3186/27
f 2525/3136/27 2524/3135/27 2508/3188/27 2559/3187/27
f 2508/3188/27 2524/3135/27 2523/3134/27 2509/3189/27
f 2509/3189/27 2523/3134/27 2534/3145/27 2511/3190/27
f 2511/3190/27 2534/3145/27 2526/3137/27 2513/3191/27
f 2513/3191/27 2526/3137/27 2533/3144/27 2515/3192/27
f 2515/3192/27 2533/3144/27 2531/3142/27 2517/3193/27
f 2517/3193/27 2531/3142/27 2532/3143/27 2519/3194/27
f 2519/3194/27 2532/3143/27 2527/3138/27 2521/3195/27
f 2521/3195/27 2527/3138/27 2530/3141/27 2495/3184/27
f 2497/3106/25 2548/3159/25 2547/3158/25 2498/3107/25
f 2498/3107/25 2547/3158/25 2558/3182/25 2522/3133/25
f 2522/3133/25 2558/3182/25 2557/3180/25 2520/3131/25
f 2520/3131/25 2557/3180/25 2556/3178/25 2518/3129/25
f 2518/3129/25 2556/3178/25 2555/3176/25 2516/3127/25
f 2516/3127/25 2555/3176/25 2554/3174/25 2514/3125/25
f 2514/3125/25 2554/3174/25 2553/3172/25 2512/3123/25
f 2512/3123/25 2553/3172/25 2552/3170/25 2510/3121/25
f 2510/3121/25 2552/3170/25 2551/3166/25 2507/3118/25
f 2551/3166/25 2550/3169/25 2560/3196/25 2507/3118/25
f 2550/3164/25 2549/3162/25 2500/3109/25 2560/3197/25
f 2500/3109/25 2549/3162/25 2548/3159/25 2497/3106/25
f 2500/3109/1596 2499/3108/1596 2501/3110/1596 2504/3113/1596
f 2501/3110/27 2499/3108/27 2559/3198/27 2502/3111/27
f 2559/3199/27 2508/3119/27 2505/3115/27 2502/3114/27
f 2506/3116/25 2507/3118/25 2560/3196/25 2503/3117/25
f 2560/3197/25 2500/3109/25 2504/3113/25 2503/3112/25
f 2506/3116/1597 2505/3115/1597 2508/3119/1597 2507/3118/1597
f 2561/3200/1598 2562/3201/1599 2563/3202/1600 2564/3203/1601
f 2562/3201/1599 2565/3204/1602 2566/3205/1603 2563/3202/1600
f 2565/3204/1602 2567/3206/1604 2568/3207/1605 2566/3205/1603
f 2568/3208/1605 2567/3209/1604 2569/3210/1606 2570/3211/1607
f 2569/3210/1606 2571/3212/1608 2572/3213/1609 2570/3211/1607
f 2571/3212/1608 2573/3214/1610 2574/3215/1611 2572/3213/1609
f 2573/3214/1610 2575/3216/1612 2576/3217/1613 2574/3215/1611
f 2575/3216/1612 2577/3218/1614 2578/3219/1615 2576/3217/1613
f 2577/3218/1614 2579/3220/1616 2580/3221/1617 2578/3219/1615
f 2579/3220/1616 2581/3222/1618 2582/3223/1619 2580/3221/1617
f 2581/3222/1618 2583/3224/1620 2584/3225/1621 2582/3223/1619
f 2583/3224/1620 2561/3200/1598 2564/3203/1601 2584/3225/1621
f 2571/3226/27 2569/3227/27 2567/3228/27 2575/3229/27
f 2583/3230/27 2575/3229/27 2567/3228/27 2562/3231/27
f 2567/3228/27 2565/3232/27 2562/3231/27
f 2562/3231/27 2561/3233/27 2583/3230/27
f 2579/3234/27 2575/3229/27 2583/3230/27 2581/3235/27
f 2579/3234/27 2577/3236/27 2575/3229/27
f 2571/3226/27 2575/3229/27 2573/3237/27
f 2585/3238/1622 2586/3239/1623 2587/3240/1624 2588/3241/1625
f 2589/3242/1626 2588/3241/1625 2587/3240/1624 2590/3243/1627
f 2587/3240/1624 2591/3244/1628 2590/3243/1627
f 2590/3243/1627 2592/3245/1629 2589/3242/1626
f 2593/3246/1630 2588/3241/1625 2589/3242/1626 2594/3247/1631
f 2593/3246/1630 2595/3248/1632 2588/3241/1625
f 2585/3238/1622 2588/3241/1625 2596/3249/1633
f 2564/3203/1601 2563/3202/1600 2597/3250/1634 2598/3251/1635
f 2566/3205/1603 2599/3252/1636 2597/3250/1634 2563/3202/1600
f 2599/3252/1636 2566/3205/1603 2568/3207/1605 2600/3253/1637
f 2568/3208/1605 2570/3211/1607 2601/3254/1638 2600/3255/1637
f 2570/3211/1607 2572/3213/1609 2602/3256/1639 2601/3254/1638
f 2574/3215/1611 2603/3257/1640 2602/3256/1639 2572/3213/1609
f 2576/3217/1613 2604/3258/1641 2603/3257/1640 2574/3215/1611
f 2604/3258/1641 2576/3217/1613 2578/3219/1615 2605/3259/1642
f 2605/3259/1642 2578/3219/1615 2580/3221/1617 2606/3260/1643
f 2580/3221/1617 2582/3223/1619 2607/3261/1644 2606/3260/1643
f 2584/3225/1621 2608/3262/1645 2607/3261/1644 2582/3223/1619
f 2608/3262/1645 2584/3225/1621 2564/3203/1601 2598/3251/1635
f 2609/3263/1646 2610/3264/1647 2611/3265/1648 2612/3266/1649
f 2613/3267/1650 2614/3268/1651 2611/3265/1648 2610/3264/1647
f 2615/3269/1652 2616/3270/1653 2614/3268/1651 2613/3267/1650
f 2617/3271/1654 2618/3272/1655 2616/3273/1653 2615/3274/1652
f 2619/3275/1656 2620/3276/1657 2618/3272/1655 2617/3271/1654
f 2621/3277/1658 2622/3278/1659 2620/3276/1657 2619/3275/1656
f 2623/3279/1660 2624/3280/1661 2622/3278/1659 2621/3277/1658
f 2625/3281/1662 2626/3282/1663 2624/3280/1661 2623/3279/1660
f 2627/3283/1664 2628/3284/1665 2626/3282/1663 2625/3281/1662
f 2629/3285/1666 2630/3286/1667 2628/3284/1665 2627/3283/1664
f 2631/3287/1668 2632/3288/1669 2630/3286/1667 2629/3285/1666
f 2609/3263/1646 2612/3266/1649 2632/3288/1669 2631/3287/1668
f 2633/3289/1670 2634/3290/1671 2635/3291/1672 2636/3292/1673
f 2637/3293/1674 2638/3294/1675 2639/3295/1676 2640/3296/1677
f 2641/3297/1678 2642/3298/1679 2643/3299/1680 2644/3300/1681
f 2641/3301/1678 2645/3302/1682 2646/3303/1683 2642/3304/1679
f 2647/3305/1684 2648/3306/1685 2649/3307/1686 2650/3308/1687
f 2651/3309/1688 2652/3310/5 2653/3311/1689 2654/3312/1690
f 2651/3309/1688 2655/3313/1691 2656/3314/1692 2652/3310/5
f 2657/3315/1693 2658/3316/1694 2659/3317/1695 2660/3318/1696
f 2661/3319/1697 2662/3320/1698 2663/3321/1699 2664/3322/1700
f 2661/3319/1697 2665/3323/1701 2666/3324/1702 2662/3320/1698
f 2667/3325/1703 2668/3326/1704 2669/3327/1705 2670/3328/1706
f 2636/3292/1673 2635/3291/1672 2671/3329/1707 2672/3330/1708
f 2673/3331/1709 2610/3264/1647 2609/3263/1646 2674/3332/1710
f 2675/3333/1711 2674/3332/1710 2609/3263/1646 2631/3287/1668
f 2675/3333/1711 2631/3287/1668 2676/3334/1712 2677/3335/1713
f 2678/3336/1714 2667/3325/1703 2679/3337/1715 2680/3338/1716
f 2681/3339/1717 2680/3338/1716 2679/3337/1715 2640/3296/1677
f 2681/3339/1717 2640/3296/1677 2639/3295/1676 2682/3340/1718
f 2683/3341/1719 2684/3342/1720 2615/3269/1652 2613/3267/1650
f 2683/3341/1719 2613/3267/1650 2685/3343/1721 2686/3344/1722
f 2687/3345/1723 2637/3293/1674 2688/3346/1724 2689/3347/1725
f 2690/3348/1726 2689/3349/1725 2688/3350/1724 2647/3305/1684
f 2690/3348/1726 2647/3305/1684 2650/3308/1687 2691/3351/1727
f 2692/3352/1728 2617/3271/1654 2615/3274/1652 2684/3353/1720
f 2693/3354/1729 2694/3355/1730 2621/3277/1658 2619/3275/1656
f 2693/3354/1729 2619/3275/1656 2695/3356/1731 2696/3357/1732
f 2697/3358/1733 2648/3306/1685 2698/3359/1734 2699/3360/1735
f 2700/3361/1736 2699/3360/1735 2698/3359/1734 2660/3318/1696
f 2700/3361/1736 2660/3318/1696 2659/3317/1695 2701/3362/1737
f 2702/3363/1738 2623/3279/1660 2621/3277/1658 2694/3355/1730
f 2703/3364/1739 2704/3365/1740 2627/3283/1664 2625/3281/1662
f 2703/3364/1739 2625/3281/1662 2705/3366/1741 2706/3367/1742
f 2707/3368/1743 2657/3315/1693 2708/3369/1744 2709/3370/1745
f 2710/3371/1746 2709/3370/1745 2708/3369/1744 2670/3328/1706
f 2710/3371/1746 2670/3328/1706 2669/3327/1705 2711/3372/1747
f 2712/3373/1748 2629/3285/1666 2627/3283/1664 2704/3365/1740
f 2713/3374/1749 2673/3331/1709 2674/3332/1710 2714/3375/1750
f 2715/3376/1751 2714/3375/1750 2674/3332/1710 2675/3333/1711
f 2715/3376/1751 2675/3333/1711 2677/3335/1713 2716/3377/1752
f 2672/3330/1708 2678/3336/1714 2680/3338/1716 2636/3292/1673
f 2633/3289/1670 2636/3292/1673 2680/3338/1716 2681/3339/1717
f 2633/3289/1670 2681/3339/1717 2682/3340/1718 2634/3290/1671
f 2717/3378/1753 2718/3379/1754 2684/3342/1720 2683/3341/1719
f 2717/3378/1753 2683/3341/1719 2686/3344/1722 2719/3380/1755
f 2644/3300/1681 2687/3345/1723 2689/3347/1725 2641/3297/1678
f 2645/3302/1682 2641/3301/1678 2689/3349/1725 2690/3348/1726
f 2645/3302/1682 2690/3348/1726 2691/3351/1727 2646/3303/1683
f 2720/3381/1756 2692/3352/1728 2684/3353/1720 2718/3382/1754
f 2721/3383/1757 2722/3384/1758 2694/3355/1730 2693/3354/1729
f 2721/3383/1757 2693/3354/1729 2696/3357/1732 2723/3385/1759
f 2654/3312/1690 2697/3358/1733 2699/3360/1735 2651/3309/1688
f 2655/3313/1691 2651/3309/1688 2699/3360/1735 2700/3361/1736
f 2655/3313/1691 2700/3361/1736 2701/3362/1737 2656/3314/1692
f 2724/3386/1760 2702/3363/1738 2694/3355/1730 2722/3384/1758
f 2725/3387/1761 2726/3388/1762 2704/3365/1740 2703/3364/1739
f 2725/3387/1761 2703/3364/1739 2706/3367/1742 2727/3389/1763
f 2664/3322/1700 2707/3368/1743 2709/3370/1745 2661/3319/1697
f 2665/3323/1701 2661/3319/1697 2709/3370/1745 2710/3371/1746
f 2665/3323/1701 2710/3371/1746 2711/3372/1747 2666/3324/1702
f 2728/3390/1764 2712/3373/1748 2704/3365/1740 2726/3388/1762
f 2729/3391/1765 2730/3392/1766 2731/3393/1767 2732/3394/1768
f 2733/3395/1769 2685/3343/1721 2734/3396/1770 2735/3397/1771
f 2736/3398/30 2737/3399/1772 2719/3380/1755 2738/3400/1773
f 2739/3401/1774 2740/3402/1775 2737/3403/1772 2736/3404/30
f 2741/3405/1776 2695/3356/1731 2742/3406/1777 2743/3407/1778
f 2744/3408/1779 2745/3409/1780 2746/3410/1781 2723/3385/1759
f 2747/3411/1782 2748/3412/1783 2746/3410/1781 2745/3409/1780
f 2749/3413/1784 2705/3366/1741 2750/3414/1785 2751/3415/1786
f 2752/3416/1787 2753/3417/1788 2727/3389/1763 2754/3418/1789
f 2755/3419/1790 2756/3420/1791 2753/3417/1788 2752/3416/1787
f 2757/3421/1792 2676/3334/1712 2758/3422/1793 2759/3423/1794
f 2732/3394/1768 2731/3393/1767 2716/3377/1752 2760/3424/1795
f 2668/3326/1704 2667/3325/1703 2678/3336/1714 2761/3425/1796
f 2762/3426/1797 2735/3397/1771 2734/3396/1770 2763/3427/1798
f 2638/3294/1675 2637/3293/1674 2687/3345/1723 2764/3428/1799
f 2765/3429/1800 2743/3407/1778 2742/3406/1777 2766/3430/1801
f 2697/3358/1733 2767/3431/1802 2649/3307/1686 2648/3306/1685
f 2768/3432/1803 2751/3415/1786 2750/3414/1785 2769/3433/1804
f 2658/3316/1694 2657/3315/1693 2707/3368/1743 2770/3434/1805
f 2771/3435/1806 2759/3423/1794 2758/3422/1793 2772/3436/1807
f 2672/3330/1708 2671/3329/1707 2761/3425/1796 2678/3336/1714
f 2730/3392/1766 2729/3391/1765 2762/3426/1797 2763/3427/1798
f 2644/3300/1681 2643/3299/1680 2764/3428/1799 2687/3345/1723
f 2740/3402/1775 2739/3401/1774 2765/3429/1800 2766/3430/1801
f 2654/3312/1690 2653/3311/1689 2767/3431/1802 2697/3358/1733
f 2748/3412/1783 2747/3411/1782 2768/3432/1803 2769/3433/1804
f 2664/3322/1700 2663/3321/1699 2770/3434/1805 2707/3368/1743
f 2756/3420/1791 2755/3419/1790 2771/3435/1806 2772/3436/1807
f 2773/3437/1808 2677/3335/1713 2676/3334/1712 2757/3421/1792
f 2774/3438/1809 2686/3344/1722 2685/3343/1721 2733/3395/1769
f 2695/3356/1731 2741/3405/1776 2775/3439/1810 2696/3357/1732
f 2776/3440/1811 2706/3367/1742 2705/3366/1741 2749/3413/1784
f 2716/3377/1752 2677/3335/1713 2773/3437/1808 2760/3424/1795
f 2719/3380/1755 2686/3344/1722 2774/3438/1809 2738/3400/1773
f 2723/3385/1759 2696/3357/1732 2775/3439/1810 2744/3408/1779
f 2727/3389/1763 2706/3367/1742 2776/3440/1811 2754/3418/1789
f 2730/3392/1766 2713/3374/1749 2714/3375/1750 2731/3393/1767
f 2685/3343/1721 2613/3267/1650 2610/3264/1647 2734/3396/1770
f 2737/3399/1772 2718/3379/1754 2717/3378/1753 2719/3380/1755
f 2740/3402/1775 2720/3381/1756 2718/3382/1754 2737/3403/1772
f 2695/3356/1731 2619/3275/1656 2617/3271/1654 2742/3406/1777
f 2723/3385/1759 2746/3410/1781 2722/3384/1758 2721/3383/1757
f 2748/3412/1783 2724/3386/1760 2722/3384/1758 2746/3410/1781
f 2705/3366/1741 2625/3281/1662 2623/3279/1660 2750/3414/1785
f 2753/3417/1788 2726/3388/1762 2725/3387/1761 2727/3389/1763
f 2756/3420/1791 2728/3390/1764 2726/3388/1762 2753/3417/1788
f 2676/3334/1712 2631/3287/1668 2629/3285/1666 2758/3422/1793
f 2731/3393/1767 2714/3375/1750 2715/3376/1751 2716/3377/1752
f 2673/3331/1709 2763/3427/1798 2734/3396/1770 2610/3264/1647
f 2692/3352/1728 2766/3430/1801 2742/3406/1777 2617/3271/1654
f 2702/3363/1738 2769/3433/1804 2750/3414/1785 2623/3279/1660
f 2712/3373/1748 2772/3436/1807 2758/3422/1793 2629/3285/1666
f 2713/3374/1749 2730/3392/1766 2763/3427/1798 2673/3331/1709
f 2720/3381/1756 2740/3402/1775 2766/3430/1801 2692/3352/1728
f 2724/3386/1760 2748/3412/1783 2769/3433/1804 2702/3363/1738
f 2728/3390/1764 2756/3420/1791 2772/3436/1807 2712/3373/1748
f 2732/3394/25 2635/3291/25 2634/3290/1812 2729/3391/1813
f 2732/3394/25 2760/3424/1814 2671/3329/1815 2635/3291/25
f 2773/3437/1816 2761/3425/1817 2671/3329/1815 2760/3424/1814
f 2757/3421/1818 2668/3326/1819 2761/3425/1817 2773/3437/1816
f 2759/3423/1820 2669/3327/1820 2668/3326/1819 2757/3421/1818
f 2759/3423/1820 2771/3435/1500 2711/3372/1821 2669/3327/1820
f 2755/3419/1822 2666/3324/1823 2711/3372/1821 2771/3435/1500
f 2752/3416/25 2662/3320/25 2666/3324/1823 2755/3419/1822
f 2752/3416/25 2754/3418/1824 2663/3321/1825 2662/3320/25
f 2754/3418/1824 2776/3440/1826 2770/3434/1827 2663/3321/1825
f 2749/3413/1828 2658/3316/1829 2770/3434/1827 2776/3440/1826
f 2749/3413/1828 2751/3415/1830 2659/3317/1831 2658/3316/1829
f 2701/3362/1832 2659/3317/1831 2751/3415/1830 2768/3432/1833
f 2768/3432/1833 2747/3411/1834 2656/3314/1835 2701/3362/1832
f 2745/3409/1836 2652/3310/25 2656/3314/1835 2747/3411/1834
f 2745/3409/1836 2744/3408/1837 2653/3311/1838 2652/3310/25
f 2775/3439/1839 2767/3431/1840 2653/3311/1838 2744/3408/1837
f 2767/3431/1840 2775/3439/1839 2741/3405/1841 2649/3307/1842
f 2743/3407/1843 2650/3308/1844 2649/3307/1842 2741/3405/1841
f 2743/3407/1843 2765/3429/1845 2691/3351/1846 2650/3308/1844
f 2739/3401/1847 2646/3303/1848 2691/3351/1846 2765/3429/1845
f 2736/3404/25 2642/3304/25 2646/3303/1848 2739/3401/1847
f 2736/3398/25 2738/3400/1849 2643/3299/1850 2642/3298/25
f 2774/3438/1851 2764/3428/1852 2643/3299/1850 2738/3400/1849
f 2733/3395/1853 2638/3294/1820 2764/3428/1852 2774/3438/1851
f 2735/3397/1854 2639/3295/1855 2638/3294/1820 2733/3395/1853
f 2735/3397/1854 2762/3426/1856 2682/3340/1857 2639/3295/1855
f 2762/3426/1856 2729/3391/1813 2634/3290/1812 2682/3340/1857
f 2598/3251/1635 2597/3250/1634 2640/3296/1677 2679/3337/1715
f 2599/3252/1636 2637/3293/1674 2640/3296/1677 2597/3250/1634
f 2637/3293/1674 2599/3252/1636 2600/3253/1637 2688/3346/1724
f 2600/3255/1637 2601/3254/1638 2647/3305/1684 2688/3350/1724
f 2602/3256/1639 2648/3306/1685 2647/3305/1684 2601/3254/1638
f 2603/3257/1640 2698/3359/1734 2648/3306/1685 2602/3256/1639
f 2604/3258/1641 2660/3318/1696 2698/3359/1734 2603/3257/1640
f 2605/3259/1642 2657/3315/1693 2660/3318/1696 2604/3258/1641
f 2657/3315/1693 2605/3259/1642 2606/3260/1643 2708/3369/1744
f 2606/3260/1643 2607/3261/1644 2670/3328/1706 2708/3369/1744
f 2608/3262/1645 2667/3325/1703 2670/3328/1706 2607/3261/1644
f 2667/3325/1703 2608/3262/1645 2598/3251/1635 2679/3337/1715
f 2589/3441/1626 2612/3266/1858 2611/3265/1859 2594/3442/1631
f 2594/3442/1631 2611/3265/1859 2614/3268/1860 2593/3443/1630
f 2593/3443/1630 2614/3268/1860 2616/3270/1861 2595/3444/1632
f 2595/3445/1632 2616/3273/1861 2618/3272/1862 2588/3446/1625
f 2588/3446/1625 2618/3272/1862 2620/3276/1863 2596/3447/1633
f 2596/3447/1633 2620/3276/1863 2622/3278/1864 2585/3448/1622
f 2585/3448/1622 2622/3278/1864 2624/3280/1865 2586/3449/1623
f 2586/3449/1623 2624/3280/1865 2626/3282/1866 2587/3450/1624
f 2587/3450/1624 2626/3282/1866 2628/3284/1867 2591/3451/1628
f 2591/3451/1628 2628/3284/1867 2630/3286/1868 2590/3452/1627
f 2590/3452/1627 2630/3286/1868 2632/3288/1869 2592/3453/1629
f 2592/3453/1629 2632/3288/1869 2612/3266/1858 2589/3441/1626
f 2777/3454/57 2778/3455/57 2779/3456/1870 2780/3457/1870
f 2780/3457/1870 2779/3456/1870 2781/3458/1871 2782/3459/1872
f 2783/3460/1873 2784/3461/91 2785/3462/91 2786/3463/1873
f 2785/3462/91 2784/3461/91 2787/3464/1874 2788/3465/1874
f 2789/3466/1875 2790/3467/1876 2791/3468/1877 2792/3469/1877
f 2792/3469/1877 2791/3468/1877 2793/3470/5 2794/3471/5
f 2794/3471/5 2793/3470/5 2795/3472/1878 2796/3473/1878
f 2796/3473/1878 2795/3472/1878 2797/3474/1879 2798/3475/1879
f 2798/3475/1879 2797/3474/1879 2799/3476/115 2800/3477/115
f 2800/3478/115 2799/3479/115 2801/3480/1880 2802/3481/1880
f 2802/3481/1880 2801/3480/1880 2803/3482/1881 2804/3483/1881
f 2804/3483/1881 2803/3482/1881 2778/3455/57 2777/3454/57
f 2799/3484/27 2797/3485/27 2795/3486/27 2803/3487/27
f 2805/3488/27 2803/3487/27 2795/3486/27 2791/3489/27
f 2795/3486/27 2793/3490/27 2791/3489/27
f 2791/3489/27 2790/3491/27 2805/3488/27
f 2779/3492/27 2803/3487/27 2805/3488/27 2781/3493/27
f 2779/3492/27 2778/3494/27 2803/3487/27
f 2799/3484/27 2803/3487/27 2801/3495/27
f 2806/3496/25 2807/3497/25 2808/3498/25 2809/3499/25
f 2810/3500/25 2809/3499/25 2808/3498/25 2811/3501/25
f 2808/3498/25 2812/3502/25 2811/3501/25
f 2811/3501/25 2813/3503/25 2810/3500/25
f 2814/3504/25 2809/3499/25 2810/3500/25 2815/3505/25
f 2814/3504/25 2816/3506/25 2809/3499/25
f 2806/3496/25 2809/3499/25 2817/3507/25
f 2780/3457/1870 2818/3508/1870 2819/3509/57 2777/3454/57
f 2782/3459/1872 2820/3510/1882 2818/3508/1870 2780/3457/1870
f 2820/3510/1882 2821/3511/91 2810/3512/91 2813/3513/1882
f 2821/3514/91 2822/3515/1883 2815/3516/1884 2810/3517/91
f 2792/3469/1877 2823/3518/1877 2822/3515/1883 2789/3466/1875
f 2794/3471/5 2824/3519/5 2823/3518/1877 2792/3469/1877
f 2796/3473/1878 2825/3520/1878 2824/3519/5 2794/3471/5
f 2798/3475/1879 2826/3521/1885 2825/3520/1878 2796/3473/1878
f 2800/3477/115 2827/3522/115 2826/3521/1885 2798/3475/1879
f 2802/3481/1880 2828/3523/1886 2827/3524/115 2800/3478/115
f 2804/3483/1881 2829/3525/1881 2828/3523/1886 2802/3481/1880
f 2777/3454/57 2819/3509/57 2829/3525/1881 2804/3483/1881
f 2830/3526/1887 2781/3458/1887 2805/3527/1887 2831/3528/1887
f 2805/3529/1888 2790/3467/1888 2832/3530/1888 2831/3531/1888
f 2833/3532/1889 2789/3466/1889 2834/3533/1889 2835/3534/1889
f 2834/3535/1890 2782/3459/1890 2836/3536/1890 2835/3537/1890
f 2836/3536/57 2782/3459/57 2781/3458/57 2830/3526/57
f 2831/3528/1891 2784/3461/1891 2783/3460/1891 2830/3526/1891
f 2787/3464/1892 2784/3461/1892 2831/3531/1892 2832/3530/1892
f 2832/3530/5 2833/3532/5 2788/3465/5 2787/3464/5
f 2835/3534/1893 2785/3462/1893 2788/3465/1894 2833/3532/1895
f 2786/3463/1896 2785/3462/1893 2835/3537/1893 2836/3536/1896
f 2786/3463/57 2836/3536/57 2830/3526/57 2783/3460/57
f 2790/3467/5 2789/3466/5 2833/3532/5 2832/3530/5
f 2819/3509/57 2818/3508/1870 2811/3538/1870 2812/3539/57
f 2820/3510/1882 2813/3513/1882 2811/3538/1870 2818/3508/1870
f 2820/3510/1882 2782/3459/1872 2834/3535/91 2821/3511/91
f 2821/3514/91 2834/3533/91 2789/3466/1875 2822/3515/1883
f 2823/3518/1877 2814/3540/1877 2815/3516/1884 2822/3515/1883
f 2824/3519/5 2816/3541/5 2814/3540/1877 2823/3518/1877
f 2825/3520/1878 2809/3542/1878 2816/3541/5 2824/3519/5
f 2826/3521/1885 2817/3543/1897 2809/3542/1878 2825/3520/1878
f 2837/3544/115 2838/3545/115 2839/3546/1898 2840/3547/1898
f 2841/3548/1899 2842/3549/1899 2838/3550/115 2837/3551/115
f 2829/3525/1881 2808/3552/1881 2807/3553/1900 2828/3523/1886
f 2819/3509/57 2812/3539/57 2808/3552/1881 2829/3525/1881
f 2839/3546/25 2838/3545/25 2806/3554/25 2817/3543/25
f 2839/3546/5 2817/3543/5 2826/3521/5 2840/3547/5
f 2840/3547/27 2826/3521/27 2827/3522/27 2837/3544/27
f 2841/3548/27 2837/3551/27 2827/3524/27 2828/3523/27
f 2828/3523/57 2807/3553/57 2842/3549/57 2841/3548/57
f 2842/3549/25 2807/3553/25 2806/3555/25 2838/3550/25
f 2843/3556/57 2844/3557/57 2845/3558/1584 2846/3559/1584
f 2846/3559/1584 2845/3558/1584 2847/3560/1594 2848/3561/1594
f 2848/3561/1594 2847/3560/1594 2849/3562/91 2850/3563/91
f 2850/3563/91 2849/3562/91 2851/3564/1595 2852/3565/1595
f 2852/3565/1595 2851/3564/1595 2853/3566/1589 2854/3567/1589
f 2854/3567/1589 2853/3566/1589 2855/3568/5 2856/3569/5
f 2856/3569/5 2855/3568/5 2857/3570/1590 2858/3571/1590
f 2858/3571/1590 2857/3570/1590 2859/3572/1591 2860/3573/1591
f 2860/3573/1591 2859/3572/1591 2861/3574/115 2862/3575/115
f 2862/3576/115 2861/3577/115 2863/3578/1592 2864/3579/1592
f 2864/3579/1592 2863/3578/1592 2865/3580/1593 2866/3581/1593
f 2866/3581/1593 2865/3580/1593 2844/3557/57 2843/3556/57
f 2853/3582/27 2851/3583/27 2849/3584/27 2857/3585/27
f 2865/3586/27 2857/3585/27 2849/3584/27 2845/3587/27
f 2849/3584/27 2847/3588/1901 2845/3587/27
f 2845/3587/27 2844/3589/27 2865/3586/27
f 2861/3590/27 2857/3585/27 2865/3586/27 2863/3591/27
f 2861/3590/27 2859/3592/1902 2857/3585/27
f 2853/3582/27 2857/3585/27 2855/3593/27
f 2867/3594/25 2868/3595/25 2869/3596/25 2870/3597/25
f 2871/3598/25 2870/3597/25 2869/3596/25 2872/3599/25
f 2869/3596/25 2873/3600/25 2872/3599/25
f 2872/3599/25 2874/3601/25 2871/3598/25
f 2875/3602/25 2870/3597/25 2871/3598/25 2876/3603/25
f 2875/3602/25 2877/3604/25 2870/3597/25
f 2867/3594/25 2870/3597/25 2878/3605/25
f 2879/3606/1584 2880/3607/1584 2881/3608/57 2882/3609/57
f 2883/3610/1594 2884/3611/1594 2880/3607/1584 2879/3606/1584
f 2885/3612/91 2886/3613/91 2884/3611/1594 2883/3610/1594
f 2887/3614/1595 2888/3615/1595 2886/3613/91 2885/3612/91
f 2889/3616/1589 2890/3617/1589 2888/3615/1595 2887/3614/1595
f 2891/3618/5 2892/3619/5 2890/3617/1589 2889/3616/1589
f 2893/3620/1590 2894/3621/1590 2892/3619/5 2891/3618/5
f 2895/3622/1591 2896/3623/1591 2894/3621/1590 2893/3620/1590
f 2897/3624/115 2898/3625/115 2896/3623/1591 2895/3622/1591
f 2899/3626/1592 2900/3627/1592 2898/3628/115 2897/3629/115
f 2901/3630/1593 2902/3631/1593 2900/3627/1592 2899/3626/1592
f 2882/3609/57 2881/3608/57 2902/3631/1593 2901/3630/1593
f 2880/3632/25 2876/3603/25 2871/3598/25 2881/3633/25
f 2881/3633/25 2871/3598/25 2874/3601/25 2902/3634/25
f 2902/3634/25 2874/3601/25 2872/3599/25 2900/3635/25
f 2900/3635/25 2872/3599/25 2873/3600/25 2898/3636/25
f 2898/3636/25 2873/3600/25 2869/3596/25 2896/3637/25
f 2896/3637/25 2869/3596/25 2868/3595/25 2894/3638/25
f 2894/3638/25 2868/3595/25 2867/3594/25 2892/3639/25
f 2892/3639/25 2867/3594/25 2878/3605/25 2890/3640/25
f 2890/3640/25 2878/3605/25 2870/3597/25 2888/3641/25
f 2888/3641/25 2870/3597/25 2877/3604/25 2886/3642/25
f 2886/3642/25 2877/3604/25 2875/3602/25 2884/3643/25
f 2884/3643/25 2875/3602/25 2876/3603/25 2880/3632/25
f 2843/3556/27 2846/3559/27 2879/3606/27 2882/3609/27
f 2846/3559/27 2848/3561/27 2883/3610/27 2879/3606/27
f 2848/3561/27 2850/3563/27 2885/3612/27 2883/3610/27
f 2850/3563/27 2852/3565/27 2887/3614/27 2885/3612/27
f 2852/3565/27 2854/3567/27 2889/3616/27 2887/3614/27
f 2854/3567/27 2856/3569/27 2891/3618/27 2889/3616/27
f 2856/3569/27 2858/3571/27 2893/3620/27 2891/3618/27
f 2858/3571/27 2860/3573/27 2895/3622/27 2893/3620/27
f 2860/3573/27 2862/3575/27 2897/3624/27 2895/3622/27
f 2862/3576/27 2864/3579/27 2899/3626/27 2897/3629/27
f 2864/3579/27 2866/3581/1902 2901/3630/1902 2899/3626/27
f 2866/3581/1902 2843/3556/27 2882/3609/27 2901/3630/1902
f 2903/3644/57 2904/3645/1584 2905/3646/1584 2906/3647/57
f 2905/3646/1584 2904/3645/1584 2907/3648/1594 2908/3649/1594
f 2908/3649/1594 2907/3648/1594 2909/3650/91 2910/3651/91
f 2909/3650/91 2911/3652/1595 2912/3653/1595 2910/3651/91
f 2912/3653/1595 2911/3652/1595 2913/3654/1589 2914/3655/1589
f 2914/3655/1589 2913/3654/1589 2915/3656/5 2916/3657/5
f 2916/3657/5 2915/3656/5 2917/3658/1590 2918/3659/1590
f 2918/3659/1590 2917/3658/1590 2919/3660/1591 2920/3661/1591
f 2920/3661/1591 2919/3660/1591 2921/3662/115 2922/3663/115
f 2922/3664/115 2921/3665/115 2923/3666/1592 2924/3667/1592
f 2924/3667/1592 2923/3666/1592 2925/3668/1593 2926/3669/1593
f 2926/3669/1593 2925/3668/1593 2903/3644/57 2906/3647/57
f 2927/3670/27 2928/3671/27 2929/3672/27 2930/3673/27
f 2931/3674/27 2930/3673/27 2929/3672/27 2932/3675/27
f 2929/3672/27 2933/3676/27 2932/3675/27
f 2932/3675/27 2934/3677/27 2931/3674/27
f 2935/3678/27 2930/3673/27 2931/3674/27 2936/3679/27
f 2935/3678/27 2937/3680/27 2930/3673/27
f 2927/3670/27 2930/3673/27 2938/3681/27
f 2939/3682/25 2940/3683/25 2941/3684/25 2942/3685/25
f 2943/3686/25 2942/3685/25 2941/3684/25 2944/3687/25
f 2941/3684/25 2945/3688/25 2944/3687/25
f 2944/3687/25 2946/3689/25 2943/3686/25
f 2947/3690/25 2942/3685/25 2943/3686/25 2948/3691/25
f 2947/3690/25 2949/3692/25 2942/3685/25
f 2939/3682/25 2942/3685/25 2950/3693/25
f 2951/3694/57 2952/3695/1584 2953/3696/1584 2954/3697/57
f 2955/3698/1594 2956/3699/1903 2953/3696/1584 2952/3695/1584
f 2957/3700/91 2958/3701/91 2956/3699/1903 2955/3698/1594
f 2957/3700/91 2959/3702/1595 2960/3703/1904 2958/3701/91
f 2961/3704/1589 2962/3705/1589 2960/3703/1904 2959/3702/1595
f 2963/3706/5 2964/3707/5 2962/3705/1589 2961/3704/1589
f 2965/3708/1590 2966/3709/1590 2964/3707/5 2963/3706/5
f 2967/3710/1591 2968/3711/1905 2966/3709/1590 2965/3708/1590
f 2969/3712/115 2970/3713/115 2968/3711/1905 2967/3710/1591
f 2971/3714/1592 2972/3715/1906 2970/3716/115 2969/3717/115
f 2973/3718/1593 2974/3719/1593 2972/3715/1906 2971/3714/1592
f 2951/3694/57 2954/3697/57 2974/3719/1593 2973/3718/1593
f 2903/3644/27 2934/3720/27 2932/3721/27 2904/3645/27
f 2904/3645/27 2932/3721/27 2933/3722/27 2907/3648/27
f 2907/3648/27 2933/3722/27 2929/3723/27 2909/3650/27
f 2929/3723/27 2928/3724/27 2911/3652/27 2909/3650/27
f 2911/3652/27 2928/3724/27 2927/3725/27 2913/3654/27
f 2913/3654/27 2927/3725/27 2938/3726/27 2915/3656/27
f 2915/3656/27 2938/3726/27 2930/3727/27 2917/3658/27
f 2917/3658/27 2930/3727/27 2937/3728/27 2919/3660/27
f 2919/3660/27 2937/3728/27 2935/3729/27 2921/3662/27
f 2921/3665/27 2935/3730/27 2936/3731/27 2923/3666/27
f 2923/3666/27 2936/3731/27 2931/3732/27 2925/3668/27
f 2925/3668/27 2931/3732/27 2934/3720/27 2903/3644/27
f 2905/3646/25 2952/3695/25 2951/3694/25 2906/3647/25
f 2906/3647/25 2951/3694/25 2973/3718/25 2926/3669/25
f 2926/3669/25 2973/3718/25 2971/3714/25 2924/3667/25
f 2924/3667/25 2971/3714/25 2969/3717/25 2922/3664/25
f 2922/3663/25 2969/3712/25 2967/3710/25 2920/3661/25
f 2920/3661/25 2967/3710/25 2965/3708/25 2918/3659/25
f 2918/3659/25 2965/3708/25 2963/3706/25 2916/3657/25
f 2916/3657/25 2963/3706/25 2961/3704/25 2914/3655/25
f 2914/3655/25 2961/3704/25 2959/3702/25 2912/3653/25
f 2959/3702/25 2957/3700/25 2910/3651/25 2912/3653/25
f 2910/3651/25 2957/3700/25 2955/3698/25 2908/3649/25
f 2908/3649/25 2955/3698/25 2952/3695/25 2905/3646/25
f 2975/3733/25 2976/3734/25 2977/3735/25 2978/3736/25
f 2978/3736/25 2977/3735/25 2979/3737/25 2980/3738/25
f 2980/3738/25 2979/3737/25 2981/3739/25 2982/3740/25
f 2981/3739/25 2983/3741/25 2984/3742/25 2982/3740/25
f 2984/3742/25 2983/3741/25 2985/3743/25 2986/3744/25
f 2986/3744/25 2985/3743/25 2987/3745/25 2988/3746/25
f 2988/3746/25 2987/3745/25 2989/3747/25 2990/3748/25
f 2990/3748/25 2989/3747/25 2991/3749/25 2992/3750/25
f 2992/3750/25 2991/3749/25 2993/3751/25 2994/3752/25
f 2994/3753/25 2993/3754/25 2995/3755/25 2996/3756/25
f 2996/3756/25 2995/3755/25 2997/3757/25 2998/3758/25
f 2998/3758/25 2997/3757/25 2976/3734/25 2975/3733/25
f 2956/3759/1903 2958/3760/91 2999/3761/91 3000/3762/1903
f 2958/3760/91 2960/3763/1904 3001/3764/1904 2999/3761/91
f 2968/3711/1905 2970/3765/115 3002/3766/115 3003/3767/1905
f 3002/3766/115 2970/3765/115 2972/3768/1906 3004/3769/1906
f 2944/3770/1907 2945/3771/91 3005/3772/91 3006/3773/1907
f 3005/3772/91 2945/3771/91 2941/3774/1908 3007/3775/1908
f 2942/3776/1909 2949/3777/115 3008/3778/115 3009/3779/1909
f 3008/3778/115 2949/3777/115 2947/3780/1910 3010/3781/1910
f 2976/3734/57 3011/3782/57 3012/3783/1584 2977/3735/1584
f 2977/3735/1584 3012/3783/1584 3000/3784/1903 2979/3737/1594
f 2979/3737/1594 3000/3784/1903 2999/3785/91 2981/3739/91
f 2999/3785/91 3001/3786/1904 2983/3741/1595 2981/3739/91
f 2983/3741/1595 3001/3786/1904 3013/3787/1589 2985/3743/1589
f 2985/3743/1589 3013/3787/1589 3014/3788/5 2987/3745/5
f 2987/3745/5 3014/3788/5 3015/3789/1590 2989/3747/1590
f 2989/3747/1590 3015/3789/1590 3003/3790/1905 2991/3749/1591
f 2991/3749/1591 3003/3790/1905 3002/3791/115 2993/3751/115
f 2993/3754/115 3002/3792/115 3004/3793/1906 2995/3755/1592
f 2995/3755/1592 3004/3793/1906 3016/3794/1593 2997/3757/1593
f 2997/3757/1593 3016/3794/1593 3011/3782/57 2976/3734/57
f 3017/3795/1590 3018/3796/1590 3019/3797/5 3020/3798/5
f 3020/3798/5 3019/3797/5 3021/3799/1589 3022/3800/1589
f 3022/3800/1589 3021/3799/1589 3023/3801/1595 3024/3802/1595
f 3024/3802/1595 3023/3801/1595 3025/3803/91 3026/3804/91
f 3026/3804/91 3025/3803/91 3027/3805/1594 3028/3806/1594
f 3028/3806/1594 3027/3805/1594 3029/3807/1584 3030/3808/1584
f 3030/3808/1584 3029/3807/1584 3031/3809/57 3032/3810/57
f 3032/3810/57 3031/3809/57 3033/3811/1593 3034/3812/1593
f 3034/3812/1593 3033/3811/1593 3035/3813/1592 3036/3814/1592
f 3035/3813/1592 3037/3815/115 3038/3816/115 3036/3814/1592
f 3038/3816/115 3037/3815/115 3039/3817/1591 3040/3818/1591
f 3040/3818/1591 3039/3817/1591 3018/3796/1590 3017/3795/1590
f 2948/3819/25 2953/3696/25 2956/3699/25 2947/3820/25
f 2956/3759/1911 3000/3762/1911 3010/3781/1911 2947/3780/1911
f 3010/3821/27 3000/3822/27 3012/3823/27 3041/3824/27
f 3041/3824/27 3012/3823/27 3011/3825/27 3042/3826/27
f 3042/3826/27 3011/3825/27 3016/3827/27 3043/3828/27
f 3043/3828/27 3016/3827/27 3004/3829/27 3006/3830/27
f 3004/3769/1912 2972/3768/1912 2944/3770/1912 3006/3773/1912
f 2944/3831/25 2972/3715/25 2974/3719/25 2946/3832/25
f 2946/3832/25 2974/3719/25 2954/3697/25 2943/3833/25
f 2943/3833/25 2954/3697/25 2953/3696/25 2948/3819/25
f 2942/3834/25 2960/3703/25 2962/3705/25 2950/3835/25
f 2950/3835/25 2962/3705/25 2964/3707/25 2939/3836/25
f 2939/3836/25 2964/3707/25 2966/3709/25 2940/3837/25
f 2940/3837/25 2966/3709/25 2968/3711/25 2941/3774/25
f 2968/3711/1913 3003/3767/1913 3007/3775/1913 2941/3774/1913
f 3007/3838/27 3003/3839/27 3015/3840/27 3044/3841/27
f 3044/3841/27 3015/3840/27 3014/3842/27 3045/3843/27
f 3045/3843/27 3014/3842/27 3013/3844/27 3046/3845/27
f 3046/3845/27 3013/3844/27 3001/3846/27 3009/3847/27
f 3001/3764/1914 2960/3763/1914 2942/3848/1914 3009/3849/1914
f 3018/3850/27 3041/3824/27 3042/3826/27 3019/3851/27
f 3019/3851/27 3042/3826/27 3043/3828/27 3021/3852/27
f 3021/3852/27 3043/3828/27 3006/3830/27 3023/3853/27
f 3023/3853/27 3006/3830/27 3005/3854/27 3025/3855/27
f 3025/3855/27 3005/3854/27 3007/3838/27 3027/3856/27
f 3027/3856/27 3007/3838/27 3044/3841/27 3029/3857/27
f 3029/3857/27 3044/3841/27 3045/3843/27 3031/3858/27
f 3031/3858/27 3045/3843/27 3046/3845/27 3033/3859/27
f 3033/3859/27 3046/3845/27 3009/3847/27 3035/3860/27
f 3009/3847/27 3008/3861/27 3037/3862/27 3035/3860/27
f 3037/3862/27 3008/3861/27 3010/3821/27 3039/3863/27
f 3039/3863/27 3010/3821/27 3041/3824/27 3018/3850/27
f 3047/3864/25 3048/3865/25 3049/3866/25 3050/3867/25
f 3050/3867/25 3049/3866/25 3051/3868/25 3052/3869/25
f 3052/3869/25 3051/3868/25 3053/3870/25 3054/3871/25
f 3054/3871/25 3053/3870/25 3055/3872/25 3056/3873/25
f 3056/3873/25 3055/3872/25 3057/3874/25 3058/3875/25
f 3058/3875/25 3057/3874/25 3059/3876/25 3060/3877/25
f 3060/3877/25 3059/3876/25 3061/3878/25 3062/3879/25
f 3062/3879/25 3061/3878/25 3063/3880/25 3064/3881/25
f 3064/3881/25 3063/3880/25 3065/3882/25 3066/3883/25
f 3066/3884/25 3065/3885/25 3067/3886/25 3068/3887/25
f 3068/3887/25 3067/3886/25 3069/3888/25 3070/3889/25
f 3070/3889/25 3069/3888/25 3048/3865/25 3047/3864/25
f 2978/3736/1584 3049/3866/1584 3048/3865/57 2975/3733/57
f 2980/3738/1594 3051/3868/1594 3049/3866/1584 2978/3736/1584
f 2982/3740/91 3053/3870/91 3051/3868/1594 2980/3738/1594
f 2984/3742/1595 3055/3872/1595 3053/3870/91 2982/3740/91
f 2986/3744/1589 3057/3874/1589 3055/3872/1595 2984/3742/1595
f 2988/3746/5 3059/3876/5 3057/3874/1589 2986/3744/1589
f 2990/3748/1590 3061/3878/1590 3059/3876/5 2988/3746/5
f 2992/3750/1591 3063/3880/1591 3061/3878/1590 2990/3748/1590
f 2994/3752/115 3065/3882/115 3063/3880/1591 2992/3750/1591
f 2996/3756/1592 3067/3886/1592 3065/3885/115 2994/3753/115
f 2998/3758/1593 3069/3888/1593 3067/3886/1592 2996/3756/1592
f 2975/3733/57 3048/3865/57 3069/3888/1593 2998/3758/1593
f 3071/3890/5 3072/3891/5 3073/3892/1590 3074/3893/1590
f 3075/3894/1589 3076/3895/1589 3072/3891/5 3071/3890/5
f 3077/3896/1595 3078/3897/1595 3076/3895/1589 3075/3894/1589
f 3079/3898/91 3080/3898/91 3078/3897/1595 3077/3896/1595
f 3081/3899/1594 3082/3900/1594 3080/3898/91 3079/3898/91
f 3083/3901/1584 3084/3902/1584 3082/3900/1594 3081/3899/1594
f 3085/3903/57 3086/3904/57 3084/3902/1584 3083/3901/1584
f 3087/3905/1593 3088/3906/1593 3086/3904/57 3085/3903/57
f 3089/3907/1592 3090/3907/1592 3088/3906/1593 3087/3905/1593
f 3091/3908/115 3092/3909/115 3090/3907/1592 3089/3907/1592
f 3093/3910/1591 3094/3911/1591 3092/3909/115 3091/3908/115
f 3074/3893/1590 3073/3892/1590 3094/3911/1591 3093/3910/1591
f 3072/3891/5 3047/3912/5 3050/3892/1590 3073/3892/1590
f 3074/3893/1590 3017/3795/1590 3020/3798/5 3071/3890/5
f 3076/3895/1589 3070/3913/1589 3047/3912/5 3072/3891/5
f 3071/3890/5 3020/3798/5 3022/3800/1589 3075/3894/1589
f 3078/3897/1595 3068/3914/1595 3070/3913/1589 3076/3895/1589
f 3075/3894/1589 3022/3800/1589 3024/3802/1595 3077/3896/1595
f 3080/3898/91 3066/3915/91 3068/3914/1595 3078/3897/1595
f 3077/3896/1595 3024/3802/1595 3026/3804/91 3079/3898/91
f 3082/3900/1594 3064/3916/1594 3066/3915/91 3080/3898/91
f 3079/3898/91 3026/3804/91 3028/3806/1594 3081/3899/1594
f 3084/3902/1584 3062/3917/1584 3064/3916/1594 3082/3900/1594
f 3081/3899/1594 3028/3806/1594 3030/3808/1584 3083/3901/1584
f 3086/3904/57 3060/3918/57 3062/3917/1584 3084/3902/1584
f 3083/3901/1584 3030/3808/1584 3032/3810/57 3085/3903/57
f 3088/3906/1593 3058/3919/1593 3060/3918/57 3086/3904/57
f 3085/3903/57 3032/3810/57 3034/3812/1593 3087/3905/1593
f 3090/3907/1592 3056/3920/1592 3058/3919/1593 3088/3906/1593
f 3087/3905/1593 3034/3812/1593 3036/3814/1592 3089/3907/1592
f 3090/3907/1592 3092/3909/115 3054/3909/115 3056/3920/1592
f 3091/3908/115 3089/3907/1592 3036/3814/1592 3038/3816/115
f 3094/3911/1591 3052/3921/1591 3054/3909/115 3092/3909/115
f 3091/3908/115 3038/3816/115 3040/3818/1591 3093/3910/1591
f 3073/3892/1590 3050/3892/1590 3052/3921/1591 3094/3911/1591
f 3093/3910/1591 3040/3818/1591 3017/3795/1590 3074/3893/1590
f 3095/3922/5 3096/3923/5 3097/3924/5 3098/3925/5
f 3098/3925/5 3097/3924/5 3099/3926/5 3100/3927/5
f 3101/3928/5 3095/3922/5 3098/3925/5 3102/3929/5
f 3098/3925/5 3103/3930/5 3102/3929/5
f 3102/3929/5 3104/3931/5 3101/3928/5
f 3105/3932/5 3095/3922/5 3101/3928/5 3106/3933/5
f 3095/3922/5 3105/3932/5 3107/3934/5
f 3108/3935/1172 3105/3936/1172 3106/3937/25 3109/3938/1915
f 3110/3939/1173 3107/3940/1173 3105/3936/1172 3108/3935/1172
f 3111/3941/91 3095/3942/91 3107/3940/1173 3110/3939/1173
f 3112/3943/1174 3096/3944/1174 3095/3942/91 3111/3941/91
f 3113/3945/1175 3097/3946/1175 3096/3944/1174 3112/3943/1174
f 3114/3947/1916 3099/3948/27 3097/3946/1175 3113/3945/1175
f 3115/3949/1176 3100/3950/1176 3099/3951/27 3114/3952/1916
f 3116/3953/1177 3098/3954/1177 3100/3950/1176 3115/3949/1176
f 3117/3955/115 3103/3956/115 3098/3954/1177 3116/3953/1177
f 3118/3957/1053 3102/3958/1053 3103/3956/115 3117/3955/115
f 3119/3959/1178 3104/3960/1178 3102/3958/1053 3118/3957/1053
f 3109/3938/1915 3106/3937/25 3101/3961/1917 3120/3962/1917
f 3112/3963/57 3110/3964/57 3108/3965/57 3113/3966/57
f 3108/3965/57 3109/3967/57 3114/3968/57 3113/3966/57
f 3109/3938/91 3121/3969/91 3122/3970/91 3114/3971/91
f 3110/3964/57 3112/3963/57 3111/3972/57
f 3120/3962/1917 3101/3961/1917 3104/3960/1178 3119/3959/1178
f 3120/3962/1917 3119/3959/1178 3123/3973/1178 3124/3974/1917
f 3125/3975/1176 3115/3949/1176 3114/3952/1916 3122/3976/1918
f 3126/3977/1177 3116/3953/1177 3115/3949/1176 3125/3975/1176
f 3127/3978/115 3117/3955/115 3116/3953/1177 3126/3977/1177
f 3128/3979/1053 3118/3957/1053 3117/3955/115 3127/3978/115
f 3123/3973/1178 3119/3959/1178 3118/3957/1053 3128/3979/1053
f 3121/3969/1917 3109/3938/1915 3120/3962/1917 3124/3974/1917
f 3129/3980/57 3130/3981/57 3131/3982/57 3132/3983/57
f 3132/3983/57 3131/3982/57 3133/3984/57 3134/3985/57
f 3135/3986/57 3129/3980/57 3132/3983/57 3136/3987/57
f 3132/3983/57 3137/3988/57 3136/3987/57
f 3136/3987/57 3138/3989/57 3135/3986/57
f 3139/3990/57 3129/3980/57 3135/3986/57 3140/3991/57
f 3129/3980/57 3139/3990/57 3141/3992/57
f 3138/3993/25 3136/3994/1172 3142/3995/1172 3143/3996/1915
f 3136/3994/1172 3137/3997/1173 3144/3998/1173 3142/3995/1172
f 3137/3997/1173 3132/3999/91 3145/4000/91 3144/3998/1173
f 3132/3999/91 3134/4001/1174 3146/4002/1174 3145/4000/91
f 3134/4001/1174 3133/4003/1175 3147/4004/1175 3146/4002/1174
f 3133/4003/1175 3131/4005/27 3148/4006/1916 3147/4004/1175
f 3131/4007/27 3130/4008/1176 3149/4009/1176 3148/4010/1916
f 3130/4008/1176 3129/4011/1177 3150/4012/1177 3149/4009/1176
f 3129/4011/1177 3141/4013/115 3151/4014/115 3150/4012/1177
f 3141/4013/115 3139/4015/1053 3152/4016/1053 3151/4014/115
f 3139/4015/1053 3140/4017/1178 3153/4018/1178 3152/4016/1053
f 3135/4019/1917 3138/3993/25 3143/3996/1915 3154/4020/1917
f 3142/4021/5 3144/4022/5 3146/4023/5 3147/4024/5
f 3148/4025/5 3143/4026/5 3142/4021/5 3147/4024/5
f 3122/3970/91 3121/3969/91 3143/3996/91 3148/4027/91
f 3144/4022/5 3145/4028/5 3146/4023/5
f 3140/4017/1178 3135/4019/1917 3154/4020/1917 3153/4018/1178
f 3123/3973/1178 3153/4018/1178 3154/4020/1917 3124/3974/1917
f 3148/4010/1916 3149/4009/1176 3125/3975/1176 3122/3976/1918
f 3149/4009/1176 3150/4012/1177 3126/3977/1177 3125/3975/1176
f 3150/4012/1177 3151/4014/115 3127/3978/115 3126/3977/1177
f 3151/4014/115 3152/4016/1053 3128/3979/1053 3127/3978/115
f 3152/4016/1053 3153/4018/1178 3123/3973/1178 3128/3979/1053
f 3154/4020/1917 3143/3996/1915 3121/3969/1917 3124/3974/1917
f 3155/4029/57 3156/4030/1584 3157/4031/1584 3158/4032/57
f 3157/4031/1584 3156/4030/1584 3159/4033/1594 3160/4034/1919
f 3161/4035/1920 3162/4036/1920 3163/4037/1907 3164/4038/1907
f 3165/4039/1921 3166/4040/1595 3167/4041/1589 3168/4042/1589
f 3168/4042/1589 3167/4041/1589 3169/4043/5 3170/4044/5
f 3170/4044/5 3169/4043/5 3171/4045/1590 3172/4046/1590
f 3172/4046/1590 3171/4045/1590 3173/4047/1922 3174/4048/1923
f 3175/4049/1924 3176/4050/1925 3177/4051/1593 3178/4052/1593
f 3178/4052/1593 3177/4051/1593 3155/4029/57 3158/4032/57
f 3167/4053/27 3166/4054/27 3163/4055/27 3171/4056/27
f 3179/4057/27 3171/4056/27 3163/4055/27 3155/4058/27
f 3159/4059/27 3155/4058/27 3163/4055/27 3162/4060/27
f 3159/4059/27 3156/4061/27 3155/4058/27
f 3176/4062/27 3179/4057/27 3155/4058/27 3177/4063/27
f 3180/4064/27 3171/4056/27 3179/4057/27 3181/4065/27
f 3180/4064/27 3173/4066/27 3171/4056/27
f 3167/4053/27 3171/4056/27 3169/4067/27
f 3182/4068/25 3183/4069/25 3184/4070/25 3185/4071/25
f 3186/4072/25 3185/4071/25 3184/4070/25 3187/4073/25
f 3187/4073/25 3184/4070/25 3188/4074/25 3189/4075/25
f 3190/4076/25 3186/4072/25 3187/4073/25 3191/4077/25
f 3190/4076/25 3192/4078/25 3186/4072/25
f 3193/4079/25 3185/4071/25 3186/4072/25 3194/4080/25
f 3193/4079/25 3195/4081/25 3185/4071/25
f 3182/4068/25 3185/4071/25 3196/4082/25
f 3157/4031/1584 3197/4083/1584 3198/4084/57 3158/4032/57
f 3160/4034/1919 3199/4085/1926 3197/4083/1584 3157/4031/1584
f 3200/4086/91 3201/4087/91 3202/4088/1927 3203/4089/1928
f 3204/4090/91 3205/4091/91 3206/4092/91 3207/4093/91
f 3168/4042/1589 3208/4094/1589 3209/4095/1929 3165/4039/1921
f 3170/4044/5 3210/4096/5 3208/4094/1589 3168/4042/1589
f 3172/4046/1590 3211/4097/1590 3210/4096/5 3170/4044/5
f 3174/4048/1923 3212/4098/1591 3211/4097/1590 3172/4046/1590
f 3213/4099/115 3214/4100/115 3215/4101/1910 3216/4102/1910
f 3175/4049/1924 3217/4103/1592 3218/4104/1909 3219/4105/1909
f 3178/4052/1593 3220/4106/1593 3217/4103/1592 3175/4049/1924
f 3158/4032/57 3198/4084/57 3220/4106/1593 3178/4052/1593
f 3221/4107/25 3222/4108/25 3195/4109/25 3193/4110/25
f 3223/4111/57 3224/4112/57 3194/4113/1926 3225/4114/1926
f 3226/4115/1930 3160/4034/1931 3227/4116/1932 3228/4117/1933
f 3229/4118/1934 3230/4119/1935 3161/4035/1936 3164/4038/1937
f 3231/4120/5 3165/4039/1921 3209/4095/1929 3232/4121/5
f 3233/4122/25 3196/4123/25 3185/4124/25 3234/4125/25
f 3221/4107/25 3224/4112/25 3235/4126/25 3236/4127/25
f 3237/4128/1938 3228/4117/1933 3230/4129/1935 3238/4130/1939
f 3229/4118/1934 3231/4120/1940 3239/4131/1941 3240/4132/1942
f 3241/4133/5 3242/4134/5 3233/4122/5 3243/4135/5
f 3244/4136/25 3234/4125/25 3222/4137/25 3245/4138/25
f 3236/4127/25 3235/4126/25 3246/4139/25 3247/4140/25
f 3238/4130/1939 3200/4141/1943 3203/4142/1944 3237/4128/1938
f 3240/4132/1942 3239/4131/1941 3248/4143/1945 3249/4144/1946
f 3250/4145/1947 3241/4133/5 3243/4135/5 3251/4146/1947
f 3245/4138/25 3252/4147/25 3253/4148/25 3244/4136/25
f 3197/4083/1584 3254/4149/1584 3255/4150/57 3198/4084/57
f 3199/4085/1926 3225/4114/1926 3254/4149/1584 3197/4083/1584
f 3201/4087/91 3256/4151/91 3257/4152/1927 3202/4088/1927
f 3205/4091/91 3258/4153/91 3259/4154/91 3206/4092/91
f 3208/4094/1589 3260/4155/1589 3261/4156/1929 3209/4095/1929
f 3210/4096/5 3262/4157/5 3260/4155/1589 3208/4094/1589
f 3211/4097/1590 3263/4158/1590 3262/4157/5 3210/4096/5
f 3212/4098/1591 3264/4159/1591 3263/4158/1590 3211/4097/1590
f 3214/4100/115 3265/4160/115 3266/4161/1910 3215/4101/1910
f 3217/4103/1592 3267/4162/1592 3268/4163/1909 3218/4104/1909
f 3220/4106/1593 3269/4164/1593 3267/4162/1592 3217/4103/1592
f 3198/4084/57 3255/4150/57 3269/4164/1593 3220/4106/1593
f 3226/4115/57 3270/4165/57 3199/4085/1926 3160/4034/1919
f 3232/4121/5 3209/4095/1929 3261/4156/1929 3242/4134/5
f 3232/4121/5 3271/4166/5 3239/4131/5 3231/4120/5
f 3272/4167/1948 3273/4168/1949 3274/4169/57 3275/4170/57
f 3271/4166/5 3276/4171/1947 3248/4143/1950 3239/4131/5
f 3270/4165/57 3223/4111/57 3225/4114/1926 3199/4085/1926
f 3241/4133/5 3250/4145/1947 3277/4172/1947 3278/4173/5
f 3254/4149/1584 3186/4174/1584 3192/4175/57 3255/4150/57
f 3225/4114/1926 3194/4113/1926 3186/4174/1584 3254/4149/1584
f 3279/4176/91 3252/4177/91 3247/4178/1927 3280/4179/1927
f 3281/4180/91 3282/4181/91 3283/4182/91 3284/4183/91
f 3260/4155/1589 3182/4184/1589 3196/4123/1929 3261/4156/1929
f 3262/4157/5 3183/4185/5 3182/4184/1589 3260/4155/1589
f 3263/4158/1590 3184/4186/1590 3183/4185/5 3262/4157/5
f 3264/4159/1591 3188/4187/1591 3184/4186/1590 3263/4158/1590
f 3265/4160/115 3285/4188/115 3189/4189/1910 3266/4161/1910
f 3267/4162/1592 3191/4190/1592 3187/4191/1909 3268/4163/1909
f 3269/4164/1593 3190/4192/1593 3191/4190/1592 3267/4162/1592
f 3255/4150/57 3192/4175/57 3190/4192/1593 3269/4164/1593
f 3242/4134/5 3261/4156/1929 3196/4123/1929 3233/4122/5
f 3224/4112/57 3223/4111/57 3286/4193/57 3235/4126/57
f 3287/4194/1948 3246/4139/1949 3235/4126/57 3286/4193/57
f 3271/4195/1951 3232/4196/1951 3270/4197/1951 3275/4198/1951
f 3241/4199/115 3278/4200/115 3274/4201/115 3286/4202/115
f 3242/4203/1952 3241/4204/1952 3286/4205/1952 3223/4206/1952
f 3232/4196/91 3242/4203/91 3223/4206/91 3270/4197/91
f 3249/4207/1953 3288/4208/1954 3201/4087/91 3200/4086/91
f 3231/4120/1940 3229/4118/1934 3164/4038/1937 3165/4039/1955
f 3234/4125/25 3185/4124/25 3195/4209/25 3222/4137/25
f 3230/4119/1935 3229/4118/1934 3240/4132/1942 3238/4210/1939
f 3234/4125/25 3244/4136/25 3243/4135/25 3233/4122/25
f 3249/4144/1946 3200/4211/1943 3238/4210/1939 3240/4132/1942
f 3244/4136/25 3253/4148/25 3251/4146/25 3243/4135/25
f 3289/4212/1954 3279/4176/91 3256/4151/91 3290/4213/1954
f 3289/4212/1954 3253/4214/1954 3252/4177/91 3279/4176/91
f 3227/4116/1908 3291/4215/1908 3162/4216/91 3161/4217/91
f 3224/4112/25 3221/4107/25 3193/4110/25 3194/4113/25
f 3228/4117/1933 3227/4116/1932 3161/4217/1936 3230/4129/1935
f 3222/4108/25 3221/4107/25 3236/4127/25 3245/4218/25
f 3228/4117/1933 3237/4128/1938 3292/4219/1956 3226/4115/1930
f 3247/4140/25 3252/4220/25 3245/4218/25 3236/4127/25
f 3237/4128/1938 3203/4142/1944 3293/4221/1957 3292/4219/1956
f 3294/4222/91 3295/4223/91 3296/4224/91 3297/4225/91
f 3298/4226/91 3299/4227/91 3296/4224/91 3295/4223/91
f 3248/4228/1950 3276/4229/1947 3300/4230/1958 3301/4231/1959
f 3276/4229/1947 3277/4232/1947 3302/4233/1958 3300/4230/1958
f 3250/4234/1947 3251/4235/1947 3303/4236/1960 3304/4237/1958
f 3305/4238/1961 3303/4239/1962 3251/4240/25 3253/4214/25
f 3253/4214/1963 3289/4212/1963 3306/4241/1964 3305/4238/1965
f 3289/4212/1963 3290/4213/1963 3307/4242/1964 3306/4241/1964
f 3288/4208/1963 3249/4207/1963 3308/4243/1966 3309/4244/1964
f 3308/4243/1967 3249/4207/1946 3248/4245/1945 3301/4246/1968
f 3246/4247/1949 3287/4248/1948 3310/4249/1969 3311/4250/1970
f 3287/4248/1948 3273/4251/1949 3312/4252/1969 3310/4249/1969
f 3272/4253/1948 3293/4254/1971 3313/4255/1972 3314/4256/1969
f 3315/4257/1973 3313/4258/1974 3293/4259/1957 3203/4089/1944
f 3203/4089/1975 3202/4088/1975 3316/4260/1976 3315/4257/1977
f 3202/4088/1975 3257/4152/1975 3317/4261/1976 3316/4260/1976
f 3280/4179/1975 3247/4178/1975 3318/4262/1978 3319/4263/1976
f 3318/4262/1979 3247/4178/25 3246/4264/25 3311/4265/1980
f 3320/4266/1981 3321/4267/1982 3322/4268/1983 3323/4269/1984
f 3323/4269/1984 3322/4268/1983 3324/4270/1983 3325/4271/1984
f 3326/4272/1985 3327/4273/1984 3328/4274/1983 3329/4275/1986
f 3326/4276/1987 3329/4277/1988 3330/4278/1989 3331/4279/1990
f 3331/4279/1991 3330/4278/1992 3332/4280/1993 3333/4281/1994
f 3334/4282/1994 3333/4281/1994 3332/4280/1993 3335/4283/1993
f 3336/4284/1995 3337/4285/1994 3338/4286/1993 3339/4287/1996
f 3320/4288/1997 3336/4284/1998 3339/4287/1999 3321/4289/2000
f 3340/4290/2001 3341/4291/2002 3342/4292/2003 3343/4293/2004
f 3344/4294/2004 3343/4293/2004 3342/4292/2003 3345/4295/2003
f 3346/4296/2005 3347/4297/2004 3348/4298/2003 3349/4299/2006
f 3346/4300/2007 3349/4301/2008 3350/4302/2009 3351/4303/2010
f 3351/4303/2011 3350/4302/2012 3352/4304/2013 3353/4305/2014
f 3353/4305/2014 3352/4304/2013 3354/4306/2013 3355/4307/2014
f 3356/4308/2015 3357/4309/2014 3358/4310/2013 3359/4311/2016
f 3340/4312/2017 3356/4308/1990 3359/4311/2018 3341/4313/1988
f 3163/4037/1907 3166/4040/1595 3165/4039/1921 3164/4038/1907
f 3291/4215/1908 3227/4116/1908 3160/4034/1919 3159/4033/1594
f 3360/4314/91 3361/4315/91 3362/4316/91 3363/4317/91
f 3293/4221/1971 3272/4167/1948 3275/4170/57 3292/4219/57
f 3256/4151/91 3279/4176/91 3280/4179/1927 3257/4152/1927
f 3258/4153/91 3281/4180/91 3284/4183/91 3259/4154/91
f 3286/4193/57 3274/4169/57 3273/4168/1949 3287/4194/1948
f 3278/4173/5 3277/4172/1947 3276/4171/1947 3271/4166/5
f 3274/4201/115 3278/4200/115 3271/4195/115 3275/4198/115
f 3256/4151/91 3201/4087/91 3288/4208/1954 3290/4213/1954
f 3294/4222/91 3297/4225/91 3360/4314/91 3363/4317/91
f 3277/4232/1947 3250/4234/1947 3304/4237/1958 3302/4233/1958
f 3290/4213/1963 3288/4208/1963 3309/4244/1964 3307/4242/1964
f 3273/4251/1949 3272/4253/1948 3314/4256/1969 3312/4252/1969
f 3257/4152/1975 3280/4179/1975 3319/4263/1976 3317/4261/1976
f 3325/4271/1984 3324/4270/1983 3328/4274/1983 3327/4273/1984
f 3337/4285/1994 3334/4282/1994 3335/4283/1993 3338/4286/1993
f 3347/4297/2004 3344/4294/2004 3345/4295/2003 3348/4298/2003
f 3355/4307/2014 3354/4306/2013 3358/4310/2013 3357/4309/2014
f 3292/4219/57 3275/4170/57 3270/4165/57 3226/4115/57
f 3364/4318/27 3173/4319/27 3180/4320/27 3365/4321/27
f 3366/4322/27 3367/4323/27 3181/4324/27 3179/4325/27
f 3368/4326/57 3176/4327/57 3175/4328/57 3369/4329/57
f 3369/4329/25 3175/4328/25 3219/4330/25 3370/4331/25
f 3371/4332/25 3372/4333/25 3213/4334/25 3216/4335/25
f 3174/4336/1923 3173/4319/1922 3364/4318/5 3373/4337/5
f 3374/4338/27 3365/4321/27 3367/4339/27 3375/4340/27
f 3376/4341/25 3370/4331/25 3372/4342/25 3377/4343/25
f 3378/4344/27 3374/4338/27 3375/4340/27 3379/4345/27
f 3380/4346/27 3381/4347/27 3382/4348/27 3383/4349/27
f 3381/4347/57 3384/4350/57 3385/4351/57 3382/4348/57
f 3386/4352/25 3376/4341/25 3377/4343/25 3387/4353/25
f 3388/4354/25 3389/4355/25 3390/4356/25 3391/4357/25
f 3389/4355/5 3392/4358/5 3393/4359/5 3390/4356/5
f 3378/4344/2019 3379/4345/115 3387/4353/115 3391/4357/2019
f 3215/4101/1910 3212/4098/1591 3174/4048/1923 3216/4102/1910
f 3266/4161/1910 3264/4159/1591 3212/4098/1591 3215/4101/1910
f 3189/4189/1910 3188/4187/1591 3264/4159/1591 3266/4161/1910
f 3391/4357/2019 3390/4356/2020 3393/4359/2020 3378/4344/2019
f 3365/4321/27 3180/4320/27 3181/4360/27 3367/4339/27
f 3373/4337/25 3371/4332/25 3216/4335/25 3174/4336/25
f 3388/4354/25 3377/4361/25 3372/4333/25 3371/4332/25
f 3374/4338/27 3378/4344/27 3393/4359/27 3392/4358/27
f 3377/4361/25 3388/4354/25 3391/4357/25 3387/4353/25
f 3218/4104/1909 3214/4100/115 3213/4362/115 3219/4105/1909
f 3268/4163/1909 3265/4160/115 3214/4100/115 3218/4104/1909
f 3187/4191/1909 3285/4188/115 3265/4160/115 3268/4163/1909
f 3383/4349/2021 3386/4352/2021 3387/4353/115 3379/4345/115
f 3368/4326/27 3366/4322/27 3179/4325/27 3176/4327/27
f 3370/4331/25 3219/4330/25 3213/4363/25 3372/4342/25
f 3380/4346/27 3375/4364/27 3367/4323/27 3366/4322/27
f 3375/4364/27 3380/4346/27 3383/4349/27 3379/4345/27
f 3376/4341/25 3386/4352/25 3385/4351/25 3384/4350/25
f 3370/4331/57 3376/4341/57 3380/4346/57 3366/4322/57
f 3368/4326/2022 3369/4329/2022 3370/4331/2022 3366/4322/2022
f 3364/4318/2023 3365/4321/2023 3371/4332/2023 3373/4337/2023
f 3389/4355/2024 3388/4354/2024 3374/4338/2024 3392/4358/2024
f 3371/4332/5 3365/4321/5 3374/4338/5 3388/4354/5
f 3383/4349/2021 3382/4348/2025 3385/4351/2025 3386/4352/2021
f 3381/4347/2026 3380/4346/2026 3376/4341/2026 3384/4350/2026
f 3300/4230/1958 3322/4268/1983 3321/4267/1982 3301/4231/1959
f 3302/4233/1958 3324/4270/1983 3322/4268/1983 3300/4230/1958
f 3304/4237/1958 3303/4236/1960 3329/4275/1986 3328/4274/1983
f 3303/4239/1962 3305/4238/1961 3330/4278/1989 3329/4277/1988
f 3306/4241/1964 3332/4280/1993 3330/4278/1992 3305/4238/1965
f 3307/4242/1964 3335/4283/1993 3332/4280/1993 3306/4241/1964
f 3309/4244/1964 3308/4243/1966 3339/4287/1996 3338/4286/1993
f 3339/4287/1999 3308/4243/1967 3301/4246/1968 3321/4289/2000
f 3310/4249/1969 3342/4292/2003 3341/4291/2002 3311/4250/1970
f 3312/4252/1969 3345/4295/2003 3342/4292/2003 3310/4249/1969
f 3314/4256/1969 3313/4255/1972 3349/4299/2006 3348/4298/2003
f 3313/4258/1974 3315/4257/1973 3350/4302/2009 3349/4301/2008
f 3316/4260/1976 3352/4304/2013 3350/4302/2012 3315/4257/1977
f 3317/4261/1976 3354/4306/2013 3352/4304/2013 3316/4260/1976
f 3319/4263/1976 3318/4262/1978 3359/4311/2016 3358/4310/2013
f 3359/4311/2018 3318/4262/1979 3311/4265/1980 3341/4313/1988
f 3204/4090/2027 3320/4266/1981 3323/4269/1984 3205/4091/2027
f 3205/4091/2027 3323/4269/1984 3325/4271/1984 3258/4153/2027
f 3327/4273/1984 3326/4272/1985 3282/4181/2027 3281/4180/2027
f 3282/4365/2028 3326/4276/1987 3331/4279/1990 3283/4182/2028
f 3283/4182/1972 3331/4279/1991 3333/4281/1994 3284/4183/1972
f 3333/4281/1994 3334/4282/1994 3259/4154/1972 3284/4183/1972
f 3337/4285/1994 3336/4284/1995 3207/4093/2029 3206/4092/2029
f 3336/4284/1998 3320/4288/1997 3204/4366/2030 3207/4093/2030
f 3299/4227/2031 3340/4290/2001 3343/4293/2004 3296/4224/2031
f 3343/4293/2004 3344/4294/2004 3297/4225/2031 3296/4224/2031
f 3347/4297/2004 3346/4296/2005 3361/4315/2031 3360/4314/2031
f 3361/4367/2032 3346/4300/2007 3351/4303/2010 3362/4316/2032
f 3362/4316/2033 3351/4303/2011 3353/4305/2014 3363/4317/2033
f 3363/4317/2033 3353/4305/2014 3355/4307/2014 3294/4222/2033
f 3357/4309/2014 3356/4308/2015 3298/4226/2033 3295/4223/2033
f 3356/4308/1990 3340/4312/2017 3299/4368/2034 3298/4226/2034
f 3302/4233/1958 3304/4237/1958 3328/4274/1983 3324/4270/1983
f 3307/4242/1964 3309/4244/1964 3338/4286/1993 3335/4283/1993
f 3312/4252/1969 3314/4256/1969 3348/4298/2003 3345/4295/2003
f 3317/4261/1976 3319/4263/1976 3358/4310/2013 3354/4306/2013
f 3258/4153/2027 3325/4271/1984 3327/4273/1984 3281/4180/2027
f 3334/4282/1994 3337/4285/1994 3206/4092/2029 3259/4154/1972
f 3344/4294/2004 3347/4297/2004 3360/4314/2031 3297/4225/2031
f 3294/4222/2033 3355/4307/2014 3357/4309/2014 3295/4223/2033
f 3394/4369/27 3395/4370/27 3396/4371/27 3397/4372/27
f 3398/4373/25 3399/4374/25 3400/4375/25 3401/4376/25
f 3395/4377/115 3394/4378/115 3399/4374/115 3398/4373/115
f 3394/4379/57 3397/4380/57 3400/4375/57 3399/4374/57
f 3402/4381/91 3403/4382/91 3404/4383/91 3405/4384/91
f 3396/4371/5 3395/4370/5 3398/4373/5 3401/4376/5
f 3397/4372/91 3396/4371/91 3406/4385/91 3407/4386/91
f 3396/4371/91 3401/4376/91 3408/4387/91 3406/4385/91
f 3401/4376/91 3400/4375/91 3409/4388/91 3408/4387/91
f 3400/4375/91 3397/4380/91 3407/4389/91 3409/4388/91
f 3407/4386/27 3406/4385/27 3403/4390/27 3402/4391/27
f 3406/4385/5 3408/4387/5 3404/4383/5 3403/4390/5
f 3408/4387/25 3409/4388/25 3405/4384/25 3404/4383/25
f 3409/4388/57 3407/4389/57 3402/4392/57 3405/4384/57
f 3410/4393/2035 3411/4394/2036 3412/4395/2037
f 3410/4393/2035 3412/4395/2037 3413/4396/2038
f 3410/4393/2035 3413/4396/2038 3414/4397/2039
f 3410/4393/2035 3414/4397/2039 3415/4398/2040
f 3410/4393/2035 3415/4398/2040 3416/4399/2041
f 3410/4393/2035 3416/4399/2041 3417/4400/2042
f 3410/4393/2035 3417/4400/2042 3418/4401/2043
f 3410/4393/2035 3418/4401/2043 3419/4402/2044
f 3410/4393/2035 3419/4402/2044 3420/4403/2045
f 3410/4393/2035 3420/4403/2045 3421/4404/2046
f 3410/4393/2035 3421/4404/2046 3422/4405/2047
f 3410/4393/2035 3422/4405/2047 3411/4394/2036
f 3412/4395/2037 3411/4394/2036 3423/4406/2048 3424/4407/2049
f 3412/4395/2037 3424/4407/2049 3425/4408/2050 3413/4396/2038
f 3413/4396/2038 3425/4408/2050 3426/4409/2051 3414/4397/2039
f 3414/4397/2039 3426/4409/2051 3427/4410/2052 3415/4398/2040
f 3415/4398/2040 3427/4410/2052 3428/4411/2053 3416/4399/2041
f 3416/4399/2041 3428/4411/2053 3429/4412/2054 3417/4400/2042
f 3417/4400/2042 3429/4412/2054 3430/4413/2055 3418/4401/2043
f 3418/4401/2043 3430/4413/2055 3431/4414/2056 3419/4402/2044
f 3419/4402/2044 3431/4414/2056 3432/4415/2057 3420/4403/2045
f 3420/4403/2045 3432/4415/2057 3433/4416/2058 3421/4404/2046
f 3421/4404/2046 3433/4416/2058 3434/4417/2059 3422/4405/2047
f 3422/4405/2047 3434/4417/2059 3423/4406/2048 3411/4394/2036
f 3435/4418/2060 3424/4407/2049 3423/4406/2048 3436/4419/2061
f 3424/4407/2049 3435/4418/2060 3437/4420/2062 3425/4408/2050
f 3425/4408/2050 3437/4420/2062 3438/4421/2063 3426/4409/2051
f 3426/4409/2051 3438/4421/2063 3439/4422/2064 3427/4410/2052
f 3428/4411/2053 3427/4410/2052 3439/4422/2064 3440/4423/2065
f 3429/4412/2054 3428/4411/2053 3440/4423/2065 3441/4424/2066
f 3430/4413/2055 3429/4412/2054 3441/4424/2066 3442/4425/2067
f 3430/4413/2055 3442/4425/2067 3443/4426/2068 3431/4414/2056
f 3431/4414/2056 3443/4426/2068 3444/4427/2069 3432/4415/2057
f 3432/4415/2057 3444/4427/2069 3445/4428/2070 3433/4416/2058
f 3433/4416/2058 3445/4428/2070 3446/4429/2071 3434/4417/2059
f 3434/4417/2059 3446/4429/2071 3436/4419/2061 3423/4406/2048
f 3447/4430/2072 3448/4431/2073 3449/4432/2074 3450/4433/2075
f 3451/4434/2076 3450/4433/2075 3449/4432/2074 3452/4435/2077
f 3452/4435/2077 3453/4436/2078 3454/4437/2079 3451/4434/2076
f 3454/4437/2079 3453/4436/2078 3455/4438/2080 3456/4439/2081
f 3455/4438/2080 3457/4440/2082 3458/4441/2083 3456/4439/2081
f 3457/4440/2082 3459/4442/2084 3460/4443/2085 3458/4441/2083
f 3461/4444/2086 3460/4443/2085 3459/4442/2084 3462/4445/2087
f 3462/4445/2087 3463/4446/2088 3464/4447/2089 3461/4444/2086
f 3465/4448/2090 3447/4430/2072 3450/4433/2075 3466/4449/2091
f 3466/4449/2091 3450/4433/2075 3451/4434/2076 3467/4450/2092
f 3468/4451/2093 3465/4448/2090 3466/4449/2091 3469/4452/2094
f 3467/4450/2092 3451/4434/2076 3454/4437/2079 3470/4453/2095
f 3469/4452/2094 3466/4449/2091 3467/4450/2092 3471/4454/2096
f 3454/4437/2079 3456/4439/2081 3472/4455/2097 3470/4453/2095
f 3471/4454/2096 3467/4450/2092 3470/4453/2095 3473/4456/2098
f 3456/4439/2081 3458/4441/2083 3474/4457/2099 3472/4455/2097
f 3475/4458/2100 3473/4456/2098 3470/4453/2095 3472/4455/2097
f 3458/4441/2083 3460/4443/2085 3476/4459/2101 3474/4457/2099
f 3460/4443/2085 3461/4444/2086 3477/4460/2102 3476/4459/2101
f 3477/4460/2102 3461/4444/2086 3464/4447/2089 3478/4461/2103
f 3479/4462/2104 3475/4458/2100 3472/4455/2097 3474/4457/2099
f 3480/4463/2105 3479/4462/2104 3474/4457/2099 3476/4459/2101
f 3481/4464/2106 3480/4463/2105 3476/4459/2101 3477/4460/2102
f 3481/4464/2106 3477/4460/2102 3478/4461/2103 3482/4465/2107
f 3483/4466/2108 3468/4451/2093 3469/4452/2094 3484/4467/2109
f 3484/4467/2109 3469/4452/2094 3471/4454/2096 3485/4468/2110
f 3485/4468/2110 3471/4454/2096 3473/4456/2098 3486/4469/2111
f 3473/4456/2098 3475/4458/2100 3487/4470/2112 3486/4469/2111
f 3475/4458/2100 3479/4462/2104 3488/4471/2113 3487/4470/2112
f 3489/4472/2114 3488/4471/2113 3479/4462/2104 3480/4463/2105
f 3490/4473/2115 3489/4472/2114 3480/4463/2105 3481/4464/2106
f 3491/4474/2116 3490/4473/2115 3481/4464/2106 3482/4465/2107
f 3484/4467/2109 3485/4468/2110 3492/4475/2117 3493/4476/2118
f 3494/4477/1637 3483/4466/2108 3484/4467/2109 3493/4476/2118
f 3493/4476/2118 3495/4478/2119 3496/4479/2120 3494/4477/1637
f 3495/4478/2119 3493/4476/2118 3492/4475/2117 3497/4480/2121
f 3498/4481/2122 3492/4475/2117 3485/4468/2110 3486/4469/2111
f 3499/4482/2123 3498/4481/2122 3486/4469/2111 3487/4470/2112
f 3500/4483/2124 3499/4482/2123 3487/4470/2112 3488/4471/2113
f 3501/4484/2125 3500/4483/2124 3488/4471/2113 3489/4472/2114
f 3502/4485/2126 3501/4484/2125 3489/4472/2114 3490/4473/2115
f 3501/4484/2125 3502/4485/2126 3503/4486/2127 3504/4487/2128
f 3500/4483/2124 3501/4484/2125 3504/4487/2128 3505/4488/2129
f 3499/4482/2123 3500/4483/2124 3505/4488/2129 3506/4489/2130
f 3498/4481/2122 3499/4482/2123 3506/4489/2130 3507/4490/2131
f 3492/4475/2117 3498/4481/2122 3507/4490/2131 3497/4480/2121
f 3497/4480/2121 3507/4490/2131 3508/4491/2132 3509/4492/2133
f 3510/4493/2134 3511/4494/2135 3512/4495/2136 3513/4496/2137
f 3514/4497/2138 3515/4498/2139 3512/4495/2136 3511/4494/2135
f 3515/4498/2139 3514/4497/2138 3516/4499/2140 3517/4500/2141
f 3517/4500/2141 3516/4499/2140 3518/4501/2142 3519/4502/2143
f 3519/4502/2143 3518/4501/2142 3520/4503/2144 3521/4504/2145
f 3521/4504/2145 3520/4503/2144 3522/4505/2146 3523/4506/2147
f 3523/4506/2147 3522/4505/2146 3524/4507/2148 3525/4508/2149
f 3525/4508/2149 3524/4507/2148 3526/4509/2150 3527/4510/2151
f 3528/4511/2152 3517/4500/2153 3519/4502/2154 3529/4512/2155
f 3529/4512/2155 3519/4502/2154 3521/4504/2156 3530/4513/2157
f 3517/4500/2153 3528/4511/2152 3531/4514/2158 3515/4498/2159
f 3530/4515/2160 3532/4516/2161 3533/4517/2162
f 3530/4513/2157 3521/4504/2156 3523/4506/2163 3532/4518/2164
f 3534/4519/2165 3535/4520/2166 3528/4521/2167 3529/4522/2168
f 3536/4523/2169 3512/4495/2170 3515/4498/2159 3531/4514/2158
f 3537/4524/2171 3532/4518/2164 3523/4506/2163 3525/4508/2172
f 3534/4519/2165 3538/4525/2173 3539/4526/2174 3535/4520/2166
f 3540/4527/2175 3533/4517/2162 3532/4516/2161 3537/4528/2176
f 3513/4496/2177 3512/4495/2170 3536/4523/2169 3541/4529/2178
f 3542/4530/2179 3539/4526/2174 3538/4525/2173 3543/4531/2180
f 3544/4532/2181 3537/4524/2171 3525/4508/2172 3527/4510/2182
f 3545/4533/2183 3540/4527/2175 3537/4528/2176 3544/4534/2184
f 3507/4490/2131 3506/4489/2130 3546/4535/2185 3508/4491/2132
f 3497/4480/2121 3509/4492/2133 3547/4536/2186 3495/4478/2119
f 3495/4478/2119 3547/4536/2186 3548/4537/2187 3496/4479/2120
f 3504/4487/2128 3503/4486/2127 3549/4538/2188 3550/4539/2189
f 3503/4486/2127 3551/4540/2190 3552/4541/2191 3549/4538/2188
f 3505/4488/2129 3504/4487/2128 3550/4539/2189 3553/4542/2192
f 3506/4489/2130 3505/4488/2129 3553/4542/2192 3546/4535/2185
f 3510/4493/2193 3554/4543/2194 3555/4544/2195 3511/4494/2196
f 3556/4545/2197 3557/4546/2198 3463/4446/2088 3462/4445/2087
f 3557/4546/2198 3556/4545/2197 3558/4547/2199 3559/4548/2200
f 3559/4548/2200 3558/4547/2199 3555/4544/2195 3554/4543/2194
f 3560/4549/2201 3556/4545/2197 3462/4445/2087 3459/4442/2084
f 3511/4494/2196 3555/4544/2195 3561/4550/2202 3514/4497/2203
f 3562/4551/2204 3561/4550/2202 3555/4544/2195 3558/4547/2199
f 3558/4547/2199 3556/4545/2197 3560/4549/2201 3562/4551/2204
f 3514/4497/2203 3561/4550/2202 3563/4552/2205 3516/4499/2206
f 3564/4553/2207 3560/4549/2201 3459/4442/2084 3457/4440/2082
f 3562/4551/2204 3560/4549/2201 3564/4553/2207 3565/4554/2208
f 3561/4550/2202 3562/4551/2204 3565/4554/2208 3563/4552/2205
f 3566/4555/2209 3564/4553/2207 3457/4440/2082 3455/4438/2080
f 3516/4499/2206 3563/4552/2205 3567/4556/2210 3518/4501/2211
f 3568/4557/2212 3567/4556/2210 3563/4552/2205 3565/4554/2208
f 3565/4554/2208 3564/4553/2207 3566/4555/2209 3568/4557/2212
f 3569/4558/2213 3566/4555/2209 3455/4438/2080 3453/4436/2078
f 3518/4501/2211 3567/4556/2210 3570/4559/2214 3520/4503/2215
f 3568/4557/2212 3566/4555/2209 3569/4558/2213 3571/4560/2216
f 3568/4557/2212 3571/4560/2216 3570/4559/2214 3567/4556/2210
f 3572/4561/2217 3569/4558/2213 3453/4436/2078 3452/4435/2077
f 3520/4503/2215 3570/4559/2214 3573/4562/2218 3522/4505/2219
f 3574/4563/2220 3573/4562/2218 3570/4559/2214 3571/4560/2216
f 3571/4560/2216 3569/4558/2213 3572/4561/2217 3574/4563/2220
f 3522/4505/2219 3573/4562/2218 3575/4564/2221 3524/4507/2222
f 3576/4565/2223 3572/4561/2217 3452/4435/2077 3449/4432/2074
f 3573/4562/2218 3574/4563/2220 3577/4566/2224 3575/4564/2221
f 3574/4563/2220 3572/4561/2217 3576/4565/2223 3577/4566/2224
f 3575/4564/2221 3577/4566/2224 3578/4567/2225 3579/4568/2226
f 3524/4507/2222 3575/4564/2221 3579/4568/2226 3526/4509/2227
f 3580/4569/2228 3578/4567/2225 3577/4566/2224 3576/4565/2223
f 3576/4565/2223 3449/4432/2074 3448/4431/2073 3580/4569/2228
f 3490/4473/2115 3491/4474/2116 3581/4570/2229 3502/4485/2126
f 3502/4485/2126 3581/4570/2229 3551/4540/2190 3503/4486/2127
f 3447/4430/2072 3582/4571/2230 3583/4572/2231 3448/4431/2073
f 3584/4573/2232 3585/4574/2233 3583/4572/2231 3582/4571/2230
f 3586/4575/2234 3587/4576/2235 3585/4574/2233 3584/4573/2232
f 3586/4575/2234 3588/4577/2236 3589/4578/2237 3587/4576/2235
f 3590/4579/2238 3591/4580/2239 3589/4578/2237 3588/4577/2236
f 3591/4580/2239 3590/4579/2238 3592/4581/2240 3593/4582/2241
f 3594/4583/2242 3595/4584/2243 3593/4582/2241 3592/4581/2240
f 3464/4585/2089 3463/4586/2088 3595/4584/2243 3594/4583/2242
f 3465/4448/2090 3596/4587/2244 3582/4571/2230 3447/4430/2072
f 3596/4587/2244 3597/4588/2245 3584/4573/2232 3582/4571/2230
f 3468/4451/2093 3598/4589/2246 3596/4587/2244 3465/4448/2090
f 3597/4588/2245 3599/4590/2247 3586/4575/2234 3584/4573/2232
f 3598/4589/2246 3600/4591/2248 3597/4588/2245 3596/4587/2244
f 3586/4575/2234 3599/4590/2247 3601/4592/2249 3588/4577/2236
f 3600/4591/2248 3602/4593/2250 3599/4590/2247 3597/4588/2245
f 3588/4577/2236 3601/4592/2249 3603/4594/2251 3590/4579/2238
f 3604/4595/2252 3601/4592/2249 3599/4590/2247 3602/4593/2250
f 3590/4579/2238 3603/4594/2251 3605/4596/2253 3592/4581/2240
f 3592/4581/2240 3605/4596/2253 3606/4597/2254 3594/4583/2242
f 3606/4597/2254 3478/4598/2103 3464/4585/2089 3594/4583/2242
f 3607/4599/2255 3603/4594/2251 3601/4592/2249 3604/4595/2252
f 3608/4600/2256 3605/4596/2253 3603/4594/2251 3607/4599/2255
f 3609/4601/2257 3606/4597/2254 3605/4596/2253 3608/4600/2256
f 3609/4601/2257 3482/4602/2107 3478/4598/2103 3606/4597/2254
f 3483/4466/2108 3610/4603/2258 3598/4589/2246 3468/4451/2093
f 3610/4603/2258 3611/4604/2259 3600/4591/2248 3598/4589/2246
f 3611/4604/2259 3612/4605/2260 3602/4593/2250 3600/4591/2248
f 3602/4593/2250 3612/4605/2260 3613/4606/2261 3604/4595/2252
f 3604/4595/2252 3613/4606/2261 3614/4607/2262 3607/4599/2255
f 3615/4608/2263 3608/4600/2256 3607/4599/2255 3614/4607/2262
f 3616/4609/2264 3609/4601/2257 3608/4600/2256 3615/4608/2263
f 3491/4610/2116 3482/4602/2107 3609/4601/2257 3616/4609/2264
f 3610/4603/2258 3617/4611/2265 3618/4612/2266 3611/4604/2259
f 3494/4477/1637 3617/4611/2265 3610/4603/2258 3483/4466/2108
f 3617/4611/2265 3494/4477/1637 3496/4479/2120 3619/4613/2267
f 3619/4613/2267 3620/4614/2268 3618/4612/2266 3617/4611/2265
f 3621/4615/2269 3612/4605/2260 3611/4604/2259 3618/4612/2266
f 3622/4616/2270 3613/4606/2261 3612/4605/2260 3621/4615/2269
f 3623/4617/2271 3614/4607/2262 3613/4606/2261 3622/4616/2270
f 3624/4618/2272 3615/4608/2263 3614/4607/2262 3623/4617/2271
f 3625/4619/2273 3616/4609/2264 3615/4608/2263 3624/4618/2272
f 3624/4618/2272 3626/4620/2274 3627/4621/2275 3625/4619/2273
f 3623/4617/2271 3628/4622/2276 3626/4620/2274 3624/4618/2272
f 3622/4616/2270 3629/4623/2277 3628/4622/2276 3623/4617/2271
f 3621/4615/2269 3630/4624/2278 3629/4623/2277 3622/4616/2270
f 3618/4612/2266 3620/4614/2268 3630/4624/2278 3621/4615/2269
f 3620/4614/2268 3631/4625/2279 3632/4626/2280 3630/4624/2278
f 3510/4627/2134 3513/4628/2137 3633/4629/2281 3634/4630/2282
f 3633/4629/2281 3635/4631/2283 3636/4632/2284 3634/4630/2282
f 3635/4631/2283 3637/4633/2285 3638/4634/2286 3636/4632/2284
f 3637/4633/2285 3639/4635/2287 3640/4636/2288 3638/4634/2286
f 3639/4635/2287 3641/4637/2289 3642/4638/2290 3640/4636/2288
f 3641/4637/2289 3643/4639/2291 3644/4640/2292 3642/4638/2290
f 3643/4639/2291 3645/4641/2293 3646/4642/2294 3644/4640/2292
f 3645/4641/2293 3527/4510/2151 3526/4509/2150 3646/4642/2294
f 3647/4643/2295 3648/4644/2296 3639/4635/2297 3637/4633/2298
f 3648/4644/2296 3649/4645/2299 3641/4637/2300 3639/4635/2297
f 3650/4646/2301 3647/4643/2295 3637/4633/2298 3635/4631/2302
f 3651/4647/2303 3652/4648/2304 3649/4649/2305
f 3649/4645/2299 3652/4650/2306 3643/4639/2307 3641/4637/2300
f 3647/4651/2308 3653/4652/2309 3654/4653/2310 3648/4654/2311
f 3655/4655/2312 3650/4646/2301 3635/4631/2302 3633/4629/2313
f 3656/4656/2314 3645/4641/2315 3643/4639/2307 3652/4650/2306
f 3657/4657/2316 3658/4658/2317 3654/4653/2310 3653/4652/2309
f 3652/4648/2304 3651/4647/2303 3659/4659/2318 3656/4660/2319
f 3655/4655/2312 3633/4629/2313 3513/4628/2177 3541/4661/2178
f 3658/4658/2317 3657/4657/2316 3542/4530/2179 3543/4531/2180
f 3544/4532/2181 3527/4510/2182 3645/4641/2315 3656/4656/2314
f 3656/4660/2319 3659/4659/2318 3545/4533/2183 3544/4534/2184
f 3630/4624/2278 3632/4626/2280 3660/4662/2320 3629/4623/2277
f 3620/4614/2268 3619/4613/2267 3661/4663/2321 3631/4625/2279
f 3619/4613/2267 3496/4479/2120 3548/4537/2187 3661/4663/2321
f 3626/4620/2274 3662/4664/2322 3663/4665/2323 3627/4621/2275
f 3627/4621/2275 3663/4665/2323 3552/4666/2191 3551/4667/2190
f 3628/4622/2276 3664/4668/2324 3662/4664/2322 3626/4620/2274
f 3629/4623/2277 3660/4662/2320 3664/4668/2324 3628/4622/2276
f 3510/4627/2193 3634/4630/2325 3665/4669/2326 3554/4670/2194
f 3666/4671/2327 3595/4584/2243 3463/4586/2088 3557/4672/2198
f 3557/4672/2198 3559/4673/2200 3667/4674/2328 3666/4671/2327
f 3665/4669/2326 3667/4674/2328 3559/4673/2200 3554/4670/2194
f 3668/4675/2329 3593/4582/2241 3595/4584/2243 3666/4671/2327
f 3634/4630/2325 3636/4632/2330 3669/4676/2331 3665/4669/2326
f 3670/4677/2332 3667/4674/2328 3665/4669/2326 3669/4676/2331
f 3667/4674/2328 3670/4677/2332 3668/4675/2329 3666/4671/2327
f 3636/4632/2330 3638/4634/2333 3671/4678/2334 3669/4676/2331
f 3672/4679/2335 3591/4580/2239 3593/4582/2241 3668/4675/2329
f 3670/4677/2332 3673/4680/2336 3672/4679/2335 3668/4675/2329
f 3669/4676/2331 3671/4678/2334 3673/4680/2336 3670/4677/2332
f 3674/4681/2337 3589/4578/2237 3591/4580/2239 3672/4679/2335
f 3638/4634/2333 3640/4636/2338 3675/4682/2339 3671/4678/2334
f 3676/4683/2340 3673/4680/2336 3671/4678/2334 3675/4682/2339
f 3673/4680/2336 3676/4683/2340 3674/4681/2337 3672/4679/2335
f 3677/4684/2341 3587/4576/2235 3589/4578/2237 3674/4681/2337
f 3640/4636/2338 3642/4638/2342 3678/4685/2343 3675/4682/2339
f 3676/4683/2340 3679/4686/2344 3677/4684/2341 3674/4681/2337
f 3678/4685/2343 3679/4686/2344 3676/4683/2340 3675/4682/2339
f 3680/4687/2345 3585/4574/2233 3587/4576/2235 3677/4684/2341
f 3642/4638/2342 3644/4640/2346 3681/4688/2347 3678/4685/2343
f 3682/4689/2348 3679/4686/2344 3678/4685/2343 3681/4688/2347
f 3679/4686/2344 3682/4689/2348 3680/4687/2345 3677/4684/2341
f 3644/4640/2346 3646/4642/2349 3683/4690/2350 3681/4688/2347
f 3684/4691/2351 3583/4572/2231 3585/4574/2233 3680/4687/2345
f 3681/4688/2347 3683/4690/2350 3685/4692/2352 3682/4689/2348
f 3682/4689/2348 3685/4692/2352 3684/4691/2351 3680/4687/2345
f 3683/4690/2350 3579/4568/2226 3578/4567/2225 3685/4692/2352
f 3646/4642/2349 3526/4509/2227 3579/4568/2226 3683/4690/2350
f 3580/4569/2228 3684/4691/2351 3685/4692/2352 3578/4567/2225
f 3684/4691/2351 3580/4569/2228 3448/4431/2073 3583/4572/2231
f 3616/4609/2264 3625/4619/2273 3581/4693/2229 3491/4610/2116
f 3625/4619/2273 3627/4621/2275 3551/4667/2190 3581/4693/2229
f 3647/4651/2308 3650/4694/2353 3653/4652/2309
f 3657/4657/2316 3653/4652/2309 3650/4694/2353 3655/4695/2354
f 3542/4530/2179 3657/4657/2316 3655/4695/2354 3541/4696/2355
f 3536/4697/2356 3539/4526/2174 3542/4530/2179 3541/4696/2355
f 3531/4698/2357 3535/4520/2166 3539/4526/2174 3536/4697/2356
f 3535/4520/2166 3531/4698/2357 3528/4521/2167
f 3651/4647/2303 3649/4649/2305 3648/4654/2311 3654/4653/2310
f 3658/4658/2317 3659/4659/2318 3651/4647/2303 3654/4653/2310
f 3659/4659/2318 3658/4658/2317 3543/4531/2180 3545/4533/2183
f 3545/4533/2183 3543/4531/2180 3538/4525/2173 3540/4527/2175
f 3533/4517/2162 3540/4527/2175 3538/4525/2173 3534/4519/2165
f 3529/4522/2168 3530/4515/2160 3533/4517/2162 3534/4519/2165
f 3686/4699/5 3687/4700/5 3688/4701/5 3689/4702/5
f 3690/4703/2358 3691/4704/2358 3686/4699/2358 3689/4702/2358
f 3692/4705/25 3687/4700/25 3686/4699/25 3691/4706/25
f 3693/4707/2359 3688/4701/2359 3687/4700/2359 3692/4708/2359
f 3693/4709/27 3690/4710/27 3689/4702/27 3688/4701/27
f 3694/4711/57 3695/4712/57 3696/4713/57 3697/4714/57
f 3696/4713/2358 3691/4704/2358 3690/4703/2358 3697/4714/2358
f 3696/4715/25 3695/4716/25 3692/4705/25 3691/4706/25
f 3695/4717/2359 3694/4718/2359 3693/4707/2359 3692/4708/2359
f 3697/4719/27 3690/4710/27 3693/4709/27 3694/4720/27
f 3698/4721/2360 3699/4722/2361 3700/4723/2362
f 3698/4721/2360 3700/4723/2362 3701/4724/2363
f 3698/4721/2360 3701/4724/2363 3702/4725/2364
f 3698/4721/2360 3702/4725/2364 3703/4726/2365
f 3698/4721/2360 3703/4726/2365 3704/4727/2366
f 3698/4721/2360 3704/4727/2366 3705/4728/2367
f 3698/4721/2360 3705/4728/2367 3706/4729/2368
f 3698/4721/2360 3706/4729/2368 3707/4730/2369
f 3698/4721/2360 3707/4730/2369 3708/4731/2370
f 3698/4721/2360 3708/4731/2370 3709/4732/2371
f 3698/4721/2360 3709/4732/2371 3710/4733/2372
f 3698/4721/2360 3710/4733/2372 3699/4722/2361
f 3711/4734/2373 3712/4735/2374 3700/4723/2362 3699/4722/2361
f 3712/4735/2374 3713/4736/2375 3701/4724/2363 3700/4723/2362
f 3713/4736/2375 3714/4737/2376 3702/4725/2364 3701/4724/2363
f 3714/4737/2376 3715/4738/2377 3703/4726/2365 3702/4725/2364
f 3715/4738/2377 3716/4739/2378 3704/4727/2366 3703/4726/2365
f 3716/4739/2378 3717/4740/2379 3705/4728/2367 3704/4727/2366
f 3717/4740/2379 3718/4741/2380 3706/4729/2368 3705/4728/2367
f 3718/4741/2380 3719/4742/2381 3707/4730/2369 3706/4729/2368
f 3719/4742/2381 3720/4743/2382 3708/4731/2370 3707/4730/2369
f 3720/4743/2382 3721/4744/2383 3709/4732/2371 3708/4731/2370
f 3721/4744/2383 3722/4745/2384 3710/4733/2372 3709/4732/2371
f 3722/4745/2384 3711/4734/2373 3699/4722/2361 3710/4733/2372
f 3723/4746/2385 3724/4747/2386 3712/4735/2374 3711/4734/2373
f 3724/4747/2386 3725/4748/2387 3713/4736/2375 3712/4735/2374
f 3725/4748/2387 3726/4749/2388 3714/4737/2376 3713/4736/2375
f 3726/4749/2388 3727/4750/2389 3715/4738/2377 3714/4737/2376
f 3727/4750/2389 3728/4751/2390 3716/4739/2378 3715/4738/2377
f 3728/4751/2390 3729/4752/2391 3717/4740/2379 3716/4739/2378
f 3729/4752/2391 3730/4753/2392 3718/4741/2380 3717/4740/2379
f 3730/4753/2392 3731/4754/2393 3719/4742/2381 3718/4741/2380
f 3731/4754/2393 3732/4755/2394 3720/4743/2382 3719/4742/2381
f 3732/4755/2394 3733/4756/2395 3721/4744/2383 3720/4743/2382
f 3733/4756/2395 3734/4757/2396 3722/4745/2384 3721/4744/2383
f 3734/4757/2396 3723/4746/2385 3711/4734/2373 3722/4745/2384
f 3735/4758/2397 3736/4759/2398 3737/4760/2399
f 3735/4758/2397 3737/4760/2399 3738/4761/2400
f 3735/4758/2397 3738/4761/2400 3739/4762/2401
f 3735/4758/2397 3739/4762/2401 3740/4763/2402
f 3735/4758/2397 3740/4763/2402 3741/4764/2403
f 3735/4758/2397 3741/4764/2403 3742/4765/2404
f 3735/4758/2397 3742/4765/2404 3743/4766/2405
f 3735/4758/2397 3743/4766/2405 3744/4767/2406
f 3735/4758/2397 3744/4767/2406 3745/4768/2407
f 3735/4758/2397 3745/4768/2407 3746/4769/2408
f 3735/4758/2397 3746/4769/2408 3747/4770/2409
f 3735/4758/2397 3747/4770/2409 3736/4759/2398
f 3748/4771/2410 3749/4772/2411 3737/4760/2399 3736/4759/2398
f 3749/4772/2411 3750/4773/2412 3738/4761/2400 3737/4760/2399
f 3750/4773/2412 3751/4774/2413 3739/4762/2401 3738/4761/2400
f 3751/4774/2413 3752/4775/2414 3740/4763/2402 3739/4762/2401
f 3752/4775/2414 3753/4776/2415 3741/4764/2403 3740/4763/2402
f 3753/4776/2415 3754/4777/2416 3742/4765/2404 3741/4764/2403
f 3754/4777/2416 3755/4778/2417 3743/4766/2405 3742/4765/2404
f 3755/4778/2417 3756/4779/2418 3744/4767/2406 3743/4766/2405
f 3756/4779/2418 3757/4780/2419 3745/4768/2407 3744/4767/2406
f 3757/4780/2419 3758/4781/2420 3746/4769/2408 3745/4768/2407
f 3758/4781/2420 3759/4782/2421 3747/4770/2409 3746/4769/2408
f 3759/4782/2421 3748/4771/2410 3736/4759/2398 3747/4770/2409
f 3760/4783/2422 3761/4784/2423 3749/4772/2411 3748/4771/2410
f 3761/4784/2423 3762/4785/2424 3750/4773/2412 3749/4772/2411
f 3762/4785/2424 3763/4786/2425 3751/4774/2413 3750/4773/2412
f 3763/4786/2425 3764/4787/2426 3752/4775/2414 3751/4774/2413
f 3764/4787/2426 3765/4788/2427 3753/4776/2415 3752/4775/2414
f 3765/4788/2427 3766/4789/2428 3754/4777/2416 3753/4776/2415
f 3766/4789/2428 3767/4790/2429 3755/4778/2417 3754/4777/2416
f 3767/4790/2429 3768/4791/2430 3756/4779/2418 3755/4778/2417
f 3768/4791/2430 3769/4792/2431 3757/4780/2419 3756/4779/2418
f 3769/4792/2431 3770/4793/2432 3758/4781/2420 3757/4780/2419
f 3770/4793/2432 3771/4794/2433 3759/4782/2421 3758/4781/2420
f 3771/4794/2433 3760/4783/2422 3748/4771/2410 3759/4782/2421
f 3772/4795/2434 3773/4796/2435 3774/4797/2436
f 3772/4795/2434 3774/4797/2436 3775/4798/2437
f 3772/4795/2434 3775/4798/2437 3776/4799/2438
f 3772/4795/2434 3776/4799/2438 3777/4800/2439
f 3772/4795/2434 3777/4800/2439 3778/4801/2440
f 3772/4795/2434 3778/4801/2440 3779/4802/2441
f 3772/4795/2434 3779/4802/2441 3780/4803/2442
f 3772/4795/2434 3780/4803/2442 3781/4804/2443
f 3772/4795/2434 3781/4804/2443 3782/4805/2444
f 3772/4795/2434 3782/4805/2444 3783/4806/2445
f 3772/4795/2434 3783/4806/2445 3784/4807/2446
f 3772/4795/2434 3784/4807/2446 3773/4796/2435
f 3785/4808/2447 3786/4809/2448 3774/4797/2436 3773/4796/2435
f 3786/4809/2448 3787/4810/2449 3775/4798/2437 3774/4797/2436
f 3787/4810/2449 3788/4811/2450 3776/4799/2438 3775/4798/2437
f 3788/4811/2450 3789/4812/2451 3777/4800/2439 3776/4799/2438
f 3789/4812/2451 3790/4813/2452 3778/4801/2440 3777/4800/2439
f 3790/4813/2452 3791/4814/2453 3779/4802/2441 3778/4801/2440
f 3791/4814/2453 3792/4815/2454 3780/4803/2442 3779/4802/2441
f 3792/4815/2454 3793/4816/2455 3781/4804/2443 3780/4803/2442
f 3793/4816/2455 3794/4817/2456 3782/4805/2444 3781/4804/2443
f 3794/4817/2456 3795/4818/2457 3783/4806/2445 3782/4805/2444
f 3795/4818/2457 3796/4819/2458 3784/4807/2446 3783/4806/2445
f 3796/4819/2458 3785/4808/2447 3773/4796/2435 3784/4807/2446
f 3797/4820/2459 3798/4821/2460 3786/4809/2448 3785/4808/2447
f 3798/4821/2460 3799/4822/2461 3787/4810/2449 3786/4809/2448
f 3799/4822/2461 3800/4823/2462 3788/4811/2450 3787/4810/2449
f 3800/4823/2462 3801/4824/2463 3789/4812/2451 3788/4811/2450
f 3801/4824/2463 3802/4825/2464 3790/4813/2452 3789/4812/2451
f 3802/4825/2464 3803/4826/2465 3791/4814/2453 3790/4813/2452
f 3803/4826/2465 3804/4827/2466 3792/4815/2454 3791/4814/2453
f 3804/4827/2466 3805/4828/2467 3793/4816/2455 3792/4815/2454
f 3805/4828/2467 3806/4829/2468 3794/4817/2456 3793/4816/2455
f 3806/4829/2468 3807/4830/2469 3795/4818/2457 3794/4817/2456
f 3807/4830/2469 3808/4831/2470 3796/4819/2458 3795/4818/2457
f 3796/4819/2458 3808/4831/2470 3797/4820/2459 3785/4808/2447
f 3809/4832/2471 3810/4833/2472 3811/4834/2473 3812/4835/2474
f 3813/4836/2475 3814/4837/2476 3815/4838/2477 3816/4839/2478
f 3817/4840/2479 3818/4841/2480 3819/4842/2481 3820/4843/2479
f 3821/4844/2482 3822/4845/2483 3823/4846/2484 3824/4847/2483
f 3825/4848/2485 3826/4849/2486 3827/4850/2487 3828/4851/2488
f 3829/4852/2489 3830/4853/2490 3831/4854/2491 3832/4855/2492
f 3833/4856/25 3834/4857/25 3835/4858/2493 3836/4859/25
f 3837/4860/2494 3838/4861/2495 3839/4862/2495 3840/4863/2494
f 3832/4855/2492 3831/4854/2491 3841/4864/2496 3842/4865/2497
f 3843/4866/2498 3833/4856/25 3836/4859/25 3844/4867/2498
f 3845/4868/2499 3846/4869/2500 3847/4870/2500 3848/4871/2499
f 3826/4849/2486 3849/4872/2501 3850/4873/2501 3827/4850/2487
f 3851/4874/2502 3852/4875/2503 3853/4876/2504 3854/4877/2505
f 3855/4878/25 3856/4879/2506 3857/4880/2507 3858/4881/2508
f 3859/4882/2509 3860/4883/2510 3861/4884/2511 3842/4865/2497
f 3816/4839/2478 3815/4838/2477 3862/4885/2512 3863/4886/2513
f 3864/4887/2514 3865/4888/2515 3866/4889/2516 3867/4890/2517
f 3865/4888/2515 3868/4891/2518 3869/4892/2519 3866/4889/2516
f 3870/4893/2520 3871/4894/2521 3872/4895/2522 3873/4896/2523
f 3874/4897/2524 3875/4898/2525 3876/4899/2526 3877/4900/2527
f 3851/4874/2502 3878/4901/2528 3879/4902/2529 3880/4903/2530
f 3829/4852/2489 3881/4904/2531 3882/4905/2532 3854/4877/2505
f 3842/4865/2497 3861/4884/2511 3883/4906/2533 3832/4855/2492
f 3819/4842/2481 3884/4907/2534 3812/4908/2535 3811/4909/2536
f 3819/4842/2481 3811/4909/2536 3820/4843/2479
f 3863/4910/2537 3885/4911/2538 3886/4912/2479 3813/4913/115
f 3863/4910/2537 3813/4913/115 3816/4914/2539
f 3854/4877/2505 3853/4876/2504 3830/4853/2490 3829/4852/2489
f 3887/4915/2540 3835/4858/2493 3834/4857/25 3888/4916/25
f 3849/4872/2501 3839/4862/2495 3838/4861/2495 3850/4873/2501
f 3868/4891/2518 3870/4893/2520 3873/4896/2523 3869/4892/2519
f 3832/4855/2492 3883/4906/2533 3881/4904/2531 3829/4852/2489
f 3889/4917/2541 3890/4918/2542 3891/4919/2543 3892/4920/2544
f 3893/4921/2545 3894/4922/2546 3895/4923/2547 3896/4924/2548
f 3897/4925/2549 3893/4921/2545 3896/4924/2548 3898/4926/2550
f 3899/4927/2551 3900/4928/2552 3901/4929/2553 3902/4930/2554
f 3895/4923/2547 3894/4922/2546 3903/4931/2555 3904/4932/2556
f 3905/4933/2557 3906/4934/2558 3907/4935/2559 3908/4936/2560
f 3856/4937/2506 3909/4938/2561 3910/4939/2562 3857/4940/2507
f 3911/4941/2563 3912/4942/2564 3913/4943/2565 3914/4944/2566
f 3915/4945/2567 3821/4946/2568 3824/4947/2569 3916/4948/2570
f 3917/4949/2571 3918/4950/2572 3919/4951/2573 3920/4952/2574
f 3921/4953/2575 3922/4954/2576 3918/4950/2572 3917/4949/2571
f 3907/4935/2559 3922/4954/2576 3921/4953/2575 3908/4936/2560
f 3859/4882/2509 3923/4955/2577 3810/4833/2472 3809/4832/2471
f 3924/4956/2578 3925/4957/2579 3926/4958/2579 3927/4959/2580
f 3822/4845/2483 3843/4866/2498 3844/4867/2498 3823/4846/2484
f 3846/4869/2500 3819/4960/2581 3818/4961/2581 3847/4870/2500
f 3812/4835/2474 3884/4962/2582 3928/4963/2583 3809/4832/2471
f 3815/4838/2477 3929/4964/2584 3930/4965/2585 3862/4885/2512
f 3931/4966/2473 3932/4967/2472 3933/4968/2472 3934/4969/2473
f 3935/4970/2476 3936/4971/2475 3937/4972/2586 3938/4973/2476
f 3939/4974/115 3940/4975/115 3941/4976/2587 3942/4977/115
f 3943/4978/2588 3944/4979/2589 3945/4980/2590 3946/4981/2591
f 3946/4981/2591 3945/4980/2590 3947/4982/2592 3948/4983/2593
f 3949/4984/2594 3950/4985/2595 3951/4986/2596 3952/4987/2597
f 3931/4988/115 3934/4989/115 3940/4975/115 3939/4974/115
f 3953/4990/2598 3944/4979/2589 3943/4978/2588 3954/4991/2599
f 3955/4992/2600 3956/4993/2601 3957/4994/2602 3958/4995/2603
f 3959/4996/2604 3960/4997/2605 3961/4998/2606 3962/4999/2607
f 3963/5000/2608 3960/4997/2605 3959/4996/2604 3964/5001/2609
f 3965/5002/2610 3966/5003/2611 3967/5004/2612 3968/5005/2613
f 3936/5006/115 3969/5007/115 3970/5008/115 3971/5009/115
f 3972/5010/2614 3962/4999/2607 3961/4998/2606 3973/5011/2615
f 3974/5012/2577 3948/4983/2593 3947/4982/2592 3975/5013/2577
f 3976/5014/2616 3963/5000/2608 3964/5001/2609 3977/5015/2616
f 3978/5016/2617 3955/4992/2600 3958/4995/2603 3979/5017/2618
f 3961/4998/2606 3960/4997/2605 3980/5018/2619 3981/5019/2620
f 3960/4997/2605 3963/5000/2608 3982/5020/2621 3980/5018/2619
f 3983/5021/2622 3968/5005/2613 3967/5004/2612 3984/5022/2623
f 3937/5023/2624 3936/5006/115 3971/5009/115 3985/5024/2625
f 3961/4998/2606 3981/5019/2620 3986/5025/2626 3973/5011/2615
f 3987/5026/2616 3982/5020/2621 3963/5000/2608 3976/5014/2616
f 3988/5027/2473 3989/5028/2627 3990/5029/2627 3991/5030/2473
f 3992/5031/115 3993/5032/115 3994/5033/2628 3995/5034/2628
f 3996/5035/2629 3997/5036/2630 3998/5037/2631 3999/5038/2629
f 4000/5039/2632 3996/5035/2629 3999/5038/2629 4001/5040/2632
f 4002/5041/2633 4003/5042/2634 4004/5043/2635 4005/5044/2636
f 3991/5045/115 3993/5032/115 3992/5031/115 3988/5046/115
f 3998/5037/2631 3997/5036/2630 4006/5047/2637 4007/5048/2638
f 4008/5049/2639 4000/5039/2632 4001/5040/2632 4009/5050/2639
f 3931/4966/2473 4010/5051/2473 4011/5052/2472 3932/4967/2472
f 4012/5053/2476 3969/5054/2475 3936/4971/2475 3935/4970/2476
f 4013/5055/115 3939/4974/115 3942/4977/115 4014/5056/115
f 3943/4978/2588 3946/4981/2591 4015/5057/2640 4016/5058/2641
f 3948/4983/2593 4017/5059/2642 4015/5057/2640 3946/4981/2591
f 4018/5060/2643 3952/4987/2597 3951/4986/2596 4019/5061/2644
f 4010/5062/115 3931/4988/115 3939/4974/115 4013/5055/115
f 4020/5063/2645 3954/4991/2599 3943/4978/2588 4016/5058/2641
f 4021/5064/2577 4017/5059/2642 3948/4983/2593 3974/5012/2577
f 4022/5065/2473 3934/4969/2473 3933/4968/2472 4023/5066/2472
f 3937/4972/2586 4024/5067/2646 4025/5068/2647 3938/4973/2476
f 4026/5069/2648 3941/4976/2587 3940/4975/115 4027/5070/115
f 4028/5071/2649 3945/4980/2590 3944/4979/2589 4029/5072/2650
f 4028/5071/2649 4030/5073/2651 3947/4982/2592 3945/4980/2590
f 3950/4985/2595 3949/4984/2594 4031/5074/2652 4032/5075/2653
f 3934/4989/115 4022/5076/115 4027/5070/115 3940/4975/115
f 4029/5072/2650 3944/4979/2589 3953/4990/2598 4033/5077/2654
f 4034/5078/2655 3975/5013/2577 3947/4982/2592 4030/5073/2651
f 3956/4993/2601 4035/5079/2656 4036/5080/2657 3957/4994/2602
f 4037/5081/2658 4038/5082/2659 3959/4996/2604 3962/4999/2607
f 4038/5082/2659 4039/5083/2660 3964/5001/2609 3959/4996/2604
f 4040/5084/2661 4041/5085/2662 3966/5003/2611 3965/5002/2610
f 3969/5007/115 4042/5086/115 4043/5087/115 3970/5008/115
f 4044/5088/2663 4037/5081/2658 3962/4999/2607 3972/5010/2614
f 4039/5083/2660 4045/5089/2616 3977/5015/2616 3964/5001/2609
f 3890/4918/2542 4046/5090/2664 4047/5091/2665 3891/4919/2543
f 4048/5092/2666 4049/5093/2667 4050/5094/2668 4051/5095/2669
f 3896/4924/2548 3895/4923/2547 4052/5096/2670 4053/5097/2548
f 4054/5098/2671 4055/5099/2672 4056/5100/2672 4057/5101/2673
f 3898/4926/2550 3896/4924/2548 4053/5097/2548 4058/5102/2550
f 4055/5099/2672 4059/5103/2674 4060/5104/2674 4056/5100/2672
f 4061/5105/2675 4062/5106/2676 3901/4929/2553 3900/4928/2552
f 4063/5107/2677 4064/5108/2678 4065/5109/2679 4066/5110/2680
f 4067/5111/2681 4052/5096/2670 3895/4923/2547 3904/4932/2556
f 4068/5112/2682 4054/5098/2671 4057/5101/2673 4069/5113/2683
f 4070/5114/2578 4071/5115/2579 3925/4957/2579 3924/4956/2578
f 4072/5116/2616 4073/5117/2616 4074/5118/2616 4075/5119/2616
f 4076/5120/2473 4077/5121/2472 4078/5122/2472 4079/5123/2473
f 3991/5030/2473 3990/5029/2627 4080/5124/2472 4081/5125/2473
f 4082/5126/115 4083/5127/115 4084/5128/2628 4085/5129/2628
f 3993/5032/115 4086/5130/115 4087/5131/2628 3994/5033/2628
f 4088/5132/2491 4089/5133/2684 4090/5134/2684 4091/5135/2491
f 3999/5038/2629 3998/5037/2631 4092/5136/2685 4093/5137/2629
f 4094/5138/2496 4088/5132/2491 4091/5135/2491 4095/5139/2496
f 4001/5040/2632 3999/5038/2629 4093/5137/2629 4096/5140/2632
f 4097/5141/2686 4098/5142/2687 4099/5143/2688 4100/5144/2689
f 4101/5145/2690 4102/5146/2691 4004/5043/2635 4003/5042/2634
f 4076/5147/115 4079/5148/115 4083/5127/115 4082/5126/115
f 3993/5032/115 3991/5045/115 4081/5149/115 4086/5130/115
f 4103/5150/2692 4090/5134/2684 4089/5133/2684 4104/5151/2693
f 4105/5152/2694 4092/5136/2685 3998/5037/2631 4007/5048/2638
f 4095/5139/2496 4106/5153/2577 4107/5154/2577 4094/5138/2496
f 4009/5050/2639 4001/5040/2632 4096/5140/2632 4108/5155/2639
f 4046/5090/2664 4109/5156/2695 4110/5157/2696 4047/5091/2665
f 3892/4920/2544 4111/5158/2697 4112/5159/2698 3889/4917/2541
f 4113/5160/2548 4053/5097/2548 4052/5096/2670 4114/5161/2699
f 4115/5162/2700 3894/4922/2546 3893/4921/2545 4116/5163/2701
f 4117/5164/2550 4058/5102/2550 4053/5097/2548 4113/5160/2548
f 4118/5165/2702 4116/5163/2701 3893/4921/2545 3897/4925/2549
f 4062/5106/2676 4061/5105/2675 4119/5166/2703 4120/5167/2704
f 4121/5168/2705 4122/5169/2706 3902/4930/2554 3903/4931/2555
f 4052/5096/2670 4067/5111/2681 4123/5170/2707 4114/5161/2699
f 4115/5162/2700 4121/5168/2705 3903/4931/2555 3894/4922/2546
f 4124/5171/2578 4125/5172/2708 4071/5115/2579 4070/5114/2578
f 4126/5173/2709 3926/4958/2579 4127/5174/2616 4128/5175/2616
f 4129/5176/2473 4081/5125/2473 4080/5124/2472 4130/5177/2627
f 3989/5028/2627 3988/5027/2473 4131/5178/2473 4132/5179/2627
f 4086/5130/115 4133/5180/115 4134/5181/2628 4087/5131/2628
f 3995/5034/2628 4135/5182/2710 4136/5183/115 3992/5031/115
f 4137/5184/2629 4093/5137/2629 4092/5136/2685 4138/5185/2711
f 3997/5036/2630 3996/5035/2629 4139/5186/2629 4140/5187/2490
f 4093/5137/2629 4137/5184/2629 4141/5188/2632 4096/5140/2632
f 3996/5035/2629 4000/5039/2632 4142/5189/2632 4139/5186/2629
f 4143/5190/2712 4144/5191/2713 4102/5146/2691 4101/5145/2690
f 4005/5044/2636 4006/5047/2637 4145/5192/2714 4146/5193/2715
f 4086/5130/115 4081/5149/115 4129/5194/115 4133/5180/115
f 4131/5195/115 3988/5046/115 3992/5031/115 4136/5183/115
f 4105/5152/2694 4147/5196/2716 4138/5185/2711 4092/5136/2685
f 4006/5047/2637 3997/5036/2630 4140/5187/2490 4145/5192/2714
f 4108/5155/2639 4096/5140/2632 4141/5188/2632 4148/5197/2639
f 4008/5049/2639 3989/5028/2627 4132/5179/2627 4149/5198/2639
f 4150/5199/2717 3910/4939/2562 3909/4938/2561 4151/5200/2718
f 4049/5093/2667 4152/5201/2719 4153/5202/2720 4050/5094/2668
f 4057/5101/2673 4056/5100/2672 4154/5203/2721 4155/5204/2722
f 4056/5100/2672 4060/5104/2674 4156/5205/2723 4154/5203/2721
f 4063/5107/2677 4157/5206/2724 4158/5207/2725 4064/5108/2678
f 4057/5101/2673 4155/5204/2722 4159/5208/2726 4069/5113/2683
f 4073/5117/2616 4160/5209/2727 4161/5210/2728 4074/5118/2616
f 4079/5123/2473 4078/5122/2472 4162/5211/2472 4163/5212/2473
f 4083/5127/115 4164/5213/115 4165/5214/2628 4084/5128/2628
f 4091/5135/2491 4090/5134/2684 4166/5215/2684 4167/5216/2491
f 4095/5139/2496 4091/5135/2491 4167/5216/2491 4168/5217/2496
f 4169/5218/2729 4170/5219/2730 4099/5143/2688 4098/5142/2687
f 4164/5213/115 4083/5127/115 4079/5148/115 4163/5220/115
f 4166/5215/2684 4171/5221/2731 4172/5222/2732 4173/5223/2684
f 4166/5215/2684 4090/5134/2684 4103/5150/2692 4171/5221/2731
f 4168/5217/2496 4174/5224/2577 4106/5153/2577 4095/5139/2496
f 4152/5201/2719 4175/5225/2733 4176/5226/2734 4153/5202/2720
f 4051/5095/2669 4177/5227/2735 4178/5228/2736 4048/5092/2666
f 4179/5229/2737 4155/5204/2722 4154/5203/2721 4180/5230/2738
f 4181/5231/2739 4055/5099/2672 4054/5098/2671 4182/5232/2740
f 4183/5233/2741 4180/5230/2738 4154/5203/2721 4156/5205/2723
f 4059/5103/2674 4055/5099/2672 4181/5231/2739 4184/5234/2742
f 4185/5235/2743 4158/5207/2725 4157/5206/2724 4186/5236/2744
f 4187/5237/2745 4188/5238/2746 4065/5109/2679 4189/5239/2747
f 4155/5204/2722 4179/5229/2737 4190/5240/2748 4159/5208/2726
f 4191/5241/2749 4182/5232/2740 4054/5098/2671 4068/5112/2682
f 4192/5242/2750 4161/5210/2728 4160/5209/2727 4193/5243/2751
f 4059/5103/2674 4184/5234/2742 4194/5244/2752 4075/5119/2616
f 4163/5212/2473 4162/5211/2472 4195/5245/2472 4196/5246/2473
f 4077/5121/2472 4076/5120/2473 4197/5247/2473 4198/5248/2472
f 4164/5213/115 4199/5249/115 4200/5250/2753 4165/5214/2628
f 4085/5129/2628 4201/5251/2628 4202/5252/115 4082/5126/115
f 4167/5216/2491 4166/5215/2684 4173/5223/2684 4203/5253/2491
f 4089/5133/2684 4088/5132/2491 4204/5254/2491 4205/5255/2684
f 4168/5217/2496 4167/5216/2491 4203/5253/2491 4206/5256/2496
f 4088/5132/2491 4094/5138/2496 4207/5257/2754 4204/5254/2491
f 4208/5258/2755 4170/5219/2730 4169/5218/2729 4209/5259/2756
f 4210/5260/2757 4100/5144/2689 4104/5151/2693 4211/5261/2758
f 4199/5249/115 4164/5213/115 4163/5220/115 4196/5262/115
f 4197/5263/115 4076/5147/115 4082/5126/115 4202/5252/115
f 4104/5151/2693 4089/5133/2684 4205/5255/2684 4211/5261/2758
f 4206/5256/2496 4212/5264/2577 4174/5224/2577 4168/5217/2496
f 4198/5248/2472 4213/5265/2759 4107/5154/2577 4077/5121/2472
f 4214/5266/2472 4011/5052/2472 4010/5051/2473 4215/5267/2473
f 3969/5054/2475 4012/5053/2476 4216/5268/2476 4042/5269/2475
f 4217/5270/115 4013/5055/115 4014/5056/115 4218/5271/115
f 4219/5272/2760 4016/5058/2641 4015/5057/2640 4220/5273/2761
f 4220/5273/2761 4015/5057/2640 4017/5059/2642 4221/5274/2762
f 4019/5061/2644 4222/5275/2763 4223/5276/2764 4018/5060/2643
f 4215/5277/115 4010/5062/115 4013/5055/115 4217/5270/115
f 4224/5278/2765 4020/5063/2645 4016/5058/2641 4219/5272/2760
f 4021/5064/2577 4225/5279/2577 4221/5274/2762 4017/5059/2642
f 4226/5280/2699 4227/5281/2672 4038/5082/2659 4037/5081/2658
f 4227/5281/2672 4228/5282/2766 4039/5083/2660 4038/5082/2659
f 4229/5283/2767 4230/5284/2768 4041/5085/2662 4040/5084/2661
f 4042/5086/115 3813/4913/115 3886/4912/2479 4043/5087/115
f 4231/5285/2769 4226/5280/2699 4037/5081/2658 4044/5088/2663
f 4228/5282/2766 4232/5286/2616 4045/5089/2616 4039/5083/2660
f 3810/4833/2472 4214/5266/2472 4215/5267/2473 3811/4834/2473
f 4042/5269/2475 4216/5268/2476 3814/4837/2476 3813/4836/2475
f 3820/4843/2479 4217/5270/115 4218/5271/115 3817/4840/2479
f 3830/4853/2490 4219/5272/2760 4220/5273/2761 3831/4854/2491
f 3831/4854/2491 4220/5273/2761 4221/5274/2762 3841/4864/2496
f 4233/5287/2770 4223/5276/2764 4222/5275/2763 3852/4875/2503
f 3811/4909/2536 4215/5277/115 4217/5270/115 3820/4843/2479
f 3853/4876/2504 4224/5278/2765 4219/5272/2760 3830/4853/2490
f 3841/4864/2496 4221/5274/2762 4225/5279/2577 3923/4955/2577
f 4234/5288/2718 3877/4900/2527 3876/4899/2526 4235/5289/2717
f 3868/4891/2518 3865/4888/2515 4227/5281/2672 4226/5280/2699
f 3865/4888/2515 3864/4887/2514 4228/5282/2766 4227/5281/2672
f 4236/5290/2771 3871/4894/2521 4230/5284/2768 4229/5283/2767
f 3870/4893/2520 3868/4891/2518 4226/5280/2699 4231/5285/2769
f 3864/4887/2514 3929/4964/2584 4232/5286/2616 4228/5282/2766
f 4237/5291/2772 3978/5016/2617 3979/5017/2618 4238/5292/2773
f 3980/5018/2619 4239/5293/2774 4240/5294/2775 3981/5019/2620
f 4239/5293/2774 3980/5018/2619 3982/5020/2621 4241/5295/2776
f 4242/5296/2777 4243/5297/2778 3983/5021/2622 3984/5022/2623
f 4240/5294/2775 4244/5298/2779 3986/5025/2626 3981/5019/2620
f 3982/5020/2621 3987/5026/2616 4245/5299/2780 4241/5295/2776
f 4113/5160/2548 4114/5161/2699 4246/5300/2699 4247/5301/2781
f 4113/5160/2548 4247/5301/2781 4248/5302/2782 4117/5164/2550
f 4120/5167/2704 4119/5166/2703 4249/5303/2767 4250/5304/2783
f 4114/5161/2699 4123/5170/2707 4251/5305/2769 4246/5300/2699
f 4252/5306/2784 4253/5307/2785 4125/5172/2708 4124/5171/2578
f 4132/5179/2627 4131/5178/2473 4254/5308/2473 4255/5309/2472
f 4256/5310/2786 4026/5069/2648 4027/5070/115 4257/5311/115
f 4140/5187/2490 4139/5186/2629 4258/5312/2629 4259/5313/2490
f 4139/5186/2629 4142/5189/2632 4260/5314/2632 4258/5312/2629
f 4146/5193/2715 4145/5192/2714 4261/5315/2504 4262/5316/2503
f 4254/5317/115 4131/5195/115 4136/5183/115 4257/5311/115
f 4145/5192/2714 4140/5187/2490 4259/5313/2490 4261/5315/2504
f 4132/5179/2627 4255/5309/2472 4263/5318/2639 4149/5198/2639
f 4264/5319/2787 4265/5320/2788 4115/5162/2700 4116/5163/2701
f 4116/5163/2701 4118/5165/2702 4266/5321/2789 4264/5319/2787
f 4267/5322/2790 4268/5323/2767 4269/5324/2791 4122/5169/2706
f 4121/5168/2705 4115/5162/2700 4265/5320/2788 4270/5325/2792
f 4271/5326/2472 4272/5327/2473 4129/5176/2473 4130/5177/2627
f 4273/5328/2793 4274/5329/2794 4137/5184/2629 4138/5185/2711
f 4275/5330/2795 4141/5188/2632 4137/5184/2629 4274/5329/2794
f 4276/5331/2796 4147/5196/2716 4144/5191/2713 4277/5332/1966
f 4272/5333/115 4278/5334/115 4133/5180/115 4129/5194/115
f 4273/5328/2793 4138/5185/2711 4147/5196/2716 4276/5331/2796
f 4279/5335/2797 4271/5326/2472 4130/5177/2627 4148/5197/2639
f 4181/5231/2739 4182/5232/2740 4280/5336/2798 4281/5337/2799
f 4281/5337/2799 4282/5338/2800 4184/5234/2742 4181/5231/2739
f 4188/5238/2746 4187/5237/2745 4283/5339/2767 4284/5340/2801
f 4285/5341/2802 4280/5336/2798 4182/5232/2740 4191/5241/2749
f 4282/5338/2800 4286/5342/2803 4194/5244/2752 4184/5234/2742
f 4198/5248/2472 4197/5247/2473 4287/5343/2473 4288/5344/2472
f 4289/5345/2628 4290/5346/2628 4278/5334/115 4291/5347/115
f 4205/5255/2684 4204/5254/2491 4292/5348/2804 4293/5349/2684
f 4207/5257/2754 4294/5350/2805 4292/5348/2804 4204/5254/2491
f 4210/5260/2757 4211/5261/2758 4295/5351/2806 4296/5352/1966
f 4287/5353/115 4197/5263/115 4202/5252/115 4291/5347/115
f 4205/5255/2684 4293/5349/2684 4295/5351/2806 4211/5261/2758
f 4213/5265/2759 4198/5248/2472 4288/5344/2472 4297/5354/2807
f 3818/4841/2480 3817/4840/2479 3886/4912/2479 3885/4911/2538
f 4298/5355/2484 4299/5356/2483 3824/4847/2483 3823/4846/2484
f 3822/4845/2483 3821/4844/2482 4300/5357/2808 4301/5358/2809
f 4302/5359/2810 3828/4851/2488 3827/4850/2487 4303/5360/2811
f 3879/5361/2529 3878/5362/2528 3825/4848/2485 3874/5363/2524
f 4304/5364/2812 4305/5365/25 3836/4859/25 3835/4858/2493
f 3833/4856/25 3918/5366/2572 3922/5367/2576 3834/4857/25
f 4306/5368/2495 3838/4861/2495 3837/4860/2494 4307/5369/2494
f 3883/5370/2533 3861/5371/2511 3840/4863/2494 3839/4862/2495
f 4305/5365/25 4308/5372/2813 3844/4867/2498 3836/4859/25
f 3843/4866/2498 3919/5373/2573 3918/5366/2572 3833/4856/25
f 3848/4871/2499 3847/4870/2500 4309/5374/2500 4310/5375/2499
f 3845/4868/2499 3840/4863/2494 3861/5371/2511 3860/5376/2510
f 3827/4850/2487 3850/4873/2501 4311/5377/2501 4303/5360/2811
f 3849/4872/2501 3826/4849/2486 3882/5378/2532 3881/5379/2531
f 3858/4881/2508 3857/4880/2507 4312/5380/2814 4313/5381/2815
f 3888/4916/25 3907/5382/2559 3906/5383/2558 3855/4878/25
f 3877/4900/2527 3880/4903/2530 3879/4902/2529 3874/4897/2524
f 4314/5384/2816 3876/4899/2526 3875/4898/2525 4315/5385/2817
f 3907/5382/2559 3888/4916/25 3834/4857/25 3922/5367/2576
f 4311/5377/2501 3850/4873/2501 3838/4861/2495 4306/5368/2495
f 3881/5379/2531 3883/5370/2533 3839/4862/2495 3849/4872/2501
f 3892/4920/2544 3891/4919/2543 4316/5386/2818 4317/5387/2819
f 4003/5042/2634 3890/4918/2542 3889/4917/2541 4101/5145/2690
f 3857/4940/2507 3910/4939/2562 4318/5388/2820 4312/5389/2814
f 4319/5390/2821 4320/5391/2822 3909/4938/2561 3856/4937/2506
f 3824/4947/2569 4299/5392/2823 4321/5393/2824 3916/4948/2570
f 4308/5372/2813 4298/5355/2484 3823/4846/2484 3844/4867/2498
f 3847/4870/2500 3818/4961/2581 3885/5394/2581 4309/5374/2500
f 3819/4960/2581 3846/4869/2500 3928/5395/2583 3884/5396/2582
f 3942/4977/115 3941/4976/2587 3985/5024/2625 3971/5009/115
f 4322/5397/2825 3958/4995/2603 3957/4994/2602 4323/5398/2826
f 3952/4987/2597 4018/5060/2643 3956/4993/2601 3955/4992/2600
f 3979/5017/2618 3958/4995/2603 4322/5397/2825 4324/5399/2827
f 3952/4987/2597 3955/4992/2600 3978/5016/2617 3949/4984/2594
f 3995/5034/2628 3994/5033/2628 4325/5400/2828 4326/5401/2828
f 4014/5056/115 3942/4977/115 3971/5009/115 3970/5008/115
f 3957/4994/2602 4036/5080/2657 4327/5402/2829 4323/5398/2826
f 4035/5079/2656 3956/4993/2601 4018/5060/2643 4223/5276/2764
f 4316/5386/2818 3891/4919/2543 4047/5091/2665 4328/5403/2830
f 4003/5042/2634 4002/5041/2633 4046/5090/2664 3890/4918/2542
f 4098/5142/2687 4097/5141/2686 4051/5095/2669 4050/5094/2668
f 4329/5404/2818 4049/5093/2667 4048/5092/2666 4330/5405/2831
f 4072/5406/2828 4085/5129/2628 4084/5128/2628 4073/5407/2828
f 3994/5033/2628 4087/5131/2628 4127/5408/2828 4325/5400/2828
f 4047/5091/2665 4110/5157/2696 4331/5409/2832 4328/5403/2830
f 4332/5410/2833 4109/5156/2695 4046/5090/2664 4002/5041/2633
f 4101/5145/2690 3889/4917/2541 4112/5159/2698 4143/5190/2712
f 4111/5158/2697 3892/4920/2544 4317/5387/2819 4333/5411/2834
f 4087/5131/2628 4134/5181/2628 4128/5412/2828 4127/5408/2828
f 4334/5413/2835 4135/5182/2710 3995/5034/2628 4326/5401/2828
f 4151/5200/2718 3909/4938/2561 4320/5391/2822 4335/5414/2770
f 4098/5142/2687 4050/5094/2668 4153/5202/2720 4169/5218/2729
f 4152/5201/2719 4049/5093/2667 4329/5404/2818 4336/5415/2836
f 4073/5407/2828 4084/5128/2628 4165/5214/2628 4160/5416/2837
f 4169/5218/2729 4153/5202/2720 4176/5226/2734 4209/5259/2756
f 4175/5225/2733 4152/5201/2719 4336/5415/2836 4337/5417/2838
f 4048/5092/2666 4178/5228/2736 4338/5418/2839 4330/5405/2831
f 4339/5419/2840 4177/5227/2735 4051/5095/2669 4097/5141/2686
f 4160/5416/2837 4165/5214/2628 4200/5250/2753 4193/5420/2841
f 4340/5421/2828 4201/5251/2628 4085/5129/2628 4072/5406/2828
f 4218/5271/115 4014/5056/115 3970/5008/115 4043/5087/115
f 4036/5080/2657 4235/5289/2717 4341/5422/2818 4327/5402/2829
f 4234/5288/2718 4035/5079/2656 4223/5276/2764 4233/5287/2770
f 3817/4840/2479 4218/5271/115 4043/5087/115 3886/4912/2479
f 4235/5289/2717 3876/4899/2526 4314/5384/2816 4341/5422/2818
f 3877/4900/2527 4234/5288/2718 4233/5287/2770 3880/4903/2530
f 4238/5292/2773 3979/5017/2618 4324/5399/2827 4342/5423/2842
f 3978/5016/2617 4237/5291/2772 4031/5074/2652 3949/4984/2594
f 4343/5424/2717 4238/5292/2773 4342/5423/2842 4344/5425/2818
f 4345/5426/2718 4109/5156/2695 4332/5410/2833 4346/5427/2770
f 4257/5311/115 4027/5070/115 4022/5076/115 4254/5317/115
f 4347/5428/2843 4256/5310/2786 4135/5182/2710 4334/5413/2835
f 4112/5159/2698 4348/5429/2718 4349/5430/2770 4143/5190/2712
f 4134/5181/2628 4290/5346/2628 4350/5431/2828 4128/5412/2828
f 4351/5432/2717 4352/5433/2717 4353/5434/2818 4354/5435/2818
f 4355/5436/2718 4177/5227/2735 4339/5419/2840 4356/5437/2770
f 4272/5333/115 4287/5353/115 4291/5347/115 4278/5334/115
f 4357/5438/2828 4289/5345/2628 4201/5251/2628 4340/5421/2828
f 4036/5080/2657 4035/5079/2656 4234/5288/2718 4235/5289/2717
f 4237/5291/2772 4238/5292/2773 4343/5424/2717 4345/5426/2718
f 4348/5429/2718 4352/5433/2717 4351/5432/2717 4355/5436/2718
f 3845/4868/2499 3848/4871/2499 3837/4860/2494 3840/4863/2494
f 3809/4832/2471 3928/4963/2583 3860/4883/2510 3859/4882/2509
f 3842/4865/2497 3841/4864/2496 3923/4955/2577 3859/4882/2509
f 3926/4958/2579 3925/4957/2579 4325/5439/2616 4127/5174/2616
f 3929/4964/2584 3864/4887/2514 3867/4890/2517 3930/4965/2585
f 3919/4951/2573 4301/5440/2809 4358/5441/2844 3920/4952/2574
f 3974/5012/2577 3975/5013/2577 3933/4968/2472 3932/4967/2472
f 3976/5014/2616 3977/5015/2616 4012/5053/2476 3935/4970/2476
f 3987/5026/2616 3976/5014/2616 3935/4970/2476 3938/4973/2476
f 4008/5049/2639 4009/5050/2639 3990/5029/2627 3989/5028/2627
f 4021/5064/2577 3974/5012/2577 3932/4967/2472 4011/5052/2472
f 4023/5066/2472 3933/4968/2472 3975/5013/2577 4034/5078/2655
f 4045/5089/2616 4216/5268/2476 4012/5053/2476 3977/5015/2616
f 3925/4957/2579 4071/5115/2579 4326/5442/2616 4325/5439/2616
f 4060/5104/2674 4059/5103/2674 4075/5119/2616 4074/5118/2616
f 4106/5153/2577 4078/5122/2472 4077/5121/2472 4107/5154/2577
f 4009/5050/2639 4108/5155/2639 4080/5124/2472 3990/5029/2627
f 4071/5115/2579 4125/5172/2708 4334/5443/2845 4326/5442/2616
f 3927/4959/2580 3926/4958/2579 4126/5173/2709 4359/5444/2846
f 4108/5155/2639 4148/5197/2639 4130/5177/2627 4080/5124/2472
f 4008/5049/2639 4149/5198/2639 4142/5189/2632 4000/5039/2632
f 4308/5445/2847 4360/5446/2848 4361/5447/2849 4298/5448/2850
f 4156/5205/2723 4060/5104/2674 4074/5118/2616 4161/5210/2728
f 4358/5441/2844 4362/5449/2851 4363/5450/2627 4364/5451/2577
f 4174/5224/2577 4162/5211/2472 4078/5122/2472 4106/5153/2577
f 4161/5210/2728 4192/5242/2750 4183/5233/2741 4156/5205/2723
f 4340/5452/2616 4072/5116/2616 4075/5119/2616 4194/5244/2752
f 4212/5264/2577 4195/5245/2472 4162/5211/2472 4174/5224/2577
f 4213/5265/2759 4207/5257/2754 4094/5138/2496 4107/5154/2577
f 4011/5052/2472 4214/5266/2472 4225/5279/2577 4021/5064/2577
f 4232/5286/2616 3814/4837/2476 4216/5268/2476 4045/5089/2616
f 4214/5266/2472 3810/4833/2472 3923/4955/2577 4225/5279/2577
f 3929/4964/2584 3815/4838/2477 3814/4837/2476 4232/5286/2616
f 4025/5068/2647 4245/5299/2780 3987/5026/2616 3938/4973/2476
f 4347/5453/2852 4253/5307/2785 4365/5454/2853 4366/5455/2854
f 4030/5073/2651 4260/5314/2632 4263/5318/2639 4034/5078/2655
f 4286/5342/2803 4367/5456/2855 4350/5457/2616 4357/5458/2616
f 4275/5330/2795 4294/5350/2805 4297/5354/2807 4279/5335/2797
f 3867/5459/2517 4307/5369/2494 4310/5375/2499 3930/5460/2585
f 3845/4868/2499 3860/5376/2510 3928/5395/2583 3846/4869/2500
f 3822/4845/2483 4301/5358/2809 3919/5373/2573 3843/4866/2498
f 3825/4848/2485 3828/4851/2488 3875/5461/2525 3874/5363/2524
f 3880/4903/2530 4233/5287/2770 3852/4875/2503 3851/4874/2502
f 3888/4916/25 3855/4878/25 3858/4881/2508 3887/4915/2540
f 3871/4894/2521 4236/5290/2771 4368/5462/2856 3872/4895/2522
f 3854/4877/2505 3882/4905/2532 3878/4901/2528 3851/4874/2502
f 3904/4932/2556 3903/4931/2555 3902/4930/2554 3901/4929/2553
f 3906/4934/2558 3905/4933/2557 4320/5391/2822 4319/5390/2821
f 4369/5463/2857 4370/5464/2858 3914/4944/2566 3913/4943/2565
f 3950/4985/2595 3953/4990/2598 3954/4991/2599 3951/4986/2596
f 3966/5003/2611 3972/5010/2614 3973/5011/2615 3967/5004/2612
f 3973/5011/2615 3986/5025/2626 3984/5022/2623 3967/5004/2612
f 4007/5048/2638 4006/5047/2637 4005/5044/2636 4004/5043/2635
f 3954/4991/2599 4020/5063/2645 4019/5061/2644 3951/4986/2596
f 3953/4990/2598 3950/4985/2595 4032/5075/2653 4033/5077/2654
f 3972/5010/2614 3966/5003/2611 4041/5085/2662 4044/5088/2663
f 4062/5106/2676 4067/5111/2681 3904/4932/2556 3901/4929/2553
f 4064/5108/2678 4371/5465/2859 4189/5239/2747 4065/5109/2679
f 4103/5150/2692 4104/5151/2693 4100/5144/2689 4099/5143/2688
f 4102/5146/2691 4105/5152/2694 4007/5048/2638 4004/5043/2635
f 4062/5106/2676 4120/5167/2704 4123/5170/2707 4067/5111/2681
f 4269/5324/2791 3899/4927/2551 3902/4930/2554 4122/5169/2706
f 4147/5196/2716 4105/5152/2694 4102/5146/2691 4144/5191/2713
f 4005/5044/2636 4146/5193/2715 4332/5410/2833 4002/5041/2633
f 3913/4943/2565 3912/4942/2564 4372/5466/2767 4373/5467/2860
f 4374/5468/2861 4371/5465/2859 4064/5108/2678 4158/5207/2725
f 3908/4936/2560 4375/5469/2806 4376/5470/1966 3905/4933/2557
f 4170/5219/2730 4171/5221/2731 4103/5150/2692 4099/5143/2688
f 4158/5207/2725 4185/5235/2743 4377/5471/2862 4374/5468/2861
f 4066/5110/2680 4065/5109/2679 4188/5238/2746 4378/5472/2863
f 4171/5221/2731 4170/5219/2730 4208/5258/2755 4172/5222/2732
f 4339/5419/2840 4097/5141/2686 4100/5144/2689 4210/5260/2757
f 4020/5063/2645 4224/5278/2765 4222/5275/2763 4019/5061/2644
f 4230/5284/2768 4231/5285/2769 4044/5088/2663 4041/5085/2662
f 4224/5278/2765 3853/4876/2504 3852/4875/2503 4222/5275/2763
f 3871/4894/2521 3870/4893/2520 4231/5285/2769 4230/5284/2768
f 4242/5296/2777 3984/5022/2623 3986/5025/2626 4244/5298/2779
f 4250/5304/2783 4242/5296/2777 4244/5298/2779 4251/5305/2769
f 4262/5316/2503 4032/5075/2653 4031/5074/2652 4346/5427/2770
f 4267/5322/2790 4270/5325/2792 4379/5473/2864 4284/5340/2801
f 4296/5352/1966 4277/5332/1966 4349/5430/2770 4356/5437/2770
f 4368/5474/2856 4315/5475/2817 4302/5359/2810 3872/5476/2522
f 3878/5362/2528 3882/5378/2532 3826/4849/2486 3825/4848/2485
f 3914/5477/2566 4370/5478/2858 4380/5479/2865 4313/5381/2815
f 4319/5480/2821 3856/4879/2506 3855/4878/25 3906/5383/2558
f 3837/4860/2494 3848/4871/2499 4310/5375/2499 4307/5369/2494
f 4315/5475/2817 3875/5461/2525 3828/4851/2488 4302/5359/2810
f 3887/4915/2540 3858/4881/2508 4313/5381/2815 4380/5479/2865
f 4381/5481/2866 4370/5482/2867 4369/5483/2868 4382/5484/2868
f 4063/5485/2869 4383/5486/2870 4384/5487/2871 4157/5488/2872
f 4063/5485/2869 4066/5489/2873 4385/5490/2874 4383/5486/2870
f 4385/5490/2874 4066/5489/2873 4378/5491/2875 4386/5492/2876
f 4387/5493/2877 4386/5492/2876 4378/5491/2875 4379/5494/2877
f 4388/5495/2878 4389/5496/2879 4270/5497/2880 4265/5498/2881
f 4265/5498/2882 4264/5499/2883 4390/5500/2884 4388/5495/2885
f 4264/5499/2883 4266/5501/2886 4391/5502/2887 4390/5500/2884
f 4266/5501/2888 4118/5503/2889 4392/5504/2890 4391/5502/2891
f 4393/5505/2892 4394/5506/2893 3897/5507/2894 3898/5508/2895
f 4395/5509/2892 4393/5505/2892 3898/5508/2895 4058/5510/2895
f 4396/5511/2892 4395/5509/2892 4058/5510/2895 4117/5512/2895
f 4397/5513/2892 4396/5511/2892 4117/5512/2895 4248/5514/2896
f 4398/5515/2897 4241/5516/2898 4245/5517/2899 4399/5518/2900
f 4025/5519/2901 4024/5520/2902 4399/5518/2900 4245/5517/2899
f 4384/5487/2871 4159/5208/2903 4190/5240/2904 4400/5521/2905
f 4383/5486/2870 4069/5113/2877 4159/5208/2903 4384/5487/2871
f 4068/5112/2906 4069/5113/2877 4383/5486/2870 4385/5490/2874
f 4191/5241/2907 4068/5112/2906 4385/5490/2874 4386/5492/2876
f 4401/5522/2908 4285/5341/2909 4387/5493/2877 4389/5496/2879
f 4401/5522/2908 4389/5496/2879 4388/5495/2878 4402/5523/2910
f 4403/5524/2911 4402/5523/2912 4388/5495/2885 4390/5500/2884
f 4404/5525/2913 4403/5524/2911 4390/5500/2884 4391/5502/2887
f 4392/5504/2890 4394/5506/2893 3927/4959/2580 4359/5444/2846
f 4394/5506/2893 4393/5505/2892 3924/4956/2578 3927/4959/2580
f 4393/5505/2892 4395/5509/2892 4070/5114/2578 3924/4956/2578
f 4395/5509/2892 4396/5511/2892 4124/5171/2578 4070/5114/2578
f 4405/5526/2914 4252/5306/2784 4397/5513/2892 4398/5515/2897
f 4365/5454/2853 4405/5526/2914 4398/5515/2897 4399/5518/2900
f 4366/5455/2854 4365/5454/2853 4399/5518/2900 4024/5520/2902
f 4301/5440/2809 4300/5527/2808 4362/5449/2851 4358/5441/2844
f 3915/4945/2567 4406/5528/2915 4362/5529/2916 3821/4946/2568
f 4362/5529/2916 4300/5530/2917 3821/4946/2568
f 4303/5360/2811 3873/5531/2523 3872/5476/2522 4302/5359/2810
f 4307/5369/2494 3867/5459/2517 3866/5532/2516 4306/5368/2495
f 4309/5374/2500 3862/5533/2512 3930/5460/2585 4310/5375/2499
f 4303/5360/2811 4311/5377/2501 3869/5534/2519 3873/5531/2523
f 3911/5535/2563 3914/5477/2566 4313/5381/2815 4312/5380/2814
f 4368/5462/2856 4236/5290/2771 4314/5384/2816 4315/5385/2817
f 4306/5368/2495 3866/5532/2516 3869/5534/2519 4311/5377/2501
f 3900/4928/2552 3899/4927/2551 4317/5387/2819 4316/5386/2818
f 3911/4941/2563 4312/5389/2814 4318/5388/2820 3912/4942/2564
f 3885/5394/2581 3863/5536/2513 3862/5533/2512 4309/5374/2500
f 4323/5398/2826 3965/5002/2610 3968/5005/2613 4322/5397/2825
f 3968/5005/2613 3983/5021/2622 4324/5399/2827 4322/5397/2825
f 4323/5398/2826 4327/5402/2829 4040/5084/2661 3965/5002/2610
f 4328/5403/2830 4061/5105/2675 3900/4928/2552 4316/5386/2818
f 4330/5405/2831 4189/5239/2747 4371/5465/2859 4329/5404/2818
f 4328/5403/2830 4331/5409/2832 4119/5166/2703 4061/5105/2675
f 4333/5411/2834 4317/5387/2819 3899/4927/2551 4269/5324/2791
f 4371/5465/2859 4374/5468/2861 4336/5415/2836 4329/5404/2818
f 4377/5471/2862 4337/5417/2838 4336/5415/2836 4374/5468/2861
f 4330/5405/2831 4338/5418/2839 4187/5237/2745 4189/5239/2747
f 4327/5402/2829 4341/5422/2818 4229/5283/2767 4040/5084/2661
f 4341/5422/2818 4314/5384/2816 4236/5290/2771 4229/5283/2767
f 4342/5423/2842 4324/5399/2827 3983/5021/2622 4243/5297/2778
f 4344/5425/2818 4342/5423/2842 4243/5297/2778 4249/5303/2767
f 4354/5435/2818 4353/5434/2818 4268/5323/2767 4283/5339/2767
f 4401/5522/2918 4402/5523/2919 4280/5336/2798 4285/5341/2802
f 4402/5523/2919 4403/5524/2920 4281/5337/2799 4280/5336/2798
f 4405/5526/2914 4365/5454/2853 4253/5307/2785 4252/5306/2784
f 4284/5340/2801 4283/5339/2767 4268/5323/2767 4267/5322/2790
f 4403/5524/2920 4404/5525/2921 4282/5338/2800 4281/5337/2799
f 4288/5344/2472 4287/5343/2473 4272/5327/2473 4271/5326/2472
f 4289/5345/2628 4291/5347/115 4202/5252/115 4201/5251/2628
f 4293/5349/2684 4292/5348/2804 4274/5329/2794 4273/5328/2793
f 4294/5350/2805 4275/5330/2795 4274/5329/2794 4292/5348/2804
f 4296/5352/1966 4295/5351/2806 4276/5331/2796 4277/5332/1966
f 4293/5349/2684 4273/5328/2793 4276/5331/2796 4295/5351/2806
f 4297/5354/2807 4288/5344/2472 4271/5326/2472 4279/5335/2797
f 4338/5418/2839 4178/5228/2736 4351/5432/2717 4354/5435/2818
f 4355/5436/2718 4356/5437/2770 4349/5430/2770 4348/5429/2718
f 4350/5431/2828 4290/5346/2628 4289/5345/2628 4357/5438/2828
f 4355/5436/2718 4351/5432/2717 4178/5228/2736 4177/5227/2735
f 4286/5342/2803 4357/5458/2616 4340/5452/2616 4194/5244/2752
f 4297/5354/2807 4294/5350/2805 4207/5257/2754 4213/5265/2759
f 4284/5340/2801 4379/5473/2864 4378/5472/2863 4188/5238/2746
f 4296/5352/1966 4356/5437/2770 4339/5419/2840 4210/5260/2757
f 4379/5494/2877 4270/5497/2880 4389/5496/2879 4387/5493/2877
f 4285/5341/2909 4191/5241/2907 4386/5492/2876 4387/5493/2877
f 4354/5435/2818 4283/5339/2767 4187/5237/2745 4338/5418/2839
f 4112/5159/2698 4111/5158/2697 4352/5433/2717 4348/5429/2718
f 4134/5181/2628 4133/5180/115 4278/5334/115 4290/5346/2628
f 4353/5434/2818 4352/5433/2717 4111/5158/2697 4333/5411/2834
f 4126/5173/2709 4128/5175/2616 4350/5457/2616 4367/5456/2855
f 4148/5197/2639 4141/5188/2632 4275/5330/2795 4279/5335/2797
f 4267/5322/2790 4122/5169/2706 4121/5168/2705 4270/5325/2792
f 4144/5191/2713 4143/5190/2712 4349/5430/2770 4277/5332/1966
f 4118/5503/2889 3897/5507/2894 4394/5506/2893 4392/5504/2890
f 4359/5444/2846 4404/5525/2921 4391/5502/2891 4392/5504/2890
f 4333/5411/2834 4269/5324/2791 4268/5323/2767 4353/5434/2818
f 4247/5301/2781 4246/5300/2699 4240/5294/2775 4239/5293/2774
f 4247/5301/2781 4239/5293/2774 4241/5295/2776 4248/5302/2782
f 4250/5304/2783 4249/5303/2767 4243/5297/2778 4242/5296/2777
f 4246/5300/2699 4251/5305/2769 4244/5298/2779 4240/5294/2775
f 4255/5309/2472 4254/5308/2473 4022/5065/2473 4023/5066/2472
f 4256/5310/2786 4257/5311/115 4136/5183/115 4135/5182/2710
f 4259/5313/2490 4258/5312/2629 4028/5071/2649 4029/5072/2650
f 4258/5312/2629 4260/5314/2632 4030/5073/2651 4028/5071/2649
f 4262/5316/2503 4261/5315/2504 4033/5077/2654 4032/5075/2653
f 4261/5315/2504 4259/5313/2490 4029/5072/2650 4033/5077/2654
f 4255/5309/2472 4023/5066/2472 4034/5078/2655 4263/5318/2639
f 4331/5409/2832 4110/5157/2696 4343/5424/2717 4344/5425/2818
f 4345/5426/2718 4346/5427/2770 4031/5074/2652 4237/5291/2772
f 4345/5426/2718 4343/5424/2717 4110/5157/2696 4109/5156/2695
f 4334/5443/2845 4125/5172/2708 4253/5307/2785 4347/5453/2852
f 4260/5314/2632 4142/5189/2632 4149/5198/2639 4263/5318/2639
f 4250/5304/2783 4251/5305/2769 4123/5170/2707 4120/5167/2704
f 4262/5316/2503 4346/5427/2770 4332/5410/2833 4146/5193/2715
f 4248/5514/2896 4241/5516/2898 4398/5515/2897 4397/5513/2892
f 4252/5306/2784 4124/5171/2578 4396/5511/2892 4397/5513/2892
f 4344/5425/2818 4249/5303/2767 4119/5166/2703 4331/5409/2832
f 4179/5229/2737 4180/5230/2738 4407/5537/2922 4408/5538/2923
f 4360/5446/2848 4407/5537/2922 4180/5230/2738 4183/5233/2741
f 4185/5235/2743 4186/5236/2744 4382/5539/2924 4373/5467/2860
f 4190/5240/2748 4179/5229/2737 4408/5538/2923 4409/5540/2925
f 4192/5242/2750 4193/5243/2751 4321/5541/2926 4361/5447/2849
f 4363/5450/2627 4406/5542/2473 4196/5246/2473 4195/5245/2472
f 4203/5253/2491 4173/5223/2684 4410/5543/2684 4411/5544/2491
f 4206/5256/2496 4203/5253/2491 4411/5544/2491 4412/5545/2496
f 4208/5258/2755 4209/5259/2756 4335/5414/2770 4376/5470/1966
f 4196/5262/115 4406/5528/2915 3915/4945/2567 4199/5249/115
f 4173/5223/2684 4172/5222/2732 4375/5469/2806 4410/5543/2684
f 4212/5264/2577 4206/5256/2496 4412/5545/2496 4364/5451/2577
f 4413/5546/2818 4150/5199/2717 4175/5225/2733 4337/5417/2838
f 4384/5487/2871 4400/5521/2905 4186/5547/2927 4157/5488/2872
f 4190/5240/2904 4409/5540/2928 4381/5481/2866 4400/5521/2905
f 4337/5417/2838 4377/5471/2862 4372/5466/2767 4413/5546/2818
f 4150/5199/2717 4151/5200/2718 4176/5226/2734 4175/5225/2733
f 3915/4945/2567 3916/4948/2570 4200/5250/2753 4199/5249/115
f 4151/5200/2718 4335/5414/2770 4209/5259/2756 4176/5226/2734
f 4193/5420/2841 4200/5250/2753 3916/4948/2570 4321/5393/2824
f 4361/5447/2849 4360/5446/2848 4183/5233/2741 4192/5242/2750
f 4364/5451/2577 4363/5450/2627 4195/5245/2472 4212/5264/2577
f 4373/5467/2860 4372/5466/2767 4377/5471/2862 4185/5235/2743
f 4375/5469/2806 4172/5222/2732 4208/5258/2755 4376/5470/1966
f 4400/5521/2905 4381/5481/2866 4382/5484/2868 4186/5547/2927
f 4408/5538/2923 4407/5537/2922 4305/5548/2929 4304/5549/2930
f 4308/5445/2847 4305/5548/2929 4407/5537/2922 4360/5446/2848
f 4373/5467/2860 4382/5539/2924 4369/5463/2857 3913/4943/2565
f 4321/5541/2926 4299/5550/2931 4298/5448/2850 4361/5447/2849
f 4363/5450/2627 4362/5449/2851 4406/5542/2473
f 4411/5544/2491 4410/5543/2684 3921/4953/2575 3917/4949/2571
f 4412/5545/2496 4411/5544/2491 3917/4949/2571 3920/4952/2574
f 4335/5414/2770 4320/5391/2822 3905/4933/2557 4376/5470/1966
f 4410/5543/2684 4375/5469/2806 3908/4936/2560 3921/4953/2575
f 3920/4952/2574 4358/5441/2844 4364/5451/2577 4412/5545/2496
f 4318/5388/2820 3910/4939/2562 4150/5199/2717 4413/5546/2818
f 4409/5540/2928 4380/5551/2932 4370/5482/2867 4381/5481/2866
f 4413/5546/2818 4372/5466/2767 3912/4942/2564 4318/5388/2820
f 4304/5549/2930 4380/5551/2933 4409/5540/2925 4408/5538/2923
f 3835/4858/2493 3887/4915/2540 4380/5479/2865 4304/5364/2812
f 4366/5552/2934 4026/5069/2648 4256/5310/2786 4347/5428/2843
f 4026/5069/2648 4366/5552/2934 3985/5024/2625 3941/4976/2587
f 4024/5553/2935 3937/5023/2624 3985/5024/2625 4366/5552/2934
f 4286/5342/2803 4282/5338/2800 4404/5525/2921 4367/5456/2855
f 4367/5456/2855 4404/5525/2921 4359/5444/2846 4126/5173/2709
f 4414/5554/2936 4415/5555/2937 4416/5556/2938
f 4417/5557/2939 4418/5558/2940 4419/5559/2941 4420/5560/2942
f 4421/5561/2943 4422/5562/2944 4423/5563/2945 4424/5564/2946
f 4425/5565/2947 4426/5566/2948 4427/5567/2949 4428/5568/2950
f 4429/5569/2951 4430/5570/2952 4431/5571/2953 4432/5572/2954
f 4433/5573/2955 4434/5574/2956 4435/5575/2957 4436/5576/2958
f 4437/5577/2959 4438/5578/2960 4439/5579/2961 4440/5580/2962
f 4441/5581/2963 4442/5582/2964 4443/5583/2965 4444/5584/2966
f 4430/5570/2952 4445/5585/2967 4427/5567/2949 4431/5571/2953
f 4434/5574/2956 4446/5586/2968 4419/5587/2941 4435/5575/2957
f 4417/5557/2939 4420/5560/2942 4438/5578/2960 4437/5577/2959
f 4425/5565/2947 4428/5568/2950 4442/5582/2964 4441/5581/2963
f 4447/5588/2969 4448/5589/2970 4449/5590/2971 4450/5591/2972
f 4448/5589/2970 4426/5566/2948 4451/5592/2973 4449/5590/2971
f 4451/5592/2973 4426/5566/2948 4425/5565/2947 4452/5593/2974
f 4441/5581/2963 4453/5594/2975 4452/5593/2974 4425/5565/2947
f 4444/5584/2966 4454/5595/2976 4453/5594/2975 4441/5581/2963
f 4455/5596/2977 4456/5597/2978 4457/5598/2979 4458/5599/2980
f 4455/5596/2977 4459/5600/2981 4460/5601/2982 4456/5597/2978
f 4461/5602/2983 4460/5601/2982 4459/5600/2981 4446/5603/2968
f 4434/5574/2956 4462/5604/2984 4461/5605/2983 4446/5586/2968
f 4463/5606/2985 4462/5604/2984 4434/5574/2956 4433/5573/2955
f 4456/5597/2978 4464/5607/2986 4465/5608/2987 4457/5598/2979
f 4464/5607/2986 4456/5597/2978 4460/5601/2982 4466/5609/2988
f 4466/5609/2988 4460/5601/2982 4461/5602/2983 4467/5610/2989
f 4468/5611/2990 4467/5612/2989 4461/5605/2983 4462/5604/2984
f 4462/5604/2984 4463/5606/2985 4469/5613/2991 4468/5611/2990
f 4470/5614/2992 4471/5615/2993 4465/5608/2987 4464/5607/2986
f 4466/5609/2988 4472/5616/2994 4470/5614/2992 4464/5607/2986
f 4466/5609/2988 4467/5610/2989 4473/5617/2995 4472/5616/2994
f 4474/5618/2996 4473/5619/2995 4467/5612/2989 4468/5611/2990
f 4475/5620/2997 4474/5618/2996 4476/5621/2998 4477/5622/2999
f 4424/5564/2946 4423/5563/2945 4478/5623/3000 4479/5624/3001
f 4450/5591/2972 4480/5625/3002 4481/5626/3003 4482/5627/3004
f 4449/5590/2971 4483/5628/3005 4480/5625/3002 4450/5591/2972
f 4451/5592/2973 4484/5629/3006 4483/5628/3005 4449/5590/2971
f 4451/5592/2973 4452/5593/2974 4485/5630/3007 4484/5629/3006
f 4486/5631/3008 4485/5630/3007 4452/5593/2974 4453/5594/2975
f 4487/5632/3009 4486/5631/3008 4453/5594/2975 4454/5595/2976
f 4488/5633/3010 4489/5634/3011 4457/5598/2979 4490/5635/3012
f 4465/5608/2987 4491/5636/5 4490/5635/3012 4457/5598/2979
f 4492/5637/3013 4493/5638/57 4469/5613/2991 4463/5606/2985
f 4494/5639/3014 4495/5640/3015 4496/5641/5 4471/5615/2993
f 4493/5638/57 4497/5642/57 4476/5621/2998 4469/5613/2991
f 4494/5643/3014 4498/5644/3016 4421/5561/2943 4424/5564/2946
f 4498/5644/3016 4499/5645/3017 4500/5646/3018 4421/5561/2943
f 4501/5647/3019 4500/5646/3018 4499/5645/3017 4502/5648/3020
f 4475/5649/2997 4422/5562/2944 4501/5647/3019 4502/5648/3020
f 4477/5650/2999 4423/5563/2945 4422/5562/2944 4475/5649/2997
f 4503/5651/3021 4478/5623/3000 4423/5563/2945 4477/5650/2999
f 4504/5652/25 4505/5653/25 4506/5654/3022 4507/5655/3023
f 4508/5656/3024 4509/5657/25 4504/5652/25 4507/5655/3023
f 4495/5658/3015 4479/5624/3001 4510/5659/3025 4511/5660/3026
f 4498/5661/3016 4494/5639/3014 4471/5615/2993 4470/5614/2992
f 4499/5662/3017 4498/5661/3016 4470/5614/2992 4472/5616/2994
f 4472/5616/2994 4473/5617/2995 4502/5663/3020 4499/5662/3017
f 4502/5664/3020 4473/5619/2995 4474/5618/2996 4475/5620/2997
f 4474/5618/2996 4468/5611/2990 4469/5613/2991 4476/5621/2998
f 4512/5665/3027 4491/5636/5 4496/5641/5 4513/5666/3028
f 4503/5667/3021 4497/5642/57 4514/5668/3029 4515/5669/3030
f 4516/5670/3031 4517/5671/3032 4518/5672/3033 4519/5673/3034
f 4506/5674/3022 4520/5675/3035 4521/5676/3036 4522/5677/3037
f 4523/5678/3038 4524/5679/3039 4525/5680/3040 4526/5681/3041
f 4418/5682/2940 4527/5683/3042 4524/5679/3039 4523/5678/3038
f 4527/5684/3042 4418/5558/2940 4417/5557/2939 4528/5685/3043
f 4417/5557/2939 4437/5577/2959 4529/5686/3044 4528/5685/3043
f 4437/5577/2959 4440/5580/2962 4530/5687/3045 4529/5686/3044
f 4531/5688/3046 4532/5689/3047 4533/5690/3048 4534/5691/3049
f 4535/5692/3050 4533/5690/3048 4532/5689/3047 4536/5693/3051
f 4535/5692/3050 4536/5693/3051 4445/5585/2967 4537/5694/3052
f 4430/5570/2952 4538/5695/3053 4537/5694/3052 4445/5585/2967
f 4429/5569/2951 4539/5696/3054 4538/5695/3053 4430/5570/2952
f 4540/5697/3055 4541/5698/3056 4542/5699/3057 4543/5700/3058
f 4544/5701/3059 4545/5702/3060 4546/5703/3061 4547/5704/3062
f 4548/5705/3063 4549/5706/3064 4546/5703/3061 4545/5702/3060
f 4548/5707/3063 4550/5708/3065 4551/5709/3066 4549/5710/3064
f 4550/5708/3065 4552/5711/3067 4553/5712/3068 4551/5709/3066
f 4554/5713/3069 4555/5714/3070 4553/5712/3068 4552/5711/3067
f 4556/5715/3071 4555/5714/3070 4554/5713/3069 4557/5716/3072
f 4558/5717/3073 4414/5554/2936 4559/5718/3074 4560/5719/3075
f 4561/5720/3076 4415/5555/2937 4414/5554/2936 4558/5717/3073
f 4562/5721/3077 4563/5722/3078 4415/5555/2937 4561/5720/3076
f 4562/5721/3077 4564/5723/3079 4565/5724/3080 4563/5722/3078
f 4564/5723/3079 4543/5700/3058 4542/5699/3057 4565/5724/3080
f 4551/5709/3066 4553/5712/3068 4566/5725/3081
f 4567/5726/3082 4555/5714/3070 4556/5715/3071 4568/5727/3083
f 4563/5722/3078 4565/5724/3080 4569/5728/3084
f 4541/5698/3056 4570/5729/3085 4571/5730/3086 4542/5699/3057
f 4546/5703/3061 4549/5706/3064 4572/5731/3087
f 4551/5709/3066 4566/5725/3081 4572/5732/3087 4549/5710/3064
f 4573/5733/3088 4567/5726/3082 4568/5727/3083 4574/5734/3089
f 4415/5555/2937 4563/5722/3078 4569/5735/3084 4416/5556/2938
f 4565/5724/3080 4542/5699/3057 4571/5730/3086 4569/5728/3084
f 4571/5736/3086 4575/5737/3090 4416/5556/2938 4569/5735/3084
f 4575/5737/3090 4559/5718/3074 4414/5554/2936 4416/5556/2938
f 4553/5712/3068 4555/5714/3070 4567/5726/3082 4566/5725/3081
f 4566/5725/3081 4567/5726/3082 4573/5733/3088 4572/5732/3087
f 4546/5703/3061 4572/5731/3087 4573/5738/3088 4547/5704/3062
f 4525/5680/3040 4544/5701/3059 4576/5739/3091 4577/5740/3092
f 4524/5679/3039 4545/5702/3060 4544/5701/3059 4525/5680/3040
f 4548/5705/3063 4545/5702/3060 4524/5679/3039 4527/5683/3042
f 4550/5708/3065 4548/5707/3063 4527/5684/3042 4528/5685/3043
f 4550/5708/3065 4528/5685/3043 4529/5686/3044 4552/5711/3067
f 4554/5713/3069 4552/5711/3067 4529/5686/3044 4530/5687/3045
f 4578/5741/3093 4579/5742/3094 4534/5691/3049 4560/5719/3075
f 4558/5717/3073 4560/5719/3075 4534/5691/3049 4533/5690/3048
f 4561/5720/3076 4558/5717/3073 4533/5690/3048 4535/5692/3050
f 4561/5720/3076 4535/5692/3050 4537/5694/3052 4562/5721/3077
f 4562/5721/3077 4537/5694/3052 4538/5695/3053 4564/5723/3079
f 4539/5696/3054 4543/5700/3058 4564/5723/3079 4538/5695/3053
f 4420/5560/2942 4419/5559/2941 4446/5603/2968 4459/5600/2981
f 4428/5568/2950 4427/5567/2949 4445/5585/2967 4536/5693/3051
f 4448/5589/2970 4447/5588/2969 4432/5572/2954 4431/5571/2953
f 4523/5678/3038 4526/5681/3041 4436/5576/2958 4435/5575/2957
f 4438/5578/2960 4455/5596/2977 4458/5599/2980 4439/5579/2961
f 4442/5582/2964 4532/5689/3047 4531/5688/3046 4443/5583/2965
f 4426/5566/2948 4448/5589/2970 4431/5571/2953 4427/5567/2949
f 4418/5682/2940 4523/5678/3038 4435/5575/2957 4419/5587/2941
f 4420/5560/2942 4459/5600/2981 4455/5596/2977 4438/5578/2960
f 4428/5568/2950 4536/5693/3051 4532/5689/3047 4442/5582/2964
f 4479/5624/3001 4478/5623/3000 4580/5743/3025 4510/5659/3025
f 4581/5744/3095 4582/5745/3096 4481/5626/3003 4480/5625/3002
f 4483/5628/3005 4583/5746/3097 4581/5744/3095 4480/5625/3002
f 4484/5629/3006 4584/5747/3098 4583/5746/3097 4483/5628/3005
f 4484/5629/3006 4485/5630/3007 4585/5748/3099 4584/5747/3098
f 4586/5749/3100 4585/5748/3099 4485/5630/3007 4486/5631/3008
f 4587/5750/3101 4586/5749/3100 4486/5631/3008 4487/5632/3009
f 4490/5635/3012 4588/5751/3102 4589/5752/3103 4488/5633/3010
f 4491/5636/5 4512/5665/3027 4588/5751/3102 4490/5635/3012
f 4590/5753/3104 4591/5754/3105 4493/5638/57 4492/5637/3013
f 4513/5666/3028 4496/5641/5 4495/5640/3015 4511/5755/3026
f 4591/5754/3105 4514/5668/3029 4497/5642/57 4493/5638/57
f 4580/5743/3025 4478/5623/3000 4503/5651/3021 4515/5756/3030
f 4495/5658/3015 4494/5643/3014 4424/5564/2946 4479/5624/3001
f 4491/5636/5 4465/5608/2987 4471/5615/2993 4496/5641/5
f 4477/5622/2999 4476/5621/2998 4497/5642/57 4503/5667/3021
f 4511/5660/3026 4510/5659/3025 4509/5657/25 4508/5656/3024
f 4509/5657/25 4510/5659/3025 4580/5743/3025 4592/5757/25
f 4581/5744/3095 4593/5758/3106 4594/5759/3107 4582/5745/3096
f 4583/5746/3097 4595/5760/3108 4593/5758/3106 4581/5744/3095
f 4584/5747/3098 4596/5761/3109 4595/5760/3108 4583/5746/3097
f 4584/5747/3098 4585/5748/3099 4597/5762/3110 4596/5761/3109
f 4598/5763/3111 4597/5762/3110 4585/5748/3099 4586/5749/3100
f 4599/5764/3112 4598/5763/3111 4586/5749/3100 4587/5750/3101
f 4589/5752/3103 4588/5751/3102 4600/5765/3113 4601/5766/3114
f 4512/5665/3027 4517/5671/3032 4600/5765/3113 4588/5751/3102
f 4602/5767/3115 4603/5768/3116 4591/5754/3105 4590/5753/3104
f 4508/5769/3024 4518/5672/3033 4513/5666/3028 4511/5755/3026
f 4603/5768/3116 4521/5676/3036 4514/5668/3029 4591/5754/3105
f 4592/5757/25 4580/5743/3025 4515/5756/3030 4520/5770/3035
f 4513/5666/3028 4518/5672/3033 4517/5671/3032 4512/5665/3027
f 4514/5668/3029 4521/5676/3036 4520/5675/3035 4515/5669/3030
f 4509/5657/25 4592/5757/25 4505/5653/25 4504/5652/25
f 4593/5758/3106 4604/5771/3117 4605/5772/3118 4594/5759/3107
f 4595/5760/3108 4606/5773/3119 4604/5771/3117 4593/5758/3106
f 4596/5761/3109 4607/5774/3120 4606/5773/3119 4595/5760/3108
f 4596/5761/3109 4597/5762/3110 4608/5775/3121 4607/5774/3120
f 4609/5776/3122 4608/5775/3121 4597/5762/3110 4598/5763/3111
f 4610/5777/3123 4609/5776/3122 4598/5763/3111 4599/5764/3112
f 4611/5778/3124 4612/5779/3125 4601/5766/3114 4600/5765/3113
f 4517/5671/3032 4516/5670/3031 4611/5778/3124 4600/5765/3113
f 4613/5780/3126 4614/5781/3127 4603/5768/3116 4602/5767/3115
f 4507/5782/3023 4519/5673/3034 4518/5672/3033 4508/5769/3024
f 4614/5781/3127 4522/5677/3037 4521/5676/3036 4603/5768/3116
f 4520/5770/3035 4506/5654/3022 4505/5653/25 4592/5757/25
f 4615/5783/3128 4616/5784/3129 4482/5627/3004 4481/5626/3003
f 4617/5785/3130 4487/5632/3009 4454/5595/2976 4618/5786/3131
f 4576/5739/3091 4619/5787/3132 4541/5698/3056 4540/5697/3055
f 4578/5741/3093 4560/5719/3075 4559/5718/3074 4620/5788/3133
f 4575/5737/3090 4621/5789/3134 4620/5788/3133 4559/5718/3074
f 4570/5729/3085 4541/5698/3056 4619/5787/3132 4574/5790/3089
f 4575/5737/3090 4571/5736/3086 4570/5791/3085 4621/5789/3134
f 4539/5696/3054 4622/5792/3135 4540/5697/3055 4543/5700/3058
f 4578/5741/3093 4557/5716/3072 4623/5793/3136 4579/5742/3094
f 4615/5783/3128 4481/5626/3003 4582/5745/3096 4624/5794/3137
f 4587/5750/3101 4487/5632/3009 4617/5785/3130 4625/5795/3138
f 4626/5796/3139 4624/5794/3137 4582/5745/3096 4594/5759/3107
f 4587/5750/3101 4625/5795/3138 4627/5797/3140 4599/5764/3112
f 4628/5798/3141 4626/5796/3139 4594/5759/3107 4605/5772/3118
f 4629/5799/3142 4610/5777/3123 4599/5764/3112 4627/5797/3140
f 4488/5633/3010 4617/5785/3130 4618/5786/3131 4489/5634/3011
f 4620/5788/3133 4556/5715/3071 4557/5716/3072 4578/5741/3093
f 4620/5788/3133 4621/5789/3134 4568/5727/3083 4556/5715/3071
f 4621/5789/3134 4570/5791/3085 4574/5734/3089 4568/5727/3083
f 4540/5697/3055 4622/5792/3135 4577/5740/3092 4576/5739/3091
f 4625/5795/3138 4617/5785/3130 4488/5633/3010 4589/5752/3103
f 4627/5797/3140 4625/5795/3138 4589/5752/3103 4601/5766/3114
f 4627/5797/3140 4601/5766/3114 4612/5779/3125 4629/5799/3142
f 4463/5606/2985 4616/5784/3129 4615/5783/3128 4492/5637/3013
f 4544/5701/3059 4547/5704/3062 4619/5787/3132 4576/5739/3091
f 4573/5738/3088 4574/5790/3089 4619/5787/3132 4547/5704/3062
f 4557/5716/3072 4554/5713/3069 4530/5687/3045 4623/5793/3136
f 4624/5794/3137 4590/5753/3104 4492/5637/3013 4615/5783/3128
f 4602/5767/3115 4590/5753/3104 4624/5794/3137 4626/5796/3139
f 4613/5780/3126 4602/5767/3115 4626/5796/3139 4628/5798/3141
f 4539/5696/3054 4429/5569/2951 4630/5800/3143 4622/5792/3135
f 4577/5740/3092 4622/5792/3135 4630/5800/3143 4631/5801/3144
f 4525/5680/3040 4577/5740/3092 4631/5801/3144 4526/5681/3041
f 4432/5572/2954 4632/5802/3145 4630/5800/3143 4429/5569/2951
f 4632/5802/3145 4633/5803/3146 4631/5801/3144 4630/5800/3143
f 4633/5803/3146 4436/5576/2958 4526/5681/3041 4631/5801/3144
f 4447/5588/2969 4634/5804/3147 4632/5802/3145 4432/5572/2954
f 4634/5804/3147 4635/5805/3148 4633/5803/3146 4632/5802/3145
f 4635/5805/3148 4433/5573/2955 4436/5576/2958 4633/5803/3146
f 4450/5591/2972 4482/5627/3004 4634/5804/3147 4447/5588/2969
f 4482/5627/3004 4616/5784/3129 4635/5805/3148 4634/5804/3147
f 4616/5784/3129 4463/5606/2985 4433/5573/2955 4635/5805/3148
f 4530/5687/3045 4440/5580/2962 4636/5806/3149 4623/5793/3136
f 4623/5793/3136 4636/5806/3149 4637/5807/3150 4579/5742/3094
f 4534/5691/3049 4579/5742/3094 4637/5807/3150 4531/5688/3046
f 4440/5580/2962 4439/5579/2961 4638/5808/3151 4636/5806/3149
f 4636/5806/3149 4638/5808/3151 4639/5809/3152 4637/5807/3150
f 4639/5809/3152 4443/5583/2965 4531/5688/3046 4637/5807/3150
f 4439/5579/2961 4458/5599/2980 4640/5810/3153 4638/5808/3151
f 4638/5808/3151 4640/5810/3153 4641/5811/3154 4639/5809/3152
f 4639/5809/3152 4641/5811/3154 4444/5584/2966 4443/5583/2965
f 4458/5599/2980 4457/5598/2979 4489/5634/3011 4640/5810/3153
f 4640/5810/3153 4489/5634/3011 4618/5786/3131 4641/5811/3154
f 4641/5811/3154 4618/5786/3131 4454/5595/2976 4444/5584/2966
f 4500/5646/3018 4501/5647/3019 4422/5562/2944 4421/5561/2943
