# Blender 5.2.1 LTS
# www.blender.org
mtllib AK_for_Mini_Fix.mtl
o AK.001
v 0.284616 12.572491 19.834408
v 0.273853 10.197073 26.001415
v -2.051332 15.427696 25.997356
v -2.040568 15.222803 19.830351
v -2.051332 24.189682 25.997358
v -2.040568 25.093803 19.830353
v -2.146967 26.382812 80.792213
v -2.146967 21.633003 80.792213
v -2.152083 21.829485 83.723778
v -2.152083 26.394632 83.723663
v 0.453822 10.359692 29.082628
v -2.056709 15.603268 29.078245
v -2.051332 29.151999 25.997360
v -2.040568 29.236547 19.830353
v -2.070205 26.231905 36.810871
v -2.074092 28.965401 39.038094
v -2.064030 29.047905 33.272923
v -2.064030 25.322102 33.272923
v -4.063262 18.230398 41.519363
v -3.699842 15.411671 41.520229
v -3.632151 15.726566 48.313530
v -4.095464 18.463472 48.314541
v -2.064030 16.886604 33.272919
v 0.698782 11.625641 33.277740
v 0.266685 12.303160 36.814949
v -2.070205 18.361423 36.810871
v -2.056709 29.107906 29.078249
v -2.056709 24.669241 29.078249
v -2.134113 26.235424 73.427673
v -2.134113 28.473339 73.427673
v -2.108449 28.683800 58.723015
v -2.108449 26.233948 58.723015
v -2.134113 21.111965 73.427673
v 0.504492 14.461071 73.431023
v -0.088040 14.381521 80.795456
v -2.146967 28.367990 80.792213
v -0.093157 15.561558 83.727257
v 4.262544 13.461033 83.734970
v 4.262544 21.829485 83.734970
v 4.267661 28.367990 80.803406
v -2.152083 28.326059 83.723663
v 4.262544 28.326059 83.734970
v 4.374060 25.093803 19.841547
v 4.374060 29.236547 19.841547
v 4.374060 15.222803 19.841547
v 4.262544 26.394632 83.734970
v 4.363296 29.151999 26.008554
v 4.350597 29.047905 33.284119
v 4.340535 28.965401 39.049290
v 4.280517 12.014061 73.437729
v 0.401174 13.538315 58.726715
v 4.306180 12.021788 58.733528
v 4.357919 29.107906 29.089445
v -2.090245 28.836874 48.293152
v 4.324382 28.836874 48.304352
v 4.267661 12.280884 80.803062
v 4.280514 28.473339 73.438866
v -4.137965 18.740980 58.732315
v -3.555167 16.101690 58.507980
v -3.462014 16.355789 68.032104
v -4.206127 19.122129 68.030693
v -2.090207 26.232813 48.270992
v 0.325549 12.866930 48.275208
v 4.324421 12.174747 48.282188
v 4.306179 28.683800 58.734211
v -4.154194 21.121397 68.030777
v -4.137965 21.333792 58.732655
v -4.119782 21.368340 48.314499
v -4.107923 21.397430 41.519287
v 4.344423 12.303160 36.822063
v 4.363296 9.161358 26.008553
v 4.357919 9.324089 29.089441
v 4.374060 11.536776 19.841547
v 4.350597 10.589928 33.284115
v 10.778037 15.427696 26.019749
v 8.452739 10.197073 26.015690
v 8.463502 12.572491 19.848684
v 10.788800 15.222803 19.852741
v 10.778037 24.189682 26.019751
v 10.788800 25.093803 19.852743
v 10.682288 26.382812 80.814606
v 10.677172 26.394632 83.746170
v 10.677172 21.829485 83.746170
v 10.682288 21.633003 80.814606
v 10.772659 15.603268 29.100637
v 8.262129 10.359692 29.096256
v 10.788800 29.236547 19.852743
v 10.778037 29.151999 26.019751
v 10.759164 26.231905 36.833263
v 10.765339 25.322102 33.295315
v 10.765339 29.047905 33.295315
v 10.755277 28.965401 39.060486
v 12.735660 18.230398 41.548683
v 12.744142 18.463472 48.343933
v 12.280835 15.726566 48.341301
v 12.372353 15.411671 41.548279
v 8.422161 12.303160 36.829182
v 8.002527 11.625641 33.290489
v 10.765339 16.886604 33.295311
v 10.759164 18.361423 36.833263
v 10.772659 24.669241 29.100639
v 10.772659 29.107906 29.100641
v 10.720920 28.683800 58.745407
v 10.695142 28.473339 73.450058
v 10.695142 26.235424 73.450058
v 10.720920 26.233948 58.745407
v 8.623363 14.381521 80.810669
v 8.056655 14.461071 73.444199
v 10.695142 21.111965 73.450058
v 10.682288 28.367990 80.814606
v 8.618245 15.561558 83.742462
v 10.677172 28.326059 83.746170
v 8.211299 13.538315 58.740345
v 10.739123 28.836874 48.315544
v 12.750277 18.740980 58.761791
v 12.785982 19.122129 68.060349
v 12.041869 16.355789 68.059158
v 12.168267 16.101690 58.535423
v 10.739161 26.232813 48.293381
v 8.323293 12.866930 48.289165
v 12.750277 21.333792 58.762131
v 12.734048 21.121397 68.060257
v 12.780319 21.397430 41.548763
v 12.768459 21.368340 48.343971
v 2.003218 -1.335904 -57.659973
v 2.003224 -2.106610 -57.663261
v 2.002041 -2.090019 -56.985283
v 2.002057 -1.320903 -56.994370
v 6.628318 -2.090019 -56.977211
v 6.629501 -2.106610 -57.655190
v 6.629496 -1.335904 -57.651901
v 6.628334 -1.320903 -56.986298
v 1.964615 10.206966 -35.541904
v 1.963596 10.204124 -34.958023
v 6.589873 10.204124 -34.949947
v 6.590893 10.206966 -35.533829
v 2.003161 6.487870 -57.627007
v 2.002218 6.487870 -57.086769
v 6.628495 6.487870 -57.078697
v 6.629438 6.487870 -57.618935
v 6.629475 1.512370 -57.639961
v 2.003197 1.512370 -57.648033
v 1.997223 -4.843289 -54.224861
v 1.997267 -5.501493 -54.250092
v 1.988248 -5.473196 -49.082779
v 1.988226 -4.814993 -49.069817
v 6.623545 -5.501493 -54.242020
v 6.614526 -5.473196 -49.074707
v 6.623501 -4.843289 -54.216789
v 6.614503 -4.814993 -49.061745
v 1.964686 -1.970813 -35.582584
v 1.963525 -2.020473 -34.917339
v 1.963542 0.869279 -34.926884
v 1.964669 0.907803 -35.572926
v 6.589803 -2.020473 -34.909264
v 6.589819 0.869279 -34.918808
v 6.590963 -1.970813 -35.574509
v 6.590946 0.907803 -35.564850
v 2.000220 -4.699194 -55.941963
v 2.000943 -5.255689 -56.356171
v 6.626497 -4.699194 -55.933891
v 6.627220 -5.255689 -56.348099
v 1.965266 -3.412222 -35.914757
v 1.964247 -3.881896 -35.330879
v 6.590524 -3.881896 -35.322807
v 6.591543 -3.412109 -35.906685
v 2.001733 -3.738822 -56.809143
v 2.002796 -4.102242 -57.417915
v 6.628011 -3.738822 -56.801186
v 6.629073 -4.102242 -57.409843
v 1.966115 -4.955227 -36.401360
v 1.966976 -4.390208 -36.894562
v 1.969775 -5.415241 -38.498589
v 1.969796 -4.757152 -38.510635
v 6.592392 -4.955227 -36.393181
v 6.596053 -5.415241 -38.490517
v 6.593253 -4.390208 -36.886490
v 6.596074 -4.757152 -38.502563
v 1.963569 5.533746 -34.942455
v 1.964642 5.554429 -35.557362
v 6.589847 5.533746 -34.934380
v 6.590919 5.554429 -35.549286
v 1.972924 -5.425127 -40.302391
v 1.972937 -4.767037 -40.310120
v 6.599201 -5.425127 -40.294205
v 6.599215 -4.767037 -40.302048
v 1.979459 -5.445695 -44.046707
v 1.979457 -4.787493 -44.045570
v 6.605736 -5.445695 -44.038635
v 6.605734 -4.787493 -44.037498
v 2.002115 1.521915 -57.028015
v 6.628393 1.521915 -57.019943
v 1.533261 -1.334997 -33.667370
v 1.533261 -0.290759 -33.667370
v 1.527785 -0.290759 -30.595119
v 1.527785 -1.334997 -30.595119
v 0.743569 -1.334997 -30.798878
v 0.743569 -0.290759 -30.798878
v 0.748593 -0.290759 -33.677486
v 0.748593 -1.334997 -33.677486
v 1.523747 0.101981 -28.281406
v 0.739291 0.101981 -28.282776
v 0.740192 -0.784979 -28.799042
v 1.524648 -0.784979 -28.797672
v 2.499251 7.426876 -34.802086
v 2.499251 1.021330 -34.802086
v 4.276464 1.021330 -34.798985
v 4.276464 7.426876 -34.798985
v 2.499251 -1.334997 -34.802086
v 1.715422 -1.334997 -35.358242
v 4.277432 -1.334997 -35.353771
v 4.276464 -1.334997 -34.798985
v 1.715422 -0.290759 -35.358242
v 4.277432 -0.290759 -35.353771
v 4.277432 7.426877 -35.353771
v 1.715422 7.426877 -35.358242
v 1.775778 7.426876 -34.519249
v 1.775778 1.021330 -34.519249
v 0.991950 -1.334997 -35.075405
v 0.991950 -0.290759 -35.075405
v 1.775778 -1.334997 -34.519249
v 0.991950 7.426877 -35.075405
v 1.533261 7.426876 -33.667370
v 1.533261 1.021330 -33.667370
v 0.748593 7.426876 -33.677486
v 1.526728 7.426876 -29.989410
v 1.526728 1.021330 -29.989410
v 0.738585 7.426876 -27.878220
v 0.740665 7.426876 -29.134964
v 0.740665 1.021330 -29.134964
v 0.738585 1.021328 -27.878220
v 1.523041 7.426876 -27.876850
v 1.523041 1.021328 -27.876850
v 2.499251 -0.290759 -34.802086
v 4.276464 -0.290759 -34.798985
v 1.715422 1.021330 -35.358242
v 4.277432 1.021330 -35.353771
v 1.775778 -0.290759 -34.519249
v 0.991950 1.021330 -35.075405
v 0.748593 1.021330 -33.677486
v 1.525042 1.021330 -29.023701
v 1.525692 -0.167232 -29.395874
v 0.741680 -1.267154 -29.716572
v 0.741314 -0.167232 -29.507133
v 1.526057 -1.267154 -29.605312
v 1.525042 7.426876 -29.023701
v 0.742512 7.426876 -30.193176
v 0.742512 1.021330 -30.193176
v -2.513004 10.316399 -30.220901
v -2.507044 10.144236 -33.700897
v -2.507101 9.477169 -33.667942
v -2.513061 9.649220 -30.187836
v -2.514906 9.701494 -29.130985
v -2.514848 10.368675 -29.163940
v -2.517097 9.763655 -27.875832
v -2.517039 10.430721 -27.908901
v -0.375786 9.477169 -33.664223
v -0.381746 9.649220 -30.184116
v -0.383591 9.701494 -29.127266
v -0.385782 9.763655 -27.872112
v -0.211400 10.430721 -27.904877
v -0.208760 10.372084 -29.092186
v -0.205651 10.322536 -30.091988
v -0.201187 10.144575 -33.691532
v 0.228090 9.408075 -33.659760
v 0.222130 9.580240 -30.179653
v 0.220285 9.632515 -29.122807
v 0.218094 9.694561 -27.867649
v 0.653271 10.253899 -30.044006
v 0.658830 10.073891 -33.684692
v 0.648620 10.359924 -27.899857
v 0.650992 10.302422 -29.063869
v 0.618425 9.201136 -33.648849
v 1.317903 9.660696 -33.661942
v 0.612351 9.373186 -30.168743
v 0.610620 9.425463 -29.111893
v 0.608429 9.487623 -27.856739
v 1.311620 9.842068 -29.996723
v 1.307695 9.946842 -27.878246
v 1.309816 9.889908 -29.028278
v 7.015701 -0.290759 -33.657803
v 7.015701 -1.334997 -33.657803
v 7.010452 -1.334997 -30.585552
v 7.010452 -0.290759 -30.585552
v 7.795375 -0.290759 -30.786572
v 7.795375 -1.334997 -30.786572
v 7.800399 -1.334997 -33.665180
v 7.800399 -0.290759 -33.665180
v 7.006414 0.101981 -28.271839
v 7.007316 -0.784979 -28.788105
v 7.791771 -0.784979 -28.786736
v 7.790870 0.101981 -28.270470
v 6.053678 1.021330 -34.795883
v 6.053678 7.426876 -34.795883
v 6.839442 -1.334997 -35.349300
v 6.053678 -1.334997 -34.795883
v 6.839442 -0.290759 -35.349300
v 6.839442 7.426877 -35.349300
v 6.776158 1.021330 -34.510521
v 6.776158 7.426876 -34.510521
v 7.561923 -1.334997 -35.063938
v 7.561923 -0.290759 -35.063938
v 6.776158 -1.334997 -34.510521
v 7.561923 7.426877 -35.063938
v 7.015701 1.021330 -33.657803
v 7.015701 7.426876 -33.657803
v 7.800399 7.426876 -33.665180
v 7.009396 7.426876 -29.979839
v 7.009396 1.021330 -29.979843
v 7.792471 7.426876 -29.122658
v 7.790164 7.426876 -27.865913
v 7.790164 1.021328 -27.865913
v 7.792471 1.021330 -29.122658
v 7.005708 7.426876 -27.867279
v 7.005708 1.021328 -27.867283
v 6.053678 -0.290759 -34.795883
v 6.839442 1.021330 -35.349300
v 6.776158 -0.290759 -34.510521
v 7.561923 1.021330 -35.063938
v 7.800399 1.021330 -33.665180
v 7.008359 -0.167232 -29.386307
v 7.007710 1.021330 -29.014133
v 7.793120 -0.167232 -29.494827
v 7.793486 -1.267154 -29.704266
v 7.008725 -1.267154 -29.595745
v 7.007710 7.426876 -29.014130
v 7.794317 7.426876 -30.180870
v 7.794317 1.021330 -30.180870
v 11.049911 10.316399 -30.197231
v 11.049853 9.649220 -30.164165
v 11.056040 9.477169 -33.644272
v 11.056097 10.144236 -33.677227
v 11.048009 9.701494 -29.107315
v 11.048066 10.368675 -29.140270
v 11.045818 9.763655 -27.852161
v 11.045876 10.430721 -27.885117
v 8.918537 9.649220 -30.167885
v 8.924725 9.477169 -33.647991
v 8.916693 9.701494 -29.111034
v 8.914502 9.763655 -27.855881
v 8.741740 10.372084 -29.076565
v 8.740236 10.430721 -27.889141
v 8.742122 10.322536 -30.076370
v 8.750222 10.144575 -33.675911
v 8.314650 9.580240 -30.165527
v 8.320837 9.408075 -33.645634
v 8.312804 9.632515 -29.108681
v 8.310614 9.694561 -27.853523
v 7.890187 10.073891 -33.672070
v 7.883037 10.253899 -30.031387
v 7.881894 10.302422 -29.051247
v 7.880204 10.359924 -27.887234
v 7.231038 9.660696 -33.651623
v 7.930466 9.201136 -33.636089
v 7.924392 9.373186 -30.155983
v 7.922435 9.425463 -29.099133
v 7.920244 9.487623 -27.843979
v 7.224527 9.842068 -29.986404
v 7.222951 9.889908 -29.017960
v 7.221057 9.946842 -27.867928
v 6.381103 9.840704 -47.117767
v 6.392471 9.840704 -53.631714
v 4.343659 9.840704 -53.635292
v 4.332290 9.840704 -47.121346
v 6.383021 8.469637 -53.621498
v 4.343527 8.469637 -53.625061
v 5.986667 7.743136 -48.229858
v 6.373170 8.635098 -47.130272
v 4.332198 8.635098 -47.133835
v 4.325706 7.743252 -48.232643
v 2.616677 7.743136 -48.235741
v 2.232134 8.635098 -47.137497
v 2.244941 8.469637 -53.628723
v 2.623412 7.579609 -52.875648
v 4.333805 7.579609 -52.872665
v 5.602018 6.180131 -49.610687
v 5.606186 6.037173 -51.998260
v 5.941211 6.650830 -52.722816
v 5.934260 6.814471 -48.740189
v 4.324097 6.814471 -48.743004
v 4.320843 6.180131 -49.612923
v 3.002620 6.180131 -49.615219
v 2.667342 6.814471 -48.745895
v 2.674293 6.650830 -52.728523
v 3.006788 6.037173 -52.002792
v 4.331048 6.650830 -52.725632
v 4.325010 6.037173 -52.000496
v 5.606118 3.784715 -51.959854
v 5.604023 3.948356 -50.759140
v 5.516973 1.413161 -50.497345
v 5.518725 1.249520 -51.501686
v 4.322847 3.948356 -50.761375
v 3.004625 3.948356 -50.763672
v 3.090761 1.413161 -50.501579
v 4.321140 1.413161 -50.499435
v 3.006721 3.784715 -51.964386
v 3.092514 1.249520 -51.505920
v 4.324943 3.784715 -51.962090
v 4.322893 1.249520 -51.503777
v 5.215457 -1.262038 -49.505219
v 5.214942 -0.832138 -49.209991
v 4.314687 -0.832138 -49.211563
v 3.388811 -1.262038 -49.508408
v 3.388296 -0.832138 -49.213181
v 4.315203 -1.262038 -49.506790
v 4.668652 -2.476736 -47.439285
v 4.668137 -2.046722 -47.144051
v 4.303321 -2.239911 -46.800926
v 3.928970 -2.476736 -47.440575
v 3.928455 -2.046722 -47.145340
v 4.303836 -2.669924 -47.096169
v 5.996128 7.579609 -52.869766
v 2.235527 9.840704 -53.638969
v 2.224158 9.840704 -47.125023
v 8.931490 -58.224438 13.913728
v 8.960553 -68.784660 -2.738258
v 8.974569 -50.665901 -10.768845
v 8.944732 -43.163956 6.327019
v 5.991173 -58.224438 13.908596
v 2.391745 -58.224438 13.902314
v 2.420808 -68.784660 -2.749672
v 6.020236 -68.784660 -2.743389
v 5.384243 -40.726715 11.877243
v 3.005762 -40.726715 11.873091
v 2.992879 -54.852169 19.254337
v 5.371360 -54.852169 19.258490
v 5.415289 13.663095 -5.911026
v 3.036808 13.663095 -5.915176
v 3.028653 13.663095 -1.242531
v 5.407134 13.663095 -1.238380
v 6.060159 13.050919 -25.617722
v 2.460731 13.050919 -25.624004
v 2.460777 13.663097 -25.650249
v 6.060205 13.663097 -25.643967
v 8.960726 -17.188692 -2.837122
v 8.956223 -25.733170 -0.257044
v 8.987824 -31.147320 -18.363731
v 8.992556 -21.332458 -21.074497
v 1.081599 -25.377249 1.133577
v 1.074116 -24.232210 5.420982
v 1.077563 -15.880466 3.446377
v 1.086240 -16.917204 -1.525478
v 5.398945 -15.880466 3.453918
v 3.020463 -15.880466 3.449768
v 3.017017 -24.232210 5.424374
v 5.395498 -24.232210 5.428524
v 6.042036 -39.715317 -15.234226
v 2.442609 -39.715317 -15.240509
v 2.448080 -31.147320 -18.375149
v 6.047507 -31.147320 -18.368866
v 6.052238 -21.332458 -21.079632
v 2.452811 -21.332458 -21.085911
v 2.457422 -8.639437 -23.728031
v 6.056850 -8.639437 -23.721748
v 8.967450 3.936647 -6.689964
v 8.964525 -6.148449 -5.014233
v 8.997168 -8.639437 -23.716618
v 8.999910 2.878320 -25.288486
v 1.090217 -5.985376 -3.803955
v 1.081982 -5.356947 0.914255
v 1.084965 4.272908 -0.794548
v 1.093154 4.005854 -5.486507
v 5.406346 4.272908 -0.787004
v 3.027865 4.272908 -0.791157
v 3.024882 -5.356947 0.917646
v 5.403364 -5.356947 0.921799
v 8.982354 -39.715317 -15.229095
v 8.951233 -33.297958 2.602135
v 1.070562 -42.661892 7.457747
v 1.062861 -40.726715 11.869699
v 1.069323 -31.565516 8.167202
v 1.076807 -32.878513 3.879572
v 5.390705 -31.565516 8.174744
v 3.012224 -31.565516 8.170591
v 2.434824 -50.665901 -10.780258
v 6.034252 -50.665901 -10.773975
v 2.463634 2.704564 -27.287121
v 6.063062 2.704564 -27.280838
v 1.085694 13.151260 -1.212399
v 1.093852 13.132055 -5.886406
v 5.407076 13.151260 -1.204857
v 3.028594 13.151260 -1.209007
v 7.334844 -42.661892 7.468681
v 7.321676 -57.529758 15.013113
v -0.535331 -43.163956 6.310360
v -0.548572 -58.224438 13.897182
v 1.057394 -57.529758 15.002180
v 5.378776 -57.529758 15.009723
v 3.000294 -57.529758 15.005571
v 2.428450 13.663095 -7.128437
v 6.027878 13.663095 -7.122154
v 7.354499 -5.985376 -3.793022
v 7.350522 -16.917204 -1.514545
v -0.515537 -6.148449 -5.030781
v -0.482895 -8.639437 -23.733166
v -0.487506 -21.332458 -21.091045
v -0.519337 -17.188692 -2.853666
v 7.357435 4.005854 -5.475574
v -0.512612 3.936647 -6.706509
v -0.480151 2.878320 -25.305031
v 7.345881 -25.377249 1.144510
v 7.341088 -32.878513 3.890617
v -0.523840 -25.733170 -0.273590
v -0.492237 -31.147320 -18.380280
v -0.497708 -39.715317 -15.245750
v -0.528830 -33.297958 2.585588
v 8.968140 13.127054 -7.085201
v 8.968196 13.663095 -7.117023
v 7.358190 13.663095 -5.907635
v 7.358133 13.132055 -5.875473
v -0.511922 13.127054 -7.101746
v 1.093908 13.663095 -5.918568
v -0.511867 13.663095 -7.133568
v 7.346264 -5.356947 0.925188
v 7.341845 -15.880466 3.457310
v 7.349246 4.272908 -0.783613
v 7.338398 -24.232210 5.431915
v 7.333605 -31.565516 8.178135
v -0.505493 -50.665901 -10.785389
v 7.327143 -40.726715 11.880634
v 1.085752 13.663095 -1.245922
v 2.464200 12.877279 -27.611221
v 6.063627 12.877279 -27.604939
v -0.479586 13.050919 -25.629135
v 7.349976 13.151260 -1.201466
v 9.000477 13.050919 -25.612591
v 7.314260 -54.852169 19.261881
v 1.049978 -54.852169 19.250946
v 7.350034 13.663095 -1.234989
v -0.479540 13.663097 -25.655380
v -0.519509 -68.784660 -2.754805
v 9.000523 13.663097 -25.638836
v 2.460166 2.878320 -25.299900
v 6.059593 2.878320 -25.293617
v 9.298035 -58.120800 14.076986
v 9.328835 -68.788300 -3.570599
v -0.884885 -68.788300 -3.588425
v -0.915686 -58.120800 14.059160
v 0.814567 -57.372368 15.249720
v 7.563637 -57.372478 15.261499
v 0.806578 -54.487614 19.827358
v 7.555648 -54.487614 19.839138
v 9.327868 -69.492073 -3.016489
v -0.885852 -69.492073 -3.034315
v -0.916652 -58.824684 14.613154
v 9.297069 -58.824684 14.630980
v 0.813601 -58.076252 15.803714
v 7.562670 -58.076252 15.815494
v 0.805611 -55.191387 20.381355
v 7.554681 -55.191387 20.393135
v 1.362664 10.255486 -2.661396
v 1.362046 5.780684 -2.307636
v 1.376381 5.687725 -4.986340
v 1.377000 10.208780 -5.341122
v 0.446125 5.687725 -4.987961
v 0.450893 5.784889 -2.185358
v 0.451511 10.257645 -2.539005
v 0.446745 10.208666 -5.342743
v 2.404800 10.290714 -0.219042
v 2.479424 5.858413 0.127804
v 4.215530 5.864436 0.113449
v 4.216146 10.297646 -0.239176
v 3.164467 5.838072 -0.860125
v 4.217185 5.831594 -0.834875
v 4.217802 10.281168 -1.187956
v 3.089843 10.287533 -1.207199
v 4.216146 13.243990 -0.239176
v 4.217802 13.227400 -1.187956
v 3.089843 13.233763 -1.207197
v 2.404800 13.237057 -0.219042
v 0.446745 13.155012 -5.342743
v 0.451511 13.203987 -2.539003
v 1.362664 13.201830 -2.661394
v 1.377000 13.155012 -5.341122
v 0.979035 10.288216 -0.784958
v 0.978419 5.845685 -0.432104
v 1.770196 5.817617 -1.239273
v 1.770812 10.274122 -1.592466
v 1.770812 13.220467 -1.592466
v 0.979035 13.234558 -0.784958
v 1.377000 11.567574 -5.341122
v 1.362664 11.614391 -2.661394
v 0.446745 11.567574 -5.342743
v 0.451511 11.616552 -2.539003
v 0.979035 11.647121 -0.784958
v 1.770812 11.633030 -1.592466
v 2.404800 11.649620 -0.219042
v 4.216146 11.656551 -0.239176
v 4.217802 11.640074 -1.187956
v 3.089843 11.646439 -1.207197
v 7.078066 10.255486 -2.651421
v 7.073083 10.208780 -5.331181
v 7.072464 5.687725 -4.976398
v 7.077448 5.780684 -2.297661
v 8.002720 5.687725 -4.974773
v 8.003339 10.208780 -5.329556
v 7.988786 10.257645 -2.525850
v 7.988169 5.784889 -2.172203
v 6.027411 10.290714 -0.212719
v 5.951575 5.858413 0.133863
v 5.269985 5.838072 -0.856449
v 5.345821 10.287533 -1.203260
v 6.027411 13.237057 -0.212719
v 5.345821 13.233763 -1.203260
v 8.003339 13.155012 -5.329556
v 7.073083 13.155012 -5.331181
v 7.078066 13.201830 -2.651419
v 7.988786 13.203987 -2.525848
v 7.455142 10.288216 -0.773655
v 7.454526 5.845685 -0.420801
v 6.665573 5.817617 -1.230730
v 6.666189 10.274122 -1.583923
v 6.666189 13.220467 -1.583921
v 7.455142 13.234558 -0.773655
v 7.073083 11.567574 -5.331181
v 7.078066 11.614391 -2.651419
v 8.003339 11.567574 -5.329556
v 7.988786 11.616552 -2.525848
v 7.455142 11.647121 -0.773655
v 6.666189 11.633030 -1.583923
v 6.027411 11.649620 -0.212719
v 5.345821 11.646439 -1.203260
v 10.463730 28.251400 42.220425
v 10.114365 35.072418 42.239704
v 10.458531 35.048100 45.198586
v 10.456750 28.227537 46.219635
v -2.184809 35.048100 45.176521
v -1.830317 35.072418 42.218739
v -2.179497 28.251400 42.198246
v -2.186591 28.227537 46.197571
v 4.135079 28.227537 46.208603
v 4.142059 28.251400 42.209393
v 10.391396 34.298977 83.664642
v 9.428865 36.524052 83.662964
v 6.541278 38.260357 83.657928
v 4.069725 38.747074 83.653610
v 4.069725 27.977865 83.653610
v 10.391396 27.977865 83.664642
v 6.544650 38.760826 81.725815
v 4.073097 39.247543 81.721512
v 6.613564 39.428127 42.241550
v 9.501154 37.691822 42.244545
v 4.142011 39.914848 42.237236
v 10.455125 29.198706 47.150349
v 10.454435 34.983551 47.545364
v -2.188215 29.198706 47.128281
v -2.188905 34.983551 47.523300
v 4.133454 29.198706 47.139313
v 6.609121 39.376987 44.786964
v 4.137568 39.863712 44.782654
v 6.599228 39.293690 50.455322
v 6.604000 39.333920 47.721035
v 4.132447 39.820641 47.716721
v 4.127675 39.780411 50.451004
v 10.450463 35.005825 49.821342
v 10.443652 34.848316 53.723957
v 10.442256 29.819517 54.524097
v 10.452728 29.774292 48.523804
v -2.192877 35.005825 49.799278
v -2.190613 29.774292 48.501732
v -2.201085 29.819517 54.502029
v -2.199688 34.848316 53.701889
v 4.120585 29.819517 54.513062
v 4.131058 29.774292 48.512768
v 4.122705 39.662674 53.298820
v 6.594257 39.175957 53.303135
v 10.439015 34.804226 56.380516
v 10.439478 29.390636 56.115280
v -2.204325 34.804226 56.358452
v -2.203862 29.390636 56.093216
v 4.117808 29.390636 56.104248
v 6.581554 39.144817 60.581314
v 6.588672 39.157207 56.503693
v 4.117118 39.643925 56.499374
v 4.110002 39.631542 60.577003
v 10.437392 28.152533 57.310432
v 10.433260 34.927525 59.678116
v 10.424960 34.749222 64.433716
v 10.420817 28.086166 66.807312
v -2.218381 34.749222 64.411652
v -2.210081 34.927525 59.656052
v -2.205948 28.152533 57.288364
v -2.222523 28.086166 66.785248
v 4.099147 28.086166 66.796280
v 4.115722 28.152533 57.299400
v 4.104903 39.448692 63.498337
v 6.576456 38.961971 63.502647
v 10.419214 34.595695 67.725983
v 10.418686 29.218134 68.028374
v -2.224654 29.218134 68.006302
v -2.224127 34.595695 67.703911
v 4.097015 29.218134 68.017342
v 6.562888 38.941856 71.276070
v 6.569356 38.947884 67.570389
v 4.097803 39.434601 67.566078
v 4.091335 39.428581 71.271759
v 10.413825 34.622398 70.813339
v 10.407952 34.428867 74.178558
v 10.407607 29.507231 74.376404
v 10.415431 29.523937 69.893204
v -2.229515 34.622398 70.791161
v -2.227909 29.523937 69.871017
v -2.235734 29.507231 74.354340
v -2.235389 34.428867 74.156494
v 4.085936 29.507231 74.365372
v 4.093760 29.523937 69.882172
v 4.086465 39.269592 74.062302
v 6.558018 38.782871 74.066605
v 10.403280 34.427502 76.855347
v 10.404236 29.271660 76.307602
v -2.240061 34.427502 76.833275
v -2.239105 29.271660 76.285538
v 4.082565 29.271660 76.296570
v 6.552676 38.770485 77.127609
v 4.081122 39.257202 77.123291
v 10.396772 34.628757 80.584099
v 10.402032 28.013206 77.570595
v -2.246568 34.628757 80.562027
v -2.241309 28.013206 77.548523
v -2.251945 27.977865 83.642578
v -2.251945 34.298977 83.642578
v 4.080361 28.013206 77.559563
v 1.598172 38.260357 83.649300
v -1.289416 36.524052 83.644257
v 1.601545 38.760826 81.717194
v -1.217127 37.691822 42.225838
v 1.670458 39.428127 42.232803
v 1.666015 39.376987 44.778339
v 1.660894 39.333920 47.712410
v 1.656122 39.293690 50.446693
v 1.651152 39.175957 53.294510
v 1.645566 39.157207 56.495064
v 1.638449 39.144817 60.572689
v 1.633350 38.961971 63.494022
v 1.626251 38.947884 67.561768
v 1.619783 38.941856 71.267441
v 1.614913 38.782871 74.057983
v 1.609570 38.770485 77.118980
v 9.496531 37.647388 44.893257
v -1.285542 37.080429 81.424988
v -1.221750 37.647388 44.874550
v 9.432738 37.080429 81.443802
v 9.491667 37.598980 47.680504
v -1.231187 37.574429 50.281532
v -1.226614 37.598980 47.661797
v 9.487095 37.574429 50.300240
v 9.481664 37.446693 53.411697
v -1.236617 37.446693 53.392990
v 9.476315 37.421581 56.476227
v -1.248742 37.443172 60.340252
v -1.241966 37.421581 56.457520
v 9.469539 37.443172 60.358959
v 9.463639 37.261463 63.738834
v -1.254641 37.261463 63.720127
v 9.456879 37.212486 67.612595
v -1.267600 37.214645 71.145020
v -1.261402 37.212486 67.593887
v 9.450681 37.214645 71.163727
v 9.445560 37.047020 74.098022
v -1.272722 37.047020 74.079315
v 9.440385 37.037361 77.062881
v -1.277896 37.037361 77.044174
v 9.772810 28.472542 83.297653
v 10.587335 28.472542 83.325661
v 9.772763 28.430948 83.324242
v 9.139143 28.441744 83.303467
v 10.539265 29.870653 83.325577
v 9.730763 29.889065 83.297577
v -1.632016 28.430948 83.304337
v -2.446700 28.472542 83.302917
v -1.631969 28.472542 83.277740
v -0.998439 28.441744 83.285660
v -1.632432 28.430948 83.542633
v -2.447116 28.472542 83.541214
v 7.328826 28.417084 83.319977
v 7.328872 28.430948 83.293381
v 9.772347 28.430948 83.562538
v 7.328410 28.417084 83.558273
v 4.070364 28.430948 83.287697
v 4.070317 28.417084 83.314285
v 9.135655 28.441744 85.301483
v 9.769162 28.472542 85.387482
v 7.325034 28.472542 85.492310
v 7.325225 28.430948 85.383209
v 9.727116 29.889065 85.387405
v 7.301057 29.944067 85.492264
v 4.066716 28.430948 85.377533
v 4.066526 28.472542 85.486626
v 9.481429 37.210892 85.059464
v 7.133632 38.941853 85.055374
v 7.157151 37.577835 85.382919
v 8.911444 36.288589 85.301094
v 9.482264 37.210892 84.581612
v 7.134465 38.941853 84.577515
v 4.067288 39.235497 85.050018
v 4.068122 39.235497 84.572159
v 4.066716 37.834774 85.377533
v 8.914931 36.288589 83.303078
v 9.752356 34.350910 83.297607
v 7.232862 34.043400 83.284233
v 7.160799 37.577835 83.293091
v 7.304910 29.944067 83.284355
v 4.070379 29.980772 83.278717
v 4.070379 34.190224 83.278717
v 4.070364 37.834774 83.287697
v 10.538849 29.870653 83.563873
v 10.586919 28.472542 83.563957
v -1.635617 28.472542 85.367577
v -1.593684 29.889065 85.367645
v -2.401659 29.870653 85.038727
v -2.449729 28.472542 85.038643
v -2.400825 29.870653 84.560760
v -2.448895 28.472542 84.560669
v 4.066526 29.980772 85.486626
v 7.328888 28.472542 83.284393
v 4.070379 28.472542 83.278717
v 10.563243 34.277496 83.325623
v 9.484459 37.210892 83.323738
v 9.484043 37.210892 83.562035
v 10.562827 34.277496 83.563919
v -1.604480 34.350910 85.367630
v -2.414842 34.277496 85.038704
v -0.777715 36.288589 85.284180
v -1.346855 37.210892 85.040573
v -2.414007 34.277496 84.560730
v -1.346020 37.210892 84.562599
v 9.748708 34.350910 85.387444
v 7.229009 34.043400 85.492142
v 4.066526 34.190224 85.486626
v 4.069901 28.417084 83.552582
v 7.136661 38.941853 83.319641
v 4.070317 39.235497 83.314285
v 4.069901 39.235497 83.552582
v 7.136245 38.941853 83.557938
v -2.398630 29.870653 83.302994
v -1.590036 29.889065 83.277817
v -0.774228 36.288589 83.286057
v -1.600832 34.350910 83.277802
v -2.411812 34.277496 83.302979
v -1.343825 37.210892 83.304840
v -2.399046 29.870653 83.541290
v -2.412228 34.277496 83.541275
v -1.344241 37.210892 83.543137
v 9.771546 28.430948 84.021416
v 10.586118 28.472542 84.022835
v 10.585139 28.472542 84.583534
v 9.770568 28.430948 84.582115
v -1.633233 28.430948 84.001511
v -2.447917 28.472542 84.000092
v -1.634211 28.430948 84.562096
v 7.327609 28.417084 84.017151
v 7.326631 28.417084 84.577850
v 4.069100 28.417084 84.011459
v 4.068122 28.417084 84.572159
v 10.538048 29.870653 84.022751
v 10.537069 29.870653 84.583450
v 9.483242 37.210892 84.020912
v 10.562026 34.277496 84.022797
v 10.561048 34.277496 84.583496
v 7.135444 38.941853 84.016815
v 4.069100 39.235497 84.011459
v -2.399847 29.870653 84.000168
v -1.345042 37.210892 84.002014
v -2.413029 34.277496 84.000153
v 9.769733 28.430948 85.059967
v 10.584305 28.472542 85.061386
v -1.635045 28.430948 85.040070
v -1.001927 28.441744 85.283791
v 7.325796 28.417084 85.055702
v 4.067288 28.417084 85.050018
v 10.536235 29.870653 85.061310
v 10.560213 34.277496 85.061348
v 0.811855 28.430948 83.282013
v 0.811809 28.417084 83.308601
v 0.808208 28.430948 85.371841
v 0.808017 28.472542 85.480942
v 1.001778 38.941853 84.566811
v 1.000944 38.941853 85.044662
v 0.976395 37.577835 85.372131
v 0.835849 29.944067 83.273071
v 0.832099 34.571030 83.273056
v 0.980042 37.577835 83.282303
v 0.831995 29.944067 85.480980
v 0.811871 28.472542 83.273026
v 0.904043 34.043400 85.481110
v 0.811393 28.417084 83.546898
v 1.003974 38.941853 83.308937
v 1.003558 38.941853 83.547234
v 0.809613 28.417084 84.566475
v 0.810592 28.417084 84.005775
v 1.002757 38.941853 84.006111
v 0.808779 28.417084 85.044327
v -2.188944 28.684710 43.053146
v -1.397784 28.638573 43.054527
v -1.400229 29.389393 43.088158
v -2.191672 29.379848 43.053139
v 9.681246 29.389393 43.107498
v 9.678918 28.638573 43.073860
v 10.470077 28.683119 43.075241
v 10.472805 29.379848 43.075245
v 9.679786 28.638573 42.576683
v 10.470944 28.683119 42.578064
v 0.975811 28.623686 43.058670
v -1.396916 28.638573 42.557350
v 0.976679 28.623686 42.561493
v 4.140567 28.623686 43.064194
v 4.140489 29.437010 43.108963
v 0.974370 29.417919 43.103439
v -1.394380 29.389393 39.737034
v 0.980264 29.417919 39.726292
v 0.981524 28.623686 39.785728
v -1.392071 28.638573 39.781586
v -1.001825 38.079788 40.168869
v 1.243147 39.563473 40.228020
v 1.209711 38.720718 39.852036
v -0.475013 37.702049 39.921944
v -1.002915 38.250587 40.793434
v 1.242009 39.758591 40.880196
v 4.145508 40.139740 40.233086
v 4.144370 40.334976 40.885262
v 4.146164 39.244030 39.857162
v -0.480526 37.920128 43.081017
v -1.177722 36.088818 43.088547
v 1.101533 36.635536 43.103661
v 1.204055 39.043568 43.092705
v -1.354659 33.666012 43.088238
v 1.000393 33.945904 43.103485
v 4.140489 34.132504 43.108963
v 4.140489 37.000095 43.108963
v 4.140509 39.566883 43.097828
v -2.190804 29.379848 42.555965
v -2.188076 28.683119 42.555969
v 10.477765 29.379848 40.233566
v 10.475037 28.683119 40.233562
v 10.475789 28.683119 39.802299
v 10.478518 29.379848 39.802303
v 4.146383 29.437010 39.731819
v 4.146279 28.623686 39.791252
v -1.407274 31.170021 43.088142
v -2.199740 31.131836 43.053127
v -2.139625 33.572712 43.053230
v 9.687095 29.389393 39.756374
v 9.694140 31.170021 39.756386
v 10.486700 31.131836 39.802315
v 9.641500 33.570778 39.770046
v 10.426374 33.495094 39.857441
v 10.485948 31.131836 40.233582
v 10.425573 33.519527 40.316319
v -1.401426 31.170021 39.737022
v 0.976173 31.284569 39.726284
v -1.348834 33.570778 39.750862
v 1.006287 33.844765 39.726337
v 4.146383 31.360935 39.731819
v 4.146383 34.031361 39.731819
v 4.141435 28.623686 42.567017
v -1.006863 38.284908 43.055206
v 1.238206 39.846210 43.059128
v 4.140567 40.422478 43.064194
v 4.141242 40.368500 42.677475
v 1.238881 39.792114 42.672409
v -1.937346 35.906540 43.053585
v -1.006164 38.237637 42.654739
v -1.936574 35.879494 42.611637
v -2.138781 33.565891 42.569920
v 9.287996 38.285023 43.073177
v 8.761574 37.920128 43.097145
v 9.458738 36.088818 43.107109
v 10.218479 35.906540 43.074799
v 9.635676 33.666012 43.107418
v 10.420758 33.572712 43.075153
v 10.219251 35.879494 42.632854
v 10.421602 33.565891 42.591843
v 10.473673 29.379848 42.578072
v 9.288695 38.237637 42.672707
v -1.394875 28.638573 41.387878
v -2.186035 28.683119 41.386497
v -2.183985 28.683119 40.211468
v -1.392824 28.638573 40.212849
v 9.681827 28.638573 41.407211
v 10.472985 28.683119 41.408592
v 9.683878 28.638573 40.232182
v 0.978720 28.623686 41.392021
v 0.980771 28.623686 40.216991
v 4.143476 28.623686 41.397545
v 4.145527 28.623686 40.222515
v -2.188763 29.379848 41.386494
v -2.186712 29.379848 40.211464
v -1.004629 38.264339 41.775169
v -1.934823 35.966881 41.607857
v -1.932964 36.031654 40.543282
v -2.136812 33.545666 41.441818
v -2.134809 33.519527 40.294395
v 1.240344 39.798477 41.834202
v 4.142705 40.374748 41.839268
v 10.475714 29.379848 41.408600
v 9.291945 38.250587 40.811401
v 9.290231 38.264339 41.793137
v 10.221003 35.966881 41.629074
v 10.222860 36.031654 40.564499
v 10.423571 33.545666 41.463741
v -2.183232 28.683119 39.780205
v 9.684630 28.638573 39.800919
v -2.185959 29.379848 39.780197
v -1.932019 35.934040 40.001560
v -1.171970 36.045746 39.792652
v -2.134009 33.495094 39.835518
v 7.306608 29.417919 43.114491
v 7.305323 28.623686 43.069717
v 7.046731 39.758591 40.890327
v 7.047870 39.563473 40.238152
v 9.293035 38.079788 40.186836
v 7.082618 38.720718 39.862286
v 8.767087 37.702049 39.938072
v 7.310699 31.284569 43.114498
v 4.140489 31.360935 43.108963
v 9.688292 31.170021 43.107510
v 7.280584 33.945904 43.114445
v 7.312503 29.417919 39.737343
v 7.311035 28.623686 39.796776
v 7.185340 36.568943 39.737122
v 4.146383 36.933502 39.731819
v 9.464491 36.045746 39.811214
v 7.286479 33.844765 39.737297
v 7.306190 28.623686 42.572540
v 7.076962 39.043568 43.102951
v 7.042929 39.846210 43.069260
v 7.043603 39.792114 42.682541
v 7.310283 28.623686 40.228039
v 7.308231 28.623686 41.403069
v 7.045066 39.798477 41.844334
v 0.970279 31.284569 43.103432
v 10.223806 35.934040 40.022774
v 1.107427 36.568943 39.726513
v -2.198872 31.131836 42.555954
v 10.480874 31.131836 43.075256
v 10.481742 31.131836 42.578083
v -2.194781 31.131836 40.211449
v -2.196831 31.131836 41.386482
v 10.483783 31.131836 41.408615
v -2.194028 31.131836 39.780186
v 7.179445 36.635536 43.114269
v 7.316594 31.284569 39.737350
v -1.632189 28.062185 83.338539
v -0.998439 28.049799 83.285660
v -1.632083 28.014458 83.277740
v -2.446759 28.014458 83.337112
v -1.651515 27.089314 83.277710
v -2.469033 27.100109 83.337082
v 9.772810 28.014458 83.297653
v 9.139143 28.049799 83.303467
v 9.772703 28.062185 83.358444
v 10.587275 28.014458 83.359863
v 0.811749 28.078094 83.342804
v 0.811855 28.062185 83.282013
v 4.070258 28.078094 83.348495
v 4.070364 28.062185 83.287697
v -1.002785 28.049799 85.775742
v -1.636700 28.014458 85.922935
v 0.806905 28.014458 86.118004
v 0.807238 28.062185 85.927200
v 0.795769 27.056814 86.117981
v -1.656132 27.089314 85.922897
v 4.065747 28.062185 85.932892
v 4.065414 28.014458 86.123688
v -1.095344 16.328285 85.351700
v 1.183362 14.808239 85.355675
v 1.124294 15.738041 85.927750
v -0.599818 16.767052 85.776443
v -1.094086 16.289307 84.630997
v 1.184620 14.652550 84.634972
v 4.066746 14.266968 85.360703
v 4.068004 14.033554 84.639999
v 4.065747 15.307686 85.932884
v -0.595472 16.628866 83.286369
v -1.381962 18.518925 83.278183
v 0.954830 17.905382 83.273270
v 1.128910 15.426893 83.282562
v -1.667084 21.533569 83.277679
v 0.791757 21.217989 83.272987
v 4.070379 21.007528 83.278709
v 4.070379 17.496393 83.278709
v 4.070364 14.840965 83.287689
v 9.787626 27.089314 85.942871
v 10.606036 27.100109 85.372116
v 10.583763 28.014458 85.372086
v 9.768193 28.014458 85.942841
v 10.607294 27.100109 84.651413
v 10.585021 28.014458 84.651382
v 4.065414 27.035221 86.123688
v 0.811871 28.014458 83.273026
v 4.070379 28.014458 83.278717
v 4.070379 27.035221 83.278717
v 0.800734 27.056814 83.273010
v -1.710154 24.675941 83.277603
v -2.535967 24.719238 83.336960
v -2.486874 21.638800 83.337044
v 9.846266 24.675941 85.942978
v 10.672970 24.719238 85.372238
v 9.803194 21.546524 85.942902
v 10.623878 21.638800 85.372154
v 10.674228 24.719238 84.651535
v 10.625135 21.638800 84.651451
v -1.714770 24.675941 85.922798
v 0.762245 24.546164 86.117920
v -1.671701 21.546524 85.922867
v 0.786791 21.269808 86.117966
v 4.065414 24.459684 86.123688
v 4.065414 21.085371 86.123688
v -1.632542 28.062185 83.540710
v -2.447112 28.014458 83.539284
v 9.772350 28.062185 83.560608
v 10.586922 28.014458 83.562027
v 0.811396 28.078094 83.544968
v 4.069905 28.078094 83.550659
v 1.186874 14.600731 83.343460
v -1.091832 16.276354 83.339478
v 4.070258 13.955822 83.348488
v -2.469386 27.100109 83.539246
v 10.609548 27.100109 83.359901
v 9.792243 27.089314 83.297684
v -2.160955 18.723476 83.337616
v -1.092184 16.276354 83.541649
v -2.161308 18.723476 83.539780
v -2.487227 21.638800 83.539215
v 9.522690 18.518925 83.297211
v 10.301470 18.723476 83.359360
v 9.232347 16.276354 83.357498
v 8.736289 16.628866 83.302765
v 9.807811 21.533569 83.297714
v 10.627389 21.638800 83.359940
v 1.186521 14.600731 83.545624
v 4.069905 13.955822 83.550659
v 10.609195 27.100109 83.562073
v 10.301117 18.723476 83.561531
v 9.231994 16.276354 83.559662
v 10.627036 21.638800 83.562103
v -1.633332 28.062185 83.993668
v -2.447903 28.014458 83.992249
v -2.449014 28.014458 84.628632
v -1.634443 28.062185 84.630051
v 9.771447 28.062185 84.013580
v 10.586131 28.014458 84.014999
v 9.770337 28.062185 84.649963
v 0.810606 28.078094 83.997940
v 0.809495 28.078094 84.634323
v 4.069114 28.078094 84.003624
v 4.068004 28.078094 84.640007
v -2.470176 27.100109 83.992210
v -2.471287 27.100109 84.628593
v -1.092975 16.276354 83.994614
v -2.162099 18.723476 83.992744
v -2.163209 18.723476 84.629128
v -2.488018 21.638800 83.992172
v -2.489129 21.638800 84.628555
v 1.185731 14.600731 83.998589
v 4.069114 13.955822 84.003616
v 10.608405 27.100109 84.015030
v 9.231204 16.276354 84.012634
v 10.300326 18.723476 84.014496
v 10.299216 18.723476 84.650879
v 9.230093 16.289307 84.649017
v 10.626246 21.638800 84.015068
v -1.635701 28.062185 85.350754
v -2.450271 28.014458 85.349335
v 9.769079 28.062185 85.370667
v 9.134797 28.049799 85.793434
v 0.808237 28.078094 85.355026
v 4.066746 28.078094 85.360710
v -2.472545 27.100109 85.349297
v -2.164467 18.723476 85.349831
v -1.386578 18.570745 85.923370
v -2.490386 21.638800 85.349258
v 7.328766 28.078094 83.354172
v 7.328872 28.062185 83.293381
v 7.324255 28.062185 85.938568
v 7.323922 28.014458 86.129379
v 6.951387 14.652666 84.645035
v 6.950130 14.808239 85.365738
v 9.228835 16.328285 85.369720
v 7.007200 15.738041 85.938019
v 8.731943 16.767052 85.792725
v 7.340025 27.056814 83.284416
v 7.373549 24.546164 83.284477
v 4.070379 24.459684 83.278709
v 9.850883 24.675941 83.297783
v 7.349002 21.217989 83.284439
v 7.335059 27.056814 86.129395
v 7.328888 28.014458 83.284393
v 7.180964 18.112888 86.129128
v 4.065414 17.807539 86.123688
v 9.518073 18.570745 85.942398
v 7.344037 21.269808 86.129410
v 7.328413 28.078094 83.556343
v 6.953641 14.600731 83.353523
v 7.011817 15.426893 83.292831
v 6.953288 14.600731 83.555695
v 7.326512 28.078094 84.645691
v 7.327622 28.078094 84.009308
v 6.952497 14.600731 84.008652
v 7.325254 28.078094 85.366394
v 0.767210 24.546164 83.272949
v 10.297958 18.723476 85.371582
v 0.949864 18.112888 86.118256
v -2.536319 24.719238 83.539124
v 10.676481 24.719238 83.360016
v 10.676128 24.719238 83.562187
v -2.538221 24.719238 84.628479
v -2.537110 24.719238 83.992096
v 10.675338 24.719238 84.015152
v -2.539479 24.719238 85.349182
v 7.185929 17.905382 83.284149
v 7.368583 24.546164 86.129456
v 10.243753 32.234142 10.949335
v 10.243753 37.700459 10.949335
v 10.230179 37.700459 18.727299
v 10.227757 30.717506 20.115070
v -1.864055 37.700459 18.706192
v -1.850480 37.700459 10.928226
v -1.850480 32.234142 10.928226
v -1.866477 30.717506 20.093960
v 7.968456 32.234142 10.945364
v 7.952459 30.717506 20.111099
v 0.408820 30.717506 20.097931
v 0.424817 32.234142 10.932198
v 7.920870 37.700459 38.210175
v 0.377231 37.700459 38.197006
v 0.377231 30.717506 38.197006
v 7.920870 30.717506 38.210175
v 7.954882 37.700459 18.723328
v 0.411242 37.700459 18.710163
v 0.390189 37.700459 30.772236
v 7.933829 37.700459 30.785402
v 0.424817 37.700459 10.932198
v 7.968456 37.700459 10.945364
v 7.920870 26.029739 38.210175
v 0.377231 26.029739 38.197006
v 0.388542 26.029739 31.716015
v 7.932181 26.029739 31.729179
v 10.227757 26.029741 20.115068
v 10.207479 30.717506 31.733152
v 10.207479 26.029739 31.733150
v -1.898066 26.029739 38.193035
v -1.898066 30.717506 38.193035
v -1.886754 30.717506 31.712044
v -1.886754 26.029739 31.712044
v 7.952459 26.029741 20.111097
v 0.408820 26.029741 20.097931
v 0.316769 39.933598 22.052612
v -1.869889 39.933598 22.048796
v -1.887196 39.933598 31.965235
v 0.299461 39.933598 31.969051
v 8.012552 42.043781 36.466866
v 10.199210 42.043781 36.470680
v 10.203215 42.043781 34.176521
v 8.016556 42.043781 34.172707
v -1.885107 37.700459 30.768265
v 0.288592 39.933598 38.196854
v 10.207037 39.933598 31.986343
v 10.196168 39.933598 38.214146
v 10.196168 37.700459 38.214146
v 10.209126 37.700459 30.789373
v 10.196168 30.717506 38.214146
v -1.898066 37.700459 38.193039
v 10.196168 26.029739 38.214146
v -1.866477 26.029741 20.093960
v -1.895023 42.043781 36.449574
v 0.291635 42.043781 36.453392
v 0.295639 42.043781 34.159229
v -1.891019 42.043781 34.155415
v 10.224344 39.933598 22.069904
v 8.037686 39.933598 22.066088
v 8.020379 39.933598 31.982527
v -1.898066 39.933598 38.193039
v 8.009509 39.933598 38.210327
v 10.054230 25.880531 11.259016
v 10.054230 32.887348 11.259016
v 10.039124 30.918758 19.914051
v 10.039124 25.880531 19.914051
v 7.144034 25.880531 19.908998
v 4.180989 25.880531 19.903828
v 4.196095 25.880531 11.248791
v 7.159141 25.880531 11.253962
v 6.185296 37.524998 37.138130
v 4.150916 37.524998 37.134583
v 4.150916 30.929783 37.134579
v 6.253935 30.929783 37.138252
v 6.995613 32.887348 11.253677
v 4.196095 32.887348 11.248791
v 6.364734 25.880529 37.138443
v 7.750685 25.880529 37.140862
v 7.750685 30.929783 37.140862
v 7.750685 37.524998 37.140862
v 7.750685 41.533760 37.140862
v 6.185296 41.533760 37.138130
v 7.795864 35.295719 11.255074
v 7.795864 32.887348 11.255074
v 6.894360 35.295719 11.253500
v 6.879254 35.965515 19.908539
v 4.196095 35.295719 11.248791
v 4.180989 35.965515 19.903828
v 7.772689 36.790089 24.533546
v 7.780759 35.965515 19.910110
v 7.780759 40.146221 19.910110
v 7.772689 41.450695 24.533546
v 6.879254 40.146221 19.908539
v 6.459808 41.450695 24.531256
v 6.459808 36.790089 24.531256
v 7.780759 25.880531 19.910110
v 7.772689 25.880531 24.533546
v 6.672542 25.880531 24.531626
v 7.780759 30.918758 19.910110
v 7.772689 30.924557 24.533546
v 7.767390 37.195557 27.569662
v 7.767390 42.807438 27.569662
v 7.761957 42.109467 30.682486
v 7.761957 37.448860 30.682486
v 6.370074 42.807438 27.567225
v 6.196568 42.109467 30.679752
v 6.370074 37.195557 27.567225
v 6.196568 37.448860 30.679752
v 4.167621 25.880529 27.563379
v 6.571786 25.880529 27.567575
v 6.376006 25.880529 30.680065
v 4.162189 25.880529 30.676201
v 7.761957 25.880529 30.682484
v 7.767390 25.880529 27.569662
v 7.761957 30.929214 30.682484
v 7.767390 30.934101 27.569662
v 4.172920 25.880531 24.527264
v 4.150916 25.880529 37.134579
v 7.795864 25.880531 11.255074
v 7.795864 39.424835 11.255074
v 6.894360 39.424835 11.253500
v 4.172920 36.790089 24.527264
v 4.167621 37.195557 27.563379
v 4.162189 37.448860 30.676203
v -1.677144 30.918758 19.893604
v -1.662038 32.887348 11.238567
v -1.662038 25.880531 11.238567
v -1.677144 25.880531 19.893602
v 1.217945 25.880531 19.898655
v 1.233051 25.880531 11.243620
v 2.116536 37.524998 37.131027
v 2.047897 30.929783 37.130909
v 1.396578 32.887348 11.243904
v 1.937099 25.880529 37.130714
v 0.551034 30.929783 37.128296
v 0.551034 25.880417 37.128296
v 2.116536 41.533760 37.131031
v 0.551034 41.533760 37.128296
v 0.551034 37.524998 37.128296
v 0.596327 35.295719 11.242508
v 1.497831 35.295719 11.244081
v 0.596327 32.887348 11.242508
v 1.482726 35.965515 19.899118
v 0.573151 36.790089 24.520981
v 0.573151 41.450695 24.520981
v 0.581221 40.146221 19.897545
v 0.581221 35.965515 19.897545
v 1.886032 41.450695 24.523273
v 1.482726 40.146221 19.899120
v 1.886032 36.790089 24.523273
v 0.573151 25.880531 24.520981
v 0.581221 25.880531 19.897545
v 1.673298 25.880531 24.522902
v 0.573151 30.924557 24.520981
v 0.581221 30.918758 19.897545
v 0.562306 42.109467 30.669920
v 0.567739 42.807438 27.557096
v 0.567739 37.195557 27.557096
v 0.562306 37.448860 30.669920
v 1.965168 42.807438 27.559536
v 2.127808 42.109467 30.672651
v 2.127808 37.448860 30.672651
v 1.965168 37.195557 27.559536
v 1.948371 25.880529 30.672338
v 1.763457 25.880529 27.559183
v 0.562419 25.880529 30.669918
v 0.567852 25.880529 27.557096
v 0.562419 30.929214 30.669918
v 0.567852 30.934101 27.557096
v 0.596327 25.880531 11.242508
v 0.596327 39.424835 11.242508
v 1.497831 39.424835 11.244081
v 8.112787 41.164093 8.205864
v 8.112787 42.127533 8.205866
v 8.111056 42.127533 9.197943
v 8.111056 41.164093 9.197941
v 0.290049 42.127533 8.192211
v 0.290049 41.164093 8.192211
v 0.288317 41.164093 9.184288
v 0.288317 42.127533 9.184288
v 4.834138 40.916927 9.192223
v 4.199687 40.916927 9.191114
v 4.201418 40.916927 8.199038
v 4.835870 40.916927 8.200146
v 4.701887 40.104740 35.872547
v 4.701887 41.068180 35.872547
v 4.152893 40.620552 35.871590
v 4.152893 40.104740 35.871590
v 4.720613 42.500160 9.192024
v 4.199687 42.052418 9.191114
v 4.835870 41.164093 8.200146
v 4.201418 41.164093 8.199038
v 4.201418 42.052418 8.199038
v 4.722343 42.500160 8.199947
v 6.662830 42.127533 9.195414
v 6.284095 41.068180 35.875309
v 6.284095 40.104740 35.875309
v 6.662830 41.164093 9.195414
v 1.736544 41.164093 9.186815
v 2.021692 40.104740 35.867870
v 2.021692 41.068180 35.867870
v 1.736544 42.127533 9.186815
v 4.199687 41.164093 9.191114
v 4.834138 41.164093 9.192223
v 6.663348 43.496552 8.898699
v 7.365529 43.496552 8.899925
v 7.366742 43.496552 8.204563
v 6.664562 43.496552 8.203337
v 6.664562 40.916927 8.203337
v 8.112787 40.916927 8.205864
v 8.111056 40.916927 9.197941
v 6.662830 40.916927 9.195414
v 1.736544 40.916927 9.186815
v 0.288317 40.916927 9.184288
v 0.290049 40.916927 8.192211
v 1.738275 40.916927 8.194738
v 1.738275 43.496552 8.194740
v 1.036094 43.496552 8.193514
v 1.034881 43.496552 8.888876
v 1.737062 43.496552 8.890102
v 1.738275 42.127533 8.194738
v 0.290049 42.153557 8.192211
v 1.738275 42.153557 8.194738
v 0.288317 42.153557 9.184288
v 1.736544 42.153557 9.186815
v 8.111056 42.153557 9.197943
v 6.662830 42.153557 9.195414
v 8.112787 42.153557 8.205866
v 6.664562 42.127533 8.203337
v 6.664562 42.153557 8.203337
v 3.566967 41.164093 8.197931
v 4.201418 40.967381 8.199038
v 3.566967 40.967381 8.197931
v 6.664562 41.164093 8.203337
v 8.112787 40.967381 8.205864
v 6.664562 40.967381 8.203337
v 8.111056 40.967381 9.197941
v 6.662830 40.967381 9.195414
v 4.199687 40.967381 9.191114
v 4.834138 40.967381 9.192223
v 0.288317 40.967381 9.184288
v 1.736544 40.967381 9.186815
v 0.290049 40.967381 8.192211
v 1.738275 41.164093 8.194738
v 1.738275 40.967381 8.194738
v 3.565236 40.916927 9.190008
v 3.566967 40.916927 8.197931
v 3.603899 41.068180 35.870628
v 3.603899 40.104740 35.870628
v 3.677625 42.500160 9.190205
v 3.679357 42.500160 8.198128
v 3.566967 43.496552 8.197931
v 3.565753 43.496552 8.893293
v 4.834656 43.496552 8.895508
v 4.835870 43.496552 8.200146
v 3.679357 42.526184 8.198128
v 4.720613 42.526184 9.192024
v 3.677625 42.526184 9.190205
v 4.835870 40.967381 8.200146
v 1.738275 40.946014 8.194738
v 3.566967 40.946014 8.197931
v 3.565236 41.164093 9.190008
v 3.565236 40.967381 9.190008
v 6.662830 40.946014 9.195414
v 4.834138 40.946014 9.192223
v 4.835840 43.496552 8.217079
v 4.722343 42.526184 8.199947
v 4.722301 42.526184 8.224152
v 4.201376 42.052418 8.223242
v 4.722301 42.500160 8.224152
v 3.679314 42.526184 8.222332
v 3.679314 42.500160 8.222332
v 8.111307 42.806190 9.053732
v 0.290049 42.791306 8.192211
v 4.835870 40.946014 8.200146
v 4.201418 40.946014 8.199038
v 6.664562 40.946014 8.203337
v 8.112787 40.946014 8.205864
v 8.111056 40.946014 9.197941
v 3.565236 40.946014 9.190008
v 4.199687 40.946014 9.191114
v 1.736544 40.946014 9.186815
v 0.288317 40.946014 9.184288
v 0.290049 40.946014 8.192211
v 8.112787 42.791306 8.205866
v 0.288569 42.806190 9.040077
v 3.566938 43.496552 8.214865
v 4.834723 43.496552 8.856985
v 4.720708 42.526184 9.137022
v 4.199783 42.052418 9.136112
v 4.720708 42.500160 9.137022
v 3.677721 42.526184 9.135202
v 3.677721 42.500160 9.135202
v 3.565821 43.496552 8.854771
v -1.818846 34.151024 26.791086
v -1.817122 35.512890 25.803444
v -1.821898 37.275444 28.539890
v -1.823720 35.849720 29.583786
v -2.225546 37.275444 28.539185
v -2.220770 35.512890 25.802740
v -2.222494 34.151024 26.790382
v -2.227368 35.849720 29.583082
v -1.834216 39.622681 35.597721
v -1.832035 41.345573 34.348137
v -1.834739 41.754566 35.897503
v -1.836381 40.457481 36.838211
v -2.230292 39.180733 31.258133
v -1.826643 39.180733 31.258839
v -2.232282 37.615913 32.398281
v -2.234066 36.212914 33.420586
v -2.229002 34.571491 30.519020
v -1.825353 34.571491 30.519724
v -1.830418 36.212914 33.421288
v -1.837234 40.922039 37.326637
v -2.608513 41.754566 35.896152
v -2.611007 40.922039 37.325287
v -2.611627 39.294487 37.680412
v -1.837854 39.294487 37.681763
v -2.605809 41.345573 34.346786
v -2.609945 38.077854 36.716743
v -1.836172 38.077854 36.718094
v -2.610155 40.457481 36.836861
v -2.607990 39.622681 35.596371
v -1.831270 36.489281 33.909828
v -1.829461 37.913307 32.872978
v -1.820391 32.930077 27.676683
v -2.224040 32.930077 27.675978
v -1.828633 37.615913 32.398987
v -1.821130 37.891602 28.099991
v -1.816354 36.129047 25.363544
v -2.220003 36.129047 25.362839
v -3.199013 37.891602 28.097586
v -3.194237 36.129047 25.361139
v -3.195005 35.512890 25.801039
v -3.199781 37.275444 28.537485
v -2.224779 37.891602 28.099285
v -2.601216 39.501537 31.715229
v -1.827442 39.501537 31.716579
v -2.603234 37.913307 32.871628
v -2.605044 36.489281 33.908478
v -3.049893 17.195940 -58.057884
v -3.050246 16.527510 -57.855949
v -3.057017 17.746187 -53.976173
v -3.057016 18.284159 -53.976967
v -1.760175 15.306107 -57.350624
v -1.766782 16.241251 -53.565269
v -2.338959 16.241251 -53.566269
v -2.332352 15.306107 -57.351624
v -1.827841 23.264769 -18.581020
v -1.827571 23.841831 -18.735798
v -2.399748 23.841831 -18.736797
v -2.400018 23.264769 -18.582020
v -2.339643 24.187414 -53.239441
v -1.767466 24.187414 -53.238441
v -1.765870 24.195370 -54.152908
v -2.338047 24.195255 -54.153908
v -2.329442 15.067463 -59.018822
v -1.757265 15.067575 -59.017822
v -2.328523 23.958090 -59.610542
v -1.756346 23.958090 -59.609543
v -1.754350 23.886269 -60.753105
v -2.326527 23.886269 -60.754105
v -1.752518 14.647337 -61.737686
v -2.324695 14.647223 -61.738686
v -2.320726 16.291254 -64.077728
v -1.748435 16.291367 -64.076851
v -2.318300 18.937702 -65.468117
v -1.746123 18.937815 -65.467117
v -2.323370 23.616943 -62.563141
v -1.751193 23.616943 -62.562141
v -1.747142 21.833475 -64.883118
v -2.319319 21.833475 -64.884117
v -1.772328 26.704884 -50.453018
v -2.344504 26.704884 -50.454018
v -3.058443 22.079960 -53.159111
v -3.058412 20.242628 -53.177055
v -3.063099 21.844839 -50.491745
v -3.063366 24.592541 -50.338333
v -2.340066 16.371937 -52.931931
v -1.767889 16.371937 -52.930931
v -1.772070 16.946045 -50.535065
v -2.344247 16.946045 -50.536064
v -2.383261 24.965847 -28.247883
v -2.398910 25.874397 -19.281700
v -2.399207 27.661160 -19.111576
v -2.382247 27.468428 -28.828922
v -3.045317 21.804043 -60.679787
v -3.047711 21.986210 -59.308266
v -3.047221 23.124996 -59.588737
v -3.044905 22.952602 -60.916046
v -3.038023 18.929293 -64.858665
v -3.039147 18.980885 -64.214890
v -3.039021 20.465477 -64.287170
v -3.039038 21.238569 -64.277626
v -3.042651 16.260115 -62.207100
v -3.039682 17.375948 -63.908401
v -3.039878 16.940023 -63.796249
v -3.042852 15.527250 -62.091873
v -1.826620 25.874397 -19.280701
v -1.827030 27.661272 -19.110577
v -3.056903 22.066551 -54.041740
v -3.057011 20.178989 -53.979691
v -3.062766 19.261917 -50.682549
v -3.058209 18.424843 -53.292976
v -3.047144 16.907295 -59.633057
v -3.046109 19.598406 -60.226135
v -3.042087 19.280781 -62.530754
v -3.041530 21.515738 -62.849739
v -1.809542 28.771765 -29.130543
v -2.381719 28.771765 -29.131542
v -2.399362 28.591757 -19.022938
v -1.827185 28.591757 -19.021938
v -3.100653 27.273422 -28.974609
v -3.100787 28.538576 -28.897907
v -3.099598 28.550735 -29.579060
v -3.099460 27.262966 -29.658382
v -2.382742 21.237318 -28.480049
v -1.810565 21.237318 -28.479050
v -4.653469 22.061550 -28.432644
v -4.653379 21.237091 -28.483898
v -4.670655 23.264540 -18.585983
v -4.670385 23.841606 -18.740643
v -2.332060 16.208181 -57.519127
v -2.338616 17.342083 -53.762421
v -2.339715 17.490381 -53.132851
v -2.344017 18.080629 -50.667999
v -2.381370 22.527361 -29.266552
v -2.382832 22.061777 -28.428680
v -2.381338 23.029650 -29.284733
v -2.381177 27.194441 -29.441669
v -2.381339 24.799137 -29.349049
v -2.381094 28.441868 -29.489845
v -2.380526 28.783926 -29.814972
v -2.379932 28.453686 -30.155548
v -2.338285 23.379776 -54.016968
v -2.339855 23.368866 -53.117851
v -2.326765 23.253294 -60.617622
v -2.328923 23.444323 -59.381569
v -2.323352 22.951012 -62.573029
v -2.320602 21.433123 -64.148643
v -2.319508 18.988384 -64.775932
v -2.321604 16.878202 -63.574417
v -2.324753 15.368382 -61.705383
v -2.329285 15.956696 -59.108604
v -2.692872 17.623228 -53.349045
v -2.691743 17.466177 -53.996223
v -2.348528 18.691217 -48.083603
v -2.701888 18.867926 -48.118423
v -2.697332 18.235064 -50.793846
v -2.735408 22.852255 -28.912609
v -2.734165 22.704638 -29.624565
v -2.380152 22.385084 -29.964073
v -2.735460 23.291248 -28.948292
v -2.735240 24.837206 -29.074207
v -2.735303 28.549145 -29.038296
v -2.735281 27.278080 -29.050568
v -2.349751 28.761652 -47.447906
v -2.344721 26.132250 -50.329811
v -2.698049 26.111340 -50.383156
v -2.703227 28.876316 -47.416130
v -2.693036 23.205679 -53.255173
v -2.681823 23.288296 -59.679794
v -2.691427 23.217499 -54.177246
v -2.679562 23.103971 -60.975288
v -2.675985 22.812483 -63.024666
v -2.673470 21.313799 -64.465973
v -2.672482 18.905884 -65.031784
v -2.674406 16.793997 -63.929253
v -2.677563 15.341106 -62.120567
v -2.685002 16.272730 -57.858276
v -2.682178 15.987835 -59.476273
v -3.062671 18.528709 -50.736755
v -3.058152 17.908804 -53.325920
v -3.047438 16.213865 -59.464630
v -3.100725 23.575348 -28.933357
v -3.100819 23.215223 -28.879723
v -1.808350 28.783926 -29.813972
v -2.381479 21.100269 -29.203934
v -1.809302 21.100269 -29.202934
v -3.100396 24.844025 -29.122116
v -3.099194 24.790161 -29.810776
v -3.099494 23.446594 -29.638611
v -3.095102 28.596531 -32.155163
v -3.094946 27.223307 -32.244259
v -2.376015 28.829948 -32.399708
v -2.375538 28.498575 -32.673126
v -3.099580 23.065218 -29.589630
v -3.094894 22.498154 -32.274261
v -2.729466 22.145983 -32.317036
v -2.734113 28.561190 -29.719681
v -3.063506 26.023499 -50.258446
v -3.068461 26.990686 -47.419380
v -3.068716 28.865746 -47.273125
v -3.058460 23.036810 -53.149780
v -3.056846 23.049423 -54.074020
v -3.041240 22.679754 -63.015877
v -2.349540 29.100071 -47.568817
v -1.803838 28.829948 -32.398708
v -1.777363 29.100071 -47.567818
v -2.348659 17.539474 -48.008377
v -1.776482 17.539474 -48.007378
v -1.804524 20.581842 -31.940628
v -2.376701 20.581842 -31.941628
v -3.067971 23.390003 -47.700188
v -3.067523 20.103079 -47.956787
v -3.094840 22.959875 -32.305508
v -3.094648 24.586290 -32.415287
v -2.375548 21.847340 -32.602100
v -2.729617 28.607100 -32.296009
v -3.067396 19.169981 -48.029625
v -3.048651 19.799206 -58.769501
v -3.233068 19.745682 -58.651405
v -2.680438 19.745682 -58.650444
v -2.679929 20.831966 -58.941597
v -3.232560 20.831966 -58.942558
v -2.678541 21.627220 -59.736732
v -3.231172 21.627220 -59.737694
v -2.676646 21.918251 -60.823021
v -3.229276 21.918251 -60.823982
v -2.674750 21.627220 -61.909302
v -3.227380 21.627220 -61.910263
v -2.673362 20.831966 -62.704552
v -3.225992 20.831966 -62.705513
v -2.672854 19.745796 -62.995583
v -3.225484 19.745796 -62.996544
v -2.673362 18.659512 -62.704552
v -3.225992 18.659512 -62.705513
v -2.674750 17.864258 -61.909302
v -3.227380 17.864258 -61.910263
v -2.676646 17.573225 -60.823021
v -3.229276 17.573225 -60.823982
v -2.678541 17.864258 -59.736732
v -3.231172 17.864258 -59.737694
v -2.679929 18.659512 -58.941597
v -3.232560 18.659512 -58.942558
v -3.232050 19.745682 -59.234955
v -3.231678 20.540253 -59.447800
v -3.230663 21.121862 -60.029518
v -3.229276 21.334824 -60.823982
v -3.227890 21.121862 -61.618546
v -3.226874 20.540253 -62.200157
v -3.226503 19.745796 -62.413109
v -3.226874 18.951225 -62.200157
v -3.227890 18.369616 -61.618546
v -3.229276 18.156652 -60.823982
v -3.230663 18.369616 -60.029518
v -3.231678 18.951225 -59.447800
v -3.394214 19.745682 -59.235237
v -3.393842 20.540253 -59.448082
v -3.392827 21.121862 -60.029800
v -3.391440 21.334824 -60.824265
v -3.390054 21.121862 -61.618828
v -3.389039 20.540253 -62.200439
v -3.388667 19.745796 -62.413391
v -3.389039 18.951225 -62.200439
v -3.390054 18.369616 -61.618828
v -3.391440 18.156652 -60.824265
v -3.392827 18.369616 -60.029800
v -3.393842 18.951225 -59.448082
v -3.563415 19.745682 -59.696220
v -3.563151 20.309904 -59.847366
v -3.562430 20.722986 -60.260452
v -3.561445 20.874126 -60.824562
v -3.560461 20.722986 -61.388779
v -3.559740 20.309904 -61.801743
v -3.559476 19.745796 -61.952995
v -3.559740 19.181574 -61.801743
v -3.560461 18.768492 -61.388779
v -3.561445 18.617350 -60.824562
v -3.562430 18.768492 -60.260452
v -3.563151 19.181574 -59.847366
v -3.561467 19.758751 -60.811935
v 1.365389 -2.852432 -30.527897
v 1.365337 -4.538736 -30.498123
v 1.364000 -4.542486 -29.731510
v 1.363602 -2.852432 -29.503773
v 1.365276 -1.602506 -30.462666
v 1.363449 -1.602506 -29.415928
v 2.394429 -2.852432 -29.501976
v 2.394276 -1.602506 -29.414131
v 1.557467 -5.452970 -29.826630
v 1.558561 -5.434447 -30.453014
v 3.037759 -6.745512 -30.420773
v 3.036815 -6.748921 -29.879955
v 4.268817 -6.933245 -30.417484
v 4.267891 -6.933245 -29.886898
v 4.268819 -6.491072 -30.418625
v 2.895874 -5.819914 -30.450680
v 2.894781 -5.832187 -29.824295
v 4.267777 -5.826960 -29.821899
v 4.267611 -4.542486 -29.726444
v 2.394826 -4.542486 -29.729713
v 4.266001 7.027090 -28.803795
v 4.268100 7.027090 -30.006565
v 2.395315 7.027090 -30.009834
v 2.393216 7.027090 -28.807064
v 4.268949 -4.538736 -30.493057
v 2.396164 -4.538736 -30.496326
v 2.396216 -2.852432 -30.526100
v 4.269001 -2.852432 -30.522831
v 2.396102 -1.602506 -30.460869
v 4.268887 -1.602506 -30.457600
v 4.268870 -5.825255 -30.448284
v 4.267213 -2.852432 -29.498707
v 4.267875 -6.491413 -29.877808
v 4.267060 -1.602506 -29.410862
v 1.364488 7.027090 -30.011631
v 1.362389 7.027090 -28.808861
v 2.400265 -1.392612 -32.845825
v 1.369438 -1.392612 -32.847622
v 1.371918 0.321079 -34.268238
v 2.402744 0.321079 -34.266441
v 1.367541 -1.973086 -31.760662
v 1.367342 -0.834413 -31.646793
v 1.365970 7.027090 -30.860519
v 2.396797 7.027090 -30.858723
v 2.397964 0.339831 -31.527607
v 2.395985 -0.313487 -30.393482
v 2.398368 -1.973086 -31.758865
v 1.368780 0.716433 -32.470684
v 1.367137 0.339831 -31.529404
v 1.366613 7.027090 -31.229168
v 2.397440 7.027090 -31.227371
v 2.398169 -0.834413 -31.644997
v 2.400423 -0.241098 -32.936283
v 1.365158 -0.313487 -30.395279
v 1.363291 -0.313487 -29.325245
v 2.394117 -0.313487 -29.323448
v 4.268769 -0.313487 -30.390213
v 4.266902 -0.313487 -29.320179
v 1.371559 1.926700 -34.062775
v 2.402386 1.926700 -34.060978
v 1.369596 -0.241098 -32.938080
v 2.399607 0.716433 -32.468887
v 1.367782 7.027090 -31.898846
v 2.398609 7.027090 -31.897049
v 7.172612 -2.852432 -30.517761
v 7.170825 -2.852432 -29.493637
v 7.171223 -4.542486 -29.721375
v 7.172561 -4.538736 -30.487988
v 7.172499 -1.602506 -30.452530
v 7.170671 -1.602506 -29.405792
v 6.139997 -2.852432 -29.495438
v 6.139844 -1.602506 -29.407593
v 6.978087 -5.452970 -29.817169
v 6.979180 -5.434447 -30.443554
v 5.499880 -6.745512 -30.416477
v 5.498936 -6.748921 -29.875660
v 5.641868 -5.819914 -30.445889
v 5.640774 -5.832187 -29.819504
v 6.140395 -4.542486 -29.723175
v 6.140884 7.027090 -30.003296
v 6.138784 7.027090 -28.800526
v 6.141786 -2.852432 -30.519562
v 6.141733 -4.538736 -30.489788
v 6.141671 -1.602506 -30.454330
v 7.169612 7.027090 -28.798725
v 7.171711 7.027090 -30.001495
v 7.179140 0.321079 -34.258102
v 7.176661 -1.392612 -32.837486
v 6.145834 -1.392612 -32.839287
v 6.148314 0.321079 -34.259903
v 7.174764 -1.973086 -31.750526
v 7.174565 -0.834413 -31.636658
v 7.173193 7.027090 -30.850384
v 6.142365 7.027090 -30.852184
v 6.143533 0.339831 -31.521069
v 6.141554 -0.313487 -30.386944
v 6.143937 -1.973086 -31.752327
v 7.176003 0.716433 -32.460548
v 7.173836 7.027090 -31.219032
v 7.174360 0.339831 -31.519268
v 6.143009 7.027090 -31.220833
v 6.143738 -0.834413 -31.638458
v 6.145991 -0.241098 -32.929745
v 7.172380 -0.313487 -30.385143
v 7.170513 -0.313487 -29.315109
v 6.139687 -0.313487 -29.316910
v 7.178782 1.926700 -34.052639
v 6.147955 1.926700 -34.054440
v 7.176819 -0.241098 -32.927944
v 6.145176 0.716433 -32.462349
v 7.175005 7.027090 -31.888710
v 6.144178 7.027090 -31.890511
v -2.644810 22.323837 -83.360756
v -2.560718 23.288412 -83.359810
v -2.559422 23.159090 -83.842209
v -2.558691 22.805897 -84.195412
v -2.558466 22.323496 -84.324615
v -2.559032 21.840981 -84.195412
v -2.560217 21.487787 -83.842209
v -2.561627 21.358578 -83.359810
v -2.562924 21.487787 -82.877312
v -2.563767 21.840981 -82.524117
v -2.563879 22.323496 -82.394913
v -2.563313 22.805897 -82.524117
v -2.562129 23.159090 -82.877304
v -2.332079 23.993776 -83.357040
v -2.329939 23.769793 -84.192741
v -2.328416 23.158068 -84.804466
v -2.328253 22.322472 -85.028328
v -2.329211 21.486877 -84.804466
v -2.331189 20.875153 -84.192741
v -2.333669 20.651169 -83.357140
v -2.335923 20.875153 -82.521439
v -2.337332 21.486765 -81.909721
v -2.337496 22.322472 -81.685844
v -2.336537 23.158068 -81.909714
v -2.334560 23.769793 -82.521439
v -2.020143 24.250944 -83.353424
v -2.017550 23.992414 -84.318329
v -2.015862 23.286026 -85.024704
v -2.015638 22.321108 -85.283249
v -2.016771 21.356192 -85.024704
v -2.019027 20.649805 -84.318336
v -2.021847 20.391273 -83.353424
v -2.024441 20.649805 -82.388504
v -2.026128 21.356192 -81.682121
v -2.026352 22.321108 -81.423584
v -2.025219 23.286026 -81.682121
v -2.022963 23.992414 -82.388504
v -2.667952 16.962637 -70.101715
v -2.583859 17.927099 -70.100769
v -2.582563 17.797892 -70.583168
v -2.581833 17.444698 -70.936371
v -2.581607 16.962183 -71.065567
v -2.582174 16.479782 -70.936371
v -2.583359 16.126587 -70.583168
v -2.584769 15.997379 -70.100769
v -2.586065 16.126587 -69.618271
v -2.586909 16.479782 -69.265068
v -2.587021 16.962183 -69.135872
v -2.586455 17.444698 -69.265068
v -2.585270 17.797892 -69.618263
v -2.355220 18.632465 -70.097992
v -2.353080 18.408592 -70.933701
v -2.351558 17.796869 -71.545425
v -2.351394 16.961275 -71.769302
v -2.352353 16.125565 -71.545425
v -2.354330 15.513840 -70.933701
v -2.356811 15.289972 -70.098099
v -2.359065 15.513840 -69.262405
v -2.360474 16.125565 -68.650681
v -2.360637 16.961275 -68.426811
v -2.359678 17.796869 -68.650673
v -2.357701 18.408592 -69.262398
v -2.043284 18.889746 -70.094383
v -2.040691 18.631102 -71.059280
v -2.039004 17.924828 -71.765556
v -2.038780 16.959911 -72.024200
v -2.039913 15.994993 -71.765686
v -2.042168 15.288607 -71.059288
v -2.044989 15.030075 -70.094383
v -2.047582 15.288607 -69.129463
v -2.049270 15.994993 -68.423080
v -2.049494 16.959911 -68.164551
v -2.048360 17.924828 -68.423080
v -2.046105 18.631102 -69.129463
v -2.563123 15.427698 -4.109428
v -2.503122 16.075106 -4.108761
v -2.502330 15.988283 -4.432518
v -2.501688 15.751230 -4.669571
v -2.501651 15.427469 -4.756279
v -2.502029 15.103710 -4.669571
v -2.502784 14.866657 -4.432518
v -2.503803 14.779837 -4.108761
v -2.504710 14.866657 -3.784885
v -2.505237 15.103710 -3.547949
v -2.505388 15.427469 -3.461126
v -2.504896 15.751230 -3.547949
v -2.504142 15.988283 -3.784885
v -2.339937 16.548416 -4.106880
v -2.338391 16.398184 -4.667694
v -2.337447 15.987602 -5.078278
v -2.337298 15.426790 -5.228508
v -2.338015 14.865976 -5.078278
v -2.339413 14.455393 -4.667694
v -2.341074 14.305162 -4.106884
v -2.342621 14.455393 -3.546074
v -2.343565 14.865976 -3.135492
v -2.343714 15.426790 -2.985262
v -2.342997 15.987602 -3.135492
v -2.341599 16.398184 -3.546072
v -2.117207 16.721035 -4.104446
v -2.115509 16.547508 -4.751968
v -2.114341 16.073515 -5.226074
v -2.114151 15.425879 -5.399601
v -2.115022 14.778246 -5.226074
v -2.116531 14.304253 -4.751972
v -2.118571 14.130722 -4.104450
v -2.120269 14.304251 -3.456821
v -2.121438 14.778246 -2.982716
v -2.121627 15.425879 -2.809301
v -2.120756 16.073515 -2.982714
v -2.119246 16.547508 -3.456820
v -2.585737 22.637472 8.847668
v -2.525736 23.284880 8.848341
v -2.524944 23.198059 8.524582
v -2.524303 22.961006 8.287529
v -2.524265 22.637245 8.200708
v -2.524644 22.313486 8.287527
v -2.525398 22.076431 8.524582
v -2.526418 21.989611 8.848341
v -2.527324 22.076431 9.172098
v -2.527851 22.313486 9.409151
v -2.528003 22.637245 9.495972
v -2.527510 22.961006 9.409153
v -2.526756 23.198059 9.172100
v -2.362552 23.758190 8.850218
v -2.361005 23.607958 8.289289
v -2.360061 23.197378 7.878824
v -2.359913 22.636564 7.728477
v -2.360629 22.075748 7.878824
v -2.362028 21.665169 8.289288
v -2.363688 21.514936 8.850216
v -2.365236 21.665169 9.411026
v -2.366179 22.075748 9.821493
v -2.366328 22.636564 9.971838
v -2.365611 23.197378 9.821606
v -2.364213 23.607958 9.411028
v -2.139935 23.930809 8.852650
v -2.138123 23.757280 8.205019
v -2.136955 23.283289 7.731026
v -2.136766 22.635654 7.557499
v -2.137637 21.988020 7.731026
v -2.139146 21.514029 8.205017
v -2.141185 21.340500 8.852648
v -2.142884 21.514029 9.500280
v -2.144052 21.988020 9.974272
v -2.144241 22.635654 10.147800
v -2.143370 23.283289 9.974274
v -2.141861 23.757280 9.500282
v -2.598040 22.637472 15.896748
v -2.538039 23.284880 15.897420
v -2.537247 23.198059 15.573661
v -2.536606 22.961006 15.336608
v -2.536568 22.637245 15.249787
v -2.536947 22.313486 15.336608
v -2.537701 22.076431 15.573660
v -2.538721 21.989611 15.897418
v -2.539627 22.076431 16.221178
v -2.540154 22.313486 16.458229
v -2.540306 22.637245 16.545050
v -2.539813 22.961006 16.458229
v -2.539059 23.198059 16.221180
v -2.374855 23.758190 15.899295
v -2.373308 23.607958 15.338484
v -2.372364 23.197378 14.927903
v -2.372216 22.636564 14.777557
v -2.372932 22.075748 14.927902
v -2.374331 21.665169 15.338368
v -2.375992 21.514936 15.899293
v -2.377538 21.665169 16.460106
v -2.378482 22.075748 16.870571
v -2.378631 22.636564 17.020916
v -2.377914 23.197378 16.870686
v -2.376516 23.607958 16.460106
v -2.152238 23.930809 15.901730
v -2.150426 23.757280 15.254211
v -2.149258 23.283289 14.780107
v -2.149069 22.635654 14.606577
v -2.149940 21.988020 14.780105
v -2.151449 21.514029 15.254095
v -2.153488 21.340500 15.901727
v -2.155187 21.514029 16.549358
v -2.156355 21.988020 17.023350
v -2.156544 22.635654 17.196878
v -2.155673 23.283289 17.023352
v -2.154164 23.757280 16.549362
v 11.367208 22.323837 -83.336304
v 11.283501 23.159090 -83.818047
v 11.283113 23.288412 -83.335648
v 11.284004 22.805897 -84.171249
v 11.284229 22.323496 -84.300453
v 11.284345 21.840981 -84.171249
v 11.284296 21.487787 -83.818047
v 11.284022 21.358578 -83.335648
v 11.283634 21.487787 -82.853142
v 11.283247 21.840981 -82.499947
v 11.282906 22.323496 -82.370743
v 11.282791 22.805897 -82.499947
v 11.282839 23.159090 -82.853142
v 11.055242 23.769793 -84.169380
v 11.054466 23.993776 -83.333679
v 11.055856 23.158068 -84.781105
v 11.056475 22.322472 -85.004967
v 11.056651 21.486877 -84.781105
v 11.056492 20.875153 -84.169373
v 11.056057 20.651169 -83.333771
v 11.055394 20.875153 -82.498070
v 11.054667 21.486877 -81.886345
v 11.054048 22.322472 -81.662468
v 11.053871 23.158068 -81.886345
v 11.054031 23.769793 -82.498070
v 10.743294 23.992414 -84.296059
v 10.742519 24.250944 -83.331146
v 10.744073 23.286026 -85.002434
v 10.744751 22.321108 -85.260979
v 10.744982 21.356192 -85.002434
v 10.744771 20.649805 -84.296059
v 10.744223 20.391273 -83.331146
v 10.743449 20.649805 -82.366219
v 10.742671 21.356192 -81.659836
v 10.741991 22.321108 -81.401299
v 10.741762 23.286026 -81.659836
v 10.741971 23.992414 -82.366226
v 11.344067 16.962637 -70.077255
v 11.260360 17.797892 -70.559006
v 11.259973 17.927099 -70.076607
v 11.260862 17.444698 -70.912209
v 11.261087 16.962183 -71.041405
v 11.261203 16.479782 -70.912209
v 11.261155 16.126587 -70.559006
v 11.260881 15.997379 -70.076607
v 11.260493 16.126587 -69.594101
v 11.260105 16.479782 -69.240898
v 11.259765 16.962183 -69.111702
v 11.259649 17.444698 -69.240898
v 11.259698 17.797892 -69.594101
v 11.032101 18.408592 -70.910339
v 11.031324 18.632465 -70.074631
v 11.032714 17.796869 -71.522064
v 11.033333 16.961275 -71.745941
v 11.033509 16.125565 -71.522064
v 11.033351 15.513840 -70.910332
v 11.032916 15.289972 -70.074730
v 11.032252 15.513840 -69.239029
v 11.031526 16.125565 -68.627304
v 11.030907 16.961275 -68.403435
v 11.030730 17.796869 -68.627304
v 11.030890 18.408592 -69.239029
v 10.720153 18.631102 -71.037010
v 10.719378 18.889746 -70.072105
v 10.720931 17.924828 -71.743408
v 10.721610 16.959911 -72.001930
v 10.721840 15.994993 -71.743408
v 10.721630 15.288607 -71.037010
v 10.721082 15.030075 -70.072105
v 10.720308 15.288607 -69.107178
v 10.719529 15.994993 -68.400795
v 10.718850 16.959911 -68.142265
v 10.718620 17.924828 -68.400795
v 10.718830 18.631102 -69.107185
v 11.008883 15.427698 -4.085743
v 10.949103 15.988283 -4.409039
v 10.948880 16.075106 -4.085281
v 10.949405 15.751230 -4.646091
v 10.949669 15.427469 -4.732800
v 10.949745 15.103710 -4.646091
v 10.949672 14.866657 -4.409039
v 10.949562 14.779837 -4.085281
v 10.949224 14.866657 -3.761406
v 10.949038 15.103710 -3.524467
v 10.948771 15.427469 -3.437645
v 10.948696 15.751230 -3.524467
v 10.948769 15.988283 -3.761406
v 10.786100 16.398184 -4.644787
v 10.785691 16.548416 -4.083973
v 10.786591 15.987602 -5.055370
v 10.786965 15.426790 -5.205601
v 10.787159 14.865976 -5.055370
v 10.787010 14.455393 -4.644787
v 10.786827 14.305162 -4.083969
v 10.786303 14.455393 -3.523159
v 10.785927 14.865976 -3.112577
v 10.785551 15.426790 -2.962347
v 10.785360 15.987602 -3.112579
v 10.785393 16.398184 -3.523161
v 10.563515 16.547508 -4.729839
v 10.562952 16.721035 -4.082317
v 10.564002 16.073515 -5.203945
v 10.564417 15.425879 -5.377472
v 10.564682 14.778246 -5.203945
v 10.564537 14.304253 -4.729839
v 10.564202 14.130722 -4.082314
v 10.563754 14.304251 -3.434683
v 10.563268 14.778246 -2.960577
v 10.562737 15.425879 -2.787048
v 10.562585 16.073515 -2.960577
v 10.562617 16.547508 -3.434685
v 10.986269 22.637472 8.871357
v 10.926489 23.198059 8.548059
v 10.926266 23.284880 8.871820
v 10.926790 22.961006 8.311005
v 10.927054 22.637245 8.224184
v 10.927131 22.313486 8.311007
v 10.927057 22.076431 8.548061
v 10.926948 21.989611 8.871820
v 10.926609 22.076431 9.195580
v 10.926423 22.313486 9.432634
v 10.926157 22.637245 9.519455
v 10.926082 22.961006 9.432632
v 10.926154 23.198059 9.195580
v 10.763486 23.607958 8.312313
v 10.763077 23.758190 8.873125
v 10.763976 23.197378 7.901731
v 10.764352 22.636564 7.751385
v 10.764544 22.075748 7.901731
v 10.764396 21.665169 8.312199
v 10.764213 21.514936 8.873127
v 10.763688 21.665169 9.433941
v 10.763312 22.075748 9.844408
v 10.762937 22.636564 9.994753
v 10.762746 23.197378 9.844521
v 10.762778 23.607958 9.433939
v 10.540900 23.757280 8.227262
v 10.540338 23.930809 8.874783
v 10.541388 23.283289 7.753155
v 10.541802 22.635654 7.579628
v 10.542068 21.988020 7.753155
v 10.541923 21.514029 8.227150
v 10.541588 21.340500 8.874784
v 10.541140 21.514029 9.522417
v 10.540653 21.988020 9.996412
v 10.540124 22.635654 10.169939
v 10.539970 23.283289 9.996410
v 10.540003 23.757280 9.522415
v 10.973966 22.637472 15.920435
v 10.914186 23.198059 15.597138
v 10.913962 23.284880 15.920897
v 10.914487 22.961006 15.360085
v 10.914751 22.637245 15.273265
v 10.914827 22.313486 15.360085
v 10.914755 22.076431 15.597139
v 10.914644 21.989611 15.920898
v 10.914307 22.076431 16.244659
v 10.914121 22.313486 16.481712
v 10.913855 22.637245 16.568531
v 10.913779 22.961006 16.481712
v 10.913852 23.198059 16.244659
v 10.751183 23.607958 15.361391
v 10.750773 23.758190 15.922204
v 10.751674 23.197378 14.950809
v 10.752048 22.636564 14.800464
v 10.752242 22.075748 14.950809
v 10.752093 21.665169 15.361279
v 10.751909 21.514936 15.922206
v 10.751386 21.665169 16.483019
v 10.751009 22.075748 16.893600
v 10.750633 22.636564 17.043831
v 10.750443 23.197378 16.893600
v 10.750476 23.607958 16.483017
v 10.528597 23.757280 15.276340
v 10.528034 23.930809 15.923861
v 10.529084 23.283289 14.802234
v 10.529500 22.635654 14.628705
v 10.529764 21.988020 14.802236
v 10.529620 21.514029 15.276228
v 10.529284 21.340500 15.923862
v 10.528836 21.514029 16.571497
v 10.528236 21.988020 17.045490
v 10.527821 22.635654 17.219017
v 10.527668 23.283289 17.045488
v 10.527699 23.757280 16.571495
v -0.457618 21.770630 -24.542122
v -0.401411 21.770632 -56.746857
v -0.273926 25.300859 -53.675171
v -0.324774 25.300858 -24.541889
v -1.316345 25.300859 -53.676994
v -1.443829 21.770632 -56.748672
v -1.500037 21.770630 -24.543941
v -1.367192 25.300858 -24.543709
v -0.522391 21.770626 12.569917
v -0.389546 25.300854 12.570148
v -1.431965 25.300854 12.568329
v -1.564809 21.770626 12.568097
v -1.171196 29.321898 -50.178101
v -0.128778 29.321898 -50.176285
v -0.205226 27.206036 -52.017380
v -1.247645 27.206036 -52.019196
v -0.329892 25.300856 -21.609188
v -0.462737 21.770628 -21.609421
v 1.895624 35.070038 -17.239475
v 1.900089 35.070038 -19.797508
v 0.857671 35.070038 -19.799328
v 0.853206 35.070038 -17.241295
v -1.215937 29.321896 -24.543446
v -1.295599 27.206034 -24.543587
v -1.300717 27.206032 -21.610886
v -1.221056 29.321894 -21.610744
v -1.505155 21.770628 -21.611240
v 1.310225 31.237980 -22.165657
v 0.267807 31.237980 -22.167477
v 0.827989 33.153954 -21.479668
v 1.870407 33.153954 -21.477848
v 0.207176 31.237976 12.571191
v 0.768444 33.153950 12.572171
v 0.775317 33.153950 8.699213
v 0.214072 31.237976 8.620161
v 1.249595 31.237976 12.573010
v 1.810975 33.153950 12.573991
v 1.305434 31.237980 -19.420578
v 1.865711 33.153954 -18.787079
v -0.173519 29.321896 -24.541626
v 0.807598 35.070034 8.890411
v 0.801172 35.070034 12.572228
v 0.263016 31.237980 -19.422398
v 1.843590 35.070034 12.574047
v -0.238292 29.321892 12.570413
v -1.280710 29.321892 12.568593
v 1.256490 31.237976 8.621981
v -0.230925 29.321892 8.349379
v -0.253181 27.206034 -24.541767
v -1.360371 27.206030 12.568454
v -0.317953 27.206030 12.570273
v -0.258299 27.206032 -21.609066
v -1.372310 25.300856 -21.611008
v -0.382179 25.300854 8.349113
v -0.515024 21.770626 8.348877
v 1.850016 35.070034 8.892231
v -12.262466 27.115231 9.912861
v -12.264093 27.115231 10.845161
v -12.471373 27.998213 10.844801
v -12.469746 27.998213 9.912500
v -1.557442 21.770626 8.347057
v 0.813315 33.153950 -13.072361
v 0.252837 31.237976 -13.590515
v 1.817735 33.153950 8.701033
v 0.843721 35.070034 -11.806816
v -1.273343 29.321892 8.347559
v 1.295255 31.237976 -13.588696
v -0.189511 29.321894 -15.378735
v -0.310586 27.206030 8.349239
v -1.424598 25.300854 8.347294
v -1.872418 25.694958 12.493808
v -1.800711 27.242393 12.493933
v -1.721163 28.961084 12.494072
v -1.714053 28.961084 8.420652
v -1.353004 27.206030 8.347420
v -1.793601 27.242393 8.420515
v -1.865308 25.694958 8.420389
v -2.220487 27.260574 12.422858
v -2.140826 28.839489 12.422997
v -4.671939 28.891310 11.774920
v -4.751600 27.353306 11.774780
v -2.133961 28.839489 8.490149
v -4.667321 28.891310 9.129387
v -4.746983 27.353306 9.129248
v -2.213623 27.260574 8.490009
v -2.285216 25.838940 8.489885
v -4.818689 25.968376 9.129124
v -2.292194 25.838940 12.422733
v -4.823306 25.968376 11.774656
v -5.106070 27.275463 11.333580
v -5.177776 25.767458 11.333456
v -5.026522 28.950176 11.333719
v -5.023442 28.950176 9.569347
v -5.102990 27.275463 9.569208
v -5.174697 25.767458 9.569084
v -5.957662 27.255577 11.187885
v -6.011414 25.737801 11.187792
v -5.897887 28.941198 11.187988
v -5.894893 28.941198 9.472256
v -5.954667 27.255577 9.472153
v -6.008419 25.737801 9.472059
v -9.116656 29.781792 10.681444
v -11.282963 29.656448 10.736872
v -9.183591 27.602972 10.681328
v -9.114293 29.781792 9.327425
v -11.297519 29.656904 9.766357
v -12.225307 28.955973 9.912926
v -9.181228 27.602972 9.327309
v -11.421391 26.262135 9.768301
v -9.241456 25.640978 9.327204
v -9.243819 25.640978 10.681223
v -11.407513 26.259293 10.737221
v -7.011500 29.793613 10.762508
v -7.518528 29.790770 10.742987
v -7.535687 27.611042 10.742956
v -7.012751 27.613655 10.762506
v -7.008755 29.793613 9.189734
v -7.515875 29.790770 9.222826
v -7.011142 25.650639 9.189730
v -7.548377 25.648365 9.222769
v -7.533034 27.611042 9.222795
v -7.010005 27.613655 9.189732
v -7.013886 25.650639 10.762505
v -7.551030 25.648365 10.742929
v -0.340766 25.300856 -15.378998
v -0.473611 21.770628 -15.379230
v 1.886139 35.070034 -11.804996
v -1.383184 25.300856 -15.380817
v -1.311591 27.206032 -15.380695
v 1.855734 33.153950 -13.070541
v -1.231929 29.321894 -15.380554
v -0.178637 29.321894 -21.608925
v -0.269173 27.206032 -15.378876
v -1.516029 21.770628 -15.381050
v 0.823293 33.153954 -18.788898
v -12.226933 28.955973 10.845226
v 2.524795 32.481773 -85.899780
v 2.525694 32.369270 -86.414902
v 2.522990 31.915394 -84.866104
v 2.522609 32.111080 -84.647354
v 2.523199 33.737949 -84.985664
v 2.520616 33.270889 -83.505394
v 6.202319 33.270889 -83.498970
v 6.204903 33.737949 -84.979240
v 2.523085 33.261688 -84.920425
v 6.204788 33.261688 -84.914001
v 6.207397 32.369270 -86.408478
v 6.206498 32.481773 -85.893356
v 2.527174 31.360374 -87.262779
v 6.208877 31.360374 -87.256355
v 6.206602 30.937180 -85.953018
v 2.524899 30.937180 -85.959442
v 2.522736 28.907570 -84.720085
v 2.523585 28.388235 -85.206802
v 6.205288 28.388235 -85.200378
v 6.204439 28.907570 -84.713661
v 6.200002 31.382763 -82.171417
v 2.518299 31.382763 -82.177841
v 2.518648 31.168888 -82.378304
v 6.200352 31.168888 -82.371880
v 2.516508 32.540188 -81.151894
v 6.198212 32.540188 -81.145470
v 6.204312 32.111080 -84.640930
v 6.204694 31.915394 -84.859680
v 2.524517 31.132751 -85.740791
v 2.527285 31.623451 -87.326416
v 2.524135 31.328442 -85.522041
v 2.523754 31.524132 -85.303398
v 2.526489 31.996304 -86.870720
v 2.526386 31.735954 -86.811401
v 2.523372 31.719707 -85.084747
v 2.525590 32.108921 -86.355583
v 2.524103 33.115089 -85.503403
v 2.521464 32.698029 -83.991417
v 2.521082 32.893604 -83.772675
v 2.523999 32.854740 -85.444084
v 2.524898 32.742126 -85.959206
v 2.522227 32.306656 -84.428719
v 2.521846 32.502342 -84.210060
v 6.208988 31.623451 -87.319992
v 6.208193 31.996304 -86.864296
v 6.208089 31.735954 -86.804977
v 6.207294 32.108921 -86.349159
v 6.205806 33.115089 -85.496979
v 6.206601 32.742126 -85.952782
v 6.205703 32.854740 -85.437660
v 2.517249 32.024258 -81.576469
v 6.198953 32.024258 -81.570045
v 6.198603 32.238132 -81.369576
v 2.516899 32.238132 -81.375999
v 2.517949 31.596630 -81.977386
v 6.199652 31.596630 -81.970963
v 6.199302 31.810390 -81.770493
v 2.517599 31.810390 -81.776917
v 6.202740 29.946125 -83.740219
v 2.521037 29.946125 -83.746643
v 2.521886 29.426794 -84.233360
v 6.203589 29.426794 -84.226936
v 2.520187 30.465458 -83.259804
v 6.201890 30.465458 -83.253380
v 6.206221 31.132751 -85.734367
v 6.205838 31.328442 -85.515617
v 6.205457 31.524132 -85.296974
v 6.205075 31.719707 -85.078323
v 6.203167 32.698029 -83.984993
v 6.202785 32.893604 -83.766251
v 6.203930 32.306656 -84.422295
v 6.203548 32.502342 -84.203636
v -0.168989 34.267502 37.062153
v -0.175702 34.267502 40.908630
v 0.649437 36.806793 40.910072
v 0.656150 36.806793 37.063595
v 2.809389 38.376049 40.913841
v 2.816102 38.376049 37.067364
v 5.479243 38.376049 40.918499
v 5.485956 38.376049 37.072021
v 7.639195 36.806793 40.922272
v 7.645909 36.806793 37.075794
v 8.464334 34.267502 40.923710
v 8.471047 34.267502 37.077232
v 7.639195 31.728333 40.922268
v 7.645909 31.728333 37.075790
v 5.479243 30.158964 40.918499
v 5.485956 30.158964 37.072021
v 2.809389 30.158964 40.913841
v 2.816102 30.158964 37.067364
v 0.649437 31.728333 40.910069
v 0.656150 31.728333 37.063591
v 7.208234 22.580873 84.568436
v 6.787539 24.150925 84.567703
v 6.779330 24.150925 89.271263
v 7.200025 22.580873 89.271996
v 5.638186 25.300280 84.565704
v 5.629977 25.300280 89.269257
v 5.710916 28.606977 84.565826
v 4.068138 28.610271 84.562958
v 4.059929 28.610271 89.266518
v 5.702706 28.606977 89.269379
v 2.425361 28.606977 84.560089
v 2.417151 28.606977 89.263649
v 2.489881 25.300280 89.263779
v 2.498090 25.300280 84.560219
v 1.348737 24.150925 84.558212
v 1.340528 24.150925 89.261765
v 0.928042 22.580873 84.557480
v 0.919833 22.580988 89.261032
v 1.348737 21.010822 84.558212
v 1.340528 21.010822 89.261765
v 2.498090 19.861467 84.560219
v 2.489881 19.861467 89.263779
v 4.068138 19.440773 84.562958
v 4.059929 19.440773 89.266510
v 5.638186 19.861467 84.565704
v 5.629977 19.861467 89.269257
v 6.787539 21.010822 84.567703
v 6.779330 21.010822 89.271263
v 1.591926 24.010578 84.558640
v 2.638549 25.057089 84.560463
v 4.068138 25.440172 84.562958
v 1.591926 21.151281 84.558640
v 6.544236 21.151281 84.567276
v 6.544236 24.010578 84.567276
v 5.497727 25.057089 84.565460
v 6.927316 22.580873 84.567947
v 4.068138 19.721691 84.562958
v 5.497727 20.104771 84.565460
v 2.638549 20.104771 84.560463
v 1.208960 22.580873 84.557968
v 1.055233 22.580868 172.636917
v 1.438199 21.151276 172.637573
v 2.484822 20.104765 172.639404
v 2.484822 25.057083 172.639404
v 6.773589 22.580868 172.646896
v 5.344000 20.104765 172.644394
v 3.914411 19.721685 172.641907
v 6.390510 21.151276 172.646225
v 5.344000 25.057083 172.644394
v 6.390510 24.010572 172.646225
v 3.914411 25.440165 172.641907
v 1.438199 24.010572 172.637573
v 6.919106 22.580873 89.271507
v 6.536027 24.010578 89.270836
v 5.489518 25.057089 89.269012
v 4.059929 25.440172 89.266518
v 2.630340 25.057089 89.264023
v 1.583717 24.010578 89.262192
v 1.200751 22.580873 89.261520
v 1.583717 21.151281 89.262192
v 2.630340 20.104771 89.264023
v 4.059929 19.721691 89.266510
v 5.489518 20.104771 89.269012
v 6.536027 21.151281 89.270836
v 4.068138 25.720974 84.562958
v 4.059929 25.720974 89.266518
v 8.235427 33.282352 84.698761
v 7.677001 35.366283 84.697784
v 7.741621 35.404015 85.177460
v 8.310047 33.282352 85.178452
v 6.151613 36.891788 84.695122
v 6.188505 36.957130 85.174744
v 4.067687 37.450100 84.691483
v 4.067077 37.318848 85.171043
v 1.983873 36.891788 84.687851
v 1.945307 36.957130 85.167343
v 0.458372 35.366283 84.685181
v 0.392192 35.404015 85.164627
v -0.100054 33.282352 84.684212
v -0.176348 33.282467 85.163635
v 0.458372 31.198532 84.685181
v 0.392192 31.160805 85.164627
v 1.983873 29.673033 84.687851
v 1.945307 29.607691 85.167343
v 4.067687 29.114721 84.691483
v 4.066850 29.039263 85.171036
v 6.151613 29.673033 84.695122
v 6.188505 29.607691 85.174744
v 7.677001 31.198532 84.697784
v 7.741621 31.160805 85.177460
v 1.903116 33.278717 120.930977
v 2.184716 32.228001 120.931465
v 2.953943 31.458771 120.932808
v 2.953943 35.098778 120.932808
v 6.106198 33.278717 120.938309
v 5.055371 31.458771 120.936478
v 4.004657 31.177284 120.934639
v 5.824599 32.228001 120.937820
v 5.055371 35.098778 120.936478
v 5.824599 34.329544 120.937820
v 4.004657 35.380264 120.934639
v 2.184716 34.329544 120.931465
v 7.746550 35.386059 87.236740
v 8.285517 33.282352 87.317566
v 6.168092 36.965088 87.234436
v 4.063395 37.309299 87.280655
v 1.958418 36.965088 87.227097
v 0.386351 35.399921 87.209015
v -0.179258 33.282467 87.221542
v 0.387025 31.163986 87.213211
v 1.957734 29.600191 87.228226
v 4.063168 29.049263 87.280655
v 6.168092 29.599735 87.234436
v 7.746550 31.178761 87.236740
v 7.777314 33.278828 104.574532
v 7.275708 35.150936 104.573654
v 7.148505 35.092525 119.636673
v 7.634542 33.278717 119.637520
v 5.905211 36.521324 104.571266
v 5.820738 36.420296 119.634354
v 4.033223 37.022930 104.567993
v 4.006932 36.906334 119.631187
v 2.161120 36.521324 104.564728
v 2.193127 36.420296 119.628021
v 0.790624 35.150936 104.562340
v 0.865359 35.092525 119.625710
v 0.289017 33.278828 104.561462
v 0.379322 33.278717 119.624855
v 0.790624 31.406723 104.562332
v 0.865359 31.465019 119.625710
v 2.161120 30.036341 104.564728
v 2.193127 30.137138 119.628021
v 4.033223 29.534618 104.567993
v 4.006932 29.651213 119.631187
v 5.905211 30.036341 104.571266
v 5.820738 30.137138 119.634354
v 7.275708 31.406723 104.573654
v 7.148505 31.465019 119.636673
v 7.416737 33.715092 89.076675
v 7.413592 33.710430 90.747986
v 7.412002 33.282352 90.747986
v 7.414454 33.282352 89.082352
v 6.164643 36.966446 87.582169
v 6.096280 36.990086 90.745224
v 7.762239 35.331398 90.748138
v 7.747420 35.382988 87.584366
v 4.059940 36.581093 89.129578
v 4.057126 36.589504 90.742126
v 4.494299 36.587799 90.742889
v 4.502324 36.587799 89.074203
v 3.617866 36.587799 89.072662
v 3.619954 36.587799 90.741364
v 1.960652 36.966446 87.574829
v 0.385294 35.399242 87.554123
v 0.371901 35.384125 90.735229
v 2.017974 36.990086 90.738113
v 0.681749 33.282352 89.265503
v 0.678834 33.282352 90.740311
v 0.678159 33.717937 90.736237
v 0.680844 33.727592 89.067657
v 0.680844 32.837223 89.067657
v 0.678159 32.846882 90.736237
v 1.959740 29.598938 87.576080
v 2.112291 29.574167 90.740204
v 0.668941 31.048870 90.743942
v 0.386081 31.164444 87.559021
v 4.059940 29.983723 89.129570
v 4.057126 29.975317 90.742126
v 3.619954 29.977022 90.741364
v 3.617866 29.977022 89.072662
v 4.502324 29.977022 89.074203
v 4.494299 29.977022 90.742889
v 7.747420 31.181831 87.584366
v 7.762354 31.233650 90.748138
v 6.096280 29.574736 90.745224
v 6.164643 29.598370 87.582169
v 7.413592 32.854382 90.747986
v 7.416737 32.849728 89.076675
v 7.027331 34.169086 103.899109
v 7.021990 33.278828 103.899101
v 7.027331 32.388577 103.899109
v 7.281590 31.406723 101.202988
v 7.031835 32.388577 101.318581
v 7.509937 32.380505 88.286247
v 8.281364 33.282352 87.678604
v 7.475120 33.282352 88.376190
v 7.509937 34.184311 88.286247
v 7.503609 34.148293 90.740067
v 4.889855 36.193470 103.583672
v 4.034943 36.389614 103.582176
v 5.911095 36.521324 101.200600
v 4.893922 36.193470 101.254051
v 4.949734 36.645531 88.613831
v 4.062773 37.307598 87.636688
v 4.060704 36.818375 88.692062
v 3.171952 36.645531 88.610733
v 3.230172 36.646210 90.738754
v 3.179917 36.193470 103.580688
v 1.041353 34.169086 103.888664
v 1.007648 33.278828 103.666893
v 0.796507 35.150936 101.191673
v 1.045587 34.169086 101.462914
v 0.620568 34.211361 88.313316
v -0.179751 33.282352 87.568939
v 0.592982 33.282352 88.557480
v 0.620568 32.353458 88.313316
v 0.609762 32.411983 90.728043
v 1.041353 32.388577 103.888664
v 3.179917 30.364189 103.580688
v 4.034943 30.168047 103.582176
v 2.167003 30.036341 101.194061
v 3.183983 30.364189 101.251068
v 3.171952 29.919292 88.610733
v 4.062546 29.050968 87.636688
v 4.060704 29.746447 88.692062
v 4.949734 29.919292 88.613831
v 4.884200 29.918612 90.741638
v 4.889855 30.364189 103.583672
v 6.937302 33.716797 103.067909
v 6.934166 33.278828 103.041420
v 6.937302 32.840862 103.067909
v 6.940578 32.840862 101.190018
v 4.473703 36.130856 103.063606
v 4.035850 36.131763 103.062843
v 4.476981 36.130856 101.185715
v 3.597882 36.130856 103.062080
v 1.113601 33.716797 103.057747
v 1.115425 33.278828 102.859322
v 1.116879 33.716797 101.179855
v 1.113601 32.840862 103.057747
v 3.597882 30.426804 103.062080
v 4.035850 30.425900 103.062843
v 3.601159 30.426804 101.184189
v 4.473703 30.426804 103.063606
v 7.104492 33.742367 90.747452
v 6.940578 33.716797 101.190018
v 6.937351 33.278828 101.216484
v 7.101196 33.282352 90.747437
v 6.023323 36.688030 90.745102
v 7.281590 35.150936 101.202988
v 7.462686 35.248669 90.747612
v 4.057126 36.278812 90.742126
v 4.039127 36.131763 101.184952
v 4.517140 36.277905 90.742935
v 3.597112 36.277905 90.741325
v 3.601159 36.130856 101.184189
v 0.651568 35.248669 90.735718
v 2.167003 36.521324 101.194061
v 2.090930 36.688030 90.738235
v 0.987941 33.742367 90.736771
v 0.989525 33.282352 90.740860
v 1.118610 33.278828 101.034492
v 0.987941 32.822449 90.736771
v 1.116879 32.840862 101.179855
v 2.182865 29.876791 90.738396
v 0.796507 31.406723 101.191666
v 0.827142 31.316151 90.736031
v 4.057126 30.286009 90.742126
v 4.039127 30.425900 101.184952
v 3.597112 30.286915 90.741325
v 4.517140 30.286915 90.742935
v 4.476981 30.426804 101.185715
v 7.462686 31.316151 90.747612
v 5.911095 30.036341 101.200600
v 6.023323 29.876791 90.745102
v 7.104492 32.822449 90.747452
v 7.503601 32.416527 90.744385
v 7.200644 34.217381 90.739548
v 7.031565 34.169086 101.473358
v 4.884200 36.646210 90.741638
v 3.159148 36.343586 90.738632
v 3.183983 36.193470 101.251068
v 0.609762 34.152832 90.728043
v 0.913635 32.347435 90.728569
v 1.045587 32.388577 101.462914
v 3.234263 29.919630 90.738754
v 4.955112 30.221231 90.741760
v 4.893922 30.364189 101.254051
v 7.200637 32.347435 90.743866
v 4.955112 36.343586 90.741760
v 0.913635 34.217381 90.728569
v 3.159148 30.221231 90.738632
v 7.409403 22.687468 123.620216
v 7.424241 22.687468 115.118469
v 6.967409 24.392179 115.117676
v 6.952571 24.392179 123.619423
v 5.288949 25.640175 115.114746
v 5.274111 25.640175 123.616493
v 5.289976 31.916737 114.526436
v 4.016792 31.920151 113.982033
v 4.004969 31.920151 120.756226
v 5.279099 31.916737 120.758453
v 2.741716 31.916737 114.521988
v 2.730839 31.916737 120.754005
v 2.725851 25.640175 123.612045
v 2.740689 25.640175 115.110298
v 1.062115 24.392179 115.107368
v 1.047277 24.392179 123.609116
v 0.605397 22.687468 115.106567
v 0.590558 22.687468 123.608315
v 1.062115 20.982752 115.107368
v 1.047277 20.982752 123.609116
v 2.740689 19.734873 115.110298
v 2.725851 19.734873 123.612045
v 4.014819 19.278040 115.112518
v 3.999980 19.278040 123.614265
v 5.288949 19.734873 115.114746
v 5.274111 19.734873 123.616493
v 6.967409 20.982752 115.117676
v 6.952571 20.982752 123.619423
v 4.014819 26.096895 115.112518
v 3.989058 19.278036 129.872406
v 5.263188 19.734871 129.874634
v 6.941648 20.982750 129.877563
v 1.036354 20.982750 129.867249
v 3.989058 26.096893 129.872406
v 6.941648 24.392178 129.877563
v 7.398480 22.687466 129.878357
v 5.263188 25.640173 129.874634
v 1.036354 24.392178 129.867249
v 2.714928 25.640173 129.870178
v 0.579636 22.687466 129.866455
v 2.714928 19.734871 129.870178
v 6.949592 24.392179 125.326294
v 7.406424 22.687468 125.327087
v 5.271132 25.640175 125.323364
v 3.997001 26.096895 125.321136
v 2.722872 25.640175 125.318916
v 1.044298 24.392179 125.315987
v 0.587579 22.687468 125.315186
v 1.044298 20.982752 125.315987
v 2.722872 19.734873 125.318916
v 3.997001 19.278040 125.321136
v 5.271132 19.734873 125.323364
v 6.949592 20.982752 125.326294
v 5.286376 27.813200 116.588997
v 4.013192 28.092979 116.044708
v 2.738116 27.813200 116.584549
v 2.731253 27.813200 120.516495
v 3.999980 26.096895 123.614265
v 4.005383 28.092979 120.518715
v 5.279513 27.813200 120.520943
v 3.997001 14.583115 125.321136
v 3.989058 14.583113 129.872406
v 2.714815 14.590046 129.870178
v 2.722758 14.590048 125.318916
v 5.271132 14.590048 125.323364
v 5.263188 14.590046 129.874634
v 4.754416 16.899889 168.227310
v 4.899010 16.899895 85.381714
v 4.787529 17.316048 85.381516
v 4.642936 17.316040 168.227112
v 4.482861 17.620714 85.380981
v 4.338267 17.620708 168.226578
v 4.066711 17.732197 85.380257
v 3.922118 17.732189 168.225861
v 3.650563 17.620714 85.379532
v 3.505970 17.620708 168.225128
v 3.345894 17.316048 85.378998
v 3.201301 17.316040 168.224594
v 3.234413 16.899895 85.378807
v 3.089820 16.899889 168.224396
v 3.345894 16.483746 85.378998
v 3.201301 16.483740 168.224594
v 3.650563 16.179077 85.379532
v 3.505970 16.179071 168.225128
v 4.066711 16.067596 85.380257
v 3.922118 16.067591 168.225861
v 4.482861 16.179077 85.380981
v 4.338267 16.179071 168.226578
v 4.787529 16.483746 85.381516
v 4.642936 16.483740 168.227112
v 3.084241 16.899889 171.421082
v 3.195722 16.483740 171.421280
v 3.500390 16.179071 171.421814
v 3.500390 17.620708 171.421814
v 4.748837 16.899889 171.423996
v 4.332688 16.179071 171.423264
v 3.916539 16.067591 171.422546
v 4.637357 16.483740 171.423798
v 4.332688 17.620708 171.423264
v 4.637357 17.316040 171.423798
v 3.916539 17.732189 171.422546
v 3.195722 17.316040 171.421280
v 4.877943 17.451727 168.227524
v 4.872364 17.451727 171.424210
v 5.020209 16.899889 171.424469
v 5.025789 16.899889 168.227783
v 4.473954 17.855717 168.226822
v 4.468374 17.855717 171.423508
v 3.922118 18.003563 168.225861
v 3.916539 18.003563 171.422546
v 3.370284 17.855717 168.224884
v 3.364704 17.855717 171.421570
v 2.966294 17.451727 168.224182
v 2.960715 17.451727 171.420868
v 2.818449 16.899889 168.223923
v 2.812869 16.899889 171.420609
v 2.966294 16.348055 168.224182
v 2.960715 16.348055 171.420868
v 3.370284 15.944065 168.224884
v 3.364704 15.944065 171.421570
v 3.922118 15.796219 168.225861
v 3.916539 15.796219 171.422546
v 4.473954 15.944065 168.226822
v 4.468374 15.944065 171.423508
v 4.877943 16.348055 168.227524
v 4.872364 16.348055 171.424210
v 8.384804 22.663029 170.940552
v 7.786263 24.896738 170.939499
v 7.772892 24.896736 178.599976
v 8.371433 22.663027 178.601028
v 6.151099 26.531904 170.936646
v 6.137729 26.531902 178.597122
v 3.917394 27.130445 170.932755
v 3.904024 27.130442 178.593231
v 1.683690 26.531904 170.928848
v 1.670320 26.531902 178.589325
v 0.048526 24.896738 170.925995
v 0.035156 24.896736 178.586472
v -0.550015 22.663029 170.924957
v -0.563385 22.663027 178.585434
v 0.048526 20.429321 170.925995
v 0.035156 20.429319 178.586472
v 1.683690 18.794155 170.928848
v 1.670320 18.794153 178.589325
v 3.917394 18.195728 170.932755
v 3.904024 18.195612 178.593231
v 6.151099 18.794155 170.936646
v 6.137729 18.794153 178.597122
v 7.786263 20.429321 170.939499
v 7.772892 20.429319 178.599976
v 0.427174 24.678095 170.926651
v 1.902333 26.153255 170.929230
v 3.917394 26.693157 170.932755
v 0.427174 20.647964 170.926651
v 7.407500 20.647964 170.938843
v 7.407500 24.678095 170.938843
v 5.932456 26.153255 170.936264
v 7.947517 22.663029 170.939789
v 3.917394 18.632902 170.932755
v 5.932456 19.172916 170.936264
v 1.902333 19.172916 170.929230
v -0.112729 22.663029 170.925720
v 0.428802 22.663025 194.670654
v 0.890635 20.939447 194.671463
v 2.152378 19.677702 194.673660
v 2.152378 25.648348 194.673660
v 7.323104 22.663025 194.682693
v 5.599528 19.677702 194.679688
v 3.875953 19.215870 194.676682
v 6.861272 20.939447 194.681885
v 5.599528 25.648348 194.679688
v 6.861272 24.386604 194.681885
v 3.875953 26.110182 194.676682
v 0.890635 24.386604 194.671463
v 7.934147 22.663027 178.600266
v 7.394131 24.678093 178.599319
v 7.366059 24.678091 194.682770
v 7.906076 22.663025 194.683716
v 5.919086 26.153254 178.596741
v 5.891015 26.153252 194.680191
v 3.904024 26.693155 178.593231
v 3.875953 26.693153 194.676682
v 1.888963 26.153254 178.589706
v 1.860892 26.153252 194.673157
v 0.413804 24.678093 178.587128
v 0.385733 24.678091 194.670578
v -0.126099 22.663027 178.586197
v -0.154170 22.663025 194.669647
v 0.413804 20.647963 178.587128
v 0.385733 20.647961 194.670578
v 1.888963 19.172915 178.589706
v 1.860892 19.172913 194.673157
v 3.904024 18.632898 178.593231
v 3.875953 18.632896 194.676682
v 5.919086 19.172915 178.596741
v 5.891015 19.172913 194.680191
v 7.394131 20.647963 178.599319
v 7.366059 20.647961 194.682770
v 6.995790 22.663025 202.513046
v 7.892408 22.663025 202.514618
v 7.352392 24.678091 202.513672
v 6.575891 24.229780 202.512314
v 5.877347 26.153252 202.511093
v 5.429038 25.376749 202.510315
v 3.862286 26.693153 202.507584
v 3.862286 25.796535 202.507584
v 1.847224 26.153252 202.504059
v 2.295533 25.376749 202.504837
v 0.372065 24.678091 202.501480
v 1.148566 24.229780 202.502838
v -0.167837 22.663025 202.500549
v 0.728781 22.663025 202.502106
v 0.372065 20.647961 202.501480
v 1.148566 21.096272 202.502838
v 1.847224 19.172913 202.504059
v 2.295533 19.949415 202.504837
v 3.862286 18.632896 202.507584
v 3.862286 19.529516 202.507584
v 5.877347 19.172913 202.511093
v 5.429038 19.949415 202.510315
v 7.352392 20.647961 202.513672
v 6.575891 21.096272 202.512314
v 3.868143 26.693153 199.151794
v 5.883204 26.153252 199.155304
v 1.853081 26.153252 199.148270
v 3.868143 18.632896 199.151794
v 1.853081 19.172913 199.148270
v 5.883204 19.172913 199.155304
v 3.868143 19.215870 199.151794
v 5.591718 19.677702 199.154800
v 2.144567 19.677702 199.148773
v 3.868143 26.110182 199.151794
v 2.144567 25.648348 199.148773
v 5.591718 25.648348 199.154800
v 7.898266 22.663025 199.158829
v 7.358249 24.678091 199.157883
v 0.377922 24.678091 199.145691
v -0.161980 22.663025 199.144760
v 0.377922 20.647961 199.145691
v 7.358249 20.647961 199.157883
v 6.262473 24.048752 202.511765
v 6.268330 24.048752 199.155975
v 6.639705 22.663025 199.156631
v 6.633847 22.663025 202.512421
v 6.268330 21.277300 199.155975
v 6.262473 21.277300 202.511765
v 5.253867 20.262835 199.154205
v 5.248010 20.262835 202.509995
v 3.868143 19.891459 199.151794
v 3.862286 19.891459 202.507584
v 2.482418 20.262835 199.149368
v 2.476561 20.262835 202.505157
v 1.467956 21.277300 199.147598
v 1.462099 21.277300 202.503387
v 1.096581 22.663025 199.146957
v 1.090724 22.663025 202.502747
v 1.467956 24.048752 199.147598
v 1.462099 24.048752 202.503387
v 2.482418 25.063215 199.149368
v 2.476561 25.063215 202.505157
v 3.868143 25.434591 199.151794
v 3.862286 25.434591 202.507584
v 5.253867 25.063215 199.154205
v 5.248010 25.063215 202.509995
v 6.853461 24.386604 199.156998
v 7.315293 22.663025 199.157806
v 6.853461 20.939447 199.156998
v 0.882824 20.939447 199.146576
v 0.420992 22.663025 199.145767
v 0.882824 24.386604 199.146576
v 6.629589 22.663025 204.952271
v 6.991531 22.663025 204.952896
v 6.571632 24.229780 204.952164
v 6.258214 24.048752 204.951614
v 5.424779 25.376749 204.950165
v 5.243752 25.063215 204.949844
v 3.858027 25.796535 204.947433
v 3.858027 25.434591 204.947433
v 2.291275 25.376749 204.944687
v 2.472303 25.063215 204.945007
v 1.144308 24.229780 204.942688
v 1.457840 24.048752 204.943237
v 0.724522 22.663025 204.941956
v 1.086465 22.663025 204.942596
v 1.144308 21.096272 204.942688
v 1.457840 21.277300 204.943237
v 2.291275 19.949415 204.944687
v 2.472303 20.262835 204.945007
v 3.858027 19.529516 204.947433
v 3.858027 19.891459 204.947433
v 5.424779 19.949415 204.950165
v 5.243752 20.262835 204.949844
v 6.571632 21.096272 204.952164
v 6.258214 21.277300 204.951614
v 6.629968 22.663025 204.735229
v 6.629789 22.663025 204.837494
v 6.258415 24.048752 204.836838
v 6.258594 24.048752 204.734573
v 6.258594 21.277300 204.734573
v 6.258415 21.277300 204.836838
v 5.244130 20.262835 204.732803
v 5.243952 20.262835 204.835068
v 3.858406 19.891459 204.730392
v 3.858227 19.891459 204.832657
v 2.472682 20.262835 204.727966
v 2.472503 20.262835 204.830231
v 1.458219 21.277300 204.726196
v 1.458041 21.277300 204.828461
v 1.086844 22.663025 204.725555
v 1.086666 22.663025 204.827820
v 1.458219 24.048752 204.726196
v 1.458041 24.048752 204.828461
v 2.472682 25.063215 204.727966
v 2.472503 25.063215 204.830231
v 3.858406 25.434591 204.730392
v 3.858227 25.434591 204.832657
v 5.244130 25.063215 204.732803
v 5.243952 25.063215 204.835068
v -0.807623 43.328819 11.981220
v -0.805915 43.066540 11.002556
v -0.804665 42.350155 10.286167
v -0.805915 39.676544 11.002556
v -0.804207 41.371597 10.024000
v -0.804665 40.392933 10.286167
v -0.810972 41.227844 13.899915
v -0.809331 39.676544 12.959772
v -0.807623 39.414379 11.981220
v -0.810582 40.392933 13.676157
v -0.810582 42.350155 13.676157
v -0.811039 41.371597 13.938438
v -0.809331 43.066540 12.959772
v 1.326756 42.350155 13.679887
v 1.326298 41.371597 13.942168
v 1.328007 43.066540 12.963502
v 1.329715 43.328819 11.984951
v 1.331423 43.066540 11.006287
v 1.332673 42.350155 10.289898
v 1.333131 41.371597 10.027731
v 1.332673 40.392933 10.289898
v 1.331423 39.676544 11.006287
v 1.329715 39.414379 11.984951
v 1.328007 39.676544 12.963502
v 1.326756 40.392933 13.679887
v 1.326366 41.227844 13.903645
v 4.191386 41.371597 13.947169
v 4.198218 41.371597 10.032730
v 4.191844 40.392933 13.684888
v 4.191453 41.227844 13.908646
v 4.197761 40.392933 10.294897
v 4.196510 39.676544 11.011286
v 4.194802 39.414379 11.989950
v 4.193094 39.676544 12.968503
v 9.198936 39.676544 11.020018
v 9.200186 40.392933 10.303629
v 9.200644 41.371597 10.041462
v 9.197227 43.328819 11.998682
v 9.200186 42.350155 10.303629
v 9.198936 43.066540 11.020018
v 9.193878 41.227844 13.917377
v 9.194269 42.350155 13.693619
v 9.195519 43.066540 12.977234
v 9.193811 41.371597 13.955900
v 9.195519 39.676544 12.977234
v 9.194269 40.392933 13.693619
v 9.197227 39.414379 11.998682
v 7.056931 42.350155 13.689888
v 7.056473 41.371597 13.952169
v 7.058182 43.066540 12.973503
v 7.059889 43.328819 11.994951
v 7.061597 43.066540 11.016287
v 7.062847 42.350155 10.299898
v 7.063305 41.371597 10.037731
v 7.062847 40.392933 10.299898
v 7.061597 39.676544 11.016287
v 7.059889 39.414379 11.994951
v 7.058182 39.676544 12.973503
v 7.056931 40.392933 13.689888
v 7.056540 41.227844 13.913646
v 7.334183 22.626780 156.560974
v 6.879737 24.322630 156.560181
v 6.872561 24.322630 160.671661
v 7.327007 22.626780 160.672455
v 5.638335 25.564144 156.558014
v 5.631160 25.564144 160.669495
v 3.935312 26.018478 160.666534
v 3.942488 26.018478 156.555054
v 3.094507 25.791311 156.553574
v 3.087332 25.791311 160.665054
v 2.239465 25.564144 160.663574
v 2.246641 25.564144 156.552094
v 1.005239 24.322630 156.549927
v 0.998063 24.322630 160.661407
v 0.550794 22.626780 156.549133
v 0.543618 22.626780 160.660614
v 1.005239 20.930929 156.549927
v 0.998063 20.930929 160.661407
v 2.246641 19.689526 156.552094
v 2.239465 19.689526 160.663574
v 5.631160 19.689526 160.669495
v 5.638335 19.689526 156.558014
v 6.879737 20.930929 156.560181
v 6.872561 20.930929 160.671661
v 4.790355 19.462246 156.556534
v 3.094507 19.462246 156.553574
v 3.942488 19.235079 156.555054
v 0.980147 24.322630 170.926498
v 0.525702 22.626780 170.925705
v 0.980147 20.930929 170.926498
v 3.069416 25.791311 170.930145
v 6.854645 24.322630 170.936752
v 4.765263 19.462246 170.933105
v 2.221549 19.689526 170.928665
v 3.069416 19.462246 170.930145
v 6.854645 20.930929 170.936752
v 5.613243 19.689526 170.934586
v 7.309091 22.626780 170.937546
v 4.765263 25.791311 170.933105
v 5.613243 25.564144 170.934586
v 3.917396 26.018478 170.931625
v 2.221549 25.564144 170.928665
v 6.869983 24.322630 162.148987
v 7.324429 22.626780 162.149780
v 5.628581 25.564144 162.146820
v 3.927997 39.865170 164.857574
v 3.926470 39.865170 165.732605
v 4.774337 39.860741 165.734085
v 4.775864 39.860741 164.859055
v 2.229411 44.102348 166.359207
v 2.227883 44.102348 167.234222
v 2.671192 44.102348 167.234985
v 2.672719 44.102348 166.359970
v 0.995485 24.322630 162.138733
v 2.236887 25.564144 162.140900
v 0.541039 22.626780 162.137939
v 0.995485 20.930929 162.138733
v 2.236887 19.689526 162.140900
v 3.935312 19.235079 160.666534
v 3.932734 19.235079 162.143860
v 3.084753 19.462246 162.142380
v 3.087332 19.462246 160.665054
v 5.628581 19.689526 162.146820
v 4.780601 19.462246 162.145340
v 4.783179 19.462246 160.668015
v 6.869983 20.930929 162.148987
v 4.765263 28.224913 170.933105
v 3.917396 28.411509 170.931625
v 5.616092 28.038315 169.302719
v 5.613243 28.038315 170.934586
v 5.616322 25.564144 169.170898
v 5.629827 28.038315 161.433151
v 4.783179 25.791311 160.668015
v 4.781846 28.224913 161.431671
v 3.085999 28.224913 161.428711
v 3.933979 28.411509 161.430191
v 2.238132 28.038315 161.427231
v 2.235744 28.038315 162.795471
v 2.221549 28.038315 170.928665
v 3.069416 28.224913 170.930145
v 5.613243 32.795738 170.934586
v 4.765263 32.904148 170.933105
v 4.779280 32.904263 162.902176
v 3.931413 33.012676 162.900696
v 2.235566 32.795738 162.897736
v 3.083432 32.904263 162.899216
v 2.223957 32.795738 169.549072
v 2.224397 28.038315 169.296799
v 2.221549 32.795738 170.928665
v 3.069416 32.904148 170.930145
v 3.917396 33.012676 170.931625
v 5.613243 39.856308 170.934586
v 4.765263 39.860741 170.933105
v 2.232150 39.856308 164.854614
v 3.080017 39.860741 164.856094
v 2.223370 39.856308 169.885452
v 2.221549 39.856308 170.928665
v 3.917396 39.865170 170.931625
v 3.069416 39.860741 170.930145
v 6.857723 24.322630 169.173065
v 7.312169 22.626780 169.173859
v 3.922751 39.865170 167.863358
v 4.770618 39.860741 167.864838
v 2.226063 44.102348 168.277435
v 2.669371 44.102348 168.278198
v 0.983226 24.322630 169.162811
v 2.224627 25.564144 169.164978
v 0.528780 22.626780 169.162018
v 0.983226 20.930929 169.162811
v 2.224627 19.689526 169.164978
v 3.920474 19.235079 169.167938
v 3.072494 19.462246 169.166458
v 5.616322 19.689526 169.170898
v 4.768341 19.462246 169.169418
v 6.857723 20.930929 169.173065
v 5.627439 28.038315 162.801392
v 2.233549 32.795738 164.053452
v 5.622317 39.856308 165.735565
v 5.618599 39.856308 167.866318
v 5.620326 32.795738 166.876511
v 5.625243 32.795738 164.059372
v 2.230623 39.856308 165.729645
v 2.226904 39.856308 167.860397
v 2.228632 32.795738 166.870590
v 3.919217 39.865170 169.888412
v 4.767083 39.860741 169.889893
v 2.223897 44.102348 169.518402
v 2.222076 44.102348 170.561615
v 2.665385 44.102348 170.562378
v 2.667206 44.102348 169.519165
v 3.917396 19.235079 170.931625
v 5.615651 32.795738 169.554993
v 5.615064 39.856308 169.891373
v 3.078490 39.860741 165.731125
v 3.071236 39.860741 169.886932
v 3.074771 39.860741 167.861877
v 4.790355 25.791311 156.556534
v 5.627260 32.795738 162.903656
v 5.623844 39.856308 164.860535
v 5.172971 44.102348 168.282578
v 5.170805 44.102348 169.523544
v 5.615818 44.102348 169.524323
v 5.617984 44.102348 168.283356
v 5.168983 44.102348 170.566757
v 5.613997 44.102348 170.567535
v 1.445713 40.900658 165.728271
v 1.447240 40.900658 164.853241
v 1.441994 40.900658 167.859024
v 1.436639 40.900658 170.927292
v 1.438459 40.900658 169.884079
v 2.303710 40.902931 170.928802
v 2.305531 40.902931 169.885590
v 2.309066 40.902931 167.860535
v 2.314312 40.902931 164.854752
v 2.312784 40.902931 165.729782
v 6.402701 40.900658 169.892746
v 6.400881 40.900658 170.935959
v 6.406237 40.900658 167.867691
v 6.411482 40.900658 164.861908
v 6.409955 40.900658 165.736938
v 5.544410 40.902931 164.860397
v 5.542883 40.902931 165.735428
v 5.539165 40.902931 167.866180
v 5.533809 40.902931 170.934448
v 5.535629 40.902931 169.891235
v 1.445927 43.023678 165.605545
v 1.092714 41.945007 165.095810
v 1.091502 41.945007 165.790146
v 1.444400 43.023678 166.480576
v 1.087892 41.945007 167.858398
v 1.441631 43.023678 168.066986
v 1.436960 43.023678 170.743195
v 1.438781 43.023678 169.699982
v 1.084459 41.945007 169.825500
v 1.082692 41.945007 170.838028
v 1.818850 41.945122 170.839325
v 2.082661 43.023796 170.744324
v 1.820618 41.945122 169.826797
v 2.084482 43.023796 169.701111
v 2.087332 43.023796 168.068115
v 1.824051 41.945122 167.859695
v 2.091628 43.023678 165.606674
v 2.090101 43.023678 166.481705
v 1.827661 41.945122 165.791443
v 1.828872 41.945122 165.097107
v 6.401202 43.023678 170.751862
v 6.757751 41.945007 170.847946
v 6.759518 41.945007 169.835419
v 6.403023 43.023678 169.708649
v 6.405873 43.023678 168.075653
v 6.762952 41.945007 167.868317
v 6.410170 43.023678 165.614212
v 6.408642 43.023678 166.489243
v 6.766562 41.945007 165.800064
v 6.767773 41.945007 165.105728
v 6.031614 41.945122 165.104431
v 5.763445 43.023796 165.613083
v 6.030403 41.945122 165.798767
v 5.761918 43.023796 166.488113
v 6.026793 41.945122 167.867020
v 5.759149 43.023796 168.074524
v 5.754478 43.023796 170.750732
v 5.756299 43.023796 169.707520
v 6.023359 41.945122 169.834122
v 6.021592 41.945122 170.846649
v 5.619804 44.102348 167.240143
v 5.621332 44.102348 166.365128
v 5.176318 44.102348 166.364349
v 5.174791 44.102348 167.239365
v 2.246641 17.841511 156.552094
v 3.094507 17.694803 156.553574
v 4.790355 17.694803 156.556534
v 3.942488 17.548092 156.555054
v 5.638335 17.841511 156.558014
v 5.631160 17.841511 160.669495
v 4.783179 17.694803 160.668015
v 3.087332 17.694803 160.665054
v 3.935312 17.548092 160.666534
v 2.239465 17.841511 160.663574
v 3.094507 15.596212 156.553574
v 3.942488 15.545074 156.555054
v 4.783179 15.596212 160.668015
v 3.935312 15.545074 160.666534
v 3.094507 14.559361 156.553574
v 3.942488 14.555384 156.555054
v 4.790355 15.596212 156.556534
v 5.638335 15.647350 156.558014
v 5.638335 14.563223 156.558014
v 4.790355 14.559361 156.556534
v 5.631160 15.647350 160.669495
v 5.631160 14.563223 160.669495
v 4.783179 14.559361 160.668015
v 3.935312 14.555384 160.666534
v 3.087332 15.596212 160.665054
v 2.239465 15.647350 160.663574
v 2.239465 14.563223 160.663574
v 3.087332 14.559361 160.665054
v 2.246641 15.647350 156.552094
v 2.246641 14.563223 156.552094
v 4.346409 39.697781 167.273163
v 3.501156 39.697781 167.271683
v 3.501156 42.436275 167.271683
v 4.346409 42.436275 167.273163
v 3.498084 39.697781 169.031952
v 4.343337 39.697781 169.033432
v 4.343337 42.436275 169.033432
v 3.498084 42.436275 169.031952
v 4.192869 43.496422 167.475159
v 3.653989 43.496422 167.474228
v 3.651621 43.496422 168.831085
v 4.190501 43.496422 168.832016
v 3.653989 42.436275 167.474228
v 4.192869 42.436275 167.475159
v 3.651621 42.436275 168.831085
v 4.190501 42.436275 168.832016
v 1.980307 36.048004 167.794037
v 2.015535 37.012577 167.794098
v 2.016603 36.883255 167.312271
v 2.017220 36.530064 166.958862
v 2.017447 36.047661 166.829315
v 2.017107 35.565147 166.958862
v 2.016263 35.211952 167.312256
v 2.015194 35.082748 167.794098
v 2.014124 35.211952 168.277054
v 2.013394 35.565147 168.630478
v 2.013281 36.047661 168.760040
v 2.013621 36.530064 168.630478
v 2.014465 36.883255 168.277054
v 2.108716 37.698849 167.796539
v 2.110499 37.477482 166.970383
v 2.111668 36.872692 166.365814
v 2.112052 36.046638 166.145355
v 2.111327 35.220592 166.365814
v 2.109931 34.615799 166.970383
v 2.108148 34.394539 167.796539
v 2.106365 34.615799 168.622696
v 2.105081 35.220592 169.228394
v 2.104810 36.046638 169.448868
v 2.105422 36.872692 169.228394
v 2.106933 37.477482 168.622696
v 2.244035 37.716579 166.835373
v 2.242010 37.975109 167.800171
v 2.245493 37.010193 166.129669
v 2.245832 36.045273 165.870575
v 2.245152 35.080357 166.129669
v 2.243466 34.373970 166.835373
v 2.241328 34.115440 167.800171
v 2.239190 34.373970 168.764969
v 2.237842 35.080357 169.471817
v 2.237505 36.045273 169.729767
v 2.238183 37.010193 169.471817
v 2.239871 37.716579 168.764969
v 4.453832 26.407494 -136.423218
v 4.514048 27.169794 -170.924271
v 1.569567 26.103851 -170.562347
v 1.694923 25.089725 -136.124619
v -0.319455 21.001070 -135.673569
v -0.898648 22.393848 -171.828079
v -2.396535 15.960800 -173.067078
v -1.101807 16.067957 -135.252197
v -2.289069 8.753521 -172.589615
v -0.989916 10.801085 -135.096313
v -1.872960 -0.531209 -172.957062
v -0.636127 4.594068 -135.437744
v -0.857563 -7.116761 -172.904160
v 0.146234 0.521549 -135.212509
v 1.764031 -2.033874 -135.156281
v 1.465783 -11.143026 -172.953522
v 4.516843 -12.883196 -172.525452
v 4.450934 -3.284709 -134.762939
v 4.433264 26.211123 -124.638763
v 1.808281 24.876762 -124.308121
v -0.029433 21.136869 -124.090866
v 4.424191 25.654058 -119.439743
v 2.171332 24.802212 -119.473221
v -0.709544 16.712523 -123.519287
v -0.111956 21.070728 -119.521515
v -0.677260 12.890127 -123.655609
v -0.834627 17.096054 -119.697800
v -0.361120 7.004142 -124.172134
v -0.793495 13.407415 -119.498856
v 0.345854 3.013788 -124.052704
v 1.896126 0.597915 -123.982956
v 4.431039 -0.393481 -123.363724
v -0.397552 7.996334 -119.641357
v 0.314688 4.061548 -119.934433
v 1.781784 1.735792 -119.739822
v 4.423965 0.606665 -119.310181
v 4.416677 24.201851 -115.135056
v 1.861728 23.289207 -115.017944
v -0.211904 20.384798 -115.451111
v -1.029294 17.023554 -115.529816
v -1.128448 13.953341 -115.495895
v -0.587373 8.573284 -115.384720
v 0.169459 4.968623 -115.052704
v 1.816843 2.771393 -114.889603
v 4.416334 1.676357 -114.938461
v -0.394356 20.611963 -107.994125
v 1.471456 22.687258 -108.033035
v 4.404413 23.386255 -108.108490
v 1.526850 23.555807 -101.551468
v 4.393700 23.868204 -101.970123
v -0.390006 22.423386 -100.850006
v -1.267003 17.556753 -107.992020
v -1.458503 14.576771 -107.982697
v -1.051356 10.090036 -107.772415
v -0.314889 6.524466 -107.491821
v 1.318674 4.569290 -107.418747
v 0.818525 6.044337 -100.050385
v -0.601917 7.587455 -100.345612
v -1.271350 11.567354 -100.683151
v -1.493585 15.228497 -100.838989
v -1.422349 18.908613 -100.830002
v -1.493010 21.578472 -89.318489
v -1.142884 24.747890 -89.384132
v 4.555531 -12.881035 -194.692032
v 1.373810 -11.230074 -194.808960
v 1.125959 -11.387011 -195.263947
v 4.556572 -13.421394 -195.288651
v -1.125633 -6.294800 -194.786041
v -1.275179 -6.339005 -195.309052
v -2.099025 -0.198241 -194.684341
v -2.104267 0.051995 -195.066162
v -2.560388 8.326122 -194.432846
v -2.649453 8.363056 -194.775070
v -2.570798 15.105091 -194.132874
v -2.626615 15.190434 -194.512527
v -0.642296 23.404903 -193.888580
v -0.832062 23.577749 -194.417343
v 2.345587 27.058655 -193.790176
v 2.198394 27.586967 -194.359787
v 4.554001 27.671743 -193.815872
v 4.554818 28.230854 -194.284073
v -2.197081 0.274615 -197.883469
v -2.642721 8.523855 -197.525146
v -2.621129 15.364191 -197.264877
v -1.332219 -6.210367 -197.983124
v -0.826290 23.564793 -197.073090
v -1.065082 15.357712 -197.379211
v -1.268723 8.356239 -197.640930
v -1.303961 0.269728 -197.830780
v 1.046247 -11.444738 -197.969864
v 2.238555 27.613901 -196.990479
v 1.991947 8.559540 -197.636383
v 1.599788 0.264955 -197.774582
v 2.079956 15.356009 -197.405533
v 4.561153 -13.477419 -197.913727
v 4.560842 0.261773 -197.735306
v 4.560656 8.539879 -197.628479
v 4.559525 28.272444 -196.980743
v 4.560265 15.355782 -197.404617
v -1.491875 17.125034 -89.252701
v 1.503842 25.581100 -89.410194
v 4.371647 25.532803 -89.334618
v -0.188189 8.171791 -89.060638
v -1.228047 10.273905 -89.097000
v 4.391746 5.021804 -100.850647
v 4.371094 7.734845 -89.018021
v -1.408616 13.644579 -89.164818
v 4.550749 -13.712767 -191.952179
v 1.174716 -11.924072 -191.751251
v 1.506370 -12.672846 -181.298050
v 4.532733 -14.429380 -181.630264
v 1.086425 -12.485682 -186.611465
v 4.541899 -14.491314 -186.881561
v -1.019966 -8.027244 -180.971756
v -1.276020 -6.699018 -191.506653
v -1.342669 -7.153124 -186.525925
v -2.105698 -0.581549 -191.251282
v -1.972920 -2.040234 -180.794998
v -2.096018 -1.014632 -186.249969
v -2.416473 6.908916 -180.656006
v -2.533499 7.677125 -191.087250
v -2.496557 7.542006 -186.143829
v -2.516167 14.262903 -180.638000
v -2.575583 14.734852 -190.805481
v -2.561343 14.296881 -185.616669
v -1.192939 21.902582 -180.248184
v -0.890126 22.848408 -190.904831
v -0.950948 22.642036 -185.746811
v 2.013524 26.833534 -191.116806
v 1.636697 26.382042 -179.985260
v 1.674752 26.514206 -185.316071
v 4.539681 27.494350 -185.611069
v 4.549467 27.618219 -191.218063
v 4.529463 27.355030 -179.756363
v 4.403556 3.454935 -107.617218
v 7.211682 25.089725 -136.114990
v 7.457247 26.103851 -170.552078
v 9.224473 21.001070 -135.656921
v 9.929865 22.393848 -171.809174
v 10.005350 16.067957 -135.232803
v 11.432069 15.960800 -173.042953
v 9.892916 10.801085 -135.077316
v 11.322936 8.753521 -172.565857
v 9.540320 4.594068 -135.419983
v 10.908112 -0.531209 -172.934753
v 8.757178 0.521549 -135.197479
v 9.892537 -7.116761 -172.885406
v 7.139194 -2.033874 -135.146896
v 7.569378 -11.143026 -172.942856
v 7.057077 24.876762 -124.298950
v 8.894022 21.136869 -124.075287
v 6.677152 24.802212 -119.465363
v 9.572133 16.712523 -123.501343
v 8.960594 21.070728 -119.505692
v 9.540325 12.890127 -123.637772
v 9.683875 17.096054 -119.679443
v 9.225990 7.004142 -124.155396
v 9.642050 13.407415 -119.480652
v 8.518603 3.013788 -124.038437
v 6.968098 0.597915 -123.974091
v 9.246606 7.996334 -119.624527
v 8.535394 4.061548 -119.920074
v 7.067627 1.735792 -119.730591
v 6.971202 23.289207 -115.009018
v 9.046333 20.384798 -115.434952
v 9.863994 17.023554 -115.510803
v 9.963027 13.953341 -115.476532
v 9.421569 8.573284 -115.367249
v 8.663582 4.968623 -115.037888
v 7.015638 2.771393 -114.880524
v 7.337090 22.687258 -108.022797
v 9.202755 20.611963 -107.977386
v 7.259070 23.555807 -101.541473
v 9.173467 22.423386 -100.833313
v 10.075388 17.556753 -107.972229
v 10.266855 14.576771 -107.962234
v 9.858976 10.090036 -107.753372
v 9.121535 6.524466 -107.475357
v 7.487726 4.569290 -107.407990
v 9.383615 7.587455 -100.328171
v 7.962152 6.044337 -100.037918
v 10.054223 11.567354 -100.663391
v 10.277000 15.228497 -100.818436
v 10.205732 18.908613 -100.809708
v 9.886316 24.747890 -89.364883
v 10.236212 21.578472 -89.298019
v 7.987077 -11.387011 -195.251968
v 7.737639 -11.230074 -194.797867
v 10.388357 -6.339005 -195.288681
v 10.236987 -6.294800 -194.766220
v 11.216594 0.051995 -195.042923
v 11.210019 -0.198241 -194.661102
v 11.760759 8.363056 -194.749908
v 11.670501 8.326122 -194.408020
v 11.737003 15.190434 -194.487457
v 11.679864 15.105091 -194.108002
v 9.942131 23.577749 -194.398529
v 9.750521 23.404903 -193.870438
v 6.911492 27.586967 -194.351562
v 6.762313 27.058655 -193.782471
v 11.319242 0.274615 -197.859879
v 11.763628 8.523855 -197.500015
v 11.741128 15.364191 -197.239807
v 10.454732 -6.210367 -197.962540
v 10.185489 15.357712 -197.359573
v 9.945629 23.564793 -197.054291
v 10.425941 0.269728 -197.810318
v 10.390041 8.356239 -197.620590
v 8.076235 -11.444738 -197.957581
v 6.880515 27.613901 -196.982376
v 7.522015 0.264955 -197.764252
v 7.129376 8.559540 -197.627426
v 7.040562 15.356009 -197.396881
v 10.234845 17.125034 -89.232231
v 7.239698 25.581100 -89.400185
v 9.970477 10.273905 -89.077454
v 8.930498 8.171791 -89.044724
v 10.151283 13.644579 -89.144646
v 7.926059 -11.924072 -191.739456
v 7.557919 -12.672846 -181.287476
v 7.996408 -12.485682 -186.599396
v 10.083100 -8.027244 -180.952377
v 10.375927 -6.699018 -191.486313
v 10.425189 -7.153124 -186.505386
v 11.204708 -0.581549 -191.228043
v 11.035431 -2.040234 -180.772293
v 11.177569 -1.014632 -186.226791
v 11.478496 6.908916 -180.631760
v 11.631933 7.677125 -191.062515
v 11.577736 7.542006 -186.119278
v 11.578127 14.262903 -180.613403
v 11.673033 14.734852 -190.780624
v 11.640681 14.296881 -185.591873
v 10.253548 21.902582 -180.228210
v 9.987932 22.848408 -190.885834
v 10.030751 22.642036 -185.727646
v 7.085042 26.833534 -191.107956
v 7.423010 26.382042 -179.975159
v 7.403563 26.514206 -185.306076
v -2.312983 12.168047 20.166821
v -2.312983 25.931442 20.166821
v -2.120978 26.106684 -89.843468
v -2.120978 7.334719 -89.843468
v 4.372515 7.334719 -89.832138
v 4.180511 12.168047 20.178152
v 4.180511 25.931442 20.178154
v 4.372515 26.106684 -89.832138
v 10.866008 26.106684 -89.820801
v 10.674004 25.931442 20.189487
v 10.674004 12.168047 20.189486
v 10.866008 7.334719 -89.820801
v 10.735107 27.948780 16.302872
v 10.634083 28.539707 16.302242
v 10.632999 28.460501 16.597702
v 10.632395 28.244131 16.814072
v 10.632369 27.948551 16.893280
v 10.632962 27.653090 16.814074
v 10.633907 27.436718 16.597818
v 10.635106 27.357510 16.302242
v 10.636189 27.436718 16.006666
v 10.636795 27.653090 15.790297
v 10.636818 27.948551 15.711089
v 10.636340 28.244131 15.790296
v 10.635281 28.460501 16.006664
v 10.359304 28.971766 16.300283
v 10.357388 28.834604 16.812229
v 10.356393 28.459932 17.187012
v 10.356266 27.947983 17.324177
v 10.357302 27.436037 17.187016
v 10.358978 27.061365 16.812233
v 10.361123 26.924200 16.300285
v 10.362925 27.061365 15.788455
v 10.364034 27.436037 15.413671
v 10.364046 27.947983 15.276507
v 10.363125 28.459932 15.413670
v 10.361334 28.834604 15.788452
v 9.984182 29.129385 16.297810
v 9.982129 28.970970 16.888849
v 9.980804 28.538229 17.321590
v 9.980755 27.947187 17.480003
v 9.981941 27.356033 17.321590
v 9.983947 26.923292 16.888851
v 9.986341 26.764990 16.297813
v 9.988396 26.923292 15.706661
v 9.989720 27.356033 15.273923
v 9.989769 27.947187 15.115623
v 9.988584 28.538229 15.273921
v 9.986578 28.970970 15.706658
v -2.360506 27.948780 16.272400
v -2.259481 28.539707 16.273033
v -2.258397 28.460501 15.977570
v -2.257792 28.244131 15.761199
v -2.257767 27.948551 15.681993
v -2.258360 27.653090 15.761198
v -2.259306 27.436718 15.977568
v -2.260504 27.357510 16.273029
v -2.261588 27.436718 16.568607
v -2.262193 27.653090 16.784977
v -2.262217 27.948551 16.864183
v -2.261738 28.244131 16.784977
v -2.260678 28.460501 16.568609
v -1.984702 28.971766 16.274990
v -1.982786 28.834604 15.763044
v -1.981791 28.459932 15.388260
v -1.981665 27.947983 15.251097
v -1.982700 27.436037 15.388258
v -1.984377 27.061365 15.763041
v -1.986521 26.924200 16.274986
v -1.988323 27.061365 16.786819
v -1.989431 27.436037 17.161602
v -1.989444 27.947983 17.298765
v -1.988523 28.459932 17.161604
v -1.986732 28.834604 16.786821
v -1.609581 29.129385 16.277576
v -1.607526 28.970970 15.686422
v -1.606203 28.538229 15.253684
v -1.606154 27.947187 15.095384
v -1.607339 27.356033 15.253682
v -1.609344 26.923292 15.686419
v -1.611740 26.764990 16.277573
v -1.613794 26.923292 16.868610
v -1.615117 27.356033 17.301350
v -1.615167 27.947187 17.459764
v -1.613981 28.538229 17.301353
v -1.611976 28.970970 16.868614
v -2.864290 39.770863 35.750702
v -2.803267 40.380657 35.751373
v -2.802393 40.298954 35.446365
v -2.801777 40.075645 35.223179
v -2.801748 39.770638 35.141472
v -2.802118 39.465744 35.223179
v -2.802962 39.242439 35.446365
v -2.803835 39.160732 35.751373
v -2.804708 39.242439 36.056381
v -2.805211 39.465744 36.279572
v -2.805354 39.770638 36.361279
v -2.804984 40.075645 36.279572
v -2.804140 40.298954 36.056385
v -2.637014 40.826469 35.753143
v -2.635524 40.684986 35.224945
v -2.634622 40.298267 34.838230
v -2.634488 39.770069 34.696632
v -2.635190 39.241871 34.838230
v -2.636547 38.855156 35.224831
v -2.638151 38.713562 35.753143
v -2.639641 38.855156 36.281338
v -2.640543 39.241871 36.668053
v -2.640676 39.770069 36.809536
v -2.639975 40.298267 36.668053
v -2.638618 40.684986 36.281342
v -2.410193 40.989086 35.755470
v -2.408560 40.825672 35.145565
v -2.407439 40.379181 34.699078
v -2.407268 39.769161 34.535549
v -2.408121 39.159252 34.699074
v -2.409583 38.712765 35.145565
v -2.411556 38.549351 35.755466
v -2.413189 38.712765 36.365372
v -2.414310 39.159252 36.811974
v -2.414481 39.769161 36.975391
v -2.413627 40.379181 36.811974
v -2.412053 40.825672 36.365490
v 10.516451 25.226770 -89.170029
v 10.506090 25.226770 -83.233833
v 10.518261 25.081993 -83.369598
v 10.528675 25.081993 -89.336716
v -1.795751 25.081993 -83.391090
v -1.784056 25.226770 -83.255287
v -1.773696 25.226770 -89.191483
v -1.785337 25.081993 -89.358208
v 3.010979 25.081879 -83.378510
v 3.045861 25.090176 -89.691048
v 5.698669 25.090176 -89.686417
v 5.711516 25.081879 -83.373795
v 5.600118 25.160055 11.249878
v 5.592500 27.637178 11.187248
v 2.799801 27.637178 11.182373
v 2.792078 25.160055 11.244976
v 5.019722 36.873508 -78.192093
v 5.136477 35.291756 -79.912064
v 3.506655 35.291756 -79.914909
v 3.617293 36.873508 -78.194542
v 8.326924 33.105545 -80.497429
v 8.319741 33.105545 -76.381378
v 9.088972 31.158775 -77.553604
v 9.097738 31.158775 -82.576378
v 5.270662 31.128086 11.126797
v 5.096112 33.101784 11.126493
v 3.296512 33.101784 11.123352
v 3.121961 31.128086 11.123047
v 3.051483 30.044195 -85.489853
v 3.361761 31.156960 -84.145752
v 5.296025 31.156960 -84.142372
v 5.677927 30.044195 -85.485268
v 10.450894 30.046127 -78.955482
v 10.459443 30.046129 -83.917564
v 5.587604 30.014414 11.127350
v 2.805019 30.014414 11.122494
v 5.687307 27.618324 -87.539085
v 5.695944 25.234612 -89.557098
v 3.048135 25.234612 -89.561722
v 3.049727 27.618324 -87.543686
v 5.135798 33.103725 -82.062134
v 3.514840 33.103725 -82.064964
v 7.786625 36.608955 -76.625160
v 7.780327 36.608955 -73.016541
v 8.339081 35.293346 -74.765732
v 8.345332 35.293346 -78.347778
v 4.973495 36.829407 11.126280
v 4.717010 38.323437 11.125834
v 3.675500 38.323437 11.124016
v 3.419129 36.829407 11.123568
v 10.488271 27.615257 -86.566925
v 10.067669 27.618324 -87.531441
v 10.039764 30.044195 -85.477661
v -1.349158 25.234612 -89.569397
v -1.359956 25.090176 -89.698738
v -1.692519 30.046129 -83.938774
v -0.378006 31.158775 -82.592918
v 0.149391 31.156960 -84.151360
v -1.267739 30.044195 -85.497391
v 0.385546 33.105545 -80.511169
v 0.822826 33.103725 -82.069664
v 0.359634 35.293346 -78.361717
v 0.912325 36.608955 -76.637161
v 1.288244 36.604069 -78.198608
v 0.799868 35.291756 -79.919632
v 4.786176 38.047867 -76.229706
v 3.843988 38.047867 -76.231346
v 3.811196 38.401627 -74.567383
v 4.880547 38.401627 -74.565514
v 7.348884 36.604069 -78.188026
v 6.350883 37.519440 -76.226974
v 6.656624 37.873199 -74.562416
v 7.827812 33.103725 -82.057434
v 7.843151 35.291756 -79.907341
v 8.508396 31.156960 -84.136765
v 10.104486 25.090176 -89.678726
v 1.027390 25.090176 -89.694572
v 0.956371 25.081879 -83.382095
v 3.291739 35.344017 11.123344
v 5.100884 35.621414 11.126501
v 4.797967 38.426167 -27.250771
v 4.799653 39.113235 -28.216820
v 3.730302 39.113235 -28.218685
v 3.728616 38.426167 -27.252636
v -0.474560 31.158772 -27.271339
v 0.292622 33.105537 -27.270000
v 0.294289 33.105537 -28.225254
v -0.472893 31.158772 -28.226707
v -1.791376 28.204815 -27.297958
v -1.789709 28.204815 -28.253212
v 1.952539 37.897739 -27.255737
v 1.954225 38.584808 -28.221786
v 0.827828 37.320560 -28.223980
v 0.826142 36.633495 -27.257927
v 0.270443 35.317886 -27.259125
v 0.272129 36.004951 -28.225178
v 7.633710 36.608948 10.988985
v 7.554937 36.559971 11.130672
v 8.105635 35.621414 11.131744
v 8.189431 35.640163 10.976887
v 4.731213 38.401615 10.996649
v 3.661862 38.401615 10.994781
v 1.945902 37.795010 11.120882
v 1.885785 37.873077 10.991570
v 0.759409 36.608948 10.976988
v 0.837687 36.559853 11.118948
v 5.548034 25.081984 10.294413
v 2.847497 25.081984 10.289698
v 8.934476 31.158768 10.965801
v 8.839067 31.128086 11.133026
v 10.208654 30.014414 11.135416
v 10.293852 30.046120 10.958740
v 8.167286 33.105534 10.968895
v 8.084952 33.101784 11.131710
v 10.478753 27.615257 -81.113457
v 0.410013 27.618090 -28.246983
v 0.552516 27.450928 -28.245827
v 0.550848 27.450928 -27.290455
v 0.408346 27.618090 -27.291729
v 10.093236 25.234612 -89.549423
v -1.733465 27.615257 -86.588257
v -1.309497 27.618324 -87.551300
v 10.470880 25.081989 -56.222290
v 10.458943 25.226767 -56.220718
v 10.456876 25.226767 -55.035690
v 10.468809 25.081989 -55.035782
v -1.831203 25.226767 -56.242172
v -1.843132 25.081989 -56.243782
v -1.845203 25.081989 -55.057274
v -1.833271 25.226767 -55.057144
v 5.664144 25.081875 -56.231598
v 5.662072 25.081875 -55.044403
v 2.961535 25.081875 -55.049118
v 2.963607 25.081875 -56.236313
v 8.284425 33.098156 -56.146561
v 8.282486 33.112019 -55.035851
v 9.049669 31.165371 -55.034843
v 9.051621 31.151505 -56.153526
v 10.409031 30.046127 -55.033844
v 10.411012 30.046127 -56.168419
v 6.622540 37.887062 -55.033859
v 7.748940 36.622593 -55.032913
v 7.750826 37.071583 -56.113403
v 6.624387 38.335827 -56.092072
v 8.304641 35.306751 -55.033081
v 8.306567 35.755974 -56.136749
v 4.848310 38.864254 -56.095169
v 4.850110 38.415718 -57.126564
v 3.780759 38.415718 -57.128433
v 3.778959 38.864254 -56.097038
v -0.422427 31.166275 -57.141457
v -0.424123 31.151505 -56.170067
v 0.343045 33.098156 -56.160423
v 0.344754 33.112930 -57.139206
v -1.740951 30.046127 -56.189629
v -1.739284 30.046127 -57.144897
v 2.004683 37.887291 -57.131531
v 0.878289 36.623272 -57.136230
v 0.876525 37.071583 -56.125404
v 2.002882 38.335716 -56.100136
v -1.841549 25.081989 -57.151085
v 0.910581 25.081875 -57.146400
v 0.908999 25.081875 -56.239899
v 0.322595 35.308002 -57.140045
v 0.320869 35.755974 -56.150688
v 10.435262 27.615253 -56.194740
v 10.433237 27.615253 -55.034821
v -1.786474 27.615253 -56.216072
v -1.784848 27.615253 -57.147919
v 4.846463 38.415489 -55.036957
v 3.777112 38.415489 -55.038826
v -0.426075 31.165371 -55.051384
v 0.341107 33.112019 -55.049713
v -1.742931 30.046127 -55.055054
v 2.001035 37.887062 -55.041924
v 0.874639 36.622593 -55.045029
v 0.906927 25.081875 -55.052704
v 0.318942 35.306751 -55.047020
v -1.788499 27.615253 -55.056152
v 10.423650 25.081987 -29.161583
v 10.411716 25.226765 -29.161720
v 10.410049 25.226765 -28.206352
v 10.421983 25.081987 -28.206329
v 5.616920 25.081873 -29.174744
v 5.615253 25.081873 -28.219601
v 2.914717 25.081873 -28.224312
v 2.916384 25.081873 -29.179455
v 9.004519 31.158772 -29.165424
v 8.237335 33.105537 -29.166649
v 8.235668 33.105537 -28.211395
v 9.002851 31.158772 -28.210171
v 10.363878 29.214277 -29.163277
v 10.362211 29.214277 -28.207909
v 6.577416 37.897739 -29.179661
v 6.575730 38.584808 -28.213718
v 7.702128 37.320560 -28.211983
v 7.703815 36.633495 -29.177925
v 8.259514 35.317886 -29.177181
v 8.257828 36.004951 -28.211243
v 10.388082 27.615252 -29.162441
v 10.386414 27.615252 -28.207188
v 10.472464 25.081989 -57.129593
v 10.460530 25.226767 -57.129509
v -1.829617 25.226767 -57.150963
v 5.665726 25.081875 -57.138100
v 2.965189 25.081875 -57.142815
v 9.053317 31.166275 -57.124916
v 8.286133 33.112930 -57.125343
v 10.412679 30.046127 -57.123688
v 6.626187 37.887291 -57.123466
v 7.752590 36.623272 -57.124229
v 8.308293 35.308002 -57.126106
v 10.436888 27.615253 -57.126587
v 10.462092 25.081989 -51.187714
v 10.450160 25.226767 -51.187737
v -1.852230 25.091536 -51.096352
v -1.840119 25.226767 -51.133621
v 2.954820 25.081875 -51.201843
v 5.655357 25.081875 -51.197128
v 9.036424 31.158775 -47.445984
v 8.269241 33.105545 -47.447098
v 10.395784 29.214279 -47.444290
v 6.609301 37.873199 -47.447830
v 7.735700 36.608955 -47.446655
v 8.291399 35.293346 -47.446487
v 10.423684 27.615253 -49.561363
v 4.856166 38.401627 -60.596443
v 3.786815 38.401627 -60.598312
v 0.352931 33.105545 -61.824577
v -0.413757 31.158775 -62.109108
v -1.730023 30.046127 -62.450851
v 2.010739 37.873199 -60.601410
v 0.885051 36.608955 -61.010208
v -1.830436 25.081989 -63.518097
v 0.921691 25.081875 -63.512276
v 0.330091 35.293346 -61.434486
v -1.774682 27.615253 -62.972534
v 4.801339 38.426167 -29.182762
v 3.731988 38.426167 -29.184628
v 3.683168 38.427071 -1.212749
v 3.681707 39.048573 -0.375565
v 4.751058 39.048573 -0.373697
v 4.752519 38.427071 -1.210882
v 0.295957 33.105537 -29.180508
v -0.471226 31.158772 -29.181961
v 2.634969 32.941101 -1.223444
v 1.867792 30.994446 -1.227850
v 1.866353 30.994446 -0.403166
v 2.633530 32.941101 -0.398645
v -1.788042 28.204815 -29.208580
v 0.550945 29.881685 -1.236628
v 0.549506 29.881685 -0.412056
v 1.955911 37.897739 -29.187729
v 0.829514 36.633495 -29.189922
v 0.223565 34.630814 -0.399897
v 0.779248 37.255898 -0.389608
v 0.780708 36.634403 -1.226454
v 0.225025 34.656155 -1.236513
v 0.273815 35.317886 -29.191116
v 2.440552 34.067387 -1.170145
v 2.439083 34.043861 -0.393642
v 0.411680 27.618090 -29.202244
v 0.554183 27.450928 -29.201084
v 0.460492 25.062326 -1.173943
v 0.459050 25.062326 -0.347439
v 0.503880 27.450926 -0.379520
v 0.505321 27.450926 -1.205000
v 10.374773 25.081985 -1.157320
v 10.362844 25.226763 -1.159275
v 10.361401 25.226763 -0.332771
v 10.373330 25.081985 -0.330704
v 10.408382 25.226765 -27.250980
v 10.420316 25.081987 -27.250957
v 5.568383 25.081871 -1.364693
v 5.566952 25.081871 -0.544552
v 2.866415 25.081871 -0.549267
v 2.867846 25.081871 -1.369408
v 5.613586 25.081873 -27.264458
v 2.913050 25.081873 -27.269169
v 8.955741 31.158768 -1.218094
v 8.188553 33.105534 -1.216362
v 8.187114 33.105534 -0.391565
v 8.954302 31.158768 -0.393408
v 8.234001 33.105537 -27.256142
v 9.001184 31.158772 -27.254803
v 10.315112 30.046122 -1.222200
v 10.313673 30.046122 -0.397629
v 10.360543 29.214277 -27.252655
v 6.528596 37.898647 -1.207783
v 6.527135 38.520145 -0.370598
v 7.653548 37.255898 -0.377611
v 7.655009 36.634403 -1.214569
v 6.574044 37.897739 -27.247669
v 7.700442 36.633495 -27.245930
v 8.209263 35.640278 -0.385960
v 8.210724 35.665619 -1.222576
v 8.256142 35.317886 -27.245190
v 10.337820 27.615250 -0.364971
v 10.339261 27.615250 -1.190451
v 10.384747 27.615252 -27.251816
v 4.807591 38.401619 -32.765369
v 3.738241 38.401619 -32.767235
v 3.725296 38.401619 -25.350418
v 4.794647 38.401619 -25.348553
v -0.464954 31.158772 -32.775482
v 0.302228 33.105537 -32.774029
v 0.290267 33.105537 -25.920410
v -0.476916 31.158772 -25.921978
v -1.781944 28.204815 -32.702553
v -1.792916 28.196520 -26.415768
v 1.962164 37.873081 -32.770336
v 0.835767 36.608952 -32.772644
v 0.267135 35.381298 -25.363838
v 0.822822 36.608952 -25.356052
v 0.280068 35.293339 -32.773838
v 0.417779 27.618090 -32.696327
v 0.560282 27.450928 -32.695393
v 0.549306 27.450928 -26.406906
v 0.506073 25.062328 -27.289742
v 0.504528 25.062328 -26.404827
v 10.418771 25.081987 -26.365929
v 10.406837 25.226765 -26.366066
v 10.429923 25.081987 -32.755669
v 10.417990 25.226765 -32.755802
v 5.612057 25.081873 -26.387959
v 2.911520 25.081873 -26.392670
v 2.922656 25.081873 -32.772976
v 5.623193 25.081873 -32.768265
v 8.998817 31.158772 -25.899303
v 8.231635 33.105537 -25.900417
v 9.010790 31.158772 -32.758945
v 8.243608 33.105537 -32.760170
v 10.359004 29.214277 -26.370468
v 10.370151 29.214277 -32.756798
v 6.570724 37.873196 -25.345451
v 7.697123 36.608952 -25.344055
v 8.265766 35.293339 -32.759903
v 7.710067 36.608952 -32.760647
v 8.252823 35.381298 -25.343769
v 10.383204 27.615252 -26.368267
v 10.394354 27.615252 -32.756306
v 3.663107 38.401615 10.281237
v 4.732458 38.401615 10.283104
v 3.680246 38.427071 0.461620
v 4.749597 38.427071 0.463488
v 1.864914 30.994446 0.421516
v 2.632090 32.941101 0.426153
v 0.548067 29.881685 0.412401
v 0.222105 34.656155 0.436834
v 0.777787 36.634403 0.447348
v 2.438001 34.066589 0.356493
v 0.457607 25.062326 0.479063
v 0.502439 27.450926 0.446072
v 10.359959 25.226763 0.493732
v 10.371888 25.081985 0.495913
v 5.565520 25.081871 0.275700
v 2.864983 25.081871 0.270985
v 8.185674 33.105534 0.433231
v 8.952862 31.158768 0.431276
v 10.312234 30.046122 0.426828
v 6.525674 37.898647 0.466587
v 7.652087 36.634403 0.459345
v 8.207803 35.665619 0.450771
v 8.191154 35.640163 9.989813
v 8.169008 33.105534 9.982046
v 10.336379 27.615250 0.460623
v 3.663586 38.401615 10.007025
v 4.732937 38.401615 10.008892
v 4.759729 38.401615 -5.342262
v 3.690379 38.401615 -5.344128
v 2.121406 33.086555 10.119223
v 1.675370 31.115475 10.118216
v 1.875059 30.994446 -5.390934
v 2.642236 32.941101 -5.386982
v 0.888302 30.001915 10.116274
v 0.558210 29.881685 -5.398685
v 0.761132 36.608948 9.989571
v 0.205456 34.630699 9.975876
v 1.914302 37.873077 -5.347229
v 0.787916 36.608948 -5.356464
v 1.907091 37.898647 -1.215849
v 1.972345 34.548653 10.099531
v 2.447791 34.043861 -5.382889
v 0.865019 27.619677 10.173622
v 0.836278 25.150850 10.233347
v 0.512593 27.450926 -5.371944
v 10.343259 25.226761 10.061523
v 10.355187 25.081984 10.064386
v 10.382012 25.081985 -5.305172
v 10.370082 25.226763 -5.306900
v 5.548522 25.081984 10.014860
v 2.847985 25.081984 10.010145
v 2.875032 25.081871 -5.486801
v 5.575569 25.081871 -5.482090
v 8.936198 31.158768 9.978952
v 8.962965 31.158768 -5.357086
v 8.195778 33.105534 -5.355812
v 10.295574 30.046120 9.972233
v 10.322334 30.046122 -5.360165
v 7.635433 36.608948 10.001568
v 6.509014 37.873192 10.011992
v 7.662217 36.608948 -5.344467
v 8.217929 35.640163 -5.351112
v 10.319699 27.615248 10.017279
v 10.346492 27.615250 -5.333305
v 10.471585 25.226767 -63.463783
v 10.483576 25.081989 -63.496605
v -1.818562 25.226767 -63.485237
v 5.676837 25.081875 -63.503975
v 2.976300 25.081875 -63.508690
v 8.294311 33.105545 -61.810715
v 9.061987 31.158775 -62.092567
v 10.421939 30.046127 -62.429642
v 7.759351 36.608955 -60.998207
v 6.632243 37.873199 -60.593346
v 8.315789 35.293346 -61.420547
v 10.447054 27.615253 -62.951202
v 0.378362 33.105545 -76.395241
v -0.386772 31.158775 -77.570145
v -1.701180 30.046127 -78.976692
v 2.029489 37.873199 -71.344688
v 0.906027 36.608955 -73.028542
v 0.353382 35.293346 -74.779671
v -1.742983 27.615257 -81.134789
v 6.650994 37.873199 -71.336624
v 4.874917 38.401627 -71.339722
v 3.805566 38.401627 -71.341591
v 2.035119 37.873199 -74.570480
v 4.833223 38.401627 -47.450928
v 3.763872 38.401627 -47.452797
v -0.439320 31.158775 -47.462639
v 0.327862 33.105545 -47.460960
v -1.808368 28.233227 -47.383209
v 0.861399 36.608955 -47.458656
v 1.987795 37.873085 -47.455894
v 0.305701 35.293346 -47.460426
v -1.798184 27.615253 -49.507126
v 0.325254 33.105537 -45.966476
v -0.441928 31.158772 -45.968163
v -1.758918 28.204817 -45.895462
v 1.985187 37.873081 -45.961533
v 0.858790 36.608952 -45.964287
v 0.303093 35.293339 -45.966057
v 0.440580 27.618092 -45.760818
v 0.579052 27.162169 -47.487000
v 10.458819 25.081989 -49.312195
v 10.446886 25.226767 -49.312111
v 2.951547 25.081875 -49.326553
v 5.652084 25.081875 -49.321838
v 9.033815 31.158772 -45.951508
v 8.266632 33.105537 -45.952614
v 10.393176 29.214279 -45.949821
v 8.288792 35.293339 -45.952118
v 7.733091 36.608952 -45.952286
v 10.420699 27.615253 -47.851303
v -0.484788 31.150478 -21.411499
v 0.282394 33.097248 -21.409592
v -1.798389 28.196520 -23.280106
v 0.812058 36.608952 -19.188702
v 1.938453 37.873081 -19.185040
v 1.949219 37.873081 -25.353519
v 0.256404 34.622406 -19.215469
v 10.401351 25.226765 -23.222557
v 10.413283 25.081987 -23.222084
v 8.223731 33.105537 -21.371643
v 8.990914 31.158772 -21.370869
v 10.353531 29.214277 -23.234806
v 8.242061 35.640167 -19.177444
v 7.686358 36.608952 -19.176704
v 5.606613 25.081873 -23.269226
v 10.377725 27.615252 -23.228626
v 2.665903 32.797462 -18.295780
v 1.802924 30.890015 -18.298199
v 0.771660 27.984009 -20.263580
v 1.934321 37.873081 -16.817238
v 0.807927 36.608952 -16.821815
v 2.467508 34.043865 -16.680164
v 0.538544 27.450926 -20.240356
v 10.407994 25.081985 -20.191647
v 10.396062 25.226763 -20.192242
v 2.900824 25.081871 -20.264645
v 2.906077 25.081873 -23.273937
v 5.601361 25.081871 -20.259933
v 8.986165 31.158772 -18.649647
v 8.218981 33.105537 -18.649963
v 10.348254 29.349394 -20.211189
v 8.237931 35.640167 -16.811577
v 7.682228 36.608952 -16.809818
v 10.372442 27.615250 -20.201714
v 0.902698 27.637178 11.179062
v 0.875769 25.160055 11.241632
v 10.263670 25.206078 11.258017
v 10.230597 27.637178 11.195343
v 2.550328 36.750095 -78.196404
v 2.266617 35.291756 -79.917068
v 2.068292 33.101784 11.121208
v 1.655666 31.128086 11.120487
v 1.890126 31.156960 -84.148315
v 1.072787 30.044195 -85.493309
v 0.923712 30.014414 11.119211
v 1.033642 25.234612 -89.565231
v 1.052620 27.618324 -87.547173
v 2.281507 33.103725 -82.067116
v 2.883090 38.081379 11.122633
v 2.236479 36.705883 11.121389
v 2.997535 38.159458 -74.568802
v 3.127148 37.805813 -76.232597
v 2.916641 38.871181 -28.220104
v 2.914955 38.184116 -27.254055
v 2.848201 38.159451 10.993361
v 6.446721 37.795010 11.128853
v 6.507290 37.873192 10.999636
v 0.847267 25.153349 10.513260
v 2.965298 38.622086 -56.098457
v 2.967098 38.173664 -57.129852
v 2.963451 38.173321 -55.040245
v 0.507740 25.062328 -28.245110
v 0.509408 25.062328 -29.200478
v 2.973154 38.159458 -60.599731
v 2.918327 38.184116 -29.186047
v 2.868046 38.806519 -0.376984
v 2.869507 38.185017 -1.214170
v 2.924580 38.159454 -32.768654
v 6.583669 37.873196 -32.762268
v 2.911635 38.159454 -25.351837
v 0.515507 25.062328 -32.694904
v 6.508535 37.873192 10.286203
v 2.866584 38.185017 0.460199
v 2.849925 38.159451 10.005604
v 2.876717 38.159451 -5.345547
v 6.535807 37.873192 -5.339161
v 0.467773 25.062326 -5.345661
v 2.991905 38.159458 -71.343010
v 2.950211 38.159458 -47.454216
v 3.761264 38.401619 -45.958435
v 2.947603 38.159454 -45.959854
v 4.830615 38.401619 -45.956566
v 6.606692 37.873196 -45.953468
v 0.452088 25.189718 -48.838173
v 4.783881 38.401619 -19.180073
v 6.559958 37.873196 -19.176971
v 0.499042 25.062328 -23.261322
v 3.710397 38.401619 -16.814022
v 3.714530 38.401619 -19.181938
v 2.900869 38.159454 -19.183357
v 2.896736 38.159454 -16.815556
v 4.779748 38.401619 -16.812157
v 6.555825 37.873196 -16.809170
v 0.493753 25.062326 -20.231113
v 10.317976 27.615248 11.005035
v 0.376139 27.618885 -26.353340
v 0.898157 30.005322 10.394711
v 0.875442 27.624565 10.452740
v 10.341534 25.226761 11.050419
v 10.342780 25.226761 10.336077
v 10.319221 27.615248 10.291491
v 0.405765 27.165239 -49.188034
v 0.276470 25.072443 -50.701271
v 0.543826 27.450928 -23.267262
v 2.279281 37.519440 -76.234077
v 0.203733 34.630699 10.962950
v 0.396466 34.572060 10.963512
v 1.905630 38.520145 -0.378664
v 1.887030 37.873077 10.278137
v 0.760654 36.608948 10.263784
v 1.904169 37.898647 0.458521
v 8.190676 35.640163 10.263798
v 7.634954 36.608948 10.275782
v 1.887509 37.873077 10.003925
v 0.232273 34.622402 -5.389137
v 0.252275 34.622406 -16.849606
v 1.923878 34.601154 11.108456
v 0.397711 34.572060 10.249855
v 0.204978 34.630699 10.249861
v 0.416298 34.572174 -0.399332
v 0.414851 34.597290 0.429783
v 0.417749 34.597404 -1.230721
v 0.425006 34.572060 -5.388691
v 0.444983 34.572063 -16.834831
v 0.474835 33.070084 -21.371979
v 0.449108 34.572063 -19.197975
v -0.301552 31.127182 -21.373905
v -1.617508 28.146517 -23.260353
v -1.604169 28.146292 -26.410324
v -1.598340 28.146175 -28.252766
v -1.600007 28.146175 -27.297390
v -1.596673 28.146175 -29.208019
v -1.590574 28.146175 -32.701988
v -1.567568 28.146177 -45.883759
v -1.564953 28.146177 -47.381981
v -1.606407 27.576046 -49.479393
v 0.398190 34.572060 9.975643
v 2.471582 34.043865 -19.014439
v 2.494781 32.786095 -20.977081
v 1.621574 30.882854 -20.979168
v 0.280375 27.621161 -23.052715
v 0.443164 27.618092 -47.240868
v 10.354709 25.081984 10.338940
v 1.669885 31.118996 10.396399
v 2.106716 33.090763 10.397388
v 1.958901 34.563194 10.379744
v 8.168530 33.105534 10.256031
v 8.935720 31.158768 10.252939
v 10.295096 30.046120 10.246105
v 2.849446 38.159451 10.279816
v 0.502911 -31.759489 -89.417282
v 3.001039 -31.037762 -90.444901
v 2.731546 -32.640770 -89.764320
v 2.856427 -30.790030 -72.764549
v 5.930725 -30.790030 -72.759186
v 5.928901 -28.309496 -71.714050
v 2.854603 -28.309496 -71.719414
v 1.146073 0.886327 -56.577225
v 7.484902 0.886327 -56.566162
v 8.373126 3.167650 -56.507782
v 0.257537 3.167650 -56.521950
v 2.870848 -4.731010 -81.027298
v 5.945147 -4.731010 -81.021935
v 5.958405 -23.437405 -88.618423
v 2.884106 -23.437405 -88.623787
v 9.873651 -27.173660 -84.907600
v 8.538631 -26.102148 -88.308105
v 8.537018 -23.777529 -87.383881
v 9.853263 -24.683239 -83.904755
v 9.131063 -6.836420 -68.268799
v 8.081608 -7.049724 -64.107872
v 8.511807 -27.969255 -72.939453
v 9.792430 -26.911610 -75.875854
v 0.176100 -30.438086 -73.996445
v 0.174281 -27.969255 -72.954010
v -1.095973 -27.086046 -75.957916
v -1.132013 -29.735334 -76.990860
v 0.186192 -4.972041 -79.778313
v 0.199491 -23.777529 -87.398438
v -1.125826 -24.842905 -83.986427
v -0.977747 -5.313075 -76.111465
v 5.960012 -25.750206 -89.539703
v 5.755826 -7.290754 -62.858253
v 9.674850 -5.313075 -76.092873
v 8.523719 -4.972041 -79.763756
v 8.522059 -2.010014 -78.813278
v 9.672912 -2.068880 -74.981827
v 5.943527 -1.990355 -80.094292
v 2.869229 -1.990355 -80.099655
v 0.184533 -2.010014 -78.827835
v -0.979686 -2.068880 -75.000420
v 0.574901 -7.049724 -64.120972
v 0.573206 -2.748675 -63.149918
v -0.462694 -2.193089 -66.755829
v -0.460024 -6.836420 -68.285538
v 2.987900 -7.290754 -62.863083
v 2.985685 -3.665524 -61.593948
v 5.753611 -3.665524 -61.589119
v 8.079913 -2.748675 -63.136818
v 9.128394 -2.193089 -66.739090
v 0.568854 -0.342349 -60.656204
v -0.471019 1.882722 -61.986244
v 2.982646 -1.716711 -59.852654
v 5.750571 -1.716711 -59.847824
v 8.075561 -0.342349 -60.643105
v 9.120070 1.882722 -61.969505
v 0.565497 0.159258 -58.732735
v -0.476730 2.844799 -58.714218
v 2.980678 -1.620345 -58.725113
v 5.748604 -1.620345 -58.720284
v 8.072204 0.159258 -58.719635
v 8.068448 0.184713 -56.567863
v 9.114359 2.844799 -58.697479
v 9.110536 2.907413 -56.507072
v 8.373127 4.845999 -56.508232
v 0.257538 4.845999 -56.522400
v 9.674238 2.702410 -75.742065
v 9.560290 2.795026 -73.091621
v 9.558511 -2.094563 -72.071693
v 8.522530 2.722182 -79.082825
v 5.943997 2.728774 -80.363861
v 2.869699 2.728774 -80.369225
v 0.185003 2.722182 -79.097382
v -0.978359 2.702410 -75.760658
v -0.542622 3.080717 -69.077400
v -0.542296 -2.173429 -69.264458
v -0.463811 3.151627 -66.115807
v -0.471019 4.383711 -61.986244
v 9.127277 3.151627 -66.099068
v 9.120070 4.383711 -61.969505
v -0.480552 2.907413 -56.523811
v -0.480552 4.834408 -56.523811
v -0.476730 4.813384 -58.714218
v 9.114359 4.813384 -58.697479
v 0.561741 0.184713 -56.580963
v 2.976963 -1.617617 -56.596413
v 3.223328 -0.644973 -56.592239
v 5.488737 -0.644973 -56.588280
v 5.744888 -1.617617 -56.591583
v 9.110536 4.834408 -56.507072
v 0.257538 8.234516 -56.522522
v 8.373127 8.234516 -56.508354
v 9.110536 8.931471 -56.507072
v -0.480552 8.931471 -56.523811
v -0.480552 6.532985 -56.523811
v 0.257538 6.283090 -56.522522
v 0.257538 5.481133 -56.522522
v -0.480552 5.562045 -56.523811
v -0.471019 5.301128 -61.986244
v -0.476730 5.554658 -58.714218
v 9.114359 5.554658 -58.697479
v 9.110536 5.562045 -56.507072
v -0.997285 8.905106 -61.987160
v -0.957625 6.352071 -61.987091
v -0.961517 6.550600 -58.715065
v -1.003109 8.930676 -58.715134
v 9.110536 6.532985 -56.507072
v 9.599146 6.550600 -58.696632
v 9.640738 8.930676 -58.696556
v 8.513627 -30.438086 -73.981888
v 8.827734 -32.693501 -73.594269
v 10.078096 -32.176437 -77.749504
v 9.837628 -29.718178 -76.965462
v 6.055014 -32.827480 -72.348961
v 2.753322 -32.827480 -72.354729
v -0.126516 -32.693501 -73.609901
v -1.362480 -32.176437 -77.769470
v -1.140197 -27.189457 -84.932961
v 0.201104 -26.102148 -88.322662
v -0.099915 -28.213808 -88.851387
v -1.348554 -29.514759 -85.748238
v 2.784360 -27.861864 -90.073433
v 2.885714 -25.750206 -89.545067
v 6.085938 -27.861864 -90.067673
v 8.854335 -28.213808 -88.835754
v 10.092022 -29.514759 -85.728271
v 10.714854 -32.111889 -83.757904
v 9.566864 -33.896149 -84.541191
v 9.571854 -32.602360 -87.399925
v 10.719986 -30.897532 -86.697998
v 10.703570 -33.961266 -77.292839
v 9.320240 -35.001869 -73.197266
v 8.193377 -36.455326 -74.495644
v 9.554967 -35.973263 -77.724846
v 6.252356 -34.912891 -71.929054
v 5.948245 -36.366344 -73.226105
v 2.597358 -34.912891 -71.935432
v 2.970995 -36.366344 -73.231300
v -0.592449 -35.001869 -73.214561
v 0.588600 -36.455326 -74.508919
v -1.961475 -33.961266 -77.314941
v -0.761597 -35.973263 -77.742851
v -0.757406 -35.411198 -80.144066
v -1.957186 -33.205902 -79.772163
v -0.564213 -30.375126 -89.392784
v -0.744711 -32.602360 -87.417931
v -1.945060 -30.897532 -86.720100
v 2.629958 -30.023184 -90.614410
v 6.284956 -30.023184 -90.608032
v 5.978289 -31.037762 -90.439705
v 9.348476 -30.375126 -89.375488
v 8.331219 -31.759489 -89.403618
v 2.730724 -37.225235 -74.773590
v 1.837873 -36.946705 -78.105606
v 1.862974 -36.384525 -80.506767
v 5.697091 -32.640770 -89.759148
v 4.887590 -34.869476 -84.916756
v 4.921103 -33.575684 -87.775322
v 5.697406 -37.225235 -74.768410
v 4.765576 -36.946705 -78.100502
v 4.791699 -36.384525 -80.501656
v 1.987604 -33.575684 -87.780441
v 10.707859 -33.205902 -79.750061
v 10.081059 -31.651306 -79.446716
v -1.950191 -32.111889 -83.780006
v -1.352719 -30.452858 -83.361801
v 8.373127 5.481133 -56.508354
v 9.674632 4.222800 -75.967537
v 9.560075 4.385190 -72.968086
v 8.523285 3.872447 -79.515564
v 5.944753 3.874834 -80.796478
v 2.870455 3.874834 -80.801842
v 0.185758 3.872447 -79.530121
v -0.977966 3.853809 -75.986130
v -0.463811 5.010210 -66.115807
v -0.542490 4.827476 -69.152977
v 9.127277 5.010210 -66.099068
v 9.120070 5.301128 -61.969505
v 8.373127 6.282977 -56.508354
v 10.219769 5.547956 -76.166367
v 10.093436 5.662732 -73.125801
v 8.524090 5.720802 -79.976379
v 5.945557 5.738416 -81.257294
v 2.871259 5.738416 -81.262657
v 0.186563 5.720802 -79.990936
v -1.522406 5.547956 -76.186859
v -0.951894 6.104335 -66.116653
v -1.039434 6.016379 -69.220894
v 9.615360 6.104335 -66.098213
v 9.606674 6.352071 -61.968651
v 10.260224 8.858631 -76.556190
v 10.133669 8.858288 -73.583458
v 8.524809 8.859310 -80.388779
v 5.946277 8.859539 -81.669807
v 2.871979 8.859539 -81.675171
v 0.187283 8.859310 -80.403336
v -1.561500 8.858631 -76.576820
v -0.990077 8.857151 -66.116722
v -1.077730 8.857378 -69.351746
v 9.653657 8.857151 -66.098145
v 9.646449 8.905106 -61.968582
v 9.216198 3.080717 -69.060371
v 9.216525 -2.173429 -69.247429
v -0.873437 2.795026 -73.109833
v -0.875217 -2.094563 -72.089905
v 9.559158 -35.411198 -80.126060
v -0.749700 -33.896149 -84.559196
v 1.955228 -34.869476 -84.921875
v 10.087857 -30.452858 -83.341835
v -1.359518 -31.651306 -79.466682
v 9.216331 4.885774 -69.135948
v -0.873652 4.092340 -72.986298
v 9.713507 6.016379 -69.202126
v -1.406460 5.662732 -73.145874
v 9.752260 8.857378 -69.332848
v -1.445094 8.858288 -73.603668
v 10.043662 -28.076418 -82.501762
v 10.008501 -29.181114 -78.503403
v 9.994647 -25.438379 -81.569336
v 9.927920 -26.438868 -77.456108
v 9.748725 -5.694792 -73.819046
v 9.454916 -6.648913 -70.600243
v -1.617400 -29.214979 -78.536522
v -1.638379 -28.109032 -82.533752
v -1.550156 -26.781832 -77.607185
v -1.598799 -25.768274 -81.706161
v -0.753148 -6.634368 -70.538277
v -1.036061 -6.104692 -73.627739
vn -0.4663 -0.8253 -0.3187
vn -0.5625 -0.8224 -0.0852
vn -0.9681 -0.2501 0.0146
vn -0.9420 -0.3269 -0.0757
vn -1.0000 -0.0000 -0.0017
vn -0.9842 -0.1772 -0.0036
vn -0.9865 -0.1622 0.0234
vn -0.5747 -0.8008 0.1686
vn -0.9575 -0.2820 0.0600
vn -0.9961 0.0617 -0.0630
vn -0.9697 -0.0866 -0.2285
vn -0.8413 -0.5115 -0.1751
vn -0.8164 -0.5766 0.0331
vn -0.9942 -0.1079 0.0023
vn -0.9540 -0.2816 0.1028
vn -0.5504 -0.8009 0.2358
vn -0.5045 -0.8623 -0.0438
vn -0.9526 -0.1823 -0.2436
vn -0.9969 0.0566 0.0553
vn -0.9737 0.2278 0.0003
vn -0.9459 -0.2021 0.2537
vn -0.6576 -0.7477 0.0925
vn -0.7012 -0.7067 0.0948
vn -0.7353 -0.6292 0.2520
vn -0.0018 -0.0000 1.0000
vn -0.0017 -0.0000 1.0000
vn -0.0000 0.9999 0.0143
vn 0.0017 -0.0000 -1.0000
vn -0.0000 0.9999 0.0137
vn -0.0000 0.9999 0.0140
vn -0.0000 0.9999 0.0141
vn -0.0000 -0.9998 0.0177
vn -0.3919 -0.9185 0.0525
vn -0.0001 -0.9988 0.0484
vn -0.0003 -0.9846 0.1746
vn -0.0007 -0.9277 0.3734
vn -0.9911 -0.1334 0.0023
vn -0.7874 -0.6160 0.0241
vn -0.7718 -0.5844 0.2505
vn -0.9542 -0.1651 0.2493
vn -0.9730 0.2307 -0.0014
vn -0.3459 -0.9374 0.0412
vn -0.0000 -1.0000 0.0099
vn -0.0000 0.9999 0.0145
vn -0.9708 0.1877 0.1492
vn -0.9729 0.2313 -0.0001
vn -0.9742 0.2256 -0.0017
vn -0.9686 0.1697 -0.1819
vn -0.0003 -0.9868 0.1619
vn 0.0003 -0.9887 -0.1500
vn -0.0003 -0.9856 0.1693
vn 0.0006 -0.9332 -0.3594
vn -0.0006 -0.9317 0.3632
vn 0.9681 -0.2501 0.0180
vn 0.5628 -0.8224 -0.0832
vn 0.4674 -0.8253 -0.3170
vn 0.9423 -0.3269 -0.0724
vn 1.0000 -0.0000 0.0017
vn 0.9864 -0.1622 0.0268
vn 0.9842 -0.1772 -0.0002
vn 0.9573 -0.2820 0.0634
vn 0.5741 -0.8008 0.1706
vn 0.9963 0.0617 -0.0595
vn 0.9705 -0.0866 -0.2251
vn 0.9941 -0.1079 0.0057
vn 0.8162 -0.5766 0.0359
vn 0.8419 -0.5115 -0.1721
vn 0.5046 -0.8624 -0.0421
vn 0.5496 -0.8009 0.2378
vn 0.9536 -0.2816 0.1062
vn 0.9534 -0.1823 -0.2402
vn 0.9967 0.0566 0.0587
vn 0.9737 0.2278 0.0037
vn 0.7008 -0.7067 0.0972
vn 0.6573 -0.7477 0.0948
vn 0.9450 -0.2021 0.2570
vn 0.7344 -0.6292 0.2546
vn 0.3917 -0.9185 0.0539
vn 0.9910 -0.1334 0.0057
vn 0.9534 -0.1651 0.2527
vn 0.7710 -0.5844 0.2532
vn 0.7873 -0.6160 0.0269
vn 0.9730 0.2307 0.0023
vn 0.3457 -0.9374 0.0424
vn 0.9729 0.2313 0.0033
vn 0.9703 0.1877 0.1526
vn 0.9692 0.1697 -0.1785
vn 0.9742 0.2256 0.0017
vn -0.0000 1.0000 0.0049
vn -0.0017 0.0591 0.9983
vn -0.0017 0.0118 0.9999
vn -0.0000 1.0000 -0.0000
vn 0.0017 0.0042 -1.0000
vn -0.0000 -1.0000 0.0055
vn 0.0001 -0.9985 -0.0553
vn -0.0000 1.0000 -0.0055
vn -0.0001 0.9992 0.0391
vn -0.0017 0.0033 1.0000
vn -0.0017 -0.1074 0.9942
vn 0.0017 0.0034 -1.0000
vn 0.0017 0.1147 -0.9934
vn 0.0008 -0.8909 -0.4542
vn -0.0008 0.8960 0.4440
vn -0.0015 -0.4806 0.8769
vn 0.0015 0.4850 -0.8745
vn 0.0016 -0.4198 -0.9076
vn 0.0017 -0.0590 -0.9983
vn -0.0016 0.4082 0.9129
vn -0.0008 -0.8769 0.4806
vn -0.0002 -0.9939 0.1105
vn 0.0008 0.8757 -0.4828
vn 0.0002 0.9935 -0.1141
vn 0.0017 0.0033 -1.0000
vn 0.9863 -0.0000 0.1648
vn 1.0000 -0.0000 0.0018
vn -0.9946 -0.0000 -0.1038
vn -0.0000 -1.0000 -0.0000
vn -0.0063 -0.9993 0.0370
vn -0.0055 -0.9996 0.0274
vn -0.0016 -0.4536 0.8912
vn -0.0153 -0.7127 0.7013
vn -0.0013 -0.7032 0.7110
vn 0.1556 -0.0000 0.9878
vn -0.1556 -0.0000 -0.9878
vn 0.7016 -0.0000 0.7125
vn 0.7017 -0.0000 0.7125
vn -0.7443 -0.0000 -0.6679
vn 0.9933 0.0378 0.1093
vn 0.9986 0.0530 0.0014
vn -0.9992 -0.0388 -0.0010
vn -0.9992 -0.0394 -0.0014
vn 0.0015 -0.0034 1.0000
vn -0.0017 -0.0054 1.0000
vn -0.0017 -0.2058 0.9786
vn -0.9946 -0.0000 -0.1037
vn -0.9971 -0.0292 -0.0699
vn -0.0200 -0.9539 0.2996
vn -0.0320 -0.9659 0.2567
vn 0.9986 0.0523 0.0017
vn -0.9992 -0.0407 -0.0010
vn -1.0000 -0.0000 -0.0016
vn 0.9986 0.0520 0.0010
vn -0.0001 -0.9988 0.0494
vn -0.0475 -0.9977 0.0492
vn -0.0001 -0.9988 0.0495
vn 0.0001 0.9988 -0.0494
vn 0.0343 0.9982 -0.0493
vn 0.0343 0.9982 -0.0492
vn 0.0344 0.9982 -0.0493
vn 0.0020 -0.0415 -0.9991
vn 0.0033 -0.0481 -0.9988
vn 0.0036 -0.0494 -0.9988
vn 0.0030 -0.0419 -0.9991
vn -0.2527 -0.9664 0.0474
vn 0.2717 0.9612 -0.0470
vn 0.2712 0.9614 -0.0472
vn 0.2714 0.9613 -0.0470
vn 0.2715 0.9613 -0.0469
vn -0.0017 0.0495 0.9988
vn -0.0011 -0.0198 -0.9998
vn -0.0053 -0.0185 -0.9998
vn 0.0030 0.0121 -0.9999
vn 0.0109 0.0171 -0.9998
vn -0.8208 -0.5707 0.0251
vn -0.8156 -0.5781 0.0268
vn -0.8162 -0.5772 0.0268
vn -0.8098 -0.5860 0.0276
vn 0.8261 0.5630 -0.0254
vn 0.8286 0.5592 -0.0263
vn 0.8227 0.5678 -0.0266
vn 0.8270 0.5616 -0.0260
vn 0.0077 0.0261 0.9996
vn 0.0121 0.0241 0.9996
vn 0.0041 -0.0411 -0.9991
vn 0.0061 -0.0412 -0.9991
vn -0.9869 -0.0000 0.1614
vn 0.9950 -0.0000 -0.1003
vn 0.0054 -0.9996 0.0274
vn 0.0062 -0.9993 0.0370
vn -0.0012 -0.7032 0.7110
vn 0.0129 -0.7127 0.7013
vn -0.1590 -0.0000 0.9873
vn 0.1590 -0.0000 -0.9873
vn -0.7042 -0.0000 0.7100
vn -0.7041 -0.0000 0.7101
vn 0.7466 -0.0000 -0.6653
vn -0.9937 0.0378 0.1059
vn -0.9986 0.0530 -0.0020
vn 0.9992 -0.0394 0.0020
vn 0.9992 -0.0388 0.0024
vn -0.0050 -0.0034 1.0000
vn 0.9974 -0.0292 -0.0665
vn 0.0311 -0.9659 0.2569
vn 0.0190 -0.9539 0.2996
vn -0.9987 0.0519 -0.0020
vn 0.9992 -0.0407 0.0024
vn 1.0000 -0.0000 0.0019
vn -0.9987 0.0512 -0.0017
vn 0.0473 -0.9977 0.0494
vn 0.0473 -0.9977 0.0495
vn -0.0341 0.9982 -0.0494
vn -0.0341 0.9982 -0.0495
vn 0.0001 0.9988 -0.0493
vn -0.0342 0.9982 -0.0495
vn 0.0014 -0.0415 -0.9991
vn 0.0005 -0.0419 -0.9991
vn -0.0002 -0.0494 -0.9988
vn 0.0001 -0.0481 -0.9988
vn 0.2525 -0.9664 0.0482
vn 0.2525 -0.9664 0.0483
vn -0.2710 0.9614 -0.0481
vn -0.2715 0.9612 -0.0480
vn -0.2713 0.9613 -0.0479
vn -0.2712 0.9613 -0.0479
vn -0.0018 0.0494 0.9988
vn 0.0005 0.0121 -0.9999
vn 0.0088 -0.0185 -0.9998
vn 0.0046 -0.0198 -0.9998
vn -0.0074 0.0171 -0.9998
vn 0.8155 -0.5781 0.0296
vn 0.8207 -0.5707 0.0279
vn 0.8161 -0.5772 0.0296
vn 0.8098 -0.5860 0.0304
vn -0.8285 0.5592 -0.0291
vn -0.8260 0.5630 -0.0282
vn -0.8267 0.5620 -0.0287
vn -0.8223 0.5684 -0.0283
vn -0.0156 0.0241 0.9996
vn -0.0112 0.0261 0.9996
vn -0.0026 -0.0412 -0.9991
vn -0.0006 -0.0411 -0.9992
vn -0.0017 0.0493 0.9988
vn 0.0017 -0.0075 -1.0000
vn 0.0017 -0.2995 -0.9541
vn 0.0016 -0.3472 -0.9378
vn -0.0013 -0.6576 0.7534
vn -0.0011 -0.7764 0.6302
vn -0.0013 -0.6409 0.7676
vn -0.9330 -0.3597 0.0114
vn -0.9881 -0.1540 0.0032
vn -0.9837 -0.1798 0.0026
vn -0.9529 -0.3031 0.0065
vn 0.0016 -0.4483 -0.8939
vn 0.0016 -0.3002 -0.9539
vn 0.0016 -0.4163 -0.9092
vn 0.9144 -0.4045 0.0189
vn 0.9479 -0.3178 0.0206
vn 0.9737 -0.2276 0.0134
vn 0.9811 -0.1932 0.0096
vn -0.0013 -0.6685 0.7437
vn -0.0013 -0.6357 0.7719
vn -0.0013 -0.6606 0.7508
vn -0.0013 -0.6503 0.7597
vn -0.9093 -0.4156 0.0233
vn -0.9819 -0.1891 0.0078
vn -0.9746 -0.2238 0.0075
vn -0.9455 -0.3254 0.0127
vn 0.0011 -0.7633 -0.6460
vn 0.0016 -0.4361 -0.8999
vn 0.0015 -0.4906 -0.8714
vn 0.9998 -0.0205 0.0045
vn 0.9999 -0.0166 0.0041
vn 0.9962 -0.0851 0.0207
vn 0.9971 -0.0748 0.0137
vn -0.0017 -0.1851 0.9827
vn -0.0017 -0.1886 0.9821
vn -0.0017 0.2949 0.9555
vn -0.0017 0.3068 0.9518
vn -0.9999 -0.0168 0.0006
vn -0.9998 -0.0205 0.0012
vn -0.9969 -0.0775 0.0161
vn -0.9952 -0.0972 0.0140
vn 0.0017 -0.0978 -0.9952
vn 0.0017 -0.0969 -0.9953
vn 0.0016 -0.4012 -0.9160
vn 0.0016 -0.4126 -0.9109
vn 0.0017 -0.0170 -0.9999
vn 0.9782 -0.1251 0.1655
vn 0.9790 -0.1147 0.1688
vn -0.0013 0.6776 0.7354
vn -0.0012 0.7037 0.7105
vn -0.9807 -0.1114 0.1605
vn -0.9835 -0.1105 0.1432
vn 0.0012 -0.7394 -0.6733
vn 0.0015 -0.7555 -0.6552
vn 0.8564 -0.2916 0.4262
vn 0.8437 -0.3032 0.4430
vn 0.0115 0.8632 0.5047
vn 0.0003 0.8623 0.5064
vn -0.8540 -0.2952 0.4285
vn -0.8410 -0.3069 0.4456
vn 0.0128 -0.8633 -0.5046
vn 0.0019 -0.8623 -0.5064
vn 0.9523 -0.3048 0.0128
vn 0.9330 -0.3598 0.0112
vn -0.0013 -0.6571 0.7538
vn -0.0013 -0.6359 0.7718
vn 0.0016 -0.4490 -0.8935
vn 0.0016 -0.4357 -0.9001
vn -0.0017 -0.0104 0.9999
vn -1.0000 -0.0083 -0.0018
vn -1.0000 -0.0080 -0.0017
vn 0.0004 -0.7399 -0.6727
vn -0.0222 -0.8587 -0.5119
vn -0.0021 0.6783 0.7348
vn -0.0231 0.8589 0.5117
vn -0.6574 -0.4270 0.6209
vn 0.6665 -0.4214 0.6150
vn 0.9831 -0.1828 0.0077
vn 0.9877 -0.1564 0.0054
vn 1.0000 -0.0083 0.0017
vn 1.0000 -0.0079 0.0016
vn -0.0009 -0.8452 0.5344
vn -0.0009 -0.8445 0.5356
vn -0.0016 0.4194 0.9078
vn -0.0015 0.4631 0.8863
vn 0.0017 -0.0392 -0.9992
vn 0.0017 -0.0428 -0.9991
vn -0.0017 0.2320 0.9727
vn -0.0017 0.2910 0.9567
vn 0.0016 -0.3605 -0.9328
vn 0.0017 -0.3052 -0.9523
vn 0.0017 -0.2351 -0.9720
vn 0.0017 -0.2109 -0.9775
vn -0.0017 0.1111 0.9938
vn -0.0017 0.2044 0.9789
vn -0.0016 0.3627 0.9319
vn 0.0016 -0.4052 -0.9142
vn 0.0016 -0.3913 -0.9203
vn 0.0017 -0.1671 -0.9859
vn -0.0017 0.0562 0.9984
vn 0.5416 0.3377 0.7698
vn 0.5445 0.3365 0.7683
vn 0.5559 0.3758 0.7414
vn 0.5546 0.3760 0.7423
vn -0.5466 0.3337 0.7681
vn -0.5572 0.3760 0.7404
vn -0.5585 0.3758 0.7395
vn -0.5448 0.3336 0.7693
vn -0.0009 -0.8460 0.5332
vn 0.5692 0.2015 0.7971
vn 0.5359 0.1513 0.8306
vn 0.5388 0.1521 0.8286
vn 0.5738 0.2032 0.7934
vn 0.5316 0.0869 0.8425
vn 0.5318 0.0887 0.8422
vn 0.5731 0.2826 0.7692
vn 0.5947 0.2610 0.7604
vn 0.5949 0.2624 0.7597
vn 0.5731 0.2813 0.7697
vn 0.5295 0.0438 0.8472
vn 0.5290 0.0502 0.8471
vn 0.5293 0.0511 0.8469
vn 0.5294 0.0440 0.8472
vn -0.5720 0.2015 0.7951
vn -0.5766 0.2032 0.7914
vn -0.5416 0.1521 0.8267
vn -0.5388 0.1513 0.8288
vn -0.5350 0.0890 0.8401
vn -0.5343 0.0872 0.8408
vn -0.5779 0.2854 0.7646
vn -0.5736 0.2853 0.7679
vn -0.5975 0.2624 0.7577
vn -0.5973 0.2610 0.7583
vn -0.5323 0.0435 0.8454
vn -0.5326 0.0437 0.8452
vn -0.5322 0.0511 0.8451
vn -0.5320 0.0502 0.8453
vn -0.0017 0.0654 0.9979
vn 0.0017 -0.0318 -0.9995
vn -0.0009 -0.8457 0.5336
vn 0.0017 -0.0373 -0.9993
vn 0.0017 -0.1696 -0.9855
vn 0.0017 -0.0836 -0.9965
vn 0.0002 0.9962 -0.0870
vn 0.0009 0.8558 -0.5173
vn 0.0009 0.8460 -0.5332
vn 0.0014 -0.6186 -0.7857
vn -0.5579 0.5138 0.6517
vn 0.5556 0.5138 0.6537
vn -0.0014 0.6185 0.7858
vn -0.0009 -0.8558 0.5173
vn 0.9786 -0.0081 -0.2054
vn 0.9762 -0.0172 -0.2160
vn 1.0000 0.0003 0.0060
vn 1.0000 0.0002 0.0063
vn -1.0000 0.0003 0.0024
vn -0.9839 0.0143 0.1783
vn -0.9855 0.0067 0.1697
vn -1.0000 0.0002 0.0024
vn -0.0000 -0.9994 0.0347
vn -0.0000 -0.9994 0.0346
vn 0.0017 -0.0391 -0.9992
vn 0.0017 -0.0782 -0.9969
vn -0.1550 0.0768 0.9849
vn -0.1438 0.0747 0.9868
vn -0.0017 0.0794 0.9968
vn -0.0017 0.0787 0.9969
vn -0.0001 -0.9996 0.0298
vn 0.0031 -0.9996 0.0264
vn 0.0025 -0.9997 0.0262
vn -0.0001 -0.9994 0.0347
vn 0.0017 -0.0779 -0.9970
vn 0.0017 -0.0790 -0.9969
vn 0.1188 -0.0756 -0.9900
vn 0.1261 -0.0770 -0.9890
vn -0.0000 0.9999 -0.0129
vn -0.0000 0.9998 -0.0175
vn -0.0028 1.0000 -0.0089
vn -0.0029 1.0000 -0.0092
vn -0.9403 0.0137 0.3400
vn -0.9402 0.0271 0.3395
vn 0.2245 -0.0726 -0.9718
vn 0.2362 -0.0768 -0.9687
vn 0.0002 -0.9995 0.0318
vn -0.0013 -0.9994 0.0332
vn -0.0001 0.9999 -0.0144
vn 0.0014 0.9999 -0.0158
vn -0.3129 0.0752 0.9468
vn -0.3004 0.0708 0.9512
vn 0.9087 -0.0167 -0.4172
vn 0.9085 -0.0331 -0.4165
vn 1.0000 -0.0000 0.0053
vn 0.9776 -0.0000 -0.2107
vn -1.0000 -0.0000 0.0022
vn -0.9848 -0.0000 0.1740
vn -0.9403 -0.0000 0.3403
vn 0.9087 -0.0000 -0.4175
vn 1.0000 -0.0000 0.0059
vn 0.9771 -0.0000 -0.2130
vn -1.0000 -0.0000 0.0024
vn -0.9844 -0.0000 0.1758
vn -0.1548 0.0001 0.9880
vn -0.1542 -0.0000 0.9880
vn -0.3136 -0.0000 0.9495
vn -0.3136 0.0001 0.9495
vn 0.1264 -0.0002 -0.9920
vn 0.1261 -0.0000 -0.9920
vn 0.2363 -0.0000 -0.9717
vn -0.0000 -0.9998 0.0175
vn 0.0016 -0.9999 0.0099
vn -0.0010 -1.0000 0.0024
vn -0.0000 -0.9999 0.0124
vn 0.0006 -0.9999 0.0119
vn -0.0031 -0.9999 0.0138
vn 0.6468 0.0011 0.7627
vn 0.6468 -0.0000 0.7627
vn -0.0005 0.9999 -0.0119
vn 0.0031 0.9999 -0.0138
vn -0.9779 -0.0081 -0.2088
vn -1.0000 0.0002 0.0028
vn -1.0000 0.0003 0.0026
vn -0.9755 -0.0172 -0.2194
vn 1.0000 0.0003 0.0059
vn 1.0000 0.0002 0.0062
vn 0.9849 0.0067 0.1731
vn 0.9833 0.0143 0.1817
vn -0.0001 -0.9994 0.0346
vn 0.1516 0.0768 0.9855
vn 0.1404 0.0747 0.9873
vn -0.0025 -0.9997 0.0262
vn -0.0032 -0.9996 0.0264
vn -0.1227 -0.0770 -0.9895
vn -0.1154 -0.0756 -0.9904
vn 0.0029 1.0000 -0.0092
vn 0.0028 1.0000 -0.0089
vn 0.9391 0.0137 0.3433
vn 0.9390 0.0271 0.3427
vn -0.2211 -0.0726 -0.9725
vn -0.2328 -0.0768 -0.9695
vn -0.0003 -0.9995 0.0318
vn 0.0011 -0.9994 0.0332
vn 0.0002 0.9999 -0.0144
vn -0.0013 0.9999 -0.0158
vn 0.2970 0.0702 0.9523
vn 0.3096 0.0752 0.9479
vn -0.9071 -0.0331 -0.4197
vn -0.9072 -0.0167 -0.4204
vn -1.0000 -0.0000 0.0019
vn -0.9768 -0.0000 -0.2141
vn 1.0000 -0.0000 0.0057
vn 0.9841 -0.0000 0.1774
vn 0.9391 -0.0000 0.3436
vn -0.9072 -0.0000 -0.4207
vn -0.9763 -0.0000 -0.2164
vn 1.0000 -0.0000 0.0060
vn 0.9838 -0.0000 0.1792
vn 0.1513 -0.0000 0.9885
vn 0.3103 -0.0000 0.9506
vn 0.3103 0.0001 0.9506
vn 0.1508 0.0001 0.9886
vn -0.1226 -0.0002 -0.9925
vn -0.1229 -0.0000 -0.9924
vn -0.2329 -0.0000 -0.9725
vn 0.0010 -1.0000 0.0024
vn -0.0016 -1.0000 0.0098
vn -0.0005 -0.9999 0.0119
vn 0.0030 -0.9999 0.0138
vn -0.6495 -0.0000 0.7604
vn -0.6495 0.0011 0.7604
vn -0.0031 0.9999 -0.0138
vn 0.0005 0.9999 -0.0119
vn 0.9981 0.0615 0.0021
vn 0.9813 0.1764 -0.0776
vn 0.9780 0.1981 -0.0649
vn 0.9995 0.0240 -0.0212
vn -0.9784 0.2029 -0.0402
vn -0.9760 0.1679 -0.1389
vn -0.9991 0.0161 -0.0386
vn -1.0000 -0.0000 -0.0018
vn -0.0000 -1.0000 -0.0060
vn -0.0004 0.9681 0.2508
vn 0.3072 0.9214 0.2379
vn 0.3014 0.9456 0.1221
vn -0.0002 0.9921 0.1255
vn 0.0022 0.0018 -1.0000
vn 0.0024 0.0024 -1.0000
vn 0.0022 0.0025 -1.0000
vn 0.0017 0.0026 -1.0000
vn 0.0017 0.0029 -1.0000
vn 0.0018 0.0024 -1.0000
vn 0.9787 0.2052 0.0045
vn -0.9788 0.2049 -0.0003
vn -0.0013 -0.6919 0.7220
vn -0.0010 -0.8243 0.5661
vn 0.3073 0.9515 0.0168
vn 0.3073 0.9514 0.0196
vn -0.0000 0.9998 0.0201
vn -0.0000 0.9998 0.0174
vn 0.3065 0.9515 0.0268
vn 0.3076 0.9514 0.0141
vn -0.0000 0.9999 0.0147
vn -0.0000 0.9996 0.0280
vn 0.9771 0.2129 0.0045
vn 0.9784 0.2066 0.0069
vn -0.9774 0.2116 0.0021
vn -0.9783 0.2070 0.0040
vn -0.0004 -0.9796 0.2008
vn 0.0002 -0.9918 -0.1275
vn -0.0000 0.9997 0.0236
vn 0.3073 0.9513 0.0231
vn 0.9788 0.2049 0.0016
vn -0.9790 0.2038 -0.0041
vn 0.0009 -0.8612 -0.5083
vn 0.3049 0.9519 0.0312
vn 0.3077 0.9515 0.0049
vn -0.0000 1.0000 0.0044
vn -0.0001 0.9995 0.0326
vn 0.9756 0.2197 0.0013
vn 0.9768 0.2141 0.0083
vn -0.9763 0.2164 0.0084
vn -0.9763 0.2164 -0.0005
vn -0.0000 -1.0000 -0.0070
vn -0.0006 -0.9322 0.3619
vn -0.0001 0.9995 0.0331
vn 0.3048 0.9519 0.0315
vn 0.9790 0.2038 0.0058
vn -0.9787 0.2051 -0.0000
vn -0.0008 -0.8982 0.4395
vn 0.3067 0.9514 0.0283
vn 0.3069 0.9517 0.0037
vn -0.0000 1.0000 0.0025
vn -0.0001 0.9996 0.0292
vn 0.9772 0.2120 0.0064
vn 0.9791 0.2033 0.0075
vn -0.9774 0.2115 0.0035
vn -0.9791 0.2032 0.0040
vn -0.0001 -0.9968 0.0793
vn 0.0001 -0.9980 -0.0625
vn -0.0001 0.9995 0.0306
vn 0.3084 0.9508 0.0296
vn 0.9785 0.2063 -0.0008
vn -0.9790 0.2039 -0.0067
vn 0.0008 -0.8994 -0.4372
vn 0.3077 0.9515 0.0033
vn -0.0000 1.0000 0.0031
vn 0.9725 0.2326 0.0106
vn 0.9747 0.2221 0.0255
vn -0.9745 0.2242 0.0048
vn -0.9775 0.2083 0.0343
vn 0.0007 -0.9231 -0.3845
vn -0.0000 -1.0000 -0.0058
vn 0.0013 -0.6945 -0.7195
vn -0.2999 0.9461 0.1220
vn -0.3065 0.9216 0.2382
vn -0.0011 0.0031 -1.0000
vn 0.0009 0.0026 -1.0000
vn 0.0012 0.0023 -1.0000
vn 0.0014 0.0026 -1.0000
vn -0.3068 0.9516 0.0181
vn -0.3074 0.9515 0.0157
vn -0.3073 0.9515 0.0130
vn -0.3062 0.9516 0.0263
vn -0.3075 0.9513 0.0221
vn -0.3070 0.9517 0.0027
vn -0.3032 0.9525 0.0302
vn -0.3047 0.9519 0.0325
vn -0.3076 0.9515 0.0017
vn -0.3064 0.9515 0.0270
vn -0.3084 0.9508 0.0282
vn -0.3063 0.9519 0.0009
vn 0.7685 0.6398 0.0126
vn 0.7360 0.6769 -0.0077
vn -0.7167 0.6765 0.1694
vn -0.6980 0.7117 0.0787
vn -0.7223 0.6915 0.0112
vn -0.7456 0.6658 -0.0284
vn 0.7045 0.7046 0.0853
vn 0.7312 0.6660 0.1479
vn 0.7233 0.6904 0.0115
vn -0.7194 0.6944 0.0168
vn -0.7232 0.6906 0.0068
vn 0.7195 0.6943 0.0182
vn 0.7234 0.6902 0.0181
vn -0.7235 0.6901 0.0162
vn 0.7234 0.6904 0.0037
vn -0.7138 0.7002 0.0159
vn -0.7229 0.6909 -0.0026
vn 0.7142 0.6998 0.0178
vn 0.7175 0.6963 0.0222
vn -0.7170 0.6967 0.0247
vn 0.7227 0.6912 0.0078
vn -0.7195 0.6942 0.0188
vn -0.7232 0.6906 0.0013
vn 0.7195 0.6942 0.0207
vn 0.7262 0.6872 0.0222
vn -0.7262 0.6872 0.0193
vn 0.7228 0.6910 0.0004
vn -0.7218 0.6921 -0.0066
vn 0.0206 -0.3541 -0.9350
vn 0.6088 -0.5540 -0.5678
vn 0.0253 -0.8446 -0.5348
vn 0.0060 -0.5953 -0.8035
vn 0.7126 0.0123 -0.7014
vn 0.0169 0.0002 -0.9999
vn -0.0235 -0.8446 -0.5348
vn -0.6068 -0.5540 -0.5700
vn -0.0174 -0.3539 -0.9351
vn -0.0032 -0.5952 -0.8036
vn -0.0235 -0.9997 -0.0000
vn -0.7362 -0.6768 -0.0013
vn 0.0031 -0.9714 -0.2373
vn 0.0038 -0.6067 -0.7949
vn 0.0235 -0.9997 -0.0000
vn 0.0028 -1.0000 -0.0000
vn 0.0014 -0.6063 -0.7952
vn 0.0004 -0.9714 -0.2373
vn 0.0103 -0.9861 0.1659
vn 0.1459 -0.6382 0.7559
vn 0.0155 -0.5649 0.8250
vn 0.0056 -0.9790 0.2037
vn 0.1765 0.0027 0.9843
vn 0.0170 0.0004 0.9999
vn -0.0004 -0.9794 0.2019
vn -0.0014 -0.5673 0.8235
vn 0.6092 0.5482 0.5730
vn 0.2505 0.7776 0.5767
vn 0.0727 0.1508 0.9859
vn 0.1262 0.1313 0.9833
vn 0.7528 0.6583 0.0013
vn 0.3096 0.9509 0.0005
vn -0.0011 0.7955 0.6060
vn -0.0017 0.1340 0.9910
vn 0.0108 0.0085 -0.9999
vn 0.0181 0.0050 -0.9998
vn 0.0035 0.0015 -1.0000
vn 0.0070 0.0120 -0.9999
vn 0.0036 -0.0000 -1.0000
vn 0.0018 0.0013 -1.0000
vn 0.0017 0.0110 -0.9999
vn 0.9998 0.0174 0.0017
vn 0.7362 -0.6768 0.0013
vn -0.1483 -0.6262 0.7654
vn -0.1800 0.0030 0.9837
vn -0.8100 0.0150 0.5862
vn -0.6742 -0.5698 0.4698
vn -0.9998 0.0189 -0.0017
vn 0.0032 -0.1052 -0.9944
vn 0.0017 -0.1053 -0.9944
vn 0.7423 0.1535 -0.6522
vn 0.5795 0.5064 -0.6386
vn 0.9791 0.2035 0.0017
vn -0.1972 0.0560 0.9788
vn -0.8219 0.1647 0.5453
vn -0.1297 0.1307 0.9829
vn -0.6124 0.5472 0.5705
vn -0.9792 0.2031 -0.0017
vn -0.7540 0.6569 -0.0013
vn 0.1940 0.0563 0.9794
vn 0.0161 0.0149 0.9998
vn -0.0017 0.0153 0.9999
vn 0.2354 0.7215 -0.6512
vn 0.0012 0.7303 -0.6831
vn -0.7105 0.0134 -0.7036
vn -0.0134 0.0002 -0.9999
vn -0.0077 0.0087 -0.9999
vn -0.0149 0.0049 -0.9999
vn -0.7396 0.1531 -0.6554
vn -0.5784 0.5055 -0.6402
vn 0.7362 -0.6767 0.0013
vn 0.0236 -0.9997 -0.0000
vn 0.0309 -0.9962 0.0819
vn 0.6722 -0.5701 0.4724
vn -0.0280 -0.9978 0.0597
vn -0.0103 -0.9861 0.1660
vn 0.0024 -0.9998 0.0211
vn -0.0000 -0.9998 0.0212
vn 0.8079 0.0138 0.5892
vn 0.8203 0.1650 0.5476
vn -0.0010 -0.6067 -0.7949
vn -0.0023 -0.9714 -0.2374
vn -0.0062 -0.9790 0.2037
vn -0.0183 -0.5649 0.8250
vn -0.3096 0.9509 -0.0005
vn -0.2525 0.7776 0.5758
vn -0.0761 0.1508 0.9856
vn -0.0001 -0.0000 -1.0000
vn -0.0002 0.0019 -1.0000
vn -0.0036 0.0121 -0.9999
vn -0.0205 0.0004 0.9998
vn 0.0002 -0.1052 -0.9944
vn -0.0195 0.0149 0.9997
vn -0.0028 -1.0000 -0.0000
vn -0.2332 0.7215 -0.6520
vn -0.0024 -0.9998 0.0211
vn -0.5939 -0.5656 0.5722
vn -0.0203 -0.7268 0.6866
vn -0.0157 -0.0184 0.9997
vn -0.7206 -0.0037 0.6933
vn 0.0122 -0.0184 0.9998
vn 0.0177 -0.7268 0.6866
vn 0.5914 -0.5671 0.5733
vn 0.7182 -0.0037 0.6958
vn 0.0260 -0.9997 -0.0000
vn 0.7218 -0.6921 0.0013
vn -0.0039 -0.7269 0.6868
vn -0.0260 -0.9997 -0.0000
vn -0.0013 -0.7263 0.6874
vn -0.0019 -0.0272 0.9996
vn -0.0034 -0.0281 0.9996
vn -0.0175 -0.0238 -0.9996
vn 0.0001 -0.0366 -0.9993
vn -0.0007 -0.7336 -0.6796
vn -0.0190 -0.7322 -0.6808
vn -0.5743 0.5532 -0.6035
vn -0.2522 0.7380 -0.6259
vn -0.1031 0.2569 -0.9609
vn -0.1642 0.2209 -0.9614
vn -0.7043 0.7027 -0.1008
vn -0.3199 0.9348 -0.1543
vn 0.0011 0.7636 -0.6457
vn 0.0003 0.9866 -0.1630
vn 0.0017 0.2396 -0.9709
vn -0.0191 0.0177 0.9997
vn -0.0250 0.0085 0.9997
vn -0.0046 0.0028 1.0000
vn -0.0128 0.0254 0.9996
vn -0.0221 0.0013 0.9998
vn -0.0042 0.0001 1.0000
vn -0.0017 0.0024 1.0000
vn -0.0017 0.0237 0.9997
vn -1.0000 -0.0051 -0.0017
vn -0.7217 -0.6922 -0.0005
vn 1.0000 -0.0051 0.0017
vn 0.5949 -0.5682 -0.5686
vn 0.7246 -0.0037 -0.6892
vn 0.0017 -0.0368 -0.9993
vn 0.0012 -0.7327 -0.6805
vn -0.0215 0.0002 0.9998
vn -0.7243 0.0087 0.6894
vn -0.7273 0.0489 0.6846
vn 0.0202 -0.0245 -0.9995
vn 0.0309 0.0068 -0.9995
vn 0.7259 0.0167 -0.6876
vn 0.0644 0.0238 -0.9976
vn 0.7373 0.0700 -0.6719
vn 0.9999 0.0123 0.0017
vn 0.9980 0.0639 -0.0007
vn -0.0252 0.0025 -0.9997
vn -0.0008 -0.0000 -1.0000
vn -0.0593 0.0276 -0.9979
vn -0.0028 0.0008 -1.0000
vn -0.5805 0.5487 0.6017
vn -0.2640 0.7523 0.6036
vn -0.0011 0.7955 0.6059
vn 0.0001 0.9978 -0.0662
vn -0.3371 0.9394 -0.0620
vn -0.7308 0.2080 0.6502
vn -0.7411 0.6708 -0.0287
vn -0.9651 0.2619 0.0010
vn -0.9977 0.0672 -0.0028
vn 0.5768 0.5502 0.6038
vn 0.0169 0.0188 0.9997
vn 0.0217 0.0083 0.9997
vn 0.7285 0.2067 0.6532
vn 0.0186 0.0013 0.9998
vn 0.7250 0.0490 0.6870
vn 0.9646 0.2636 0.0036
vn 0.9978 0.0664 0.0014
vn 0.7413 0.6706 -0.0281
vn -0.7218 -0.6921 -0.0013
vn -1.0000 -0.0052 -0.0017
vn -0.7265 0.6872 0.0056
vn -0.9624 0.2710 0.0164
vn -0.9565 0.2909 -0.0234
vn -0.9978 0.0658 -0.0024
vn -0.9979 0.0644 -0.0036
vn -0.3313 0.9434 -0.0154
vn -0.0000 0.9999 -0.0170
vn 0.7070 0.7006 -0.0962
vn 0.7294 0.6841 0.0076
vn 0.9608 0.2766 0.0194
vn 0.9557 0.2937 -0.0185
vn 0.9979 0.0644 0.0010
vn -0.5928 -0.5683 -0.5707
vn 0.0202 -0.7317 -0.6813
vn -0.7222 -0.0037 -0.6917
vn -0.7625 0.2292 -0.6051
vn -0.1501 0.0948 -0.9841
vn -0.7369 0.0748 -0.6718
vn 0.0001 -0.0280 0.9996
vn 0.0016 -0.7269 0.6868
vn 0.3204 0.9348 -0.1532
vn 0.2544 0.7380 -0.6250
vn 0.5764 0.5532 -0.6015
vn 0.1065 0.2569 -0.9606
vn 0.1676 0.2209 -0.9608
vn 0.0003 -0.0000 1.0000
vn 0.0180 0.0002 0.9998
vn 0.0007 0.0001 1.0000
vn 0.0041 -0.0372 -0.9993
vn 0.0043 -0.7331 -0.6801
vn 0.0182 0.0321 -0.9993
vn 0.0017 0.0286 -0.9996
vn 0.1535 0.0948 -0.9836
vn 0.0068 0.0002 -1.0000
vn 0.0092 0.0256 0.9996
vn 0.2626 0.7522 0.6043
vn 0.3380 0.9392 -0.0604
vn 0.3313 0.9434 -0.0142
vn -0.0038 -0.0000 1.0000
vn 0.7646 0.2292 -0.6024
vn -0.0147 0.0321 -0.9994
vn -0.9999 0.0121 -0.0017
vn 0.7219 0.0087 0.6920
vn 0.9999 0.0121 0.0017
vn -0.9999 0.0124 -0.0017
vn -0.9999 0.0123 -0.0017
vn 0.9999 0.0122 0.0017
vn -0.7253 0.0123 -0.6883
vn 0.0008 0.0025 1.0000
vn 0.0051 0.0007 -1.0000
vn -0.0327 0.9338 -0.3563
vn -0.0049 0.7055 -0.7087
vn -0.0356 0.4682 -0.8829
vn -0.5956 0.5733 -0.5626
vn -0.0305 0.0009 -0.9995
vn -0.7266 0.0229 -0.6867
vn 0.0387 0.4682 -0.8828
vn 0.0080 0.6996 -0.7145
vn 0.0339 0.9338 -0.3562
vn 0.5976 0.5732 -0.5606
vn -0.0027 0.9918 -0.1277
vn -0.0014 0.6817 -0.7316
vn 0.0002 0.9918 -0.1276
vn 0.0013 0.6815 -0.7319
vn -0.0138 0.9938 0.1101
vn -0.2303 0.6361 0.7364
vn -0.0286 0.6101 0.7918
vn -0.0073 0.9903 0.1386
vn -0.0341 0.0005 0.9994
vn -0.2929 0.0074 0.9561
vn -0.0002 0.9907 0.1360
vn -0.0014 0.6154 0.7882
vn -0.6321 -0.6116 0.4758
vn -0.2762 -0.7918 0.5448
vn -0.1436 -0.3345 0.9314
vn -0.2647 -0.3002 0.9164
vn -0.7246 -0.6888 0.0250
vn -0.3408 -0.9307 0.1329
vn -0.0011 -0.7877 0.6160
vn -0.0004 -0.9783 0.2071
vn -0.0017 -0.3010 0.9536
vn -0.0338 -0.0363 -0.9988
vn -0.0394 -0.0169 -0.9991
vn -0.0010 -0.0023 -1.0000
vn -0.0185 -0.0439 -0.9989
vn -0.0320 -0.0027 -0.9995
vn 0.0002 -0.0001 -1.0000
vn 0.0017 -0.0019 -1.0000
vn 0.0020 -0.0396 -0.9992
vn 0.2892 0.0084 0.9572
vn 0.8656 0.0271 0.5000
vn 0.6902 0.6044 0.3978
vn 0.2274 0.6290 0.7434
vn 0.9995 0.0316 0.0017
vn 0.7139 0.7002 0.0012
vn 0.0002 0.0920 -0.9958
vn 0.0017 0.0920 -0.9958
vn -0.0308 0.0002 -0.9995
vn -0.7326 0.0053 -0.6806
vn -0.7367 -0.0562 -0.6739
vn 0.2908 0.0014 0.9568
vn 0.8672 0.0060 0.4980
vn 0.2991 -0.0226 0.9539
vn 0.8686 -0.0648 0.4913
vn 1.0000 0.0073 0.0017
vn 0.9971 -0.0763 0.0017
vn -0.2942 0.0022 0.9557
vn -0.0341 0.0002 0.9994
vn -0.3025 -0.0229 0.9529
vn -0.0345 -0.0013 0.9994
vn -0.0270 0.9996 -0.0000
vn -0.7139 0.7002 -0.0012
vn 0.0270 0.9996 -0.0000
vn -0.0028 1.0000 -0.0000
vn -0.2716 -0.7170 -0.6420
vn -0.5691 -0.5320 -0.6270
vn 0.0014 -0.7643 -0.6449
vn -0.9995 0.0316 -0.0017
vn 0.7290 0.0230 -0.6841
vn 0.0341 0.0010 -0.9994
vn -0.7266 -0.2295 -0.6475
vn -0.7298 -0.6837 -0.0013
vn -0.9527 -0.3038 -0.0017
vn -0.9971 -0.0763 -0.0017
vn 0.0425 -0.0162 -0.9990
vn 0.7292 -0.2297 -0.6447
vn 0.5711 -0.5324 -0.6248
vn 0.0379 -0.0378 -0.9986
vn 0.0352 -0.0024 -0.9994
vn 0.7393 -0.0559 -0.6711
vn -0.3583 -0.9336 -0.0006
vn 0.9527 -0.3038 0.0017
vn 0.7298 -0.6837 0.0013
vn -0.7286 -0.6849 0.0053
vn -0.9525 -0.3044 -0.0014
vn -0.3545 -0.9344 0.0357
vn -0.0001 -0.9983 0.0581
vn 0.7289 -0.6846 0.0083
vn 0.9526 -0.3043 0.0020
vn 0.9524 -0.3048 0.0017
vn 0.7248 -0.6885 0.0272
vn -0.0345 0.9981 0.0516
vn -0.6910 0.6048 0.3960
vn 0.0313 0.9988 0.0379
vn 0.0123 0.9938 0.1103
vn -0.0027 0.9999 0.0139
vn -0.0000 0.9999 0.0139
vn -0.8672 0.0266 0.4973
vn -0.8530 -0.2591 0.4531
vn -0.3347 -0.1329 0.9329
vn -0.8704 -0.0651 0.4881
vn 0.0029 0.9918 -0.1275
vn 0.0037 0.6816 -0.7317
vn 0.0069 0.9903 0.1386
vn 0.0258 0.6101 0.7919
vn 0.3403 -0.9307 0.1341
vn 0.2742 -0.7915 0.5462
vn 0.6304 -0.6116 0.4780
vn 0.1404 -0.3345 0.9319
vn 0.2615 -0.3002 0.9173
vn 0.0343 0.0002 -0.9994
vn 0.0033 -0.0001 -1.0000
vn 0.0305 0.0006 0.9995
vn 0.0032 0.0920 -0.9958
vn 0.0381 -0.0441 0.9983
vn -0.0017 -0.0402 0.9992
vn 0.3315 -0.1331 0.9340
vn 0.0311 -0.0012 0.9995
vn 0.0028 1.0000 -0.0000
vn 0.2736 -0.7171 -0.6410
vn 0.0220 -0.0444 -0.9988
vn 0.3583 -0.9336 0.0006
vn 0.3544 -0.9344 0.0370
vn 0.0027 0.9999 0.0139
vn 0.8514 -0.2591 0.4561
vn -0.0416 -0.0441 0.9982
vn -1.0000 0.0073 -0.0017
vn 0.7349 0.0054 -0.6781
vn -0.8688 0.0068 0.4951
vn 0.0040 -0.0021 -1.0000
vn 0.0306 -0.0000 0.9995
vn 0.0003 -0.9866 -0.1632
vn 0.0002 0.9899 -0.1416
vn 0.0005 0.9563 -0.2923
vn 0.0005 0.9570 -0.2903
vn 0.9989 0.0477 0.0017
vn -0.9989 0.0477 -0.0017
vn -0.0013 0.6369 0.7709
vn 0.0012 0.7201 -0.6938
vn 0.0010 0.8315 -0.5555
vn 0.0001 0.9970 -0.0772
vn 0.0005 0.9624 -0.2715
vn -0.9941 -0.0000 -0.1081
vn -0.0004 0.9758 0.2188
vn -0.9978 -0.0000 -0.0665
vn 0.0007 0.9130 -0.4080
vn -0.9994 -0.0000 -0.0351
vn -0.0002 0.9961 0.0888
vn 0.0001 0.9965 -0.0831
vn -0.0004 0.9751 0.2218
vn 0.0003 0.9845 -0.1756
vn 0.0001 0.9967 -0.0811
vn 0.0002 0.9912 -0.1324
vn -0.0000 0.9999 -0.0118
vn 0.9945 -0.0000 -0.1046
vn 0.9980 -0.0000 -0.0630
vn 0.9995 -0.0000 -0.0317
vn -0.2918 0.9555 0.0443
vn -0.2261 0.9727 0.0517
vn -0.0006 0.9986 0.0536
vn -0.0001 0.9985 0.0544
vn 0.0018 -0.0000 -1.0000
vn 0.9999 -0.0000 0.0166
vn -0.9999 -0.0000 0.0131
vn 0.0001 -0.9992 -0.0397
vn 0.2255 0.9728 0.0525
vn -0.1505 0.9872 0.0519
vn -0.0001 0.9992 0.0397
vn 0.2916 0.9555 0.0453
vn -0.0220 0.2473 0.9687
vn -0.9902 0.1394 -0.0017
vn -0.9976 0.0698 -0.0017
vn -0.9976 0.0698 -0.0018
vn -0.5815 0.8135 -0.0010
vn -0.0005 1.0000 -0.0000
vn 0.9976 0.0692 0.0017
vn -0.0017 0.2157 0.9764
vn -0.0017 0.2158 0.9764
vn 0.1502 0.9873 0.0525
vn 0.0186 0.2473 0.9688
vn 0.9904 0.1380 0.0017
vn 0.5807 0.8141 0.0010
vn -0.6144 0.7890 -0.0087
vn -0.6144 0.7889 -0.0087
vn 0.6144 0.7890 -0.0059
vn 0.6144 0.7890 -0.0065
vn 0.6145 0.7889 -0.0065
vn -0.0017 0.2157 0.9765
vn -0.9976 0.0699 -0.0017
vn -0.5816 0.8135 -0.0010
vn -0.9980 0.0626 -0.0017
vn 0.9981 0.0620 0.0017
vn 0.0014 -0.5831 -0.8124
vn 0.0014 -0.5841 -0.8117
vn 0.0014 -0.5871 -0.8095
vn 0.0010 0.8189 -0.5739
vn -0.0009 -0.8704 0.4924
vn -0.0009 -0.8682 0.4962
vn -0.0009 0.8641 0.5034
vn -0.0017 0.2132 0.9770
vn 0.0004 0.9669 -0.2552
vn -0.0014 -0.6209 0.7839
vn 0.0014 -0.5811 -0.8139
vn -0.0014 0.5811 0.8139
vn -0.7812 -0.3669 -0.5050
vn -0.7812 -0.3669 -0.5051
vn -0.7810 -0.3670 -0.5053
vn -0.7811 -0.3670 -0.5052
vn -0.7808 -0.3671 -0.5055
vn -0.7809 -0.3671 -0.5055
vn 0.0009 0.8407 -0.5415
vn -0.0009 -0.8660 0.5000
vn -0.0009 -0.8407 0.5415
vn -0.0003 -0.9816 0.1910
vn -0.0004 -0.9753 0.2208
vn -0.0017 0.2591 0.9659
vn -0.0017 0.2590 0.9659
vn 0.0006 0.9348 -0.3552
vn -0.0001 0.9998 -0.0174
vn -0.0004 -0.9891 0.1472
vn -0.0000 0.9986 -0.0531
vn 0.0002 0.9945 -0.1051
vn 0.0006 -0.9737 -0.2277
vn 0.0006 -0.9737 -0.2276
vn 0.0014 -0.6601 -0.7512
vn 0.0017 -0.1419 -0.9899
vn 0.0017 -0.1418 -0.9899
vn 0.0007 0.9205 -0.3908
vn 0.0015 0.5289 -0.8487
vn 0.0011 0.7558 -0.6548
vn -0.0004 -0.9761 0.2174
vn -0.0004 -0.9730 0.2308
vn -0.0017 0.0834 0.9965
vn -0.0017 -0.0948 0.9955
vn -0.0000 0.9998 0.0178
vn -0.0003 -0.9806 0.1958
vn -0.0003 -0.9811 0.1933
vn -0.0004 -0.9797 0.2007
vn -0.0003 -0.9797 0.2007
vn -0.3873 -0.8919 0.2334
vn -0.3880 -0.8965 0.2141
vn -0.4598 -0.8634 0.2076
vn -0.4584 -0.8556 0.2404
vn -0.3888 -0.8965 0.2124
vn -0.3912 -0.8986 0.1988
vn -0.4625 -0.8655 0.1925
vn -0.4595 -0.8642 0.2050
vn -0.5037 -0.8466 0.1717
vn -0.5832 -0.7957 0.1635
vn -0.5595 -0.8116 0.1681
vn -0.5001 -0.8486 0.1726
vn 0.3882 0.0734 0.9187
vn 0.6416 0.0361 0.7662
vn 0.5643 0.0296 0.8250
vn 0.2517 0.0365 0.9671
vn 0.7304 0.0263 0.6826
vn 0.5139 0.0032 0.8579
vn 0.4438 -0.0117 0.8960
vn 0.6854 0.0166 0.7280
vn 0.2099 0.8977 -0.3874
vn 0.0509 0.7249 -0.6870
vn -0.1363 0.7116 -0.6892
vn 0.0339 0.9276 -0.3720
vn -0.0351 0.7029 -0.7104
vn -0.2586 0.6750 -0.6910
vn -0.3200 0.9467 -0.0356
vn -0.3231 0.9430 -0.0796
vn -0.3578 0.9337 0.0114
vn -0.3601 0.9328 0.0109
vn -0.2782 0.9505 -0.1385
vn -0.2135 0.9654 -0.1496
vn -0.0133 0.9581 -0.2861
vn 0.0178 0.8641 -0.5030
vn 0.4255 0.5074 -0.7493
vn 0.0480 0.4370 -0.8982
vn 0.5272 -0.0894 -0.8450
vn 0.0884 -0.1386 -0.9864
vn 0.5951 -0.5379 -0.5971
vn 0.1179 -0.6187 -0.7768
vn 0.5536 -0.6483 -0.5227
vn 0.2220 -0.7595 -0.6115
vn -0.2166 -0.9606 0.1739
vn -0.3250 -0.9152 0.2382
vn -0.3978 -0.8952 0.2009
vn -0.3546 -0.9132 0.2007
vn 0.0791 0.1089 0.9909
vn 0.1323 0.1208 0.9838
vn 0.5094 0.0598 0.8584
vn 0.0002 0.9835 -0.1806
vn 0.0017 0.0621 -0.9981
vn -0.0002 -0.9797 0.2007
vn -0.0003 -0.9825 0.1860
vn -0.6185 -0.7690 0.1613
vn -0.6083 -0.7771 0.1616
vn -0.5464 -0.8202 0.1695
vn -0.0184 0.9997 0.0178
vn -0.0183 0.9997 0.0178
vn 0.0638 0.9978 0.0179
vn 0.1230 0.9922 0.0179
vn 0.1547 -0.0375 0.9873
vn -0.1080 0.0420 0.9933
vn 0.0006 0.9436 -0.3312
vn -0.0004 -0.9783 0.2074
vn -0.0003 -0.9825 0.1861
vn -0.1203 0.9497 -0.2890
vn -0.5256 -0.8270 0.1995
vn -0.5152 -0.8264 0.2273
vn -0.5274 -0.8268 0.1957
vn -0.5331 -0.8266 0.1805
vn -0.6204 -0.7679 0.1594
vn 0.2761 -0.0200 0.9609
vn -0.3258 0.6746 -0.6624
vn -0.4023 0.6364 -0.6581
vn -0.3539 0.9339 -0.0510
vn -0.3545 0.9350 0.0119
vn -0.2796 0.8442 -0.4574
vn -0.3351 0.9337 -0.1266
vn -0.4167 0.4275 -0.8022
vn -0.3734 -0.1189 -0.9200
vn -0.4030 -0.5695 -0.7164
vn -0.3555 -0.7273 -0.5870
vn -0.4855 -0.8481 0.2123
vn -0.4413 -0.8768 0.1909
vn 0.6514 0.0275 0.7582
vn -0.4855 -0.8566 0.1746
vn 0.2618 0.9650 0.0177
vn -0.3592 0.9332 0.0114
vn -0.3615 0.9323 0.0111
vn -0.3558 0.9345 0.0117
vn -0.3033 -0.9250 0.2290
vn -0.1515 -0.9641 0.2181
vn -0.3666 -0.9003 0.2347
vn -0.0015 0.5000 0.8660
vn -0.0009 0.8660 0.5000
vn 0.0009 0.8660 -0.5000
vn 0.0015 0.5000 -0.8660
vn 0.0015 -0.5000 -0.8660
vn 0.0009 -0.8660 -0.5000
vn -0.0015 -0.5000 0.8660
vn -0.9712 -0.0000 0.2381
vn -0.9148 -0.0000 0.4039
vn -0.9147 0.2027 0.3496
vn -0.9712 0.1199 0.2060
vn -0.9145 0.3512 0.2011
vn -0.9710 0.2077 0.1182
vn -0.9141 0.4055 -0.0016
vn -0.9708 0.2398 -0.0017
vn -0.9138 0.3512 -0.2043
vn -0.9706 0.2077 -0.1216
vn -0.9135 0.2027 -0.3528
vn -0.9705 0.1199 -0.2094
vn -0.9134 -0.0000 -0.4071
vn -0.9704 -0.0000 -0.2415
vn -0.9135 -0.2027 -0.3528
vn -0.9705 -0.1199 -0.2094
vn -0.9138 -0.3512 -0.2043
vn -0.9706 -0.2077 -0.1216
vn -0.9141 -0.4055 -0.0016
vn -0.9708 -0.2398 -0.0017
vn -0.9145 -0.3512 0.2011
vn -0.9710 -0.2077 0.1182
vn -0.9147 -0.2027 0.3496
vn -0.9712 -0.1199 0.2060
vn -0.9925 -0.1224 -0.0034
vn -0.9933 -0.1157 -0.0023
vn -0.0017 -0.0701 0.9975
vn -0.0017 -0.1019 0.9948
vn -0.8323 -0.5541 -0.0164
vn -0.8337 -0.5520 -0.0162
vn -0.3721 -0.9282 -0.0059
vn -0.3721 -0.9281 -0.0083
vn -0.0000 -1.0000 -0.0014
vn 0.0017 -0.0026 -1.0000
vn 0.0008 -0.0310 -0.9995
vn 0.0017 -0.0259 -0.9997
vn -0.0033 -0.0431 -0.9991
vn -0.0022 -0.0346 -0.9994
vn -0.0120 -0.0893 0.9959
vn -0.0035 -0.0605 0.9982
vn -0.0092 -0.0692 0.9976
vn -0.0017 -0.0750 0.9972
vn -0.0017 -0.1038 0.9946
vn -0.0057 -0.1091 0.9940
vn 0.0017 -0.0263 -0.9997
vn -0.0004 -0.0289 -0.9996
vn 0.0017 0.0056 -1.0000
vn 0.0017 0.0172 -0.9998
vn 0.0017 0.0522 -0.9986
vn 0.0017 -0.0374 -0.9993
vn -0.0017 -0.0557 0.9984
vn -0.0017 -0.0206 0.9998
vn -0.0017 -0.1202 0.9927
vn 0.0017 -0.0324 -0.9995
vn 0.0017 -0.0177 -0.9998
vn 0.0011 -0.7747 -0.6323
vn 0.0013 -0.6382 -0.7699
vn 0.0009 -0.8499 -0.5270
vn 0.0010 -0.8141 -0.5807
vn -0.0017 -0.0702 0.9975
vn 0.0017 0.1269 -0.9919
vn 0.0017 0.2612 -0.9653
vn 0.0016 0.3906 -0.9206
vn 0.9933 -0.1157 0.0011
vn 0.9925 -0.1223 -0.0000
vn 0.8323 -0.5541 -0.0134
vn 0.8338 -0.5520 -0.0133
vn 0.3721 -0.9282 -0.0046
vn 0.3721 -0.9281 -0.0070
vn 0.0027 -0.0310 -0.9995
vn 0.0056 -0.0346 -0.9994
vn 0.0068 -0.0431 -0.9990
vn 0.0085 -0.0893 0.9960
vn 0.0058 -0.0691 0.9976
vn -0.0000 -0.0605 0.9982
vn 0.0023 -0.1091 0.9940
vn 0.0039 -0.0289 -0.9996
vn 0.0018 -0.0324 -0.9995
vn -1.0000 0.0005 -0.0029
vn -0.9665 0.2565 -0.0030
vn -0.9661 0.2224 -0.1311
vn -0.9659 0.1287 -0.2249
vn -0.9658 0.0006 -0.2592
vn -0.9661 -0.1274 -0.2247
vn -0.9665 -0.2209 -0.1309
vn -0.9669 -0.2550 -0.0030
vn -0.9674 -0.2206 0.1247
vn -0.9676 -0.1271 0.2180
vn -0.9676 0.0006 0.2523
vn -0.9674 0.1283 0.2182
vn -0.9670 0.2220 0.1248
vn -0.7601 0.6498 -0.0027
vn -0.7582 0.5636 -0.3278
vn -0.7573 0.3258 -0.5660
vn -0.7574 0.0006 -0.6530
vn -0.7585 -0.3242 -0.5653
vn -0.7604 -0.5611 -0.3271
vn -0.7625 -0.6470 -0.0027
vn -0.7643 -0.5596 0.3206
vn -0.7652 -0.3226 0.5572
vn -0.7651 0.0006 0.6439
vn -0.7640 0.3243 0.5578
vn -0.7622 0.5620 0.3214
vn -0.5654 0.8248 -0.0010
vn -0.5625 0.7156 -0.4142
vn -0.5610 0.4135 -0.7172
vn -0.5612 -0.0000 -0.8277
vn -0.5631 -0.4128 -0.7159
vn -0.5663 -0.7134 -0.4129
vn -0.5698 -0.8218 -0.0010
vn -0.5727 -0.7104 0.4091
vn -0.5742 -0.4098 0.7088
vn -0.5739 -0.0000 0.8189
vn -0.5721 0.4106 0.7101
vn -0.5689 0.7127 0.4104
vn -0.9661 -0.1274 -0.2246
vn -0.9674 -0.2206 0.1246
vn -0.7583 0.5636 -0.3277
vn -0.7573 0.0006 -0.6530
vn -0.7652 -0.3226 0.5571
vn -0.5632 -0.4128 -0.7159
vn -0.5743 -0.4098 0.7087
vn -0.5740 -0.0000 0.8189
vn -0.5720 0.4106 0.7101
vn -1.0000 0.0005 -0.0030
vn -0.9626 0.2710 -0.0031
vn -0.9621 0.2349 -0.1384
vn -0.9618 0.1359 -0.2375
vn -0.9618 0.0006 -0.2737
vn -0.9621 -0.1346 -0.2373
vn -0.9625 -0.2334 -0.1382
vn -0.9630 -0.2694 -0.0031
vn -0.9635 -0.2330 0.1318
vn -0.9638 -0.1342 0.2305
vn -0.9638 0.0006 0.2666
vn -0.9636 0.1356 0.2306
vn -0.9631 0.2346 0.1320
vn -0.7439 0.6683 -0.0027
vn -0.7421 0.5795 -0.3369
vn -0.7411 0.3350 -0.5819
vn -0.7412 0.0006 -0.6713
vn -0.7423 -0.3334 -0.5812
vn -0.7442 -0.5771 -0.3363
vn -0.7464 -0.6655 -0.0027
vn -0.7482 -0.5756 0.3300
vn -0.7492 -0.3319 0.5732
vn -0.7492 0.0006 0.6624
vn -0.7480 0.3335 0.5739
vn -0.7461 0.5780 0.3306
vn -0.5418 0.8405 -0.0010
vn -0.5389 0.7291 -0.4219
vn -0.5373 0.4213 -0.7306
vn -0.5376 -0.0000 -0.8432
vn -0.5395 -0.4206 -0.7294
vn -0.5426 -0.7270 -0.4208
vn -0.5461 -0.8377 -0.0010
vn -0.5490 -0.7243 0.4171
vn -0.5506 -0.4178 0.7227
vn -0.5504 -0.0000 0.8349
vn -0.5484 0.4186 0.7239
vn -0.5453 0.7264 0.4184
vn -0.7480 0.3335 0.5738
vn -0.5372 0.4213 -0.7307
vn -0.5375 -0.0000 -0.8432
vn -0.5394 -0.4206 -0.7294
vn -0.5461 -0.8377 -0.0011
vn -0.5373 0.4213 -0.7307
vn -0.5394 -0.4206 -0.7295
vn 1.0000 0.0005 0.0006
vn 0.9666 0.2224 -0.1277
vn 0.9665 0.2565 0.0004
vn 0.9666 0.1287 -0.2215
vn 0.9667 0.0006 -0.2558
vn 0.9669 -0.1274 -0.2213
vn 0.9669 -0.2209 -0.1275
vn 0.9669 -0.2550 0.0004
vn 0.9669 -0.2206 0.1281
vn 0.9669 -0.1271 0.2214
vn 0.9668 0.0006 0.2557
vn 0.9667 0.1283 0.2216
vn 0.9666 0.2220 0.1282
vn 0.7594 0.5636 -0.3251
vn 0.7601 0.6498 -0.0001
vn 0.7593 0.3258 -0.5633
vn 0.7596 0.0006 -0.6503
vn 0.7605 -0.3242 -0.5626
vn 0.7615 -0.5611 -0.3245
vn 0.7625 -0.6470 -0.0001
vn 0.7631 -0.5596 0.3233
vn 0.7633 -0.3226 0.5597
vn 0.7629 0.0006 0.6465
vn 0.7621 0.3243 0.5604
vn 0.7610 0.5620 0.3240
vn 0.5639 0.7156 -0.4122
vn 0.5654 0.8248 0.0010
vn 0.5635 0.4135 -0.7152
vn 0.5641 -0.0000 -0.8257
vn 0.5656 -0.4128 -0.7139
vn 0.5678 -0.7133 -0.4109
vn 0.5698 -0.8218 0.0010
vn 0.5712 -0.7104 0.4111
vn 0.5718 -0.4098 0.7108
vn 0.5711 -0.0000 0.8209
vn 0.5696 0.4106 0.7121
vn 0.5675 0.7127 0.4124
vn 0.9668 -0.1274 -0.2213
vn 0.7633 -0.3226 0.5598
vn 0.7611 0.5620 0.3240
vn 0.5640 0.7156 -0.4122
vn 0.5657 -0.4128 -0.7139
vn 0.5677 -0.7134 -0.4109
vn 0.5718 -0.4098 0.7107
vn 0.5695 0.4106 0.7121
vn 0.9626 0.2349 -0.1350
vn 0.9626 0.2710 0.0003
vn 0.9627 0.1359 -0.2341
vn 0.9628 0.0006 -0.2703
vn 0.9629 -0.1346 -0.2339
vn 0.9630 -0.2334 -0.1348
vn 0.9630 -0.2694 0.0003
vn 0.9630 -0.2330 0.1352
vn 0.9630 -0.1342 0.2339
vn 0.9629 0.0006 0.2700
vn 0.9627 0.1356 0.2340
vn 0.9626 0.2346 0.1354
vn 0.7433 0.5795 -0.3343
vn 0.7439 0.6683 -0.0001
vn 0.7431 0.3350 -0.5793
vn 0.7435 0.0006 -0.6687
vn 0.7443 -0.3334 -0.5786
vn 0.7454 -0.5771 -0.3337
vn 0.7464 -0.6655 -0.0001
vn 0.7471 -0.5756 0.3326
vn 0.7472 -0.3319 0.5758
vn 0.7469 0.0006 0.6650
vn 0.7460 0.3335 0.5765
vn 0.7449 0.5780 0.3332
vn 0.5404 0.7291 -0.4200
vn 0.5418 0.8405 0.0008
vn 0.5399 0.4213 -0.7287
vn 0.5405 -0.0000 -0.8413
vn 0.5420 -0.4206 -0.7276
vn 0.5441 -0.7270 -0.4189
vn 0.5461 -0.8377 0.0009
vn 0.5476 -0.7243 0.4190
vn 0.5481 -0.4178 0.7246
vn 0.5475 -0.0000 0.8368
vn 0.5458 0.4186 0.7258
vn 0.5438 0.7264 0.4203
vn 0.9630 -0.1342 0.2338
vn 0.7444 -0.3334 -0.5786
vn 0.5404 0.7291 -0.4201
vn 0.5398 0.4213 -0.7288
vn 0.5405 -0.0000 -0.8414
vn 0.5474 -0.0000 0.8368
vn 0.9990 -0.0452 0.0017
vn -0.9990 0.0452 -0.0017
vn -0.0335 0.0014 0.9994
vn 0.0013 0.6564 -0.7544
vn -0.9824 0.1866 -0.0017
vn -0.9218 0.3878 -0.0016
vn 0.0015 0.5112 -0.8594
vn 0.0013 0.6358 -0.7719
vn 0.0015 0.4913 -0.8710
vn 0.0015 0.5266 -0.8501
vn -0.8552 0.5184 -0.0015
vn -0.9839 0.1786 -0.0017
vn -0.8552 0.5183 -0.0015
vn 0.8552 -0.5183 0.0015
vn 0.8211 -0.5707 0.0014
vn 0.9712 -0.2383 0.0017
vn 0.9839 -0.1786 0.0017
vn 0.0013 0.6593 -0.7519
vn 0.0007 0.9247 -0.3807
vn 0.0005 0.9643 -0.2647
vn -0.9998 0.0205 -0.0017
vn -0.8211 0.5707 -0.0014
vn -0.0413 0.0018 0.9991
vn 0.9998 -0.0205 0.0017
vn 0.8552 -0.5184 0.0015
vn 0.9218 -0.3878 0.0016
vn -0.0706 0.0037 0.9975
vn -0.8335 -0.5525 0.0007
vn -0.8430 -0.5379 -0.0015
vn -0.9999 0.0112 -0.0017
vn -0.8079 0.5893 -0.0014
vn -0.6541 0.7564 -0.0011
vn -0.9117 -0.4109 -0.0016
vn -0.9856 -0.1693 -0.0017
vn -0.1366 0.0068 0.9906
vn -0.1393 0.0079 0.9902
vn -0.4185 0.9082 -0.0007
vn -0.1392 0.0070 -0.9902
vn -0.1406 0.0064 -0.9900
vn -0.1358 0.0074 -0.9907
vn -0.1359 0.0079 -0.9907
vn -0.4556 -0.8902 -0.0008
vn -0.1739 0.0105 0.9847
vn -0.1715 0.0100 0.9851
vn -0.2082 0.0128 0.9780
vn -0.2081 0.0128 0.9780
vn -0.1236 0.9923 -0.0002
vn 0.0534 0.9986 0.0001
vn -0.2047 0.0128 -0.9787
vn -0.1705 0.0105 -0.9853
vn -0.1676 0.0100 -0.9858
vn -0.2046 0.0128 -0.9788
vn -0.1725 -0.9850 -0.0003
vn 0.1078 -0.9942 0.0002
vn -0.1426 0.0070 0.9898
vn -0.1331 0.0068 -0.9911
vn -0.7231 0.0428 0.6894
vn -0.7279 0.0415 0.6844
vn -0.7266 0.0423 0.6857
vn -0.7215 0.0432 0.6910
vn 0.0820 0.9966 0.0001
vn 0.0769 0.9970 0.0001
vn -0.7147 0.0437 -0.6980
vn -0.7131 0.0445 -0.6997
vn -0.7191 0.0432 -0.6936
vn -0.7207 0.0428 -0.6919
vn 0.2655 -0.9641 0.0005
vn 0.2802 -0.9599 0.0005
vn -0.2319 0.0077 0.9727
vn -0.2456 0.0104 0.9693
vn -0.1431 0.0068 0.9897
vn -0.1407 0.0073 0.9900
vn 0.2378 0.9713 0.0004
vn 0.2988 0.9543 0.0005
vn 0.1591 -0.0040 -0.9873
vn 0.0926 -0.0052 -0.9957
vn 0.0944 -0.0048 -0.9955
vn 0.1573 -0.0052 -0.9875
vn 0.0474 -0.9989 0.0001
vn 0.0529 -0.9986 0.0001
vn -0.0066 -0.0001 1.0000
vn 0.0460 0.0120 0.9989
vn -0.0006 -0.0002 1.0000
vn -0.0263 0.9997 -0.0000
vn -0.0247 0.9997 0.0001
vn -0.2781 0.9605 0.0034
vn -0.3006 0.9537 0.0057
vn -0.1500 0.0077 -0.9887
vn -0.1438 0.0381 -0.9889
vn -0.1522 0.0223 -0.9881
vn -0.1053 0.0037 -0.9944
vn -0.4338 -0.9010 0.0047
vn -0.1059 -0.9944 -0.0002
vn -0.1141 -0.9935 -0.0000
vn -0.4531 -0.8914 0.0033
vn -0.1407 0.0001 0.9901
vn -0.0323 0.0002 0.9995
vn -0.0315 0.0004 0.9995
vn -0.1740 0.0024 0.9847
vn 0.3015 0.9535 0.0005
vn 0.2657 0.9641 0.0005
vn -0.0047 1.0000 -0.0000
vn -0.0049 1.0000 -0.0000
vn 0.0838 -0.0026 -0.9965
vn -0.0515 0.0007 -0.9987
vn -0.0526 0.0008 -0.9986
vn 0.0816 -0.0014 -0.9967
vn 0.0037 -1.0000 -0.0000
vn 0.0358 -0.9994 0.0001
vn 0.0415 -0.9991 0.0001
vn 0.0040 -1.0000 -0.0000
vn -0.9218 0.3877 -0.0016
vn -0.9712 0.2383 -0.0017
vn 0.9824 -0.1866 0.0017
vn -0.2345 0.0060 0.9721
vn 0.1670 -0.0067 -0.9859
vn -0.1048 0.0039 -0.9945
vn -0.7859 0.6183 -0.0014
vn -0.7988 0.6016 0.0009
vn -0.1318 0.0060 -0.9913
vn -0.1710 0.0100 0.9852
vn -0.2080 0.0128 0.9780
vn -0.2048 0.0128 -0.9787
vn -0.1681 0.0100 -0.9857
vn -0.7172 0.0437 0.6955
vn -0.7155 0.0445 0.6972
vn -0.7242 0.0423 -0.6883
vn -0.7255 0.0415 -0.6869
vn -0.1381 0.0078 0.9904
vn 0.0960 -0.0045 -0.9954
vn -0.0309 0.0004 0.9995
vn -0.1770 0.0038 0.9842
vn -0.0539 0.0003 -0.9985
vn 0.0488 -0.0000 -0.9988
vn -0.0061 0.0002 1.0000
vn -0.1070 0.0037 -0.9943
vn 0.0440 -0.0466 0.9979
vn -0.1559 -0.0202 -0.9876
vn -0.1843 -0.0525 -0.9815
vn 0.0550 0.0100 0.9984
vn 0.1170 -0.0364 0.9925
vn 0.0455 -0.0119 0.9989
vn -0.0005 0.9537 0.3009
vn -0.0005 0.9543 0.2987
vn 0.0017 -0.1357 -0.9907
vn 0.0004 0.9770 -0.2134
vn 0.0005 -0.9511 -0.3088
vn -0.0013 -0.6839 0.7296
vn -0.0013 -0.6838 0.7296
vn -0.0012 -0.7347 0.6784
vn -0.0005 0.9550 0.2965
vn 0.0017 -0.2832 -0.9591
vn 0.0017 -0.2222 -0.9750
vn 0.0004 0.9698 -0.2439
vn 0.0004 0.9769 -0.2136
vn -0.0013 -0.6840 0.7295
vn 0.0017 -0.2225 -0.9749
vn -0.0014 -0.5958 0.8031
vn -0.7649 0.6441 -0.0013
vn -0.2684 0.9633 -0.0005
vn -0.2684 0.9633 -0.0004
vn 0.2684 0.9633 0.0004
vn 0.2684 0.9633 0.0005
vn 0.7649 0.6441 0.0013
vn 0.7650 -0.6441 0.0013
vn 0.2684 -0.9633 0.0005
vn -0.2684 -0.9633 -0.0005
vn -0.7650 -0.6441 -0.0013
vn 0.8285 0.5600 0.0014
vn 0.6394 0.7689 0.0011
vn 0.0015 1.0000 -0.0000
vn -0.0014 1.0000 -0.0000
vn -0.6394 0.7689 -0.0011
vn -0.8285 0.5600 -0.0014
vn -0.8285 -0.5600 -0.0014
vn -0.4408 -0.8976 -0.0008
vn 0.4408 -0.8976 0.0008
vn 0.8285 -0.5600 0.0014
vn 0.4408 0.8976 0.0008
vn -0.4408 0.8976 -0.0008
vn 0.9996 -0.0264 0.0017
vn -0.9996 -0.0264 -0.0017
vn 0.9829 -0.0000 -0.1842
vn 0.8130 0.5551 -0.1755
vn 0.8262 0.5568 -0.0858
vn 0.9962 -0.0000 -0.0875
vn 0.4319 0.8874 -0.1610
vn 0.4223 0.9040 -0.0669
vn -0.0327 0.9703 0.2397
vn -0.0178 0.9922 0.1232
vn -0.4004 0.9061 -0.1368
vn -0.4068 0.9100 -0.0804
vn -0.8124 0.5551 -0.1783
vn -0.8264 0.5561 -0.0888
vn -0.9822 -0.0000 -0.1876
vn -0.9956 0.0001 -0.0934
vn -0.8125 -0.5551 -0.1783
vn -0.8263 -0.5562 -0.0889
vn -0.4314 -0.8874 -0.1626
vn -0.4412 -0.8937 -0.0810
vn 0.0003 -0.9878 -0.1554
vn 0.0001 -0.9971 -0.0762
vn 0.4319 -0.8874 -0.1610
vn 0.4419 -0.8936 -0.0790
vn 0.8130 -0.5551 -0.1755
vn 0.8262 -0.5568 -0.0858
vn -0.3583 -0.0000 0.9336
vn -0.2993 -0.2129 0.9301
vn -0.1623 -0.3455 0.9243
vn -0.1623 0.3455 0.9243
vn 0.3551 -0.0000 0.9348
vn 0.1591 -0.3455 0.9248
vn -0.0016 -0.3874 0.9219
vn 0.2960 -0.2129 0.9312
vn 0.1591 0.3455 0.9248
vn 0.2960 0.2129 0.9312
vn -0.0016 0.3874 0.9219
vn -0.2993 0.2129 0.9301
vn 0.8312 0.5560 0.0038
vn 0.9999 -0.0000 0.0128
vn 0.4035 0.9150 0.0019
vn -0.0000 1.0000 0.0042
vn -0.4024 0.9155 0.0004
vn -0.8283 0.5602 -0.0011
vn -1.0000 -0.0000 -0.0019
vn -0.8282 -0.5605 -0.0010
vn -0.4382 -0.8989 0.0007
vn -0.0001 -1.0000 0.0045
vn 0.4393 -0.8983 0.0023
vn 0.8311 -0.5561 0.0039
vn 0.9271 -0.0000 -0.3749
vn 0.8711 0.4834 -0.0865
vn 0.8283 0.5602 0.0102
vn 0.9999 -0.0000 0.0110
vn 0.3803 0.9227 -0.0635
vn 0.4406 0.8977 0.0089
vn 0.0005 0.9650 -0.2624
vn -0.0000 1.0000 0.0077
vn -0.3801 0.9227 -0.0649
vn -0.4406 0.8977 0.0071
vn -0.8708 0.4834 -0.0895
vn -0.8283 0.5602 0.0064
vn -0.9394 -0.0000 -0.3429
vn -1.0000 -0.0000 0.0075
vn -0.8708 -0.4834 -0.0895
vn -0.8283 -0.5602 0.0074
vn -0.3801 -0.9227 -0.0649
vn -0.4406 -0.8977 0.0073
vn 0.0005 -0.9650 -0.2624
vn -0.0000 -1.0000 0.0077
vn 0.3803 -0.9227 -0.0635
vn 0.4406 -0.8977 0.0086
vn 0.8711 -0.4834 -0.0865
vn 0.8283 -0.5602 0.0093
vn 0.9936 -0.1059 0.0381
vn 0.9925 -0.1224 0.0013
vn 0.9984 0.0042 0.0556
vn 0.3560 0.9329 0.0534
vn 0.2217 0.9751 -0.0022
vn 0.9527 0.3039 0.0030
vn 0.8699 0.4860 0.0845
vn 0.0221 0.9778 0.2082
vn -0.0015 1.0000 -0.0031
vn -0.0600 0.9982 -0.0003
vn -0.0430 0.9979 0.0482
vn -0.0109 0.9883 0.1522
vn 0.0617 0.9981 -0.0022
vn -0.3541 0.9338 0.0505
vn -0.8677 0.4902 0.0819
vn -0.9472 0.3207 -0.0024
vn -0.2176 0.9760 -0.0010
vn -0.9986 0.0007 0.0527
vn -0.9957 -0.0931 -0.0020
vn -0.9977 -0.0457 0.0501
vn -0.9976 0.0408 0.0559
vn -0.9956 0.0933 -0.0022
vn -0.3848 -0.9204 0.0689
vn -0.2059 -0.9785 0.0074
vn -0.9000 -0.4341 0.0405
vn -0.8652 -0.4888 0.1119
vn -0.0229 -0.9778 0.2082
vn 0.0016 -1.0000 -0.0031
vn 0.0596 -0.9982 -0.0001
vn 0.0427 -0.9979 0.0484
vn 0.0104 -0.9883 0.1522
vn -0.0617 -0.9981 -0.0024
vn 0.8701 -0.4854 0.0852
vn 0.9539 -0.3002 -0.0002
vn 0.2224 -0.9750 -0.0000
vn 0.3824 -0.9218 0.0640
vn 0.9925 0.1226 0.0015
vn 0.9938 0.1008 0.0468
vn 0.9380 -0.0660 -0.3403
vn 0.8645 -0.0005 -0.5027
vn 0.9379 0.0663 -0.3406
vn 0.9581 -0.2861 0.0122
vn 0.9643 0.2649 0.0085
vn 0.9277 0.0280 0.3722
vn 0.9125 -0.0000 0.4091
vn 0.8778 0.0033 0.4790
vn 0.9280 -0.0327 0.3711
vn 0.9692 -0.2464 -0.0001
vn -0.0171 0.9682 -0.2495
vn -0.0172 0.8777 -0.4788
vn 0.2133 0.9769 0.0094
vn -0.1920 0.9814 0.0059
vn -0.0239 0.9749 0.2212
vn -0.0004 0.9739 0.2272
vn 0.0182 0.9015 0.4323
vn 0.0178 0.9760 0.2172
vn 0.1743 0.9847 -0.0044
vn 0.0285 0.9668 -0.2539
vn -0.9402 -0.0113 -0.3405
vn -0.9123 -0.0023 -0.4096
vn -0.9580 0.2867 0.0094
vn -0.9709 -0.2396 0.0040
vn -0.9431 0.0138 0.3323
vn -0.9404 0.0001 0.3401
vn -0.9177 0.0016 0.3972
vn -0.9313 -0.0585 0.3596
vn -0.9977 0.0674 -0.0037
vn -0.9400 0.0120 -0.3410
vn 0.0180 -0.9682 -0.2495
vn 0.0188 -0.8778 -0.4787
vn -0.2153 -0.9765 0.0049
vn 0.1920 -0.9814 0.0061
vn 0.0058 -0.9648 0.2629
vn -0.0005 -0.9602 0.2793
vn -0.0197 -0.8667 0.4984
vn -0.0015 -0.9659 0.2588
vn -0.1743 -0.9847 -0.0050
vn -0.0277 -0.9668 -0.2540
vn 0.9938 -0.1024 -0.0431
vn 0.9983 -0.0007 -0.0589
vn 0.9938 0.1035 -0.0413
vn 0.9922 0.1241 0.0107
vn -0.0022 0.9913 -0.1314
vn -0.0303 0.9786 -0.2036
vn -0.0617 0.9981 0.0071
vn 0.0461 0.9979 -0.0452
vn -0.9968 -0.0498 -0.0624
vn -0.9984 -0.0012 -0.0573
vn -0.9951 -0.0990 0.0070
vn -0.9969 0.0569 -0.0544
vn 0.0026 -0.9913 -0.1314
vn 0.0310 -0.9786 -0.2035
vn 0.0616 -0.9981 0.0070
vn -0.0459 -0.9979 -0.0453
vn 0.9921 -0.1241 0.0180
vn 0.9920 -0.1259 0.0111
vn 1.0000 -0.0000 0.0097
vn 0.9998 -0.0000 0.0184
vn 0.2160 0.9762 0.0182
vn 0.9580 0.2866 0.0127
vn 0.9580 0.2858 0.0223
vn -0.0000 1.0000 0.0070
vn -0.0614 0.9980 0.0138
vn 0.0614 0.9980 0.0139
vn 0.0617 0.9981 0.0073
vn -0.9581 0.2859 0.0187
vn -0.2133 0.9769 0.0087
vn -0.2161 0.9762 0.0175
vn -0.9953 -0.0957 0.0150
vn -0.9999 0.0001 0.0154
vn -1.0000 0.0001 0.0086
vn -0.9953 0.0956 0.0150
vn -0.9951 0.0991 0.0071
vn -0.2161 -0.9763 0.0146
vn -0.9587 -0.2844 -0.0012
vn -0.9320 -0.3622 0.0131
vn -0.0000 -0.9999 0.0134
vn -0.0000 -1.0000 0.0067
vn 0.0614 -0.9980 0.0133
vn -0.0614 -0.9980 0.0130
vn -0.0616 -0.9981 0.0068
vn 0.9579 -0.2864 0.0221
vn 0.2133 -0.9769 0.0091
vn 0.2161 -0.9762 0.0176
vn 0.9921 0.1238 0.0181
vn 0.9698 0.2438 -0.0034
vn 0.9642 -0.2646 0.0171
vn 0.9642 -0.2651 0.0073
vn -0.1731 0.9849 -0.0069
vn 0.1922 0.9813 0.0133
vn 0.1920 0.9814 0.0065
vn -0.9790 -0.2038 -0.0070
vn -0.9897 0.1426 0.0147
vn -0.9713 0.2377 0.0004
vn 0.1792 -0.9838 -0.0089
vn -0.1922 -0.9813 0.0120
vn -0.1920 -0.9814 0.0056
vn 0.9642 0.2646 0.0173
vn -0.1922 0.9813 0.0129
vn -0.9708 -0.2395 0.0138
vn 0.2029 -0.9791 0.0141
vn -0.0003 0.0086 1.0000
vn -0.0009 0.0081 1.0000
vn -0.0011 -0.0040 1.0000
vn -0.0014 -0.0030 1.0000
vn -0.0010 -0.0025 1.0000
vn -0.0017 0.0015 1.0000
vn -0.0024 -0.0000 1.0000
vn -0.0001 -0.0004 1.0000
vn 0.0005 -0.0003 1.0000
vn 0.0001 -0.0003 1.0000
vn -0.0040 -0.0004 1.0000
vn -0.0037 -0.0002 1.0000
vn -0.0025 0.0004 1.0000
vn -0.0027 -0.0001 1.0000
vn 0.0018 0.0059 1.0000
vn 0.0020 0.0047 1.0000
vn 0.0181 0.0144 0.9997
vn 0.0166 0.0161 0.9997
vn -0.0013 -0.0059 1.0000
vn -0.0021 -0.0048 1.0000
vn -0.0025 -0.0127 0.9999
vn -0.0032 -0.0132 0.9999
vn -0.0021 -0.0000 1.0000
vn -0.0032 0.0132 0.9999
vn -0.0024 0.0138 0.9999
vn -0.0032 0.0054 1.0000
vn -0.0023 0.0053 1.0000
vn -0.0035 -0.0044 1.0000
vn -0.0027 -0.0036 1.0000
vn -0.0011 -0.0000 1.0000
vn -0.0029 0.0002 1.0000
vn -0.0034 0.0004 1.0000
vn -0.0037 0.0002 1.0000
vn -0.0035 0.0003 1.0000
vn 0.0005 0.0003 1.0000
vn 0.0001 0.0001 1.0000
vn -0.0004 0.0004 1.0000
vn -0.0001 0.0004 1.0000
vn -0.0017 -0.0035 1.0000
vn -0.0010 -0.0037 1.0000
vn -0.0010 0.0057 1.0000
vn -0.0002 0.0052 1.0000
vn 0.5780 -0.0000 0.8160
vn 0.4998 0.3263 0.8023
vn 0.2863 0.5642 0.7744
vn -0.0013 0.6495 0.7604
vn -0.2890 0.5642 0.7734
vn -0.5026 0.3263 0.8005
vn -0.5809 -0.0000 0.8140
vn -0.5026 -0.3263 0.8005
vn -0.2889 -0.5642 0.7734
vn -0.0013 -0.6495 0.7604
vn 0.2862 -0.5642 0.7744
vn 0.4998 -0.3263 0.8023
vn 0.7873 0.6166 0.0014
vn 0.5259 0.8505 0.0009
vn 0.4493 0.8934 0.0008
vn 0.0027 1.0000 -0.0000
vn -0.0023 1.0000 -0.0000
vn -0.4493 0.8934 -0.0008
vn -0.5259 0.8505 -0.0009
vn -0.7873 0.6166 -0.0014
vn -0.7873 -0.6166 -0.0014
vn -0.4094 -0.9124 -0.0007
vn 0.4094 -0.9124 0.0007
vn 0.7873 -0.6166 0.0014
vn 0.4094 0.9124 0.0007
vn -0.4094 0.9124 -0.0007
vn -0.4094 0.9123 -0.0007
vn -0.4493 -0.8934 -0.0008
vn 0.4493 -0.8934 0.0008
vn 0.2652 0.4821 -0.8350
vn 0.2651 0.4821 -0.8350
vn -0.2623 0.4821 -0.8359
vn -0.2622 0.4821 -0.8360
vn -0.1965 0.8134 0.5475
vn 0.1946 0.8134 0.5482
vn 0.1945 0.8134 0.5482
vn 0.2633 -0.4453 -0.8558
vn -0.2603 -0.4453 -0.8567
vn -0.0017 -0.0598 0.9982
vn 0.0038 -0.0597 0.9982
vn 0.0037 -0.0597 0.9982
vn -0.0073 -0.0597 0.9982
vn -0.5259 -0.8505 -0.0009
vn -0.0045 -1.0000 -0.0000
vn 0.0045 -1.0000 -0.0000
vn 0.5260 -0.8505 0.0009
vn 0.4408 0.8976 0.0007
vn -0.4408 0.8976 -0.0007
vn 0.3673 0.9301 0.0006
vn -0.3673 0.9301 -0.0006
vn -0.3673 -0.9301 -0.0006
vn 0.3673 -0.9301 0.0006
vn 0.3673 -0.9301 0.0007
vn -0.2175 0.9761 -0.0004
vn 0.2175 0.9761 0.0004
vn 0.2175 -0.9761 0.0004
vn -0.2175 -0.9761 -0.0004
vn 0.8285 0.5600 0.0015
vn 0.8215 -0.5702 0.0014
vn 0.8215 0.5702 0.0014
vn -0.8215 0.5702 -0.0014
vn -0.8215 -0.5702 -0.0014
vn -0.0017 -0.0890 0.9960
vn 0.0017 -0.0889 -0.9960
vn -0.0017 -0.2589 0.9659
vn 0.0017 -0.2588 -0.9659
vn 0.6759 0.7370 0.0012
vn -0.0001 1.0000 -0.0000
vn -0.6759 0.7370 -0.0012
vn -0.9054 -0.4246 -0.0016
vn -0.7046 -0.7096 -0.0012
vn 0.5115 -0.8593 0.0009
vn 0.6394 -0.7689 0.0011
vn 0.9054 0.4246 0.0016
vn 0.0045 1.0000 -0.0000
vn 0.0046 1.0000 -0.0000
vn -0.9054 0.4246 -0.0016
vn 0.0575 0.2967 -0.9532
vn 0.0672 0.2946 -0.9533
vn 0.0664 0.2971 -0.9525
vn 0.0565 0.2991 -0.9525
vn -0.0531 0.2991 -0.9527
vn 0.0017 0.3024 -0.9532
vn 0.0017 0.3009 -0.9536
vn -0.0630 0.2971 -0.9528
vn 0.0317 0.2862 -0.9576
vn 0.0017 0.2886 -0.9575
vn -0.0542 0.2967 -0.9534
vn -0.0300 0.2841 -0.9583
vn -0.0283 0.2862 -0.9578
vn 0.0017 0.2712 -0.9625
vn 0.0026 0.2145 -0.9767
vn 0.0002 0.1109 -0.9938
vn 0.0008 0.2144 -0.9767
vn -0.9333 -0.3592 -0.0016
vn 0.9329 -0.3600 0.0016
vn 0.9330 -0.3600 0.0016
vn -0.9438 -0.3306 -0.0016
vn -0.0017 -0.2556 0.9668
vn 0.0017 0.0530 -0.9986
vn -0.0046 1.0000 -0.0000
vn -0.0045 1.0000 -0.0000
vn -0.0639 0.2946 -0.9535
vn -0.0044 1.0000 -0.0000
vn 0.0334 0.2841 -0.9582
vn 0.0033 0.1109 -0.9938
vn -0.8468 -0.5319 -0.0015
vn -0.8399 -0.5427 -0.0015
vn -0.8444 -0.5358 -0.0015
vn -0.0018 0.0266 0.9996
vn -0.0018 0.0587 0.9983
vn 0.7494 0.6621 0.0013
vn 0.8157 0.5785 0.0014
vn 0.8142 0.5806 0.0014
vn 0.8114 0.5845 0.0014
vn 0.0015 0.0727 -0.9974
vn 0.0015 0.1593 -0.9872
vn 0.8456 -0.5338 0.0015
vn 0.8432 -0.5376 0.0015
vn 0.9435 -0.3313 0.0017
vn 0.8388 -0.5445 0.0015
vn 0.0019 0.0726 -0.9974
vn 0.0019 0.1594 -0.9872
vn -0.7482 0.6634 -0.0013
vn -0.8145 0.5802 -0.0014
vn -0.8102 0.5861 -0.0014
vn -0.8130 0.5823 -0.0014
vn -0.0016 0.0266 0.9996
vn -0.0016 0.0588 0.9983
vn -0.8791 0.4766 -0.0015
vn -0.9959 -0.0907 -0.0017
vn -0.8539 0.5204 -0.0015
vn -0.8600 0.5104 -0.0015
vn -0.9997 -0.0261 -0.0017
vn -0.0017 0.1129 0.9936
vn -0.0018 0.0864 0.9963
vn -0.0018 0.0863 0.9963
vn -0.0017 0.1383 0.9904
vn 0.9130 -0.4079 0.0016
vn 0.9911 0.1330 0.0017
vn 0.9937 0.1119 0.0017
vn 0.9086 -0.4177 0.0016
vn 0.9268 -0.3756 0.0016
vn 0.9796 0.2008 0.0017
vn 0.0015 0.4765 -0.8792
vn 0.0014 0.5173 -0.8558
vn 0.0015 0.3227 -0.9465
vn 0.0015 0.3299 -0.9440
vn 0.8589 0.5122 0.0015
vn 0.9997 -0.0263 0.0017
vn 1.0000 -0.0055 0.0017
vn 0.8528 0.5222 0.0015
vn 1.0000 -0.0054 0.0017
vn 0.8780 0.4787 0.0015
vn 0.9958 -0.0913 0.0017
vn 0.0016 0.4764 -0.8792
vn 0.0018 0.3299 -0.9440
vn 0.0017 0.3226 -0.9465
vn 0.0016 0.5175 -0.8557
vn -0.9255 -0.3787 -0.0016
vn -0.9796 0.2007 -0.0017
vn -0.9938 0.1113 -0.0017
vn -0.9073 -0.4205 -0.0016
vn -0.9117 -0.4108 -0.0016
vn -0.9912 0.1325 -0.0017
vn -0.0017 0.1128 0.9936
vn -0.0017 0.1382 0.9904
vn -0.0017 0.0863 0.9963
vn -0.0017 0.0861 0.9963
vn -0.0041 -1.0000 -0.0000
vn -0.0046 -1.0000 -0.0000
vn 0.0041 -1.0000 -0.0000
vn 0.1424 -0.9898 0.0002
vn -0.1424 -0.9898 -0.0002
vn 0.0501 0.9987 0.0001
vn -0.0501 0.9987 -0.0001
vn -0.7526 0.6585 -0.0013
vn -0.0017 0.1672 0.9859
vn 0.8387 -0.5445 0.0015
vn 0.0014 0.5720 -0.8202
vn 0.7515 0.6597 0.0013
vn 0.0015 0.5721 -0.8202
vn -0.8373 -0.5468 -0.0015
vn -0.0017 0.1677 0.9858
vn -1.0000 0.0002 -0.0022
vn -0.9937 0.1124 -0.0023
vn -0.9935 0.0975 -0.0584
vn -0.9934 0.0564 -0.0995
vn -0.9934 0.0003 -0.1145
vn -0.9935 -0.0558 -0.0994
vn -0.9936 -0.0968 -0.0583
vn -0.9937 -0.1117 -0.0023
vn -0.9939 -0.0966 0.0536
vn -0.9940 -0.0556 0.0944
vn -0.9940 0.0003 0.1094
vn -0.9939 0.0562 0.0946
vn -0.9938 0.0972 0.0537
vn -0.9317 0.3632 -0.0027
vn -0.9308 0.3155 -0.1845
vn -0.9303 0.1826 -0.3181
vn -0.9303 0.0005 -0.3667
vn -0.9309 -0.1812 -0.3172
vn -0.9318 -0.3131 -0.1837
vn -0.9328 -0.3604 -0.0026
vn -0.9337 -0.3112 0.1773
vn -0.9342 -0.1793 0.3086
vn -0.9341 0.0005 0.3570
vn -0.9336 0.1807 0.3095
vn -0.9327 0.3136 0.1781
vn -0.8633 0.4365 -0.2533
vn -0.8649 0.5019 -0.0013
vn -0.8624 0.2525 -0.4387
vn -0.8625 -0.0001 -0.5060
vn -0.8636 -0.2516 -0.4369
vn -0.8654 -0.4335 -0.2515
vn -0.8673 -0.4978 -0.0013
vn -0.8689 -0.4293 0.2465
vn -0.8697 -0.2474 0.4270
vn -0.8696 -0.0001 0.4937
vn -0.8686 0.2483 0.4289
vn -0.8669 0.4322 0.2483
vn -0.0000 0.9997 0.0245
vn -0.0000 0.9997 0.0244
vn -0.5660 0.8240 0.0263
vn -0.6498 0.7598 0.0219
vn -0.9344 0.3555 0.0241
vn -0.8912 0.4528 0.0269
vn -0.9918 0.1257 0.0246
vn -0.9959 0.0838 0.0344
vn -0.9987 -0.0349 0.0363
vn -0.9979 -0.0480 0.0427
vn -0.9917 -0.1189 0.0487
vn -0.9875 -0.1466 0.0583
vn -0.9169 -0.3890 0.0898
vn -0.9010 -0.4190 0.1125
vn -0.6045 -0.7731 0.1920
vn -0.6476 -0.7460 0.1553
vn -0.0004 -0.9780 0.2085
vn -0.0004 -0.9704 0.2417
vn -0.0001 0.9981 0.0613
vn -0.6535 0.7549 0.0548
vn -0.9304 0.3661 0.0194
vn -0.0003 0.9813 0.1922
vn -0.5605 0.8163 0.1398
vn -0.9960 0.0889 -0.0022
vn -0.9057 0.4233 0.0216
vn -0.9990 -0.0424 0.0107
vn -0.9919 0.1173 -0.0490
vn -0.9895 -0.1386 0.0423
vn -0.9969 -0.0568 -0.0552
vn -0.9030 -0.4165 0.1055
vn -0.5843 -0.7876 0.1957
vn -0.0004 -0.9694 0.2453
vn -0.9888 -0.1494 -0.0044
vn -0.9059 -0.4159 0.0800
vn -0.5967 -0.7808 0.1855
vn -0.0004 -0.9711 0.2386
vn -0.0004 0.9758 0.2187
vn -0.5477 0.8283 0.1180
vn -0.8878 0.4601 -0.0077
vn -0.9857 0.1599 -0.0533
vn -0.9968 -0.0463 -0.0646
vn -0.9830 -0.1797 -0.0370
vn -0.8816 -0.4700 0.0434
vn -0.5465 -0.8211 0.1647
vn -0.0004 -0.9735 0.2286
vn -0.8421 0.5356 -0.0632
vn -0.4604 0.8873 -0.0266
vn -0.3075 0.9389 -0.1547
vn 0.0002 0.9925 -0.1223
vn -0.7500 0.6453 -0.1454
vn -0.9807 0.1903 -0.0456
vn -0.9995 -0.0163 -0.0280
vn -0.9845 -0.1738 -0.0222
vn -0.8714 -0.4892 0.0350
vn -0.5020 -0.8515 0.1514
vn -0.4437 -0.8850 0.1413
vn -0.8697 -0.4923 0.0348
vn -0.9912 -0.1327 -0.0041
vn -0.9998 -0.0203 -0.0072
vn -0.9832 0.1756 -0.0496
vn -0.9937 0.0941 -0.0601
vn -0.7205 0.6665 -0.1917
vn -0.0012 -0.7484 0.6633
vn -0.5280 -0.6409 0.5572
vn -0.5692 -0.5788 0.5840
vn -0.0012 -0.7413 0.6712
vn -0.8777 -0.3463 0.3313
vn -0.8802 -0.3385 0.3327
vn -0.9909 -0.1240 -0.0518
vn -0.9949 -0.0930 -0.0392
vn -0.9559 -0.0516 0.2891
vn -0.9553 -0.0481 0.2917
vn -0.9730 0.1150 0.2002
vn -0.9678 0.1412 0.2084
vn -0.7757 0.4222 0.4691
vn -0.7637 0.4295 0.4821
vn -0.3894 0.6172 0.6837
vn -0.3527 0.6227 0.6985
vn -0.0013 0.6529 0.7574
vn -0.0013 0.6420 0.7667
vn -0.9929 -0.1164 0.0262
vn -0.9923 -0.1200 0.0291
vn -0.9995 -0.0323 -0.0002
vn -0.9995 -0.0299 -0.0043
vn -0.9922 0.1245 0.0058
vn -0.9914 0.1305 0.0045
vn -0.9482 -0.3175 0.0105
vn -0.9445 -0.3283 0.0148
vn -0.0611 0.0392 -0.9974
vn -0.0172 0.0351 -0.9992
vn -0.0332 0.0378 -0.9987
vn -0.8778 0.4790 -0.0028
vn -0.8802 0.4746 -0.0043
vn -0.0294 0.0328 -0.9990
vn 0.0329 0.0233 -0.9992
vn 0.0419 0.0243 -0.9988
vn -0.0656 0.0386 -0.9971
vn -0.6859 -0.7269 0.0339
vn -0.6805 -0.7318 0.0371
vn -0.5058 0.8627 -0.0001
vn -0.5062 0.8624 0.0019
vn 0.0014 0.0253 -0.9997
vn 0.0137 0.0186 -0.9997
vn -0.0033 0.0344 -0.9994
vn -0.0065 0.0333 -0.9994
vn -0.0000 -0.9998 0.0213
vn -0.0000 -0.9996 0.0274
vn 0.0017 0.0152 -0.9999
vn 0.0016 0.0231 -0.9997
vn -0.0000 0.9999 0.0110
vn -0.0000 0.9999 0.0155
vn 0.0013 0.0336 -0.9994
vn 0.0017 0.0328 -0.9995
vn -0.9999 -0.0109 -0.0010
vn -0.1312 0.9739 -0.1854
vn 0.0003 0.9873 -0.1586
vn -0.5548 -0.8216 0.1308
vn -0.9603 -0.2779 0.0253
vn -0.0004 -0.9784 0.2067
vn -0.0003 -0.9815 0.1915
vn -0.9988 -0.0491 0.0013
vn 0.0005 -0.9614 -0.2751
vn 0.0004 -0.9776 -0.2105
vn -0.6650 -0.7306 -0.1551
vn -0.6668 -0.7174 -0.2020
vn -0.6407 -0.7632 0.0843
vn -0.0001 -0.9965 0.0840
vn -0.6813 -0.7308 -0.0411
vn 0.0001 -0.9974 -0.0717
vn -0.9224 -0.3830 0.0509
vn -0.9404 -0.3323 -0.0722
vn -0.9371 -0.3389 -0.0839
vn -0.9471 -0.3202 -0.0214
vn -0.9932 -0.1156 -0.0146
vn -0.9924 -0.1222 -0.0147
vn -0.9917 -0.1251 0.0281
vn -0.9947 -0.1024 -0.0013
vn -0.9990 -0.0391 0.0208
vn -0.9993 -0.0375 0.0044
vn -0.9995 -0.0325 0.0020
vn -0.9993 -0.0353 0.0097
vn -0.9962 0.0871 0.0076
vn -0.9932 0.1156 0.0107
vn -0.9915 0.1302 0.0047
vn -0.9947 0.1019 0.0095
vn -0.9115 0.4113 0.0056
vn -0.8907 0.4547 0.0003
vn -0.8614 0.5078 -0.0090
vn -0.8957 0.4446 0.0070
vn -0.5204 0.8539 0.0064
vn -0.4624 0.8866 0.0058
vn -0.5586 0.8292 0.0186
vn -0.5507 0.8346 0.0164
vn -0.0000 0.9996 0.0279
vn -0.0000 0.9998 0.0213
vn -0.0001 0.9994 0.0339
vn -0.0000 0.9998 0.0221
vn -0.0004 -0.9751 0.2220
vn 0.6498 0.7598 0.0241
vn 0.5660 0.8240 0.0283
vn 0.9343 0.3555 0.0273
vn 0.8911 0.4528 0.0301
vn 0.9957 0.0841 0.0382
vn 0.9917 0.1259 0.0277
vn 0.9977 -0.0483 0.0465
vn 0.9986 -0.0351 0.0395
vn 0.9873 -0.1466 0.0617
vn 0.9915 -0.1189 0.0521
vn 0.9006 -0.4190 0.1157
vn 0.9165 -0.3890 0.0930
vn 0.6038 -0.7731 0.1942
vn 0.6470 -0.7460 0.1575
vn 0.6533 0.7549 0.0570
vn 0.9303 0.3661 0.0226
vn 0.5600 0.8163 0.1418
vn 0.9960 0.0889 0.0012
vn 0.9056 0.4233 0.0248
vn 0.9990 -0.0424 0.0142
vn 0.9920 0.1173 -0.0456
vn 0.9893 -0.1386 0.0457
vn 0.9970 -0.0568 -0.0518
vn 0.9026 -0.4165 0.1087
vn 0.5836 -0.7876 0.1977
vn 0.9888 -0.1494 -0.0010
vn 0.9056 -0.4159 0.0832
vn 0.5960 -0.7808 0.1875
vn 0.5473 0.8283 0.1200
vn 0.8879 0.4601 -0.0047
vn 0.9859 0.1599 -0.0499
vn 0.9971 -0.0463 -0.0611
vn 0.9832 -0.1797 -0.0336
vn 0.8814 -0.4700 0.0464
vn 0.5459 -0.8211 0.1667
vn 0.4605 0.8873 -0.0250
vn 0.8423 0.5356 -0.0602
vn 0.3081 0.9388 -0.1539
vn 0.7505 0.6453 -0.1428
vn 0.9808 0.1903 -0.0422
vn 0.9996 -0.0163 -0.0246
vn 0.9846 -0.1738 -0.0188
vn 0.8713 -0.4892 0.0380
vn 0.5015 -0.8515 0.1532
vn 0.8696 -0.4923 0.0378
vn 0.4432 -0.8850 0.1429
vn 0.9912 -0.1327 -0.0007
vn 0.9998 -0.0203 -0.0038
vn 0.9834 0.1756 -0.0462
vn 0.7211 0.6665 -0.1892
vn 0.9939 0.0941 -0.0567
vn 0.5672 -0.5788 0.5860
vn 0.5260 -0.6409 0.5590
vn 0.8790 -0.3385 0.3358
vn 0.8765 -0.3463 0.3343
vn 0.9950 -0.0930 -0.0357
vn 0.9911 -0.1240 -0.0483
vn 0.9543 -0.0481 0.2950
vn 0.9549 -0.0516 0.2924
vn 0.9671 0.1412 0.2118
vn 0.9723 0.1150 0.2036
vn 0.7620 0.4295 0.4847
vn 0.7740 0.4222 0.4719
vn 0.3503 0.6227 0.6997
vn 0.3870 0.6172 0.6851
vn 0.9928 -0.1164 0.0296
vn 0.9996 -0.0299 -0.0008
vn 0.9995 -0.0323 0.0032
vn 0.9922 -0.1200 0.0325
vn 0.9914 0.1305 0.0079
vn 0.9922 0.1245 0.0092
vn 0.9482 -0.3175 0.0139
vn 0.9444 -0.3283 0.0180
vn 0.0366 0.0378 -0.9986
vn 0.0207 0.0351 -0.9992
vn 0.0645 0.0392 -0.9971
vn 0.8802 0.4746 -0.0013
vn 0.8778 0.4790 0.0002
vn -0.0384 0.0243 -0.9990
vn -0.0295 0.0233 -0.9993
vn 0.0330 0.0328 -0.9989
vn 0.0691 0.0386 -0.9969
vn 0.6858 -0.7269 0.0363
vn 0.6804 -0.7318 0.0395
vn 0.5058 0.8627 0.0017
vn 0.5062 0.8624 0.0037
vn -0.0102 0.0186 -0.9998
vn 0.0021 0.0251 -0.9997
vn 0.0071 0.0346 -0.9994
vn 0.0100 0.0333 -0.9994
vn 0.9999 -0.0109 0.0024
vn 0.1318 0.9739 -0.1850
vn 0.9602 -0.2779 0.0287
vn 0.5544 -0.8216 0.1328
vn 0.9988 -0.0491 0.0047
vn 0.6675 -0.7174 -0.1996
vn 0.6655 -0.7306 -0.1528
vn 0.6404 -0.7632 0.0865
vn 0.6815 -0.7308 -0.0387
vn 0.9222 -0.3830 0.0541
vn 0.9374 -0.3389 -0.0807
vn 0.9406 -0.3323 -0.0690
vn 0.9472 -0.3202 -0.0181
vn 0.9924 -0.1222 -0.0113
vn 0.9932 -0.1156 -0.0112
vn 0.9916 -0.1251 0.0315
vn 0.9947 -0.1024 0.0021
vn 0.9989 -0.0391 0.0242
vn 0.9995 -0.0325 0.0055
vn 0.9993 -0.0375 0.0078
vn 0.9993 -0.0353 0.0131
vn 0.9961 0.0871 0.0110
vn 0.9915 0.1302 0.0081
vn 0.9932 0.1156 0.0141
vn 0.9947 0.1019 0.0129
vn 0.9115 0.4113 0.0088
vn 0.8614 0.5078 -0.0060
vn 0.8907 0.4547 0.0035
vn 0.8957 0.4446 0.0102
vn 0.4624 0.8866 0.0074
vn 0.5203 0.8539 0.0082
vn 0.5586 0.8292 0.0206
vn 0.5506 0.8346 0.0184
vn -0.0269 0.0169 -0.9995
vn -0.0181 0.0137 -0.9997
vn 0.0017 0.0128 -0.9999
vn 0.0215 0.0136 -0.9997
vn 0.0303 0.0169 -0.9994
vn -0.0001 -0.9990 0.0439
vn -0.0000 1.0000 0.0016
vn 1.0000 0.0011 0.0042
vn 0.8957 0.4447 0.0039
vn 0.8947 0.3853 0.2258
vn 0.8942 0.2229 0.3882
vn 0.8942 0.0010 0.4476
vn 0.8947 -0.2209 0.3881
vn 0.8957 -0.3832 0.2256
vn 0.8968 -0.4424 0.0039
vn 0.8978 -0.3829 -0.2178
vn 0.8983 -0.2206 -0.3800
vn 0.8983 0.0010 -0.4394
vn 0.8977 0.2227 -0.3801
vn 0.8968 0.3851 -0.2179
vn 0.5651 0.8250 0.0025
vn 0.5632 0.7147 0.4148
vn 0.5620 0.4130 0.7167
vn 0.5621 0.0007 0.8271
vn 0.5633 -0.4116 0.7165
vn 0.5654 -0.7131 0.4146
vn 0.5677 -0.8232 0.0025
vn 0.5698 -0.7126 -0.4093
vn 0.5709 -0.4111 -0.7107
vn 0.5708 0.0007 -0.8211
vn 0.5696 0.4125 -0.7109
vn 0.5675 0.7143 -0.4095
vn 0.3298 0.9440 0.0012
vn 0.3273 0.8179 0.4732
vn 0.3259 0.4724 0.8189
vn 0.3260 0.0003 0.9454
vn 0.3276 -0.4717 0.8187
vn 0.3302 -0.8169 0.4730
vn 0.3331 -0.9429 0.0012
vn 0.3357 -0.8162 -0.4702
vn 0.3370 -0.4711 -0.8152
vn 0.3369 0.0003 -0.9415
vn 0.3354 0.4717 -0.8155
vn 0.3328 0.8172 -0.4705
vn -1.0000 0.0009 -0.0039
vn -0.8957 0.4447 -0.0039
vn -0.8947 0.3853 -0.2258
vn -0.8942 0.2229 -0.3882
vn -0.8942 0.0010 -0.4476
vn -0.8947 -0.2209 -0.3881
vn -0.8957 -0.3832 -0.2257
vn -0.8968 -0.4424 -0.0039
vn -0.8978 -0.3829 0.2178
vn -0.8983 -0.2206 0.3800
vn -0.8983 0.0010 0.4394
vn -0.8977 0.2227 0.3801
vn -0.8968 0.3851 0.2179
vn -0.5651 0.8250 -0.0025
vn -0.5632 0.7147 -0.4148
vn -0.5620 0.4130 -0.7167
vn -0.5621 0.0007 -0.8271
vn -0.5633 -0.4116 -0.7165
vn -0.5654 -0.7131 -0.4146
vn -0.5677 -0.8232 -0.0025
vn -0.5697 -0.7126 0.4093
vn -0.5709 -0.4111 0.7107
vn -0.5708 0.0007 0.8211
vn -0.5696 0.4125 0.7109
vn -0.5675 0.7143 0.4095
vn -0.3298 0.9440 -0.0012
vn -0.3273 0.8179 -0.4732
vn -0.3259 0.4724 -0.8189
vn -0.3260 0.0003 -0.9454
vn -0.3276 -0.4717 -0.8187
vn -0.3302 -0.8169 -0.4730
vn -0.3331 -0.9429 -0.0012
vn -0.3357 -0.8162 0.4702
vn -0.3370 -0.4711 0.8152
vn -0.3370 0.0003 0.9415
vn -0.3353 0.4717 0.8155
vn -0.3327 0.8172 0.4705
vn -0.9570 0.2902 -0.0032
vn -0.9564 0.2516 -0.1481
vn -0.9561 0.1456 -0.2541
vn -0.9561 0.0007 -0.2929
vn -0.9564 -0.1442 -0.2541
vn -0.9569 -0.2500 -0.1479
vn -0.9575 -0.2885 -0.0032
vn -0.9580 -0.2496 0.1413
vn -0.9583 -0.1438 0.2470
vn -0.9583 0.0007 0.2857
vn -0.9580 0.1452 0.2472
vn -0.9575 0.2512 0.1415
vn -0.7229 0.6910 -0.0028
vn -0.7210 0.5991 -0.3482
vn -0.7199 0.3463 -0.6015
vn -0.7201 0.0006 -0.6939
vn -0.7213 -0.3447 -0.6008
vn -0.7232 -0.5968 -0.3476
vn -0.7254 -0.6884 -0.0028
vn -0.7272 -0.5955 0.3414
vn -0.7282 -0.3434 0.5931
vn -0.7282 0.0006 0.6854
vn -0.7270 0.3450 0.5936
vn -0.7251 0.5977 0.3420
vn -0.5121 0.8589 -0.0010
vn -0.5091 0.7450 -0.4311
vn -0.5076 0.4304 -0.7464
vn -0.5078 0.0001 -0.8615
vn -0.5097 -0.4297 -0.7454
vn -0.5129 -0.7430 -0.4300
vn -0.5163 -0.8564 -0.0010
vn -0.5192 -0.7406 0.4266
vn -0.5208 -0.4273 0.7391
vn -0.5206 0.0001 0.8538
vn -0.5187 0.4280 0.7401
vn -0.5156 0.7425 0.4276
vn 0.8765 0.3574 -0.3225
vn 0.9989 0.0460 0.0017
vn 0.9966 0.0821 0.0017
vn 0.6967 0.5564 -0.4529
vn -0.9966 0.0821 -0.0017
vn -0.9987 0.0505 -0.0017
vn -0.8748 0.3597 -0.3245
vn -0.6951 0.5564 -0.4553
vn -0.0000 -1.0000 -0.0007
vn -0.0000 -1.0000 -0.0013
vn -0.0005 -1.0000 -0.0013
vn -0.0018 0.0254 0.9997
vn -0.0018 0.0253 0.9997
vn -0.0017 0.0252 0.9997
vn -0.0017 0.0253 0.9997
vn 0.0709 0.8175 -0.5715
vn 0.0127 0.7269 -0.6867
vn -0.0049 0.7241 -0.6896
vn -0.0572 0.8122 -0.5806
vn 0.9336 0.3276 -0.1451
vn 0.9834 0.1816 0.0017
vn 0.8079 0.5893 0.0014
vn 0.7115 0.6897 -0.1342
vn -0.0032 0.0008 1.0000
vn 0.0012 0.7109 -0.7033
vn 0.0012 0.7505 -0.6609
vn 0.9016 0.4326 0.0016
vn 0.8666 0.4902 -0.0929
vn -0.0017 0.0126 0.9999
vn 0.0013 0.6461 -0.7632
vn 0.0013 0.6567 -0.7542
vn 0.0012 0.7157 -0.6984
vn 0.7580 0.6449 -0.0978
vn 0.8453 0.5343 0.0015
vn 0.9811 0.1935 0.0017
vn 0.9382 0.3194 -0.1330
vn 0.0748 0.5160 0.8533
vn -0.0778 0.5161 0.8530
vn -0.0026 -0.0007 1.0000
vn 0.9659 0.1829 -0.1833
vn 0.4756 0.5903 -0.6522
vn 0.5371 0.6736 -0.5077
vn -0.2721 0.6465 -0.7128
vn -0.2327 0.6584 -0.7158
vn -0.8692 0.4852 -0.0948
vn -0.7277 0.6745 -0.1246
vn -0.2939 0.8192 -0.4925
vn -0.5337 0.6722 -0.5131
vn -0.9415 0.3103 -0.1313
vn -0.4576 0.6939 -0.5560
vn -0.9447 0.3048 -0.1207
vn -0.7657 0.6369 -0.0897
vn -0.4465 0.8067 -0.3871
vn -0.5523 0.6362 -0.5388
vn 0.1436 0.9237 -0.3551
vn -0.1417 0.9238 -0.3557
vn -0.1426 0.9843 -0.1040
vn 0.1486 0.9827 -0.1109
vn 0.4241 0.8126 -0.3998
vn 0.3387 0.8918 -0.2999
vn 0.5071 0.8570 -0.0915
vn 0.4416 0.6978 -0.5640
vn 0.5328 0.6457 -0.5470
vn 0.2812 0.8201 -0.4983
vn -0.0065 -1.0000 -0.0009
vn -0.0193 -0.9998 -0.0000
vn -0.0003 -1.0000 -0.0006
vn -0.0000 -0.9997 -0.0240
vn 0.0013 -1.0000 -0.0022
vn 0.0015 -1.0000 -0.0067
vn -0.0065 0.0003 1.0000
vn 0.1397 0.9384 0.3161
vn 0.1370 0.9906 0.0002
vn -0.1370 0.9906 -0.0003
vn -0.1408 0.9384 0.3157
vn -0.9221 0.3868 -0.0012
vn -0.9833 0.1818 -0.0020
vn -0.9833 0.1820 -0.0017
vn -0.9221 0.3870 -0.0016
vn -0.9133 0.4072 0.0003
vn -0.9134 0.4072 -0.0016
vn -0.5404 0.7954 0.2744
vn -0.4947 0.8691 -0.0009
vn -0.8172 0.5763 -0.0015
vn -0.8460 0.5060 0.1681
vn -0.9876 0.1526 0.0370
vn -0.9633 0.2683 -0.0017
vn 0.7779 0.5624 0.2802
vn 0.4011 0.2959 0.8669
vn 0.5460 0.1431 0.8255
vn 0.9395 0.2433 0.2410
vn 0.1404 0.9534 0.2669
vn -0.1413 0.9535 0.2663
vn -0.2656 0.4277 0.8640
vn -0.5139 0.8027 0.3025
vn -0.8440 0.4618 0.2727
vn -0.4663 0.2348 0.8529
vn 0.0022 -0.9991 0.0422
vn 0.0050 -0.9967 0.0812
vn -0.0001 -0.9967 0.0814
vn -0.0115 -0.9993 0.0355
vn 0.7706 0.5800 0.2641
vn 0.3562 0.2487 0.9007
vn 0.5477 0.2811 0.7880
vn 0.8804 0.4197 0.2207
vn 0.9545 0.1784 0.2392
vn 0.4691 0.0817 0.8794
vn 0.9999 0.0099 0.0017
vn -0.5320 -0.8467 -0.0009
vn -0.9415 -0.3369 -0.0016
vn -0.5311 -0.8473 -0.0038
vn 0.0013 0.6670 -0.7450
vn 0.0013 0.6671 -0.7450
vn 0.2352 0.6584 -0.7150
vn 0.2743 0.6460 -0.7124
vn -0.9638 0.1908 -0.1862
vn -0.4714 0.5932 -0.6526
vn -0.9966 0.0822 -0.0017
vn -0.9987 0.0506 -0.0017
vn 0.0002 -1.0000 -0.0005
vn 0.9830 0.1837 0.0020
vn 0.9835 0.1809 0.0007
vn 0.8093 0.5874 -0.0020
vn 0.8072 0.5903 0.0023
vn 0.9017 0.4324 0.0043
vn 0.9009 0.4340 0.0016
vn 0.5451 0.8204 0.1727
vn 0.8502 0.5157 0.1059
vn 0.8264 0.5630 -0.0061
vn 0.5072 0.8618 -0.0022
vn 0.9850 0.1693 0.0321
vn 0.9699 0.2434 -0.0050
vn 0.1392 0.9903 -0.0041
vn 0.1439 0.9677 -0.2071
vn -0.1432 0.9677 -0.2076
vn -0.1392 0.9903 -0.0046
vn -0.8141 0.5807 0.0026
vn -0.8118 0.5840 -0.0007
vn -0.9830 0.1837 -0.0014
vn -0.9835 0.1807 -0.0004
vn -0.9023 0.4310 -0.0016
vn -0.9032 0.4292 -0.0008
vn -0.5435 0.8200 -0.1796
vn -0.8490 0.5159 -0.1138
vn -0.8264 0.5630 -0.0090
vn -0.5072 0.8618 -0.0039
vn -0.9853 0.1673 -0.0343
vn -0.9699 0.2434 -0.0084
vn -0.9998 0.0187 -0.0017
vn 0.1433 0.9688 0.2019
vn -0.1441 0.9688 0.2014
vn -0.8138 0.5811 -0.0047
vn -0.9835 0.1809 -0.0027
vn -0.9032 0.4292 0.0043
vn -0.5457 0.8204 0.1708
vn -0.8505 0.5157 0.1029
vn -0.0020 -1.0000 -0.0001
vn -0.0000 -1.0000 -0.0012
vn -0.9851 0.1694 0.0284
vn 0.9989 0.0461 0.0017
vn 0.8810 0.4731 0.0015
vn 0.9833 0.1818 0.0020
vn 0.9833 0.1818 0.0017
vn 0.9515 0.3076 0.0017
vn 0.5409 0.7959 -0.2720
vn 0.4947 0.8691 0.0009
vn 0.8172 0.5763 0.0014
vn 0.8473 0.5035 -0.1690
vn 0.9871 0.1548 -0.0413
vn 0.9633 0.2686 0.0017
vn 0.9999 0.0125 0.0017
vn 0.8095 0.5870 0.0054
vn 0.9835 0.1808 0.0031
vn 0.9017 0.4323 0.0023
vn 0.5441 0.8200 -0.1777
vn 0.8495 0.5158 -0.1110
vn 0.9854 0.1673 -0.0309
vn -0.9961 0.0887 -0.0019
vn -0.9987 0.0508 -0.0018
vn 0.0018 -1.0000 -0.0000
vn 0.8763 0.4816 0.0152
vn 0.9834 0.1817 0.0018
vn 0.9544 0.2980 0.0173
vn 0.5364 0.8440 0.0017
vn 0.8453 0.5343 0.0020
vn 0.9811 0.1934 0.0019
vn 0.9999 0.0116 0.0023
vn 0.1441 0.9896 -0.0018
vn -0.1441 0.9896 -0.0023
vn -0.9833 0.1817 -0.0019
vn -0.8125 0.5829 -0.0016
vn -0.9030 0.4297 -0.0016
vn -0.5364 0.8440 -0.0027
vn -0.8453 0.5343 -0.0024
vn -0.9811 0.1934 -0.0020
vn 0.1410 0.9393 -0.3128
vn -0.1399 0.9393 -0.3133
vn -0.1395 0.9360 -0.3231
vn -0.1368 0.9906 -0.0002
vn 0.1369 0.9906 0.0002
vn 0.1406 0.9360 -0.3227
vn -0.9833 0.1818 -0.0015
vn -0.9948 0.1020 -0.0015
vn -0.8125 0.5829 -0.0014
vn -0.9948 0.1016 -0.0017
vn -0.9030 0.4295 -0.0016
vn -0.5400 0.7959 -0.2739
vn -0.8467 0.5035 -0.1720
vn -0.9670 0.2548 -0.0017
vn -0.8509 0.5254 -0.0030
vn -0.8973 0.4228 -0.1268
vn -0.9628 0.2703 0.0015
vn -0.9869 0.1548 -0.0448
vn -0.9852 -0.1712 -0.0029
vn -0.9848 -0.1735 -0.0016
vn 0.9832 0.1823 0.0017
vn 0.9833 0.1819 0.0013
vn 0.5394 0.7934 -0.2819
vn 0.4936 0.8697 0.0013
vn 0.8292 0.5590 -0.0000
vn 0.8384 0.5280 -0.1351
vn 0.5394 0.7954 0.2763
vn 0.8454 0.5060 0.1710
vn 0.9775 0.2111 0.0015
vn 0.9666 0.2561 0.0048
vn 0.9875 0.1526 0.0404
vn 0.1441 0.9896 -0.0031
vn -0.1442 0.9895 -0.0036
vn -0.1442 0.9895 0.0061
vn 0.1442 0.9895 0.0066
vn -0.9834 0.1816 -0.0017
vn -0.9833 0.1818 -0.0014
vn -0.9222 0.3867 -0.0010
vn -0.9136 0.4066 -0.0001
vn -0.5366 0.8438 -0.0038
vn -0.8454 0.5341 -0.0033
vn -0.9786 0.2058 -0.0005
vn -0.8387 0.5446 0.0020
vn -0.9812 0.1931 -0.0024
vn -0.9415 -0.3369 -0.0015
vn -0.9256 -0.3783 -0.0116
vn 0.0027 -1.0000 -0.0018
vn 0.9833 0.1818 0.0018
vn 0.5368 0.8437 0.0064
vn 0.8372 0.5469 0.0011
vn 0.9812 0.1931 0.0010
vn 0.8454 0.5341 -0.0004
vn 0.9792 0.2030 -0.0031
vn -0.1441 0.9896 -0.0003
vn 0.1441 0.9896 0.0003
vn -0.1407 0.9366 0.3210
vn 0.1396 0.9366 0.3215
vn -0.8158 0.5784 -0.0040
vn -0.9950 0.0973 -0.0210
vn -0.9046 0.4261 0.0128
vn -0.9627 0.2705 -0.0054
vn -0.8984 0.4217 0.1226
vn -0.9853 -0.1692 -0.0232
vn -0.9996 0.0190 0.0186
vn -0.9997 0.0187 0.0180
vn 0.5404 0.7931 0.2810
vn 0.8388 0.5270 0.1365
vn 0.9667 0.2559 -0.0019
vn 0.9675 0.2530 0.0020
vn -0.1441 0.9896 0.0011
vn 0.1441 0.9896 0.0016
vn 0.1441 0.9896 -0.0028
vn -0.1442 0.9895 -0.0033
vn -0.9969 0.0587 -0.0515
vn -0.9122 0.4086 -0.0296
vn -0.8130 0.5822 -0.0008
vn -0.9949 0.1009 -0.0009
vn -0.9490 0.3146 0.0188
vn -0.9040 0.4276 -0.0081
vn -0.8773 0.4800 -0.0009
vn -0.9627 0.2704 -0.0013
vn -0.5366 0.8439 -0.0035
vn -0.8776 0.4795 -0.0031
vn -0.5384 0.7934 -0.2838
vn -0.9939 -0.1012 -0.0429
vn -0.9849 -0.1733 -0.0016
vn -0.9993 0.0119 0.0366
vn -0.9992 0.0130 0.0382
vn -0.9998 0.0211 -0.0053
vn -0.0155 -0.9999 0.0026
vn 0.9016 0.4326 0.0006
vn 0.8114 0.5845 0.0022
vn 0.5364 0.8439 0.0021
vn 0.8115 0.5844 -0.0004
vn 0.9675 0.2528 0.0009
vn 0.9999 0.0103 0.0017
vn 0.9833 0.1817 0.0016
vn 0.8081 0.5890 0.0011
vn 0.9017 0.4323 0.0014
vn 0.8453 0.5343 0.0005
vn 0.5364 0.8440 -0.0008
vn 0.9811 0.1934 0.0014
vn -0.9030 0.4296 -0.0016
vn -0.5363 0.8440 -0.0009
vn -0.8453 0.5343 -0.0015
vn -0.9811 0.1935 -0.0017
vn 0.5363 0.8440 0.0009
vn -0.5080 0.8568 -0.0887
vn 0.1441 0.9896 0.0012
vn -0.1441 0.9896 0.0007
vn -0.9121 0.4094 0.0194
vn -0.9834 0.1817 -0.0016
vn -0.9315 0.3606 0.0480
vn -0.8453 0.5343 -0.0010
vn -0.5364 0.8440 -0.0002
vn -0.9811 0.1934 -0.0015
vn -0.9999 0.0113 -0.0050
vn -0.9207 0.3902 0.0012
vn -0.9130 0.4075 0.0179
vn -0.8453 0.5344 -0.0015
vn -0.6873 -0.7263 0.0021
vn -0.9890 -0.1396 0.0486
vn -0.0120 -0.9999 0.0070
vn -0.9239 0.3827 -0.0010
vn -0.9907 0.1360 -0.0020
vn -0.9136 0.4065 -0.0012
vn -0.8749 0.4842 0.0058
vn -0.5368 0.8437 0.0045
vn -0.9764 0.2158 0.0110
vn 0.9833 0.1821 0.0018
vn 0.8763 0.4818 -0.0030
vn 0.9519 0.3064 -0.0022
vn 0.9674 0.2533 0.0011
vn 0.9999 0.0124 0.0017
vn -0.9899 0.1399 0.0236
vn -0.9213 0.3888 0.0038
vn -0.9342 0.3527 0.0538
vn -0.8774 0.4797 -0.0015
vn -0.9876 -0.1572 -0.0004
vn -0.9800 0.1974 0.0251
vn 0.8671 0.4980 -0.0080
vn 0.9462 0.3234 -0.0080
vn 0.9674 0.2532 0.0017
vn 0.9999 0.0121 0.0016
vn 0.5457 0.0258 0.8376
vn 0.5392 0.0275 0.8417
vn -0.1011 0.8386 -0.5353
vn -0.0066 0.7396 -0.6730
vn -0.0018 0.0040 1.0000
vn -0.0017 0.0155 0.9999
vn -0.1390 0.4554 0.8794
vn -0.0015 -0.0030 1.0000
vn -0.2881 0.9511 -0.1116
vn -0.2879 0.8990 -0.3300
vn -0.2852 0.9585 -0.0005
vn -0.2725 0.9141 0.3002
vn -0.2752 0.9175 0.2872
vn 0.2649 0.4271 0.8645
vn 0.5140 0.8015 0.3055
vn -0.0249 -0.9992 0.0305
vn -0.0339 -0.9994 0.0099
vn -0.2852 0.9585 -0.0049
vn -0.2792 0.9395 -0.1986
vn -0.2802 0.9405 0.1922
vn 0.0081 -1.0000 -0.0000
vn -0.2852 0.9585 -0.0025
vn -0.2717 0.9150 -0.2984
vn -0.2709 0.9121 -0.3076
vn -0.2852 0.9585 -0.0038
vn 0.5366 0.8438 -0.0020
vn -0.2852 0.9584 0.0057
vn 0.0080 -1.0000 -0.0039
vn -0.2721 0.9126 0.3051
vn 0.0054 -1.0000 0.0007
vn -0.2852 0.9585 0.0008
vn -0.2852 0.9585 -0.0035
vn 0.5366 0.8439 -0.0017
vn -0.0331 -0.9994 0.0102
vn -0.2852 0.9585 0.0004
vn -0.1441 0.9896 -0.0002
vn -0.0350 -0.9990 0.0294
vn 0.9770 0.0157 0.2126
vn -0.9998 0.0206 -0.0014
vn -0.4946 -0.8690 -0.0135
vn -0.9533 0.3013 0.0225
vn -0.9518 0.3053 0.0283
vn -0.9992 0.0113 0.0372
vn -0.9992 0.0111 0.0372
vn 0.9842 0.0174 0.1762
vn -0.9975 0.0143 0.0688
vn -0.7057 -0.5675 0.4241
vn -0.5619 -0.4392 0.7009
vn -0.8829 -0.4695 -0.0015
vn -0.3648 0.8888 -0.2773
vn -0.7082 0.1452 0.6909
vn -0.0573 -0.0652 0.9962
vn -0.4936 0.8697 -0.0005
vn -0.8772 0.4802 -0.0015
vn -0.5414 0.7931 0.2792
vn -0.5364 0.8439 0.0002
vn -0.9630 0.2697 -0.0026
vn -0.9630 0.2694 -0.0017
vn -0.0267 -0.0135 0.9996
vn -0.1522 -0.9883 0.0013
vn -0.1430 -0.9897 0.0073
vn -0.2911 -0.9567 -0.0005
vn -0.2910 -0.9567 -0.0005
vn -0.2718 -0.9624 -0.0005
vn -0.2663 -0.9636 0.0217
vn -0.2918 -0.9564 0.0123
vn -0.2906 -0.9568 -0.0117
vn -0.2722 -0.9622 -0.0122
vn -0.2527 -0.9675 0.0035
vn -0.2530 -0.9675 0.0030
vn -0.2527 -0.9675 -0.0004
vn -0.2213 -0.8036 0.5525
vn -0.2617 -0.9228 0.2827
vn -0.2664 -0.9201 0.2871
vn -0.2233 -0.8031 0.5524
vn -0.1820 0.0717 0.9807
vn -0.2242 -0.2408 0.9443
vn -0.2193 -0.1939 0.9562
vn -0.1839 0.0756 0.9800
vn -0.2190 -0.4502 0.8656
vn -0.2194 -0.4504 0.8654
vn -0.2660 -0.9640 -0.0011
vn -0.2597 -0.9657 -0.0014
vn -0.2573 -0.9663 -0.0009
vn -0.2645 -0.9644 -0.0032
vn -0.2737 -0.9618 -0.0005
vn -0.2730 -0.9620 -0.0031
vn -0.2930 -0.9561 -0.0050
vn -0.2930 -0.9561 -0.0005
vn -0.2954 -0.9554 -0.0008
vn -0.2932 -0.9477 0.1264
vn -0.3319 -0.9353 0.1229
vn -0.2429 -0.7840 0.5713
vn -0.2431 -0.7851 0.5697
vn -0.9966 0.0751 0.0341
vn -0.6192 -0.3843 0.6847
vn -0.2525 -0.9671 0.0322
vn -0.0288 -0.9993 0.0247
vn -0.1544 -0.9880 -0.0016
vn -0.2529 -0.9674 -0.0126
vn -0.2529 -0.9675 0.0024
vn -0.2662 -0.9259 0.2681
vn -0.2527 -0.9676 -0.0004
vn -0.2376 -0.8085 0.5384
vn -0.2128 -0.1382 0.9673
vn -0.1802 0.0816 0.9802
vn -0.2236 -0.4509 0.8641
vn -0.6767 -0.7319 0.0795
vn -0.0010 -0.9950 0.1001
vn 0.0204 -0.9979 0.0620
vn 0.0397 -0.9970 -0.0660
vn -0.9904 -0.1331 0.0370
vn -0.9572 0.2826 0.0617
vn -0.9340 0.3493 0.0756
vn -0.6440 -0.7647 0.0245
vn -0.9187 0.3944 -0.0213
vn -0.9969 0.0592 -0.0528
vn -0.9627 0.2704 -0.0017
vn -0.9941 -0.0988 -0.0439
vn -0.9992 0.0121 0.0390
vn -0.2914 -0.9566 -0.0018
vn -0.0005 -0.9990 0.0447
vn -0.9234 0.3831 -0.0229
vn -0.9972 0.0571 -0.0488
vn -0.9992 0.0118 0.0390
vn 0.0140 -0.9985 0.0527
vn -0.9944 -0.0961 -0.0428
vn -0.0076 -0.9999 0.0149
vn -0.0094 -1.0000 0.0024
vn -0.4290 -0.5111 -0.7448
vn -0.1216 -0.2845 -0.9509
vn -0.1582 -0.6699 -0.7254
vn -0.2229 -0.0838 0.9712
vn 0.2267 -0.0816 0.9705
vn 0.2257 -0.3764 0.8986
vn -0.2214 -0.3771 0.8993
vn 0.0035 -0.0165 0.9999
vn -0.0072 -0.0164 0.9998
vn -0.0033 -0.0103 0.9999
vn -0.0002 -0.0103 0.9999
vn -0.2170 0.3406 -0.9148
vn 0.2276 0.3400 -0.9125
vn 0.2274 0.3633 -0.9035
vn -0.2168 0.3640 -0.9058
vn 0.9762 0.1189 -0.1814
vn 0.7224 0.2563 -0.6422
vn 0.7420 0.2512 -0.6216
vn 0.9788 0.0833 -0.1872
vn 0.9818 -0.0441 0.1845
vn 0.7813 -0.2053 0.5895
vn 0.7336 -0.2518 0.6312
vn 0.9714 -0.0677 0.2274
vn -0.7646 -0.0440 0.6430
vn -0.7307 -0.2536 0.6338
vn -0.9474 -0.0947 0.3057
vn -0.9411 -0.0625 0.3323
vn -0.7512 0.2285 -0.6193
vn -0.7351 0.2530 -0.6290
vn -0.9632 0.1048 -0.2475
vn -0.9856 0.0651 -0.1559
vn 0.2230 0.3051 -0.9258
vn 0.2422 -0.3472 0.9060
vn 0.9854 0.0630 -0.1580
vn 0.7582 0.2266 -0.6114
vn 0.7834 0.0743 -0.6170
vn 0.9940 0.0196 -0.1072
vn 0.2363 0.1316 -0.9627
vn -0.2251 0.1318 -0.9654
vn -0.7767 0.0751 -0.6254
vn -0.9938 0.0176 -0.1095
vn -0.7781 -0.2073 0.5929
vn -0.8356 -0.2859 0.4690
vn -0.9913 -0.0603 0.1168
vn -0.9829 -0.0440 0.1790
vn -0.2377 -0.3480 0.9069
vn -0.3147 -0.4667 0.8265
vn 0.3215 -0.4649 0.8249
vn 0.8385 -0.2825 0.4660
vn 0.9909 -0.0602 0.1202
vn -0.7988 -0.5256 0.2927
vn -0.9870 -0.1410 0.0771
vn -0.3351 -0.8419 0.4230
vn 0.3435 -0.8387 0.4227
vn 0.8026 -0.5200 0.2924
vn 0.9867 -0.1410 0.0806
vn -0.7967 -0.5999 0.0733
vn -0.9854 -0.1687 0.0225
vn -0.3146 -0.9484 0.0408
vn 0.3233 -0.9454 0.0418
vn 0.8018 -0.5929 0.0751
vn 0.6033 -0.4568 0.6538
vn 0.9853 -0.1687 0.0259
vn 0.7248 -0.1394 0.6747
vn -0.0016 0.0002 1.0000
vn -0.0019 0.0002 1.0000
vn 0.9900 -0.0166 -0.1400
vn 0.9982 0.0043 0.0606
vn 0.9966 0.0131 0.0808
vn 0.7694 -0.1267 -0.6261
vn 0.2293 -0.2063 -0.9512
vn -0.2184 -0.2066 -0.9537
vn -0.7607 -0.1307 -0.6358
vn -0.9899 -0.0191 -0.1407
vn -0.9984 0.0023 0.0573
vn -0.9969 -0.0002 0.0788
vn -0.9999 -0.0004 0.0123
vn 0.9999 -0.0005 0.0155
vn -0.7272 -0.1394 0.6721
vn -0.7084 0.0001 0.7058
vn -0.6025 -0.4632 0.6499
vn -0.2402 -0.7287 0.6414
vn -0.0005 -0.0078 1.0000
vn -0.0031 -0.0078 1.0000
vn 0.2451 -0.7277 0.6406
vn 0.7060 0.0001 0.7082
vn 0.6211 -0.0054 0.7837
vn -0.6238 -0.0054 0.7816
vn -0.6560 -0.0433 0.7535
vn -0.0018 0.0001 1.0000
vn -0.7083 -0.0000 0.7059
vn -0.9767 -0.2140 0.0132
vn -0.9790 -0.1993 0.0431
vn 0.9788 -0.1993 0.0465
vn 0.7059 -0.0000 0.7084
vn -0.9999 -0.0156 -0.0010
vn -0.9746 -0.2234 0.0133
vn -0.9688 -0.2216 0.1111
vn -0.9931 -0.0174 0.1161
vn 0.6533 -0.0433 0.7558
vn 0.9684 -0.2216 0.1145
vn 0.9927 -0.0174 0.1196
vn 0.7662 -0.0410 0.6413
vn 0.6995 0.2494 0.6697
vn 0.9554 0.2203 0.1964
vn 0.9673 -0.0294 0.2520
vn 0.1972 0.2083 0.9580
vn -0.1947 0.2052 0.9592
vn -0.6992 0.2431 0.6724
vn -0.9611 0.1878 0.2025
vn -0.9612 0.1371 -0.2393
vn -0.7156 0.2555 -0.6501
vn -0.7181 0.2778 -0.6381
vn -0.9604 0.2467 -0.1299
vn -0.2081 0.2528 -0.9449
vn -0.2134 0.3043 -0.9284
vn 0.2180 0.2559 -0.9418
vn 0.7245 0.2830 -0.6285
vn 0.9591 0.2641 -0.1022
vn 0.9942 -0.1015 -0.0344
vn 0.5858 -0.7558 -0.2926
vn 0.5961 -0.6743 -0.4359
vn 0.9703 0.0499 -0.2368
vn 0.9832 -0.0969 0.1545
vn 0.7101 -0.2936 0.6400
vn 0.4574 -0.8417 0.2869
vn 0.6181 -0.7855 -0.0312
vn 0.2028 -0.2526 0.9461
vn 0.1476 -0.7728 0.6172
vn -0.1987 -0.2567 0.9458
vn -0.1340 -0.7689 0.6252
vn -0.7076 -0.3013 0.6392
vn -0.4642 -0.8327 0.3018
vn -0.9828 -0.1115 0.1474
vn -0.6591 -0.7520 -0.0099
vn -0.6552 -0.7246 -0.2135
vn -0.9977 -0.0629 -0.0259
vn -0.7024 -0.0036 -0.7118
vn -0.6333 -0.6413 -0.4332
vn -0.9688 0.0353 -0.2453
vn -0.2015 0.0283 -0.9791
vn 0.2122 0.0345 -0.9766
vn 0.1431 -0.2963 -0.9443
vn 0.7101 0.0070 -0.7040
vn 0.4063 -0.5618 -0.7207
vn -0.1409 -0.9652 0.2204
vn -0.1952 -0.9719 -0.1314
vn -0.1853 -0.9438 -0.2737
vn 0.1723 -0.7227 -0.6694
vn 0.1098 -0.9245 -0.3650
vn 0.1121 -0.9047 -0.4109
vn 0.1243 -0.9746 0.1862
vn 0.0959 -0.9812 -0.1672
vn 0.1070 -0.9556 -0.2744
vn -0.2015 -0.8699 -0.4503
vn 0.9987 -0.0470 -0.0177
vn 0.9801 0.1898 0.0589
vn -0.9921 -0.1174 -0.0433
vn -0.9932 0.1104 0.0373
vn -0.0017 0.0001 1.0000
vn 0.9670 -0.2222 -0.1244
vn 0.9786 -0.1897 0.0793
vn 0.7218 -0.2253 -0.6544
vn 0.2187 -0.2880 -0.9323
vn -0.2083 -0.2885 -0.9345
vn -0.7114 -0.2259 -0.6654
vn -0.9730 -0.1803 -0.1441
vn -0.9784 -0.2054 0.0231
vn -0.9782 -0.1948 0.0725
vn 0.9782 -0.2060 0.0264
vn 0.9767 -0.2140 0.0166
vn 0.9690 -0.1933 -0.1537
vn 0.9776 -0.1951 0.0792
vn 0.7093 -0.1321 -0.6924
vn 0.2241 -0.1799 -0.9578
vn -0.2135 -0.1802 -0.9602
vn -0.7015 -0.1330 -0.7001
vn -0.9732 -0.1605 -0.1645
vn -0.9757 -0.2179 0.0237
vn -0.9775 -0.1980 0.0731
vn 0.9757 -0.2174 0.0276
vn 0.9746 -0.2234 0.0167
vn 0.9781 -0.0349 -0.2050
vn 0.9980 -0.0037 0.0636
vn 0.7029 -0.0931 -0.7052
vn 0.2232 -0.1276 -0.9664
vn -0.2128 -0.1278 -0.9687
vn -0.6948 -0.0937 -0.7131
vn -0.9774 -0.0348 -0.2085
vn -0.9998 -0.0138 0.0133
vn -0.9982 -0.0084 0.0597
vn 0.9998 -0.0139 0.0168
vn 0.9999 -0.0159 0.0023
vn 0.9982 0.0022 0.0606
vn 0.9966 0.0006 0.0825
vn -0.9984 0.0038 0.0571
vn -0.9970 0.0112 0.0769
vn 0.5984 -0.7693 -0.2239
vn -0.6375 -0.7171 -0.2818
vn -0.1805 -0.9133 -0.3652
vn 0.9822 0.1768 0.0640
vn -0.9918 0.1229 0.0356
vn 0.9756 -0.2067 0.0747
vn -0.9846 -0.1547 0.0810
vn 0.9760 -0.2038 0.0767
vn -0.9831 -0.1642 0.0806
vn 0.9980 -0.0084 0.0630
vn -0.9982 -0.0036 0.0602
vn 0.9994 0.0316 -0.0105
vn 0.9983 0.0190 0.0559
vn 0.9996 0.0222 -0.0166
vn 0.9985 0.0011 0.0552
vn 0.9993 0.0114 0.0353
vn 0.9932 -0.0019 0.1163
vn -0.9927 -0.0475 0.1108
vn -0.9973 -0.0012 -0.0731
vn -0.9897 -0.0246 0.1412
vn -0.9958 0.0477 -0.0780
vn -0.9934 0.0004 0.1149
vn -0.9990 0.0154 0.0420
vt 0.270100 0.362300
vt 0.291000 0.359900
vt 0.291000 0.382200
vt 0.270100 0.382200
vt 0.291000 0.401800
vt 0.270100 0.404300
vt 0.473300 0.401400
vt 0.473300 0.382200
vt 0.483200 0.382200
vt 0.483200 0.400400
vt 0.300900 0.360000
vt 0.300900 0.382200
vt 0.291000 0.414200
vt 0.270100 0.414200
vt 0.329100 0.407200
vt 0.329100 0.414200
vt 0.315000 0.414200
vt 0.315000 0.405400
vt 0.343800 0.382200
vt 0.343800 0.376500
vt 0.366000 0.376500
vt 0.366000 0.382200
vt 0.315000 0.382200
vt 0.315000 0.361000
vt 0.329100 0.363200
vt 0.329100 0.382200
vt 0.300900 0.414200
vt 0.300900 0.403400
vt 0.448700 0.407200
vt 0.448700 0.414200
vt 0.400100 0.414200
vt 0.400100 0.407200
vt 0.448700 0.382200
vt 0.448700 0.363200
vt 0.473300 0.365100
vt 0.473300 0.414200
vt 0.483200 0.366600
vt 0.970700 0.284900
vt 0.977700 0.299300
vt 0.949900 0.299300
vt 0.949900 0.278000
vt 0.918600 0.299300
vt 0.918600 0.278000
vt 0.928300 0.278000
vt 0.928300 0.299300
vt 0.702300 0.299300
vt 0.702300 0.278000
vt 0.716100 0.278000
vt 0.716100 0.299300
vt 0.669500 0.299300
vt 0.669500 0.278000
vt 0.934700 0.278000
vt 0.934700 0.299300
vt 0.736600 0.278000
vt 0.736600 0.299300
vt 0.760700 0.299300
vt 0.760700 0.278000
vt 0.779900 0.278000
vt 0.779900 0.299300
vt 0.448700 0.350400
vt 0.400100 0.363200
vt 0.400100 0.350400
vt 0.746800 0.278000
vt 0.746800 0.299300
vt 0.810600 0.278000
vt 0.810600 0.299300
vt 0.473300 0.350400
vt 0.894100 0.299300
vt 0.894100 0.278000
vt 0.483200 0.350400
vt 0.400100 0.382200
vt 0.400100 0.376500
vt 0.428200 0.376500
vt 0.428200 0.382200
vt 0.366000 0.414200
vt 0.366000 0.407200
vt 0.366000 0.363200
vt 0.366000 0.350400
vt 0.845300 0.278000
vt 0.845300 0.299300
vt 0.483200 0.414200
vt 0.428200 0.392100
vt 0.400100 0.392100
vt 0.366000 0.392100
vt 0.343800 0.392100
vt 0.329100 0.350400
vt 0.291000 0.350400
vt 0.300900 0.350400
vt 0.270100 0.350400
vt 0.657300 0.299300
vt 0.660700 0.285700
vt 0.315000 0.350400
vt 0.291000 0.318800
vt 0.291000 0.338700
vt 0.270100 0.335600
vt 0.270100 0.318800
vt 0.291000 0.296800
vt 0.270100 0.293700
vt 0.473300 0.302800
vt 0.483200 0.304000
vt 0.483200 0.318800
vt 0.473300 0.318800
vt 0.300900 0.318800
vt 0.300900 0.339000
vt 0.270100 0.286900
vt 0.291000 0.286900
vt 0.329100 0.294400
vt 0.315000 0.294000
vt 0.315000 0.286900
vt 0.329100 0.286900
vt 0.345100 0.318800
vt 0.366000 0.318800
vt 0.366000 0.324900
vt 0.345100 0.324900
vt 0.329100 0.338200
vt 0.315000 0.338400
vt 0.315000 0.318800
vt 0.329100 0.318800
vt 0.300900 0.295600
vt 0.300900 0.286900
vt 0.400100 0.286900
vt 0.448700 0.286900
vt 0.448700 0.294400
vt 0.400100 0.294400
vt 0.473300 0.338800
vt 0.448700 0.338200
vt 0.448700 0.318800
vt 0.473300 0.286900
vt 0.483200 0.337600
vt 0.970700 0.313800
vt 0.949900 0.320600
vt 0.928300 0.320600
vt 0.918600 0.320600
vt 0.716100 0.320600
vt 0.702300 0.320600
vt 0.669500 0.320600
vt 0.934700 0.320600
vt 0.736600 0.320600
vt 0.779900 0.320600
vt 0.760700 0.320600
vt 0.400100 0.338200
vt 0.746800 0.320600
vt 0.810600 0.320600
vt 0.894100 0.320600
vt 0.400100 0.318800
vt 0.429300 0.318800
vt 0.429300 0.324900
vt 0.400100 0.324900
vt 0.366000 0.294400
vt 0.366000 0.286900
vt 0.366000 0.338200
vt 0.845300 0.320600
vt 0.483200 0.286900
vt 0.400100 0.309400
vt 0.429300 0.309400
vt 0.345100 0.309400
vt 0.366000 0.309400
vt 0.660700 0.312900
vt 0.943800 0.702300
vt 0.941300 0.702600
vt 0.941000 0.700300
vt 0.943600 0.700000
vt 0.940900 0.719200
vt 0.941100 0.717100
vt 0.943500 0.717300
vt 0.943500 0.719400
vt 0.813300 0.735000
vt 0.811400 0.734600
vt 0.814600 0.720200
vt 0.816100 0.721800
vt 0.940200 0.735200
vt 0.942800 0.735300
vt 0.972900 0.734300
vt 0.970600 0.734900
vt 0.967400 0.720800
vt 0.968600 0.719200
vt 0.969800 0.703900
vt 0.952700 0.717700
vt 0.953300 0.702700
vt 0.924600 0.700100
vt 0.924300 0.702300
vt 0.907300 0.701400
vt 0.907300 0.699200
vt 0.923900 0.716900
vt 0.907100 0.717100
vt 0.924100 0.719000
vt 0.907000 0.719300
vt 0.924400 0.734900
vt 0.907000 0.734900
vt 0.855300 0.735300
vt 0.855300 0.737600
vt 0.845300 0.737400
vt 0.845200 0.735200
vt 0.843600 0.701700
vt 0.853600 0.701000
vt 0.854100 0.716400
vt 0.844700 0.717300
vt 0.854500 0.718600
vt 0.844700 0.719400
vt 0.930400 0.701300
vt 0.930600 0.703400
vt 0.930400 0.718400
vt 0.930500 0.716300
vt 0.930200 0.734900
vt 0.860400 0.734800
vt 0.861800 0.737000
vt 0.860200 0.700800
vt 0.860200 0.715500
vt 0.860000 0.718100
vt 0.935000 0.701100
vt 0.934900 0.703400
vt 0.935100 0.718700
vt 0.935000 0.716300
vt 0.934500 0.735000
vt 0.865200 0.701600
vt 0.861100 0.698100
vt 0.866000 0.699300
vt 0.872000 0.701500
vt 0.871800 0.699300
vt 0.864700 0.715500
vt 0.871600 0.716100
vt 0.865200 0.717900
vt 0.871300 0.718300
vt 0.865200 0.734700
vt 0.870900 0.734700
vt 0.829400 0.737500
vt 0.829300 0.735400
vt 0.829500 0.718200
vt 0.828000 0.703100
vt 0.829600 0.720100
vt 0.813200 0.737100
vt 0.812700 0.705000
vt 0.877800 0.701200
vt 0.877800 0.699000
vt 0.877600 0.716500
vt 0.877500 0.718700
vt 0.877200 0.734700
vt 0.890300 0.701200
vt 0.890300 0.699000
vt 0.890200 0.716900
vt 0.890100 0.719100
vt 0.889900 0.734800
vt 0.952800 0.735300
vt 0.952800 0.737500
vt 0.942800 0.737600
vt 0.952600 0.719600
vt 0.970700 0.736800
vt 0.127200 0.841300
vt 0.127300 0.837400
vt 0.138600 0.837800
vt 0.138500 0.841600
vt 0.135800 0.779100
vt 0.136100 0.782100
vt 0.128100 0.783200
vt 0.127600 0.780400
vt 0.126700 0.778100
vt 0.136500 0.776500
vt 0.145200 0.780700
vt 0.143300 0.782300
vt 0.141400 0.780200
vt 0.142700 0.778300
vt 0.121600 0.807800
vt 0.121300 0.832600
vt 0.114900 0.832500
vt 0.114900 0.808700
vt 0.120800 0.778700
vt 0.122500 0.781000
vt 0.114800 0.779900
vt 0.114800 0.778100
vt 0.122300 0.783700
vt 0.114800 0.783200
vt 0.114900 0.806800
vt 0.123500 0.805200
vt 0.124800 0.807800
vt 0.124200 0.832600
vt 0.124200 0.781300
vt 0.124400 0.783700
vt 0.123600 0.778600
vt 0.125400 0.804800
vt 0.128200 0.808400
vt 0.127400 0.832600
vt 0.129500 0.806000
vt 0.141900 0.809000
vt 0.141000 0.833000
vt 0.148100 0.803900
vt 0.144200 0.804500
vt 0.141300 0.785300
vt 0.144800 0.784700
vt 0.150600 0.803500
vt 0.147100 0.783700
vt 0.121300 0.837300
vt 0.114900 0.837300
vt 0.122300 0.787300
vt 0.114800 0.787200
vt 0.124100 0.837400
vt 0.124500 0.787200
vt 0.128500 0.786900
vt 0.144600 0.833100
vt 0.143100 0.837500
vt 0.138900 0.779200
vt 0.139800 0.782100
vt 0.139900 0.777000
vt 0.145500 0.809100
vt 0.140900 0.805000
vt 0.138300 0.785700
vt 0.121200 0.841100
vt 0.114900 0.841000
vt 0.124000 0.841200
vt 0.147300 0.836600
vt 0.145200 0.839800
vt 0.148900 0.833200
vt 0.149800 0.809300
vt 0.142200 0.841500
vt 0.181200 0.961700
vt 0.170400 0.959400
vt 0.172100 0.958000
vt 0.181600 0.959400
vt 0.185100 0.959900
vt 0.184800 0.962200
vt 0.189200 0.960600
vt 0.188900 0.962800
vt 0.170600 0.952000
vt 0.182500 0.952300
vt 0.186200 0.952600
vt 0.190700 0.953400
vt 0.151200 0.962800
vt 0.150100 0.955000
vt 0.154100 0.954500
vt 0.155500 0.962200
vt 0.157500 0.954100
vt 0.159000 0.961600
vt 0.168400 0.952200
vt 0.170200 0.949900
vt 0.182700 0.950300
vt 0.186400 0.950500
vt 0.191400 0.951000
vt 0.157000 0.951200
vt 0.167600 0.949800
vt 0.149800 0.952100
vt 0.153700 0.951600
vt 0.194300 0.951300
vt 0.193100 0.953600
vt 0.170100 0.948200
vt 0.167300 0.947800
vt 0.168800 0.941100
vt 0.171200 0.941800
vt 0.182800 0.948700
vt 0.182400 0.942200
vt 0.186500 0.948900
vt 0.185800 0.942000
vt 0.191700 0.949100
vt 0.189900 0.941400
vt 0.156600 0.948700
vt 0.156400 0.940500
vt 0.149500 0.949400
vt 0.153400 0.949000
vt 0.149100 0.940700
vt 0.153100 0.940600
vt 0.194900 0.949100
vt 0.192300 0.940500
vt 0.191400 0.961100
vt 0.102400 0.837400
vt 0.102500 0.841300
vt 0.091200 0.841600
vt 0.091100 0.837800
vt 0.093600 0.782200
vt 0.093900 0.779100
vt 0.102100 0.780400
vt 0.101600 0.783300
vt 0.093300 0.776600
vt 0.102900 0.778100
vt 0.084500 0.780800
vt 0.087000 0.778400
vt 0.088300 0.780300
vt 0.086400 0.782400
vt 0.108400 0.832600
vt 0.108100 0.807800
vt 0.107200 0.781000
vt 0.108900 0.778800
vt 0.107400 0.783700
vt 0.106200 0.805200
vt 0.105600 0.832600
vt 0.104900 0.807800
vt 0.105500 0.781300
vt 0.105300 0.783700
vt 0.106000 0.778600
vt 0.104300 0.804900
vt 0.102400 0.832600
vt 0.101500 0.808400
vt 0.100200 0.806000
vt 0.087800 0.809000
vt 0.088700 0.833000
vt 0.085500 0.804600
vt 0.081400 0.803900
vt 0.084900 0.784800
vt 0.088500 0.785300
vt 0.078900 0.803400
vt 0.082700 0.783800
vt 0.108500 0.837300
vt 0.107400 0.787400
vt 0.105700 0.837400
vt 0.105200 0.787300
vt 0.101200 0.786900
vt 0.086600 0.837500
vt 0.085100 0.833100
vt 0.089900 0.782200
vt 0.090800 0.779300
vt 0.089900 0.777000
vt 0.084200 0.809200
vt 0.088800 0.805000
vt 0.091500 0.785700
vt 0.108500 0.841100
vt 0.105700 0.841200
vt 0.084500 0.839800
vt 0.082500 0.836600
vt 0.080800 0.833200
vt 0.079900 0.809300
vt 0.087600 0.841500
vt 0.443800 0.748300
vt 0.443400 0.745900
vt 0.452800 0.744500
vt 0.454500 0.745900
vt 0.439800 0.746600
vt 0.440100 0.748900
vt 0.435600 0.747200
vt 0.435900 0.749500
vt 0.442300 0.738800
vt 0.454300 0.738500
vt 0.438600 0.739200
vt 0.434100 0.739900
vt 0.470700 0.741000
vt 0.474700 0.741500
vt 0.473600 0.749200
vt 0.469400 0.748600
vt 0.467400 0.740500
vt 0.465800 0.748100
vt 0.456500 0.738700
vt 0.442200 0.736800
vt 0.454700 0.736400
vt 0.438400 0.737000
vt 0.433400 0.737600
vt 0.457200 0.736300
vt 0.467900 0.737800
vt 0.471100 0.738100
vt 0.475000 0.738600
vt 0.431700 0.740200
vt 0.430500 0.737900
vt 0.456100 0.727600
vt 0.457500 0.734300
vt 0.454800 0.734700
vt 0.453700 0.728300
vt 0.442100 0.735300
vt 0.442400 0.728800
vt 0.438300 0.735500
vt 0.439000 0.728500
vt 0.433100 0.735700
vt 0.434900 0.727900
vt 0.468200 0.735200
vt 0.468500 0.727100
vt 0.471400 0.735500
vt 0.475300 0.735900
vt 0.475700 0.727300
vt 0.471700 0.727200
vt 0.429900 0.735600
vt 0.432500 0.727100
vt 0.433400 0.747700
vt 0.294600 0.785000
vt 0.273400 0.787600
vt 0.272600 0.780900
vt 0.293500 0.778500
vt 0.308900 0.802500
vt 0.311900 0.799100
vt 0.317600 0.801100
vt 0.315600 0.805900
vt 0.302400 0.783100
vt 0.298000 0.783400
vt 0.297500 0.778000
vt 0.301900 0.777500
vt 0.301100 0.771900
vt 0.296700 0.772200
vt 0.306300 0.755000
vt 0.308600 0.757600
vt 0.311000 0.751200
vt 0.313000 0.754200
vt 0.310000 0.782200
vt 0.316400 0.790000
vt 0.315200 0.793000
vt 0.305800 0.782500
vt 0.305600 0.777100
vt 0.309500 0.776700
vt 0.308600 0.771100
vt 0.304500 0.771800
vt 0.311000 0.759600
vt 0.312900 0.762200
vt 0.314800 0.756600
vt 0.316500 0.758800
vt 0.322900 0.784300
vt 0.320500 0.780600
vt 0.329600 0.778100
vt 0.330000 0.781300
vt 0.319700 0.775400
vt 0.319200 0.770200
vt 0.328700 0.770400
vt 0.329000 0.774300
vt 0.320600 0.765900
vt 0.328400 0.767200
vt 0.325100 0.787500
vt 0.331800 0.784300
vt 0.320600 0.792200
vt 0.338100 0.777200
vt 0.337400 0.776000
vt 0.337000 0.773400
vt 0.337200 0.769200
vt 0.336700 0.770600
vt 0.329400 0.763700
vt 0.338300 0.766900
vt 0.343100 0.774500
vt 0.342700 0.773500
vt 0.343900 0.772500
vt 0.342700 0.770700
vt 0.342500 0.771800
vt 0.344300 0.770800
vt 0.313400 0.795700
vt 0.318700 0.797600
vt 0.319600 0.794600
vt 0.302800 0.752200
vt 0.293100 0.771700
vt 0.308000 0.747500
vt 0.339700 0.779200
vt 0.344700 0.774100
vt 0.322000 0.762100
vt 0.271800 0.774100
vt 0.230600 0.549700
vt 0.168500 0.549700
vt 0.168500 0.491000
vt 0.230600 0.491000
vt 0.336100 0.876400
vt 0.336100 0.888400
vt 0.270600 0.888400
vt 0.270600 0.876400
vt 0.037000 0.491000
vt 0.045300 0.491000
vt 0.045300 0.549700
vt 0.037000 0.549700
vt 0.204700 0.913600
vt 0.204700 0.921500
vt 0.189200 0.921500
vt 0.189200 0.913600
vt 0.159000 0.291800
vt 0.147500 0.291800
vt 0.147500 0.289900
vt 0.159000 0.289900
vt 0.230600 0.397200
vt 0.230600 0.427600
vt 0.168500 0.427600
vt 0.168500 0.397200
vt 0.068400 0.427600
vt 0.052100 0.427600
vt 0.052100 0.397200
vt 0.068400 0.397200
vt 0.037000 0.397200
vt 0.045300 0.397200
vt 0.045300 0.427600
vt 0.037000 0.427600
vt 0.159000 0.455200
vt 0.147500 0.455200
vt 0.147500 0.427600
vt 0.159000 0.427600
vt 0.159000 0.397200
vt 0.147500 0.397200
vt 0.147500 0.358800
vt 0.159000 0.358800
vt 0.230600 0.322100
vt 0.230600 0.358800
vt 0.168500 0.358800
vt 0.168500 0.322100
vt 0.068400 0.358800
vt 0.052100 0.358800
vt 0.052100 0.324700
vt 0.068400 0.324700
vt 0.037000 0.324700
vt 0.045300 0.324700
vt 0.045300 0.358800
vt 0.037000 0.358800
vt 0.168500 0.455200
vt 0.230600 0.455200
vt 0.068400 0.491000
vt 0.052100 0.491000
vt 0.052100 0.455200
vt 0.068400 0.455200
vt 0.037000 0.455200
vt 0.045300 0.455200
vt 0.159000 0.549700
vt 0.147500 0.549700
vt 0.147500 0.491000
vt 0.159000 0.491000
vt 0.449300 0.932900
vt 0.449600 0.920100
vt 0.488800 0.921600
vt 0.488700 0.933000
vt 0.052100 0.291800
vt 0.068400 0.291800
vt 0.037000 0.291800
vt 0.045300 0.291800
vt 0.237600 0.491000
vt 0.237600 0.549700
vt 0.075400 0.491000
vt 0.075400 0.549700
vt 0.068400 0.549700
vt 0.340400 0.878500
vt 0.340400 0.886400
vt 0.270200 0.911600
vt 0.270200 0.923500
vt 0.208700 0.923500
vt 0.208700 0.911600
vt 0.237600 0.358800
vt 0.237600 0.397200
vt 0.075400 0.358800
vt 0.138000 0.358800
vt 0.138000 0.397200
vt 0.075400 0.397200
vt 0.237600 0.322100
vt 0.075400 0.324700
vt 0.138000 0.324700
vt 0.237600 0.427600
vt 0.237600 0.455200
vt 0.075400 0.427600
vt 0.138000 0.427600
vt 0.138000 0.455200
vt 0.075400 0.455200
vt 0.230600 0.291800
vt 0.230600 0.289900
vt 0.237600 0.289900
vt 0.237600 0.291800
vt 0.075400 0.291800
vt 0.068400 0.289900
vt 0.075400 0.289900
vt 0.357100 0.878500
vt 0.357100 0.886400
vt 0.253700 0.358800
vt 0.253700 0.397200
vt 0.253700 0.322100
vt 0.253700 0.427600
vt 0.253700 0.455200
vt 0.138000 0.491000
vt 0.253700 0.491000
vt 0.052100 0.289900
vt 0.037000 0.289900
vt 0.045300 0.289900
vt 0.522100 0.921700
vt 0.521800 0.934100
vt 0.138000 0.291800
vt 0.253700 0.291800
vt 0.168500 0.291800
vt 0.253700 0.549700
vt 0.052100 0.549700
vt 0.253700 0.289900
vt 0.138000 0.289900
vt 0.138000 0.549700
vt 0.168500 0.289900
vt 0.336100 0.898200
vt 0.270600 0.898200
vt 0.270600 0.866700
vt 0.336100 0.866700
vt 0.030300 0.549700
vt 0.030300 0.491000
vt 0.204700 0.928000
vt 0.189200 0.928000
vt 0.189200 0.907100
vt 0.204700 0.907100
vt 0.030300 0.427600
vt 0.030300 0.397200
vt 0.030300 0.358800
vt 0.030300 0.324700
vt 0.030300 0.455200
vt 0.147500 0.324700
vt 0.159000 0.322100
vt 0.030300 0.291800
vt 0.340400 0.892800
vt 0.340400 0.872000
vt 0.270200 0.933300
vt 0.208700 0.933300
vt 0.208700 0.901800
vt 0.270200 0.901800
vt 0.357100 0.892800
vt 0.357100 0.872000
vt 0.030300 0.289900
vt 0.488400 0.915000
vt 0.522500 0.915000
vt 0.529000 0.921800
vt 0.528700 0.934200
vt 0.522000 0.940700
vt 0.488000 0.939500
vt 0.054000 0.721500
vt 0.108100 0.718200
vt 0.125900 0.755400
vt 0.046200 0.756200
vt 0.041700 0.750600
vt 0.047500 0.722700
vt 0.022200 0.741600
vt 0.031000 0.726100
vt 0.110000 0.715000
vt 0.129300 0.753700
vt 0.125500 0.759200
vt 0.044500 0.759200
vt 0.053600 0.719400
vt 0.039300 0.753300
vt 0.046900 0.719100
vt 0.020400 0.744600
vt 0.029300 0.724100
vt 0.019800 0.740300
vt 0.020400 0.706600
vt 0.033400 0.699000
vt 0.034200 0.690300
vt 0.104900 0.680000
vt 0.323500 0.940200
vt 0.306200 0.939800
vt 0.308500 0.930700
vt 0.323400 0.930900
vt 0.358600 0.927800
vt 0.359600 0.936400
vt 0.345900 0.937300
vt 0.344700 0.928900
vt 0.305700 0.930000
vt 0.303200 0.938800
vt 0.344400 0.926100
vt 0.358300 0.924900
vt 0.346900 0.947400
vt 0.360500 0.946900
vt 0.360700 0.952200
vt 0.347100 0.953000
vt 0.303600 0.954700
vt 0.302400 0.949400
vt 0.306500 0.950500
vt 0.306800 0.954600
vt 0.323900 0.953800
vt 0.323700 0.949500
vt 0.338000 0.953200
vt 0.334800 0.953300
vt 0.334700 0.949200
vt 0.338200 0.947700
vt 0.335800 0.930200
vt 0.337200 0.938800
vt 0.334200 0.939500
vt 0.333000 0.930600
vt 0.346500 0.942800
vt 0.360100 0.942000
vt 0.305500 0.944500
vt 0.323600 0.944500
vt 0.301200 0.944400
vt 0.334700 0.943900
vt 0.338300 0.943700
vt 0.327900 0.930900
vt 0.328400 0.940100
vt 0.340200 0.926600
vt 0.340600 0.929500
vt 0.341800 0.937900
vt 0.342600 0.943200
vt 0.328600 0.944300
vt 0.335400 0.927300
vt 0.342800 0.947600
vt 0.342900 0.953000
vt 0.329000 0.953600
vt 0.328800 0.949400
vt 0.512700 0.724000
vt 0.516200 0.719000
vt 0.517500 0.722800
vt 0.515300 0.725800
vt 0.521100 0.720000
vt 0.520500 0.716300
vt 0.525000 0.715600
vt 0.525600 0.719300
vt 0.525100 0.747500
vt 0.525600 0.751200
vt 0.520700 0.749800
vt 0.520900 0.745900
vt 0.516000 0.746100
vt 0.517900 0.743600
vt 0.324700 0.967400
vt 0.325500 0.976600
vt 0.310600 0.978200
vt 0.307500 0.969300
vt 0.360600 0.976700
vt 0.346800 0.976700
vt 0.347200 0.968200
vt 0.360900 0.968100
vt 0.307900 0.979100
vt 0.304700 0.970600
vt 0.346700 0.979600
vt 0.360600 0.979600
vt 0.348100 0.958200
vt 0.361100 0.957500
vt 0.306800 0.958600
vt 0.302800 0.960100
vt 0.324100 0.958100
vt 0.338600 0.958600
vt 0.335100 0.957400
vt 0.337800 0.976200
vt 0.335000 0.976000
vt 0.335500 0.967100
vt 0.338400 0.967600
vt 0.347400 0.962700
vt 0.361100 0.962600
vt 0.306400 0.964700
vt 0.324400 0.963100
vt 0.302100 0.965200
vt 0.335500 0.962700
vt 0.339100 0.962500
vt 0.329900 0.976200
vt 0.329600 0.967100
vt 0.342500 0.979400
vt 0.342700 0.976500
vt 0.343100 0.968000
vt 0.343400 0.962600
vt 0.329500 0.962800
vt 0.343100 0.958300
vt 0.329200 0.957800
vt 0.513100 0.728900
vt 0.509100 0.728800
vt 0.511500 0.733200
vt 0.507800 0.733700
vt 0.508500 0.738200
vt 0.512200 0.737600
vt 0.511100 0.742500
vt 0.514900 0.741300
vt 0.337600 0.979100
vt 0.270300 0.550000
vt 0.270300 0.523300
vt 0.285700 0.523300
vt 0.285700 0.550000
vt 0.285700 0.445300
vt 0.270300 0.445300
vt 0.270300 0.418600
vt 0.285700 0.418600
vt 0.942300 0.568100
vt 0.929000 0.568100
vt 0.929000 0.547100
vt 0.942300 0.547100
vt 0.776600 0.568100
vt 0.769300 0.564900
vt 0.763500 0.555300
vt 0.761900 0.547100
vt 0.797600 0.547100
vt 0.797600 0.568100
vt 0.483200 0.484300
vt 0.483200 0.495700
vt 0.466800 0.495700
vt 0.466800 0.484300
vt 0.979400 0.555300
vt 0.973700 0.564900
vt 0.965000 0.566900
vt 0.981000 0.547100
vt 0.297700 0.550000
vt 0.297700 0.523300
vt 0.297700 0.418600
vt 0.297700 0.445300
vt 0.924600 0.568100
vt 0.924600 0.547100
vt 0.285700 0.495700
vt 0.270300 0.495700
vt 0.270300 0.484300
vt 0.285700 0.484300
vt 0.309500 0.495700
vt 0.297700 0.495700
vt 0.297700 0.484300
vt 0.309500 0.484300
vt 0.309500 0.523300
vt 0.329400 0.523300
vt 0.329400 0.550000
vt 0.309500 0.550000
vt 0.309500 0.445300
vt 0.309500 0.418600
vt 0.329400 0.418600
vt 0.329400 0.445300
vt 0.919600 0.568100
vt 0.899700 0.568100
vt 0.899700 0.547100
vt 0.919600 0.547100
vt 0.329400 0.484300
vt 0.329400 0.495700
vt 0.343300 0.523300
vt 0.343300 0.550000
vt 0.343300 0.445300
vt 0.343300 0.418600
vt 0.894200 0.568100
vt 0.894200 0.547100
vt 0.359800 0.495700
vt 0.343300 0.495700
vt 0.343300 0.484300
vt 0.359800 0.484300
vt 0.359800 0.550000
vt 0.359800 0.523300
vt 0.385100 0.523300
vt 0.385100 0.550000
vt 0.385100 0.445300
vt 0.359800 0.445300
vt 0.359800 0.418600
vt 0.385100 0.418600
vt 0.888500 0.568100
vt 0.857000 0.568100
vt 0.857000 0.547100
vt 0.888500 0.547100
vt 0.385100 0.484300
vt 0.385100 0.495700
vt 0.401600 0.523300
vt 0.401600 0.550000
vt 0.401600 0.418600
vt 0.401600 0.445300
vt 0.851400 0.568100
vt 0.851400 0.547100
vt 0.417600 0.495700
vt 0.401600 0.495700
vt 0.401600 0.484300
vt 0.417600 0.484300
vt 0.417600 0.523300
vt 0.434700 0.523300
vt 0.434700 0.550000
vt 0.417600 0.550000
vt 0.417600 0.445300
vt 0.417600 0.418600
vt 0.434700 0.418600
vt 0.434700 0.445300
vt 0.845100 0.568100
vt 0.830300 0.568100
vt 0.830300 0.547100
vt 0.845100 0.547100
vt 0.434700 0.484300
vt 0.434700 0.495700
vt 0.448500 0.523300
vt 0.448500 0.550000
vt 0.448500 0.445300
vt 0.448500 0.418600
vt 0.823800 0.568100
vt 0.823800 0.547100
vt 0.448500 0.495700
vt 0.448500 0.484300
vt 0.466800 0.523300
vt 0.483200 0.523300
vt 0.483200 0.550000
vt 0.466800 0.550000
vt 0.466800 0.445300
vt 0.466800 0.418600
vt 0.483200 0.418600
vt 0.483200 0.445300
vt 0.817900 0.568100
vt 0.817900 0.547100
vt 0.929000 0.526100
vt 0.942300 0.526100
vt 0.776600 0.526100
vt 0.797600 0.526100
vt 0.763500 0.538900
vt 0.769300 0.529300
vt 0.466800 0.472900
vt 0.483200 0.472900
vt 0.965000 0.527200
vt 0.973700 0.529300
vt 0.979400 0.538900
vt 0.924600 0.526100
vt 0.270300 0.472900
vt 0.285700 0.472900
vt 0.297700 0.472900
vt 0.309500 0.472900
vt 0.899700 0.526100
vt 0.919600 0.526100
vt 0.329400 0.472900
vt 0.894200 0.526100
vt 0.343300 0.472900
vt 0.359800 0.472900
vt 0.857000 0.526100
vt 0.888500 0.526100
vt 0.385100 0.472900
vt 0.851400 0.526100
vt 0.401600 0.472900
vt 0.417600 0.472900
vt 0.830300 0.526100
vt 0.845100 0.526100
vt 0.434700 0.472900
vt 0.823800 0.526100
vt 0.448500 0.472900
vt 0.817900 0.526100
vt 0.270300 0.510900
vt 0.285700 0.510900
vt 0.483200 0.457600
vt 0.466800 0.457600
vt 0.285700 0.457600
vt 0.270300 0.457600
vt 0.466800 0.510900
vt 0.483200 0.510900
vt 0.297700 0.510900
vt 0.309500 0.457600
vt 0.297700 0.457600
vt 0.309500 0.510900
vt 0.329400 0.510900
vt 0.329400 0.457600
vt 0.343300 0.510900
vt 0.359800 0.457600
vt 0.343300 0.457600
vt 0.359800 0.510900
vt 0.385100 0.510900
vt 0.385100 0.457600
vt 0.401600 0.510900
vt 0.417600 0.457600
vt 0.401600 0.457600
vt 0.417600 0.510900
vt 0.434700 0.510900
vt 0.434700 0.457600
vt 0.448500 0.510900
vt 0.448500 0.457600
vt 0.018500 0.903100
vt 0.015600 0.902200
vt 0.018500 0.902900
vt 0.020700 0.903500
vt 0.014400 0.907400
vt 0.017400 0.908100
vt 0.058000 0.908300
vt 0.061000 0.908500
vt 0.058000 0.908500
vt 0.055700 0.908300
vt 0.058000 0.907500
vt 0.061100 0.907600
vt 0.026900 0.904800
vt 0.026900 0.904900
vt 0.018700 0.902000
vt 0.027100 0.904000
vt 0.038100 0.906900
vt 0.038100 0.906800
vt 0.022500 0.896700
vt 0.020500 0.895900
vt 0.028500 0.897600
vt 0.028400 0.897900
vt 0.021600 0.891400
vt 0.029500 0.892900
vt 0.039100 0.899800
vt 0.039100 0.899400
vt 0.029000 0.871100
vt 0.035500 0.868100
vt 0.035000 0.871700
vt 0.029700 0.873900
vt 0.028100 0.870100
vt 0.035300 0.866800
vt 0.043600 0.868000
vt 0.043800 0.866700
vt 0.043000 0.872000
vt 0.016100 0.932300
vt 0.014200 0.924600
vt 0.023700 0.925000
vt 0.021900 0.938200
vt 0.026000 0.910200
vt 0.037300 0.912200
vt 0.035200 0.927300
vt 0.033400 0.940900
vt 0.013700 0.889100
vt 0.012000 0.894000
vt 0.011200 0.893700
vt 0.012900 0.888800
vt 0.057900 0.901100
vt 0.058100 0.896600
vt 0.061100 0.896700
vt 0.060900 0.901800
vt 0.062700 0.896700
vt 0.062700 0.901800
vt 0.039800 0.894600
vt 0.026900 0.905100
vt 0.038100 0.907000
vt 0.011200 0.923800
vt 0.013400 0.935400
vt 0.025800 0.866900
vt 0.026300 0.867600
vt 0.019500 0.875200
vt 0.018800 0.874700
vt 0.057500 0.882800
vt 0.060000 0.882900
vt 0.055200 0.877600
vt 0.056800 0.875200
vt 0.061400 0.882500
vt 0.057900 0.874500
vt 0.026000 0.878300
vt 0.032700 0.881000
vt 0.041600 0.882100
vt 0.015800 0.901300
vt 0.038200 0.905900
vt 0.021200 0.943400
vt 0.032600 0.946200
vt 0.034500 0.863100
vt 0.044300 0.862900
vt 0.044200 0.863700
vt 0.034600 0.863800
vt 0.060700 0.913800
vt 0.057700 0.913700
vt 0.052300 0.937400
vt 0.056200 0.930400
vt 0.059300 0.930400
vt 0.054100 0.941100
vt 0.065300 0.881500
vt 0.067100 0.896400
vt 0.066200 0.896500
vt 0.064600 0.881700
vt 0.067400 0.901500
vt 0.066500 0.901600
vt 0.060300 0.872600
vt 0.061000 0.872100
vt 0.019100 0.900400
vt 0.016200 0.899600
vt 0.016800 0.897600
vt 0.019700 0.898500
vt 0.058100 0.905800
vt 0.061100 0.905800
vt 0.058100 0.903800
vt 0.061100 0.903700
vt 0.027400 0.902400
vt 0.027800 0.900600
vt 0.038400 0.904400
vt 0.038700 0.902500
vt 0.015200 0.889700
vt 0.013600 0.894600
vt 0.017100 0.890300
vt 0.015700 0.895200
vt 0.027200 0.868700
vt 0.020800 0.876000
vt 0.022300 0.876900
vt 0.034900 0.865200
vt 0.044000 0.865100
vt 0.064600 0.896600
vt 0.064800 0.901700
vt 0.059200 0.873500
vt 0.063100 0.882100
vt 0.020200 0.896900
vt 0.017400 0.895800
vt 0.058000 0.902200
vt 0.055900 0.901300
vt 0.028200 0.899000
vt 0.038900 0.900900
vt 0.018700 0.890800
vt 0.023600 0.877600
vt 0.049400 0.908000
vt 0.049400 0.907900
vt 0.049800 0.900900
vt 0.049900 0.900500
vt 0.051900 0.869200
vt 0.051300 0.870400
vt 0.050900 0.874000
vt 0.048800 0.913400
vt 0.047000 0.930200
vt 0.045100 0.941400
vt 0.050100 0.895800
vt 0.049300 0.908200
vt 0.050400 0.883500
vt 0.049400 0.907100
vt 0.044400 0.946600
vt 0.053400 0.866600
vt 0.053800 0.865900
vt 0.049700 0.903600
vt 0.049500 0.905500
vt 0.052700 0.867800
vt 0.049800 0.902000
vt 0.597800 0.854900
vt 0.597400 0.857800
vt 0.594700 0.857400
vt 0.595200 0.854500
vt 0.591200 0.897500
vt 0.594000 0.897500
vt 0.593900 0.900500
vt 0.591200 0.900400
vt 0.595800 0.897600
vt 0.595700 0.900500
vt 0.596300 0.866300
vt 0.599200 0.858000
vt 0.598000 0.866500
vt 0.595000 0.877600
vt 0.592100 0.877300
vt 0.593400 0.866000
vt 0.611800 0.860300
vt 0.610300 0.868300
vt 0.607600 0.867900
vt 0.609200 0.859800
vt 0.635800 0.868400
vt 0.638500 0.874200
vt 0.636200 0.873900
vt 0.634500 0.869400
vt 0.637300 0.867700
vt 0.640200 0.873900
vt 0.639200 0.881300
vt 0.640900 0.881500
vt 0.636800 0.881100
vt 0.562500 0.857200
vt 0.569600 0.855300
vt 0.566700 0.863600
vt 0.557600 0.863200
vt 0.578800 0.855600
vt 0.576800 0.864200
vt 0.575000 0.875800
vt 0.564300 0.874900
vt 0.554600 0.874100
vt 0.615700 0.848100
vt 0.613300 0.847100
vt 0.614000 0.845400
vt 0.616400 0.846400
vt 0.609000 0.901700
vt 0.606400 0.902000
vt 0.606200 0.900400
vt 0.608800 0.900200
vt 0.609000 0.878800
vt 0.606300 0.878500
vt 0.588100 0.856400
vt 0.588600 0.853500
vt 0.579500 0.852600
vt 0.608600 0.897400
vt 0.614600 0.896900
vt 0.614800 0.899500
vt 0.621900 0.895800
vt 0.622100 0.898200
vt 0.615000 0.900900
vt 0.622500 0.899500
vt 0.617600 0.861900
vt 0.616200 0.869400
vt 0.624600 0.864200
vt 0.623800 0.871000
vt 0.615100 0.879300
vt 0.623100 0.880000
vt 0.599600 0.855100
vt 0.596800 0.877700
vt 0.561300 0.855100
vt 0.554600 0.863000
vt 0.551400 0.873800
vt 0.646500 0.872400
vt 0.647300 0.882100
vt 0.646000 0.882000
vt 0.645300 0.872700
vt 0.637200 0.857500
vt 0.643000 0.864100
vt 0.641800 0.864700
vt 0.636100 0.858600
vt 0.629500 0.854200
vt 0.630400 0.852700
vt 0.557900 0.893900
vt 0.559400 0.892000
vt 0.566100 0.895200
vt 0.566600 0.898100
vt 0.575200 0.896500
vt 0.575400 0.899500
vt 0.632300 0.903200
vt 0.633100 0.904400
vt 0.625700 0.908000
vt 0.625100 0.906400
vt 0.610500 0.910200
vt 0.610800 0.912000
vt 0.608300 0.912500
vt 0.607900 0.910700
vt 0.638900 0.898200
vt 0.640000 0.899000
vt 0.603500 0.858700
vt 0.604000 0.855800
vt 0.608300 0.856600
vt 0.607700 0.859500
vt 0.600200 0.897700
vt 0.600200 0.900600
vt 0.604500 0.897600
vt 0.604600 0.900500
vt 0.602100 0.867100
vt 0.606200 0.867700
vt 0.600900 0.878100
vt 0.604900 0.878400
vt 0.614200 0.852100
vt 0.611800 0.851200
vt 0.612900 0.856200
vt 0.610400 0.855400
vt 0.639500 0.866300
vt 0.634200 0.861200
vt 0.632400 0.863700
vt 0.627600 0.857500
vt 0.625800 0.860600
vt 0.642800 0.873300
vt 0.643400 0.881700
vt 0.609600 0.905900
vt 0.607100 0.906400
vt 0.635000 0.894500
vt 0.636900 0.896300
vt 0.630900 0.900400
vt 0.629500 0.897600
vt 0.623700 0.902900
vt 0.609900 0.857000
vt 0.606000 0.897500
vt 0.612400 0.857600
vt 0.631300 0.864700
vt 0.631000 0.866700
vt 0.625200 0.861900
vt 0.591400 0.888700
vt 0.594300 0.888900
vt 0.639000 0.888900
vt 0.637300 0.888300
vt 0.633600 0.893500
vt 0.635000 0.888200
vt 0.632600 0.892300
vt 0.584600 0.888400
vt 0.585200 0.876700
vt 0.584600 0.897200
vt 0.574800 0.887600
vt 0.608500 0.889300
vt 0.605800 0.889200
vt 0.629600 0.888400
vt 0.630900 0.880600
vt 0.628600 0.894300
vt 0.622200 0.888900
vt 0.596100 0.889000
vt 0.555700 0.885300
vt 0.552600 0.884900
vt 0.643700 0.890900
vt 0.644900 0.891400
vt 0.604300 0.889200
vt 0.600200 0.889100
vt 0.641400 0.889900
vt 0.586600 0.865200
vt 0.570600 0.852500
vt 0.628600 0.896400
vt 0.631000 0.872700
vt 0.621700 0.850400
vt 0.622400 0.848800
vt 0.584600 0.900200
vt 0.616700 0.908800
vt 0.617200 0.910600
vt 0.618700 0.858000
vt 0.620100 0.854300
vt 0.615800 0.904800
vt 0.618200 0.859400
vt 0.564700 0.886400
vt 0.614500 0.889200
vt 0.969000 0.848500
vt 0.966800 0.847900
vt 0.969000 0.848200
vt 0.972000 0.848900
vt 0.969800 0.844900
vt 0.972700 0.845500
vt 0.929700 0.845100
vt 0.932000 0.845200
vt 0.929700 0.845400
vt 0.926700 0.845300
vt 0.960600 0.847100
vt 0.960600 0.846900
vt 0.949500 0.845900
vt 0.949500 0.845700
vt 0.965100 0.856300
vt 0.966800 0.857100
vt 0.959200 0.856200
vt 0.959300 0.855600
vt 0.959000 0.859400
vt 0.966900 0.860000
vt 0.948800 0.854500
vt 0.948700 0.855200
vt 0.959200 0.891300
vt 0.953100 0.894400
vt 0.953400 0.891600
vt 0.958100 0.889700
vt 0.960400 0.892900
vt 0.953500 0.896400
vt 0.945600 0.895200
vt 0.945500 0.897200
vt 0.945900 0.892100
vt 0.970300 0.805700
vt 0.972600 0.813100
vt 0.964100 0.810000
vt 0.964200 0.800600
vt 0.972500 0.824500
vt 0.963500 0.822400
vt 0.951500 0.820500
vt 0.952600 0.807500
vt 0.953400 0.797500
vt 0.930000 0.857100
vt 0.926700 0.856700
vt 0.927200 0.853200
vt 0.930500 0.854300
vt 0.924000 0.856400
vt 0.924300 0.852900
vt 0.948500 0.858300
vt 0.960700 0.846700
vt 0.949500 0.845500
vt 0.949800 0.842100
vt 0.961200 0.843400
vt 0.971300 0.836200
vt 0.974400 0.836800
vt 0.975600 0.825200
vt 0.929600 0.865100
vt 0.926300 0.864900
vt 0.930200 0.874900
vt 0.927100 0.874900
vt 0.923800 0.865000
vt 0.924800 0.875400
vt 0.966100 0.867900
vt 0.958200 0.867200
vt 0.964000 0.877600
vt 0.956600 0.877000
vt 0.947900 0.866400
vt 0.947100 0.876400
vt 0.968900 0.849200
vt 0.971900 0.849600
vt 0.929700 0.846100
vt 0.926700 0.846100
vt 0.960500 0.847800
vt 0.949400 0.846600
vt 0.964300 0.797500
vt 0.972300 0.804600
vt 0.953600 0.794100
vt 0.977700 0.860800
vt 0.976900 0.860700
vt 0.977400 0.857200
vt 0.978100 0.857300
vt 0.926500 0.841800
vt 0.929500 0.841700
vt 0.969000 0.889500
vt 0.962800 0.896100
vt 0.962400 0.895600
vt 0.968400 0.889100
vt 0.972900 0.880100
vt 0.973500 0.880300
vt 0.931800 0.809800
vt 0.928900 0.810300
vt 0.933500 0.801400
vt 0.935300 0.802900
vt 0.930100 0.821000
vt 0.927000 0.821300
vt 0.954400 0.899500
vt 0.954500 0.900200
vt 0.945100 0.901100
vt 0.945200 0.900400
vt 0.919900 0.856300
vt 0.919200 0.856300
vt 0.919300 0.852700
vt 0.920100 0.852800
vt 0.924100 0.885600
vt 0.929000 0.892900
vt 0.928500 0.893300
vt 0.923500 0.885900
vt 0.920500 0.876200
vt 0.921200 0.876100
vt 0.968600 0.850800
vt 0.971600 0.851300
vt 0.971100 0.853800
vt 0.968100 0.853000
vt 0.929700 0.847700
vt 0.926700 0.847800
vt 0.929900 0.850000
vt 0.926800 0.850300
vt 0.960300 0.849300
vt 0.960000 0.851400
vt 0.949300 0.848100
vt 0.949100 0.850300
vt 0.975300 0.860500
vt 0.975600 0.857000
vt 0.972900 0.860200
vt 0.973200 0.856800
vt 0.961500 0.894400
vt 0.967100 0.888300
vt 0.965500 0.887200
vt 0.971400 0.879500
vt 0.969300 0.878800
vt 0.954000 0.898200
vt 0.945300 0.899100
vt 0.921700 0.856300
vt 0.921800 0.852800
vt 0.930000 0.891900
vt 0.925500 0.885000
vt 0.927300 0.884100
vt 0.931400 0.890600
vt 0.922700 0.875800
vt 0.967400 0.855400
vt 0.970300 0.856600
vt 0.930200 0.852500
vt 0.932400 0.853700
vt 0.959600 0.853800
vt 0.948900 0.852600
vt 0.970300 0.860000
vt 0.963700 0.886000
vt 0.961000 0.885600
vt 0.967100 0.878100
vt 0.938300 0.845400
vt 0.938300 0.845100
vt 0.938200 0.854000
vt 0.938200 0.854600
vt 0.937600 0.895100
vt 0.938300 0.893200
vt 0.932800 0.889200
vt 0.938500 0.890400
vt 0.934200 0.887800
vt 0.938300 0.841600
vt 0.938500 0.832600
vt 0.950500 0.833100
vt 0.929400 0.832800
vt 0.939300 0.820400
vt 0.938000 0.857700
vt 0.938300 0.845000
vt 0.938200 0.884300
vt 0.946400 0.885500
vt 0.931900 0.883300
vt 0.937600 0.875500
vt 0.938300 0.846100
vt 0.942600 0.795700
vt 0.942100 0.798800
vt 0.936000 0.898700
vt 0.936300 0.898100
vt 0.938200 0.849700
vt 0.938200 0.847600
vt 0.936900 0.896800
vt 0.938200 0.852100
vt 0.962400 0.834500
vt 0.975500 0.814100
vt 0.929300 0.883300
vt 0.954700 0.885600
vt 0.975700 0.869400
vt 0.976400 0.869600
vt 0.926300 0.832900
vt 0.919200 0.865200
vt 0.919900 0.865200
vt 0.971900 0.868700
vt 0.974100 0.869100
vt 0.921600 0.865100
vt 0.969400 0.868300
vt 0.940800 0.808100
vt 0.937600 0.865600
vt 0.926200 0.419800
vt 0.926200 0.437900
vt 0.900300 0.437900
vt 0.895700 0.414700
vt 0.900300 0.478100
vt 0.926200 0.478100
vt 0.926200 0.496200
vt 0.895700 0.501300
vt 0.944300 0.445500
vt 0.975200 0.445500
vt 0.975200 0.470500
vt 0.944300 0.470500
vt 0.835600 0.445500
vt 0.835600 0.470500
vt 0.812400 0.470500
vt 0.812400 0.445500
vt 0.900300 0.445500
vt 0.900300 0.470500
vt 0.860300 0.470500
vt 0.860300 0.445500
vt 0.926200 0.470500
vt 0.926200 0.445500
vt 0.796800 0.445500
vt 0.796800 0.470500
vt 0.775300 0.470500
vt 0.775300 0.445500
vt 0.895700 0.399200
vt 0.857100 0.414700
vt 0.857100 0.399200
vt 0.835600 0.516800
vt 0.835600 0.501300
vt 0.857100 0.501300
vt 0.857100 0.516800
vt 0.990700 0.445500
vt 0.990700 0.470500
vt 0.023600 0.828300
vt 0.018400 0.823900
vt 0.030300 0.794800
vt 0.037200 0.799000
vt 0.541800 0.931000
vt 0.543900 0.924700
vt 0.549100 0.924700
vt 0.550500 0.931000
vt 0.008600 0.831800
vt 0.022100 0.796400
vt 0.051200 0.797900
vt 0.051200 0.774000
vt 0.059800 0.774000
vt 0.059800 0.802400
vt 0.557400 0.919700
vt 0.539600 0.919700
vt 0.536900 0.913200
vt 0.560400 0.911800
vt 0.860300 0.437900
vt 0.835600 0.437900
vt 0.835600 0.414700
vt 0.835600 0.478100
vt 0.860300 0.478100
vt 0.736700 0.470500
vt 0.736700 0.445500
vt 0.835600 0.399200
vt 0.895700 0.516800
vt 0.037400 0.782800
vt 0.043100 0.780700
vt 0.043100 0.789500
vt 0.036500 0.787700
vt 0.586600 0.913000
vt 0.590100 0.918700
vt 0.560000 0.926900
vt 0.028000 0.774800
vt 0.033500 0.778000
vt 0.059800 0.848600
vt 0.051200 0.835800
vt 0.595700 0.905100
vt 0.558900 0.939100
vt 0.563400 0.947600
vt 0.535200 0.947600
vt 0.535200 0.939100
vt 0.533400 0.924200
vt 0.037600 0.773500
vt 0.529400 0.917000
vt 0.032200 0.769100
vt 0.812400 0.478100
vt 0.944300 0.437900
vt 0.796800 0.478100
vt 0.775300 0.478100
vt 0.796800 0.437900
vt 0.812400 0.437900
vt 0.975200 0.437900
vt 0.990700 0.437900
vt 0.990700 0.478100
vt 0.975200 0.478100
vt 0.736700 0.478100
vt 0.775300 0.437900
vt 0.944300 0.478100
vt 0.736700 0.437900
vt 0.596600 0.939100
vt 0.609300 0.947600
vt 0.013600 0.837500
vt 0.600400 0.910800
vt 0.267600 0.968800
vt 0.265700 0.951000
vt 0.287900 0.951900
vt 0.289000 0.965700
vt 0.613300 0.463600
vt 0.602200 0.463000
vt 0.602800 0.430700
vt 0.614100 0.431100
vt 0.607300 0.531800
vt 0.600800 0.531800
vt 0.601100 0.514400
vt 0.605400 0.514100
vt 0.660400 0.435300
vt 0.632800 0.423400
vt 0.638100 0.411800
vt 0.665400 0.424300
vt 0.604200 0.505900
vt 0.606100 0.505800
vt 0.608400 0.513500
vt 0.449300 0.882700
vt 0.461100 0.883800
vt 0.461200 0.886500
vt 0.450300 0.889900
vt 0.668400 0.442700
vt 0.659000 0.438400
vt 0.670000 0.439200
vt 0.608500 0.587800
vt 0.608100 0.615800
vt 0.599400 0.615600
vt 0.599800 0.587600
vt 0.495400 0.863200
vt 0.515200 0.864000
vt 0.511000 0.881300
vt 0.492700 0.881700
vt 0.511100 0.884400
vt 0.492800 0.886300
vt 0.497200 0.904400
vt 0.517400 0.901700
vt 0.615600 0.463800
vt 0.613200 0.480000
vt 0.609700 0.479400
vt 0.635800 0.468600
vt 0.629500 0.485500
vt 0.482400 0.863200
vt 0.482400 0.882600
vt 0.473800 0.882800
vt 0.469600 0.866000
vt 0.482400 0.886200
vt 0.473900 0.887100
vt 0.484200 0.905400
vt 0.471400 0.903500
vt 0.601700 0.487600
vt 0.608000 0.488200
vt 0.606000 0.495500
vt 0.601500 0.495100
vt 0.608900 0.496300
vt 0.611200 0.488900
vt 0.620200 0.502600
vt 0.625000 0.494800
vt 0.643900 0.508700
vt 0.636100 0.519100
vt 0.601800 0.478800
vt 0.649600 0.497100
vt 0.601300 0.505900
vt 0.612200 0.531100
vt 0.655500 0.477700
vt 0.631700 0.425800
vt 0.534100 0.880800
vt 0.549200 0.878300
vt 0.549600 0.883800
vt 0.534100 0.883100
vt 0.261000 0.977200
vt 0.255800 0.943300
vt 0.296500 0.943300
vt 0.301000 0.974000
vt 0.616500 0.431100
vt 0.600100 0.572500
vt 0.607500 0.572600
vt 0.600300 0.562600
vt 0.600400 0.552500
vt 0.607000 0.552600
vt 0.607400 0.562700
vt 0.674800 0.428700
vt 0.160200 0.698100
vt 0.161000 0.720300
vt 0.143300 0.718400
vt 0.146400 0.697000
vt 0.591000 0.463100
vt 0.591500 0.430600
vt 0.594300 0.531500
vt 0.596800 0.514000
vt 0.670400 0.413400
vt 0.643400 0.400200
vt 0.598300 0.505800
vt 0.593800 0.513200
vt 0.596400 0.505700
vt 0.176800 0.861000
vt 0.176700 0.863800
vt 0.164900 0.865000
vt 0.165800 0.857700
vt 0.681300 0.414600
vt 0.679700 0.418100
vt 0.671900 0.410300
vt 0.590600 0.615500
vt 0.591100 0.587500
vt 0.211200 0.884400
vt 0.208400 0.865900
vt 0.226800 0.866300
vt 0.231100 0.883600
vt 0.208600 0.861300
vt 0.226800 0.863200
vt 0.213000 0.843200
vt 0.233100 0.845800
vt 0.590400 0.479600
vt 0.588700 0.463200
vt 0.594000 0.479100
vt 0.573900 0.484400
vt 0.568200 0.467300
vt 0.189500 0.864800
vt 0.198200 0.865000
vt 0.198100 0.884400
vt 0.185400 0.881600
vt 0.198200 0.861400
vt 0.189600 0.860500
vt 0.187300 0.844100
vt 0.200000 0.842300
vt 0.596900 0.495300
vt 0.595300 0.487900
vt 0.594200 0.495900
vt 0.592200 0.488500
vt 0.582500 0.502000
vt 0.566000 0.517800
vt 0.558500 0.507100
vt 0.578000 0.493900
vt 0.553300 0.495200
vt 0.589400 0.530700
vt 0.548100 0.475500
vt 0.536700 0.440000
vt 0.546300 0.436000
vt 0.644500 0.397800
vt 0.265300 0.863600
vt 0.265000 0.869100
vt 0.249900 0.866700
vt 0.249900 0.864400
vt 0.168800 0.730200
vt 0.134800 0.725000
vt 0.168800 0.689500
vt 0.138100 0.685000
vt 0.589100 0.430600
vt 0.592700 0.572300
vt 0.593200 0.562500
vt 0.593900 0.552400
vt 0.365700 0.964700
vt 0.365000 0.967300
vt 0.362100 0.966800
vt 0.362800 0.963900
vt 0.392400 0.968000
vt 0.391800 0.965300
vt 0.394900 0.964700
vt 0.395300 0.967800
vt 0.376600 0.963300
vt 0.378600 0.963500
vt 0.378600 0.967000
vt 0.376300 0.966800
vt 0.301900 0.729900
vt 0.305100 0.729800
vt 0.303700 0.731700
vt 0.302000 0.731700
vt 0.301400 0.716200
vt 0.212700 0.717400
vt 0.212700 0.715100
vt 0.301400 0.713900
vt 0.376200 0.967600
vt 0.378500 0.967900
vt 0.378400 0.972700
vt 0.374900 0.973800
vt 0.212800 0.724000
vt 0.301500 0.721500
vt 0.301700 0.724700
vt 0.213000 0.727200
vt 0.213700 0.743500
vt 0.302300 0.738800
vt 0.302300 0.742000
vt 0.213700 0.746700
vt 0.213400 0.735300
vt 0.213300 0.733200
vt 0.365300 0.974000
vt 0.363700 0.972100
vt 0.365400 0.971100
vt 0.366900 0.972300
vt 0.370300 0.965200
vt 0.365900 0.963900
vt 0.366700 0.961100
vt 0.371000 0.962200
vt 0.386500 0.962400
vt 0.391000 0.961500
vt 0.391600 0.964500
vt 0.387100 0.965500
vt 0.390000 0.973000
vt 0.391500 0.971800
vt 0.393200 0.973100
vt 0.391500 0.974700
vt 0.388100 0.969200
vt 0.392400 0.968100
vt 0.388100 0.969300
vt 0.385700 0.958700
vt 0.385700 0.958600
vt 0.390200 0.957600
vt 0.390200 0.957700
vt 0.371900 0.958600
vt 0.367600 0.957500
vt 0.367600 0.957400
vt 0.372000 0.958500
vt 0.365000 0.967400
vt 0.362100 0.966900
vt 0.369100 0.968800
vt 0.369000 0.968800
vt 0.381000 0.967800
vt 0.378600 0.967200
vt 0.380900 0.967000
vt 0.370000 0.965900
vt 0.365800 0.964100
vt 0.370200 0.965300
vt 0.362900 0.963300
vt 0.366900 0.960300
vt 0.371200 0.961400
vt 0.371100 0.962000
vt 0.366700 0.960900
vt 0.376700 0.962600
vt 0.378600 0.962700
vt 0.378600 0.963300
vt 0.376700 0.963200
vt 0.386300 0.961700
vt 0.390800 0.960700
vt 0.391000 0.961300
vt 0.386400 0.962300
vt 0.391700 0.964700
vt 0.394800 0.964100
vt 0.387300 0.966300
vt 0.387100 0.965700
vt 0.380700 0.963400
vt 0.380900 0.966900
vt 0.305200 0.733400
vt 0.305500 0.738700
vt 0.302100 0.733600
vt 0.304900 0.724500
vt 0.212600 0.712800
vt 0.212600 0.706300
vt 0.301300 0.706300
vt 0.301300 0.711500
vt 0.381900 0.973900
vt 0.385200 0.976300
vt 0.386500 0.978200
vt 0.370100 0.977800
vt 0.371500 0.975900
vt 0.382000 0.974000
vt 0.378000 0.959000
vt 0.378000 0.958900
vt 0.379400 0.958700
vt 0.379100 0.955500
vt 0.384800 0.954300
vt 0.376300 0.966900
vt 0.387100 0.965600
vt 0.380600 0.962600
vt 0.380700 0.963200
vt 0.371000 0.962100
vt 0.371500 0.976000
vt 0.374800 0.973900
vt 0.374800 0.974000
vt 0.378400 0.972800
vt 0.374900 0.973900
vt 0.381900 0.974100
vt 0.381900 0.974000
vt 0.368100 0.955400
vt 0.213500 0.737400
vt 0.392500 0.969700
vt 0.378600 0.967100
vt 0.365900 0.964000
vt 0.362900 0.963200
vt 0.366700 0.961000
vt 0.380700 0.963300
vt 0.378600 0.963400
vt 0.386500 0.962300
vt 0.391000 0.961400
vt 0.391700 0.964600
vt 0.394700 0.963900
vt 0.394800 0.964000
vt 0.362300 0.969000
vt 0.364600 0.968900
vt 0.373000 0.954400
vt 0.378500 0.955800
vt 0.394900 0.970000
vt 0.385200 0.976400
vt 0.379400 0.958800
vt 0.370900 0.953800
vt 0.389800 0.955600
vt 0.387000 0.953800
vt 0.372500 0.977800
vt 0.375900 0.977400
vt 0.378300 0.977100
vt 0.376000 0.977400
vt 0.380700 0.977600
vt 0.380600 0.977600
vt 0.384100 0.978200
vt 0.372600 0.977900
vt 0.375900 0.977600
vt 0.378200 0.977300
vt 0.376000 0.977500
vt 0.380600 0.977800
vt 0.380500 0.977800
vt 0.384000 0.978300
vt 0.251700 0.949400
vt 0.252500 0.954400
vt 0.242300 0.957000
vt 0.241000 0.951300
vt 0.241800 0.959800
vt 0.253500 0.959300
vt 0.253400 0.965400
vt 0.241600 0.966100
vt 0.253900 0.954400
vt 0.253000 0.949100
vt 0.217600 0.952600
vt 0.218500 0.958000
vt 0.214700 0.957000
vt 0.213800 0.953300
vt 0.229100 0.959800
vt 0.229200 0.958300
vt 0.229600 0.966700
vt 0.228200 0.944500
vt 0.239900 0.944400
vt 0.239900 0.945700
vt 0.228300 0.945900
vt 0.212200 0.953900
vt 0.213200 0.959300
vt 0.210000 0.954400
vt 0.210800 0.948800
vt 0.212900 0.950000
vt 0.218200 0.960100
vt 0.215100 0.945200
vt 0.216200 0.947600
vt 0.209200 0.963800
vt 0.211400 0.964800
vt 0.216400 0.966100
vt 0.226400 0.946000
vt 0.227200 0.951800
vt 0.250700 0.944600
vt 0.253300 0.970800
vt 0.241500 0.971900
vt 0.252000 0.944400
vt 0.229200 0.973000
vt 0.210100 0.969900
vt 0.215000 0.972600
vt 0.229100 0.951700
vt 0.244300 0.957500
vt 0.252300 0.956700
vt 0.253600 0.957500
vt 0.527200 0.953200
vt 0.527700 0.964000
vt 0.525200 0.964000
vt 0.524700 0.953200
vt 0.244900 0.958500
vt 0.521500 0.953400
vt 0.521300 0.950900
vt 0.524600 0.950700
vt 0.525300 0.966500
vt 0.522100 0.966700
vt 0.522000 0.964200
vt 0.227000 0.960400
vt 0.227400 0.958200
vt 0.227200 0.966800
vt 0.226800 0.973000
vt 0.226100 0.943300
vt 0.530400 0.953100
vt 0.531000 0.963900
vt 0.250600 0.943300
vt 0.343400 0.835000
vt 0.343500 0.837300
vt 0.329300 0.837100
vt 0.328800 0.835300
vt 0.689800 0.548800
vt 0.688000 0.535600
vt 0.690000 0.535400
vt 0.691700 0.548500
vt 0.687900 0.414200
vt 0.690300 0.413000
vt 0.691200 0.414900
vt 0.689500 0.415600
vt 0.727800 0.527300
vt 0.730200 0.527200
vt 0.729900 0.531200
vt 0.727600 0.530800
vt 0.692600 0.553900
vt 0.690700 0.554200
vt 0.720600 0.550500
vt 0.722600 0.550900
vt 0.721900 0.554500
vt 0.720200 0.554200
vt 0.692600 0.562800
vt 0.694200 0.561900
vt 0.700300 0.566900
vt 0.699500 0.568500
vt 0.708000 0.568800
vt 0.708200 0.570500
vt 0.719400 0.559400
vt 0.720900 0.559900
vt 0.716100 0.567000
vt 0.715000 0.565700
vt 0.726300 0.512200
vt 0.724100 0.512100
vt 0.322600 0.822300
vt 0.324200 0.829000
vt 0.313100 0.826100
vt 0.309400 0.816800
vt 0.689800 0.533100
vt 0.687800 0.533300
vt 0.687500 0.524600
vt 0.689500 0.524600
vt 0.701300 0.442700
vt 0.698100 0.413800
vt 0.704000 0.413100
vt 0.709800 0.442600
vt 0.348200 0.819400
vt 0.344000 0.819300
vt 0.344500 0.815500
vt 0.348800 0.815800
vt 0.359800 0.825300
vt 0.358400 0.825500
vt 0.358000 0.822100
vt 0.357800 0.820300
vt 0.355500 0.832600
vt 0.358600 0.829200
vt 0.358700 0.830200
vt 0.355800 0.834200
vt 0.697800 0.411800
vt 0.704100 0.411000
vt 0.325800 0.821700
vt 0.327200 0.828600
vt 0.316300 0.834900
vt 0.326300 0.835400
vt 0.348300 0.834300
vt 0.347900 0.826100
vt 0.354200 0.825600
vt 0.354300 0.820100
vt 0.716700 0.441900
vt 0.714500 0.442400
vt 0.706700 0.413400
vt 0.707800 0.411700
vt 0.237200 0.823100
vt 0.236400 0.818900
vt 0.238700 0.818500
vt 0.239600 0.822800
vt 0.689300 0.446000
vt 0.687400 0.446000
vt 0.179300 0.929200
vt 0.176700 0.930000
vt 0.176700 0.896400
vt 0.178700 0.896500
vt 0.694700 0.548100
vt 0.693700 0.534900
vt 0.693700 0.532700
vt 0.693500 0.524000
vt 0.694100 0.447700
vt 0.692000 0.445300
vt 0.695800 0.447400
vt 0.709400 0.444900
vt 0.701600 0.446400
vt 0.713700 0.444000
vt 0.715200 0.444800
vt 0.714300 0.446300
vt 0.724800 0.530100
vt 0.725600 0.527700
vt 0.718200 0.553700
vt 0.718800 0.549400
vt 0.717500 0.559400
vt 0.713700 0.564000
vt 0.707700 0.567000
vt 0.701500 0.565200
vt 0.696100 0.561200
vt 0.695400 0.553200
vt 0.329000 0.840200
vt 0.326600 0.840300
vt 0.327200 0.838800
vt 0.329600 0.838800
vt 0.317400 0.840500
vt 0.307800 0.840700
vt 0.307700 0.839300
vt 0.317700 0.839100
vt 0.241300 0.840700
vt 0.239900 0.839200
vt 0.242300 0.839200
vt 0.243700 0.840700
vt 0.238200 0.837400
vt 0.236500 0.838400
vt 0.236000 0.832200
vt 0.237600 0.831900
vt 0.233200 0.819900
vt 0.235000 0.819100
vt 0.236000 0.823400
vt 0.234200 0.824000
vt 0.295200 0.805700
vt 0.308200 0.809700
vt 0.307900 0.810900
vt 0.294900 0.806900
vt 0.321600 0.815400
vt 0.322000 0.817000
vt 0.343700 0.812800
vt 0.344800 0.814100
vt 0.325500 0.816700
vt 0.324800 0.815400
vt 0.349200 0.814600
vt 0.348200 0.813100
vt 0.354400 0.814900
vt 0.355000 0.816400
vt 0.359200 0.818600
vt 0.358700 0.819800
vt 0.362000 0.825000
vt 0.360800 0.825200
vt 0.360600 0.831700
vt 0.359600 0.830700
vt 0.356100 0.836400
vt 0.356400 0.835000
vt 0.348400 0.839200
vt 0.342900 0.840100
vt 0.343900 0.838700
vt 0.349200 0.837700
vt 0.317200 0.837400
vt 0.326900 0.837200
vt 0.348700 0.836400
vt 0.239300 0.836300
vt 0.239500 0.837500
vt 0.238300 0.838900
vt 0.177200 0.888900
vt 0.179100 0.889000
vt 0.186200 0.896400
vt 0.186900 0.929100
vt 0.181300 0.936500
vt 0.178700 0.937200
vt 0.169200 0.930000
vt 0.169200 0.896400
vt 0.717200 0.444300
vt 0.689300 0.448500
vt 0.687400 0.448500
vt 0.238900 0.831700
vt 0.241400 0.831400
vt 0.241800 0.836200
vt 0.247300 0.817000
vt 0.248400 0.821600
vt 0.694100 0.450200
vt 0.717400 0.453800
vt 0.716500 0.454900
vt 0.242000 0.837500
vt 0.251400 0.837500
vt 0.251800 0.839200
vt 0.236600 0.817600
vt 0.238900 0.817200
vt 0.307300 0.812200
vt 0.296800 0.813300
vt 0.294400 0.808100
vt 0.321600 0.818600
vt 0.325300 0.818200
vt 0.354600 0.817300
vt 0.728600 0.501000
vt 0.719400 0.453300
vt 0.730400 0.501200
vt 0.689300 0.515400
vt 0.687300 0.515500
vt 0.687300 0.458000
vt 0.689300 0.458000
vt 0.302000 0.824000
vt 0.306100 0.834600
vt 0.251200 0.835900
vt 0.250500 0.830300
vt 0.694000 0.459500
vt 0.693300 0.514800
vt 0.247600 0.815700
vt 0.307200 0.837700
vt 0.727400 0.500900
vt 0.721800 0.513100
vt 0.236700 0.840100
vt 0.253000 0.840700
vt 0.237900 0.816100
vt 0.240200 0.815700
vt 0.248600 0.814200
vt 0.343400 0.826400
vt 0.615100 0.709400
vt 0.617200 0.709900
vt 0.614700 0.714200
vt 0.613100 0.712600
vt 0.610400 0.716500
vt 0.609800 0.714400
vt 0.605500 0.716300
vt 0.606100 0.714200
vt 0.601400 0.713800
vt 0.603000 0.712300
vt 0.599200 0.709600
vt 0.601300 0.709100
vt 0.599300 0.704800
vt 0.601400 0.705400
vt 0.601800 0.700800
vt 0.603300 0.702300
vt 0.605900 0.698500
vt 0.606400 0.700500
vt 0.610600 0.698500
vt 0.610100 0.700600
vt 0.614800 0.700900
vt 0.613300 0.702400
vt 0.617200 0.705100
vt 0.615100 0.705600
vt 0.549100 0.697800
vt 0.547300 0.701100
vt 0.544000 0.702900
vt 0.547300 0.690900
vt 0.535200 0.694100
vt 0.537100 0.701100
vt 0.540300 0.702900
vt 0.535200 0.697800
vt 0.540300 0.689000
vt 0.537100 0.690900
vt 0.544000 0.689000
vt 0.549100 0.694100
vt 0.613200 0.708900
vt 0.611800 0.711200
vt 0.609400 0.712500
vt 0.606700 0.712400
vt 0.604400 0.711000
vt 0.603100 0.708600
vt 0.603200 0.705900
vt 0.604600 0.703600
vt 0.606900 0.702300
vt 0.609600 0.702400
vt 0.611900 0.703800
vt 0.613300 0.706100
vt 0.612700 0.708700
vt 0.611400 0.710800
vt 0.609300 0.712000
vt 0.606800 0.711900
vt 0.604700 0.710600
vt 0.603600 0.708500
vt 0.603700 0.706100
vt 0.604900 0.704000
vt 0.607000 0.702800
vt 0.609500 0.702900
vt 0.611600 0.704100
vt 0.612700 0.706300
vt 0.611300 0.708300
vt 0.610400 0.709800
vt 0.608900 0.710600
vt 0.607200 0.710500
vt 0.605800 0.709600
vt 0.605000 0.708200
vt 0.605000 0.706500
vt 0.605900 0.705000
vt 0.607400 0.704200
vt 0.609100 0.704300
vt 0.610500 0.705100
vt 0.611300 0.706600
vt 0.608200 0.707400
vt 0.155000 0.885600
vt 0.160000 0.885000
vt 0.160700 0.887400
vt 0.155200 0.888900
vt 0.151100 0.885800
vt 0.151100 0.889300
vt 0.090400 0.889200
vt 0.085400 0.889300
vt 0.085400 0.885200
vt 0.090300 0.885100
vt 0.163600 0.885800
vt 0.162300 0.884100
vt 0.165700 0.880100
vt 0.167200 0.880700
vt 0.166200 0.876700
vt 0.167900 0.876700
vt 0.165000 0.876700
vt 0.163200 0.880500
vt 0.075100 0.888700
vt 0.069900 0.882900
vt 0.073500 0.883400
vt 0.073500 0.878000
vt 0.078500 0.877900
vt 0.078600 0.885300
vt 0.122400 0.877300
vt 0.126300 0.877300
vt 0.126800 0.882600
vt 0.123100 0.883700
vt 0.159500 0.876800
vt 0.159700 0.882100
vt 0.154800 0.882500
vt 0.154600 0.876900
vt 0.151000 0.882600
vt 0.150900 0.876900
vt 0.163100 0.876800
vt 0.085200 0.877900
vt 0.070800 0.878000
vt 0.069100 0.878100
vt 0.090100 0.877800
vt 0.078700 0.889400
vt 0.127500 0.885100
vt 0.124200 0.887700
vt 0.152800 0.750300
vt 0.156300 0.749900
vt 0.157900 0.757200
vt 0.154300 0.757900
vt 0.156400 0.745800
vt 0.156400 0.740400
vt 0.160200 0.742800
vt 0.160000 0.747700
vt 0.181900 0.762000
vt 0.183700 0.759800
vt 0.186300 0.762000
vt 0.184500 0.764200
vt 0.156500 0.770300
vt 0.178800 0.771300
vt 0.178900 0.774200
vt 0.154400 0.774300
vt 0.152700 0.745800
vt 0.152700 0.740400
vt 0.162500 0.752900
vt 0.163400 0.749700
vt 0.181100 0.762900
vt 0.183700 0.765100
vt 0.152400 0.769900
vt 0.148400 0.769600
vt 0.150400 0.765700
vt 0.154500 0.765500
vt 0.147000 0.885900
vt 0.146800 0.889400
vt 0.095300 0.885000
vt 0.095400 0.889000
vt 0.147000 0.882700
vt 0.146900 0.877000
vt 0.095200 0.877700
vt 0.156600 0.760700
vt 0.162700 0.759200
vt 0.161800 0.762200
vt 0.164000 0.745200
vt 0.149800 0.774100
vt 0.145400 0.774000
vt 0.159100 0.752300
vt 0.157700 0.767100
vt 0.179700 0.764600
vt 0.178600 0.767900
vt 0.178700 0.770100
vt 0.182300 0.766800
vt 0.154800 0.868100
vt 0.154900 0.864800
vt 0.160500 0.866200
vt 0.159800 0.868600
vt 0.150800 0.868000
vt 0.150700 0.864500
vt 0.085200 0.870500
vt 0.085100 0.866400
vt 0.090000 0.866400
vt 0.090100 0.870500
vt 0.163400 0.867800
vt 0.162200 0.869400
vt 0.165600 0.873400
vt 0.167100 0.872700
vt 0.163100 0.873000
vt 0.074800 0.867300
vt 0.073400 0.872600
vt 0.069800 0.873200
vt 0.078400 0.870600
vt 0.126600 0.872000
vt 0.122900 0.871000
vt 0.154600 0.871300
vt 0.159600 0.871500
vt 0.150800 0.871200
vt 0.078400 0.866500
vt 0.123900 0.867000
vt 0.127200 0.869500
vt 0.078100 0.952700
vt 0.085400 0.954300
vt 0.085100 0.957700
vt 0.077400 0.956200
vt 0.089500 0.954100
vt 0.087700 0.950600
vt 0.092600 0.950400
vt 0.095000 0.954200
vt 0.073300 0.924300
vt 0.075500 0.926900
vt 0.073300 0.928700
vt 0.071100 0.926100
vt 0.065000 0.954100
vt 0.061100 0.956200
vt 0.061100 0.931700
vt 0.064000 0.931800
vt 0.095000 0.957900
vt 0.089500 0.957900
vt 0.082400 0.948000
vt 0.072400 0.929500
vt 0.085600 0.947100
vt 0.070200 0.926900
vt 0.065400 0.958200
vt 0.069900 0.956100
vt 0.069600 0.960200
vt 0.065800 0.962200
vt 0.146700 0.868100
vt 0.146300 0.864500
vt 0.095100 0.870400
vt 0.095100 0.866400
vt 0.146800 0.871300
vt 0.076100 0.947800
vt 0.074600 0.954000
vt 0.073100 0.948800
vt 0.090100 0.946600
vt 0.061400 0.965200
vt 0.061200 0.960800
vt 0.083000 0.951500
vt 0.068200 0.952900
vt 0.070700 0.930900
vt 0.067400 0.932000
vt 0.065200 0.931900
vt 0.068500 0.928300
vt 0.710000 0.707900
vt 0.709200 0.710900
vt 0.707800 0.710100
vt 0.707000 0.708700
vt 0.707000 0.707100
vt 0.707800 0.705700
vt 0.709200 0.704900
vt 0.710800 0.704900
vt 0.712200 0.705700
vt 0.713000 0.707000
vt 0.713000 0.708700
vt 0.712200 0.710100
vt 0.710800 0.710900
vt 0.708600 0.713200
vt 0.706100 0.711800
vt 0.704700 0.709300
vt 0.704700 0.706400
vt 0.706100 0.703900
vt 0.708600 0.702500
vt 0.711400 0.702500
vt 0.713900 0.704000
vt 0.715400 0.706400
vt 0.715400 0.709200
vt 0.714000 0.711700
vt 0.711500 0.713200
vt 0.708300 0.714600
vt 0.705100 0.712900
vt 0.703300 0.709700
vt 0.703300 0.706000
vt 0.705100 0.702900
vt 0.708300 0.701100
vt 0.711800 0.701200
vt 0.714900 0.703000
vt 0.716700 0.706000
vt 0.716700 0.709600
vt 0.715000 0.712700
vt 0.711900 0.714500
vt 0.180000 0.791300
vt 0.179200 0.794300
vt 0.177800 0.793500
vt 0.177000 0.792100
vt 0.177000 0.790500
vt 0.177800 0.789100
vt 0.179200 0.788300
vt 0.180800 0.788300
vt 0.182200 0.789100
vt 0.183000 0.790500
vt 0.183000 0.792100
vt 0.182200 0.793500
vt 0.180800 0.794300
vt 0.178600 0.796700
vt 0.176100 0.795200
vt 0.174700 0.792800
vt 0.174600 0.789900
vt 0.176100 0.787400
vt 0.178600 0.785900
vt 0.181400 0.786000
vt 0.183900 0.787400
vt 0.185300 0.789800
vt 0.185300 0.792700
vt 0.183900 0.795200
vt 0.181500 0.796600
vt 0.178300 0.798100
vt 0.175100 0.796300
vt 0.173300 0.793100
vt 0.173300 0.789500
vt 0.175100 0.786300
vt 0.178200 0.784600
vt 0.181800 0.784600
vt 0.184900 0.786400
vt 0.186700 0.789500
vt 0.186700 0.793000
vt 0.185000 0.796100
vt 0.181900 0.798000
vt 0.413800 0.985600
vt 0.413300 0.987600
vt 0.412400 0.987100
vt 0.411800 0.986100
vt 0.411800 0.985100
vt 0.412400 0.984100
vt 0.413300 0.983600
vt 0.414400 0.983600
vt 0.415300 0.984100
vt 0.415900 0.985000
vt 0.415900 0.986100
vt 0.415300 0.987100
vt 0.414400 0.987600
vt 0.412900 0.989200
vt 0.411200 0.988300
vt 0.410300 0.986600
vt 0.410300 0.984600
vt 0.411200 0.983000
vt 0.412900 0.982000
vt 0.414800 0.982000
vt 0.416500 0.983000
vt 0.417400 0.984600
vt 0.417400 0.986500
vt 0.416500 0.988200
vt 0.414900 0.989200
vt 0.412700 0.990200
vt 0.410600 0.989000
vt 0.409300 0.986800
vt 0.409300 0.984400
vt 0.410500 0.982200
vt 0.412700 0.981000
vt 0.415100 0.981100
vt 0.417200 0.982300
vt 0.418400 0.984400
vt 0.418400 0.986800
vt 0.417200 0.988900
vt 0.415100 0.990100
vt 0.245800 0.986100
vt 0.245200 0.988100
vt 0.244300 0.987600
vt 0.243800 0.986700
vt 0.243700 0.985600
vt 0.244300 0.984600
vt 0.245200 0.984100
vt 0.246300 0.984100
vt 0.247200 0.984600
vt 0.247800 0.985600
vt 0.247800 0.986600
vt 0.247200 0.987600
vt 0.246300 0.988100
vt 0.244800 0.989700
vt 0.243200 0.988800
vt 0.242200 0.987100
vt 0.242200 0.985200
vt 0.243100 0.983500
vt 0.244800 0.982500
vt 0.246700 0.982500
vt 0.248400 0.983500
vt 0.249300 0.985100
vt 0.249300 0.987000
vt 0.248400 0.988700
vt 0.246800 0.989700
vt 0.244600 0.990700
vt 0.242500 0.989500
vt 0.241200 0.987400
vt 0.241200 0.984900
vt 0.242400 0.982800
vt 0.244600 0.981600
vt 0.247000 0.981600
vt 0.249100 0.982800
vt 0.250300 0.984900
vt 0.250300 0.987300
vt 0.249100 0.989400
vt 0.247100 0.990600
vt 0.213700 0.986200
vt 0.213200 0.988200
vt 0.212300 0.987600
vt 0.211700 0.986700
vt 0.211700 0.985600
vt 0.212300 0.984700
vt 0.213200 0.984200
vt 0.214300 0.984100
vt 0.215200 0.984700
vt 0.215700 0.985600
vt 0.215700 0.986700
vt 0.215200 0.987600
vt 0.214300 0.988200
vt 0.212800 0.989800
vt 0.211100 0.988800
vt 0.210200 0.987100
vt 0.210100 0.985200
vt 0.211100 0.983500
vt 0.212800 0.982600
vt 0.214700 0.982600
vt 0.216400 0.983500
vt 0.217300 0.985200
vt 0.217300 0.987100
vt 0.216400 0.988700
vt 0.214700 0.989700
vt 0.212600 0.990700
vt 0.210400 0.989500
vt 0.209200 0.987400
vt 0.209200 0.984900
vt 0.210400 0.982800
vt 0.212600 0.981600
vt 0.215000 0.981600
vt 0.217100 0.982900
vt 0.218300 0.984900
vt 0.218300 0.987300
vt 0.217100 0.989400
vt 0.215000 0.990700
vt 0.185300 0.986300
vt 0.187600 0.984100
vt 0.188400 0.985500
vt 0.186200 0.983300
vt 0.184500 0.983300
vt 0.183100 0.984100
vt 0.182300 0.985500
vt 0.182300 0.987100
vt 0.183100 0.988500
vt 0.184500 0.989300
vt 0.186100 0.989300
vt 0.187500 0.988500
vt 0.188300 0.987100
vt 0.189300 0.982400
vt 0.190700 0.984900
vt 0.186800 0.981000
vt 0.183900 0.980900
vt 0.181400 0.982400
vt 0.180000 0.984900
vt 0.180000 0.987700
vt 0.181400 0.990200
vt 0.183900 0.991600
vt 0.186700 0.991600
vt 0.189200 0.990200
vt 0.190700 0.987800
vt 0.190300 0.981400
vt 0.192100 0.984600
vt 0.187200 0.979600
vt 0.183500 0.979600
vt 0.180400 0.981400
vt 0.178600 0.984500
vt 0.178600 0.988100
vt 0.180400 0.991200
vt 0.183500 0.993000
vt 0.187100 0.993000
vt 0.190200 0.991300
vt 0.192000 0.988200
vt 0.581900 0.701100
vt 0.584200 0.699000
vt 0.585000 0.700400
vt 0.582800 0.698100
vt 0.581200 0.698100
vt 0.579700 0.698900
vt 0.578900 0.700300
vt 0.578900 0.701900
vt 0.579700 0.703300
vt 0.581100 0.704200
vt 0.582700 0.704200
vt 0.584100 0.703400
vt 0.585000 0.702000
vt 0.585900 0.697300
vt 0.587300 0.699800
vt 0.583400 0.695800
vt 0.580500 0.695800
vt 0.578000 0.697200
vt 0.576600 0.699700
vt 0.576600 0.702600
vt 0.578000 0.705100
vt 0.580500 0.706500
vt 0.583300 0.706500
vt 0.585800 0.705100
vt 0.587300 0.702600
vt 0.586900 0.696300
vt 0.588700 0.699500
vt 0.583800 0.694400
vt 0.580100 0.694400
vt 0.577000 0.696300
vt 0.575200 0.699400
vt 0.575200 0.703000
vt 0.577100 0.706100
vt 0.580100 0.707800
vt 0.583700 0.707900
vt 0.586800 0.706100
vt 0.588600 0.703100
vt 0.425900 0.985600
vt 0.427300 0.984100
vt 0.427900 0.985100
vt 0.426400 0.983600
vt 0.425300 0.983600
vt 0.424400 0.984100
vt 0.423800 0.985100
vt 0.423800 0.986100
vt 0.424400 0.987100
vt 0.425300 0.987600
vt 0.426400 0.987600
vt 0.427300 0.987100
vt 0.427900 0.986200
vt 0.428500 0.983000
vt 0.429500 0.984700
vt 0.426800 0.982000
vt 0.424900 0.982000
vt 0.423200 0.983000
vt 0.422300 0.984600
vt 0.422300 0.986600
vt 0.423200 0.988200
vt 0.424900 0.989200
vt 0.426800 0.989200
vt 0.428400 0.988300
vt 0.429400 0.986600
vt 0.429200 0.982300
vt 0.430400 0.984500
vt 0.427100 0.981000
vt 0.424600 0.981000
vt 0.422500 0.982300
vt 0.421300 0.984400
vt 0.421300 0.986900
vt 0.422500 0.988900
vt 0.424600 0.990100
vt 0.427000 0.990100
vt 0.429100 0.989000
vt 0.430400 0.986900
vt 0.445900 0.984900
vt 0.447300 0.986400
vt 0.446400 0.986900
vt 0.447900 0.985500
vt 0.447900 0.984400
vt 0.447300 0.983500
vt 0.446400 0.982900
vt 0.445300 0.982900
vt 0.444400 0.983400
vt 0.443800 0.984400
vt 0.443800 0.985500
vt 0.444400 0.986400
vt 0.445300 0.986900
vt 0.448400 0.987600
vt 0.446800 0.988500
vt 0.449400 0.985900
vt 0.449400 0.984000
vt 0.448500 0.982300
vt 0.446800 0.981300
vt 0.444900 0.981300
vt 0.443200 0.982300
vt 0.442300 0.983900
vt 0.442300 0.985800
vt 0.443200 0.987500
vt 0.444800 0.988500
vt 0.449100 0.988300
vt 0.447000 0.989500
vt 0.450400 0.986200
vt 0.450400 0.983700
vt 0.449200 0.981600
vt 0.447000 0.980400
vt 0.444600 0.980400
vt 0.442500 0.981600
vt 0.441300 0.983700
vt 0.441300 0.986100
vt 0.442500 0.988200
vt 0.444500 0.989400
vt 0.257800 0.983600
vt 0.259200 0.982100
vt 0.259800 0.983100
vt 0.258300 0.981600
vt 0.257200 0.981600
vt 0.256300 0.982100
vt 0.255800 0.983100
vt 0.255700 0.984100
vt 0.256300 0.985100
vt 0.257200 0.985600
vt 0.258300 0.985600
vt 0.259200 0.985100
vt 0.259800 0.984200
vt 0.260400 0.981000
vt 0.261400 0.982700
vt 0.258700 0.980000
vt 0.256800 0.980000
vt 0.255100 0.981000
vt 0.254200 0.982700
vt 0.254200 0.984600
vt 0.255100 0.986200
vt 0.256800 0.987200
vt 0.258700 0.987200
vt 0.260300 0.986300
vt 0.261300 0.984600
vt 0.261200 0.980300
vt 0.262300 0.982500
vt 0.259000 0.979000
vt 0.256500 0.979000
vt 0.254400 0.980300
vt 0.253200 0.982400
vt 0.253200 0.984900
vt 0.254500 0.986900
vt 0.256500 0.988100
vt 0.258900 0.988200
vt 0.261000 0.987000
vt 0.262300 0.984900
vt 0.169300 0.228000
vt 0.184600 0.228000
vt 0.185600 0.239200
vt 0.169200 0.239200
vt 0.189100 0.239200
vt 0.188000 0.228000
vt 0.204300 0.228000
vt 0.203600 0.239200
vt 0.327600 0.228000
vt 0.327500 0.239200
vt 0.324100 0.239200
vt 0.324200 0.228000
vt 0.188600 0.253200
vt 0.185100 0.253200
vt 0.185400 0.245900
vt 0.188900 0.245900
vt 0.159400 0.239200
vt 0.159500 0.228000
vt 0.229100 0.277200
vt 0.221000 0.277200
vt 0.220900 0.273700
vt 0.229000 0.273700
vt 0.202700 0.253200
vt 0.203200 0.245900
vt 0.213300 0.245900
vt 0.213100 0.253200
vt 0.213900 0.228000
vt 0.204500 0.225100
vt 0.214000 0.225100
vt 0.209300 0.261800
vt 0.211300 0.261800
vt 0.215100 0.268200
vt 0.212900 0.268200
vt 0.325600 0.261800
vt 0.325800 0.268200
vt 0.311700 0.268200
vt 0.311700 0.261800
vt 0.328900 0.261800
vt 0.329300 0.268200
vt 0.151800 0.260900
vt 0.161000 0.260900
vt 0.158600 0.267600
vt 0.149600 0.267600
vt 0.218600 0.277400
vt 0.201800 0.257300
vt 0.311700 0.273700
vt 0.325400 0.273700
vt 0.221100 0.261800
vt 0.328800 0.273700
vt 0.326600 0.253200
vt 0.323600 0.253200
vt 0.152900 0.274000
vt 0.144400 0.274000
vt 0.057800 0.260900
vt 0.044500 0.260900
vt 0.044600 0.253200
vt 0.058800 0.253200
vt 0.169100 0.245900
vt 0.324000 0.245600
vt 0.327300 0.245600
vt 0.159300 0.245900
vt 0.213400 0.239200
vt 0.058900 0.239200
vt 0.044700 0.239200
vt 0.044900 0.228000
vt 0.059000 0.228000
vt 0.311700 0.277200
vt 0.325400 0.277200
vt 0.361200 0.768500
vt 0.361700 0.765800
vt 0.363700 0.765800
vt 0.364300 0.768300
vt 0.311700 0.228000
vt 0.311700 0.225100
vt 0.324200 0.225100
vt 0.242100 0.268200
vt 0.240300 0.261800
vt 0.057400 0.267600
vt 0.044500 0.267600
vt 0.246400 0.273700
vt 0.311700 0.253200
vt 0.056700 0.274000
vt 0.044400 0.274000
vt 0.132300 0.260900
vt 0.138300 0.253200
vt 0.044700 0.245900
vt 0.058800 0.245900
vt 0.311700 0.239200
vt 0.347100 0.734900
vt 0.345500 0.733500
vt 0.352000 0.731600
vt 0.352700 0.733100
vt 0.358800 0.730100
vt 0.359100 0.727900
vt 0.375700 0.727900
vt 0.375900 0.730100
vt 0.382500 0.731800
vt 0.381800 0.733200
vt 0.336500 0.745400
vt 0.334800 0.744100
vt 0.353300 0.734500
vt 0.359100 0.731900
vt 0.361700 0.741700
vt 0.356600 0.743800
vt 0.375700 0.731900
vt 0.373000 0.741600
vt 0.378200 0.743200
vt 0.381100 0.734500
vt 0.385600 0.736500
vt 0.382600 0.744400
vt 0.337700 0.746300
vt 0.348100 0.736300
vt 0.352000 0.745500
vt 0.344800 0.751000
vt 0.386600 0.735300
vt 0.356900 0.745800
vt 0.351600 0.747600
vt 0.363200 0.743500
vt 0.371500 0.743300
vt 0.378000 0.745200
vt 0.346800 0.751200
vt 0.357600 0.748800
vt 0.352700 0.750400
vt 0.364000 0.747200
vt 0.371300 0.747300
vt 0.377700 0.748000
vt 0.348100 0.753500
vt 0.366700 0.757500
vt 0.366700 0.762800
vt 0.360900 0.758600
vt 0.370200 0.757300
vt 0.369400 0.763500
vt 0.373900 0.767600
vt 0.371100 0.766500
vt 0.376100 0.758000
vt 0.357500 0.767000
vt 0.352500 0.762300
vt 0.355800 0.760400
vt 0.359300 0.764800
vt 0.366200 0.751800
vt 0.366300 0.753200
vt 0.359900 0.753900
vt 0.359600 0.752300
vt 0.370300 0.751900
vt 0.370300 0.753300
vt 0.382400 0.752000
vt 0.382300 0.753600
vt 0.376400 0.753100
vt 0.376400 0.751500
vt 0.349800 0.757900
vt 0.348900 0.756500
vt 0.353400 0.754000
vt 0.354000 0.755700
vt 0.186200 0.257300
vt 0.138500 0.239200
vt 0.138600 0.228000
vt 0.246500 0.277200
vt 0.234000 0.239200
vt 0.234100 0.245900
vt 0.130400 0.267600
vt 0.234200 0.253200
vt 0.126100 0.274000
vt 0.159200 0.253200
vt 0.138400 0.245900
vt 0.234100 0.228000
vt 0.223700 0.268200
vt 0.169100 0.253200
vt 0.234100 0.225100
vt 0.190400 0.225100
vt 0.311700 0.245900
vt 0.382500 0.748800
vt 0.381900 0.758700
vt 0.367400 0.766900
vt 0.365600 0.765000
vt 0.388400 0.734400
vt 0.382800 0.746300
vt 0.379300 0.765000
vt 0.376500 0.767300
vt 0.449500 0.964700
vt 0.450300 0.966300
vt 0.444600 0.964100
vt 0.444300 0.963000
vt 0.449000 0.957600
vt 0.449000 0.952400
vt 0.461200 0.952400
vt 0.461200 0.957600
vt 0.448300 0.959400
vt 0.461900 0.959100
vt 0.460100 0.965500
vt 0.460800 0.964100
vt 0.451000 0.971200
vt 0.460000 0.970400
vt 0.460300 0.973800
vt 0.451300 0.974600
vt 0.208000 0.980800
vt 0.208000 0.983100
vt 0.195700 0.983100
vt 0.195700 0.980800
vt 0.195700 0.968900
vt 0.208000 0.968900
vt 0.208000 0.969900
vt 0.195700 0.969900
vt 0.449000 0.944200
vt 0.461200 0.944200
vt 0.465700 0.962300
vt 0.474700 0.959100
vt 0.474600 0.960200
vt 0.465500 0.963300
vt 0.434500 0.961200
vt 0.434300 0.960100
vt 0.460900 0.980300
vt 0.451800 0.981100
vt 0.446000 0.969800
vt 0.445700 0.968700
vt 0.451200 0.970500
vt 0.445400 0.967600
vt 0.445200 0.966400
vt 0.450700 0.968500
vt 0.450400 0.969100
vt 0.444900 0.965300
vt 0.449900 0.967000
vt 0.449400 0.961500
vt 0.443300 0.959500
vt 0.443000 0.958300
vt 0.449000 0.962300
vt 0.449900 0.963900
vt 0.444000 0.961800
vt 0.443700 0.960700
vt 0.459600 0.969700
vt 0.459800 0.967600
vt 0.460300 0.968400
vt 0.460600 0.966300
vt 0.460700 0.960900
vt 0.460400 0.963300
vt 0.461200 0.961800
vt 0.208000 0.966000
vt 0.195700 0.966000
vt 0.195700 0.965100
vt 0.208000 0.965100
vt 0.208000 0.968000
vt 0.195700 0.968000
vt 0.195700 0.967000
vt 0.208000 0.967000
vt 0.195700 0.976000
vt 0.208000 0.976000
vt 0.208000 0.978400
vt 0.195700 0.978400
vt 0.208000 0.973700
vt 0.195700 0.973700
vt 0.472700 0.971800
vt 0.472400 0.974400
vt 0.464600 0.968700
vt 0.464800 0.967600
vt 0.473200 0.966600
vt 0.472900 0.969200
vt 0.465000 0.966600
vt 0.465100 0.965500
vt 0.473500 0.964100
vt 0.465300 0.964500
vt 0.475100 0.955900
vt 0.466500 0.959000
vt 0.466800 0.958000
vt 0.475300 0.954900
vt 0.474900 0.958100
vt 0.466000 0.961200
vt 0.466200 0.960200
vt 0.475000 0.957000
vt 0.433600 0.956600
vt 0.433400 0.955400
vt 0.434100 0.958900
vt 0.433800 0.957700
vt 0.437500 0.973800
vt 0.438000 0.976600
vt 0.436500 0.968300
vt 0.437000 0.971000
vt 0.436000 0.965500
vt 0.442800 0.956500
vt 0.195700 0.963800
vt 0.208000 0.963800
vt 0.466800 0.956300
vt 0.475300 0.953500
vt 0.433300 0.954000
vt 0.113800 0.978000
vt 0.118100 0.963600
vt 0.123900 0.963700
vt 0.128900 0.978000
vt 0.128700 0.960700
vt 0.141200 0.969200
vt 0.130800 0.955500
vt 0.145900 0.955000
vt 0.129400 0.950000
vt 0.141300 0.940700
vt 0.125000 0.946300
vt 0.129100 0.931800
vt 0.119200 0.946100
vt 0.114100 0.931800
vt 0.114300 0.949200
vt 0.101800 0.940700
vt 0.112200 0.954500
vt 0.097100 0.955000
vt 0.113700 0.960000
vt 0.101800 0.969300
vt 0.968300 0.377900
vt 0.968500 0.382900
vt 0.954300 0.382900
vt 0.954300 0.377900
vt 0.968700 0.387900
vt 0.954200 0.387900
vt 0.966900 0.395000
vt 0.969500 0.398200
vt 0.958900 0.398200
vt 0.960100 0.395000
vt 0.969200 0.325700
vt 0.966400 0.329500
vt 0.958400 0.329500
vt 0.956700 0.325700
vt 0.953500 0.338300
vt 0.968800 0.338300
vt 0.968400 0.343300
vt 0.953900 0.343300
vt 0.968200 0.348300
vt 0.954000 0.348300
vt 0.968200 0.353200
vt 0.954000 0.353200
vt 0.968100 0.358100
vt 0.954000 0.358100
vt 0.968100 0.363100
vt 0.954100 0.363100
vt 0.968200 0.368000
vt 0.954100 0.368000
vt 0.968200 0.372900
vt 0.954200 0.372900
vt 0.670900 0.694200
vt 0.675800 0.694200
vt 0.680000 0.696600
vt 0.664200 0.700900
vt 0.675800 0.712500
vt 0.682500 0.705800
vt 0.682500 0.700900
vt 0.680000 0.710000
vt 0.666600 0.710000
vt 0.670900 0.712500
vt 0.664200 0.705800
vt 0.666600 0.696600
vt 0.160000 0.782100
vt 0.164900 0.782100
vt 0.169100 0.784500
vt 0.153300 0.788800
vt 0.164900 0.800400
vt 0.171600 0.793700
vt 0.171600 0.788800
vt 0.169100 0.798000
vt 0.155700 0.798000
vt 0.160000 0.800400
vt 0.153300 0.793700
vt 0.155700 0.784500
vt 0.953300 0.377900
vt 0.953400 0.382900
vt 0.667500 0.382900
vt 0.667500 0.377900
vt 0.953300 0.387900
vt 0.667500 0.387900
vt 0.951200 0.393200
vt 0.667400 0.393200
vt 0.952600 0.338300
vt 0.667300 0.338300
vt 0.667200 0.333200
vt 0.950200 0.333200
vt 0.952900 0.343300
vt 0.667300 0.343300
vt 0.953100 0.348300
vt 0.667400 0.348300
vt 0.953200 0.353200
vt 0.667400 0.353200
vt 0.953100 0.358100
vt 0.667400 0.358100
vt 0.953100 0.363100
vt 0.667400 0.363100
vt 0.953300 0.368000
vt 0.667500 0.368000
vt 0.953300 0.372900
vt 0.667500 0.372900
vt 0.680700 0.710700
vt 0.683400 0.706000
vt 0.683400 0.700600
vt 0.680700 0.696000
vt 0.676000 0.693300
vt 0.670600 0.693300
vt 0.666000 0.696000
vt 0.663300 0.700600
vt 0.663300 0.706000
vt 0.666000 0.710700
vt 0.670600 0.713400
vt 0.676000 0.713400
vt 0.950900 0.333200
vt 0.951900 0.393200
vt 0.972400 0.389700
vt 0.974200 0.335100
vt 0.992900 0.970500
vt 0.992200 0.978200
vt 0.990400 0.978000
vt 0.991100 0.970400
vt 0.991500 0.986000
vt 0.989700 0.985800
vt 0.990900 0.993900
vt 0.989100 0.993600
vt 0.990000 0.901200
vt 0.991800 0.901000
vt 0.992200 0.908900
vt 0.990500 0.909100
vt 0.992800 0.916800
vt 0.991100 0.917000
vt 0.993300 0.924500
vt 0.991600 0.924600
vt 0.993500 0.932200
vt 0.991800 0.932200
vt 0.993600 0.939800
vt 0.991900 0.939800
vt 0.993600 0.947400
vt 0.991900 0.947400
vt 0.993400 0.955000
vt 0.991700 0.955000
vt 0.993200 0.962800
vt 0.991500 0.962700
vt 0.009100 0.967400
vt 0.012700 0.961200
vt 0.018900 0.957600
vt 0.012700 0.980800
vt 0.035800 0.974600
vt 0.032200 0.961200
vt 0.026000 0.957600
vt 0.035800 0.967400
vt 0.026000 0.984400
vt 0.032200 0.980800
vt 0.018900 0.984400
vt 0.009100 0.974600
vt 0.698900 0.703200
vt 0.700800 0.706400
vt 0.700800 0.710000
vt 0.692200 0.701400
vt 0.689100 0.713100
vt 0.695800 0.714900
vt 0.698900 0.713100
vt 0.692200 0.714900
vt 0.687300 0.706400
vt 0.687300 0.710000
vt 0.689100 0.703200
vt 0.695800 0.701400
vt 0.983200 0.977200
vt 0.983900 0.969900
vt 0.982300 0.985200
vt 0.981400 0.993000
vt 0.983000 0.909600
vt 0.982200 0.901800
vt 0.983900 0.917600
vt 0.984600 0.925000
vt 0.984700 0.932300
vt 0.984700 0.940000
vt 0.984800 0.947300
vt 0.984500 0.954700
vt 0.984300 0.962600
vt 0.921700 0.965900
vt 0.922000 0.972300
vt 0.876300 0.967500
vt 0.877200 0.962000
vt 0.921500 0.978800
vt 0.874800 0.973000
vt 0.920400 0.985100
vt 0.872400 0.978900
vt 0.921900 0.915300
vt 0.874900 0.920300
vt 0.872400 0.914400
vt 0.920800 0.908900
vt 0.922400 0.921700
vt 0.876400 0.925800
vt 0.922000 0.928000
vt 0.877300 0.931400
vt 0.923000 0.934300
vt 0.877900 0.936600
vt 0.923200 0.940700
vt 0.878300 0.941700
vt 0.922600 0.947000
vt 0.878400 0.946800
vt 0.923100 0.953300
vt 0.878200 0.951700
vt 0.922900 0.959700
vt 0.877800 0.956700
vt 0.977000 0.970900
vt 0.971200 0.970500
vt 0.971300 0.969000
vt 0.977100 0.969400
vt 0.981100 0.985100
vt 0.970800 0.983700
vt 0.971700 0.976000
vt 0.982000 0.977000
vt 0.974200 0.991600
vt 0.968700 0.990500
vt 0.968900 0.988900
vt 0.974700 0.990100
vt 0.975000 0.903100
vt 0.975500 0.904600
vt 0.969600 0.905700
vt 0.969400 0.904100
vt 0.981800 0.909700
vt 0.982700 0.917700
vt 0.972300 0.918400
vt 0.971500 0.911000
vt 0.976900 0.925400
vt 0.971700 0.925700
vt 0.971600 0.924200
vt 0.977500 0.923900
vt 0.977700 0.926900
vt 0.971800 0.927300
vt 0.983600 0.940000
vt 0.973200 0.940300
vt 0.973000 0.933700
vt 0.983500 0.932300
vt 0.977800 0.947200
vt 0.972100 0.947100
vt 0.972100 0.945500
vt 0.978100 0.945700
vt 0.978000 0.948700
vt 0.972000 0.948700
vt 0.983100 0.962600
vt 0.972700 0.962100
vt 0.973100 0.954300
vt 0.983300 0.954600
vt 0.971400 0.967400
vt 0.977200 0.968000
vt 0.924700 0.969000
vt 0.924900 0.966100
vt 0.925100 0.963100
vt 0.934300 0.960000
vt 0.933800 0.963500
vt 0.980000 0.966600
vt 0.982700 0.969800
vt 0.979400 0.969600
vt 0.979600 0.972600
vt 0.971200 0.972100
vt 0.924700 0.982500
vt 0.924200 0.985300
vt 0.933000 0.979500
vt 0.932400 0.983200
vt 0.976600 0.988900
vt 0.980100 0.992800
vt 0.975900 0.992000
vt 0.977300 0.905800
vt 0.976700 0.902700
vt 0.980900 0.901900
vt 0.969900 0.907000
vt 0.925100 0.911600
vt 0.924600 0.908700
vt 0.924900 0.924900
vt 0.925800 0.927900
vt 0.933800 0.920800
vt 0.933100 0.924400
vt 0.980000 0.922100
vt 0.983500 0.925000
vt 0.979400 0.925300
vt 0.980400 0.928400
vt 0.972100 0.928800
vt 0.925200 0.930900
vt 0.926600 0.944100
vt 0.926400 0.947000
vt 0.934600 0.940300
vt 0.934500 0.944100
vt 0.979600 0.944200
vt 0.983600 0.947300
vt 0.979500 0.947200
vt 0.979500 0.950300
vt 0.972100 0.950100
vt 0.926600 0.949900
vt 0.927600 0.967700
vt 0.927800 0.966300
vt 0.927800 0.964800
vt 0.934100 0.965100
vt 0.926200 0.984000
vt 0.926100 0.985500
vt 0.932500 0.984600
vt 0.926700 0.910000
vt 0.926500 0.908600
vt 0.927800 0.926300
vt 0.928500 0.927700
vt 0.934200 0.925900
vt 0.927900 0.929300
vt 0.928300 0.945500
vt 0.928300 0.947000
vt 0.934700 0.945500
vt 0.928300 0.948500
vt 0.970100 0.970500
vt 0.934000 0.968200
vt 0.934000 0.966600
vt 0.970200 0.968900
vt 0.969800 0.983400
vt 0.933500 0.973200
vt 0.970800 0.976000
vt 0.967600 0.990300
vt 0.932400 0.986100
vt 0.967800 0.988800
vt 0.968600 0.905800
vt 0.933000 0.909500
vt 0.932800 0.908000
vt 0.968400 0.904300
vt 0.971300 0.918600
vt 0.933400 0.914700
vt 0.970500 0.911200
vt 0.970500 0.924200
vt 0.970600 0.925800
vt 0.934800 0.927400
vt 0.970700 0.927400
vt 0.934300 0.929000
vt 0.972200 0.940100
vt 0.934400 0.934100
vt 0.972100 0.933000
vt 0.971000 0.947100
vt 0.934700 0.947000
vt 0.971000 0.945500
vt 0.971000 0.948700
vt 0.934700 0.948600
vt 0.971800 0.961900
vt 0.934600 0.953800
vt 0.972000 0.954400
vt 0.970300 0.967300
vt 0.971600 0.965900
vt 0.970200 0.972200
vt 0.932900 0.969700
vt 0.969200 0.987600
vt 0.968900 0.907300
vt 0.932900 0.911000
vt 0.971600 0.922600
vt 0.971000 0.929100
vt 0.933400 0.930600
vt 0.972200 0.944100
vt 0.971000 0.950300
vt 0.934400 0.950000
vt 0.970600 0.965600
vt 0.968200 0.987300
vt 0.970600 0.922500
vt 0.971100 0.943900
vt 0.869300 0.960900
vt 0.869000 0.965800
vt 0.868000 0.970200
vt 0.866100 0.974100
vt 0.866100 0.919200
vt 0.868100 0.923100
vt 0.869000 0.927600
vt 0.869400 0.932500
vt 0.870300 0.937400
vt 0.871000 0.942100
vt 0.871500 0.946700
vt 0.870900 0.951300
vt 0.870200 0.956100
vt 0.535400 0.815100
vt 0.534600 0.784600
vt 0.540700 0.784400
vt 0.541800 0.815000
vt 0.548000 0.784000
vt 0.549700 0.815100
vt 0.568300 0.786300
vt 0.570800 0.782900
vt 0.571400 0.799800
vt 0.568200 0.798000
vt 0.573500 0.786200
vt 0.574400 0.797800
vt 0.593500 0.815000
vt 0.594400 0.782800
vt 0.601500 0.783000
vt 0.601500 0.814400
vt 0.607900 0.783000
vt 0.608200 0.814300
vt 0.614200 0.783000
vt 0.614800 0.814200
vt 0.621700 0.782900
vt 0.622700 0.813800
vt 0.626500 0.782800
vt 0.627400 0.813100
vt 0.516600 0.814600
vt 0.516400 0.784800
vt 0.521100 0.784800
vt 0.521400 0.815100
vt 0.528400 0.784700
vt 0.529000 0.815200
vt 0.055100 0.961600
vt 0.057600 0.965400
vt 0.059600 0.972000
vt 0.043800 0.960300
vt 0.041600 0.979800
vt 0.052800 0.981100
vt 0.057400 0.977500
vt 0.045900 0.981100
vt 0.037100 0.969400
vt 0.039100 0.976000
vt 0.039200 0.963900
vt 0.050800 0.960300
vt 0.310500 0.905300
vt 0.314800 0.904000
vt 0.321800 0.904000
vt 0.306000 0.915700
vt 0.324000 0.923400
vt 0.328500 0.913000
vt 0.326400 0.907600
vt 0.326500 0.919700
vt 0.312800 0.924700
vt 0.319700 0.924700
vt 0.308200 0.921100
vt 0.308000 0.909000
vt 0.541800 0.821100
vt 0.535500 0.821200
vt 0.549000 0.821300
vt 0.553600 0.821600
vt 0.553600 0.836600
vt 0.549100 0.836700
vt 0.589800 0.821600
vt 0.594300 0.821100
vt 0.594800 0.836700
vt 0.590200 0.836800
vt 0.601800 0.820800
vt 0.608300 0.820700
vt 0.614900 0.820700
vt 0.623500 0.820800
vt 0.628700 0.818800
vt 0.520600 0.822000
vt 0.515600 0.820300
vt 0.529000 0.821400
vt 0.555700 0.788100
vt 0.550800 0.781000
vt 0.557200 0.783500
vt 0.591300 0.779800
vt 0.586500 0.787400
vt 0.584700 0.782800
vt 0.585300 0.802700
vt 0.589000 0.816100
vt 0.581600 0.805900
vt 0.554200 0.816100
vt 0.557500 0.802800
vt 0.561200 0.805900
vt 0.542200 0.836800
vt 0.536400 0.837100
vt 0.601800 0.836700
vt 0.607800 0.836900
vt 0.613900 0.837200
vt 0.620700 0.838000
vt 0.640500 0.829800
vt 0.635300 0.841600
vt 0.633400 0.838700
vt 0.636400 0.830800
vt 0.508300 0.830900
vt 0.511600 0.837900
vt 0.509400 0.840700
vt 0.505000 0.830000
vt 0.530500 0.837500
vt 0.523500 0.838400
vt 0.622000 0.842000
vt 0.522100 0.842000
vt 0.056800 0.205700
vt 0.338200 0.205700
vt 0.338200 0.207200
vt 0.056800 0.207200
vt 0.338200 0.208700
vt 0.056800 0.208700
vt 0.338200 0.210200
vt 0.056800 0.210200
vt 0.338200 0.211700
vt 0.056800 0.211700
vt 0.338200 0.213300
vt 0.056800 0.213300
vt 0.338200 0.214700
vt 0.056800 0.214700
vt 0.338200 0.216200
vt 0.056800 0.216200
vt 0.338200 0.217700
vt 0.056800 0.217700
vt 0.338200 0.219200
vt 0.056800 0.219200
vt 0.056800 0.201100
vt 0.338200 0.201100
vt 0.338200 0.202600
vt 0.056800 0.202600
vt 0.338200 0.204200
vt 0.056800 0.204200
vt 0.473000 0.979500
vt 0.471800 0.980200
vt 0.470300 0.980200
vt 0.473700 0.976800
vt 0.469100 0.975600
vt 0.468400 0.978300
vt 0.469100 0.979500
vt 0.468400 0.976800
vt 0.471800 0.974900
vt 0.470300 0.974900
vt 0.473000 0.975600
vt 0.473700 0.978300
vt 0.063900 0.978800
vt 0.062700 0.978100
vt 0.062000 0.976900
vt 0.066600 0.978100
vt 0.065400 0.973500
vt 0.062700 0.974200
vt 0.062000 0.975400
vt 0.063900 0.973500
vt 0.067300 0.975400
vt 0.066600 0.974200
vt 0.067300 0.976900
vt 0.065400 0.978800
vt 0.056000 0.207200
vt 0.047400 0.207200
vt 0.047400 0.205700
vt 0.056000 0.205700
vt 0.056000 0.208700
vt 0.047400 0.208700
vt 0.056000 0.210200
vt 0.047400 0.210200
vt 0.056000 0.211700
vt 0.047400 0.211700
vt 0.056000 0.213300
vt 0.047400 0.213300
vt 0.056000 0.214700
vt 0.047400 0.214700
vt 0.056000 0.216200
vt 0.047400 0.216200
vt 0.056000 0.217700
vt 0.047400 0.217700
vt 0.056000 0.219200
vt 0.047400 0.219200
vt 0.056000 0.202600
vt 0.047400 0.202600
vt 0.047400 0.201100
vt 0.056000 0.201100
vt 0.056000 0.204200
vt 0.047400 0.204200
vt 0.067200 0.973600
vt 0.065600 0.972600
vt 0.063700 0.972600
vt 0.062000 0.973600
vt 0.061100 0.975200
vt 0.061100 0.977100
vt 0.062000 0.978700
vt 0.063700 0.979700
vt 0.065600 0.979700
vt 0.067200 0.978700
vt 0.068200 0.977100
vt 0.068200 0.975200
vt 0.363100 0.885700
vt 0.363800 0.877900
vt 0.387600 0.879900
vt 0.387000 0.887700
vt 0.364600 0.870500
vt 0.388100 0.872400
vt 0.365400 0.863300
vt 0.388700 0.865100
vt 0.366000 0.856000
vt 0.389200 0.857800
vt 0.366700 0.848600
vt 0.389900 0.850400
vt 0.367400 0.841300
vt 0.390700 0.843000
vt 0.368000 0.834100
vt 0.391400 0.835700
vt 0.368300 0.826400
vt 0.392400 0.828000
vt 0.367300 0.818100
vt 0.394400 0.820300
vt 0.387400 0.911100
vt 0.358800 0.909500
vt 0.361200 0.901100
vt 0.386400 0.903000
vt 0.362400 0.893400
vt 0.386600 0.895300
vt 0.294400 0.930700
vt 0.287500 0.930700
vt 0.281500 0.927200
vt 0.303900 0.921200
vt 0.287500 0.904800
vt 0.278000 0.914300
vt 0.278000 0.921200
vt 0.281500 0.908300
vt 0.300400 0.908300
vt 0.294400 0.904800
vt 0.303900 0.914300
vt 0.300400 0.927200
vt 0.570300 0.705500
vt 0.565200 0.708500
vt 0.559300 0.708500
vt 0.573300 0.694500
vt 0.554200 0.689300
vt 0.551200 0.700400
vt 0.554200 0.705500
vt 0.551200 0.694500
vt 0.565200 0.686400
vt 0.559300 0.686400
vt 0.570300 0.689300
vt 0.573300 0.700400
vt 0.388600 0.887800
vt 0.389000 0.880000
vt 0.443300 0.883600
vt 0.442700 0.889900
vt 0.389500 0.872500
vt 0.445200 0.877100
vt 0.390000 0.865300
vt 0.445700 0.870400
vt 0.390700 0.858000
vt 0.446400 0.863500
vt 0.391300 0.850500
vt 0.445500 0.856700
vt 0.392000 0.843200
vt 0.445900 0.850300
vt 0.392900 0.835800
vt 0.447100 0.844000
vt 0.393900 0.828300
vt 0.450800 0.833800
vt 0.395800 0.821100
vt 0.447000 0.829400
vt 0.388000 0.903000
vt 0.444400 0.903100
vt 0.444500 0.909800
vt 0.388900 0.910500
vt 0.388000 0.895400
vt 0.442800 0.896200
vt 0.361600 0.885600
vt 0.362300 0.877800
vt 0.363200 0.870400
vt 0.364000 0.863200
vt 0.364500 0.855900
vt 0.365200 0.848400
vt 0.366000 0.841200
vt 0.366600 0.834000
vt 0.366700 0.826500
vt 0.365700 0.818700
vt 0.357300 0.908600
vt 0.359700 0.900700
vt 0.360900 0.893200
vt 0.104000 0.915600
vt 0.102900 0.912800
vt 0.108600 0.910900
vt 0.109300 0.913500
vt 0.114600 0.909500
vt 0.115100 0.912500
vt 0.120700 0.909000
vt 0.120900 0.911800
vt 0.127000 0.908900
vt 0.126800 0.912100
vt 0.133400 0.909900
vt 0.132800 0.912800
vt 0.139500 0.911600
vt 0.138700 0.914300
vt 0.145700 0.913900
vt 0.144300 0.916900
vt 0.151500 0.917200
vt 0.149800 0.919800
vt 0.157300 0.921600
vt 0.154600 0.923700
vt 0.090200 0.924900
vt 0.087500 0.923200
vt 0.092500 0.918800
vt 0.094300 0.921100
vt 0.097600 0.915600
vt 0.098900 0.917800
vt 0.411100 0.956200
vt 0.418000 0.956200
vt 0.418000 0.971000
vt 0.411100 0.971000
vt 0.424900 0.956200
vt 0.424900 0.971000
vt 0.455200 0.823700
vt 0.456800 0.830600
vt 0.455900 0.833800
vt 0.467000 0.823000
vt 0.461000 0.829100
vt 0.468500 0.825100
vt 0.465400 0.841900
vt 0.460500 0.834600
vt 0.462900 0.830400
vt 0.451100 0.839000
vt 0.455900 0.836400
vt 0.397300 0.956200
vt 0.403200 0.956200
vt 0.403200 0.971000
vt 0.397300 0.971000
vt 0.409100 0.956200
vt 0.409100 0.971000
vt 0.098700 0.903300
vt 0.105500 0.900700
vt 0.112700 0.898800
vt 0.120200 0.897800
vt 0.127900 0.898000
vt 0.135500 0.899000
vt 0.142900 0.900800
vt 0.150200 0.903400
vt 0.157200 0.906800
vt 0.164100 0.910900
vt 0.081100 0.914300
vt 0.086600 0.910300
vt 0.092400 0.906600
vt 0.593700 0.978000
vt 0.582400 0.988800
vt 0.577200 0.979700
vt 0.592600 0.975800
vt 0.577200 0.969000
vt 0.592700 0.973200
vt 0.582600 0.959600
vt 0.594000 0.971100
vt 0.592100 0.954000
vt 0.596300 0.970000
vt 0.603300 0.954000
vt 0.598800 0.970100
vt 0.613100 0.959700
vt 0.601000 0.971500
vt 0.618700 0.969700
vt 0.602100 0.973700
vt 0.618500 0.981300
vt 0.602000 0.976300
vt 0.612300 0.991300
vt 0.600600 0.978400
vt 0.601500 0.994500
vt 0.598300 0.979500
vt 0.591300 0.994100
vt 0.595800 0.979300
vt 0.445100 0.883900
vt 0.446900 0.878100
vt 0.541000 0.979100
vt 0.540000 0.980800
vt 0.535100 0.975900
vt 0.536800 0.974900
vt 0.533400 0.969200
vt 0.535300 0.969200
vt 0.535100 0.962500
vt 0.536800 0.963400
vt 0.540000 0.957600
vt 0.541000 0.959200
vt 0.446300 0.902100
vt 0.444700 0.896000
vt 0.444400 0.889900
vt 0.448300 0.862700
vt 0.447300 0.856600
vt 0.447900 0.850500
vt 0.448900 0.844500
vt 0.552500 0.959200
vt 0.553400 0.957600
vt 0.558300 0.962500
vt 0.556700 0.963400
vt 0.560100 0.969200
vt 0.558200 0.969200
vt 0.558300 0.975900
vt 0.556700 0.974900
vt 0.553400 0.980800
vt 0.552500 0.979100
vt 0.426900 0.956200
vt 0.426900 0.971000
vt 0.538800 0.973800
vt 0.537500 0.969200
vt 0.538800 0.964600
vt 0.542100 0.961200
vt 0.546700 0.957700
vt 0.546700 0.960000
vt 0.551300 0.961200
vt 0.554700 0.964600
vt 0.555900 0.969200
vt 0.554700 0.973800
vt 0.551300 0.977100
vt 0.546700 0.980600
vt 0.546700 0.978400
vt 0.542100 0.977100
vt 0.107300 0.923500
vt 0.107000 0.922600
vt 0.111300 0.921200
vt 0.111600 0.922300
vt 0.116100 0.920400
vt 0.116200 0.921500
vt 0.121100 0.920000
vt 0.121100 0.921300
vt 0.126100 0.920200
vt 0.126000 0.921400
vt 0.131000 0.921000
vt 0.130700 0.922100
vt 0.135800 0.922300
vt 0.135400 0.923500
vt 0.140600 0.924400
vt 0.140000 0.925500
vt 0.144900 0.927100
vt 0.144200 0.928000
vt 0.148900 0.930800
vt 0.147800 0.931500
vt 0.096500 0.931500
vt 0.095500 0.930900
vt 0.099000 0.927200
vt 0.099800 0.928100
vt 0.102900 0.924500
vt 0.103400 0.925500
vt 0.595300 0.975100
vt 0.595400 0.975100
vt 0.595900 0.976000
vt 0.595800 0.976100
vt 0.595400 0.974100
vt 0.595500 0.974100
vt 0.596000 0.973200
vt 0.596000 0.973300
vt 0.596900 0.972800
vt 0.598000 0.972800
vt 0.597900 0.972900
vt 0.598800 0.973400
vt 0.598800 0.973500
vt 0.599300 0.974300
vt 0.599200 0.974400
vt 0.599200 0.975400
vt 0.599100 0.975400
vt 0.598600 0.976200
vt 0.597700 0.976700
vt 0.597700 0.976600
vt 0.596700 0.976700
vt 0.596700 0.976600
vt 0.595500 0.975100
vt 0.595600 0.974100
vt 0.596100 0.973300
vt 0.597000 0.972900
vt 0.597900 0.973000
vt 0.598700 0.973500
vt 0.599100 0.974400
vt 0.599100 0.975300
vt 0.598500 0.976100
vt 0.596700 0.976500
vt 0.148000 0.980900
vt 0.149700 0.983800
vt 0.149700 0.987200
vt 0.141700 0.991800
vt 0.148000 0.990100
vt 0.145100 0.991800
vt 0.138600 0.981400
vt 0.137100 0.987200
vt 0.138800 0.990100
vt 0.137100 0.983800
vt 0.141700 0.979300
vt 0.138800 0.980900
vt 0.145100 0.979300
vt 0.494100 0.957700
vt 0.494100 0.950600
vt 0.497500 0.950600
vt 0.497500 0.957700
vt 0.490800 0.957700
vt 0.490800 0.950600
vt 0.487400 0.957700
vt 0.487400 0.950600
vt 0.484100 0.957700
vt 0.484100 0.950600
vt 0.480700 0.957700
vt 0.480700 0.950600
vt 0.477300 0.957700
vt 0.477300 0.950600
vt 0.514300 0.957700
vt 0.514300 0.950600
vt 0.517700 0.950600
vt 0.517700 0.957700
vt 0.511000 0.957700
vt 0.511000 0.950600
vt 0.507600 0.957700
vt 0.507600 0.950600
vt 0.504200 0.957700
vt 0.504200 0.950600
vt 0.500900 0.957700
vt 0.500900 0.950600
vt 0.498000 0.950600
vt 0.498000 0.957700
vt 0.567000 0.952300
vt 0.567000 0.958800
vt 0.564600 0.961200
vt 0.564600 0.949900
vt 0.561400 0.962100
vt 0.561400 0.949100
vt 0.497500 0.967200
vt 0.484500 0.967200
vt 0.484500 0.957700
vt 0.567900 0.955600
vt 0.500900 0.967200
vt 0.498000 0.967200
vt 0.514300 0.967200
vt 0.517700 0.967200
vt 0.511000 0.967200
vt 0.507600 0.967200
vt 0.504200 0.967200
vt 0.397200 0.993200
vt 0.393900 0.993200
vt 0.391000 0.991500
vt 0.391000 0.982300
vt 0.389300 0.988600
vt 0.389300 0.985200
vt 0.400400 0.982700
vt 0.397200 0.980600
vt 0.393900 0.980600
vt 0.400200 0.982300
vt 0.401800 0.988600
vt 0.401800 0.985200
vt 0.400200 0.991500
vt 0.497500 0.983800
vt 0.494100 0.983800
vt 0.494100 0.976700
vt 0.497500 0.976700
vt 0.490800 0.983800
vt 0.490800 0.976700
vt 0.487400 0.983800
vt 0.487400 0.976700
vt 0.484100 0.983800
vt 0.484100 0.976700
vt 0.480700 0.983800
vt 0.480700 0.976700
vt 0.477300 0.983800
vt 0.477300 0.976700
vt 0.517700 0.983800
vt 0.514300 0.983800
vt 0.514300 0.976700
vt 0.517700 0.976700
vt 0.511000 0.983800
vt 0.511000 0.976700
vt 0.507600 0.983800
vt 0.507600 0.976700
vt 0.504200 0.983800
vt 0.504200 0.976700
vt 0.500900 0.983800
vt 0.500900 0.976700
vt 0.498000 0.983800
vt 0.498000 0.976700
vt 0.165100 0.806200
vt 0.167400 0.808600
vt 0.167400 0.815100
vt 0.165100 0.817500
vt 0.161800 0.818400
vt 0.161800 0.805400
vt 0.484500 0.976700
vt 0.168300 0.811900
vt 0.759800 0.724200
vt 0.765400 0.723000
vt 0.768700 0.737200
vt 0.762300 0.737900
vt 0.770900 0.721500
vt 0.776000 0.736300
vt 0.709300 0.733600
vt 0.714700 0.720600
vt 0.717400 0.721800
vt 0.711900 0.735300
vt 0.714800 0.737300
vt 0.720100 0.722800
vt 0.725000 0.724300
vt 0.722000 0.737800
vt 0.730300 0.725300
vt 0.728200 0.738400
vt 0.735700 0.726100
vt 0.734000 0.738900
vt 0.741000 0.726700
vt 0.739600 0.739200
vt 0.750600 0.739000
vt 0.748700 0.725900
vt 0.754300 0.725100
vt 0.756300 0.738500
vt 0.087900 0.969900
vt 0.090900 0.974900
vt 0.090900 0.977800
vt 0.077100 0.967000
vt 0.069100 0.977800
vt 0.077100 0.988700
vt 0.087900 0.985800
vt 0.090900 0.980800
vt 0.082900 0.988700
vt 0.069100 0.980800
vt 0.072000 0.985800
vt 0.070600 0.972400
vt 0.069100 0.974900
vt 0.072000 0.969900
vt 0.082900 0.967000
vt 0.658100 0.708100
vt 0.653000 0.711000
vt 0.647200 0.711000
vt 0.661000 0.700200
vt 0.653000 0.689300
vt 0.639200 0.700200
vt 0.642200 0.708100
vt 0.640700 0.705600
vt 0.642200 0.692200
vt 0.639200 0.697200
vt 0.647200 0.689300
vt 0.659500 0.694700
vt 0.658100 0.692200
vt 0.661000 0.697200
vt 0.661000 0.703100
vt 0.769000 0.742600
vt 0.762700 0.743000
vt 0.775400 0.742600
vt 0.409700 0.943500
vt 0.409700 0.940700
vt 0.412500 0.940700
vt 0.412400 0.943600
vt 0.389500 0.938600
vt 0.389400 0.935800
vt 0.390900 0.935800
vt 0.390900 0.938600
vt 0.721700 0.743200
vt 0.715300 0.743300
vt 0.727900 0.743500
vt 0.733800 0.743700
vt 0.739500 0.743900
vt 0.745200 0.739200
vt 0.745200 0.743900
vt 0.742400 0.743900
vt 0.742400 0.739200
vt 0.750900 0.743800
vt 0.748000 0.743900
vt 0.747800 0.739100
vt 0.756700 0.743400
vt 0.781900 0.776400
vt 0.782200 0.779200
vt 0.774600 0.778500
vt 0.774100 0.775700
vt 0.782100 0.768300
vt 0.781600 0.773600
vt 0.773700 0.772900
vt 0.774100 0.767200
vt 0.784800 0.741700
vt 0.779000 0.734400
vt 0.786800 0.739400
vt 0.704300 0.740200
vt 0.702400 0.738100
vt 0.706300 0.742400
vt 0.707000 0.747000
vt 0.709400 0.773800
vt 0.717300 0.773100
vt 0.716800 0.775900
vt 0.709100 0.776600
vt 0.796900 0.775300
vt 0.796900 0.778100
vt 0.801600 0.746600
vt 0.788700 0.737200
vt 0.803000 0.744200
vt 0.691300 0.749700
vt 0.689800 0.747300
vt 0.693800 0.771100
vt 0.708900 0.768600
vt 0.694300 0.775500
vt 0.694300 0.778200
vt 0.708800 0.779300
vt 0.694300 0.780900
vt 0.819600 0.778100
vt 0.819300 0.780900
vt 0.824400 0.753500
vt 0.823300 0.756100
vt 0.669500 0.759100
vt 0.668500 0.756600
vt 0.671600 0.774900
vt 0.672000 0.778200
vt 0.672700 0.783600
vt 0.672300 0.780900
vt 0.768300 0.766900
vt 0.762500 0.766700
vt 0.409800 0.933600
vt 0.412600 0.933600
vt 0.389300 0.932400
vt 0.390800 0.932400
vt 0.722600 0.767200
vt 0.716900 0.767500
vt 0.728300 0.767000
vt 0.734000 0.766800
vt 0.739700 0.766700
vt 0.745400 0.766700
vt 0.742600 0.766700
vt 0.751100 0.766600
vt 0.748300 0.766700
vt 0.756800 0.766600
vt 0.784000 0.746400
vt 0.691800 0.753400
vt 0.821800 0.761500
vt 0.820900 0.768300
vt 0.798400 0.762100
vt 0.799500 0.752900
vt 0.669900 0.761800
vt 0.670800 0.768600
vt 0.692900 0.762500
vt 0.768000 0.772600
vt 0.762400 0.772400
vt 0.409800 0.926900
vt 0.409800 0.923500
vt 0.412500 0.923500
vt 0.412600 0.926900
vt 0.389200 0.928400
vt 0.389000 0.925000
vt 0.390400 0.924900
vt 0.390600 0.928300
vt 0.722900 0.772900
vt 0.728500 0.772700
vt 0.734200 0.772500
vt 0.739800 0.772400
vt 0.745500 0.772400
vt 0.742600 0.772400
vt 0.751100 0.772300
vt 0.748300 0.772300
vt 0.756800 0.772300
vt 0.797400 0.770800
vt 0.820000 0.774800
vt 0.487500 0.830300
vt 0.487500 0.814000
vt 0.498800 0.814000
vt 0.498800 0.830300
vt 0.487500 0.848600
vt 0.487500 0.839700
vt 0.498800 0.839700
vt 0.498800 0.848600
vt 0.487500 0.792400
vt 0.487500 0.776500
vt 0.498800 0.776500
vt 0.498800 0.792400
vt 0.407000 0.943500
vt 0.406900 0.940700
vt 0.716300 0.778600
vt 0.688400 0.745000
vt 0.667400 0.754100
vt 0.407000 0.926800
vt 0.406900 0.933600
vt 0.407100 0.923400
vt 0.773700 0.720500
vt 0.776500 0.719400
vt 0.781700 0.732700
vt 0.796900 0.780800
vt 0.800100 0.749000
vt 0.818900 0.783600
vt 0.822200 0.758600
vt 0.428800 0.932700
vt 0.429100 0.928600
vt 0.430600 0.928700
vt 0.430300 0.932700
vt 0.429400 0.925200
vt 0.430800 0.925300
vt 0.374000 0.943900
vt 0.373900 0.941100
vt 0.378100 0.941000
vt 0.378100 0.943800
vt 0.373600 0.934300
vt 0.377800 0.934100
vt 0.373400 0.927800
vt 0.373300 0.924400
vt 0.377500 0.924300
vt 0.377600 0.927600
vt 0.402800 0.923100
vt 0.401600 0.920500
vt 0.405700 0.921100
vt 0.402600 0.926700
vt 0.402600 0.933600
vt 0.402800 0.943700
vt 0.402600 0.940800
vt 0.405500 0.945800
vt 0.401300 0.946100
vt 0.446600 0.925100
vt 0.446400 0.928500
vt 0.442200 0.928200
vt 0.442400 0.924900
vt 0.446000 0.935000
vt 0.441800 0.934700
vt 0.445600 0.941800
vt 0.445500 0.944600
vt 0.441300 0.944400
vt 0.441400 0.941600
vt 0.416600 0.943800
vt 0.418000 0.946200
vt 0.413900 0.945900
vt 0.416800 0.940900
vt 0.417000 0.933700
vt 0.416900 0.923100
vt 0.417000 0.926700
vt 0.413900 0.921100
vt 0.418100 0.920400
vt 0.385200 0.941100
vt 0.381700 0.942900
vt 0.381600 0.940700
vt 0.385200 0.938300
vt 0.381400 0.934000
vt 0.385000 0.933200
vt 0.384700 0.924600
vt 0.384800 0.927900
vt 0.381100 0.927700
vt 0.381000 0.924400
vt 0.394600 0.921600
vt 0.398000 0.920400
vt 0.398500 0.923000
vt 0.394400 0.923700
vt 0.398600 0.926800
vt 0.394700 0.927400
vt 0.394900 0.933000
vt 0.398600 0.933600
vt 0.394800 0.941300
vt 0.394900 0.938300
vt 0.398700 0.940700
vt 0.398700 0.943200
vt 0.394300 0.943300
vt 0.397700 0.945600
vt 0.435200 0.925000
vt 0.438800 0.924900
vt 0.438600 0.928200
vt 0.434900 0.928400
vt 0.434600 0.933600
vt 0.438300 0.934500
vt 0.434200 0.941600
vt 0.434400 0.938800
vt 0.437900 0.941200
vt 0.437800 0.943400
vt 0.425000 0.943500
vt 0.421700 0.945700
vt 0.420700 0.943400
vt 0.424600 0.941500
vt 0.420800 0.940900
vt 0.424600 0.938500
vt 0.420900 0.933800
vt 0.424700 0.933200
vt 0.425400 0.923900
vt 0.425000 0.927600
vt 0.421100 0.926900
vt 0.421200 0.923000
vt 0.425200 0.921700
vt 0.421800 0.920400
vt 0.430100 0.936100
vt 0.430000 0.939000
vt 0.428600 0.938900
vt 0.428700 0.936100
vt 0.213800 0.797100
vt 0.211300 0.803000
vt 0.208400 0.800000
vt 0.212700 0.794100
vt 0.212900 0.765900
vt 0.209900 0.767800
vt 0.206500 0.762400
vt 0.208400 0.760000
vt 0.214000 0.762900
vt 0.210800 0.757200
vt 0.228900 0.754100
vt 0.227200 0.761400
vt 0.232800 0.756800
vt 0.229100 0.764600
vt 0.229100 0.795500
vt 0.232600 0.793800
vt 0.235600 0.800800
vt 0.232800 0.803200
vt 0.229100 0.805900
vt 0.227200 0.798600
vt 0.215700 0.786100
vt 0.210000 0.792200
vt 0.212400 0.784300
vt 0.226100 0.773400
vt 0.232400 0.766400
vt 0.229900 0.775200
vt 0.217100 0.782300
vt 0.215200 0.780100
vt 0.215600 0.774000
vt 0.218500 0.775200
vt 0.218400 0.776500
vt 0.217100 0.777900
vt 0.223300 0.775200
vt 0.223400 0.776500
vt 0.224900 0.777600
vt 0.227100 0.780000
vt 0.226300 0.786600
vt 0.223300 0.785100
vt 0.223500 0.783800
vt 0.224900 0.782400
vt 0.218600 0.784700
vt 0.218600 0.783500
vt 0.206500 0.797600
vt 0.230200 0.784700
vt 0.745000 0.739200
vt 0.235600 0.759300
vt 0.212200 0.775900
vt 0.390700 0.923500
vt 0.390600 0.940000
vt 0.428800 0.940300
vt 0.429100 0.923700
vt 0.175400 0.988200
vt 0.172000 0.987000
vt 0.175700 0.979700
vt 0.177800 0.979400
vt 0.165400 0.983000
vt 0.163000 0.980200
vt 0.169700 0.975300
vt 0.170900 0.977000
vt 0.159600 0.988200
vt 0.157200 0.985400
vt 0.159500 0.974000
vt 0.169400 0.969600
vt 0.175900 0.971300
vt 0.176600 0.972400
vt 0.173900 0.974300
vt 0.173100 0.973200
vt 0.175600 0.979100
vt 0.177400 0.978900
vt 0.171400 0.976600
vt 0.170200 0.974900
vt 0.170000 0.970400
vt 0.176600 0.975800
vt 0.178000 0.976200
vt 0.172300 0.970000
vt 0.527700 0.985500
vt 0.528500 0.982400
vt 0.529900 0.983200
vt 0.530700 0.984600
vt 0.530700 0.986300
vt 0.529900 0.987700
vt 0.528500 0.988600
vt 0.526800 0.988600
vt 0.525400 0.987700
vt 0.524600 0.986300
vt 0.524600 0.984600
vt 0.525400 0.983200
vt 0.526800 0.982400
vt 0.529100 0.980200
vt 0.531500 0.981600
vt 0.533000 0.984100
vt 0.533000 0.986900
vt 0.531500 0.989400
vt 0.529100 0.990800
vt 0.526200 0.990800
vt 0.523800 0.989400
vt 0.522400 0.986900
vt 0.522400 0.984100
vt 0.523800 0.981600
vt 0.526200 0.980200
vt 0.532300 0.980800
vt 0.529300 0.979200
vt 0.534000 0.983800
vt 0.534000 0.987200
vt 0.532300 0.990100
vt 0.529300 0.991800
vt 0.526000 0.991800
vt 0.523000 0.990100
vt 0.521400 0.987200
vt 0.521300 0.983800
vt 0.523000 0.980900
vt 0.525900 0.979200
vt 0.686700 0.142000
vt 0.861200 0.142000
vt 0.861200 0.151800
vt 0.686700 0.151800
vt 0.686700 0.166500
vt 0.861200 0.166500
vt 0.861200 0.187100
vt 0.686700 0.187100
vt 0.861200 0.205500
vt 0.686700 0.205500
vt 0.861200 0.228500
vt 0.686700 0.228500
vt 0.861200 0.245700
vt 0.686700 0.245700
vt 0.686700 0.259500
vt 0.861200 0.259500
vt 0.861200 0.271300
vt 0.686700 0.271300
vt 0.632000 0.142000
vt 0.632000 0.151800
vt 0.632000 0.166500
vt 0.611200 0.142000
vt 0.611200 0.151800
vt 0.632000 0.187100
vt 0.611200 0.166500
vt 0.632000 0.205500
vt 0.611200 0.187100
vt 0.632000 0.228500
vt 0.611200 0.205500
vt 0.632000 0.245700
vt 0.632000 0.259500
vt 0.632000 0.271300
vt 0.611200 0.228500
vt 0.611200 0.245700
vt 0.611200 0.259500
vt 0.611200 0.271300
vt 0.589300 0.142000
vt 0.589300 0.151800
vt 0.589300 0.166500
vt 0.589300 0.187100
vt 0.589300 0.205500
vt 0.589300 0.228500
vt 0.589300 0.245700
vt 0.589300 0.259500
vt 0.589300 0.271300
vt 0.551200 0.166500
vt 0.551200 0.151800
vt 0.551200 0.142000
vt 0.515300 0.151800
vt 0.515300 0.142000
vt 0.515300 0.166500
vt 0.551200 0.187100
vt 0.551200 0.205500
vt 0.551200 0.228500
vt 0.551200 0.245700
vt 0.551200 0.259500
vt 0.515300 0.259500
vt 0.515300 0.245700
vt 0.515300 0.228500
vt 0.515300 0.205500
vt 0.515300 0.187100
vt 0.457200 0.187100
vt 0.457200 0.166500
vt 0.966500 0.271300
vt 0.966500 0.259500
vt 0.969100 0.259500
vt 0.969100 0.271300
vt 0.966500 0.245700
vt 0.969100 0.245700
vt 0.966500 0.228500
vt 0.969100 0.228500
vt 0.966500 0.205500
vt 0.969100 0.205500
vt 0.966500 0.187100
vt 0.969100 0.187100
vt 0.966500 0.166500
vt 0.969100 0.166500
vt 0.966500 0.151800
vt 0.969100 0.151800
vt 0.966500 0.142000
vt 0.969100 0.142000
vt 0.982300 0.228500
vt 0.982300 0.205500
vt 0.982300 0.187100
vt 0.982300 0.245700
vt 0.870200 0.792600
vt 0.843000 0.786500
vt 0.870300 0.787400
vt 0.982300 0.166500
vt 0.893600 0.788200
vt 0.920400 0.788400
vt 0.920400 0.791300
vt 0.893000 0.792700
vt 0.982300 0.259500
vt 0.982300 0.151800
vt 0.892900 0.777300
vt 0.920500 0.778700
vt 0.870300 0.777000
vt 0.829600 0.776300
vt 0.982300 0.271300
vt 0.920500 0.768900
vt 0.893000 0.768800
vt 0.982300 0.142000
vt 0.870400 0.768700
vt 0.827400 0.768600
vt 0.457200 0.205500
vt 0.457200 0.151800
vt 0.457200 0.142000
vt 0.457200 0.259500
vt 0.457200 0.245700
vt 0.515300 0.271300
vt 0.457200 0.271300
vt 0.457200 0.228500
vt 0.951300 0.271300
vt 0.951300 0.259500
vt 0.900600 0.259500
vt 0.900600 0.271300
vt 0.926300 0.259500
vt 0.926300 0.271300
vt 0.900600 0.245700
vt 0.951300 0.245700
vt 0.926300 0.245700
vt 0.951300 0.228500
vt 0.900600 0.228500
vt 0.926300 0.228500
vt 0.900600 0.205500
vt 0.951300 0.205500
vt 0.926300 0.205500
vt 0.900600 0.187100
vt 0.951300 0.187100
vt 0.926300 0.187100
vt 0.900600 0.166500
vt 0.951300 0.166500
vt 0.926300 0.166500
vt 0.951300 0.151800
vt 0.900600 0.151800
vt 0.926300 0.151800
vt 0.926300 0.142000
vt 0.951300 0.142000
vt 0.900600 0.142000
vt 0.551200 0.271300
vt 0.686700 0.132200
vt 0.861200 0.132200
vt 0.686700 0.117500
vt 0.861200 0.117500
vt 0.686700 0.096900
vt 0.861200 0.096900
vt 0.686700 0.078300
vt 0.861200 0.078300
vt 0.686700 0.055300
vt 0.861200 0.055300
vt 0.686700 0.038100
vt 0.861200 0.038100
vt 0.686700 0.024300
vt 0.861200 0.024300
vt 0.686700 0.012400
vt 0.861200 0.012400
vt 0.632000 0.132200
vt 0.632000 0.117500
vt 0.611200 0.132200
vt 0.632000 0.096900
vt 0.611200 0.117500
vt 0.632000 0.078300
vt 0.611200 0.096900
vt 0.632000 0.055300
vt 0.611200 0.078300
vt 0.632000 0.038100
vt 0.632000 0.024300
vt 0.632000 0.012400
vt 0.611200 0.055300
vt 0.611200 0.038100
vt 0.611200 0.024300
vt 0.611200 0.012400
vt 0.589300 0.132200
vt 0.589300 0.117500
vt 0.589300 0.096900
vt 0.589300 0.078300
vt 0.589300 0.055300
vt 0.589300 0.038100
vt 0.589300 0.024300
vt 0.589300 0.012400
vt 0.551200 0.132200
vt 0.551200 0.117500
vt 0.515300 0.132200
vt 0.515300 0.117500
vt 0.551200 0.096900
vt 0.551200 0.078300
vt 0.551200 0.055300
vt 0.551200 0.038100
vt 0.551200 0.024300
vt 0.515300 0.038100
vt 0.515300 0.024300
vt 0.515300 0.055300
vt 0.515300 0.078300
vt 0.515300 0.096900
vt 0.457200 0.117500
vt 0.457200 0.096900
vt 0.966500 0.012400
vt 0.969100 0.012400
vt 0.969100 0.024300
vt 0.966500 0.024300
vt 0.969100 0.038100
vt 0.966500 0.038100
vt 0.969100 0.055300
vt 0.966500 0.055300
vt 0.969100 0.078300
vt 0.966500 0.078300
vt 0.969100 0.096900
vt 0.966500 0.096900
vt 0.969100 0.117500
vt 0.966500 0.117500
vt 0.969100 0.132200
vt 0.966500 0.132200
vt 0.982300 0.055300
vt 0.982300 0.078300
vt 0.982300 0.096900
vt 0.982300 0.038100
vt 0.870400 0.750000
vt 0.843100 0.750700
vt 0.870400 0.744900
vt 0.982300 0.117500
vt 0.920500 0.746400
vt 0.920500 0.749400
vt 0.893700 0.749400
vt 0.893100 0.744900
vt 0.982300 0.024300
vt 0.982300 0.132200
vt 0.920500 0.759000
vt 0.893000 0.760300
vt 0.870400 0.760500
vt 0.829700 0.760900
vt 0.982300 0.012400
vt 0.457200 0.078300
vt 0.457200 0.132200
vt 0.457200 0.038100
vt 0.457200 0.024300
vt 0.457200 0.012400
vt 0.515300 0.012400
vt 0.457200 0.055300
vt 0.951300 0.024300
vt 0.951300 0.012400
vt 0.900600 0.024300
vt 0.900600 0.012400
vt 0.926300 0.012400
vt 0.926300 0.024300
vt 0.900600 0.038100
vt 0.951300 0.038100
vt 0.926300 0.038100
vt 0.951300 0.055300
vt 0.900600 0.055300
vt 0.926300 0.055300
vt 0.900600 0.078300
vt 0.951300 0.078300
vt 0.926300 0.078300
vt 0.900600 0.096900
vt 0.951300 0.096900
vt 0.926300 0.096900
vt 0.900600 0.117500
vt 0.951300 0.117500
vt 0.926300 0.117500
vt 0.951300 0.132200
vt 0.900600 0.132200
vt 0.926300 0.132200
vt 0.551200 0.012400
vt 0.942100 0.749400
vt 0.959400 0.757300
vt 0.966100 0.769000
vt 0.959400 0.780700
vt 0.941900 0.788500
vt 0.379200 0.100800
vt 0.379200 0.154600
vt 0.050500 0.154600
vt 0.050500 0.100800
vt 0.050500 0.079300
vt 0.379200 0.079300
vt 0.400900 0.154600
vt 0.400900 0.100800
vt 0.050500 0.176100
vt 0.379200 0.176100
vt 0.029300 0.154600
vt 0.029300 0.100800
vt 0.050500 0.003700
vt 0.379200 0.003700
vt 0.379200 0.057700
vt 0.050500 0.057700
vt 0.422300 0.100800
vt 0.422300 0.154600
vt 0.379200 0.197600
vt 0.050500 0.197600
vt 0.007900 0.100800
vt 0.007900 0.154600
vt 0.097900 0.981800
vt 0.097400 0.983500
vt 0.096700 0.983100
vt 0.096200 0.982300
vt 0.096200 0.981400
vt 0.096600 0.980600
vt 0.097400 0.980100
vt 0.098300 0.980100
vt 0.099100 0.980500
vt 0.099500 0.981300
vt 0.099600 0.982200
vt 0.099100 0.983000
vt 0.098400 0.983500
vt 0.097100 0.985000
vt 0.095600 0.984200
vt 0.094700 0.982700
vt 0.094600 0.981000
vt 0.095500 0.979500
vt 0.097000 0.978600
vt 0.098700 0.978600
vt 0.100200 0.979400
vt 0.101100 0.980900
vt 0.101100 0.982500
vt 0.100300 0.984000
vt 0.098800 0.985000
vt 0.096900 0.986600
vt 0.094600 0.985400
vt 0.093100 0.983200
vt 0.093100 0.980500
vt 0.094400 0.978300
vt 0.096600 0.977100
vt 0.099100 0.977200
vt 0.101200 0.978400
vt 0.102400 0.980500
vt 0.102500 0.982800
vt 0.101400 0.985000
vt 0.099400 0.986400
vt 0.566100 0.978700
vt 0.565700 0.980400
vt 0.564900 0.980000
vt 0.564400 0.979200
vt 0.564400 0.978300
vt 0.564800 0.977500
vt 0.565600 0.977000
vt 0.566500 0.977000
vt 0.567300 0.977400
vt 0.567800 0.978200
vt 0.567800 0.979100
vt 0.567400 0.979900
vt 0.566600 0.980400
vt 0.565400 0.981900
vt 0.563800 0.981100
vt 0.562900 0.979600
vt 0.562900 0.977900
vt 0.563700 0.976400
vt 0.565200 0.975500
vt 0.566900 0.975500
vt 0.568400 0.976300
vt 0.569300 0.977800
vt 0.569300 0.979400
vt 0.568500 0.980900
vt 0.567100 0.981800
vt 0.565100 0.983400
vt 0.562800 0.982300
vt 0.561400 0.980100
vt 0.561400 0.977400
vt 0.562700 0.975200
vt 0.564900 0.974000
vt 0.567400 0.974100
vt 0.569500 0.975300
vt 0.570700 0.977400
vt 0.570700 0.979700
vt 0.569700 0.981900
vt 0.567600 0.983300
vt 0.465700 0.986500
vt 0.465200 0.988300
vt 0.464300 0.987800
vt 0.463800 0.987000
vt 0.463800 0.986000
vt 0.464300 0.985100
vt 0.465100 0.984600
vt 0.466200 0.984600
vt 0.467000 0.985100
vt 0.467500 0.985900
vt 0.467500 0.986900
vt 0.467000 0.987800
vt 0.466200 0.988300
vt 0.464800 0.989800
vt 0.463200 0.989000
vt 0.462300 0.987400
vt 0.462300 0.985600
vt 0.463200 0.984000
vt 0.464800 0.983100
vt 0.466600 0.983100
vt 0.468100 0.984000
vt 0.469000 0.985500
vt 0.469000 0.987300
vt 0.468200 0.988900
vt 0.466600 0.989800
vt 0.464600 0.990800
vt 0.462500 0.989700
vt 0.461300 0.987700
vt 0.461300 0.985300
vt 0.462500 0.983300
vt 0.464500 0.982100
vt 0.466800 0.982100
vt 0.468800 0.983300
vt 0.470000 0.985300
vt 0.470000 0.987500
vt 0.468900 0.989600
vt 0.466900 0.990800
vt 0.469600 0.561400
vt 0.448400 0.561400
vt 0.448400 0.560700
vt 0.469600 0.560700
vt 0.448400 0.715200
vt 0.448400 0.714500
vt 0.469600 0.714100
vt 0.469600 0.714800
vt 0.507500 0.310500
vt 0.507500 0.289300
vt 0.516400 0.289300
vt 0.516500 0.310500
vt 0.416800 0.176700
vt 0.417600 0.191800
vt 0.400500 0.192700
vt 0.399700 0.177600
vt 0.591100 0.400700
vt 0.589600 0.383400
vt 0.605600 0.383200
vt 0.604800 0.400500
vt 0.469600 0.602400
vt 0.448400 0.602400
vt 0.448400 0.592400
vt 0.469600 0.592400
vt 0.416700 0.213300
vt 0.416200 0.225400
vt 0.405300 0.225900
vt 0.403600 0.213900
vt 0.609000 0.326100
vt 0.606200 0.339200
vt 0.587200 0.339400
vt 0.583200 0.326400
vt 0.448400 0.582700
vt 0.469600 0.582700
vt 0.418300 0.206400
vt 0.401300 0.207200
vt 0.582700 0.302800
vt 0.582200 0.279600
vt 0.608200 0.279300
vt 0.608600 0.302500
vt 0.589200 0.360500
vt 0.605100 0.360400
vt 0.469600 0.619900
vt 0.448400 0.619900
vt 0.448400 0.613600
vt 0.469600 0.613600
vt 0.416700 0.248200
vt 0.415600 0.257400
vt 0.409200 0.257700
vt 0.407200 0.248700
vt 0.469600 0.572800
vt 0.476200 0.572800
vt 0.476200 0.582700
vt 0.476200 0.713100
vt 0.476200 0.713700
vt 0.469600 0.691700
vt 0.469600 0.683300
vt 0.476200 0.681800
vt 0.476200 0.691000
vt 0.469600 0.673000
vt 0.476200 0.672100
vt 0.469600 0.665400
vt 0.469600 0.657500
vt 0.476200 0.657500
vt 0.476200 0.665400
vt 0.476200 0.636200
vt 0.476200 0.641100
vt 0.469600 0.641100
vt 0.469600 0.636200
vt 0.476200 0.619900
vt 0.476200 0.627700
vt 0.469600 0.627700
vt 0.476200 0.602400
vt 0.476200 0.613600
vt 0.476200 0.592400
vt 0.531200 0.289300
vt 0.532600 0.290500
vt 0.532600 0.310500
vt 0.492800 0.289300
vt 0.500800 0.289300
vt 0.500600 0.310500
vt 0.491300 0.310500
vt 0.491300 0.290400
vt 0.405900 0.239600
vt 0.417100 0.240800
vt 0.212000 0.636200
vt 0.217200 0.636200
vt 0.217200 0.641100
vt 0.212100 0.641100
vt 0.212900 0.685300
vt 0.212900 0.675300
vt 0.217400 0.675300
vt 0.217500 0.685300
vt 0.213200 0.700700
vt 0.217700 0.700700
vt 0.212400 0.649700
vt 0.217200 0.649700
vt 0.217300 0.657500
vt 0.212600 0.657500
vt 0.212700 0.665400
vt 0.217300 0.665400
vt 0.030600 0.618900
vt 0.027200 0.619000
vt 0.027200 0.613800
vt 0.030600 0.613800
vt 0.027200 0.635100
vt 0.030700 0.635100
vt 0.030700 0.640000
vt 0.027200 0.640000
vt 0.027200 0.648600
vt 0.030800 0.648700
vt 0.030700 0.656200
vt 0.027200 0.656200
vt 0.516500 0.624600
vt 0.516700 0.627800
vt 0.507300 0.627800
vt 0.507400 0.624600
vt 0.029500 0.591400
vt 0.027200 0.591600
vt 0.027200 0.583100
vt 0.030200 0.583100
vt 0.029800 0.601800
vt 0.027200 0.601900
vt 0.448400 0.572800
vt 0.685800 0.657800
vt 0.685900 0.656400
vt 0.692000 0.656600
vt 0.691900 0.658000
vt 0.582100 0.278200
vt 0.608200 0.277900
vt 0.476200 0.560700
vt 0.476200 0.561400
vt 0.469600 0.702800
vt 0.476200 0.702200
vt 0.350600 0.560700
vt 0.350600 0.561400
vt 0.345000 0.561400
vt 0.345000 0.560700
vt 0.350800 0.715200
vt 0.350800 0.715900
vt 0.345200 0.715900
vt 0.345200 0.715200
vt 0.516500 0.401500
vt 0.516500 0.405500
vt 0.507400 0.405500
vt 0.507400 0.401500
vt 0.350300 0.602400
vt 0.345100 0.602400
vt 0.345100 0.592400
vt 0.350400 0.592400
vt 0.345100 0.582700
vt 0.350500 0.582700
vt 0.345000 0.627700
vt 0.345100 0.619900
vt 0.350100 0.619900
vt 0.350000 0.627700
vt 0.532600 0.401500
vt 0.532600 0.405500
vt 0.345100 0.613600
vt 0.350300 0.613600
vt 0.350100 0.636200
vt 0.355100 0.636200
vt 0.355100 0.641100
vt 0.350000 0.641100
vt 0.355100 0.684300
vt 0.350600 0.684400
vt 0.350500 0.674500
vt 0.355100 0.674400
vt 0.350700 0.692400
vt 0.355200 0.692400
vt 0.355000 0.649700
vt 0.355000 0.657500
vt 0.350200 0.657500
vt 0.350100 0.649700
vt 0.491300 0.401500
vt 0.491300 0.398500
vt 0.500500 0.398500
vt 0.500500 0.401500
vt 0.355000 0.665400
vt 0.350400 0.665400
vt 0.350600 0.572800
vt 0.345100 0.572800
vt 0.350700 0.703900
vt 0.355200 0.703900
vt 0.344800 0.636200
vt 0.344900 0.641100
vt 0.345300 0.684300
vt 0.345200 0.674500
vt 0.345400 0.692400
vt 0.345000 0.649700
vt 0.345100 0.657500
vt 0.491300 0.405500
vt 0.500500 0.405500
vt 0.345200 0.665400
vt 0.345300 0.703900
vt 0.221300 0.560700
vt 0.221300 0.561400
vt 0.216800 0.561400
vt 0.216800 0.560700
vt 0.516500 0.492200
vt 0.516500 0.495500
vt 0.507400 0.495500
vt 0.507400 0.492200
vt 0.221500 0.592400
vt 0.221500 0.602400
vt 0.216900 0.602400
vt 0.216900 0.592400
vt 0.221400 0.582700
vt 0.216800 0.582700
vt 0.222000 0.627700
vt 0.217100 0.627700
vt 0.217000 0.619900
vt 0.221700 0.619900
vt 0.532600 0.495500
vt 0.532600 0.492300
vt 0.221600 0.613600
vt 0.217000 0.613600
vt 0.221400 0.572800
vt 0.216800 0.572800
vt 0.355000 0.560700
vt 0.355000 0.561400
vt 0.355100 0.715300
vt 0.355100 0.716000
vt 0.516500 0.398500
vt 0.507400 0.398500
vt 0.355000 0.592400
vt 0.355000 0.602400
vt 0.355000 0.582700
vt 0.355000 0.627700
vt 0.354900 0.619900
vt 0.532600 0.398500
vt 0.354900 0.613600
vt 0.355000 0.572800
vt 0.326600 0.560700
vt 0.326600 0.561400
vt 0.326300 0.715600
vt 0.326500 0.714900
vt 0.507400 0.418400
vt 0.516500 0.418400
vt 0.308900 0.592400
vt 0.308900 0.602400
vt 0.308900 0.582700
vt 0.308900 0.627700
vt 0.308900 0.619900
vt 0.532600 0.418400
vt 0.308900 0.613600
vt 0.319000 0.572800
vt 0.371400 0.636200
vt 0.371400 0.641100
vt 0.377200 0.674300
vt 0.378600 0.684200
vt 0.380300 0.692400
vt 0.371400 0.649700
vt 0.373300 0.657500
vt 0.491300 0.377100
vt 0.500500 0.377100
vt 0.375400 0.665400
vt 0.382800 0.703900
vt 0.222300 0.636200
vt 0.222300 0.641100
vt 0.088700 0.641100
vt 0.084200 0.641100
vt 0.084300 0.636200
vt 0.088700 0.636200
vt 0.222000 0.675200
vt 0.222100 0.685200
vt 0.861500 0.646300
vt 0.857600 0.634400
vt 0.862300 0.632900
vt 0.866200 0.644700
vt 0.222300 0.700700
vt 0.854400 0.624700
vt 0.859000 0.623100
vt 0.222100 0.649700
vt 0.222000 0.657500
vt 0.084200 0.665400
vt 0.084200 0.657500
vt 0.088300 0.657500
vt 0.088200 0.665400
vt 0.222000 0.665400
vt 0.863900 0.652600
vt 0.868300 0.651100
vt 0.679800 0.657600
vt 0.679800 0.656300
vt 0.845800 0.597000
vt 0.850600 0.595500
vt 0.854800 0.609200
vt 0.850100 0.610800
vt 0.087300 0.560700
vt 0.087300 0.561400
vt 0.083400 0.561400
vt 0.083400 0.560700
vt 0.212200 0.561400
vt 0.212200 0.560700
vt 0.516500 0.585500
vt 0.516500 0.588300
vt 0.507400 0.588300
vt 0.507400 0.585500
vt 0.516500 0.498700
vt 0.507400 0.498700
vt 0.087900 0.592400
vt 0.088000 0.602400
vt 0.084100 0.602400
vt 0.084000 0.592400
vt 0.212400 0.602400
vt 0.212300 0.592400
vt 0.087900 0.582700
vt 0.083900 0.582700
vt 0.212300 0.582700
vt 0.088500 0.627700
vt 0.084200 0.627700
vt 0.084200 0.619900
vt 0.088200 0.619900
vt 0.212200 0.627700
vt 0.212300 0.619900
vt 0.532600 0.586200
vt 0.532600 0.589000
vt 0.532600 0.498700
vt 0.084200 0.613600
vt 0.088200 0.613600
vt 0.212300 0.613600
vt 0.083700 0.572800
vt 0.087600 0.572800
vt 0.212200 0.572800
vt 0.239100 0.636200
vt 0.239100 0.641100
vt 0.203200 0.641100
vt 0.203100 0.636200
vt 0.239200 0.685100
vt 0.239200 0.675100
vt 0.206400 0.675300
vt 0.206500 0.685300
vt 0.239000 0.700600
vt 0.208900 0.700800
vt 0.239100 0.649700
vt 0.239100 0.657500
vt 0.203600 0.665400
vt 0.203500 0.657500
vt 0.239100 0.665400
vt 0.657800 0.657000
vt 0.657900 0.655700
vt 0.697700 0.656800
vt 0.692100 0.641400
vt 0.697700 0.641400
vt 0.208000 0.560700
vt 0.208000 0.561400
vt 0.238500 0.560700
vt 0.238500 0.561400
vt 0.516500 0.501600
vt 0.507400 0.501600
vt 0.507400 0.480200
vt 0.516500 0.480200
vt 0.205800 0.592400
vt 0.205900 0.602400
vt 0.238700 0.592400
vt 0.238700 0.602400
vt 0.208000 0.582700
vt 0.238600 0.582700
vt 0.203200 0.627700
vt 0.203200 0.619900
vt 0.238800 0.613600
vt 0.238900 0.619900
vt 0.532600 0.501600
vt 0.532600 0.480200
vt 0.203200 0.613600
vt 0.208000 0.572800
vt 0.238600 0.572800
vt 0.033500 0.641100
vt 0.033500 0.636200
vt 0.079700 0.641100
vt 0.079700 0.636200
vt 0.866900 0.631400
vt 0.870800 0.643100
vt 0.863700 0.621600
vt 0.080200 0.665400
vt 0.080200 0.657500
vt 0.872600 0.649700
vt 0.855400 0.594000
vt 0.859500 0.607700
vt 0.079400 0.561400
vt 0.079400 0.560700
vt 0.516500 0.591000
vt 0.507400 0.591000
vt 0.080200 0.602400
vt 0.080100 0.592400
vt 0.080000 0.582700
vt 0.080000 0.627700
vt 0.080100 0.619900
vt 0.532600 0.591700
vt 0.080200 0.613600
vt 0.034800 0.613600
vt 0.034800 0.602400
vt 0.079700 0.572800
vt 0.034800 0.641100
vt 0.034800 0.636200
vt 0.108100 0.636200
vt 0.108100 0.641100
vt 0.925900 0.625000
vt 0.922100 0.613500
vt 0.834100 0.642100
vt 0.838000 0.654000
vt 0.919500 0.605700
vt 0.830900 0.632400
vt 0.034800 0.657500
vt 0.034800 0.665400
vt 0.108100 0.649700
vt 0.108100 0.657500
vt 0.088500 0.649700
vt 0.928800 0.633400
vt 0.840000 0.660300
vt 0.915700 0.591800
vt 0.911800 0.577500
vt 0.826300 0.618600
vt 0.034800 0.561400
vt 0.034800 0.560700
vt 0.107200 0.560700
vt 0.107200 0.561400
vt 0.516500 0.623700
vt 0.507400 0.623700
vt 0.507400 0.571700
vt 0.516500 0.571700
vt 0.034800 0.592400
vt 0.107700 0.592400
vt 0.107800 0.602400
vt 0.034800 0.582700
vt 0.107600 0.582700
vt 0.034800 0.619900
vt 0.034800 0.627700
vt 0.107900 0.619900
vt 0.107900 0.613600
vt 0.532600 0.623800
vt 0.532600 0.572300
vt 0.034800 0.572800
vt 0.107400 0.572800
vt 0.385200 0.561400
vt 0.385300 0.560700
vt 0.385300 0.715200
vt 0.385400 0.715900
vt 0.516500 0.377100
vt 0.507400 0.377100
vt 0.377200 0.602400
vt 0.378500 0.592400
vt 0.380200 0.582700
vt 0.373300 0.619900
vt 0.371400 0.627700
vt 0.532600 0.377100
vt 0.375300 0.613600
vt 0.382700 0.572800
vt 0.448400 0.673700
vt 0.448400 0.683500
vt 0.448400 0.691700
vt 0.448400 0.649700
vt 0.448400 0.657500
vt 0.448400 0.665400
vt 0.448400 0.703300
vt 0.448400 0.627700
vt 0.448400 0.636200
vt 0.448400 0.641100
vt 0.469600 0.649700
vt 0.308900 0.636200
vt 0.309000 0.641100
vt 0.309300 0.684800
vt 0.309200 0.674800
vt 0.308900 0.700200
vt 0.309100 0.657500
vt 0.309000 0.649700
vt 0.309100 0.665400
vt 0.318900 0.703400
vt 0.302100 0.674800
vt 0.302100 0.684800
vt 0.301800 0.700300
vt 0.301900 0.649700
vt 0.302000 0.657500
vt 0.302000 0.665400
vt 0.576900 0.654400
vt 0.566900 0.651200
vt 0.317700 0.560700
vt 0.317700 0.561400
vt 0.507400 0.424700
vt 0.516500 0.424700
vt 0.301800 0.592400
vt 0.301800 0.602400
vt 0.301700 0.582700
vt 0.301800 0.613600
vt 0.301800 0.619900
vt 0.532600 0.424700
vt 0.310800 0.572800
vt 0.184900 0.685500
vt 0.184800 0.675500
vt 0.194000 0.700900
vt 0.174100 0.657500
vt 0.174000 0.649700
vt 0.203400 0.649700
vt 0.174300 0.665400
vt 0.192900 0.561400
vt 0.192900 0.560700
vt 0.184200 0.602400
vt 0.184100 0.592400
vt 0.193000 0.582700
vt 0.173700 0.613600
vt 0.173800 0.619900
vt 0.532600 0.512200
vt 0.516500 0.512100
vt 0.193000 0.572800
vt 0.767300 0.675700
vt 0.762500 0.665400
vt 0.742900 0.654200
vt 0.162700 0.649700
vt 0.162800 0.657500
vt 0.777200 0.679900
vt 0.741600 0.650700
vt 0.178400 0.560700
vt 0.178400 0.561400
vt 0.507400 0.522100
vt 0.507400 0.512100
vt 0.516500 0.522100
vt 0.171100 0.592400
vt 0.171100 0.602400
vt 0.178500 0.582700
vt 0.162500 0.613600
vt 0.162500 0.619900
vt 0.532600 0.522300
vt 0.178500 0.572800
vt 0.388900 0.193300
vt 0.388000 0.178200
vt 0.445300 0.175500
vt 0.445900 0.190400
vt 0.615300 0.399900
vt 0.617800 0.383000
vt 0.577700 0.415900
vt 0.568100 0.399700
vt 0.593700 0.417700
vt 0.397800 0.226300
vt 0.394600 0.214400
vt 0.438500 0.212100
vt 0.434500 0.224400
vt 0.620600 0.339000
vt 0.628400 0.325900
vt 0.555700 0.339700
vt 0.540400 0.326900
vt 0.389800 0.207800
vt 0.446500 0.204900
vt 0.627900 0.279100
vt 0.628200 0.302300
vt 0.539700 0.303300
vt 0.617200 0.360200
vt 0.563000 0.383700
vt 0.562800 0.360800
vt 0.404300 0.256500
vt 0.399900 0.248300
vt 0.435400 0.239800
vt 0.432400 0.245700
vt 0.469600 0.645100
vt 0.476200 0.645100
vt 0.217200 0.645100
vt 0.212100 0.645100
vt 0.030600 0.644000
vt 0.027200 0.644000
vt 0.027200 0.626700
vt 0.030900 0.626600
vt 0.500800 0.627800
vt 0.500700 0.625400
vt 0.628000 0.277600
vt 0.539000 0.280100
vt 0.538900 0.278700
vt 0.350000 0.645100
vt 0.355100 0.645100
vt 0.344900 0.645100
vt 0.499400 0.495400
vt 0.499400 0.492200
vt 0.371400 0.645100
vt 0.222300 0.645100
vt 0.084200 0.645100
vt 0.088800 0.645100
vt 0.499400 0.586200
vt 0.499400 0.589000
vt 0.499400 0.498600
vt 0.239100 0.645100
vt 0.239000 0.627700
vt 0.203200 0.645100
vt 0.499400 0.501600
vt 0.499400 0.480500
vt 0.033500 0.627700
vt 0.079700 0.645100
vt 0.499400 0.591700
vt 0.034800 0.645100
vt 0.108100 0.645100
vt 0.108000 0.627700
vt 0.500700 0.624400
vt 0.499400 0.572200
vt 0.448400 0.645100
vt 0.309000 0.645100
vt 0.301900 0.641100
vt 0.301900 0.645100
vt 0.301800 0.636200
vt 0.301800 0.627700
vt 0.499000 0.426300
vt 0.173900 0.636200
vt 0.173800 0.627700
vt 0.499400 0.512100
vt 0.162700 0.641100
vt 0.173900 0.641100
vt 0.174000 0.645100
vt 0.162700 0.645100
vt 0.162600 0.636200
vt 0.162500 0.627700
vt 0.499400 0.522300
vt 0.686100 0.641300
vt 0.027200 0.572000
vt 0.029400 0.571900
vt 0.680200 0.641200
vt 0.658300 0.640700
vt 0.698000 0.658400
vt 0.925300 0.604000
vt 0.921200 0.605200
vt 0.917300 0.591400
vt 0.921500 0.590200
vt 0.028900 0.560500
vt 0.033500 0.561400
vt 0.033500 0.572800
vt 0.821800 0.604900
vt 0.557500 0.639300
vt 0.557400 0.651600
vt 0.544600 0.642200
vt 0.719700 0.656800
vt 0.717500 0.640300
vt 0.737100 0.635700
vt 0.651400 0.325700
vt 0.651400 0.302000
vt 0.602900 0.417600
vt 0.476200 0.649700
vt 0.030100 0.665700
vt 0.027200 0.665700
vt 0.084200 0.649700
vt 0.033500 0.649700
vt 0.033500 0.657500
vt 0.080000 0.649700
vt 0.033500 0.613600
vt 0.033500 0.619900
vt 0.034800 0.649700
vt 0.108300 0.665400
vt 0.163000 0.665400
vt 0.618900 0.415400
vt 0.610300 0.416600
vt 0.627700 0.399000
vt 0.391300 0.247800
vt 0.388000 0.235800
vt 0.397300 0.235500
vt 0.426000 0.253600
vt 0.932700 0.642000
vt 0.936800 0.640600
vt 0.937200 0.641800
vt 0.933100 0.643200
vt 0.872700 0.664200
vt 0.872300 0.663000
vt 0.877100 0.661400
vt 0.877500 0.662600
vt 0.867900 0.665800
vt 0.867600 0.664600
vt 0.844100 0.673400
vt 0.843800 0.672300
vt 0.778600 0.691900
vt 0.778700 0.693100
vt 0.751000 0.687900
vt 0.764800 0.693000
vt 0.764600 0.694100
vt 0.750400 0.688800
vt 0.739200 0.682900
vt 0.740000 0.682000
vt 0.716500 0.674700
vt 0.717000 0.673600
vt 0.696800 0.672700
vt 0.696900 0.671400
vt 0.685300 0.670900
vt 0.691300 0.671100
vt 0.691300 0.672400
vt 0.685300 0.672100
vt 0.679300 0.670700
vt 0.679300 0.671900
vt 0.657500 0.670000
vt 0.657400 0.671300
vt 0.575000 0.667400
vt 0.574800 0.668700
vt 0.565400 0.666300
vt 0.565100 0.667900
vt 0.551400 0.663600
vt 0.551900 0.662400
vt 0.535600 0.653800
vt 0.535400 0.652900
vt 0.931200 0.642600
vt 0.765900 0.682600
vt 0.756600 0.679900
vt 0.748700 0.673200
vt 0.721600 0.658900
vt 0.568200 0.654000
vt 0.027200 0.560400
vt 0.532600 0.624700
vt 0.532600 0.627200
vt 0.532300 0.627800
vt 0.632200 0.382900
vt 0.637700 0.338800
vt 0.651300 0.278800
vt 0.631500 0.360000
vt 0.398500 0.255000
vt 0.651400 0.277300
vt 0.923700 0.612900
vt 0.927500 0.624500
vt 0.033500 0.665400
vt 0.930400 0.632900
vt 0.913400 0.577000
vt 0.033500 0.560700
vt 0.033500 0.602400
vt 0.033500 0.592400
vt 0.033500 0.582700
vt 0.033500 0.645100
vt 0.931600 0.643700
vt 0.927800 0.611600
vt 0.931700 0.623100
vt 0.917600 0.575800
vt 0.934600 0.631700
vt 0.498400 0.420100
vt 0.491300 0.418800
vt 0.753400 0.816800
vt 0.745800 0.817000
vt 0.748800 0.812000
vt 0.817900 0.824900
vt 0.829700 0.820900
vt 0.831800 0.832100
vt 0.820600 0.835800
vt 0.859900 0.821800
vt 0.898600 0.821800
vt 0.904100 0.835700
vt 0.854400 0.835700
vt 0.749100 0.921000
vt 0.736500 0.921000
vt 0.734700 0.843800
vt 0.745200 0.844500
vt 0.713300 0.835500
vt 0.725700 0.835300
vt 0.725000 0.843900
vt 0.712100 0.844900
vt 0.677400 0.922600
vt 0.661300 0.924700
vt 0.670400 0.841100
vt 0.682400 0.843100
vt 0.806900 0.828200
vt 0.810200 0.839000
vt 0.798100 0.841500
vt 0.795100 0.831000
vt 0.761100 0.920800
vt 0.755200 0.845000
vt 0.768200 0.844700
vt 0.777000 0.921900
vt 0.735000 0.834800
vt 0.651400 0.924300
vt 0.659700 0.839900
vt 0.709200 0.922700
vt 0.724800 0.921100
vt 0.724300 0.933200
vt 0.707500 0.935300
vt 0.736500 0.932300
vt 0.749700 0.932100
vt 0.762400 0.932500
vt 0.779400 0.934200
vt 0.825700 0.922000
vt 0.828500 0.938600
vt 0.813000 0.938400
vt 0.809200 0.920600
vt 0.835800 0.920200
vt 0.840300 0.934100
vt 0.849400 0.929700
vt 0.845700 0.917200
vt 0.660100 0.940700
vt 0.649700 0.937100
vt 0.675100 0.940200
vt 0.836300 0.950500
vt 0.828100 0.957300
vt 0.845600 0.943400
vt 0.854100 0.936900
vt 0.652500 0.951700
vt 0.645300 0.944800
vt 0.660200 0.958700
vt 0.842600 0.955500
vt 0.838400 0.965300
vt 0.849000 0.946600
vt 0.856600 0.939900
vt 0.646100 0.955700
vt 0.641900 0.946700
vt 0.639000 0.958700
vt 0.649200 0.965600
vt 0.641800 0.968200
vt 0.904100 0.846000
vt 0.854400 0.846000
vt 0.712200 0.953000
vt 0.702100 0.954500
vt 0.696000 0.937000
vt 0.725800 0.952200
vt 0.737400 0.951300
vt 0.749300 0.951200
vt 0.761200 0.951500
vt 0.775200 0.951900
vt 0.800900 0.956200
vt 0.803000 0.936900
vt 0.811800 0.958500
vt 0.825300 0.966400
vt 0.676400 0.959800
vt 0.662400 0.967800
vt 0.845500 0.969000
vt 0.843300 0.975300
vt 0.835900 0.972300
vt 0.651100 0.972600
vt 0.849900 0.834100
vt 0.856300 0.817500
vt 0.871100 0.806500
vt 0.872600 0.812400
vt 0.886400 0.812400
vt 0.888000 0.806500
vt 0.902200 0.817500
vt 0.908600 0.834100
vt 0.908600 0.845900
vt 0.854400 0.866700
vt 0.904100 0.866700
vt 0.908600 0.871000
vt 0.849900 0.871000
vt 0.849900 0.856300
vt 0.854400 0.854800
vt 0.849900 0.845900
vt 0.854400 0.849900
vt 0.849900 0.850400
vt 0.849500 0.959800
vt 0.855200 0.951600
vt 0.861900 0.945100
vt 0.635300 0.949800
vt 0.824300 0.969800
vt 0.835100 0.974900
vt 0.643500 0.974900
vt 0.651700 0.975300
vt 0.644100 0.977500
vt 0.820400 0.983100
vt 0.823000 0.974000
vt 0.833700 0.978700
vt 0.831400 0.986800
vt 0.647000 0.989300
vt 0.645000 0.980900
vt 0.652800 0.979200
vt 0.655100 0.987400
vt 0.672300 0.830300
vt 0.672100 0.821400
vt 0.686800 0.822100
vt 0.684600 0.831900
vt 0.661000 0.828700
vt 0.660900 0.819800
vt 0.827000 0.811500
vt 0.815300 0.815900
vt 0.805600 0.819200
vt 0.791800 0.821300
vt 0.766800 0.836000
vt 0.754500 0.836300
vt 0.754600 0.828700
vt 0.765100 0.827300
vt 0.744900 0.827700
vt 0.745000 0.835500
vt 0.734900 0.827300
vt 0.725200 0.827800
vt 0.715100 0.826500
vt 0.708000 0.818400
vt 0.710500 0.810800
vt 0.719800 0.814000
vt 0.717200 0.820600
vt 0.685400 0.815700
vt 0.673200 0.813600
vt 0.675500 0.806900
vt 0.686300 0.808200
vt 0.662200 0.810500
vt 0.667200 0.803000
vt 0.822200 0.802100
vt 0.811700 0.809000
vt 0.807800 0.802900
vt 0.815000 0.795400
vt 0.803400 0.811800
vt 0.800600 0.806100
vt 0.792400 0.814600
vt 0.790900 0.807600
vt 0.783700 0.808000
vt 0.784900 0.816300
vt 0.755100 0.821700
vt 0.759900 0.815400
vt 0.762800 0.821700
vt 0.746000 0.820600
vt 0.734600 0.819100
vt 0.735700 0.814800
vt 0.724800 0.820500
vt 0.726600 0.815000
vt 0.802100 0.799500
vt 0.790600 0.798800
vt 0.782000 0.798500
vt 0.733800 0.807900
vt 0.716600 0.793700
vt 0.729100 0.799900
vt 0.673500 0.797200
vt 0.808200 0.790200
vt 0.792400 0.787400
vt 0.780800 0.787200
vt 0.739200 0.807800
vt 0.748200 0.800600
vt 0.755400 0.808200
vt 0.687200 0.790400
vt 0.693500 0.817000
vt 0.692600 0.823400
vt 0.771600 0.818800
vt 0.773000 0.825300
vt 0.904100 0.849900
vt 0.713200 0.958600
vt 0.701900 0.960300
vt 0.727000 0.956600
vt 0.737800 0.956100
vt 0.749100 0.955900
vt 0.760100 0.955900
vt 0.774300 0.956200
vt 0.810300 0.965200
vt 0.799700 0.962400
vt 0.677700 0.966600
vt 0.663200 0.971100
vt 0.842500 0.977800
vt 0.908600 0.850400
vt 0.904100 0.854800
vt 0.713800 0.963900
vt 0.703100 0.965200
vt 0.728200 0.963600
vt 0.738200 0.963200
vt 0.748900 0.963000
vt 0.759100 0.962900
vt 0.773900 0.962700
vt 0.809100 0.969500
vt 0.798600 0.967100
vt 0.678600 0.971000
vt 0.664300 0.975300
vt 0.841500 0.981000
vt 0.908600 0.856300
vt 0.715400 0.975800
vt 0.705700 0.976600
vt 0.729200 0.975200
vt 0.738800 0.975000
vt 0.748800 0.974700
vt 0.758500 0.974500
vt 0.772400 0.974700
vt 0.806600 0.979200
vt 0.796200 0.977100
vt 0.680600 0.980700
vt 0.666600 0.984300
vt 0.839100 0.989300
vt 0.687100 0.957700
vt 0.684800 0.938600
vt 0.785500 0.953100
vt 0.791300 0.935400
vt 0.694300 0.808300
vt 0.768400 0.811300
vt 0.764900 0.802600
vt 0.697200 0.790400
vt 0.760500 0.792000
vt 0.707000 0.824900
vt 0.786200 0.822600
vt 0.688300 0.964200
vt 0.785800 0.957900
vt 0.689400 0.968600
vt 0.784600 0.963800
vt 0.691600 0.978700
vt 0.782100 0.975200
vt 0.704700 0.834400
vt 0.690000 0.833200
vt 0.703400 0.844200
vt 0.688200 0.843800
vt 0.700000 0.922900
vt 0.686500 0.921600
vt 0.789500 0.832400
vt 0.775400 0.834400
vt 0.791900 0.841800
vt 0.777200 0.843200
vt 0.800300 0.920100
vt 0.787500 0.920400
s 1
usemtl default.003
f 1/1/1 2/2/2 3/3/3 4/4/4
f 4/4/4 3/3/3 5/5/5 6/6/5
f 7/7/5 8/8/6 9/9/7 10/10/5
f 3/3/3 2/2/2 11/11/8 12/12/9
f 6/6/5 5/5/5 13/13/5 14/14/5
f 15/15/10 16/16/5 17/17/5 18/18/5
f 19/19/11 20/20/12 21/21/13 22/22/14
f 23/23/15 24/24/16 25/25/17 26/26/18
f 18/18/5 17/17/5 27/27/5 28/28/5
f 29/29/19 30/30/5 31/31/5 32/32/20
f 33/33/21 34/34/22 35/35/23 8/8/6
f 7/7/5 36/36/5 30/30/5 29/29/19
f 8/8/6 35/35/23 37/37/24 9/9/7
f 37/38/25 38/39/26 39/40/26 9/41/25
f 40/42/27 36/43/27 41/44/27 42/45/27
f 43/46/28 6/47/28 14/48/28 44/49/28
f 43/46/28 45/50/28 4/51/28 6/47/28
f 42/45/25 41/44/25 10/52/25 46/53/25
f 44/49/29 14/48/29 13/54/30 47/55/30
f 48/56/27 17/57/27 16/58/31 49/59/31
f 50/60/32 34/34/22 51/61/33 52/62/34
f 47/55/30 13/54/30 27/63/27 53/64/27
f 49/59/31 16/58/31 54/65/27 55/66/27
f 34/34/22 50/60/32 56/67/35 35/35/23
f 40/42/27 57/68/27 30/69/27 36/43/27
f 38/70/36 37/37/24 35/35/23 56/67/35
f 58/71/37 59/72/38 60/73/39 61/74/40
f 31/31/5 54/75/5 62/76/41 32/32/20
f 51/61/33 63/77/42 64/78/43 52/62/34
f 31/79/44 30/69/27 57/68/27 65/80/44
f 10/10/5 41/81/5 36/36/5 7/7/5
f 26/26/18 15/15/10 18/18/5 23/23/15
f 12/12/9 28/28/5 5/5/5 3/3/3
f 66/82/45 67/83/46 58/71/37 61/74/40
f 8/8/6 7/7/5 29/29/19 33/33/21
f 10/52/25 9/41/25 39/40/26 46/53/25
f 22/22/14 68/84/47 69/85/48 19/19/11
f 20/20/12 25/25/17 63/77/42 21/21/13
f 60/73/39 59/72/38 51/61/33 34/34/22
f 66/82/45 29/29/19 32/32/20 67/83/46
f 68/84/47 67/83/46 32/32/20 62/76/41
f 69/85/48 15/15/10 26/26/18 19/19/11
f 33/33/21 61/74/40 60/73/39 34/34/22
f 26/26/18 25/25/17 20/20/12 19/19/11
f 33/33/21 29/29/19 66/82/45 61/74/40
f 22/22/14 21/21/13 59/72/38 58/71/37
f 54/65/27 31/79/44 65/80/44 55/66/27
f 62/76/41 54/75/5 16/16/5 15/15/10
f 63/77/42 25/25/17 70/86/49 64/78/43
f 68/84/47 22/22/14 58/71/37 67/83/46
f 63/77/42 51/61/33 59/72/38 21/21/13
f 69/85/48 68/84/47 62/76/41 15/15/10
f 12/12/9 11/11/8 24/24/16 23/23/15
f 28/28/5 27/27/5 13/13/5 5/5/5
f 71/87/50 72/88/51 11/11/8 2/2/2
f 27/63/27 17/57/27 48/56/27 53/64/27
f 28/28/5 12/12/9 23/23/15 18/18/5
f 73/89/52 71/87/50 2/2/2 1/1/1
f 45/50/28 73/90/28 1/91/28 4/51/28
f 11/11/8 72/88/51 74/92/53 24/24/16
f 24/24/16 74/92/53 70/86/49 25/25/17
f 75/93/54 76/94/55 77/95/56 78/96/57
f 79/97/58 75/93/54 78/96/57 80/98/58
f 81/99/58 82/100/58 83/101/59 84/102/60
f 75/93/54 85/103/61 86/104/62 76/94/55
f 80/98/58 87/105/58 88/106/58 79/97/58
f 89/107/63 90/108/58 91/109/58 92/110/58
f 93/111/64 94/112/65 95/113/66 96/114/67
f 97/115/68 98/116/69 99/117/70 100/118/71
f 90/108/58 101/119/58 102/120/58 91/109/58
f 103/121/58 104/122/58 105/123/72 106/124/73
f 107/125/74 108/126/75 109/127/76 84/102/60
f 104/122/58 110/128/58 81/99/58 105/123/72
f 111/129/77 107/125/74 84/102/60 83/101/59
f 111/130/26 83/131/26 39/40/26 38/39/26
f 112/132/27 110/133/27 40/42/27 42/45/27
f 87/134/28 80/135/28 43/46/28 44/49/28
f 78/136/28 45/50/28 43/46/28 80/135/28
f 82/137/26 112/132/26 42/45/25 46/53/25
f 88/138/30 87/134/29 44/49/29 47/55/30
f 92/139/31 91/140/27 48/56/27 49/59/31
f 113/141/78 108/126/75 50/60/32 52/62/34
f 102/142/27 88/138/30 47/55/30 53/64/27
f 114/143/27 92/139/31 49/59/31 55/66/27
f 108/126/75 107/125/74 56/67/35 50/60/32
f 104/144/27 57/68/27 40/42/27 110/133/27
f 107/125/74 111/129/77 38/70/36 56/67/35
f 115/145/79 116/146/80 117/147/81 118/148/82
f 119/149/83 114/150/58 103/121/58 106/124/73
f 64/78/43 120/151/84 113/141/78 52/62/34
f 57/68/27 104/144/27 103/152/44 65/80/44
f 110/128/58 112/153/58 82/100/58 81/99/58
f 100/118/71 99/117/70 90/108/58 89/107/63
f 85/103/61 75/93/54 79/97/58 101/119/58
f 115/145/79 121/154/85 122/155/86 116/146/80
f 84/102/60 109/127/76 105/123/72 81/99/58
f 39/40/26 83/131/26 82/137/26 46/53/25
f 94/112/65 93/111/64 123/156/87 124/157/88
f 120/151/84 97/115/68 96/114/67 95/113/66
f 117/147/81 108/126/75 113/141/78 118/148/82
f 122/155/86 121/154/85 106/124/73 105/123/72
f 124/157/88 119/149/83 106/124/73 121/154/85
f 123/156/87 93/111/64 100/118/71 89/107/63
f 117/147/81 116/146/80 109/127/76 108/126/75
f 100/118/71 93/111/64 96/114/67 97/115/68
f 122/155/86 105/123/72 109/127/76 116/146/80
f 94/112/65 115/145/79 118/148/82 95/113/66
f 65/80/44 103/152/44 114/143/27 55/66/27
f 119/149/83 89/107/63 92/110/58 114/150/58
f 120/151/84 64/78/43 70/86/49 97/115/68
f 124/157/88 121/154/85 115/145/79 94/112/65
f 118/148/82 113/141/78 120/151/84 95/113/66
f 123/156/87 89/107/63 119/149/83 124/157/88
f 85/103/61 99/117/70 98/116/69 86/104/62
f 101/119/58 79/97/58 88/106/58 102/120/58
f 71/87/50 76/94/55 86/104/62 72/88/51
f 48/56/27 91/140/27 102/142/27 53/64/27
f 101/119/58 90/108/58 99/117/70 85/103/61
f 73/89/52 77/95/56 76/94/55 71/87/50
f 45/50/28 78/136/28 77/158/28 73/90/28
f 86/104/62 98/116/69 74/92/53 72/88/51
f 98/116/69 97/115/68 70/86/49 74/92/53
f 125/159/5 126/160/5 127/161/5 128/162/5
f 129/163/58 130/164/58 131/165/58 132/166/58
f 133/167/89 134/168/89 135/169/89 136/170/89
f 127/171/90 129/163/90 132/166/91 128/172/91
f 137/173/92 138/174/92 139/175/92 140/176/92
f 137/177/93 140/176/93 141/178/93 142/179/93
f 143/180/5 144/181/5 145/182/5 146/183/5
f 145/182/94 144/181/95 147/184/95 148/185/94
f 148/185/58 147/184/58 149/186/58 150/187/58
f 150/187/96 149/186/97 143/188/97 146/189/96
f 151/190/5 152/191/5 153/192/5 154/193/5
f 153/194/98 152/195/99 155/196/99 156/197/98
f 156/197/58 155/196/58 157/198/58 158/199/58
f 158/199/100 157/198/101 151/190/101 154/193/100
f 144/181/5 143/180/5 159/200/5 160/201/5
f 161/202/58 149/186/58 147/184/58 162/203/58
f 147/184/95 144/181/95 160/201/102 162/203/102
f 143/188/97 149/186/97 161/202/103 159/204/103
f 152/191/5 151/190/5 163/205/5 164/206/5
f 155/196/99 152/195/99 164/207/104 165/208/104
f 166/209/58 157/198/58 155/196/58 165/208/58
f 151/190/101 157/198/101 166/209/105 163/205/105
f 160/201/5 159/200/5 167/210/5 168/211/5
f 126/160/5 168/211/5 167/210/5 127/161/5
f 169/212/58 161/202/58 162/203/58 170/213/58
f 169/212/58 170/213/58 130/164/58 129/163/58
f 162/203/102 160/201/102 168/211/106 170/213/106
f 170/213/106 168/211/106 126/160/107 130/164/107
f 159/204/103 161/202/103 169/212/108 167/214/108
f 167/214/108 169/212/108 129/163/90 127/171/90
f 171/215/5 164/207/5 163/216/5 172/217/5
f 173/218/5 171/215/5 172/217/5 174/219/5
f 165/208/104 164/207/104 171/215/109 175/220/109
f 175/220/109 171/215/109 173/218/110 176/221/110
f 166/209/58 165/208/58 175/220/58 177/222/58
f 177/222/58 175/220/58 176/221/58 178/223/58
f 163/205/105 166/209/105 177/222/111 172/224/111
f 172/224/111 177/222/111 178/223/112 174/225/112
f 154/193/5 153/192/5 179/226/5 180/227/5
f 153/194/98 156/197/98 181/228/98 179/229/98
f 158/199/58 182/230/58 181/228/58 156/197/58
f 154/193/100 180/227/113 182/230/113 158/199/100
f 180/227/5 179/226/5 134/231/5 133/167/5
f 181/228/58 182/230/58 136/170/58 135/169/58
f 181/228/98 135/169/98 134/232/98 179/229/98
f 182/230/113 180/227/113 133/167/113 136/170/113
f 183/233/5 173/218/5 174/219/5 184/234/5
f 183/233/94 185/235/94 176/221/110 173/218/110
f 185/235/58 186/236/58 178/223/58 176/221/58
f 186/236/96 184/237/96 174/225/112 178/223/112
f 187/238/5 183/233/5 184/234/5 188/239/5
f 189/240/94 185/235/94 183/233/94 187/238/94
f 190/241/58 186/236/58 185/235/58 189/240/58
f 188/242/96 184/237/96 186/236/96 190/241/96
f 145/182/5 187/238/5 188/239/5 146/183/5
f 148/185/94 189/240/94 187/238/94 145/182/94
f 150/187/58 190/241/58 189/240/58 148/185/58
f 146/189/96 188/242/96 190/241/96 150/187/96
f 128/172/5 191/243/5 142/244/5 125/245/5
f 132/166/58 131/165/58 141/178/58 192/246/58
f 132/166/91 192/246/91 191/243/91 128/172/91
f 131/165/93 130/164/107 126/160/107 125/159/93
f 141/178/93 131/165/93 125/159/93 142/179/93
f 142/244/5 191/243/5 138/174/5 137/247/5
f 192/246/58 141/178/58 140/176/58 139/175/58
f 192/246/91 139/175/91 138/174/91 191/243/91
f 193/248/114 194/249/114 195/250/115 196/251/115
f 197/252/5 198/253/5 199/254/116 200/255/116
f 193/256/117 196/257/118 197/252/119 200/255/117
f 201/258/120 202/259/120 203/260/121 204/261/122
f 205/262/123 206/263/123 207/264/26 208/265/26
f 209/266/117 210/267/117 211/268/117 212/269/117
f 213/270/124 214/271/28 211/268/28 210/267/124
f 205/262/92 208/265/92 215/272/92 216/273/92
f 205/262/123 217/274/125 218/275/126 206/263/123
f 219/276/127 220/277/127 213/270/124 210/267/124
f 221/278/117 219/276/117 210/267/117 209/266/117
f 216/273/92 222/279/92 217/274/92 205/262/92
f 217/274/125 223/280/128 224/281/114 218/275/126
f 200/255/116 199/254/116 220/277/127 219/276/127
f 221/278/117 193/256/117 200/255/117 219/276/117
f 225/282/92 223/280/92 217/274/92 222/279/92
f 224/281/114 223/280/128 226/283/129 227/284/115
f 228/285/130 229/286/131 230/287/5 231/288/5
f 232/289/132 228/285/133 231/288/134 233/290/134
f 206/263/123 234/291/123 235/292/26 207/264/26
f 236/293/124 216/273/124 215/272/28 237/294/28
f 218/275/126 238/295/125 234/291/123 206/263/123
f 239/296/127 222/279/127 216/273/124 236/293/124
f 224/281/114 194/249/114 238/295/125 218/275/126
f 240/297/135 225/282/136 222/279/127 239/296/127
f 227/284/115 241/298/58 242/299/58 195/250/115
f 243/300/5 244/301/5 198/253/5 197/252/5
f 196/257/118 245/302/137 243/300/138 197/252/119
f 226/283/129 246/303/139 241/298/58 227/284/115
f 247/304/140 225/282/136 240/297/135 248/305/5
f 195/250/115 194/249/114 224/281/114 227/284/115
f 198/253/5 248/305/5 240/297/135 199/254/116
f 233/290/134 231/288/134 202/259/120 201/258/120
f 213/270/124 236/293/124 237/294/28 214/271/28
f 220/277/127 239/296/127 236/293/124 213/270/124
f 199/254/116 240/297/135 239/296/127 220/277/127
f 234/291/123 209/306/123 212/307/26 235/292/26
f 238/295/125 221/308/126 209/306/123 234/291/123
f 194/249/114 193/248/114 221/308/126 238/295/125
f 242/299/58 201/309/58 204/310/58
f 202/259/141 231/288/5 230/287/5 244/301/5
f 229/286/131 247/304/140 248/305/5 230/287/5
f 241/298/58 233/311/58 201/309/58 242/299/58
f 244/301/5 243/300/5 203/260/141
f 245/302/137 204/261/122 203/260/121 243/300/138
f 246/303/139 232/312/142 233/311/58 241/298/58
f 245/313/58 196/251/115 195/250/115 242/299/58
f 244/301/5 230/287/5 248/305/5 198/253/5
f 244/301/5 203/260/141 202/259/141
f 242/299/58 204/310/58 245/313/58
f 249/314/5 250/315/5 251/316/5 252/317/5
f 253/318/5 254/319/5 249/314/5 252/317/5
f 254/319/5 253/318/5 255/320/5 256/321/5
f 251/316/143 257/322/144 258/323/144 252/317/143
f 252/317/143 258/323/144 259/324/144 253/318/143
f 259/324/144 260/325/144 255/320/145 253/318/143
f 256/326/146 261/327/147 262/328/148 254/329/146
f 254/329/146 262/328/148 263/330/149 249/331/146
f 249/331/146 263/330/149 264/332/147 250/315/146
f 257/322/150 251/316/151 250/315/152 264/332/153
f 265/333/154 266/334/154 258/323/144 257/322/144
f 266/334/154 267/335/154 259/324/144 258/323/144
f 267/335/154 268/336/154 260/325/144 259/324/144
f 263/330/149 269/337/155 270/338/156 264/332/147
f 261/327/147 271/339/157 272/340/158 262/328/148
f 262/328/148 272/340/158 269/337/155 263/330/149
f 268/336/159 271/341/159 261/342/159 260/325/159
f 273/343/160 274/344/161 223/345/162 225/346/163
f 273/343/164 275/347/165 266/334/154 265/333/154
f 273/343/164 225/346/136 247/348/140 275/347/165
f 275/347/165 276/349/166 267/335/154 266/334/154
f 275/347/165 247/348/140 229/350/131 276/349/166
f 276/349/166 277/351/167 268/336/154 267/335/154
f 276/349/166 229/350/131 228/352/130 277/351/167
f 269/337/155 278/353/168 274/344/169 270/338/156
f 226/354/129 223/345/128 274/344/169 278/353/168
f 271/339/157 279/355/170 280/356/171 272/340/158
f 232/357/142 246/358/139 280/356/171 279/355/170
f 272/340/158 280/356/171 278/353/168 269/337/155
f 246/358/139 226/354/129 278/353/168 280/356/171
f 277/351/172 279/359/173 271/341/159 268/336/159
f 277/351/172 228/352/133 232/360/132 279/359/173
f 273/343/160 265/333/174 270/338/175 274/344/161
f 265/333/174 257/322/150 264/332/153 270/338/175
f 260/325/159 261/342/159 256/361/159 255/320/159
f 281/362/176 282/363/176 283/364/5 284/365/5
f 285/366/58 286/367/58 287/368/177 288/369/177
f 286/367/178 283/370/179 282/371/117 287/368/117
f 289/372/120 290/373/180 291/374/181 292/375/120
f 207/264/26 293/376/182 294/377/182 208/265/26
f 211/268/117 295/378/117 296/379/117 212/269/117
f 297/380/183 295/378/183 211/268/28 214/271/28
f 294/377/92 298/381/92 215/272/92 208/265/92
f 299/382/184 300/383/185 294/377/182 293/376/182
f 301/384/186 295/378/183 297/380/183 302/385/186
f 295/378/117 301/384/117 303/386/117 296/379/117
f 300/383/92 304/387/92 298/381/92 294/377/92
f 305/388/176 306/389/187 300/383/185 299/382/184
f 287/368/177 301/384/186 302/385/186 288/369/177
f 287/368/117 282/371/117 303/386/117 301/384/117
f 300/383/92 306/389/92 307/390/92 304/387/92
f 308/391/188 306/389/187 305/388/176 309/392/5
f 310/393/189 311/394/190 312/395/115 313/396/115
f 314/397/191 315/398/134 312/395/134 311/394/133
f 235/292/26 316/399/182 293/376/182 207/264/26
f 215/272/28 298/381/183 317/400/183 237/294/28
f 316/399/182 318/401/185 299/382/184 293/376/182
f 298/381/183 304/387/186 319/402/186 317/400/183
f 318/401/185 281/362/176 305/388/176 299/382/184
f 304/387/186 307/390/192 320/403/177 319/402/186
f 321/404/5 322/405/5 309/392/5 284/365/5
f 285/366/58 323/406/115 324/407/115 286/367/58
f 324/407/193 325/408/194 283/370/179 286/367/178
f 322/405/5 326/409/195 308/391/188 309/392/5
f 320/403/177 307/390/192 327/410/196 328/411/58
f 284/365/5 309/392/5 305/388/176 281/362/176
f 320/403/177 328/411/58 285/366/58 288/369/177
f 315/398/134 289/372/120 292/375/120 312/395/134
f 237/294/28 317/400/183 297/380/183 214/271/28
f 317/400/183 319/402/186 302/385/186 297/380/183
f 319/402/186 320/403/177 288/369/177 302/385/186
f 316/399/182 235/292/26 212/307/26 296/412/182
f 318/401/185 316/399/182 296/412/182 303/413/185
f 281/362/176 318/401/185 303/413/185 282/363/176
f 290/414/5 289/415/5 321/404/5
f 313/396/115 312/395/115 292/375/115 323/406/115
f 328/411/58 327/410/196 310/393/189 313/396/115
f 289/415/5 315/416/5 322/405/5 321/404/5
f 291/374/197 324/407/115 323/406/115
f 291/374/181 290/373/180 325/408/194 324/407/193
f 326/409/195 322/405/5 315/416/5 314/417/198
f 284/365/5 283/364/5 325/418/5 321/404/5
f 323/406/115 285/366/58 328/411/58 313/396/115
f 292/375/115 291/374/197 323/406/115
f 325/418/5 290/414/5 321/404/5
f 329/419/115 330/420/115 331/421/115 332/422/115
f 333/423/58 330/420/115 329/419/115 334/424/58
f 335/425/58 333/423/58 334/424/58 336/426/58
f 337/427/199 338/428/199 331/421/143 330/420/143
f 339/429/199 337/427/199 330/420/143 333/423/143
f 339/429/199 333/423/143 335/425/145 340/430/200
f 341/431/201 342/432/202 336/433/203 334/434/146
f 343/435/204 341/431/201 334/434/146 329/436/146
f 344/437/202 343/435/204 329/436/146 332/422/146
f 338/428/205 344/437/206 332/422/207 331/421/208
f 337/427/199 345/438/209 346/439/210 338/428/199
f 339/429/199 347/440/209 345/438/209 337/427/199
f 347/440/209 339/429/199 340/430/200 348/441/210
f 343/435/204 344/437/202 349/442/211 350/443/212
f 351/444/213 352/445/214 342/432/202 341/431/201
f 341/431/201 343/435/204 350/443/212 351/444/213
f 342/446/215 352/447/215 348/441/215 340/430/215
f 306/448/216 353/449/217 354/450/218 307/451/219
f 345/438/209 355/452/220 354/450/221 346/439/210
f 354/450/221 355/452/220 327/453/196 307/451/192
f 347/440/209 356/454/222 355/452/220 345/438/209
f 355/452/220 356/454/222 310/455/189 327/453/196
f 356/454/222 347/440/209 348/441/210 357/456/223
f 311/457/190 310/455/189 356/454/222 357/456/223
f 350/443/212 349/442/211 353/449/224 358/458/225
f 353/449/224 306/448/187 308/459/188 358/458/225
f 359/460/226 360/461/227 352/445/214 351/444/213
f 314/462/198 360/461/227 359/460/226 326/463/195
f 351/444/213 350/443/212 358/458/225 359/460/226
f 358/458/225 308/459/188 326/463/195 359/460/226
f 352/447/215 360/464/228 357/456/229 348/441/215
f 314/465/191 311/457/133 357/456/229 360/464/228
f 349/442/230 346/439/231 354/450/218 353/449/217
f 344/437/206 338/428/205 346/439/231 349/442/230
f 340/430/215 335/425/232 336/466/232 342/446/215
f 361/467/92 362/468/92 363/469/92 364/470/92
f 362/471/233 365/472/234 366/473/235 363/474/233
f 367/475/236 368/476/237 369/477/237 370/478/238
f 371/479/239 372/480/240 373/481/241 374/482/242
f 374/482/243 373/481/244 366/483/235 375/484/245
f 376/485/246 377/486/247 378/487/248 379/488/249
f 376/485/250 379/488/251 380/489/252 381/490/253
f 382/491/254 383/492/255 384/493/256 385/494/257
f 385/494/258 384/493/259 386/495/260 387/496/258
f 388/497/261 389/498/262 390/499/263 391/500/264
f 392/501/265 393/502/266 394/503/267 395/504/268
f 393/502/269 396/505/270 397/506/271 394/503/272
f 398/507/273 388/497/274 391/500/275 399/508/276
f 377/486/247 376/485/246 389/498/262 388/497/261
f 382/491/250 393/502/266 392/501/265 381/490/253
f 393/502/269 382/491/254 385/494/257 396/505/270
f 377/486/277 388/497/274 398/507/273 387/509/277
f 400/510/278 391/500/264 390/499/263 401/511/279
f 401/511/280 390/499/267 395/504/268 402/512/281
f 394/503/272 397/506/271 403/513/282 404/514/283
f 403/513/284 397/506/275 399/515/276 405/516/285
f 406/517/286 400/510/278 401/511/279 407/518/287
f 407/518/288 401/511/280 402/512/281 408/519/289
f 404/514/283 403/513/282 409/520/290 410/521/291
f 409/520/292 403/513/284 405/516/285 411/522/293
f 412/523/294 367/475/295 379/488/249 378/487/248
f 370/478/238 371/479/296 383/492/297 380/489/252
f 383/492/255 371/479/239 374/482/242 384/493/256
f 375/524/245 412/523/298 378/487/299 386/525/260
f 369/477/300 368/476/300 361/467/300 364/470/300
f 413/526/301 373/481/241 372/480/240 414/527/302
f 366/483/235 373/481/244 413/526/233 363/528/233
f 366/473/235 365/472/234 412/523/298 375/524/245
f 377/486/258 387/509/258 386/525/260 378/487/299
f 392/501/265 395/504/268 390/499/267 389/498/266
f 392/501/265 389/498/266 376/485/250 381/490/253
f 399/508/276 391/500/275 400/510/303 405/529/285
f 405/529/285 400/510/303 406/517/304 411/530/293
f 369/477/237 372/480/237 371/479/296 370/478/238
f 382/491/250 381/490/253 380/489/252 383/492/297
f 398/531/273 399/515/276 397/506/275 396/505/274
f 398/531/273 396/505/274 385/494/277 387/496/277
f 395/504/268 394/503/267 404/514/305 402/512/281
f 402/512/281 404/514/305 410/521/306 408/519/289
f 411/522/307 408/519/307 410/521/291 409/520/290
f 364/470/92 363/469/92 413/532/92 414/527/92
f 370/478/238 380/489/252 379/488/251 367/475/236
f 375/484/245 386/495/260 384/493/259 374/482/243
f 369/477/300 364/470/300 414/527/300 372/480/300
f 407/518/287 408/519/308 411/530/308 406/517/286
f 365/472/309 368/476/310 367/475/295 412/523/294
f 362/471/311 361/467/312 368/476/310 365/472/309
f 415/533/58 416/534/58 417/535/58 418/536/58
f 419/537/313 420/538/313 421/539/314 422/540/314
f 423/541/315 424/542/315 425/543/316 426/544/316
f 427/545/92 428/546/92 429/547/92 430/548/92
f 431/549/317 432/550/317 433/551/318 434/552/318
f 435/553/58 436/554/58 437/555/58 438/556/58
f 439/557/5 440/558/5 441/559/5 442/560/5
f 443/561/319 444/562/319 445/563/320 446/564/320
f 447/565/321 448/566/321 449/567/322 450/568/322
f 451/569/323 452/570/323 453/571/324 454/572/324
f 455/573/58 456/574/58 457/575/58 458/576/58
f 459/577/5 460/578/5 461/579/5 462/580/5
f 463/581/325 464/582/325 465/583/326 466/584/326
f 418/536/58 417/535/58 467/585/58 468/586/58
f 469/587/5 470/588/5 471/589/5 472/590/5
f 473/591/327 474/592/327 424/542/315 423/541/315
f 422/593/328 421/594/328 475/595/329 476/596/329
f 454/597/324 453/598/324 477/599/330 478/600/330
f 462/580/5 461/579/5 479/601/5 480/602/5
f 481/603/331 482/604/331 464/582/325 463/581/325
f 418/536/332 483/605/333 484/606/334 415/533/335
f 485/607/336 486/608/337 487/609/338 469/587/339
f 488/610/340 489/611/340 420/538/313 419/537/313
f 434/612/92 433/613/92 490/614/92 491/615/92
f 435/553/341 456/574/342 492/616/343 493/617/344
f 494/618/5 495/619/5 496/620/5 497/621/5
f 456/574/342 455/573/345 498/622/346 492/616/343
f 499/623/5 500/624/5 495/619/5 494/618/5
f 468/586/347 436/554/348 501/625/349 502/626/350
f 503/627/5 504/628/5 505/629/5 506/630/5
f 507/631/351 508/632/352 509/633/353 510/634/354
f 491/615/92 490/614/92 428/546/92 427/545/92
f 497/621/355 442/560/356 459/577/357 494/618/358
f 494/618/358 459/577/357 462/580/359 499/623/360
f 506/630/361 472/590/362 439/557/363 503/627/364
f 511/635/365 480/602/366 512/636/367 513/637/368
f 426/638/340 425/639/340 489/611/340 488/610/340
f 493/617/58 492/616/58 514/640/58 515/641/58
f 492/616/58 498/622/58 516/642/58 514/640/58
f 502/626/58 501/625/58 517/643/58 518/644/58
f 456/574/58 435/553/58 438/556/58 457/575/58
f 442/560/5 441/559/5 460/578/5 459/577/5
f 466/584/326 465/583/326 444/562/319 443/561/319
f 450/568/322 449/567/322 452/570/323 451/569/323
f 436/554/348 435/553/341 493/617/344 501/625/349
f 497/621/5 496/620/5 504/628/5 503/627/5
f 442/560/356 497/621/355 503/627/364 439/557/363
f 501/625/58 493/617/58 515/641/58 517/643/58
f 476/596/329 475/595/329 448/566/321 447/565/321
f 436/554/58 468/586/58 467/585/58 437/555/58
f 472/590/5 471/589/5 440/558/5 439/557/5
f 446/564/320 445/563/320 474/592/327 473/591/327
f 502/626/350 483/605/333 418/536/332 468/586/347
f 506/630/5 505/629/5 519/645/5 485/607/5
f 506/630/361 485/607/336 469/587/339 472/590/362
f 518/644/58 520/646/58 483/605/58 502/626/58
f 480/602/5 479/601/5 521/647/5 512/636/5
f 430/648/369 429/649/369 482/604/331 481/603/331
f 478/600/330 477/599/330 522/650/370 523/651/370
f 510/634/354 498/622/346 455/573/345 507/631/351
f 511/635/5 524/652/5 500/624/5 499/623/5
f 511/635/365 499/623/360 462/580/359 480/602/366
f 498/622/58 510/634/58 525/653/58 516/642/58
f 458/576/58 526/654/58 507/631/58 455/573/58
f 483/605/58 520/646/58 527/655/58 484/606/58
f 528/656/5 470/588/5 469/587/5 487/609/5
f 529/657/58 525/653/58 510/634/58 509/633/58
f 513/637/5 530/658/5 524/652/5 511/635/5
f 486/608/5 485/607/5 519/645/5 531/659/5
f 508/632/58 507/631/58 526/654/58 532/660/58
f 421/539/314 420/538/313 486/661/371 531/662/314
f 422/540/314 416/663/314 415/664/371 419/537/313
f 425/543/316 424/542/315 470/588/315 528/656/316
f 426/544/316 527/665/316 520/666/315 423/541/315
f 428/546/92 512/667/92 521/668/92 429/547/92
f 430/548/92 529/669/92 509/670/92 427/545/92
f 432/550/317 524/652/372 530/658/318 433/551/318
f 434/552/318 532/660/318 526/654/372 431/549/317
f 444/562/319 441/559/319 440/558/320 445/563/320
f 446/564/320 517/671/320 515/672/319 443/561/319
f 448/566/321 505/629/321 504/628/322 449/567/322
f 450/568/322 437/555/322 467/585/321 447/565/321
f 452/570/323 496/620/323 495/619/373 453/571/324
f 454/572/324 457/575/373 438/556/323 451/569/323
f 464/582/325 461/579/325 460/578/326 465/583/326
f 466/584/326 514/673/326 516/674/325 463/581/325
f 474/592/327 471/589/327 470/588/315 424/542/315
f 423/541/315 520/666/315 518/675/327 473/591/327
f 421/594/328 531/659/328 519/645/329 475/595/329
f 476/596/329 417/535/329 416/534/328 422/593/328
f 453/571/324 495/619/373 500/624/374 533/676/374
f 534/677/374 458/576/374 457/575/373 454/572/324
f 464/582/325 482/604/331 479/601/331 461/579/325
f 481/603/331 463/581/325 516/674/325 525/678/331
f 420/538/313 489/611/340 487/679/340 486/661/371
f 484/680/340 488/610/340 419/537/313 415/664/371
f 433/613/92 530/681/92 513/682/92 490/614/92
f 491/615/92 508/683/92 532/684/92 434/612/92
f 512/667/92 428/546/92 490/614/92 513/682/92
f 491/615/92 427/545/92 509/670/92 508/683/92
f 425/639/340 528/685/340 487/679/340 489/611/340
f 488/610/340 484/680/340 527/686/340 426/638/340
f 465/583/326 460/578/326 441/559/319 444/562/319
f 443/561/319 515/672/319 514/673/326 466/584/326
f 449/567/322 504/628/322 496/620/323 452/570/323
f 451/569/323 438/556/323 437/555/322 450/568/322
f 475/595/329 519/645/329 505/629/321 448/566/321
f 447/565/321 467/585/321 417/535/329 476/596/329
f 445/563/320 440/558/320 471/589/327 474/592/327
f 473/591/327 518/675/327 517/671/320 446/564/320
f 429/649/369 521/647/369 479/601/331 482/604/331
f 481/603/331 525/678/331 529/687/369 430/648/369
f 432/550/317 533/676/374 500/624/374 524/652/372
f 534/677/374 431/549/317 526/654/372 458/576/374
f 533/688/5 477/599/5 453/598/5
f 533/688/5 432/689/5 522/650/5 477/599/5
f 522/650/375 432/690/375 431/691/375 523/651/375
f 523/651/58 431/692/58 534/693/58 478/600/58
f 534/693/58 454/597/58 478/600/58
f 535/694/376 536/695/376 537/696/376 538/697/376
f 535/694/377 538/697/377 539/698/377 540/699/377
f 540/699/377 539/698/377 541/700/377 542/701/377
f 537/696/378 536/695/378 543/702/378 544/703/378
f 538/697/5 537/696/5 544/704/5 545/705/5
f 543/702/58 536/695/58 535/694/58 546/706/58
f 539/698/379 538/697/379 545/705/379 547/707/379
f 546/706/380 535/694/380 540/699/380 548/708/380
f 541/700/5 539/698/5 547/707/5 549/709/5
f 542/701/58 550/710/58 548/708/58 540/699/58
f 542/701/381 541/700/381 549/711/381 550/710/381
f 548/708/340 550/710/340 549/712/340 547/713/340
f 547/713/340 545/714/340 546/706/340 548/708/340
f 545/714/382 544/715/382 543/702/382 546/706/382
f 551/716/383 552/717/384 553/718/385 554/719/386
f 555/720/387 556/721/388 557/722/389 558/723/390
f 555/724/391 553/718/391 552/717/392 556/725/392
f 554/726/393 553/727/394 555/720/394 558/723/393
f 559/728/395 560/729/396 561/730/397 562/731/398
f 561/732/399 560/733/400 563/734/401 564/735/402
f 565/736/403 564/735/404 563/734/405 566/737/406
f 567/738/407 568/739/408 569/740/409 570/741/410
f 571/742/408 572/743/408 573/744/408 574/745/408
f 575/746/411 557/722/389 556/721/388 576/747/412
f 566/737/406 563/734/405 577/748/413 578/749/414
f 556/725/392 552/717/392 577/748/415 576/750/416
f 570/741/410 569/740/409 579/751/417 580/752/418
f 559/728/395 575/746/419 576/747/420 560/729/396
f 578/749/421 577/748/422 552/717/384 551/716/383
f 560/733/400 576/750/416 577/748/415 563/734/401
f 572/743/408 580/752/418 579/751/417 573/744/408
f 581/753/423 582/754/424 551/716/383 554/719/386
f 581/755/28 554/726/393 558/723/393 583/756/28
f 583/756/425 558/723/390 557/722/389 584/757/426
f 584/757/426 557/722/389 575/746/411 585/758/427
f 582/754/424 586/759/428 578/749/421 551/716/383
f 582/754/424 581/753/423 574/745/429 573/744/430
f 583/756/28 571/742/28 574/760/28 581/755/28
f 571/742/431 583/756/425 584/757/426 572/743/432
f 585/758/427 580/752/427 572/743/432 584/757/426
f 587/761/433 570/741/434 580/752/435 585/758/436
f 588/762/26 567/738/26 570/741/434 587/761/433
f 568/739/28 589/763/28 590/764/437 569/740/438
f 590/764/437 586/759/439 579/751/439 569/740/438
f 586/759/428 582/754/424 573/744/430 579/751/428
f 588/765/440 587/766/441 590/767/442 589/768/443
f 586/769/444 590/767/442 587/766/441 585/770/445
f 586/769/446 585/770/447 575/771/447 578/772/447
f 578/773/448 575/774/449 559/775/410 566/776/409
f 566/776/409 559/775/410 562/777/407 565/778/408
f 591/779/450 592/780/451 593/781/452 594/782/453
f 595/783/454 596/784/455 597/785/456 598/786/457
f 594/782/458 593/781/402 595/787/402 598/788/458
f 592/789/393 596/784/393 595/783/394 593/790/394
f 599/791/459 562/731/398 561/730/397 600/792/460
f 601/793/461 600/794/462 561/732/399 564/735/402
f 565/736/403 602/795/463 601/793/464 564/735/404
f 567/738/407 603/796/465 604/797/466 568/739/408
f 605/798/408 606/799/408 607/800/408 608/801/408
f 609/802/467 610/803/468 598/786/457 597/785/456
f 611/804/469 601/793/464 602/795/463 612/805/470
f 611/804/471 594/782/458 598/788/458 610/806/472
f 613/807/473 604/797/466 603/796/465 614/808/474
f 599/791/459 600/792/460 610/803/475 609/802/476
f 594/782/453 611/804/477 612/805/478 591/779/450
f 600/794/462 601/793/461 611/804/471 610/806/472
f 608/801/408 607/800/408 613/807/473 614/808/474
f 615/809/479 592/780/451 591/779/450 616/810/480
f 596/784/393 592/789/393 615/811/28 617/812/28
f 597/785/456 596/784/455 617/812/481 618/813/482
f 618/813/482 619/814/483 609/802/467 597/785/456
f 616/810/480 591/779/450 612/805/478 620/815/484
f 606/799/431 615/809/479 616/810/480 607/800/485
f 605/798/486 608/801/487 618/813/482 617/812/481
f 619/814/483 618/813/482 608/801/487 614/808/483
f 621/816/488 619/814/489 614/808/490 603/796/491
f 588/762/26 621/816/488 603/796/491 567/738/26
f 568/739/28 604/797/492 622/817/493 589/763/28
f 613/807/494 620/815/494 622/817/493 604/797/492
f 607/800/485 616/810/480 620/815/484 613/807/484
f 588/765/440 589/768/443 622/818/495 621/819/496
f 620/820/497 619/821/498 621/819/496 622/818/495
f 609/822/499 619/821/499 620/820/499 612/823/500
f 599/824/465 609/822/501 612/823/502 602/825/466
f 562/777/407 599/824/465 602/825/466 565/778/408
f 605/798/28 617/812/28 615/811/28 606/826/28
f 623/827/503 624/828/504 625/829/505 626/830/506
f 627/831/507 628/832/508 629/833/509 630/834/510
f 623/835/511 626/836/511 631/837/511 632/838/511
f 633/839/26 634/840/26 635/841/26 636/842/26
f 633/839/26 636/842/26 637/843/26 638/844/26
f 636/845/512 635/846/513 639/847/514 640/848/515
f 641/849/516 642/850/517 624/851/518 632/838/519
f 624/851/518 623/835/520 632/838/519
f 641/849/516 632/838/519 643/852/521
f 644/853/58 626/830/506 625/829/505 645/854/522
f 627/831/507 630/834/510 646/855/5 647/856/523
f 626/836/524 644/857/525 648/858/525 631/837/524
f 649/859/526 641/860/527 643/861/528 650/862/529
f 651/863/530 652/864/531 653/865/532 654/866/533
f 655/867/534 656/868/535 657/869/58 658/870/58
f 659/871/536 660/872/5 661/873/5 662/874/537
f 658/875/538 657/876/539 663/877/539 664/878/538
f 665/879/540 666/880/541 651/863/530 654/866/533
f 657/869/58 656/868/535 667/881/542 668/882/58
f 669/883/543 662/874/537 661/873/5 670/884/5
f 657/876/539 668/885/544 671/886/544 663/877/539
f 672/887/545 673/888/546 674/889/547 675/890/548
f 676/891/58 677/892/549 678/893/550 679/894/58
f 680/895/551 681/896/552 682/897/5 683/898/5
f 676/899/553 679/900/554 684/901/554 685/902/553
f 686/903/555 687/904/556 672/887/545 675/890/548
f 678/893/550 688/905/557 689/906/58 679/894/58
f 683/898/5 690/907/5 691/908/558 680/895/551
f 679/900/554 689/909/559 692/910/559 684/901/554
f 693/911/560 694/912/561 695/913/562 696/914/563
f 697/915/564 698/916/565 699/917/58 700/918/58
f 701/919/566 702/920/5 703/921/5 704/922/567
f 700/923/568 699/924/569 705/925/569 706/926/568
f 707/927/570 708/928/571 693/911/560 696/914/563
f 699/917/58 698/916/565 709/929/572 710/930/58
f 711/931/573 704/922/567 703/921/5 712/932/5
f 699/924/569 710/933/574 713/934/574 705/925/569
f 639/847/514 714/935/575 715/936/576 640/848/515
f 716/937/577 633/938/578 638/939/58 717/940/58
f 718/941/579 719/942/5 720/943/5 721/944/580
f 717/945/581 638/844/582 637/843/582 722/946/581
f 658/870/58 644/853/58 645/854/522 655/867/534
f 647/856/523 646/855/5 660/872/5 659/871/536
f 644/857/525 658/875/538 664/878/538 648/858/525
f 652/864/531 649/859/526 650/862/529 653/865/532
f 668/882/58 667/881/542 677/892/549 676/891/58
f 681/896/552 669/883/543 670/884/5 682/897/5
f 668/885/544 676/899/583 685/902/583 671/886/544
f 673/888/546 666/880/541 665/879/540 674/889/547
f 700/918/58 689/906/58 688/905/557 697/915/564
f 691/908/558 690/907/5 702/920/5 701/919/566
f 689/909/559 700/923/568 706/926/568 692/910/559
f 694/912/561 687/904/556 686/903/555 695/913/562
f 709/929/572 716/937/577 717/940/58 710/930/58
f 711/931/573 712/932/5 719/942/5 718/941/579
f 710/933/574 717/945/581 722/946/581 713/934/574
f 714/935/575 708/928/571 707/927/570 715/936/576
f 631/837/511 630/947/511 629/948/511 632/838/511
f 721/949/26 720/950/26 637/843/26 723/951/26
f 637/843/26 636/842/26 723/951/26
f 721/949/26 723/951/26 724/952/26
f 636/845/512 640/848/515 725/953/584 723/954/585
f 628/955/586 726/956/587 727/957/588 643/852/521
f 628/955/586 643/852/521 632/838/519 629/948/589
f 648/858/525 646/958/525 630/947/524 631/837/524
f 643/861/528 727/959/590 728/960/591 650/862/529
f 653/865/532 729/961/592 730/962/593 654/866/533
f 663/877/539 661/963/539 660/964/538 664/878/538
f 665/879/540 654/866/533 730/962/593 731/965/594
f 671/886/544 670/966/544 661/963/539 663/877/539
f 674/889/547 732/967/595 733/968/596 675/890/548
f 684/901/554 683/969/554 682/970/553 685/902/553
f 686/903/555 675/890/548 733/968/596 734/971/597
f 692/910/559 690/972/559 683/969/554 684/901/554
f 695/913/562 735/973/598 736/974/599 696/914/563
f 705/925/569 703/975/569 702/976/568 706/926/568
f 707/927/570 696/914/563 736/974/599 737/977/600
f 713/934/574 712/978/574 703/975/569 705/925/569
f 715/936/576 738/979/601 725/953/584 640/848/515
f 637/843/582 720/950/582 719/980/581 722/946/581
f 664/878/538 660/964/538 646/958/525 648/858/525
f 650/862/529 728/960/591 729/961/592 653/865/532
f 685/902/583 682/970/583 670/966/544 671/886/544
f 665/879/540 731/965/594 732/967/595 674/889/547
f 706/926/568 702/976/568 690/972/559 692/910/559
f 686/903/555 734/971/597 735/973/598 695/913/562
f 722/946/581 719/980/581 712/978/574 713/934/574
f 707/927/570 737/977/600 738/979/601 715/936/576
f 624/828/504 642/981/602 739/982/603 625/829/505
f 721/944/580 724/983/604 740/984/605 718/941/579
f 741/985/606 726/986/607 628/832/508 627/831/507
f 742/987/608 634/988/609 633/938/578 716/937/577
f 625/829/505 739/982/603 743/989/610 645/854/522
f 659/871/536 744/990/611 745/991/612 647/856/523
f 655/867/534 746/992/613 747/993/614 656/868/535
f 748/994/615 744/990/611 659/871/536 662/874/537
f 656/868/535 747/993/614 749/995/616 667/881/542
f 681/896/552 750/996/617 751/997/618 669/883/543
f 677/892/549 752/998/619 753/999/620 678/893/550
f 754/1000/621 750/996/617 681/896/552 680/895/551
f 678/893/550 753/999/620 755/1001/622 688/905/557
f 701/919/566 756/1002/623 757/1003/624 691/908/558
f 758/1004/625 759/1005/626 698/916/565 697/915/564
f 760/1006/627 756/1002/623 701/919/566 704/922/567
f 759/1005/626 761/1007/628 709/929/572 698/916/565
f 718/941/579 740/984/605 762/1008/629 711/931/573
f 743/989/610 746/992/613 655/867/534 645/854/522
f 745/991/612 741/985/606 627/831/507 647/856/523
f 749/995/616 752/998/619 677/892/549 667/881/542
f 751/997/618 748/994/615 662/874/537 669/883/543
f 757/1003/624 754/1000/621 680/895/551 691/908/558
f 755/1001/622 758/1004/625 697/915/564 688/905/557
f 761/1007/628 742/987/608 716/937/577 709/929/572
f 711/931/573 762/1008/629 760/1006/627 704/922/567
f 642/981/602 641/860/527 649/859/526 739/982/603
f 723/954/585 725/953/584 740/984/605 724/983/604
f 728/960/591 727/959/590 726/986/607 741/985/606
f 742/987/608 639/847/514 635/846/513 634/988/609
f 739/982/603 649/859/526 652/864/531 743/989/610
f 744/990/611 730/962/593 729/961/592 745/991/612
f 746/992/613 651/863/530 666/880/541 747/993/614
f 731/965/594 730/962/593 744/990/611 748/994/615
f 747/993/614 666/880/541 673/888/546 749/995/616
f 750/996/617 733/968/596 732/967/595 751/997/618
f 752/998/619 672/887/545 687/904/556 753/999/620
f 734/971/597 733/968/596 750/996/617 754/1000/621
f 753/999/620 687/904/556 694/912/561 755/1001/622
f 756/1002/623 736/974/599 735/973/598 757/1003/624
f 758/1004/625 693/911/560 708/928/571 759/1005/626
f 737/977/600 736/974/599 756/1002/623 760/1006/627
f 708/928/571 714/935/575 761/1007/628 759/1005/626
f 740/984/605 725/953/584 738/979/601 762/1008/629
f 652/864/531 651/863/530 746/992/613 743/989/610
f 729/961/592 728/960/591 741/985/606 745/991/612
f 673/888/546 672/887/545 752/998/619 749/995/616
f 732/967/595 731/965/594 748/994/615 751/997/618
f 735/973/598 734/971/597 754/1000/621 757/1003/624
f 694/912/561 693/911/560 758/1004/625 755/1001/622
f 714/935/575 639/847/514 742/987/608 761/1007/628
f 738/979/601 737/977/600 760/1006/627 762/1008/629
f 763/1009/630 764/1010/631 765/1011/632 766/1012/633
f 767/1013/634 764/1010/631 763/1009/630 768/1014/635
f 769/1015/636 770/1016/637 771/1017/638 772/1018/639
f 770/1016/637 769/1015/636 773/1019/640 774/1020/641
f 766/1012/633 765/1011/632 775/1021/642 776/1022/643
f 775/1021/642 765/1011/632 777/1023/644 778/1024/645
f 779/1025/646 776/1022/643 775/1021/642 780/1026/647
f 781/1027/648 782/1028/649 783/1029/650 784/1030/651
f 783/1029/650 782/1028/649 785/1031/652 786/1032/653
f 787/1033/654 784/1030/651 783/1029/650 788/1034/655
f 789/1035/656 790/1036/657 791/1037/658 792/1038/659
f 793/1039/660 794/1040/661 790/1036/657 789/1035/656
f 795/1041/662 790/1036/657 794/1040/661 796/1042/92
f 797/1043/663 791/1037/658 790/1036/657 795/1041/662
f 798/1044/664 799/1045/665 800/1046/666 801/1047/667
f 768/1014/635 802/1048/668 800/1046/666 799/1045/665
f 803/1049/28 804/1050/669 800/1046/666 802/1048/668
f 804/1050/669 805/1051/670 801/1047/667 800/1046/666
f 806/1052/671 807/1053/672 764/1054/631 767/1055/634
f 808/1056/673 809/1057/674 810/1058/675 811/1059/676
f 812/1060/677 813/1061/641 811/1059/676 810/1058/675
f 786/1032/653 814/1062/26 788/1034/655 783/1029/650
f 766/1012/633 776/1022/643 815/1063/678 763/1009/630
f 816/1064/679 815/1063/678 776/1022/643 779/1025/646
f 802/1048/668 815/1063/678 816/1064/679 803/1049/28
f 815/1063/678 802/1048/668 768/1014/635 763/1009/630
f 768/1014/635 799/1045/665 817/1065/680 767/1013/634
f 798/1044/664 818/1066/681 817/1065/680 799/1045/665
f 818/1067/681 819/1068/660 820/1069/682 817/1070/680
f 809/1057/674 821/1071/683 822/1072/684 810/1058/675
f 823/1073/685 824/1074/686 822/1072/684 821/1071/683
f 825/1075/687 822/1072/684 824/1074/686 826/1076/688
f 812/1060/677 810/1058/675 822/1072/684 825/1075/687
f 785/1031/652 827/1077/689 828/1078/690 786/1032/653
f 792/1038/659 791/1037/658 828/1078/690 827/1077/689
f 829/1079/691 828/1078/690 791/1037/658 797/1043/663
f 814/1062/26 786/1032/653 828/1078/690 829/1079/691
f 777/1023/644 765/1011/632 764/1010/631 807/1080/672
f 830/1081/117 780/1026/647 775/1021/642 778/1024/645
f 818/1066/681 798/1044/664 801/1047/667 831/1082/692
f 805/1051/670 832/1083/693 831/1082/692 801/1047/667
f 831/1084/692 832/1085/693 833/1086/92 834/1087/661
f 771/1017/638 770/1016/637 835/1088/694 836/1089/695
f 806/1052/671 767/1055/634 817/1070/680 820/1069/682
f 837/1090/696 838/1091/697 839/1092/698 840/1093/699
f 836/1089/695 835/1088/694 839/1092/698 838/1091/697
f 839/1094/698 835/1095/694 841/1096/677 842/1097/687
f 834/1087/661 819/1068/660 818/1067/681 831/1084/692
f 841/1096/677 835/1095/694 770/1098/637 774/1099/641
f 843/1100/688 840/1101/699 839/1094/698 842/1097/687
f 844/1102/644 845/1103/700 846/1104/672 847/1105/701
f 777/1023/644 807/1080/672 845/1103/700 844/1102/644
f 848/1106/640 849/1107/641 774/1020/641 773/1019/640
f 850/1108/640 813/1109/641 849/1107/641 848/1106/640
f 844/1102/644 851/1110/645 778/1024/645 777/1023/644
f 847/1105/701 852/1111/645 851/1110/645 844/1102/644
f 853/1112/117 851/1110/645 852/1111/645 854/1113/117
f 830/1081/117 778/1024/645 851/1110/645 853/1112/117
f 806/1052/671 855/1114/671 845/1115/700 807/1053/672
f 845/1115/700 855/1114/671 856/1116/671 846/1117/672
f 857/1118/660 858/1119/682 820/1069/682 819/1068/660
f 793/1039/660 859/1120/682 858/1119/682 857/1118/660
f 855/1114/671 858/1119/682 859/1120/682 856/1116/671
f 806/1052/671 820/1069/682 858/1119/682 855/1114/671
f 857/1118/660 860/1121/661 794/1040/661 793/1039/660
f 819/1068/660 834/1087/661 860/1121/661 857/1118/660
f 861/1122/92 860/1121/661 834/1087/661 833/1086/92
f 796/1042/92 794/1040/661 860/1121/661 861/1122/92
f 812/1060/677 862/1123/677 849/1124/641 813/1061/641
f 849/1124/641 862/1123/677 841/1096/677 774/1099/641
f 863/1125/688 864/1126/687 825/1075/687 826/1076/688
f 843/1100/688 842/1097/687 864/1126/687 863/1125/688
f 862/1123/677 864/1126/687 842/1097/687 841/1096/677
f 812/1060/677 825/1075/687 864/1126/687 862/1123/677
f 865/1127/702 866/1128/703 782/1028/649 781/1027/648
f 847/1105/701 846/1104/672 866/1128/703 865/1127/702
f 867/1129/704 811/1059/676 813/1109/641 850/1108/640
f 867/1129/704 868/1130/705 808/1056/673 811/1059/676
f 865/1127/702 869/1131/706 852/1111/645 847/1105/701
f 781/1027/648 784/1030/651 869/1131/706 865/1127/702
f 870/1132/707 869/1131/706 784/1030/651 787/1033/654
f 854/1113/117 852/1111/645 869/1131/706 870/1132/707
f 856/1116/671 871/1133/708 866/1128/703 846/1117/672
f 782/1028/649 866/1128/703 871/1133/708 785/1031/652
f 789/1035/656 872/1134/709 859/1120/682 793/1039/660
f 792/1038/659 827/1077/689 872/1134/709 789/1035/656
f 785/1031/652 871/1133/708 872/1134/709 827/1077/689
f 856/1116/671 859/1120/682 872/1134/709 871/1133/708
f 772/1018/639 873/1135/710 874/1136/711 769/1015/636
f 779/1025/646 780/1026/647 874/1136/711 873/1135/710
f 868/1130/705 875/1137/712 876/1138/713 808/1056/673
f 787/1033/654 788/1034/655 876/1138/713 875/1137/712
f 877/1139/714 878/1140/715 795/1041/662 796/1042/92
f 826/1076/688 824/1074/686 878/1140/715 877/1139/714
f 879/1141/716 878/1140/715 824/1074/686 823/1073/685
f 797/1043/663 795/1041/662 878/1140/715 879/1141/716
f 880/1142/717 881/1143/718 804/1050/669 803/1049/28
f 880/1142/717 836/1089/695 838/1091/697 881/1143/718
f 837/1090/696 882/1144/719 881/1143/718 838/1091/697
f 805/1051/670 804/1050/669 881/1143/718 882/1144/719
f 788/1034/655 814/1062/26 883/1145/720 876/1138/713
f 876/1138/713 883/1145/720 809/1057/674 808/1056/673
f 873/1135/710 884/1146/721 816/1064/679 779/1025/646
f 772/1018/639 771/1017/638 884/1146/721 873/1135/710
f 836/1089/695 880/1142/717 884/1146/721 771/1017/638
f 816/1064/679 884/1146/721 880/1142/717 803/1049/28
f 879/1141/716 885/1147/722 829/1079/691 797/1043/663
f 823/1073/685 821/1071/683 885/1147/722 879/1141/716
f 809/1057/674 883/1145/720 885/1147/722 821/1071/683
f 814/1062/26 829/1079/691 885/1147/722 883/1145/720
f 830/1081/117 886/1148/723 874/1136/711 780/1026/647
f 874/1136/711 886/1148/723 773/1019/640 769/1015/636
f 805/1051/670 882/1144/719 887/1149/724 832/1083/693
f 882/1144/719 837/1090/696 840/1093/699 887/1149/724
f 843/1100/688 888/1150/714 887/1151/724 840/1101/699
f 887/1151/724 888/1150/714 833/1086/92 832/1085/693
f 889/1152/723 890/1153/723 853/1112/117 854/1113/117
f 850/1108/640 848/1106/640 890/1153/723 889/1152/723
f 886/1148/723 890/1153/723 848/1106/640 773/1019/640
f 830/1081/117 853/1112/117 890/1153/723 886/1148/723
f 888/1150/714 891/1154/714 861/1122/92 833/1086/92
f 843/1100/688 863/1125/688 891/1154/714 888/1150/714
f 877/1139/714 891/1154/714 863/1125/688 826/1076/688
f 796/1042/92 861/1122/92 891/1154/714 877/1139/714
f 875/1137/712 892/1155/725 870/1132/707 787/1033/654
f 868/1130/705 867/1129/704 892/1155/725 875/1137/712
f 889/1152/723 892/1155/725 867/1129/704 850/1108/640
f 854/1113/117 870/1132/707 892/1155/725 889/1152/723
f 893/1156/726 894/1157/727 895/1158/728 896/1159/729
f 897/1160/730 898/1161/731 899/1162/732 900/1163/733
f 899/1162/732 898/1161/731 901/1164/734 902/1165/735
f 903/1166/736 894/1157/727 904/1167/737 905/1168/723
f 906/1169/738 907/1170/739 908/1171/740 903/1166/736
f 909/1172/741 910/1173/742 911/1174/743 912/1175/744
f 913/1176/745 914/1177/746 915/1178/747 916/1179/748
f 917/1180/749 918/1181/750 914/1177/746 913/1176/745
f 919/1182/751 914/1177/746 918/1181/750 920/1183/752
f 921/1184/753 915/1178/747 914/1177/746 919/1182/751
f 922/1185/754 923/1186/755 924/1187/756 925/1188/757
f 923/1186/755 926/1189/758 927/1190/759 924/1187/756
f 928/1191/26 929/1192/760 924/1187/756 927/1190/759
f 929/1192/760 930/1193/761 925/1188/757 924/1187/756
f 931/1194/762 932/1195/763 893/1196/726 896/1197/729
f 933/1198/764 934/1199/735 935/1200/765 936/1201/766
f 937/1202/767 938/1203/768 911/1174/743 910/1173/742
f 908/1171/740 895/1158/728 894/1157/727 903/1166/736
f 895/1158/728 939/1204/769 940/1205/770 896/1159/729
f 939/1204/769 926/1189/758 941/1206/771 940/1205/770
f 942/1207/772 943/1208/773 944/1209/774 936/1201/766
f 943/1208/773 945/1210/775 946/1211/776 944/1209/774
f 947/1212/777 944/1209/774 946/1211/776 948/1213/778
f 933/1198/764 936/1201/766 944/1209/774 947/1212/777
f 949/1214/779 950/1215/780 910/1173/742 909/1172/741
f 951/1216/781 952/1217/782 950/1215/780 949/1214/779
f 953/1218/28 950/1215/780 952/1217/782 954/1219/28
f 937/1202/767 910/1173/742 950/1215/780 953/1218/28
f 904/1167/737 894/1157/727 893/1156/726 932/1220/763
f 955/1221/117 906/1169/738 903/1166/736 905/1168/723
f 956/1222/783 922/1185/754 925/1188/757 957/1223/784
f 930/1193/761 958/1224/785 957/1223/784 925/1188/757
f 957/1225/784 958/1226/785 959/1227/786 960/1228/787
f 961/1229/788 956/1230/783 962/1231/789 963/1232/790
f 963/1232/790 964/1233/791 941/1234/771 961/1229/788
f 965/1235/792 966/1236/793 967/1237/794 968/1238/795
f 969/1239/796 970/1240/797 968/1238/795 967/1237/794
f 971/1241/798 968/1242/795 970/1243/797 972/1244/799
f 960/1228/787 962/1231/789 956/1230/783 957/1225/784
f 973/1245/764 900/1246/733 899/1247/732 902/1248/735
f 974/1249/800 965/1250/792 968/1242/795 971/1241/798
f 975/1251/737 976/1252/801 977/1253/801 978/1254/737
f 904/1167/737 932/1220/763 976/1252/801 975/1251/737
f 979/1255/734 980/1256/735 902/1165/735 901/1164/734
f 981/1257/734 934/1258/735 980/1256/735 979/1255/734
f 975/1251/737 982/1259/723 905/1168/723 904/1167/737
f 978/1254/737 983/1260/723 982/1259/723 975/1251/737
f 984/1261/117 982/1259/723 983/1260/723 985/1262/117
f 955/1221/117 905/1168/723 982/1259/723 984/1261/117
f 931/1194/762 986/1263/802 976/1264/801 932/1195/763
f 976/1264/801 986/1263/802 987/1265/802 977/1266/801
f 962/1231/789 988/1267/803 989/1268/804 963/1232/790
f 917/1180/749 990/1269/805 989/1268/804 988/1267/803
f 991/1270/806 989/1268/804 990/1269/805 992/1271/807
f 964/1233/791 963/1232/790 989/1268/804 991/1270/806
f 988/1267/803 993/1272/808 918/1181/750 917/1180/749
f 962/1231/789 960/1228/787 993/1272/808 988/1267/803
f 994/1273/809 993/1272/808 960/1228/787 959/1227/786
f 920/1183/752 918/1181/750 993/1272/808 994/1273/809
f 933/1198/764 995/1274/764 980/1275/735 934/1199/735
f 980/1275/735 995/1274/764 973/1245/764 902/1248/735
f 996/1276/810 997/1277/811 998/1278/812 999/1279/813
f 974/1249/800 971/1241/798 998/1278/812 997/1277/811
f 972/1244/799 1000/1280/814 998/1278/812 971/1241/798
f 1000/1280/814 948/1213/778 999/1279/813 998/1278/812
f 978/1254/737 977/1253/801 1001/1281/815 912/1175/744
f 1002/1282/816 935/1200/765 934/1258/735 981/1257/734
f 935/1200/765 1002/1282/816 942/1207/772 936/1201/766
f 912/1175/744 911/1174/743 983/1260/723 978/1254/737
f 985/1262/117 983/1260/723 911/1174/743 938/1203/768
f 987/1265/802 1003/1283/817 1001/1281/815 977/1266/801
f 1001/1281/815 1003/1283/817 909/1172/741 912/1175/744
f 913/1176/745 1004/1284/818 990/1269/805 917/1180/749
f 913/1176/745 916/1179/748 1005/1285/819 1004/1284/818
f 951/1216/781 1006/1286/820 1004/1284/818 1005/1285/819
f 992/1271/807 990/1269/805 1004/1284/818 1006/1286/820
f 898/1161/731 897/1160/730 1007/1287/821 1008/1288/822
f 1008/1288/822 1007/1287/821 907/1170/739 906/1169/738
f 1009/1289/823 1010/1290/824 919/1182/751 920/1183/752
f 996/1276/810 1011/1291/825 1010/1290/824 1009/1289/823
f 1012/1292/826 1010/1290/824 1011/1291/825 1013/1293/827
f 921/1184/753 919/1182/751 1010/1290/824 1012/1292/826
f 907/1170/739 1007/1287/821 1014/1294/828 1015/1295/26
f 1007/1287/821 897/1160/730 1016/1296/829 1014/1294/828
f 969/1239/796 1017/1297/830 1014/1294/828 1016/1296/829
f 1017/1297/830 928/1191/26 1015/1295/26 1014/1294/828
f 937/1202/767 1018/1298/831 1019/1299/832 938/1203/768
f 1018/1298/831 942/1207/772 1002/1282/816 1019/1299/832
f 1012/1292/826 1020/1300/833 1021/1301/834 921/1184/753
f 1013/1293/827 1022/1302/835 1020/1300/833 1012/1292/826
f 1023/1303/836 1020/1300/833 1022/1302/835 945/1210/775
f 954/1219/28 1021/1301/834 1020/1300/833 1023/1303/836
f 955/1221/117 1024/1304/645 1008/1288/822 906/1169/738
f 1008/1288/822 1024/1304/645 901/1164/734 898/1161/731
f 930/1193/761 1025/1305/837 1026/1306/838 958/1224/785
f 1025/1305/837 966/1236/793 965/1235/792 1026/1306/838
f 965/1250/792 974/1249/800 1027/1307/839 1026/1308/838
f 1026/1308/838 1027/1307/839 959/1227/786 958/1226/785
f 1028/1309/645 1029/1310/645 984/1261/117 985/1262/117
f 981/1257/734 979/1255/734 1029/1310/645 1028/1309/645
f 1024/1304/645 1029/1310/645 979/1255/734 901/1164/734
f 955/1221/117 984/1261/117 1029/1310/645 1024/1304/645
f 1027/1307/839 1030/1311/840 994/1273/809 959/1227/786
f 974/1249/800 997/1277/811 1030/1311/840 1027/1307/839
f 1009/1289/823 1030/1311/840 997/1277/811 996/1276/810
f 920/1183/752 994/1273/809 1030/1311/840 1009/1289/823
f 1028/1309/645 1019/1299/832 1002/1282/816 981/1257/734
f 985/1262/117 938/1203/768 1019/1299/832 1028/1309/645
f 926/1189/758 939/1204/769 1031/1312/841 927/1190/759
f 939/1204/769 895/1158/728 908/1171/740 1031/1312/841
f 907/1170/739 1015/1295/26 1031/1312/841 908/1171/740
f 1015/1295/26 928/1191/26 927/1190/759 1031/1312/841
f 926/1189/758 923/1186/755 961/1313/788 941/1206/771
f 923/1186/755 922/1185/754 956/1222/783 961/1313/788
f 945/1210/775 1022/1302/835 1032/1314/842 946/1211/776
f 1022/1302/835 1013/1293/827 1011/1291/825 1032/1314/842
f 999/1279/813 1032/1314/842 1011/1291/825 996/1276/810
f 948/1213/778 946/1211/776 1032/1314/842 999/1279/813
f 1005/1285/819 1033/1315/843 952/1217/782 951/1216/781
f 916/1179/748 915/1178/747 1033/1315/843 1005/1285/819
f 1021/1301/834 1033/1315/843 915/1178/747 921/1184/753
f 954/1219/28 952/1217/782 1033/1315/843 1021/1301/834
f 964/1233/791 1034/1316/844 940/1317/770 941/1234/771
f 940/1317/770 1034/1316/844 931/1194/762 896/1197/729
f 1016/1296/829 1035/1318/845 970/1240/797 969/1239/796
f 897/1160/730 900/1163/733 1035/1318/845 1016/1296/829
f 973/1245/764 1036/1319/846 1035/1320/845 900/1246/733
f 1035/1320/845 1036/1319/846 972/1244/799 970/1243/797
f 992/1271/807 1037/1321/847 1038/1322/848 991/1270/806
f 987/1265/802 986/1263/802 1038/1322/848 1037/1321/847
f 1034/1316/844 1038/1322/848 986/1263/802 931/1194/762
f 1034/1316/844 964/1233/791 991/1270/806 1038/1322/848
f 1036/1319/846 1039/1323/849 1000/1280/814 972/1244/799
f 973/1245/764 995/1274/764 1039/1323/849 1036/1319/846
f 947/1212/777 1039/1323/849 995/1274/764 933/1198/764
f 948/1213/778 1000/1280/814 1039/1323/849 947/1212/777
f 949/1214/779 1040/1324/850 1006/1286/820 951/1216/781
f 909/1172/741 1003/1283/817 1040/1324/850 949/1214/779
f 1037/1321/847 1040/1324/850 1003/1283/817 987/1265/802
f 1037/1321/847 992/1271/807 1006/1286/820 1040/1324/850
f 967/1237/794 1041/1325/851 1017/1297/830 969/1239/796
f 966/1236/793 1025/1305/837 1041/1325/851 967/1237/794
f 929/1192/760 1041/1325/851 1025/1305/837 930/1193/761
f 928/1191/26 1017/1297/830 1041/1325/851 929/1192/760
f 945/1210/775 943/1208/773 1042/1326/852 1023/1303/836
f 943/1208/773 942/1207/772 1018/1298/831 1042/1326/852
f 937/1202/767 953/1218/28 1042/1326/852 1018/1298/831
f 953/1218/28 954/1219/28 1023/1303/836 1042/1326/852
f 1043/1327/853 1044/1328/854 1045/1329/855 1046/1330/856
f 1046/1330/856 1045/1329/855 1047/1331/857 1048/1332/858
f 1049/1333/859 1050/1334/860 1051/1335/861 1052/1336/862
f 1053/1337/863 1054/1338/864 1044/1328/854 1043/1327/853
f 1055/1339/865 1056/1340/866 1054/1338/864 1053/1337/863
f 1057/1341/867 1058/1342/868 1059/1343/869 1060/1344/870
f 1061/1345/871 1059/1343/869 1058/1342/868 1062/1346/872
f 1063/1347/873 1060/1344/870 1059/1343/869 1064/1348/874
f 1065/1349/875 1066/1350/876 1067/1351/877 1068/1352/878
f 1069/1353/879 1070/1354/880 1066/1350/876 1065/1349/875
f 1071/1355/881 1066/1350/876 1070/1354/880 1072/1356/882
f 1073/1357/883 1067/1351/877 1066/1350/876 1071/1355/881
f 1074/1358/884 1075/1359/885 1076/1360/886 1077/1361/887
f 1075/1359/885 1078/1362/888 1079/1363/889 1076/1360/886
f 1080/1364/28 1081/1365/890 1076/1360/886 1079/1363/889
f 1081/1365/890 1082/1366/891 1077/1361/887 1076/1360/886
f 1083/1367/892 1084/1368/893 1085/1369/894 1086/1370/895
f 1087/1371/896 1088/1372/897 1085/1369/894 1084/1368/893
f 1089/1373/26 1064/1348/874 1059/1343/869 1061/1345/871
f 1044/1328/854 1054/1338/864 1090/1374/898 1045/1329/855
f 1091/1375/899 1090/1374/898 1054/1338/864 1056/1340/866
f 1090/1374/898 1091/1375/899 1092/1376/28 1093/1377/717
f 1093/1377/717 1047/1331/857 1045/1329/855 1090/1374/898
f 1048/1332/858 1047/1331/857 1094/1378/900 1095/1379/901
f 1096/1380/902 1095/1379/901 1094/1378/900 1078/1362/888
f 1097/1381/903 1098/1382/904 1084/1368/893 1083/1367/892
f 1097/1381/903 1099/1383/905 1100/1384/906 1098/1382/904
f 1101/1385/907 1098/1382/904 1100/1384/906 1102/1386/908
f 1087/1371/896 1084/1368/893 1098/1382/904 1101/1385/907
f 1103/1387/909 1104/1388/910 1061/1345/871 1062/1346/872
f 1105/1389/911 1106/1390/912 1104/1388/910 1103/1387/909
f 1107/1391/26 1104/1388/910 1106/1390/912 1108/1392/26
f 1089/1373/26 1061/1345/871 1104/1388/910 1107/1391/26
f 1109/1393/913 1043/1327/853 1046/1330/856 1110/1394/914
f 1052/1336/862 1051/1335/861 1111/1395/915 1112/1396/897
f 1053/1337/863 1043/1327/853 1109/1393/913 1113/1397/916
f 1114/1398/92 1055/1339/865 1053/1337/863 1113/1397/916
f 1077/1361/887 1115/1399/917 1116/1400/918 1074/1358/884
f 1082/1366/891 1117/1401/919 1115/1399/917 1077/1361/887
f 1048/1402/858 1118/1403/920 1110/1404/914 1046/1405/856
f 1052/1336/862 1119/1406/921 1120/1407/922 1049/1333/859
f 1121/1408/923 1116/1409/918 1122/1410/924 1123/1411/925
f 1124/1412/926 1096/1413/902 1121/1408/923 1123/1411/925
f 1125/1414/927 1126/1415/928 1127/1416/929 1128/1417/930
f 1129/1418/931 1130/1419/932 1126/1415/928 1125/1414/927
f 1131/1420/933 1122/1410/924 1116/1409/918 1115/1421/917
f 1117/1422/919 1132/1423/117 1131/1420/933 1115/1421/917
f 1133/1424/896 1119/1425/921 1052/1426/862 1112/1427/897
f 1134/1428/934 1135/1429/935 1127/1430/929 1126/1431/928
f 1130/1432/932 1136/1433/908 1134/1428/934 1126/1431/928
f 1137/1434/913 1138/1435/914 1139/1436/914 1140/1437/913
f 1109/1393/913 1110/1394/914 1138/1435/914 1137/1434/913
f 1141/1438/915 1142/1439/897 1112/1396/897 1111/1395/915
f 1143/1440/915 1088/1441/897 1142/1439/897 1141/1438/915
f 1137/1434/913 1144/1442/916 1113/1397/916 1109/1393/913
f 1140/1437/913 1145/1443/916 1144/1442/916 1137/1434/913
f 1146/1444/92 1144/1442/916 1145/1443/916 1147/1445/92
f 1114/1398/92 1113/1397/916 1144/1442/916 1146/1444/92
f 1118/1403/920 1148/1446/920 1138/1447/914 1110/1404/914
f 1138/1447/914 1148/1446/920 1149/1448/920 1139/1449/914
f 1150/1450/936 1151/1451/925 1123/1411/925 1122/1410/924
f 1069/1353/879 1152/1452/937 1151/1451/925 1150/1450/936
f 1153/1453/926 1151/1451/925 1152/1452/937 1154/1454/926
f 1124/1412/926 1123/1411/925 1151/1451/925 1153/1453/926
f 1150/1450/936 1155/1455/938 1070/1354/880 1069/1353/879
f 1122/1410/924 1131/1420/933 1155/1455/938 1150/1450/936
f 1156/1456/939 1155/1455/938 1131/1420/933 1132/1423/117
f 1072/1356/882 1070/1354/880 1155/1455/938 1156/1456/939
f 1087/1371/896 1157/1457/896 1142/1458/897 1088/1372/897
f 1142/1458/897 1157/1457/896 1133/1424/896 1112/1427/897
f 1158/1459/940 1159/1460/941 1160/1461/942 1161/1462/943
f 1135/1429/935 1134/1428/934 1159/1460/941 1158/1459/940
f 1162/1463/908 1159/1460/941 1134/1428/934 1136/1433/908
f 1102/1386/908 1160/1461/942 1159/1460/941 1162/1463/908
f 1163/1464/944 1164/1465/945 1058/1342/868 1057/1341/867
f 1140/1437/913 1139/1436/914 1164/1465/945 1163/1464/944
f 1165/1466/946 1085/1369/894 1088/1441/897 1143/1440/915
f 1165/1466/946 1166/1467/947 1086/1370/895 1085/1369/894
f 1163/1464/944 1167/1468/948 1145/1443/916 1140/1437/913
f 1057/1341/867 1060/1344/870 1167/1468/948 1163/1464/944
f 1168/1469/949 1167/1468/948 1060/1344/870 1063/1347/873
f 1147/1445/92 1145/1443/916 1167/1468/948 1168/1469/949
f 1149/1448/920 1169/1470/950 1164/1465/945 1139/1449/914
f 1164/1465/945 1169/1470/950 1062/1346/872 1058/1342/868
f 1065/1349/875 1170/1471/951 1152/1452/937 1069/1353/879
f 1065/1349/875 1068/1352/878 1171/1472/952 1170/1471/951
f 1105/1389/911 1172/1473/953 1170/1471/951 1171/1472/952
f 1154/1454/926 1152/1452/937 1170/1471/951 1172/1473/953
f 1056/1340/866 1055/1339/865 1173/1474/954 1174/1475/955
f 1173/1474/954 1051/1335/861 1050/1334/860 1174/1475/955
f 1166/1467/947 1175/1476/956 1176/1477/957 1086/1370/895
f 1063/1347/873 1064/1348/874 1176/1477/957 1175/1476/956
f 1177/1478/958 1178/1479/959 1071/1355/881 1072/1356/882
f 1161/1462/943 1179/1480/960 1178/1479/959 1177/1478/958
f 1180/1481/961 1178/1479/959 1179/1480/960 1181/1482/962
f 1073/1357/883 1071/1355/881 1178/1479/959 1180/1481/961
f 1092/1376/28 1182/1483/668 1183/1484/668 1184/1485/28
f 1182/1483/668 1120/1407/922 1185/1486/963 1183/1484/668
f 1129/1418/931 1186/1487/964 1183/1484/668 1185/1486/963
f 1186/1487/964 1080/1364/28 1184/1485/28 1183/1484/668
f 1089/1373/26 1187/1488/965 1176/1477/957 1064/1348/874
f 1086/1370/895 1176/1477/957 1187/1488/965 1083/1367/892
f 1174/1475/955 1188/1489/966 1091/1375/899 1056/1340/866
f 1050/1334/860 1049/1333/859 1188/1489/966 1174/1475/955
f 1049/1333/859 1120/1407/922 1182/1483/668 1188/1489/966
f 1188/1489/966 1182/1483/668 1092/1376/28 1091/1375/899
f 1180/1481/961 1189/1490/967 1190/1491/968 1073/1357/883
f 1181/1482/962 1191/1492/969 1189/1490/967 1180/1481/961
f 1192/1493/970 1189/1490/967 1191/1492/969 1099/1383/905
f 1108/1392/26 1190/1491/968 1189/1490/967 1192/1493/970
f 1055/1339/865 1114/1398/92 1193/1494/971 1173/1474/954
f 1193/1494/971 1111/1395/915 1051/1335/861 1173/1474/954
f 1194/1495/972 1117/1401/919 1082/1366/891 1195/1496/973
f 1195/1496/973 1128/1417/930 1127/1416/929 1194/1495/972
f 1132/1423/117 1117/1422/919 1194/1497/972 1196/1498/974
f 1194/1497/972 1127/1430/929 1135/1429/935 1196/1498/974
f 1197/1499/971 1198/1500/971 1146/1444/92 1147/1445/92
f 1143/1440/915 1141/1438/915 1198/1500/971 1197/1499/971
f 1193/1494/971 1198/1500/971 1141/1438/915 1111/1395/915
f 1114/1398/92 1146/1444/92 1198/1500/971 1193/1494/971
f 1196/1498/974 1199/1501/975 1156/1456/939 1132/1423/117
f 1135/1429/935 1158/1459/940 1199/1501/975 1196/1498/974
f 1177/1478/958 1199/1501/975 1158/1459/940 1161/1462/943
f 1072/1356/882 1156/1456/939 1199/1501/975 1177/1478/958
f 1175/1476/956 1200/1502/976 1168/1469/949 1063/1347/873
f 1166/1467/947 1165/1466/946 1200/1502/976 1175/1476/956
f 1197/1499/971 1200/1502/976 1165/1466/946 1143/1440/915
f 1147/1445/92 1168/1469/949 1200/1502/976 1197/1499/971
f 1078/1362/888 1094/1378/900 1201/1503/717 1079/1363/889
f 1094/1378/900 1047/1331/857 1093/1377/717 1201/1503/717
f 1092/1376/28 1184/1485/28 1201/1503/717 1093/1377/717
f 1184/1485/28 1080/1364/28 1079/1363/889 1201/1503/717
f 1121/1504/923 1096/1380/902 1078/1362/888 1075/1359/885
f 1075/1359/885 1074/1358/884 1116/1400/918 1121/1504/923
f 1099/1383/905 1191/1492/969 1202/1505/977 1100/1384/906
f 1191/1492/969 1181/1482/962 1179/1480/960 1202/1505/977
f 1160/1461/942 1202/1505/977 1179/1480/960 1161/1462/943
f 1102/1386/908 1100/1384/906 1202/1505/977 1160/1461/942
f 1171/1472/952 1203/1506/978 1106/1390/912 1105/1389/911
f 1068/1352/878 1067/1351/877 1203/1506/978 1171/1472/952
f 1190/1491/968 1203/1506/978 1067/1351/877 1073/1357/883
f 1108/1392/26 1106/1390/912 1203/1506/978 1190/1491/968
f 1096/1413/902 1124/1412/926 1204/1507/979 1095/1508/901
f 1204/1507/979 1118/1403/920 1048/1402/858 1095/1508/901
f 1130/1419/932 1129/1418/931 1185/1486/963 1205/1509/980
f 1185/1486/963 1120/1407/922 1119/1406/921 1205/1509/980
f 1136/1433/908 1130/1432/932 1205/1510/980 1206/1511/907
f 1205/1510/980 1119/1425/921 1133/1424/896 1206/1511/907
f 1207/1512/979 1208/1513/979 1153/1453/926 1154/1454/926
f 1149/1448/920 1148/1446/920 1208/1513/979 1207/1512/979
f 1204/1507/979 1208/1513/979 1148/1446/920 1118/1403/920
f 1124/1412/926 1153/1453/926 1208/1513/979 1204/1507/979
f 1206/1511/907 1209/1514/907 1162/1463/908 1136/1433/908
f 1133/1424/896 1157/1457/896 1209/1514/907 1206/1511/907
f 1101/1385/907 1209/1514/907 1157/1457/896 1087/1371/896
f 1102/1386/908 1162/1463/908 1209/1514/907 1101/1385/907
f 1103/1387/909 1210/1515/981 1172/1473/953 1105/1389/911
f 1062/1346/872 1169/1470/950 1210/1515/981 1103/1387/909
f 1207/1512/979 1210/1515/981 1169/1470/950 1149/1448/920
f 1154/1454/926 1172/1473/953 1210/1515/981 1207/1512/979
f 1125/1414/927 1211/1516/982 1186/1487/964 1129/1418/931
f 1128/1417/930 1195/1496/973 1211/1516/982 1125/1414/927
f 1081/1365/890 1211/1516/982 1195/1496/973 1082/1366/891
f 1080/1364/28 1186/1487/964 1211/1516/982 1081/1365/890
f 1099/1383/905 1097/1381/903 1212/1517/983 1192/1493/970
f 1097/1381/903 1083/1367/892 1187/1488/965 1212/1517/983
f 1089/1373/26 1107/1391/26 1212/1517/983 1187/1488/965
f 1107/1391/26 1108/1392/26 1192/1493/970 1212/1517/983
f 1213/1518/58 1214/1519/58 1215/1520/58 1216/1521/58
f 1217/1522/5 1218/1523/5 1219/1524/5 1220/1525/5
f 1221/1526/984 1222/1527/984 1223/1528/984 1224/1529/984
f 1225/1530/26 1226/1531/26 1227/1532/26 1228/1533/26
f 1229/1534/92 1230/1535/985 1231/1536/92 1232/1537/92
f 1221/1526/28 1224/1529/28 1233/1538/28 1234/1539/28
f 1235/1540/117 1236/1541/117 1237/1542/117 1238/1543/117
f 1229/1534/92 1234/1539/92 1233/1538/92 1230/1535/985
f 1239/1544/58 1216/1521/58 1240/1545/58 1241/1546/58
f 1228/1533/26 1227/1532/26 1236/1541/26 1235/1540/26
f 1242/1547/5 1243/1548/5 1244/1549/5 1245/1550/5
f 1223/1528/28 1222/1527/28 1246/1551/28 1247/1552/28
f 1248/1553/986 1249/1554/987 1250/1555/92 1251/1556/92
f 1252/1557/92 1253/1558/92 1254/1559/92 1255/1560/92
f 1249/1554/5 1217/1561/5 1256/1562/5 1250/1555/5
f 1251/1563/988 1257/1564/988 1226/1565/988 1231/1566/988
f 1258/1567/58 1259/1568/58 1260/1569/58 1261/1570/58
f 1231/1536/92 1226/1531/92 1225/1530/92 1232/1537/92
f 1240/1545/58 1261/1571/58 1260/1572/58 1262/1573/58
f 1263/1574/5 1256/1575/5 1244/1549/5 1243/1548/5
f 1237/1542/117 1247/1576/117 1246/1577/117 1238/1543/117
f 1241/1546/58 1240/1545/58 1262/1573/58 1264/1578/58
f 1245/1550/5 1244/1549/5 1220/1525/5 1265/1579/5
f 1266/1580/92 1267/1581/92 1268/1582/92 1269/1583/92
f 1270/1584/92 1271/1585/92 1272/1586/92 1258/1567/92
f 1250/1555/5 1256/1562/5 1263/1587/5 1273/1588/5
f 1231/1566/988 1230/1589/988 1248/1590/988 1251/1563/988
f 1270/1584/58 1258/1567/58 1261/1570/58 1215/1591/58
f 1272/1592/989 1232/1593/989 1225/1594/989 1274/1595/989
f 1274/1596/990 1259/1568/990 1253/1558/990 1252/1557/990
f 1254/1559/58 1253/1558/58 1259/1568/58 1258/1567/58
f 1258/1567/991 1272/1586/991 1255/1560/991 1254/1559/991
f 1255/1560/5 1272/1592/5 1274/1595/5 1252/1557/5
f 1273/1588/990 1257/1597/990 1267/1581/990 1266/1580/990
f 1268/1582/58 1267/1581/58 1257/1564/58 1251/1563/58
f 1251/1556/991 1250/1555/991 1269/1583/991 1268/1582/991
f 1269/1583/5 1250/1555/5 1273/1588/5 1266/1580/5
f 1216/1521/58 1215/1520/58 1261/1571/58 1240/1545/58
f 1256/1575/5 1217/1522/5 1220/1525/5 1244/1549/5
f 1274/1596/26 1225/1598/26 1260/1569/26 1259/1568/26
f 1257/1597/26 1273/1588/26 1263/1587/26 1226/1599/26
f 1227/1532/26 1226/1531/26 1263/1574/26 1243/1600/26
f 1221/1526/28 1234/1539/28 1214/1519/28 1213/1601/28
f 1236/1541/117 1242/1602/117 1245/1603/117 1237/1542/117
f 1227/1532/26 1243/1600/26 1242/1602/26 1236/1541/26
f 1228/1533/26 1235/1540/26 1264/1604/26 1262/1605/26
f 1222/1527/28 1216/1606/28 1239/1607/28 1246/1551/28
f 1223/1528/28 1247/1552/28 1265/1608/28 1220/1609/28
f 1237/1542/117 1245/1603/117 1265/1610/117 1247/1576/117
f 1238/1543/117 1241/1611/117 1264/1604/117 1235/1540/117
f 1222/1527/984 1221/1526/984 1213/1601/984 1216/1606/984
f 1224/1529/984 1223/1528/984 1220/1609/984 1219/1612/984
f 1234/1539/92 1229/1534/92 1215/1520/92 1214/1519/92
f 1225/1530/26 1228/1533/26 1262/1605/26 1260/1572/26
f 1233/1538/28 1224/1529/28 1219/1612/28 1218/1523/28
f 1246/1577/117 1239/1613/117 1241/1611/117 1238/1543/117
f 1232/1593/989 1272/1592/989 1271/1614/989 1229/1615/989
f 1248/1553/986 1230/1616/985 1217/1561/987 1249/1554/987
f 1215/1591/992 1229/1617/992 1271/1585/992 1270/1584/992
f 1230/1535/985 1233/1538/92 1218/1523/92 1217/1522/987
f 1275/1618/58 1276/1619/58 1277/1620/58 1278/1621/58
f 1279/1622/117 1280/1623/117 1281/1624/117 1282/1625/117
f 1283/1626/26 1284/1627/26 1285/1628/26 1286/1629/26
f 1287/1630/28 1282/1631/28 1281/1632/28 1288/1633/28
f 1289/1634/26 1290/1635/26 1291/1636/26 1286/1629/26
f 1292/1637/26 1293/1638/26 1294/1639/26 1283/1640/26
f 1295/1641/28 1296/1642/28 1287/1630/28 1297/1643/28
f 1298/1644/993 1297/1645/993 1299/1646/993 1300/1647/993
f 1301/1648/58 1302/1649/58 1303/1650/58 1304/1651/58
f 1304/1651/994 1303/1650/994 1305/1652/994 1306/1653/994
f 1307/1654/995 1306/1653/995 1305/1652/995 1298/1655/995
f 1279/1622/117 1308/1656/117 1309/1657/117 1310/1658/117
f 1308/1656/58 1311/1659/58 1312/1660/58 1309/1657/58
f 1313/1661/58 1314/1662/58 1315/1663/58 1316/1664/58
f 1317/1665/996 1318/1666/996 1315/1663/996 1314/1662/996
f 1318/1666/997 1317/1665/997 1319/1667/997 1320/1668/997
f 1321/1669/117 1322/1670/117 1323/1671/117 1324/1672/117
f 1325/1673/117 1323/1671/117 1322/1670/117 1326/1674/117
f 1327/1675/58 1328/1676/58 1313/1677/58 1316/1678/58
f 1313/1661/58 1301/1648/58 1304/1651/58 1314/1662/58
f 1306/1653/998 1317/1665/998 1314/1662/998 1304/1651/998
f 1306/1653/999 1307/1654/999 1319/1667/999 1317/1665/999
f 1329/1679/117 1310/1658/117 1322/1670/117 1321/1669/117
f 1326/1674/117 1322/1670/117 1310/1658/117 1309/1657/117
f 1328/1676/58 1312/1660/58 1301/1680/58 1313/1677/58
f 1316/1664/58 1315/1663/58 1293/1638/58 1292/1637/58
f 1294/1639/1000 1293/1638/1000 1315/1663/1000 1318/1666/1000
f 1294/1639/5 1318/1666/5 1320/1668/5 1283/1640/5
f 1323/1671/117 1289/1634/117 1330/1681/117 1324/1672/117
f 1290/1635/117 1289/1634/117 1323/1671/117 1325/1673/117
f 1291/1636/58 1327/1675/58 1316/1678/58 1292/1682/58
f 1302/1683/58 1311/1659/58 1296/1642/58 1295/1641/58
f 1283/1626/26 1286/1629/26 1291/1636/26 1292/1682/26
f 1282/1631/28 1287/1630/28 1296/1642/28 1331/1684/28
f 1312/1660/58 1311/1659/58 1302/1683/58 1301/1680/58
f 1327/1675/58 1325/1673/58 1326/1674/58 1328/1676/58
f 1328/1676/58 1326/1674/58 1309/1657/58 1312/1660/58
f 1291/1636/58 1290/1635/58 1325/1673/58 1327/1675/58
f 1332/1685/28 1295/1686/28 1297/1687/28 1333/1688/28
f 1298/1655/5 1305/1652/5 1333/1688/5 1297/1687/5
f 1302/1649/58 1295/1686/58 1332/1685/58 1303/1650/58
f 1332/1685/1001 1333/1688/1001 1305/1652/1001 1303/1650/1001
f 1275/1618/28 1331/1689/28 1296/1690/28 1276/1619/28
f 1276/1619/1002 1296/1690/1002 1311/1691/1002 1277/1620/1002
f 1277/1620/26 1311/1691/26 1308/1692/26 1278/1621/26
f 1308/1692/117 1331/1689/117 1275/1618/117 1278/1621/117
f 1279/1622/117 1282/1625/117 1331/1693/117 1308/1656/117
f 1300/1647/1003 1334/1694/1003 1307/1695/1003 1298/1644/1003
f 1310/1658/117 1329/1679/117 1280/1623/117 1279/1622/117
f 1335/1696/1004 1336/1697/1004 1320/1698/1004 1319/1699/1004
f 1334/1694/1005 1335/1696/1005 1319/1699/1005 1307/1695/1005
f 1284/1627/1006 1283/1626/1006 1320/1698/1006 1336/1697/1006
f 1288/1633/28 1299/1700/28 1297/1643/28 1287/1630/28
f 1330/1681/26 1289/1634/26 1286/1629/26 1285/1628/26
f 1337/1701/5 1338/1702/5 1339/1703/5 1340/1704/5
f 1281/1624/117 1280/1623/117 1341/1705/117 1342/1706/117
f 1285/1628/26 1284/1627/26 1343/1707/26 1344/1708/26
f 1345/1709/28 1288/1633/28 1281/1632/28 1342/1710/28
f 1346/1711/26 1344/1708/26 1347/1712/26 1348/1713/26
f 1349/1714/26 1350/1715/26 1351/1716/26 1343/1717/26
f 1352/1718/28 1353/1719/28 1345/1709/28 1354/1720/28
f 1299/1646/993 1353/1721/993 1355/1722/993 1300/1647/993
f 1356/1723/510 1357/1724/510 1358/1725/5 1359/1726/5
f 1357/1724/994 1360/1727/994 1361/1728/994 1358/1725/994
f 1362/1729/1007 1355/1730/1007 1361/1728/1007 1360/1727/1007
f 1363/1731/117 1364/1732/117 1341/1705/117 1365/1733/117
f 1366/1734/5 1367/1735/5 1364/1732/5 1363/1731/5
f 1368/1736/5 1369/1737/510 1370/1738/510 1371/1739/5
f 1372/1740/996 1369/1737/996 1368/1736/996 1373/1741/996
f 1373/1741/1008 1374/1742/1008 1375/1743/1008 1372/1740/1008
f 1321/1669/117 1324/1672/117 1376/1744/117 1377/1745/117
f 1377/1745/117 1376/1744/117 1378/1746/117 1379/1747/117
f 1380/1748/510 1371/1749/5 1370/1750/510 1381/1751/5
f 1370/1738/510 1369/1737/510 1357/1724/510 1356/1723/510
f 1360/1727/998 1357/1724/998 1369/1737/998 1372/1740/998
f 1360/1727/1009 1372/1740/1009 1375/1743/1009 1362/1729/1009
f 1377/1745/117 1365/1733/117 1329/1679/117 1321/1669/117
f 1365/1733/117 1377/1745/117 1379/1747/117 1363/1731/117
f 1381/1751/5 1370/1750/510 1356/1752/510 1366/1734/5
f 1350/1715/5 1368/1736/5 1371/1739/5 1351/1716/5
f 1368/1736/1000 1350/1715/1000 1349/1714/1000 1373/1741/1000
f 1349/1714/58 1343/1717/58 1374/1742/58 1373/1741/58
f 1330/1681/117 1346/1711/117 1376/1744/117 1324/1672/117
f 1376/1744/117 1346/1711/117 1348/1713/117 1378/1746/117
f 1347/1712/510 1351/1753/5 1371/1749/5 1380/1748/510
f 1359/1754/5 1352/1755/5 1354/1756/5 1367/1735/5
f 1347/1712/26 1344/1708/26 1343/1707/26 1351/1753/26
f 1354/1720/28 1345/1709/28 1342/1710/28 1382/1757/28
f 1366/1734/5 1356/1752/510 1359/1754/5 1367/1735/5
f 1379/1747/5 1378/1746/510 1380/1748/510 1381/1751/5
f 1363/1731/5 1379/1747/5 1381/1751/5 1366/1734/5
f 1378/1746/510 1348/1713/510 1347/1712/510 1380/1748/510
f 1353/1758/28 1352/1759/28 1383/1760/28 1384/1761/28
f 1384/1761/58 1361/1728/58 1355/1730/58 1353/1758/58
f 1383/1760/5 1352/1759/5 1359/1726/5 1358/1725/5
f 1361/1728/1001 1384/1761/1001 1383/1760/1001 1358/1725/1001
f 1354/1762/28 1382/1763/28 1339/1703/28 1338/1702/28
f 1367/1764/1002 1354/1762/1002 1338/1702/1002 1337/1701/1002
f 1364/1765/26 1367/1764/26 1337/1701/26 1340/1704/26
f 1339/1703/117 1382/1763/117 1364/1765/117 1340/1704/117
f 1382/1766/117 1342/1706/117 1341/1705/117 1364/1732/117
f 1300/1647/1003 1355/1722/1003 1362/1767/1003 1334/1694/1003
f 1365/1733/117 1341/1705/117 1280/1623/117 1329/1679/117
f 1335/1696/1004 1375/1768/1004 1374/1769/1004 1336/1697/1004
f 1334/1694/1005 1362/1767/1005 1375/1768/1005 1335/1696/1005
f 1374/1769/1006 1343/1707/1006 1284/1627/1006 1336/1697/1006
f 1288/1633/28 1345/1709/28 1353/1719/28 1299/1700/28
f 1330/1681/26 1285/1628/26 1344/1708/26 1346/1711/26
f 1385/1770/58 1386/1771/58 1387/1772/58 1388/1773/58
f 1389/1774/5 1390/1775/5 1391/1776/5 1392/1777/5
f 1393/1778/117 1394/1779/117 1395/1780/117 1396/1781/117
f 1397/1782/26 1398/1783/26 1399/1784/26 1400/1785/26
f 1398/1786/1010 1401/1787/1011 1402/1788/1012 1399/1789/1013
f 1403/1790/28 1404/1791/28 1405/1792/28 1406/1793/1014
f 1407/1794/1015 1408/1795/1015 1409/1796/1015 1410/1797/1015
f 1411/1798/1016 1412/1799/1016 1413/1800/1016 1414/1801/1016
f 1397/1782/1017 1400/1785/1017 1415/1802/1017 1416/1803/1017
f 1417/1804/92 1418/1805/92 1419/1806/92 1420/1807/92
f 1421/1808/117 1422/1809/117 1423/1810/117 1424/1811/117
f 1425/1812/117 1426/1813/117 1427/1814/117 1428/1815/117
f 1429/1816/92 1430/1817/92 1431/1818/92 1432/1819/92
f 1433/1820/28 1389/1774/28 1434/1821/28 1435/1822/28
f 1389/1774/5 1392/1777/5 1436/1777/5 1434/1821/5
f 1414/1823/26 1437/1824/25 1436/1825/26 1392/1826/26
f 1407/1827/26 1387/1828/26 1438/1829/26 1439/1830/26
f 1387/1772/58 1386/1771/58 1440/1831/58 1438/1832/58
f 1386/1771/28 1441/1833/28 1442/1834/28 1440/1831/28
f 1443/1835/28 1404/1791/28 1444/1836/28 1445/1837/28
f 1446/1838/28 1385/1770/28 1447/1839/28 1448/1840/28
f 1385/1770/58 1388/1773/58 1449/1841/58 1447/1839/58
f 1388/1842/26 1410/1843/26 1450/1844/26 1449/1845/26
f 1416/1846/26 1415/1847/26 1451/1848/26 1452/1849/26
f 1411/1850/26 1391/1851/26 1453/1852/26 1454/1853/26
f 1391/1776/5 1390/1775/5 1455/1854/5 1453/1855/5
f 1456/1856/28 1457/1857/28 1455/1854/28 1390/1775/28
f 1458/1858/117 1425/1812/117 1428/1815/117 1459/1859/117
f 1396/1781/117 1421/1808/117 1424/1811/117 1393/1778/117
f 1460/1860/26 1413/1861/26 1412/1799/26 1461/1862/26
f 1398/1783/26 1397/1782/26 1409/1796/26 1408/1863/26
f 1462/1864/1018 1414/1865/1019 1413/1866/1020 1460/1867/1021
f 1433/1820/28 1463/1868/28 1443/1835/28 1456/1856/28
f 1403/1790/28 1406/1793/1014 1441/1833/28 1446/1838/28
f 1416/1803/1017 1410/1797/1017 1409/1796/1017 1397/1782/1017
f 1464/1869/92 1429/1816/92 1432/1819/92 1465/1870/92
f 1466/1871/92 1417/1804/92 1420/1807/92 1467/1872/92
f 1463/1868/28 1433/1820/28 1435/1822/28 1468/1873/28
f 1401/1874/26 1407/1827/26 1439/1830/26 1469/1875/26
f 1470/1876/1022 1465/1877/1022 1432/1878/1022 1437/1824/1022
f 1403/1790/28 1446/1838/28 1448/1840/28 1471/1879/28
f 1459/1859/28 1428/1815/28 1472/1880/28 1473/1837/28
f 1474/1881/26 1411/1850/26 1454/1853/26 1475/1882/26
f 1393/1778/26 1424/1811/26 1476/1883/26 1477/1778/26
f 1478/1884/1023 1467/1872/1023 1479/1885/1024 1480/1886/1025
f 1406/1793/1026 1405/1792/1027 1481/1887/1027 1482/1888/1026
f 1463/1868/58 1468/1873/1028 1483/1889/1028 1484/1890/58
f 1439/1830/1029 1438/1829/1030 1485/1891/1029
f 1408/1795/1020 1407/1794/1031 1401/1787/1011 1398/1786/1010
f 1420/1807/28 1442/1834/28 1479/1885/1014 1467/1872/28
f 1412/1799/1017 1411/1798/1017 1474/1892/1017 1461/1862/1017
f 1435/1822/28 1434/1821/28 1486/1893/28
f 1487/1879/28 1396/1781/28 1395/1780/28 1488/1894/28
f 1489/1840/28 1490/1895/28 1422/1809/28 1421/1808/28
f 1491/1841/58 1423/1896/58 1422/1809/58 1490/1895/58
f 1491/1897/26 1476/1883/26 1424/1811/26 1423/1810/26
f 1492/1898/26 1458/1858/26 1394/1779/26 1493/1899/26
f 1494/1900/26 1495/1901/26 1426/1813/26 1425/1812/26
f 1496/1902/5 1427/1814/5 1426/1903/5 1495/1904/5
f 1472/1880/28 1428/1815/28 1427/1814/28 1496/1902/28
f 1487/1879/28 1489/1840/28 1421/1808/28 1396/1781/28
f 1472/1880/28 1457/1857/28 1445/1837/28 1473/1837/28
f 1492/1898/26 1494/1900/26 1425/1812/26 1458/1858/26
f 1476/1883/26 1450/1844/26 1452/1849/26 1477/1778/26
f 1471/1879/28 1487/1879/28 1488/1894/28 1444/1836/28
f 1447/1839/28 1490/1895/28 1489/1840/28 1448/1840/28
f 1449/1841/58 1491/1841/58 1490/1895/58 1447/1839/58
f 1450/1844/26 1476/1883/26 1491/1897/26 1449/1845/26
f 1475/1882/26 1492/1898/26 1493/1899/26 1451/1848/26
f 1454/1853/26 1453/1852/26 1495/1901/26 1494/1900/26
f 1455/1854/5 1496/1902/5 1495/1904/5 1453/1855/5
f 1457/1857/28 1472/1880/28 1496/1902/28 1455/1854/28
f 1448/1840/28 1489/1840/28 1487/1879/28 1471/1879/28
f 1454/1853/26 1494/1900/26 1492/1898/26 1475/1882/26
f 1445/1837/28 1457/1857/28 1456/1856/28 1443/1835/28
f 1452/1849/26 1450/1844/26 1410/1843/26 1416/1846/26
f 1386/1771/28 1385/1770/28 1446/1838/28 1441/1833/28
f 1391/1851/26 1411/1850/26 1414/1823/26 1392/1826/26
f 1485/1905/58 1438/1832/58 1440/1831/58 1497/1906/58
f 1479/1885/1014 1442/1834/28 1441/1833/28 1406/1793/1014
f 1479/1885/1024 1406/1793/5 1482/1888/5 1480/1886/1025
f 1469/1875/1032 1439/1830/1032 1417/1907/1032 1466/1908/1032
f 1434/1821/5 1436/1777/5 1498/1909/5 1486/1893/5
f 1468/1873/28 1435/1822/28 1429/1816/28 1464/1869/28
f 1468/1873/1028 1464/1869/1033 1499/1910/1033 1483/1889/1028
f 1470/1876/25 1437/1824/25 1414/1823/26 1462/1911/25
f 1388/1842/26 1387/1828/26 1407/1827/26 1410/1843/26
f 1390/1775/28 1389/1774/28 1433/1820/28 1456/1856/28
f 1394/1779/117 1458/1858/117 1459/1859/117 1395/1780/117
f 1399/1784/26 1460/1860/26 1461/1862/26 1400/1785/26
f 1402/1788/1012 1462/1864/1018 1460/1867/1021 1399/1789/1013
f 1405/1792/28 1404/1791/28 1443/1835/28 1463/1868/28
f 1415/1802/1017 1400/1785/1017 1461/1862/1017 1474/1892/1017
f 1404/1791/28 1403/1790/28 1471/1879/28 1444/1836/28
f 1415/1847/26 1474/1881/26 1475/1882/26 1451/1848/26
f 1405/1792/1027 1463/1868/1034 1484/1890/1034 1481/1887/1027
f 1395/1780/28 1459/1859/28 1473/1837/28 1488/1894/28
f 1394/1779/26 1393/1778/26 1477/1778/26 1493/1899/26
f 1488/1894/28 1473/1837/28 1445/1837/28 1444/1836/28
f 1493/1899/26 1477/1778/26 1452/1849/26 1451/1848/26
f 1431/1818/1035 1430/1817/1035 1486/1893/1035 1498/1909/1036
f 1497/1906/1037 1419/1806/1038 1418/1805/1038 1485/1905/1039
f 1497/1906/28 1440/1831/28 1442/1834/28
f 1419/1806/28 1497/1906/28 1442/1834/28
f 1439/1830/1029 1485/1891/1029 1418/1912/1040
f 1439/1830/1029 1418/1912/1040 1417/1907/1040
f 1435/1822/28 1486/1893/28 1430/1817/28
f 1435/1822/28 1430/1817/28 1429/1816/28
f 1498/1913/1029 1436/1825/1030 1437/1824/1029
f 1442/1834/28 1420/1807/28 1419/1806/28
f 1437/1824/1029 1431/1914/1040 1498/1913/1029
f 1437/1824/1029 1432/1878/1040 1431/1914/1040
f 1500/1915/1023 1478/1884/1023 1480/1886/1025 1501/1916/1041
f 1481/1887/1027 1502/1917/1027 1503/1918/1042 1482/1888/1026
f 1483/1889/1028 1504/1919/1028 1505/1920/58 1484/1890/58
f 1482/1888/5 1503/1918/5 1501/1916/1041 1480/1886/1025
f 1483/1889/1028 1499/1910/1033 1506/1921/1033 1504/1919/1028
f 1484/1890/1034 1505/1920/1034 1502/1917/1027 1481/1887/1027
f 1466/1922/1023 1500/1915/1023 1501/1916/1041 1469/1923/1043
f 1502/1917/1027 1402/1924/1027 1401/1925/1042 1503/1918/1042
f 1504/1919/1028 1470/1926/1044 1462/1927/58 1505/1920/58
f 1503/1918/5 1401/1925/5 1469/1923/1043 1501/1916/1041
f 1504/1919/1028 1506/1921/1033 1465/1928/1033 1470/1926/1044
f 1505/1920/1034 1462/1927/1034 1402/1924/1027 1502/1917/1027
f 1507/1929/58 1508/1930/58 1509/1931/58 1510/1932/58
f 1511/1933/5 1512/1934/5 1513/1935/5 1514/1936/5
f 1512/1937/1045 1508/1930/1046 1507/1929/1047 1513/1938/1047
f 1515/1939/58 1516/1940/58 1517/1941/58 1518/1942/58
f 1509/1931/1048 1511/1933/1048 1519/1943/1048 1520/1944/1048
f 1519/1943/5 1511/1933/5 1514/1936/5 1521/1945/5
f 1522/1946/1049 1523/1947/1050 1524/1948/1050 1525/1949/1049
f 1526/1950/1051 1517/1941/1051 1527/1951/1051 1528/1952/1051
f 1526/1950/1052 1528/1952/1052 1529/1953/1052 1530/1954/1052
f 1527/1951/1053 1517/1941/1053 1516/1940/1053 1531/1955/1053
f 1530/1954/1054 1529/1953/1054 1532/1956/1054 1533/1957/1054
f 1528/1958/5 1527/1951/5 1534/1959/5
f 1535/1960/5 1534/1959/5 1527/1951/5 1531/1955/5
f 1517/1941/58 1526/1950/58 1518/1942/58
f 1515/1939/58 1533/1957/58 1536/1961/58 1537/1962/58
f 1538/1963/58 1507/1929/58 1510/1932/58 1524/1948/58
f 1514/1936/5 1513/1935/5 1539/1964/5 1523/1965/5
f 1513/1938/1047 1507/1929/1047 1538/1963/1047 1539/1966/1047
f 1515/1939/58 1518/1942/58 1530/1954/58 1533/1957/58
f 1521/1945/5 1514/1936/5 1523/1965/5 1522/1967/5
f 1529/1968/5 1534/1959/5 1535/1960/5 1532/1969/5
f 1520/1944/58 1540/1970/58 1510/1932/58 1509/1931/58
f 1526/1950/58 1530/1954/58 1518/1942/58
f 1534/1959/5 1529/1968/5 1528/1958/5
f 1541/1971/58 1509/1931/58 1508/1930/58 1542/1972/58
f 1508/1930/1046 1512/1937/1045 1543/1973/1055 1542/1972/1055
f 1544/1974/5 1545/1975/5 1546/1976/5 1547/1977/5
f 1511/1933/1056 1509/1931/1056 1541/1971/1056 1548/1978/1056
f 1547/1977/1056 1511/1979/1056 1548/1980/1056 1544/1981/1056
f 1545/1982/1055 1543/1983/1055 1512/1984/1045 1546/1976/1055
f 1549/1985/1048 1531/1955/1048 1516/1940/1048 1550/1986/1048
f 1531/1955/5 1549/1985/5 1551/1987/5 1535/1960/5
f 1537/1962/58 1536/1961/58 1525/1949/58 1540/1970/58
f 1535/1960/5 1551/1987/5 1552/1988/5 1532/1969/5
f 1537/1962/58 1550/1986/58 1516/1940/58 1515/1939/58
f 1550/1986/1048 1520/1944/1048 1519/1943/1048 1549/1985/1048
f 1549/1985/1057 1519/1943/1058 1521/1945/1059 1551/1987/1060
f 1522/1946/1049 1525/1949/1049 1536/1961/1049 1552/1989/1049
f 1551/1987/1060 1521/1945/1059 1522/1967/1061 1552/1988/1062
f 1540/1970/58 1520/1944/58 1550/1986/58 1537/1962/58
f 1540/1970/58 1525/1949/58 1524/1948/58 1510/1932/58
f 1548/1990/1063 1543/1991/1063 1545/1975/1063 1544/1974/1063
f 1538/1963/1064 1524/1948/1050 1523/1947/1050 1539/1992/1064
f 1511/1979/1065 1547/1977/1065 1546/1976/1065 1512/1984/1065
f 1542/1972/1063 1543/1973/1063 1548/1978/1063 1541/1971/1063
f 1533/1957/1049 1532/1956/1049 1552/1989/1049 1536/1961/1049
f 1553/1993/5 1554/1994/5 1555/1995/5 1556/1996/5
f 1557/1997/1066 1558/1998/1067 1559/1999/1067 1560/2000/1066
f 1561/2001/1068 1562/2002/1069 1563/2003/1069 1564/2004/1069
f 1565/2005/1070 1566/2006/1070 1567/2007/1071 1568/2008/1071
f 1557/1997/1066 1560/2000/1066 1569/2009/1072 1570/2010/1072
f 1571/2011/1073 1572/2012/1073 1573/2013/1074 1574/2014/1074
f 1575/2015/1075 1576/2016/1076 1577/2017/1077 1578/2018/1077
f 1578/2018/1077 1577/2017/1077 1579/2019/1078 1580/2020/1079
f 1581/2021/1080 1582/2022/1080 1583/2023/1081 1584/2024/1081
f 1584/2024/1081 1583/2023/1081 1580/2020/1079 1579/2019/1078
f 1585/2025/1082 1566/2006/1070 1565/2005/1070 1586/2026/1082
f 1587/2027/5 1588/2028/5 1589/2029/5 1590/2030/5
f 1591/2031/1083 1592/2032/1083 1593/2033/1084 1594/2034/1084
f 1595/2035/5 1596/2036/5 1597/2037/5 1598/2038/5
f 1599/2039/5 1600/2040/5 1601/2041/5 1602/2042/5
f 1603/2043/5 1604/2044/5 1605/2045/5 1606/2046/5
f 1607/2047/5 1608/2048/5 1609/2049/5 1610/2050/5
f 1596/2036/1085 1611/2051/1085 1612/2052/1086 1597/2037/1086
f 1613/2053/5 1614/2054/5 1588/2028/5 1587/2027/5
f 1615/2055/5 1589/2029/5 1588/2028/5 1616/2056/5
f 1617/2057/5 1618/2058/5 1619/2059/5 1607/2047/5
f 1605/2045/5 1604/2044/5 1619/2059/5 1620/2060/5
f 1603/2043/5 1609/2049/5 1608/2048/5 1604/2044/5
f 1621/2061/1087 1622/2062/1087 1623/2063/1087 1624/2064/1087
f 1625/2065/5 1626/2066/5 1627/2067/5 1628/2068/5
f 1629/2069/1088 1630/2070/1089 1561/2001/1090 1564/2004/1091
f 1631/2071/5 1632/2072/5 1633/2073/5 1634/2074/5
f 1635/2075/5 1560/2000/5 1559/1999/5 1636/2076/5
f 1637/2077/5 1591/2031/5 1594/2034/5 1638/2078/5
f 1639/2079/5 1629/2069/5 1640/2080/5 1641/2081/510
f 1642/2082/5 1643/2083/510 1595/2035/5 1598/2038/5
f 1644/2084/5 1622/2062/5 1645/2085/5 1646/2086/5
f 1647/2087/5 1648/2088/5 1565/2005/5 1568/2008/5
f 1649/2089/5 1650/2090/5 1571/2011/5 1574/2014/5
f 1651/2091/5 1581/2021/5 1584/2024/5 1652/2092/5
f 1652/2092/5 1584/2024/5 1579/2019/5 1653/2093/5
f 1653/2093/5 1579/2019/5 1577/2017/5 1654/2094/5
f 1655/2095/5 1654/2094/5 1577/2017/5 1576/2016/5
f 1655/2095/5 1576/2016/5 1569/2009/5 1656/2096/5
f 1636/2097/1092 1637/2098/1093 1657/2099/1094 1658/2100/1095
f 1638/2101/1096 1659/2102/1097 1660/2103/1098 1661/2104/1099
f 1639/2105/1100 1662/2106/1101 1663/2107/1102 1664/2108/1103
f 1665/2109/1104 1641/2110/1105 1643/2111/1106 1666/2112/1107
f 1644/2113/1108 1667/2114/1109 1668/2115/1110 1642/2116/1111
f 1669/2117/1112 1670/2118/1113 1671/2119/1114 1672/2120/1115
f 1671/2119/1114 1670/2118/1113 1648/2121/1116 1673/2122/1117
f 1650/2123/1118 1674/2124/1119 1675/2125/1120 1647/2126/1121
f 1676/2127/1122 1649/2128/1123 1651/2129/1124 1677/2130/1125
f 1677/2130/1125 1651/2129/1124 1652/2131/1126 1678/2132/1127
f 1653/2133/1128 1679/2134/1129 1678/2132/1127 1652/2131/1126
f 1653/2133/1128 1654/2135/1130 1680/2136/1131 1679/2134/1129
f 1654/2135/1130 1655/2137/1132 1681/2138/1133 1680/2136/1131
f 1656/2139/1134 1635/2140/1135 1682/2141/1136 1683/2142/1137
f 1614/2054/5 1556/1996/5 1616/2056/5 1588/2028/5
f 1562/2002/1069 1611/2051/1085 1596/2036/1085 1563/2003/1069
f 1608/2048/5 1607/2047/5 1619/2059/5 1604/2044/5
f 1684/2143/5 1615/2055/5 1616/2056/5 1685/2144/5
f 1607/2047/5 1610/2050/5 1686/2145/5 1617/2057/5
f 1641/2081/510 1640/2080/5 1595/2035/5 1643/2083/510
f 1665/2109/1104 1687/2146/1138 1688/2147/1139 1662/2148/1140
f 1633/2073/1069 1564/2149/1069 1563/2150/1069 1634/2074/1069
f 1634/2074/1141 1563/2151/1141 1640/2152/1141 1631/2071/1141
f 1631/2071/1142 1640/2153/1142 1629/2154/1142 1632/2072/1142
f 1632/2072/1143 1629/2155/1088 1564/2156/1091 1633/2073/1143
f 1689/2157/1087 1645/2085/1087 1622/2062/1087 1621/2061/1087
f 1690/2158/1144 1691/2159/1144 1630/2070/1089 1629/2069/1088
f 1692/2160/5 1693/2161/5 1694/2162/5 1687/2146/5
f 1628/2068/5 1627/2067/5 1695/2163/5 1696/2164/5
f 1639/2079/5 1664/2165/5 1690/2158/5 1629/2069/5
f 1646/2086/5 1645/2085/5 1697/2166/5 1698/2167/5
f 1663/2107/1102 1699/2168/1145 1700/2169/1146 1701/2170/1147
f 1627/2067/1148 1626/2066/1149 1667/2171/1150 1702/2172/1151
f 1694/2162/5 1699/2168/5 1688/2147/5 1687/2146/5
f 1703/2173/5 1590/2030/5 1704/2174/5 1705/2175/5
f 1598/2038/5 1597/2037/5 1623/2063/5 1622/2062/5
f 1599/2039/5 1620/2060/5 1619/2059/5 1618/2058/5
f 1597/2037/1086 1612/2052/1086 1624/2064/1086 1623/2063/1086
f 1613/2053/5 1587/2027/5 1706/2176/5 1707/2177/5
f 1606/2046/5 1605/2045/5 1620/2060/5 1708/2178/5
f 1692/2160/5 1625/2065/5 1628/2068/5 1693/2161/5
f 1644/2084/5 1642/2082/5 1598/2038/5 1622/2062/5
f 1668/2115/1110 1625/2065/1152 1692/2160/1153 1666/2112/1107
f 1709/2179/1154 1697/2166/1087 1710/2180/1087 1711/2181/1154
f 1712/2182/1155 1713/2183/1155 1714/2184/1156 1715/2185/1156
f 1716/2186/5 1717/2187/5 1718/2188/5 1719/2189/5
f 1720/2190/5 1659/2191/5 1712/2182/5 1715/2185/5
f 1721/2192/1151 1672/2120/1115 1705/2175/1157 1695/2163/1149
f 1717/2187/5 1722/2193/5 1700/2169/5 1718/2188/5
f 1669/2194/5 1709/2179/5 1586/2026/5 1670/2195/5
f 1704/2174/5 1716/2186/5 1719/2189/5 1696/2164/5
f 1563/2003/5 1596/2036/5 1595/2035/5 1640/2080/5
f 1657/2099/1094 1685/2144/1158 1555/1995/1159 1658/2100/1095
f 1684/2143/1160 1661/2104/1099 1660/2103/1098 1722/2193/1161
f 1662/2106/1101 1688/2147/1162 1699/2168/1145 1663/2107/1102
f 1687/2146/1138 1665/2109/1104 1666/2112/1107 1692/2160/1153
f 1668/2115/1110 1667/2114/1109 1626/2066/1163 1625/2065/1152
f 1672/2120/1115 1671/2119/1114 1703/2173/1164 1705/2175/1157
f 1703/2173/1164 1671/2119/1114 1673/2122/1117 1706/2176/1165
f 1675/2125/1120 1674/2124/1119 1601/2041/1166 1707/2177/1167
f 1676/2127/1122 1677/2130/1125 1708/2178/1168 1602/2042/1169
f 1708/2178/1168 1677/2130/1125 1678/2132/1127 1606/2046/1170
f 1678/2132/1127 1679/2134/1129 1603/2043/1171 1606/2046/1170
f 1680/2136/1131 1609/2049/1172 1603/2043/1171 1679/2134/1129
f 1680/2136/1131 1681/2138/1133 1610/2050/1173 1609/2049/1172
f 1682/2141/1136 1554/1994/1174 1686/2145/1175 1683/2142/1137
f 1641/2110/1105 1665/2109/1104 1662/2148/1140 1639/2196/1176
f 1660/2103/1098 1659/2102/1097 1720/2197/1177 1701/2170/1147
f 1702/2172/1151 1667/2171/1150 1644/2198/1178 1646/2199/1178
f 1666/2112/1107 1643/2111/1106 1642/2116/1111 1668/2115/1110
f 1721/2192/1151 1702/2172/1151 1646/2199/1178 1698/2200/1178
f 1556/1996/5 1555/1995/5 1685/2144/5 1616/2056/5
f 1558/1998/1067 1592/2032/1083 1591/2031/1083 1559/1999/1067
f 1567/2007/1071 1572/2012/1073 1571/2011/1073 1568/2008/1071
f 1723/2201/5 1614/2054/5 1613/2053/5 1600/2040/5
f 1636/2076/5 1559/1999/5 1591/2031/5 1637/2077/5
f 1650/2090/5 1647/2087/5 1568/2008/5 1571/2011/5
f 1658/2100/1095 1682/2141/1136 1635/2140/1135 1636/2097/1092
f 1647/2126/1121 1675/2125/1120 1673/2122/1179 1648/2121/1180
f 1556/1996/5 1614/2054/5 1723/2201/5 1553/1993/5
f 1600/2040/5 1613/2053/5 1707/2177/5 1601/2041/5
f 1658/2100/1095 1555/1995/1159 1554/1994/1174 1682/2141/1136
f 1707/2177/1167 1706/2176/1181 1673/2122/1179 1675/2125/1120
f 1569/2009/1072 1576/2016/1076 1575/2015/1075 1570/2010/1072
f 1573/2013/1074 1582/2022/1080 1581/2021/1080 1574/2014/1074
f 1620/2060/5 1599/2039/5 1602/2042/5 1708/2178/5
f 1723/2201/5 1618/2058/5 1617/2057/5 1553/1993/5
f 1649/2089/5 1574/2014/5 1581/2021/5 1651/2091/5
f 1656/2096/5 1569/2009/5 1560/2000/5 1635/2075/5
f 1649/2128/1123 1676/2127/1122 1674/2124/1119 1650/2123/1118
f 1683/2142/1137 1681/2138/1182 1655/2137/1183 1656/2139/1134
f 1553/1993/5 1617/2057/5 1686/2145/5 1554/1994/5
f 1600/2040/5 1599/2039/5 1618/2058/5 1723/2201/5
f 1602/2042/1169 1601/2041/1166 1674/2124/1119 1676/2127/1122
f 1683/2142/1137 1686/2145/1175 1610/2050/1184 1681/2138/1182
f 1586/2026/1082 1709/2179/1154 1711/2181/1154 1585/2025/1082
f 1590/2030/5 1589/2029/5 1716/2186/5 1704/2174/5
f 1593/2033/1084 1713/2183/1155 1712/2182/1155 1594/2034/1084
f 1589/2029/5 1615/2055/5 1717/2187/5 1716/2186/5
f 1638/2078/5 1594/2034/5 1712/2182/5 1659/2191/5
f 1670/2195/5 1586/2026/5 1565/2005/5 1648/2088/5
f 1661/2104/1099 1657/2099/1094 1637/2098/1093 1638/2101/1096
f 1615/2055/5 1684/2143/5 1722/2193/5 1717/2187/5
f 1590/2030/5 1703/2173/5 1706/2176/5 1587/2027/5
f 1661/2104/1099 1684/2143/1160 1685/2144/1158 1657/2099/1094
f 1696/2164/5 1695/2163/5 1705/2175/5 1704/2174/5
f 1698/2167/5 1697/2166/5 1709/2179/5 1669/2194/5
f 1701/2170/1147 1700/2169/1146 1722/2193/1161 1660/2103/1098
f 1710/2180/1087 1697/2166/1087 1645/2085/1087 1689/2157/1087
f 1714/2184/1156 1691/2159/1144 1690/2158/1144 1715/2185/1156
f 1719/2189/5 1718/2188/5 1694/2162/5 1693/2161/5
f 1664/2165/5 1720/2190/5 1715/2185/5 1690/2158/5
f 1702/2172/1151 1721/2192/1151 1695/2163/1149 1627/2067/1148
f 1718/2188/5 1700/2169/5 1699/2168/5 1694/2162/5
f 1696/2164/5 1719/2189/5 1693/2161/5 1628/2068/5
f 1701/2170/1147 1720/2197/1177 1664/2108/1103 1663/2107/1102
f 1698/2200/1178 1669/2117/1112 1672/2120/1115 1721/2192/1151
f 1724/2202/26 1725/2203/26 1726/2204/1185 1727/2205/1185
f 1727/2205/1185 1726/2204/1185 1728/2206/1186 1729/2207/1186
f 1729/2207/1186 1728/2206/1186 1730/2208/92 1731/2209/92
f 1731/2209/92 1730/2208/92 1732/2210/1187 1733/2211/1187
f 1733/2211/1187 1732/2210/1187 1734/2212/1188 1735/2213/1188
f 1735/2213/1188 1734/2212/1188 1736/2214/28 1737/2215/28
f 1737/2215/28 1736/2214/28 1738/2216/1189 1739/2217/1189
f 1739/2217/1189 1738/2216/1189 1740/2218/1190 1741/2219/1190
f 1741/2219/1190 1740/2218/1190 1742/2220/117 1743/2221/117
f 1743/2221/117 1742/2220/117 1744/2222/1064 1745/2223/1064
f 1745/2223/1064 1744/2222/1064 1746/2224/1191 1747/2225/1191
f 1747/2225/1191 1746/2224/1191 1725/2203/26 1724/2202/26
f 1734/2226/58 1732/2227/58 1730/2228/58 1738/2229/58
f 1746/2230/58 1738/2229/58 1730/2228/58 1726/2231/58
f 1730/2228/58 1728/2232/58 1726/2231/58
f 1726/2231/58 1725/2233/58 1746/2230/58
f 1742/2234/58 1738/2229/58 1746/2230/58 1744/2235/58
f 1742/2234/58 1740/2236/58 1738/2229/58
f 1734/2226/58 1738/2229/58 1736/2237/58
f 1748/2238/5 1724/2202/5 1727/2205/5 1749/2239/5
f 1749/2239/5 1727/2205/5 1729/2207/5 1750/2240/5
f 1750/2240/5 1729/2207/5 1731/2209/5 1751/2241/5
f 1751/2241/5 1731/2209/5 1733/2211/5 1752/2242/5
f 1752/2242/5 1733/2211/5 1735/2213/5 1753/2243/5
f 1753/2243/5 1735/2213/5 1737/2215/5 1754/2244/5
f 1754/2244/5 1737/2215/5 1739/2217/5 1755/2245/5
f 1755/2245/5 1739/2217/5 1741/2219/5 1756/2246/5
f 1756/2246/5 1741/2219/5 1743/2221/5 1757/2247/5
f 1757/2247/5 1743/2221/5 1745/2223/5 1758/2248/5
f 1758/2248/5 1745/2223/5 1747/2225/5 1759/2249/5
f 1759/2249/5 1747/2225/5 1724/2202/5 1748/2238/5
f 1760/2250/26 1748/2238/26 1749/2239/1185 1761/2251/1185
f 1761/2251/1185 1749/2239/1185 1750/2240/1186 1762/2252/1186
f 1762/2252/1186 1750/2240/1186 1751/2241/92 1763/2253/92
f 1763/2253/92 1751/2241/92 1752/2242/1187 1764/2254/1187
f 1764/2254/1187 1752/2242/1187 1753/2243/1188 1765/2255/1188
f 1765/2255/1188 1753/2243/1188 1754/2244/28 1766/2256/28
f 1766/2256/28 1754/2244/28 1755/2245/1189 1767/2257/1189
f 1767/2257/1189 1755/2245/1189 1756/2246/1190 1768/2258/1190
f 1768/2258/1190 1756/2246/1190 1757/2247/117 1769/2259/117
f 1769/2259/117 1757/2247/117 1758/2248/1064 1770/2260/1064
f 1770/2260/1064 1758/2248/1064 1759/2249/1191 1771/2261/1191
f 1771/2261/1191 1759/2249/1191 1748/2238/26 1760/2250/26
f 1772/2262/1192 1760/2250/1193 1761/2251/1194 1773/2263/1195
f 1773/2263/1195 1761/2251/1194 1762/2252/1196 1774/2264/1197
f 1774/2264/1197 1762/2252/1196 1763/2253/1198 1775/2265/1199
f 1775/2265/1199 1763/2253/1198 1764/2254/1200 1776/2266/1201
f 1776/2266/1201 1764/2254/1200 1765/2255/1202 1777/2267/1203
f 1777/2267/1203 1765/2255/1202 1766/2256/1204 1778/2268/1205
f 1778/2268/1205 1766/2256/1204 1767/2257/1206 1779/2269/1207
f 1779/2269/1207 1767/2257/1206 1768/2258/1208 1780/2270/1209
f 1780/2270/1209 1768/2258/1208 1769/2259/1210 1781/2271/1211
f 1781/2271/1211 1769/2259/1210 1770/2260/1212 1782/2272/1213
f 1782/2272/1213 1770/2260/1212 1771/2261/1214 1783/2273/1215
f 1783/2273/1215 1771/2261/1214 1760/2250/1193 1772/2262/1192
f 1772/2262/1192 1773/2263/1195 1784/2274/5
f 1773/2263/1195 1774/2264/1197 1784/2274/5
f 1774/2264/1197 1775/2265/1199 1784/2274/5
f 1775/2265/1199 1776/2266/1201 1784/2274/5
f 1776/2266/1201 1777/2267/1203 1784/2274/5
f 1777/2267/1203 1778/2268/1205 1784/2274/5
f 1778/2268/1205 1779/2269/1207 1784/2274/5
f 1779/2269/1207 1780/2270/1209 1784/2274/5
f 1780/2270/1209 1781/2271/1211 1784/2274/5
f 1781/2271/1211 1782/2272/1213 1784/2274/5
f 1782/2272/1213 1783/2273/1215 1784/2274/5
f 1783/2273/1215 1772/2262/1192 1784/2274/5
f 1785/2275/5 1786/2276/1216 1787/2277/1217 1788/2278/5
f 1789/2279/5 1785/2275/5 1788/2278/5 1790/2280/5
f 1790/2281/1218 1788/2282/1219 1791/2283/1219 1792/2284/1218
f 1793/2285/1220 1787/2277/1217 1786/2276/1216 1794/2286/1221
f 1793/2285/1220 1794/2286/1221 1795/2287/1222 1796/2288/1223
f 1796/2288/1223 1795/2287/1222 1797/2289/117 1798/2290/1224
f 1797/2289/1225 1795/2287/1226 1799/2291/1227
f 1795/2287/1226 1794/2286/1228 1800/2292/1229
f 1793/2293/1230 1796/2294/1231 1801/2295/1232
f 1801/2295/1232 1802/2296/1233 1803/2297/1234 1804/2298/1235
f 1805/2299/92 1806/2300/92 1807/2301/92 1808/2302/92
f 1809/2303/1236 1810/2304/1237 1811/2305/1238 1812/2306/1239
f 1812/2306/1239 1811/2305/1238 1813/2307/1240 1814/2308/1240
f 1809/2303/1236 1815/2309/1241 1800/2292/1229 1810/2304/1237
f 1816/2310/1219 1791/2283/1219 1804/2298/1235 1803/2297/1234
f 1817/2311/1242 1796/2294/1231 1798/2312/1243
f 1791/2283/1219 1816/2310/1219 1818/2313/1218 1792/2284/1218
f 1800/2292/1229 1815/2309/1241 1799/2291/1227 1795/2287/1226
f 1801/2295/1232 1796/2294/1231 1817/2311/1242 1802/2296/1233
f 1793/2293/1230 1801/2295/1232 1804/2298/1235 1787/2314/1244
f 1807/2301/92 1819/2315/92 1820/2316/92 1808/2302/92
f 1810/2304/1237 1786/2276/1245 1785/2275/1246 1811/2305/1238
f 1821/2317/1247 1822/2318/1247 1823/2319/1248 1824/2320/1248
f 1810/2304/1237 1800/2292/1229 1794/2286/1228 1786/2276/1245
f 1791/2283/1219 1788/2282/1219 1787/2314/1244 1804/2298/1235
f 1825/2321/5 1785/2322/5 1789/2323/5 1826/2324/5
f 1827/2325/92 1819/2326/92 1807/2327/92 1828/2328/92
f 1829/2329/58 1828/2330/58 1807/2331/58 1830/2332/58
f 1831/2333/1249 1811/2334/1250 1785/2322/1250 1825/2321/1249
f 1832/2335/5 1833/2336/5 1827/2325/5 1834/2337/5
f 1827/2325/92 1828/2328/92 1835/2338/92 1834/2337/92
f 1836/2339/58 1831/2340/58 1821/2341/58 1837/2342/58
f 1831/2333/1249 1825/2321/1249 1822/2318/1247 1821/2317/1247
f 1838/2343/5 1789/2279/5 1790/2280/5 1839/2344/5
f 1790/2281/1218 1792/2284/1218 1840/2345/1251 1839/2346/1251
f 1813/2307/1240 1830/2347/1240 1841/2348/1240 1814/2308/1240
f 1818/2313/1218 1842/2349/1251 1840/2345/1251 1792/2284/1218
f 1824/2350/1252 1823/2319/1252 1843/2351/1253 1844/2352/1253
f 1826/2324/5 1789/2323/5 1838/2353/5 1833/2336/5
f 1831/2340/58 1836/2339/58 1813/2354/58 1811/2355/58
f 1823/2319/5 1822/2318/5 1845/2356/5
f 1846/2357/58 1837/2342/58 1824/2350/58 1844/2352/58
f 1836/2339/58 1829/2329/58 1830/2332/58 1813/2354/58
f 1832/2335/5 1843/2351/5 1823/2319/5 1845/2356/5
f 1839/2346/1251 1840/2345/1251 1808/2302/1251 1820/2316/1251
f 1830/2347/1240 1807/2301/1240 1806/2300/1240 1841/2348/1240
f 1842/2349/1251 1805/2299/1251 1808/2302/1251 1840/2345/1251
f 1844/2352/1253 1843/2351/1253 1847/2358/1254 1848/2359/1254
f 1833/2336/5 1838/2353/5 1819/2326/5 1827/2325/5
f 1835/2360/58 1846/2357/58 1844/2352/58 1848/2359/58
f 1843/2351/5 1832/2335/5 1834/2337/5 1847/2358/5
f 1834/2337/92 1835/2338/92 1848/2361/92 1847/2358/92
f 1821/2341/58 1824/2350/58 1837/2342/58
f 1826/2324/5 1845/2356/5 1822/2318/5 1825/2321/5
f 1837/2342/58 1846/2357/58 1829/2329/58 1836/2339/58
f 1833/2336/5 1832/2335/5 1845/2356/5 1826/2324/5
f 1846/2357/58 1835/2360/58 1828/2330/58 1829/2329/58
f 1839/2344/5 1820/2316/5 1819/2315/5 1838/2343/5
f 1849/2362/58 1850/2363/58 1851/2364/1255 1852/2365/1256
f 1850/2363/58 1849/2362/58 1853/2366/58 1854/2367/58
f 1855/2368/1219 1850/2369/1219 1854/2370/1218 1856/2371/1218
f 1857/2372/1257 1858/2373/1258 1852/2365/1256 1851/2364/1255
f 1859/2374/1259 1858/2373/1258 1857/2372/1257 1860/2375/1260
f 1797/2289/117 1859/2374/1259 1860/2375/1260 1798/2290/1224
f 1797/2289/1225 1799/2291/1227 1859/2374/1261
f 1859/2374/1261 1861/2376/1262 1858/2373/1263
f 1857/2377/1264 1862/2378/1265 1860/2379/1266
f 1862/2378/1265 1863/2380/1267 1803/2297/1234 1802/2296/1233
f 1864/2381/92 1806/2300/92 1805/2299/92 1865/2382/92
f 1866/2383/1238 1867/2384/1268 1809/2303/1236 1812/2306/1239
f 1868/2385/1240 1866/2383/1238 1812/2306/1239 1814/2308/1240
f 1809/2303/1236 1867/2384/1268 1861/2376/1262 1815/2309/1241
f 1863/2380/1267 1855/2368/1219 1816/2310/1219 1803/2297/1234
f 1817/2311/1242 1798/2312/1243 1860/2379/1266
f 1818/2313/1218 1816/2310/1219 1855/2368/1219 1856/2371/1218
f 1799/2291/1227 1815/2309/1241 1861/2376/1262 1859/2374/1261
f 1817/2311/1242 1860/2379/1266 1862/2378/1265 1802/2296/1233
f 1857/2377/1264 1851/2386/1244 1863/2380/1267 1862/2378/1265
f 1869/2387/92 1870/2388/92 1864/2381/92 1865/2382/92
f 1849/2362/1246 1852/2365/1269 1867/2384/1268 1866/2383/1238
f 1871/2389/1248 1872/2390/1247 1873/2391/1247 1874/2392/1248
f 1867/2384/1268 1852/2365/1269 1858/2373/1263 1861/2376/1262
f 1851/2386/1244 1850/2369/1219 1855/2368/1219 1863/2380/1267
f 1875/2393/58 1876/2394/58 1853/2395/58 1849/2396/58
f 1864/2397/92 1870/2398/92 1877/2399/92 1878/2400/92
f 1879/2401/5 1880/2402/5 1864/2403/5 1878/2404/5
f 1849/2396/1250 1866/2405/1250 1881/2406/1249 1875/2393/1249
f 1882/2407/58 1883/2408/58 1877/2399/58 1884/2409/58
f 1885/2410/92 1878/2400/92 1877/2399/92 1883/2408/92
f 1886/2411/5 1887/2412/5 1873/2413/5 1881/2414/5
f 1872/2390/1247 1875/2393/1249 1881/2406/1249 1873/2391/1247
f 1888/2415/58 1889/2416/58 1854/2367/58 1853/2366/58
f 1890/2417/1251 1856/2371/1218 1854/2370/1218 1889/2418/1251
f 1841/2348/1240 1880/2419/1240 1868/2385/1240 1814/2308/1240
f 1890/2417/1251 1842/2349/1251 1818/2313/1218 1856/2371/1218
f 1891/2420/1253 1871/2389/1252 1874/2421/1252 1892/2422/1253
f 1876/2394/58 1884/2409/58 1888/2423/58 1853/2395/58
f 1881/2414/5 1866/2424/5 1868/2425/5 1886/2411/5
f 1871/2389/58 1893/2426/58 1872/2390/58
f 1894/2427/5 1892/2422/5 1874/2421/5 1887/2412/5
f 1886/2411/5 1868/2425/5 1880/2402/5 1879/2401/5
f 1882/2407/58 1893/2426/58 1871/2389/58 1891/2420/58
f 1865/2382/1251 1890/2417/1251 1889/2418/1251 1869/2387/1251
f 1806/2300/1240 1864/2381/1240 1880/2419/1240 1841/2348/1240
f 1865/2382/1251 1805/2299/1251 1842/2349/1251 1890/2417/1251
f 1895/2428/1254 1891/2420/1253 1892/2422/1253 1896/2429/1254
f 1870/2398/58 1888/2423/58 1884/2409/58 1877/2399/58
f 1885/2430/5 1896/2429/5 1892/2422/5 1894/2427/5
f 1891/2420/58 1895/2428/58 1883/2408/58 1882/2407/58
f 1896/2431/92 1885/2410/92 1883/2408/92 1895/2428/92
f 1873/2413/5 1887/2412/5 1874/2421/5
f 1876/2394/58 1875/2393/58 1872/2390/58 1893/2426/58
f 1887/2412/5 1886/2411/5 1879/2401/5 1894/2427/5
f 1884/2409/58 1876/2394/58 1893/2426/58 1882/2407/58
f 1878/2404/5 1885/2430/5 1894/2427/5 1879/2401/5
f 1889/2416/58 1888/2415/58 1870/2388/58 1869/2387/58
f 1897/2432/1270 1898/2433/1271 1899/2434/1272
f 1897/2432/1270 1899/2434/1272 1900/2435/1273
f 1897/2432/1270 1900/2435/1273 1901/2436/1274
f 1897/2432/1270 1901/2436/1274 1902/2437/1275
f 1897/2432/1270 1902/2437/1275 1903/2438/1276
f 1897/2432/1270 1903/2438/1276 1904/2439/1277
f 1897/2432/1270 1904/2439/1277 1905/2440/1278
f 1897/2432/1270 1905/2440/1278 1906/2441/1279
f 1897/2432/1270 1906/2441/1279 1907/2442/1280
f 1897/2432/1270 1907/2442/1280 1908/2443/1281
f 1897/2432/1270 1908/2443/1281 1909/2444/1282
f 1897/2432/1270 1909/2444/1282 1898/2433/1271
f 1910/2445/1283 1911/2446/1284 1899/2434/1272 1898/2433/1271
f 1911/2446/1284 1912/2447/1285 1900/2435/1273 1899/2434/1272
f 1912/2447/1285 1913/2448/1286 1901/2436/1274 1900/2435/1273
f 1913/2448/1286 1914/2449/1287 1902/2437/1275 1901/2436/1274
f 1914/2449/1287 1915/2450/1288 1903/2438/1276 1902/2437/1275
f 1915/2450/1288 1916/2451/1289 1904/2439/1277 1903/2438/1276
f 1916/2451/1289 1917/2452/1290 1905/2440/1278 1904/2439/1277
f 1917/2452/1290 1918/2453/1291 1906/2441/1279 1905/2440/1278
f 1918/2453/1291 1919/2454/1292 1907/2442/1280 1906/2441/1279
f 1919/2454/1292 1920/2455/1293 1908/2443/1281 1907/2442/1280
f 1920/2455/1293 1921/2456/1294 1909/2444/1282 1908/2443/1281
f 1921/2456/1294 1910/2445/1283 1898/2433/1271 1909/2444/1282
f 1922/2457/1295 1923/2458/1296 1911/2446/1284 1910/2445/1283
f 1923/2458/1296 1924/2459/1297 1912/2447/1285 1911/2446/1284
f 1924/2459/1297 1925/2460/1298 1913/2448/1286 1912/2447/1285
f 1925/2460/1298 1926/2461/1299 1914/2449/1287 1913/2448/1286
f 1926/2461/1299 1927/2462/1300 1915/2450/1288 1914/2449/1287
f 1927/2462/1300 1928/2463/1301 1916/2451/1289 1915/2450/1288
f 1928/2463/1301 1929/2464/1302 1917/2452/1290 1916/2451/1289
f 1929/2464/1302 1930/2465/1303 1918/2453/1291 1917/2452/1290
f 1930/2465/1303 1931/2466/1304 1919/2454/1292 1918/2453/1291
f 1931/2466/1304 1932/2467/1305 1920/2455/1293 1919/2454/1292
f 1920/2455/1293 1932/2467/1305 1933/2468/1306 1921/2456/1294
f 1921/2456/1294 1933/2468/1306 1922/2457/1295 1910/2445/1283
f 1934/2469/1270 1935/2470/1271 1936/2471/1272
f 1934/2469/1270 1936/2471/1272 1937/2472/1273
f 1934/2469/1270 1937/2472/1273 1938/2473/1274
f 1934/2469/1270 1938/2473/1274 1939/2474/1307
f 1934/2469/1270 1939/2474/1307 1940/2475/1276
f 1934/2469/1270 1940/2475/1276 1941/2476/1277
f 1934/2469/1270 1941/2476/1277 1942/2477/1308
f 1934/2469/1270 1942/2477/1308 1943/2478/1279
f 1934/2469/1270 1943/2478/1279 1944/2479/1280
f 1934/2469/1270 1944/2479/1280 1945/2480/1281
f 1934/2469/1270 1945/2480/1281 1946/2481/1282
f 1934/2469/1270 1946/2481/1282 1935/2470/1271
f 1947/2482/1283 1948/2483/1309 1936/2471/1272 1935/2470/1271
f 1948/2483/1309 1949/2484/1285 1937/2472/1273 1936/2471/1272
f 1949/2484/1285 1950/2485/1310 1938/2473/1274 1937/2472/1273
f 1950/2485/1310 1951/2486/1287 1939/2474/1307 1938/2473/1274
f 1951/2486/1287 1952/2487/1288 1940/2475/1276 1939/2474/1307
f 1952/2487/1288 1953/2488/1289 1941/2476/1277 1940/2475/1276
f 1953/2488/1289 1954/2489/1290 1942/2477/1308 1941/2476/1277
f 1954/2489/1290 1955/2490/1311 1943/2478/1279 1942/2477/1308
f 1955/2490/1311 1956/2491/1292 1944/2479/1280 1943/2478/1279
f 1956/2491/1292 1957/2492/1293 1945/2480/1281 1944/2479/1280
f 1957/2492/1293 1958/2493/1294 1946/2481/1282 1945/2480/1281
f 1958/2493/1294 1947/2482/1283 1935/2470/1271 1946/2481/1282
f 1959/2494/1295 1960/2495/1296 1948/2483/1309 1947/2482/1283
f 1960/2495/1296 1961/2496/1297 1949/2484/1285 1948/2483/1309
f 1961/2496/1297 1962/2497/1298 1950/2485/1310 1949/2484/1285
f 1962/2497/1298 1963/2498/1312 1951/2486/1287 1950/2485/1310
f 1963/2498/1312 1964/2499/1300 1952/2487/1288 1951/2486/1287
f 1964/2499/1300 1965/2500/1301 1953/2488/1289 1952/2487/1288
f 1965/2500/1301 1966/2501/1302 1954/2489/1290 1953/2488/1289
f 1966/2501/1302 1967/2502/1313 1955/2490/1311 1954/2489/1290
f 1967/2502/1313 1968/2503/1314 1956/2491/1292 1955/2490/1311
f 1968/2503/1314 1969/2504/1315 1957/2492/1293 1956/2491/1292
f 1957/2492/1293 1969/2504/1315 1970/2505/1306 1958/2493/1294
f 1958/2493/1294 1970/2505/1306 1959/2494/1295 1947/2482/1283
f 1971/2506/1316 1972/2507/1317 1973/2508/1318
f 1971/2506/1316 1973/2508/1318 1974/2509/1319
f 1971/2506/1316 1974/2509/1319 1975/2510/1320
f 1971/2506/1316 1975/2510/1320 1976/2511/1321
f 1971/2506/1316 1976/2511/1321 1977/2512/1322
f 1971/2506/1316 1977/2512/1322 1978/2513/1323
f 1971/2506/1316 1978/2513/1323 1979/2514/1324
f 1971/2506/1316 1979/2514/1324 1980/2515/1325
f 1971/2506/1316 1980/2515/1325 1981/2516/1326
f 1971/2506/1316 1981/2516/1326 1982/2517/1327
f 1971/2506/1316 1982/2517/1327 1983/2518/1328
f 1971/2506/1316 1983/2518/1328 1972/2507/1317
f 1984/2519/1329 1985/2520/1330 1973/2508/1318 1972/2507/1317
f 1985/2520/1330 1986/2521/1331 1974/2509/1319 1973/2508/1318
f 1986/2521/1331 1987/2522/1332 1975/2510/1320 1974/2509/1319
f 1987/2522/1332 1988/2523/1333 1976/2511/1321 1975/2510/1320
f 1988/2523/1333 1989/2524/1334 1977/2512/1322 1976/2511/1321
f 1989/2524/1334 1990/2525/1335 1978/2513/1323 1977/2512/1322
f 1990/2525/1335 1991/2526/1336 1979/2514/1324 1978/2513/1323
f 1991/2526/1336 1992/2527/1337 1980/2515/1325 1979/2514/1324
f 1992/2527/1337 1993/2528/1338 1981/2516/1326 1980/2515/1325
f 1993/2528/1338 1994/2529/1339 1982/2517/1327 1981/2516/1326
f 1994/2529/1339 1995/2530/1340 1983/2518/1328 1982/2517/1327
f 1995/2530/1340 1984/2519/1329 1972/2507/1317 1983/2518/1328
f 1996/2531/1341 1997/2532/1342 1985/2520/1330 1984/2519/1329
f 1997/2532/1342 1998/2533/1343 1986/2521/1331 1985/2520/1330
f 1998/2533/1343 1999/2534/1344 1987/2522/1332 1986/2521/1331
f 1999/2534/1344 2000/2535/1345 1988/2523/1333 1987/2522/1332
f 2000/2535/1345 2001/2536/1346 1989/2524/1334 1988/2523/1333
f 2001/2536/1346 2002/2537/1347 1990/2525/1335 1989/2524/1334
f 2002/2537/1347 2003/2538/1348 1991/2526/1336 1990/2525/1335
f 2003/2538/1348 2004/2539/1349 1992/2527/1337 1991/2526/1336
f 2004/2539/1349 2005/2540/1350 1993/2528/1338 1992/2527/1337
f 2005/2540/1350 2006/2541/1351 1994/2529/1339 1993/2528/1338
f 1994/2529/1339 2006/2541/1351 2007/2542/1352 1995/2530/1340
f 1995/2530/1340 2007/2542/1352 1996/2531/1341 1984/2519/1329
f 2008/2543/1270 2009/2544/1317 2010/2545/1318
f 2008/2543/1270 2010/2545/1318 2011/2546/1319
f 2008/2543/1270 2011/2546/1319 2012/2547/1320
f 2008/2543/1270 2012/2547/1320 2013/2548/1321
f 2008/2543/1270 2013/2548/1321 2014/2549/1322
f 2008/2543/1270 2014/2549/1322 2015/2550/1323
f 2008/2543/1270 2015/2550/1323 2016/2551/1324
f 2008/2543/1270 2016/2551/1324 2017/2552/1325
f 2008/2543/1270 2017/2552/1325 2018/2553/1326
f 2008/2543/1270 2018/2553/1326 2019/2554/1327
f 2008/2543/1270 2019/2554/1327 2020/2555/1328
f 2008/2543/1270 2020/2555/1328 2009/2544/1317
f 2021/2556/1329 2022/2557/1330 2010/2545/1318 2009/2544/1317
f 2022/2557/1330 2023/2558/1331 2011/2546/1319 2010/2545/1318
f 2023/2558/1331 2024/2559/1332 2012/2547/1320 2011/2546/1319
f 2024/2559/1332 2025/2560/1333 2013/2548/1321 2012/2547/1320
f 2025/2560/1333 2026/2561/1334 2014/2549/1322 2013/2548/1321
f 2026/2561/1334 2027/2562/1335 2015/2550/1323 2014/2549/1322
f 2027/2562/1335 2028/2563/1336 2016/2551/1324 2015/2550/1323
f 2028/2563/1336 2029/2564/1337 2017/2552/1325 2016/2551/1324
f 2029/2564/1337 2030/2565/1338 2018/2553/1326 2017/2552/1325
f 2030/2565/1338 2031/2566/1353 2019/2554/1327 2018/2553/1326
f 2031/2566/1353 2032/2567/1340 2020/2555/1328 2019/2554/1327
f 2032/2567/1340 2021/2556/1329 2009/2544/1317 2020/2555/1328
f 2033/2568/1341 2034/2569/1342 2022/2557/1330 2021/2556/1329
f 2034/2569/1342 2035/2570/1354 2023/2558/1331 2022/2557/1330
f 2035/2570/1354 2036/2571/1355 2024/2559/1332 2023/2558/1331
f 2036/2571/1355 2037/2572/1356 2025/2560/1333 2024/2559/1332
f 2037/2572/1356 2038/2573/1346 2026/2561/1334 2025/2560/1333
f 2038/2573/1346 2039/2574/1357 2027/2562/1335 2026/2561/1334
f 2039/2574/1357 2040/2575/1348 2028/2563/1336 2027/2562/1335
f 2040/2575/1348 2041/2576/1349 2029/2564/1337 2028/2563/1336
f 2041/2576/1349 2042/2577/1350 2030/2565/1338 2029/2564/1337
f 2042/2577/1350 2043/2578/1351 2031/2566/1353 2030/2565/1338
f 2043/2578/1351 2044/2579/1352 2032/2567/1340 2031/2566/1353
f 2032/2567/1340 2044/2579/1352 2033/2568/1341 2021/2556/1329
f 2045/2580/1270 2046/2581/1317 2047/2582/1318
f 2045/2580/1270 2047/2582/1318 2048/2583/1319
f 2045/2580/1270 2048/2583/1319 2049/2584/1320
f 2045/2580/1270 2049/2584/1320 2050/2585/1321
f 2045/2580/1270 2050/2585/1321 2051/2586/1322
f 2045/2580/1270 2051/2586/1322 2052/2587/1323
f 2045/2580/1270 2052/2587/1323 2053/2588/1324
f 2045/2580/1270 2053/2588/1324 2054/2589/1325
f 2045/2580/1270 2054/2589/1325 2055/2590/1326
f 2045/2580/1270 2055/2590/1326 2056/2591/1327
f 2045/2580/1270 2056/2591/1327 2057/2592/1328
f 2045/2580/1270 2057/2592/1328 2046/2581/1317
f 2058/2593/1329 2059/2594/1330 2047/2582/1318 2046/2581/1317
f 2059/2594/1330 2060/2595/1331 2048/2583/1319 2047/2582/1318
f 2060/2595/1331 2061/2596/1332 2049/2584/1320 2048/2583/1319
f 2061/2596/1332 2062/2597/1333 2050/2585/1321 2049/2584/1320
f 2062/2597/1333 2063/2598/1334 2051/2586/1322 2050/2585/1321
f 2063/2598/1334 2064/2599/1335 2052/2587/1323 2051/2586/1322
f 2064/2599/1335 2065/2600/1336 2053/2588/1324 2052/2587/1323
f 2065/2600/1336 2066/2601/1337 2054/2589/1325 2053/2588/1324
f 2066/2601/1337 2067/2602/1338 2055/2590/1326 2054/2589/1325
f 2067/2602/1338 2068/2603/1353 2056/2591/1327 2055/2590/1326
f 2068/2603/1353 2069/2604/1340 2057/2592/1328 2056/2591/1327
f 2069/2604/1340 2058/2593/1329 2046/2581/1317 2057/2592/1328
f 2070/2605/1341 2071/2606/1342 2059/2594/1330 2058/2593/1329
f 2071/2606/1342 2072/2607/1358 2060/2595/1331 2059/2594/1330
f 2072/2607/1358 2073/2608/1355 2061/2596/1332 2060/2595/1331
f 2073/2608/1355 2074/2609/1359 2062/2597/1333 2061/2596/1332
f 2074/2609/1359 2075/2610/1346 2063/2598/1334 2062/2597/1333
f 2075/2610/1346 2076/2611/1357 2064/2599/1335 2063/2598/1334
f 2076/2611/1357 2077/2612/1348 2065/2600/1336 2064/2599/1335
f 2077/2612/1348 2078/2613/1349 2066/2601/1337 2065/2600/1336
f 2078/2613/1349 2079/2614/1350 2067/2602/1338 2066/2601/1337
f 2079/2614/1350 2080/2615/1351 2068/2603/1353 2067/2602/1338
f 2080/2615/1351 2081/2616/1352 2069/2604/1340 2068/2603/1353
f 2069/2604/1340 2081/2616/1352 2070/2605/1341 2058/2593/1329
f 2082/2617/1360 2083/2618/1361 2084/2619/1362
f 2082/2617/1360 2085/2620/1363 2083/2618/1361
f 2082/2617/1360 2086/2621/1364 2085/2620/1363
f 2082/2617/1360 2087/2622/1365 2086/2621/1364
f 2082/2617/1360 2088/2623/1366 2087/2622/1365
f 2082/2617/1360 2089/2624/1367 2088/2623/1366
f 2082/2617/1360 2090/2625/1368 2089/2624/1367
f 2082/2617/1360 2091/2626/1369 2090/2625/1368
f 2082/2617/1360 2092/2627/1370 2091/2626/1369
f 2082/2617/1360 2093/2628/1371 2092/2627/1370
f 2082/2617/1360 2094/2629/1372 2093/2628/1371
f 2082/2617/1360 2084/2619/1362 2094/2629/1372
f 2083/2618/1361 2095/2630/1373 2096/2631/1374 2084/2619/1362
f 2085/2620/1363 2097/2632/1375 2095/2630/1373 2083/2618/1361
f 2086/2621/1364 2098/2633/1376 2097/2632/1375 2085/2620/1363
f 2087/2622/1365 2099/2634/1377 2098/2633/1376 2086/2621/1364
f 2088/2623/1366 2100/2635/1378 2099/2634/1377 2087/2622/1365
f 2089/2624/1367 2101/2636/1379 2100/2635/1378 2088/2623/1366
f 2090/2625/1368 2102/2637/1380 2101/2636/1379 2089/2624/1367
f 2091/2626/1369 2103/2638/1381 2102/2637/1380 2090/2625/1368
f 2092/2627/1370 2104/2639/1382 2103/2638/1381 2091/2626/1369
f 2093/2628/1371 2105/2640/1383 2104/2639/1382 2092/2627/1370
f 2094/2629/1372 2106/2641/1384 2105/2640/1383 2093/2628/1371
f 2084/2619/1362 2096/2631/1374 2106/2641/1384 2094/2629/1372
f 2095/2630/1373 2107/2642/1385 2108/2643/1386 2096/2631/1374
f 2097/2632/1375 2109/2644/1387 2107/2642/1385 2095/2630/1373
f 2098/2633/1376 2110/2645/1388 2109/2644/1387 2097/2632/1375
f 2099/2634/1377 2111/2646/1389 2110/2645/1388 2098/2633/1376
f 2100/2635/1378 2112/2647/1390 2111/2646/1389 2099/2634/1377
f 2101/2636/1379 2113/2648/1391 2112/2647/1390 2100/2635/1378
f 2102/2637/1380 2114/2649/1392 2113/2648/1391 2101/2636/1379
f 2103/2638/1381 2115/2650/1393 2114/2649/1392 2102/2637/1380
f 2104/2639/1382 2116/2651/1394 2115/2650/1393 2103/2638/1381
f 2105/2640/1383 2117/2652/1395 2116/2651/1394 2104/2639/1382
f 2105/2640/1383 2106/2641/1384 2118/2653/1396 2117/2652/1395
f 2106/2641/1384 2096/2631/1374 2108/2643/1386 2118/2653/1396
f 2119/2654/1360 2120/2655/1361 2121/2656/1362
f 2119/2654/1360 2122/2657/1363 2120/2655/1361
f 2119/2654/1360 2123/2658/1364 2122/2657/1363
f 2119/2654/1360 2124/2659/1397 2123/2658/1364
f 2119/2654/1360 2125/2660/1366 2124/2659/1397
f 2119/2654/1360 2126/2661/1367 2125/2660/1366
f 2119/2654/1360 2127/2662/1368 2126/2661/1367
f 2119/2654/1360 2128/2663/1369 2127/2662/1368
f 2119/2654/1360 2129/2664/1370 2128/2663/1369
f 2119/2654/1360 2130/2665/1371 2129/2664/1370
f 2119/2654/1360 2131/2666/1372 2130/2665/1371
f 2119/2654/1360 2121/2656/1362 2131/2666/1372
f 2120/2655/1361 2132/2667/1373 2133/2668/1374 2121/2656/1362
f 2122/2657/1363 2134/2669/1375 2132/2667/1373 2120/2655/1361
f 2123/2658/1364 2135/2670/1376 2134/2669/1375 2122/2657/1363
f 2124/2659/1397 2136/2671/1377 2135/2670/1376 2123/2658/1364
f 2125/2660/1366 2137/2672/1378 2136/2671/1377 2124/2659/1397
f 2126/2661/1367 2138/2673/1379 2137/2672/1378 2125/2660/1366
f 2127/2662/1368 2139/2674/1380 2138/2673/1379 2126/2661/1367
f 2128/2663/1369 2140/2675/1398 2139/2674/1380 2127/2662/1368
f 2129/2664/1370 2141/2676/1382 2140/2675/1398 2128/2663/1369
f 2130/2665/1371 2142/2677/1383 2141/2676/1382 2129/2664/1370
f 2131/2666/1372 2143/2678/1399 2142/2677/1383 2130/2665/1371
f 2121/2656/1362 2133/2668/1374 2143/2678/1399 2131/2666/1372
f 2132/2667/1373 2144/2679/1400 2145/2680/1386 2133/2668/1374
f 2134/2669/1375 2146/2681/1387 2144/2679/1400 2132/2667/1373
f 2135/2670/1376 2147/2682/1388 2146/2681/1387 2134/2669/1375
f 2136/2671/1377 2148/2683/1401 2147/2682/1388 2135/2670/1376
f 2137/2672/1378 2149/2684/1402 2148/2683/1401 2136/2671/1377
f 2138/2673/1379 2150/2685/1391 2149/2684/1402 2137/2672/1378
f 2139/2674/1380 2151/2686/1392 2150/2685/1391 2138/2673/1379
f 2140/2675/1398 2152/2687/1403 2151/2686/1392 2139/2674/1380
f 2141/2676/1382 2153/2688/1394 2152/2687/1403 2140/2675/1398
f 2142/2677/1383 2154/2689/1404 2153/2688/1394 2141/2676/1382
f 2142/2677/1383 2143/2678/1399 2155/2690/1396 2154/2689/1404
f 2143/2678/1399 2133/2668/1374 2145/2680/1386 2155/2690/1396
f 2156/2691/1360 2157/2692/1405 2158/2693/1406
f 2156/2691/1360 2159/2694/1407 2157/2692/1405
f 2156/2691/1360 2160/2695/1408 2159/2694/1407
f 2156/2691/1360 2161/2696/1409 2160/2695/1408
f 2156/2691/1360 2162/2697/1410 2161/2696/1409
f 2156/2691/1360 2163/2698/1411 2162/2697/1410
f 2156/2691/1360 2164/2699/1412 2163/2698/1411
f 2156/2691/1360 2165/2700/1413 2164/2699/1412
f 2156/2691/1360 2166/2701/1414 2165/2700/1413
f 2156/2691/1360 2167/2702/1415 2166/2701/1414
f 2156/2691/1360 2168/2703/1416 2167/2702/1415
f 2156/2691/1360 2158/2693/1406 2168/2703/1416
f 2157/2692/1405 2169/2704/1417 2170/2705/1418 2158/2693/1406
f 2159/2694/1407 2171/2706/1419 2169/2704/1417 2157/2692/1405
f 2160/2695/1408 2172/2707/1420 2171/2706/1419 2159/2694/1407
f 2161/2696/1409 2173/2708/1421 2172/2707/1420 2160/2695/1408
f 2162/2697/1410 2174/2709/1422 2173/2708/1421 2161/2696/1409
f 2163/2698/1411 2175/2710/1423 2174/2709/1422 2162/2697/1410
f 2164/2699/1412 2176/2711/1424 2175/2710/1423 2163/2698/1411
f 2165/2700/1413 2177/2712/1425 2176/2711/1424 2164/2699/1412
f 2166/2701/1414 2178/2713/1426 2177/2712/1425 2165/2700/1413
f 2167/2702/1415 2179/2714/1427 2178/2713/1426 2166/2701/1414
f 2168/2703/1416 2180/2715/1428 2179/2714/1427 2167/2702/1415
f 2158/2693/1406 2170/2705/1418 2180/2715/1428 2168/2703/1416
f 2169/2704/1417 2181/2716/1429 2182/2717/1430 2170/2705/1418
f 2171/2706/1419 2183/2718/1431 2181/2716/1429 2169/2704/1417
f 2172/2707/1420 2184/2719/1432 2183/2718/1431 2171/2706/1419
f 2173/2708/1421 2185/2720/1433 2184/2719/1432 2172/2707/1420
f 2174/2709/1422 2186/2721/1434 2185/2720/1433 2173/2708/1421
f 2175/2710/1423 2187/2722/1435 2186/2721/1434 2174/2709/1422
f 2176/2711/1424 2188/2723/1436 2187/2722/1435 2175/2710/1423
f 2177/2712/1425 2189/2724/1437 2188/2723/1436 2176/2711/1424
f 2178/2713/1426 2190/2725/1438 2189/2724/1437 2177/2712/1425
f 2179/2714/1427 2191/2726/1439 2190/2725/1438 2178/2713/1426
f 2180/2715/1428 2192/2727/1440 2191/2726/1439 2179/2714/1427
f 2180/2715/1428 2170/2705/1418 2182/2717/1430 2192/2727/1440
f 2193/2728/1360 2194/2729/1405 2195/2730/1406
f 2193/2728/1360 2196/2731/1407 2194/2729/1405
f 2193/2728/1360 2197/2732/1408 2196/2731/1407
f 2193/2728/1360 2198/2733/1409 2197/2732/1408
f 2193/2728/1360 2199/2734/1410 2198/2733/1409
f 2193/2728/1360 2200/2735/1411 2199/2734/1410
f 2193/2728/1360 2201/2736/1412 2200/2735/1411
f 2193/2728/1360 2202/2737/1441 2201/2736/1412
f 2193/2728/1360 2203/2738/1414 2202/2737/1441
f 2193/2728/1360 2204/2739/1415 2203/2738/1414
f 2193/2728/1360 2205/2740/1416 2204/2739/1415
f 2193/2728/1360 2195/2730/1406 2205/2740/1416
f 2194/2729/1405 2206/2741/1417 2207/2742/1418 2195/2730/1406
f 2196/2731/1407 2208/2743/1419 2206/2741/1417 2194/2729/1405
f 2197/2732/1408 2209/2744/1420 2208/2743/1419 2196/2731/1407
f 2198/2733/1409 2210/2745/1442 2209/2744/1420 2197/2732/1408
f 2199/2734/1410 2211/2746/1422 2210/2745/1442 2198/2733/1409
f 2200/2735/1411 2212/2747/1423 2211/2746/1422 2199/2734/1410
f 2201/2736/1412 2213/2748/1424 2212/2747/1423 2200/2735/1411
f 2202/2737/1441 2214/2749/1425 2213/2748/1424 2201/2736/1412
f 2203/2738/1414 2215/2750/1426 2214/2749/1425 2202/2737/1441
f 2204/2739/1415 2216/2751/1427 2215/2750/1426 2203/2738/1414
f 2205/2740/1416 2217/2752/1428 2216/2751/1427 2204/2739/1415
f 2195/2730/1406 2207/2742/1418 2217/2752/1428 2205/2740/1416
f 2206/2741/1417 2218/2753/1443 2219/2754/1430 2207/2742/1418
f 2208/2743/1419 2220/2755/1444 2218/2753/1443 2206/2741/1417
f 2209/2744/1420 2221/2756/1445 2220/2755/1444 2208/2743/1419
f 2210/2745/1442 2222/2757/1433 2221/2756/1445 2209/2744/1420
f 2211/2746/1422 2223/2758/1434 2222/2757/1433 2210/2745/1442
f 2212/2747/1423 2224/2759/1435 2223/2758/1434 2211/2746/1422
f 2213/2748/1424 2225/2760/1436 2224/2759/1435 2212/2747/1423
f 2214/2749/1425 2226/2761/1437 2225/2760/1436 2213/2748/1424
f 2215/2750/1426 2227/2762/1446 2226/2761/1437 2214/2749/1425
f 2216/2751/1427 2228/2763/1439 2227/2762/1446 2215/2750/1426
f 2217/2752/1428 2229/2764/1440 2228/2763/1439 2216/2751/1427
f 2217/2752/1428 2207/2742/1418 2219/2754/1430 2229/2764/1440
f 2230/2765/1360 2231/2766/1405 2232/2767/1406
f 2230/2765/1360 2233/2768/1407 2231/2766/1405
f 2230/2765/1360 2234/2769/1408 2233/2768/1407
f 2230/2765/1360 2235/2770/1409 2234/2769/1408
f 2230/2765/1360 2236/2771/1410 2235/2770/1409
f 2230/2765/1360 2237/2772/1411 2236/2771/1410
f 2230/2765/1360 2238/2773/1412 2237/2772/1411
f 2230/2765/1360 2239/2774/1413 2238/2773/1412
f 2230/2765/1360 2240/2775/1414 2239/2774/1413
f 2230/2765/1360 2241/2776/1415 2240/2775/1414
f 2230/2765/1360 2242/2777/1416 2241/2776/1415
f 2230/2765/1360 2232/2767/1406 2242/2777/1416
f 2231/2766/1405 2243/2778/1417 2244/2779/1418 2232/2767/1406
f 2233/2768/1407 2245/2780/1419 2243/2778/1417 2231/2766/1405
f 2234/2769/1408 2246/2781/1420 2245/2780/1419 2233/2768/1407
f 2235/2770/1409 2247/2782/1442 2246/2781/1420 2234/2769/1408
f 2236/2771/1410 2248/2783/1422 2247/2782/1442 2235/2770/1409
f 2237/2772/1411 2249/2784/1423 2248/2783/1422 2236/2771/1410
f 2238/2773/1412 2250/2785/1424 2249/2784/1423 2237/2772/1411
f 2239/2774/1413 2251/2786/1425 2250/2785/1424 2238/2773/1412
f 2240/2775/1414 2252/2787/1426 2251/2786/1425 2239/2774/1413
f 2241/2776/1415 2253/2788/1427 2252/2787/1426 2240/2775/1414
f 2242/2777/1416 2254/2789/1428 2253/2788/1427 2241/2776/1415
f 2232/2767/1406 2244/2779/1418 2254/2789/1428 2242/2777/1416
f 2243/2778/1417 2255/2790/1429 2256/2791/1430 2244/2779/1418
f 2245/2780/1419 2257/2792/1444 2255/2790/1429 2243/2778/1417
f 2246/2781/1420 2258/2793/1445 2257/2792/1444 2245/2780/1419
f 2247/2782/1442 2259/2794/1433 2258/2793/1445 2246/2781/1420
f 2248/2783/1422 2260/2795/1434 2259/2794/1433 2247/2782/1442
f 2249/2784/1423 2261/2796/1435 2260/2795/1434 2248/2783/1422
f 2250/2785/1424 2262/2797/1436 2261/2796/1435 2249/2784/1423
f 2251/2786/1425 2263/2798/1437 2262/2797/1436 2250/2785/1424
f 2252/2787/1426 2264/2799/1446 2263/2798/1437 2251/2786/1425
f 2253/2788/1427 2265/2800/1439 2264/2799/1446 2252/2787/1426
f 2254/2789/1428 2266/2801/1440 2265/2800/1439 2253/2788/1427
f 2254/2789/1428 2244/2779/1418 2256/2791/1430 2266/2801/1440
f 2267/2802/1447 2268/2803/1447 2269/2804/1447 2270/2805/1447
f 2271/2806/1448 2272/2807/1448 2273/2808/1448 2274/2809/1448
f 2275/2810/26 2276/2811/26 2277/2812/1449 2278/2813/26
f 2279/2814/1450 2280/2815/1450 2281/2816/1450 2282/2817/1450
f 2267/2802/1447 2270/2805/1447 2283/2818/1447 2284/2819/1447
f 2285/2820/92 2286/2821/92 2287/2822/92 2288/2823/92
f 2289/2824/1451 2290/2825/1448 2291/2826/1448 2292/2827/1452
f 2293/2828/117 2273/2808/117 2267/2829/117 2284/2830/117
f 2294/2831/1453 2295/2832/1454 2296/2833/1455 2297/2834/1456
f 2298/2835/1457 2299/2836/1458 2300/2837/1458 2301/2838/1459
f 2302/2839/26 2303/2840/26 2299/2836/26 2298/2835/26
f 2304/2841/1460 2294/2842/1461 2297/2843/1462 2305/2844/1463
f 2297/2834/1456 2296/2833/1455 2287/2822/1464 2286/2845/1464
f 2295/2832/1454 2294/2831/1453 2306/2846/1465 2289/2824/1466
f 2307/2847/1467 2300/2837/1458 2299/2836/1458 2308/2848/1467
f 2292/2827/1452 2309/2849/1459 2295/2832/1468 2289/2824/1451
f 2308/2848/26 2299/2836/26 2303/2840/26 2310/2850/26
f 2311/2851/26 2302/2839/26 2298/2835/26 2312/2852/1469
f 2305/2844/1463 2297/2843/1462 2286/2853/1470 2285/2854/1470
f 2313/2855/1460 2302/2856/1471 2311/2857/1472 2314/2858/1472
f 2270/2805/1447 2269/2804/1447 2281/2816/1447 2315/2859/1447
f 2282/2817/1448 2271/2806/1448 2274/2809/1448 2290/2825/1448
f 2316/2860/1473 2277/2812/1449 2276/2811/26 2317/2861/26
f 2271/2806/1450 2269/2804/1450 2268/2803/1450 2272/2807/1450
f 2270/2805/1447 2315/2859/1447 2318/2862/1447 2283/2818/1447
f 2274/2809/1448 2273/2808/1448 2293/2828/1448 2319/2863/1448
f 2320/2864/1447 2276/2865/1447 2275/2866/1447 2321/2867/1447
f 2322/2868/92 2307/2847/92 2308/2848/92 2310/2869/92
f 2323/2870/1474 2324/2871/1475 2325/2872/1476 2326/2873/1476
f 2327/2874/117 2321/2875/117 2275/2876/117 2278/2813/117
f 2301/2838/1459 2300/2837/1458 2328/2877/1458 2329/2878/1457
f 2302/2856/1471 2313/2855/1460 2330/2879/1463 2303/2880/1463
f 2300/2837/1458 2307/2847/1467 2331/2881/1467 2328/2877/1458
f 2301/2838/1459 2332/2882/1477 2312/2852/1478 2298/2835/1457
f 2322/2883/1470 2310/2884/1470 2303/2880/1463 2330/2879/1463
f 2333/2885/1471 2313/2855/1460 2314/2858/1472 2334/2886/1472
f 2314/2858/1472 2311/2857/1472 2317/2887/1447 2335/2888/1447
f 2327/2874/1448 2278/2813/1448 2277/2812/1479 2336/2889/1480
f 2337/2890/1481 2277/2891/1449 2316/2892/1473 2338/2893/1482
f 2339/2894/1483 2312/2895/1478 2332/2896/1477 2340/2897/1483
f 2340/2897/1484 2332/2896/1485 2341/2898/1486 2342/2899/1487
f 2343/2900/1488 2336/2901/1480 2277/2891/1479 2337/2890/1488
f 2344/2902/1489 2345/2903/1490 2346/2904/1491 2347/2905/1492
f 2345/2903/1493 2348/2906/1493 2349/2907/1494 2346/2904/1494
f 2350/2908/1495 2351/2909/1496 2352/2910/1497 2353/2911/1498
f 2352/2912/1499 2354/2913/1499 2355/2914/1500 2353/2915/1500
f 2338/2893/1482 2339/2894/1501 2345/2903/1490 2344/2902/1489
f 2339/2894/1483 2340/2897/1483 2348/2906/1493 2345/2903/1493
f 2342/2899/1487 2343/2916/1502 2352/2910/1497 2351/2909/1496
f 2343/2900/1488 2337/2890/1488 2354/2913/1499 2352/2912/1499
f 2356/2917/1503 2357/2918/1504 2355/2914/1505 2347/2905/1506
f 2358/2919/1507 2346/2904/1494 2349/2907/1494 2359/2920/1508
f 2359/2920/1509 2349/2907/1510 2350/2908/1511 2360/2921/1512
f 2361/2922/1513 2353/2915/1500 2355/2914/1500 2357/2918/1514
f 2362/2923/1515 2363/2924/1516 2357/2918/1517 2356/2917/1518
f 2364/2925/1519 2358/2919/1507 2359/2920/1508 2365/2926/1520
f 2365/2926/1521 2359/2920/1522 2360/2921/1523 2366/2927/1524
f 2363/2924/1525 2367/2928/1526 2361/2922/1513 2357/2918/1514
f 2368/2929/1527 2369/2930/1528 2370/2931/1529
f 2368/2929/1530 2371/2932/1531 2372/2933/1532 2369/2930/1533
f 2326/2934/1534 2373/2935/1535 2372/2933/1536 2374/2936/1537
f 2375/2937/1538 2376/2938/1539 2377/2939/1540 2378/2940/1541
f 2379/2941/1542 2380/2942/1543 2381/2943/1544 2382/2944/1545
f 2379/2941/1546 2383/2945/1547 2384/2946/1548 2380/2942/1549
f 2385/2947/1550 2386/2948/1551 2387/2949/1552 2388/2950/1553
f 2386/2951/1554 2385/2952/1555 2389/2953/1556 2390/2954/1557
f 2306/2846/1465 2280/2955/92 2279/2814/92 2289/2824/1466
f 2283/2818/1447 2391/2956/1447 2392/2957/1447 2284/2819/1447
f 2285/2820/92 2288/2823/92 2331/2881/92 2393/2958/92
f 2319/2863/1448 2394/2959/1448 2395/2960/1448 2291/2826/1448
f 2333/2885/1471 2304/2841/1460 2305/2844/1463 2396/2961/1463
f 2309/2849/1459 2292/2827/1452 2397/2962/1558 2329/2878/1457
f 2396/2961/1463 2305/2844/1463 2285/2854/1470 2393/2963/1470
f 2398/2964/1472 2334/2886/1472 2399/2965/1447 2318/2862/1447
f 2293/2828/1448 2400/2966/1448 2394/2959/1448 2319/2863/1448
f 2309/2849/1459 2401/2967/1458 2296/2833/1559 2295/2832/1468
f 2401/2967/1458 2288/2823/1467 2287/2822/1467 2296/2833/1559
f 2294/2842/1461 2304/2841/1460 2398/2964/1472 2306/2968/1560
f 2284/2830/117 2392/2969/117 2400/2966/117 2293/2828/117
f 2268/2970/117 2267/2829/117 2273/2808/117 2272/2807/117
f 2329/2878/1457 2328/2877/1458 2401/2967/1458 2309/2849/1459
f 2328/2877/1458 2331/2881/1467 2288/2823/1467 2401/2967/1458
f 2304/2841/1460 2333/2885/1471 2334/2886/1472 2398/2964/1472
f 2391/2956/1447 2320/2864/1447 2321/2867/1447 2392/2957/1447
f 2393/2958/92 2331/2881/92 2307/2847/92 2322/2868/92
f 2394/2959/1448 2336/2889/1480 2341/2971/1448 2395/2960/1448
f 2313/2855/1460 2333/2885/1471 2396/2961/1463 2330/2879/1463
f 2329/2878/1457 2397/2962/1558 2332/2882/1477 2301/2838/1459
f 2330/2879/1463 2396/2961/1463 2393/2963/1470 2322/2883/1470
f 2334/2886/1472 2314/2858/1472 2335/2888/1447 2399/2965/1447
f 2400/2966/1448 2327/2874/1448 2336/2889/1480 2394/2959/1448
f 2392/2969/117 2321/2875/117 2327/2874/117 2400/2966/117
f 2382/2944/1545 2362/2923/1515 2364/2925/1561 2379/2941/1542
f 2379/2941/1546 2364/2925/1519 2365/2926/1520 2383/2945/1547
f 2366/2927/1524 2367/2972/1562 2385/2947/1550 2388/2950/1553
f 2367/2928/1526 2363/2924/1525 2389/2953/1556 2385/2952/1555
f 2381/2943/1544 2380/2942/1543 2368/2929/1527 2370/2931/1529
f 2380/2942/1549 2384/2946/1548 2371/2932/1531 2368/2929/1530
f 2374/2936/1537 2387/2949/1552 2386/2948/1551 2376/2973/1563
f 2390/2954/1557 2377/2939/1540 2376/2938/1539 2386/2951/1554
f 2378/2940/1541 2324/2871/1475 2323/2870/1474 2375/2937/1538
f 2373/2974/1564 2402/2975/1565 2369/2930/1533 2372/2933/1532
f 2282/2817/1450 2281/2816/1450 2269/2804/1450 2271/2806/1450
f 2290/2825/1448 2274/2809/1448 2319/2863/1448 2291/2826/1448
f 2315/2859/1447 2281/2816/1447 2280/2815/1447 2306/2968/1560
f 2279/2814/1448 2282/2817/1448 2290/2825/1448 2289/2824/1451
f 2312/2852/1469 2316/2860/1473 2317/2861/26 2311/2851/26
f 2315/2859/1447 2306/2968/1560 2398/2964/1472 2318/2862/1447
f 2317/2887/1447 2276/2865/1447 2320/2864/1447 2335/2888/1447
f 2339/2894/1501 2338/2893/1482 2316/2892/1473 2312/2895/1469
f 2343/2916/1502 2342/2899/1487 2341/2898/1486 2336/2976/1566
f 2354/2913/1567 2344/2902/1489 2347/2905/1492 2355/2914/1568
f 2351/2909/1496 2350/2908/1495 2349/2907/1569 2348/2906/1570
f 2338/2893/1482 2344/2902/1489 2354/2913/1567 2337/2890/1481
f 2342/2899/1487 2351/2909/1496 2348/2906/1570 2340/2897/1484
f 2358/2919/1571 2356/2917/1503 2347/2905/1506 2346/2904/1572
f 2360/2921/1512 2350/2908/1511 2353/2911/1573 2361/2977/1574
f 2364/2925/1561 2362/2923/1515 2356/2917/1518 2358/2919/1575
f 2366/2927/1524 2360/2921/1523 2361/2977/1576 2367/2972/1562
f 2381/2943/1544 2390/2954/1577 2389/2953/1578 2382/2944/1545
f 2387/2949/1552 2384/2946/1579 2383/2945/1580 2388/2950/1553
f 2395/2960/1448 2397/2962/1558 2292/2827/1452 2291/2826/1448
f 2399/2965/1447 2391/2956/1447 2283/2818/1447 2318/2862/1447
f 2341/2971/1448 2332/2882/1477 2397/2962/1558 2395/2960/1448
f 2335/2888/1447 2320/2864/1447 2391/2956/1447 2399/2965/1447
f 2362/2923/1515 2382/2944/1545 2389/2953/1578 2363/2924/1516
f 2365/2926/1521 2366/2927/1524 2388/2950/1553 2383/2945/1580
f 2390/2954/1577 2381/2943/1544 2370/2931/1529 2377/2939/1581
f 2387/2949/1552 2374/2936/1537 2371/2932/1582 2384/2946/1579
f 2325/2872/1476 2402/2975/1565 2373/2974/1564 2326/2873/1476
f 2378/2940/1583 2377/2939/1581 2370/2931/1529
f 2326/2934/1534 2374/2936/1537 2375/2978/1584 2323/2979/1585
f 2325/2872/1586 2370/2931/1529 2369/2930/1528 2402/2975/1587
f 2325/2872/1586 2324/2871/1588 2378/2940/1583 2370/2931/1529
f 2372/2933/1536 2371/2932/1582 2374/2936/1537
f 2374/2936/1537 2376/2973/1563 2375/2978/1584
f 2403/2980/5 2404/2981/5 2405/2982/5 2406/2983/5
f 2407/2984/1589 2408/2985/1590 2409/2986/1590 2410/2987/1589
f 2411/2988/1591 2407/2984/1591 2410/2987/1591 2412/2989/1591
f 2413/2990/1592 2404/2981/1592 2403/2980/1592 2414/2991/1592
f 2415/2992/1593 2416/2993/1593 2417/2994/1593 2418/2995/1593
f 2419/2996/1594 2420/2997/1595 2421/2998/1595 2422/2999/1594
f 2423/3000/1594 2424/3001/1594 2425/3002/1596 2426/3003/1596
f 2408/2985/1590 2427/3004/1597 2428/3005/1597 2409/2986/1590
f 2429/3006/58 2423/3007/58 2426/3008/58 2430/3009/58
f 2425/3010/5 2424/3011/5 2406/2983/5 2405/2982/5
f 2417/2994/1598 2421/3012/1598 2420/3013/1598 2418/2995/1598
f 2430/3009/58 2413/2990/58 2414/2991/58 2429/3006/58
f 2418/3014/5 2431/3015/5 2432/3016/5 2415/2992/5
f 2433/3017/5 2434/3018/5 2435/3019/5 2436/3020/5
f 2437/3021/5 2405/2982/5 2404/2981/5 2438/3022/5
f 2411/2988/5 2439/3023/5 2440/3024/5 2441/3025/5
f 2442/3026/5 2443/3027/5 2444/3028/5 2445/3029/5
f 2432/3016/323 2446/3030/323 2416/2993/323 2415/2992/323
f 2435/3019/1599 2447/3031/1599 2448/3032/1599 2436/3020/1599
f 2404/2981/1599 2413/2990/1599 2449/3033/1599 2438/3022/1599
f 2450/3034/1600 2439/3023/1600 2411/2988/1600 2412/2989/1600
f 2451/3035/1601 2443/3027/1601 2442/3026/1601 2452/3036/1601
f 2453/3037/1594 2454/3038/1594 2455/3039/238 2456/3040/238
f 2457/3041/1602 2458/3042/1602 2459/3043/1602 2460/3044/1602
f 2461/3045/1594 2462/3046/1594 2463/3047/1594 2464/3048/1594
f 2426/3003/1596 2425/3002/1596 2465/3049/1596 2466/3050/1596
f 2422/3051/58 2421/3052/58 2417/3053/58 2467/3054/58
f 2461/3055/58 2464/3056/58 2468/3057/58 2469/3058/58
f 2430/3009/58 2426/3008/58 2466/3059/58 2470/3060/58
f 2454/3061/58 2471/3062/58 2472/3063/58 2455/3064/58
f 2458/3065/58 2473/3066/58 2474/3067/58 2459/3068/58
f 2441/3025/5 2440/3024/5 2453/3069/5 2456/3070/5
f 2445/3029/5 2444/3028/5 2457/3071/5 2460/3072/5
f 2419/3073/5 2431/3015/5 2418/3014/5 2420/3074/5
f 2462/3075/5 2434/3018/5 2433/3017/5 2463/3076/5
f 2465/3077/5 2425/3010/5 2405/2982/5 2437/3021/5
f 2471/3062/58 2450/3034/58 2412/2989/58 2472/3063/58
f 2473/3066/58 2451/3035/58 2452/3036/58 2474/3067/58
f 2446/3030/58 2467/3054/58 2417/3053/58 2416/2993/58
f 2447/3031/58 2469/3058/58 2468/3057/58 2448/3032/58
f 2413/2990/58 2430/3009/58 2470/3060/58 2449/3033/58
f 2431/3015/5 2433/3017/5 2436/3020/5 2432/3016/5
f 2434/3018/5 2437/3021/5 2438/3022/5 2435/3019/5
f 2411/2988/5 2441/3025/5 2408/3078/5 2407/2984/5
f 2439/3023/5 2442/3026/5 2445/3029/5 2440/3024/5
f 2443/3027/5 2403/2980/5 2406/2983/5 2444/3028/5
f 2436/3020/1592 2448/3032/1592 2446/3030/1592 2432/3016/1592
f 2438/3022/1601 2449/3033/1601 2447/3031/1601 2435/3019/1601
f 2452/3036/1599 2442/3026/1599 2439/3023/1599 2450/3034/1599
f 2414/2991/1603 2403/2980/1603 2443/3027/1603 2451/3035/1603
f 2456/3040/238 2455/3039/238 2428/3079/1604 2427/3080/1604
f 2460/3044/1602 2459/3043/1602 2454/3038/1594 2453/3037/1594
f 2424/3001/1594 2423/3000/1594 2458/3042/1602 2457/3041/1602
f 2464/3048/1594 2463/3047/1594 2419/2996/1594 2422/2999/1594
f 2466/3050/1596 2465/3049/1596 2462/3046/1594 2461/3045/1594
f 2464/3056/58 2422/3051/58 2467/3054/58 2468/3057/58
f 2470/3060/58 2466/3059/58 2461/3055/58 2469/3058/58
f 2455/3064/58 2472/3063/58 2409/3081/58 2428/3082/58
f 2459/3068/58 2474/3067/58 2471/3062/58 2454/3061/58
f 2423/3007/58 2429/3006/58 2473/3066/58 2458/3065/58
f 2408/3078/5 2441/3025/5 2456/3070/5 2427/3083/5
f 2440/3024/5 2445/3029/5 2460/3072/5 2453/3069/5
f 2444/3028/5 2406/2983/5 2424/3011/5 2457/3071/5
f 2463/3076/5 2433/3017/5 2431/3015/5 2419/3073/5
f 2462/3075/5 2465/3077/5 2437/3021/5 2434/3018/5
f 2412/2989/58 2410/2987/58 2409/3081/58 2472/3063/58
f 2474/3067/58 2452/3036/58 2450/3034/58 2471/3062/58
f 2429/3006/58 2414/2991/58 2451/3035/58 2473/3066/58
f 2448/3032/58 2468/3057/58 2467/3054/58 2446/3030/58
f 2449/3033/58 2470/3060/58 2469/3058/58 2447/3031/58
f 2475/3084/5 2476/3085/5 2477/3086/1605 2478/3087/1605
f 2478/3087/1605 2477/3086/1605 2479/3088/1606 2480/3089/1607
f 2480/3089/1607 2479/3088/1606 2481/3090/1608 2482/3091/1609
f 2482/3091/1609 2481/3090/1608 2483/3092/1610 2484/3093/1610
f 2484/3093/1610 2483/3092/1610 2485/3094/58 2486/3095/58
f 2486/3095/58 2485/3094/58 2487/3096/1611 2488/3097/1611
f 2488/3097/1611 2487/3096/1611 2489/3098/1612 2490/3099/1612
f 2490/3099/1612 2489/3098/1612 2491/3100/1613 2492/3101/1613
f 2492/3101/1613 2491/3100/1613 2493/3102/1614 2494/3103/1614
f 2494/3103/1614 2493/3102/1614 2476/3085/5 2475/3084/5
f 2495/3104/58 2496/3105/1615 2497/3106/1615 2498/3107/58
f 2497/3106/1615 2496/3105/1615 2499/3108/1616 2500/3109/1616
f 2501/3110/1617 2502/3111/92 2503/3112/92 2504/3113/1617
f 2502/3114/92 2505/3115/1618 2506/3116/1618 2503/3117/92
f 2507/3118/1619 2508/3119/1619 2509/3120/1620 2510/3121/1620
f 2510/3121/1620 2509/3120/1620 2511/3122/5 2512/3123/5
f 2512/3123/5 2511/3122/5 2513/3124/1621 2514/3125/1621
f 2514/3125/1621 2513/3124/1621 2515/3126/1622 2516/3127/1622
f 2516/3127/1622 2515/3126/1622 2517/3128/117 2518/3129/117
f 2518/3129/117 2517/3128/117 2519/3130/1623 2520/3131/1623
f 2520/3131/1623 2519/3130/1623 2521/3132/1624 2522/3133/1624
f 2522/3133/1624 2521/3132/1624 2495/3104/58 2498/3107/58
f 2523/3134/1014 2524/3135/28 2525/3136/28 2526/3137/28
f 2527/3138/28 2526/3137/28 2525/3136/28 2528/3139/28
f 2525/3136/28 2529/3140/28 2528/3139/28
f 2528/3139/28 2530/3141/28 2527/3138/28
f 2531/3142/28 2526/3137/28 2527/3138/28 2532/3143/28
f 2531/3142/28 2533/3144/28 2526/3137/28
f 2523/3134/1014 2526/3137/28 2534/3145/28
f 2535/3146/26 2536/3147/26 2537/3148/26 2538/3149/26
f 2539/3150/26 2538/3149/26 2537/3148/26 2540/3151/26
f 2537/3148/26 2541/3152/26 2540/3151/26
f 2540/3151/26 2542/3153/26 2539/3150/26
f 2543/3154/26 2538/3149/26 2539/3150/26 2544/3155/26
f 2543/3154/26 2545/3156/26 2538/3149/26
f 2535/3146/26 2538/3149/26 2546/3157/25
f 2547/3158/58 2548/3159/1615 2544/3160/1615 2539/3161/58
f 2549/3162/1625 2543/3163/1625 2544/3160/1615 2548/3159/1615
f 2550/3164/92 2545/3165/92 2543/3163/1625 2549/3162/1625
f 2551/3166/1626 2538/3167/1626 2545/3168/92 2550/3169/92
f 2552/3170/1620 2546/3171/1620 2538/3167/1626 2551/3166/1626
f 2553/3172/5 2535/3173/5 2546/3171/1620 2552/3170/1620
f 2554/3174/1621 2536/3175/1621 2535/3173/5 2553/3172/5
f 2555/3176/1622 2537/3177/1622 2536/3175/1621 2554/3174/1621
f 2556/3178/117 2541/3179/117 2537/3177/1622 2555/3176/1622
f 2557/3180/1623 2540/3181/1623 2541/3179/117 2556/3178/117
f 2558/3182/1624 2542/3183/1624 2540/3181/1623 2557/3180/1623
f 2547/3158/58 2539/3161/58 2542/3183/1624 2558/3182/1624
f 2495/3184/28 2530/3141/28 2528/3139/28 2496/3185/28
f 2496/3185/28 2528/3139/28 2529/3140/28 2499/3186/28
f 2529/3140/28 2525/3136/28 2559/3187/28 2499/3186/28
f 2525/3136/28 2524/3135/28 2508/3188/28 2559/3187/28
f 2508/3188/28 2524/3135/28 2523/3134/1014 2509/3189/1014
f 2509/3189/1014 2523/3134/1014 2534/3145/28 2511/3190/28
f 2511/3190/28 2534/3145/28 2526/3137/28 2513/3191/28
f 2513/3191/28 2526/3137/28 2533/3144/28 2515/3192/28
f 2515/3192/28 2533/3144/28 2531/3142/28 2517/3193/28
f 2517/3193/28 2531/3142/28 2532/3143/28 2519/3194/1014
f 2519/3194/1014 2532/3143/28 2527/3138/28 2521/3195/28
f 2521/3195/28 2527/3138/28 2530/3141/28 2495/3184/28
f 2497/3106/26 2548/3159/26 2547/3158/26 2498/3107/26
f 2498/3107/26 2547/3158/26 2558/3182/26 2522/3133/26
f 2522/3133/26 2558/3182/26 2557/3180/26 2520/3131/26
f 2520/3131/26 2557/3180/26 2556/3178/26 2518/3129/26
f 2518/3129/26 2556/3178/26 2555/3176/26 2516/3127/26
f 2516/3127/26 2555/3176/26 2554/3174/26 2514/3125/26
f 2514/3125/26 2554/3174/26 2553/3172/26 2512/3123/26
f 2512/3123/26 2553/3172/26 2552/3170/26 2510/3121/26
f 2510/3121/26 2552/3170/26 2551/3166/26 2507/3118/26
f 2551/3166/26 2550/3169/26 2560/3196/26 2507/3118/26
f 2550/3164/26 2549/3162/26 2500/3109/26 2560/3197/26
f 2500/3109/26 2549/3162/26 2548/3159/26 2497/3106/26
f 2500/3109/1627 2499/3108/1627 2501/3110/1627 2504/3113/1627
f 2501/3110/28 2499/3108/28 2559/3198/28 2502/3111/28
f 2559/3199/28 2508/3119/28 2505/3115/28 2502/3114/28
f 2506/3116/26 2507/3118/26 2560/3196/26 2503/3117/26
f 2560/3197/26 2500/3109/26 2504/3113/26 2503/3112/26
f 2506/3116/1628 2505/3115/1628 2508/3119/1628 2507/3118/1628
f 2561/3200/1629 2562/3201/1630 2563/3202/1631 2564/3203/1632
f 2562/3201/1630 2565/3204/1633 2566/3205/1634 2563/3202/1631
f 2565/3204/1633 2567/3206/1635 2568/3207/1636 2566/3205/1634
f 2568/3208/1636 2567/3209/1635 2569/3210/1637 2570/3211/1638
f 2569/3210/1637 2571/3212/1639 2572/3213/1640 2570/3211/1638
f 2571/3212/1639 2573/3214/1641 2574/3215/1642 2572/3213/1640
f 2573/3214/1641 2575/3216/1643 2576/3217/1644 2574/3215/1642
f 2575/3216/1643 2577/3218/1645 2578/3219/1646 2576/3217/1644
f 2577/3218/1645 2579/3220/1647 2580/3221/1648 2578/3219/1646
f 2579/3220/1647 2581/3222/1649 2582/3223/1650 2580/3221/1648
f 2581/3222/1649 2583/3224/1651 2584/3225/1652 2582/3223/1650
f 2583/3224/1651 2561/3200/1629 2564/3203/1632 2584/3225/1652
f 2571/3226/28 2569/3227/28 2567/3228/28 2575/3229/28
f 2583/3230/28 2575/3229/28 2567/3228/28 2562/3231/28
f 2567/3228/28 2565/3232/28 2562/3231/28
f 2562/3231/28 2561/3233/28 2583/3230/28
f 2579/3234/28 2575/3229/28 2583/3230/28 2581/3235/28
f 2579/3234/28 2577/3236/28 2575/3229/28
f 2571/3226/28 2575/3229/28 2573/3237/28
f 2585/3238/1653 2586/3239/1654 2587/3240/1655 2588/3241/1656
f 2589/3242/1657 2588/3241/1656 2587/3240/1655 2590/3243/1658
f 2587/3240/1655 2591/3244/1659 2590/3243/1658
f 2590/3243/1658 2592/3245/1660 2589/3242/1657
f 2593/3246/1661 2588/3241/1656 2589/3242/1657 2594/3247/1662
f 2593/3246/1661 2595/3248/1663 2588/3241/1656
f 2585/3238/1653 2588/3241/1656 2596/3249/1664
f 2564/3203/1632 2563/3202/1631 2597/3250/1665 2598/3251/1666
f 2566/3205/1634 2599/3252/1667 2597/3250/1665 2563/3202/1631
f 2599/3252/1667 2566/3205/1634 2568/3207/1636 2600/3253/1668
f 2568/3208/1636 2570/3211/1638 2601/3254/1669 2600/3255/1668
f 2570/3211/1638 2572/3213/1640 2602/3256/1670 2601/3254/1669
f 2574/3215/1642 2603/3257/1671 2602/3256/1670 2572/3213/1640
f 2576/3217/1644 2604/3258/1672 2603/3257/1671 2574/3215/1642
f 2604/3258/1672 2576/3217/1644 2578/3219/1646 2605/3259/1673
f 2605/3259/1673 2578/3219/1646 2580/3221/1648 2606/3260/1674
f 2580/3221/1648 2582/3223/1650 2607/3261/1675 2606/3260/1674
f 2584/3225/1652 2608/3262/1676 2607/3261/1675 2582/3223/1650
f 2608/3262/1676 2584/3225/1652 2564/3203/1632 2598/3251/1666
f 2609/3263/1677 2610/3264/1678 2611/3265/1679 2612/3266/1680
f 2613/3267/1681 2614/3268/1682 2611/3265/1679 2610/3264/1678
f 2615/3269/1683 2616/3270/1684 2614/3268/1682 2613/3267/1681
f 2617/3271/1685 2618/3272/1686 2616/3273/1684 2615/3274/1683
f 2619/3275/1687 2620/3276/1688 2618/3272/1686 2617/3271/1685
f 2621/3277/1689 2622/3278/1690 2620/3276/1688 2619/3275/1687
f 2623/3279/1691 2624/3280/1692 2622/3278/1690 2621/3277/1689
f 2625/3281/1693 2626/3282/1694 2624/3280/1692 2623/3279/1691
f 2627/3283/1695 2628/3284/1696 2626/3282/1694 2625/3281/1693
f 2629/3285/1697 2630/3286/1698 2628/3284/1696 2627/3283/1695
f 2631/3287/1699 2632/3288/1700 2630/3286/1698 2629/3285/1697
f 2609/3263/1677 2612/3266/1680 2632/3288/1700 2631/3287/1699
f 2633/3289/1701 2634/3290/1702 2635/3291/58 2636/3292/1703
f 2637/3293/1704 2638/3294/1705 2639/3295/1706 2640/3296/1707
f 2641/3297/1708 2642/3298/1709 2643/3299/1710 2644/3300/1711
f 2641/3301/1708 2645/3302/1712 2646/3303/1713 2642/3304/1709
f 2647/3305/1714 2648/3306/1715 2649/3307/1716 2650/3308/1717
f 2651/3309/1718 2652/3310/510 2653/3311/1719 2654/3312/1720
f 2651/3309/1718 2655/3313/1721 2656/3314/1722 2652/3310/510
f 2657/3315/1723 2658/3316/1724 2659/3317/1725 2660/3318/1726
f 2661/3319/1727 2662/3320/1728 2663/3321/1729 2664/3322/1730
f 2661/3319/1727 2665/3323/1731 2666/3324/1732 2662/3320/1728
f 2667/3325/1733 2668/3326/1734 2669/3327/1735 2670/3328/1736
f 2636/3292/1703 2635/3291/58 2671/3329/1737 2672/3330/1738
f 2673/3331/1739 2610/3264/1678 2609/3263/1677 2674/3332/1740
f 2675/3333/1741 2674/3332/1740 2609/3263/1677 2631/3287/1699
f 2675/3333/1741 2631/3287/1699 2676/3334/1742 2677/3335/1743
f 2678/3336/1744 2667/3325/1733 2679/3337/1745 2680/3338/1746
f 2681/3339/1747 2680/3338/1746 2679/3337/1745 2640/3296/1707
f 2681/3339/1747 2640/3296/1707 2639/3295/1706 2682/3340/1748
f 2683/3341/1749 2684/3342/1750 2615/3269/1683 2613/3267/1681
f 2683/3341/1749 2613/3267/1681 2685/3343/1751 2686/3344/1752
f 2687/3345/1753 2637/3293/1704 2688/3346/1754 2689/3347/1755
f 2690/3348/1756 2689/3349/1755 2688/3350/1754 2647/3305/1714
f 2690/3348/1756 2647/3305/1714 2650/3308/1717 2691/3351/1757
f 2692/3352/1758 2617/3271/1685 2615/3274/1683 2684/3353/1750
f 2693/3354/1759 2694/3355/1760 2621/3277/1689 2619/3275/1687
f 2693/3354/1759 2619/3275/1687 2695/3356/1761 2696/3357/1762
f 2697/3358/1763 2648/3306/1715 2698/3359/1764 2699/3360/1765
f 2700/3361/1766 2699/3360/1765 2698/3359/1764 2660/3318/1726
f 2700/3361/1766 2660/3318/1726 2659/3317/1725 2701/3362/1767
f 2702/3363/1768 2623/3279/1691 2621/3277/1689 2694/3355/1760
f 2703/3364/1769 2704/3365/1770 2627/3283/1695 2625/3281/1693
f 2703/3364/1769 2625/3281/1693 2705/3366/1771 2706/3367/1772
f 2707/3368/1773 2657/3315/1723 2708/3369/1774 2709/3370/1775
f 2710/3371/1776 2709/3370/1775 2708/3369/1774 2670/3328/1736
f 2710/3371/1776 2670/3328/1736 2669/3327/1735 2711/3372/1777
f 2712/3373/1778 2629/3285/1697 2627/3283/1695 2704/3365/1770
f 2713/3374/1779 2673/3331/1739 2674/3332/1740 2714/3375/1780
f 2715/3376/1781 2714/3375/1780 2674/3332/1740 2675/3333/1741
f 2715/3376/1781 2675/3333/1741 2677/3335/1743 2716/3377/1782
f 2672/3330/1738 2678/3336/1744 2680/3338/1746 2636/3292/1703
f 2633/3289/1701 2636/3292/1703 2680/3338/1746 2681/3339/1747
f 2633/3289/1701 2681/3339/1747 2682/3340/1748 2634/3290/1702
f 2717/3378/1783 2718/3379/1784 2684/3342/1750 2683/3341/1749
f 2717/3378/1783 2683/3341/1749 2686/3344/1752 2719/3380/1785
f 2644/3300/1711 2687/3345/1753 2689/3347/1755 2641/3297/1708
f 2645/3302/1712 2641/3301/1708 2689/3349/1755 2690/3348/1756
f 2645/3302/1712 2690/3348/1756 2691/3351/1757 2646/3303/1713
f 2720/3381/1786 2692/3352/1758 2684/3353/1750 2718/3382/1784
f 2721/3383/1787 2722/3384/1788 2694/3355/1760 2693/3354/1759
f 2721/3383/1787 2693/3354/1759 2696/3357/1762 2723/3385/1789
f 2654/3312/1720 2697/3358/1763 2699/3360/1765 2651/3309/1718
f 2655/3313/1721 2651/3309/1718 2699/3360/1765 2700/3361/1766
f 2655/3313/1721 2700/3361/1766 2701/3362/1767 2656/3314/1722
f 2724/3386/1790 2702/3363/1768 2694/3355/1760 2722/3384/1788
f 2725/3387/1791 2726/3388/1792 2704/3365/1770 2703/3364/1769
f 2725/3387/1791 2703/3364/1769 2706/3367/1772 2727/3389/1793
f 2664/3322/1730 2707/3368/1773 2709/3370/1775 2661/3319/1727
f 2665/3323/1731 2661/3319/1727 2709/3370/1775 2710/3371/1776
f 2665/3323/1731 2710/3371/1776 2711/3372/1777 2666/3324/1732
f 2728/3390/1794 2712/3373/1778 2704/3365/1770 2726/3388/1792
f 2729/3391/1795 2730/3392/1796 2731/3393/1797 2732/3394/1798
f 2733/3395/1799 2685/3343/1751 2734/3396/1800 2735/3397/1801
f 2736/3398/31 2737/3399/1802 2719/3380/1785 2738/3400/1803
f 2739/3401/1804 2740/3402/1805 2737/3403/1802 2736/3404/31
f 2741/3405/1806 2695/3356/1761 2742/3406/1807 2743/3407/1808
f 2744/3408/1809 2745/3409/1810 2746/3410/1811 2723/3385/1789
f 2747/3411/1812 2748/3412/1813 2746/3410/1811 2745/3409/1810
f 2749/3413/1814 2705/3366/1771 2750/3414/1815 2751/3415/1816
f 2752/3416/1817 2753/3417/1818 2727/3389/1793 2754/3418/1819
f 2755/3419/1820 2756/3420/1821 2753/3417/1818 2752/3416/1817
f 2757/3421/1822 2676/3334/1742 2758/3422/1823 2759/3423/1824
f 2732/3394/1798 2731/3393/1797 2716/3377/1782 2760/3424/1825
f 2668/3326/1734 2667/3325/1733 2678/3336/1744 2761/3425/1826
f 2762/3426/1827 2735/3397/1801 2734/3396/1800 2763/3427/1828
f 2638/3294/1705 2637/3293/1704 2687/3345/1753 2764/3428/1829
f 2765/3429/1830 2743/3407/1808 2742/3406/1807 2766/3430/1831
f 2697/3358/1763 2767/3431/1832 2649/3307/1716 2648/3306/1715
f 2768/3432/1833 2751/3415/1816 2750/3414/1815 2769/3433/1834
f 2658/3316/1724 2657/3315/1723 2707/3368/1773 2770/3434/1835
f 2771/3435/1836 2759/3423/1824 2758/3422/1823 2772/3436/1837
f 2672/3330/1738 2671/3329/1737 2761/3425/1826 2678/3336/1744
f 2730/3392/1796 2729/3391/1795 2762/3426/1827 2763/3427/1828
f 2644/3300/1711 2643/3299/1710 2764/3428/1829 2687/3345/1753
f 2740/3402/1805 2739/3401/1804 2765/3429/1830 2766/3430/1831
f 2654/3312/1720 2653/3311/1719 2767/3431/1832 2697/3358/1763
f 2748/3412/1813 2747/3411/1812 2768/3432/1833 2769/3433/1834
f 2664/3322/1730 2663/3321/1729 2770/3434/1835 2707/3368/1773
f 2756/3420/1821 2755/3419/1820 2771/3435/1836 2772/3436/1837
f 2773/3437/1838 2677/3335/1743 2676/3334/1742 2757/3421/1822
f 2774/3438/1839 2686/3344/1752 2685/3343/1751 2733/3395/1799
f 2695/3356/1761 2741/3405/1806 2775/3439/1840 2696/3357/1762
f 2776/3440/1841 2706/3367/1772 2705/3366/1771 2749/3413/1814
f 2716/3377/1782 2677/3335/1743 2773/3437/1838 2760/3424/1825
f 2719/3380/1785 2686/3344/1752 2774/3438/1839 2738/3400/1803
f 2723/3385/1789 2696/3357/1762 2775/3439/1840 2744/3408/1809
f 2727/3389/1793 2706/3367/1772 2776/3440/1841 2754/3418/1819
f 2730/3392/1796 2713/3374/1779 2714/3375/1780 2731/3393/1797
f 2685/3343/1751 2613/3267/1681 2610/3264/1678 2734/3396/1800
f 2737/3399/1802 2718/3379/1784 2717/3378/1783 2719/3380/1785
f 2740/3402/1805 2720/3381/1786 2718/3382/1784 2737/3403/1802
f 2695/3356/1761 2619/3275/1687 2617/3271/1685 2742/3406/1807
f 2723/3385/1789 2746/3410/1811 2722/3384/1788 2721/3383/1787
f 2748/3412/1813 2724/3386/1790 2722/3384/1788 2746/3410/1811
f 2705/3366/1771 2625/3281/1693 2623/3279/1691 2750/3414/1815
f 2753/3417/1818 2726/3388/1792 2725/3387/1791 2727/3389/1793
f 2756/3420/1821 2728/3390/1794 2726/3388/1792 2753/3417/1818
f 2676/3334/1742 2631/3287/1699 2629/3285/1697 2758/3422/1823
f 2731/3393/1797 2714/3375/1780 2715/3376/1781 2716/3377/1782
f 2673/3331/1739 2763/3427/1828 2734/3396/1800 2610/3264/1678
f 2692/3352/1758 2766/3430/1831 2742/3406/1807 2617/3271/1685
f 2702/3363/1768 2769/3433/1834 2750/3414/1815 2623/3279/1691
f 2712/3373/1778 2772/3436/1837 2758/3422/1823 2629/3285/1697
f 2713/3374/1779 2730/3392/1796 2763/3427/1828 2673/3331/1739
f 2720/3381/1786 2740/3402/1805 2766/3430/1831 2692/3352/1758
f 2724/3386/1790 2748/3412/1813 2769/3433/1834 2702/3363/1768
f 2728/3390/1794 2756/3420/1821 2772/3436/1837 2712/3373/1778
f 2732/3394/26 2635/3291/26 2634/3290/1842 2729/3391/1843
f 2732/3394/26 2760/3424/1844 2671/3329/1844 2635/3291/26
f 2773/3437/1845 2761/3425/1846 2671/3329/1844 2760/3424/1844
f 2757/3421/1847 2668/3326/1847 2761/3425/1846 2773/3437/1845
f 2759/3423/1848 2669/3327/1848 2668/3326/1847 2757/3421/1847
f 2759/3423/1848 2771/3435/1529 2711/3372/1849 2669/3327/1848
f 2755/3419/1850 2666/3324/1851 2711/3372/1849 2771/3435/1529
f 2752/3416/26 2662/3320/26 2666/3324/1851 2755/3419/1850
f 2752/3416/26 2754/3418/1852 2663/3321/1853 2662/3320/26
f 2754/3418/1852 2776/3440/1854 2770/3434/1855 2663/3321/1853
f 2749/3413/1856 2658/3316/1857 2770/3434/1855 2776/3440/1854
f 2749/3413/1856 2751/3415/1858 2659/3317/1859 2658/3316/1857
f 2701/3362/1860 2659/3317/1859 2751/3415/1858 2768/3432/1861
f 2768/3432/1861 2747/3411/1862 2656/3314/1863 2701/3362/1860
f 2745/3409/1864 2652/3310/1864 2656/3314/1863 2747/3411/1862
f 2745/3409/1864 2744/3408/1865 2653/3311/1866 2652/3310/1864
f 2775/3439/1867 2767/3431/1868 2653/3311/1866 2744/3408/1865
f 2767/3431/1868 2775/3439/1867 2741/3405/1869 2649/3307/1870
f 2743/3407/1871 2650/3308/1871 2649/3307/1870 2741/3405/1869
f 2743/3407/1871 2765/3429/1872 2691/3351/1873 2650/3308/1871
f 2739/3401/1874 2646/3303/1875 2691/3351/1873 2765/3429/1872
f 2736/3404/26 2642/3304/26 2646/3303/1875 2739/3401/1874
f 2736/3398/26 2738/3400/1876 2643/3299/1877 2642/3298/26
f 2774/3438/1878 2764/3428/1879 2643/3299/1877 2738/3400/1876
f 2733/3395/1848 2638/3294/1848 2764/3428/1879 2774/3438/1878
f 2735/3397/1880 2639/3295/1881 2638/3294/1848 2733/3395/1848
f 2735/3397/1880 2762/3426/1882 2682/3340/1883 2639/3295/1881
f 2762/3426/1882 2729/3391/1843 2634/3290/1842 2682/3340/1883
f 2598/3251/1666 2597/3250/1665 2640/3296/1707 2679/3337/1745
f 2599/3252/1667 2637/3293/1704 2640/3296/1707 2597/3250/1665
f 2637/3293/1704 2599/3252/1667 2600/3253/1668 2688/3346/1754
f 2600/3255/1668 2601/3254/1669 2647/3305/1714 2688/3350/1754
f 2602/3256/1670 2648/3306/1715 2647/3305/1714 2601/3254/1669
f 2603/3257/1671 2698/3359/1764 2648/3306/1715 2602/3256/1670
f 2604/3258/1672 2660/3318/1726 2698/3359/1764 2603/3257/1671
f 2605/3259/1673 2657/3315/1723 2660/3318/1726 2604/3258/1672
f 2657/3315/1723 2605/3259/1673 2606/3260/1674 2708/3369/1774
f 2606/3260/1674 2607/3261/1675 2670/3328/1736 2708/3369/1774
f 2608/3262/1676 2667/3325/1733 2670/3328/1736 2607/3261/1675
f 2667/3325/1733 2608/3262/1676 2598/3251/1666 2679/3337/1745
f 2589/3441/1657 2612/3266/1884 2611/3265/1885 2594/3442/1662
f 2594/3442/1662 2611/3265/1885 2614/3268/1886 2593/3443/1661
f 2593/3443/1661 2614/3268/1886 2616/3270/1887 2595/3444/1663
f 2595/3445/1663 2616/3273/1887 2618/3272/1888 2588/3446/1656
f 2588/3446/1656 2618/3272/1888 2620/3276/1889 2596/3447/1664
f 2596/3447/1664 2620/3276/1889 2622/3278/1890 2585/3448/1653
f 2585/3448/1653 2622/3278/1890 2624/3280/1891 2586/3449/1654
f 2586/3449/1654 2624/3280/1891 2626/3282/1892 2587/3450/1655
f 2587/3450/1655 2626/3282/1892 2628/3284/1893 2591/3451/1659
f 2591/3451/1659 2628/3284/1893 2630/3286/1894 2590/3452/1658
f 2590/3452/1658 2630/3286/1894 2632/3288/1895 2592/3453/1660
f 2592/3453/1660 2632/3288/1895 2612/3266/1884 2589/3441/1657
f 2777/3454/58 2778/3455/58 2779/3456/1896 2780/3457/1896
f 2780/3457/1896 2779/3456/1896 2781/3458/1897 2782/3459/1898
f 2783/3460/1899 2784/3461/92 2785/3462/92 2786/3463/1899
f 2785/3462/92 2784/3461/92 2787/3464/1900 2788/3465/1900
f 2789/3466/1901 2790/3467/1902 2791/3468/1903 2792/3469/1903
f 2792/3469/1903 2791/3468/1903 2793/3470/5 2794/3471/5
f 2794/3471/5 2793/3470/5 2795/3472/1904 2796/3473/1904
f 2796/3473/1904 2795/3472/1904 2797/3474/1905 2798/3475/1905
f 2798/3475/1905 2797/3474/1905 2799/3476/117 2800/3477/117
f 2800/3478/117 2799/3479/117 2801/3480/1906 2802/3481/1906
f 2802/3481/1906 2801/3480/1906 2803/3482/1907 2804/3483/1907
f 2804/3483/1907 2803/3482/1907 2778/3455/58 2777/3454/58
f 2799/3484/28 2797/3485/28 2795/3486/28 2803/3487/28
f 2805/3488/28 2803/3487/28 2795/3486/28 2791/3489/28
f 2795/3486/28 2793/3490/28 2791/3489/28
f 2791/3489/28 2790/3491/1014 2805/3488/28
f 2779/3492/28 2803/3487/28 2805/3488/28 2781/3493/28
f 2779/3492/28 2778/3494/1014 2803/3487/28
f 2799/3484/28 2803/3487/28 2801/3495/28
f 2806/3496/26 2807/3497/26 2808/3498/26 2809/3499/26
f 2810/3500/26 2809/3499/26 2808/3498/26 2811/3501/26
f 2808/3498/26 2812/3502/25 2811/3501/26
f 2811/3501/26 2813/3503/26 2810/3500/26
f 2814/3504/26 2809/3499/26 2810/3500/26 2815/3505/26
f 2814/3504/26 2816/3506/26 2809/3499/26
f 2806/3496/26 2809/3499/26 2817/3507/26
f 2780/3457/1896 2818/3508/1896 2819/3509/58 2777/3454/58
f 2782/3459/1898 2820/3510/1908 2818/3508/1896 2780/3457/1896
f 2820/3510/1908 2821/3511/92 2810/3512/92 2813/3513/1908
f 2821/3514/92 2822/3515/1909 2815/3516/1910 2810/3517/92
f 2792/3469/1903 2823/3518/1903 2822/3515/1909 2789/3466/1901
f 2794/3471/5 2824/3519/5 2823/3518/1903 2792/3469/1903
f 2796/3473/1904 2825/3520/1904 2824/3519/5 2794/3471/5
f 2798/3475/1905 2826/3521/1911 2825/3520/1904 2796/3473/1904
f 2800/3477/117 2827/3522/117 2826/3521/1911 2798/3475/1905
f 2802/3481/1906 2828/3523/1912 2827/3524/117 2800/3478/117
f 2804/3483/1907 2829/3525/1907 2828/3523/1912 2802/3481/1906
f 2777/3454/58 2819/3509/58 2829/3525/1907 2804/3483/1907
f 2830/3526/1913 2781/3458/1913 2805/3527/1913 2831/3528/1914
f 2805/3529/1915 2790/3467/1916 2832/3530/1915 2831/3531/1916
f 2833/3532/1917 2789/3466/1917 2834/3533/1917 2835/3534/1917
f 2834/3535/1918 2782/3459/1918 2836/3536/1918 2835/3537/1919
f 2836/3536/58 2782/3459/58 2781/3458/58 2830/3526/58
f 2831/3528/1920 2784/3461/1920 2783/3460/1920 2830/3526/1920
f 2787/3464/1921 2784/3461/1921 2831/3531/1921 2832/3530/1921
f 2832/3530/5 2833/3532/5 2788/3465/5 2787/3464/5
f 2835/3534/1922 2785/3462/1922 2788/3465/1923 2833/3532/1924
f 2786/3463/1925 2785/3462/1922 2835/3537/1922 2836/3536/1925
f 2786/3463/58 2836/3536/58 2830/3526/58 2783/3460/58
f 2790/3467/5 2789/3466/5 2833/3532/5 2832/3530/5
f 2819/3509/58 2818/3508/1896 2811/3538/1896 2812/3539/58
f 2820/3510/1908 2813/3513/1908 2811/3538/1896 2818/3508/1896
f 2820/3510/1908 2782/3459/1898 2834/3535/92 2821/3511/92
f 2821/3514/92 2834/3533/92 2789/3466/1901 2822/3515/1909
f 2823/3518/1903 2814/3540/1903 2815/3516/1910 2822/3515/1909
f 2824/3519/5 2816/3541/5 2814/3540/1903 2823/3518/1903
f 2825/3520/1904 2809/3542/1904 2816/3541/5 2824/3519/5
f 2826/3521/1911 2817/3543/1926 2809/3542/1904 2825/3520/1904
f 2837/3544/117 2838/3545/117 2839/3546/1927 2840/3547/1927
f 2841/3548/1928 2842/3549/1928 2838/3550/117 2837/3551/117
f 2829/3525/1907 2808/3552/1907 2807/3553/1929 2828/3523/1912
f 2819/3509/58 2812/3539/58 2808/3552/1907 2829/3525/1907
f 2839/3546/26 2838/3545/26 2806/3554/26 2817/3543/26
f 2839/3546/5 2817/3543/5 2826/3521/5 2840/3547/5
f 2840/3547/28 2826/3521/28 2827/3522/28 2837/3544/28
f 2841/3548/28 2837/3551/28 2827/3524/28 2828/3523/28
f 2828/3523/58 2807/3553/58 2842/3549/58 2841/3548/58
f 2842/3549/26 2807/3553/26 2806/3555/26 2838/3550/26
f 2843/3556/58 2844/3557/58 2845/3558/1615 2846/3559/1615
f 2846/3559/1615 2845/3558/1615 2847/3560/1625 2848/3561/1625
f 2848/3561/1625 2847/3560/1625 2849/3562/92 2850/3563/92
f 2850/3563/92 2849/3562/92 2851/3564/1626 2852/3565/1626
f 2852/3565/1626 2851/3564/1626 2853/3566/1620 2854/3567/1620
f 2854/3567/1620 2853/3566/1620 2855/3568/5 2856/3569/5
f 2856/3569/5 2855/3568/5 2857/3570/1621 2858/3571/1621
f 2858/3571/1621 2857/3570/1621 2859/3572/1622 2860/3573/1622
f 2860/3573/1622 2859/3572/1622 2861/3574/117 2862/3575/117
f 2862/3576/117 2861/3577/117 2863/3578/1623 2864/3579/1623
f 2864/3579/1623 2863/3578/1623 2865/3580/1624 2866/3581/1624
f 2866/3581/1624 2865/3580/1624 2844/3557/58 2843/3556/58
f 2853/3582/1014 2851/3583/28 2849/3584/28 2857/3585/1014
f 2865/3586/28 2857/3585/1014 2849/3584/28 2845/3587/28
f 2849/3584/28 2847/3588/28 2845/3587/28
f 2845/3587/28 2844/3589/28 2865/3586/28
f 2861/3590/28 2857/3585/1014 2865/3586/28 2863/3591/28
f 2861/3590/28 2859/3592/28 2857/3585/1014
f 2853/3582/1014 2857/3585/1014 2855/3593/1014
f 2867/3594/25 2868/3595/26 2869/3596/25 2870/3597/26
f 2871/3598/26 2870/3597/26 2869/3596/25 2872/3599/26
f 2869/3596/25 2873/3600/26 2872/3599/26
f 2872/3599/26 2874/3601/26 2871/3598/26
f 2875/3602/26 2870/3597/26 2871/3598/26 2876/3603/26
f 2875/3602/26 2877/3604/26 2870/3597/26
f 2867/3594/25 2870/3597/26 2878/3605/26
f 2879/3606/1615 2880/3607/1615 2881/3608/58 2882/3609/58
f 2883/3610/1625 2884/3611/1930 2880/3607/1615 2879/3606/1615
f 2885/3612/92 2886/3613/92 2884/3611/1930 2883/3610/1625
f 2887/3614/1931 2888/3615/1626 2886/3613/92 2885/3612/92
f 2889/3616/1620 2890/3617/1620 2888/3615/1626 2887/3614/1931
f 2891/3618/5 2892/3619/5 2890/3617/1620 2889/3616/1620
f 2893/3620/1621 2894/3621/1621 2892/3619/5 2891/3618/5
f 2895/3622/1622 2896/3623/1622 2894/3621/1621 2893/3620/1621
f 2897/3624/117 2898/3625/117 2896/3623/1622 2895/3622/1622
f 2899/3626/1623 2900/3627/1623 2898/3628/117 2897/3629/117
f 2901/3630/1624 2902/3631/1624 2900/3627/1623 2899/3626/1623
f 2882/3609/58 2881/3608/58 2902/3631/1624 2901/3630/1624
f 2880/3632/26 2876/3603/26 2871/3598/26 2881/3633/26
f 2881/3633/26 2871/3598/26 2874/3601/26 2902/3634/26
f 2902/3634/26 2874/3601/26 2872/3599/26 2900/3635/26
f 2900/3635/26 2872/3599/26 2873/3600/26 2898/3636/26
f 2898/3636/26 2873/3600/26 2869/3596/25 2896/3637/25
f 2896/3637/25 2869/3596/25 2868/3595/26 2894/3638/26
f 2894/3638/26 2868/3595/26 2867/3594/25 2892/3639/25
f 2892/3639/25 2867/3594/25 2878/3605/26 2890/3640/26
f 2890/3640/26 2878/3605/26 2870/3597/26 2888/3641/26
f 2888/3641/26 2870/3597/26 2877/3604/26 2886/3642/26
f 2886/3642/26 2877/3604/26 2875/3602/26 2884/3643/26
f 2884/3643/26 2875/3602/26 2876/3603/26 2880/3632/26
f 2843/3556/28 2846/3559/28 2879/3606/28 2882/3609/28
f 2846/3559/28 2848/3561/28 2883/3610/28 2879/3606/28
f 2848/3561/28 2850/3563/28 2885/3612/28 2883/3610/28
f 2850/3563/28 2852/3565/28 2887/3614/28 2885/3612/28
f 2852/3565/28 2854/3567/28 2889/3616/28 2887/3614/28
f 2854/3567/28 2856/3569/28 2891/3618/28 2889/3616/28
f 2856/3569/28 2858/3571/28 2893/3620/28 2891/3618/28
f 2858/3571/28 2860/3573/28 2895/3622/28 2893/3620/28
f 2860/3573/28 2862/3575/28 2897/3624/28 2895/3622/28
f 2862/3576/28 2864/3579/1014 2899/3626/1014 2897/3629/28
f 2864/3579/1014 2866/3581/1014 2901/3630/1014 2899/3626/1014
f 2866/3581/1014 2843/3556/28 2882/3609/28 2901/3630/1014
f 2903/3644/58 2904/3645/1615 2905/3646/1615 2906/3647/58
f 2905/3646/1615 2904/3645/1615 2907/3648/1625 2908/3649/1930
f 2908/3649/1930 2907/3648/1625 2909/3650/92 2910/3651/92
f 2909/3650/92 2911/3652/1626 2912/3653/1626 2910/3651/92
f 2912/3653/1626 2911/3652/1626 2913/3654/1620 2914/3655/1620
f 2914/3655/1620 2913/3654/1620 2915/3656/5 2916/3657/5
f 2916/3657/5 2915/3656/5 2917/3658/1621 2918/3659/1621
f 2918/3659/1621 2917/3658/1621 2919/3660/1622 2920/3661/1622
f 2920/3661/1622 2919/3660/1622 2921/3662/117 2922/3663/117
f 2922/3664/117 2921/3665/117 2923/3666/1623 2924/3667/1623
f 2924/3667/1623 2923/3666/1623 2925/3668/1624 2926/3669/1624
f 2926/3669/1624 2925/3668/1624 2903/3644/58 2906/3647/58
f 2927/3670/28 2928/3671/28 2929/3672/28 2930/3673/28
f 2931/3674/28 2930/3673/28 2929/3672/28 2932/3675/1014
f 2929/3672/28 2933/3676/28 2932/3675/1014
f 2932/3675/1014 2934/3677/28 2931/3674/28
f 2935/3678/28 2930/3673/28 2931/3674/28 2936/3679/28
f 2935/3678/28 2937/3680/28 2930/3673/28
f 2927/3670/28 2930/3673/28 2938/3681/28
f 2939/3682/26 2940/3683/26 2941/3684/26 2942/3685/25
f 2943/3686/26 2942/3685/25 2941/3684/26 2944/3687/26
f 2941/3684/26 2945/3688/26 2944/3687/26
f 2944/3687/26 2946/3689/26 2943/3686/26
f 2947/3690/26 2942/3685/25 2943/3686/26 2948/3691/26
f 2947/3690/26 2949/3692/26 2942/3685/25
f 2939/3682/26 2942/3685/25 2950/3693/25
f 2951/3694/58 2952/3695/1615 2953/3696/1615 2954/3697/58
f 2955/3698/1625 2956/3699/1932 2953/3696/1615 2952/3695/1615
f 2957/3700/92 2958/3701/92 2956/3699/1932 2955/3698/1625
f 2957/3700/92 2959/3702/1626 2960/3703/1933 2958/3701/92
f 2961/3704/1620 2962/3705/1620 2960/3703/1933 2959/3702/1626
f 2963/3706/5 2964/3707/5 2962/3705/1620 2961/3704/1620
f 2965/3708/1621 2966/3709/1621 2964/3707/5 2963/3706/5
f 2967/3710/1622 2968/3711/1934 2966/3709/1621 2965/3708/1621
f 2969/3712/117 2970/3713/117 2968/3711/1934 2967/3710/1622
f 2971/3714/1623 2972/3715/1935 2970/3716/117 2969/3717/117
f 2973/3718/1624 2974/3719/1624 2972/3715/1935 2971/3714/1623
f 2951/3694/58 2954/3697/58 2974/3719/1624 2973/3718/1624
f 2903/3644/1014 2934/3720/28 2932/3721/1014 2904/3645/1014
f 2904/3645/1014 2932/3721/1014 2933/3722/28 2907/3648/1014
f 2907/3648/1014 2933/3722/28 2929/3723/28 2909/3650/28
f 2929/3723/28 2928/3724/28 2911/3652/28 2909/3650/28
f 2911/3652/28 2928/3724/28 2927/3725/28 2913/3654/28
f 2913/3654/28 2927/3725/28 2938/3726/28 2915/3656/28
f 2915/3656/28 2938/3726/28 2930/3727/28 2917/3658/28
f 2917/3658/28 2930/3727/28 2937/3728/28 2919/3660/28
f 2919/3660/28 2937/3728/28 2935/3729/28 2921/3662/28
f 2921/3665/28 2935/3730/28 2936/3731/28 2923/3666/1014
f 2923/3666/1014 2936/3731/28 2931/3732/28 2925/3668/28
f 2925/3668/28 2931/3732/28 2934/3720/28 2903/3644/1014
f 2905/3646/26 2952/3695/26 2951/3694/26 2906/3647/26
f 2906/3647/26 2951/3694/26 2973/3718/26 2926/3669/26
f 2926/3669/26 2973/3718/26 2971/3714/26 2924/3667/26
f 2924/3667/26 2971/3714/26 2969/3717/26 2922/3664/26
f 2922/3663/26 2969/3712/26 2967/3710/26 2920/3661/26
f 2920/3661/26 2967/3710/26 2965/3708/25 2918/3659/25
f 2918/3659/25 2965/3708/25 2963/3706/26 2916/3657/26
f 2916/3657/26 2963/3706/26 2961/3704/26 2914/3655/26
f 2914/3655/26 2961/3704/26 2959/3702/25 2912/3653/25
f 2959/3702/25 2957/3700/26 2910/3651/26 2912/3653/25
f 2910/3651/26 2957/3700/26 2955/3698/26 2908/3649/26
f 2908/3649/26 2955/3698/26 2952/3695/26 2905/3646/26
f 2975/3733/26 2976/3734/26 2977/3735/26 2978/3736/26
f 2978/3736/26 2977/3735/26 2979/3737/26 2980/3738/26
f 2980/3738/26 2979/3737/26 2981/3739/26 2982/3740/26
f 2981/3739/26 2983/3741/26 2984/3742/26 2982/3740/26
f 2984/3742/26 2983/3741/26 2985/3743/26 2986/3744/26
f 2986/3744/26 2985/3743/26 2987/3745/26 2988/3746/26
f 2988/3746/26 2987/3745/26 2989/3747/26 2990/3748/26
f 2990/3748/26 2989/3747/26 2991/3749/26 2992/3750/26
f 2992/3750/26 2991/3749/26 2993/3751/26 2994/3752/26
f 2994/3753/26 2993/3754/26 2995/3755/26 2996/3756/26
f 2996/3756/26 2995/3755/26 2997/3757/26 2998/3758/26
f 2998/3758/26 2997/3757/26 2976/3734/26 2975/3733/26
f 2956/3759/1932 2958/3760/92 2999/3761/92 3000/3762/1932
f 2958/3760/92 2960/3763/1933 3001/3764/1933 2999/3761/92
f 2968/3711/1934 2970/3765/117 3002/3766/117 3003/3767/1934
f 3002/3766/117 2970/3765/117 2972/3768/1935 3004/3769/1936
f 2944/3770/1937 2945/3771/92 3005/3772/92 3006/3773/1937
f 3005/3772/92 2945/3771/92 2941/3774/1938 3007/3775/1938
f 2942/3776/1939 2949/3777/117 3008/3778/117 3009/3779/1939
f 3008/3778/117 2949/3777/117 2947/3780/1940 3010/3781/1940
f 2976/3734/58 3011/3782/58 3012/3783/1615 2977/3735/1615
f 2977/3735/1615 3012/3783/1615 3000/3784/1932 2979/3737/1625
f 2979/3737/1625 3000/3784/1932 2999/3785/92 2981/3739/92
f 2999/3785/92 3001/3786/1933 2983/3741/1626 2981/3739/92
f 2983/3741/1626 3001/3786/1933 3013/3787/1620 2985/3743/1620
f 2985/3743/1620 3013/3787/1620 3014/3788/5 2987/3745/5
f 2987/3745/5 3014/3788/5 3015/3789/1621 2989/3747/1621
f 2989/3747/1621 3015/3789/1621 3003/3790/1934 2991/3749/1622
f 2991/3749/1622 3003/3790/1934 3002/3791/117 2993/3751/117
f 2993/3754/117 3002/3792/117 3004/3793/1936 2995/3755/1623
f 2995/3755/1623 3004/3793/1936 3016/3794/1624 2997/3757/1624
f 2997/3757/1624 3016/3794/1624 3011/3782/58 2976/3734/58
f 3017/3795/1621 3018/3796/1621 3019/3797/5 3020/3798/5
f 3020/3798/5 3019/3797/5 3021/3799/1620 3022/3800/1620
f 3022/3800/1620 3021/3799/1620 3023/3801/1626 3024/3802/1626
f 3024/3802/1626 3023/3801/1626 3025/3803/92 3026/3804/92
f 3026/3804/92 3025/3803/92 3027/3805/1625 3028/3806/1625
f 3028/3806/1625 3027/3805/1625 3029/3807/1615 3030/3808/1941
f 3030/3808/1941 3029/3807/1615 3031/3809/58 3032/3810/58
f 3032/3810/58 3031/3809/58 3033/3811/1624 3034/3812/1624
f 3034/3812/1624 3033/3811/1624 3035/3813/1623 3036/3814/1623
f 3035/3813/1623 3037/3815/117 3038/3816/117 3036/3814/1623
f 3038/3816/117 3037/3815/117 3039/3817/1622 3040/3818/1622
f 3040/3818/1622 3039/3817/1622 3018/3796/1621 3017/3795/1621
f 2948/3819/26 2953/3696/26 2956/3699/26 2947/3820/26
f 2956/3759/1942 3000/3762/1942 3010/3781/1942 2947/3780/1942
f 3010/3821/28 3000/3822/1014 3012/3823/1014 3041/3824/28
f 3041/3824/28 3012/3823/1014 3011/3825/28 3042/3826/28
f 3042/3826/28 3011/3825/28 3016/3827/28 3043/3828/28
f 3043/3828/28 3016/3827/28 3004/3829/28 3006/3830/28
f 3004/3769/1943 2972/3768/1943 2944/3770/1943 3006/3773/1943
f 2944/3831/26 2972/3715/26 2974/3719/26 2946/3832/26
f 2946/3832/26 2974/3719/26 2954/3697/26 2943/3833/26
f 2943/3833/26 2954/3697/26 2953/3696/26 2948/3819/26
f 2942/3834/25 2960/3703/25 2962/3705/25 2950/3835/25
f 2950/3835/25 2962/3705/25 2964/3707/26 2939/3836/26
f 2939/3836/26 2964/3707/26 2966/3709/26 2940/3837/26
f 2940/3837/26 2966/3709/26 2968/3711/25 2941/3774/26
f 2968/3711/1944 3003/3767/1944 3007/3775/1944 2941/3774/1944
f 3007/3838/28 3003/3839/28 3015/3840/28 3044/3841/28
f 3044/3841/28 3015/3840/28 3014/3842/28 3045/3843/28
f 3045/3843/28 3014/3842/28 3013/3844/28 3046/3845/28
f 3046/3845/28 3013/3844/28 3001/3846/28 3009/3847/28
f 3001/3764/1945 2960/3763/1945 2942/3848/1945 3009/3849/1945
f 3018/3850/28 3041/3824/28 3042/3826/28 3019/3851/28
f 3019/3851/28 3042/3826/28 3043/3828/28 3021/3852/1014
f 3021/3852/1014 3043/3828/28 3006/3830/28 3023/3853/28
f 3023/3853/28 3006/3830/28 3005/3854/28 3025/3855/28
f 3025/3855/28 3005/3854/28 3007/3838/28 3027/3856/1014
f 3027/3856/1014 3007/3838/28 3044/3841/28 3029/3857/28
f 3029/3857/28 3044/3841/28 3045/3843/28 3031/3858/28
f 3031/3858/28 3045/3843/28 3046/3845/28 3033/3859/1014
f 3033/3859/1014 3046/3845/28 3009/3847/28 3035/3860/28
f 3009/3847/28 3008/3861/28 3037/3862/28 3035/3860/28
f 3037/3862/28 3008/3861/28 3010/3821/28 3039/3863/28
f 3039/3863/28 3010/3821/28 3041/3824/28 3018/3850/28
f 3047/3864/25 3048/3865/25 3049/3866/26 3050/3867/26
f 3050/3867/26 3049/3866/26 3051/3868/26 3052/3869/26
f 3052/3869/26 3051/3868/26 3053/3870/26 3054/3871/26
f 3054/3871/26 3053/3870/26 3055/3872/25 3056/3873/25
f 3056/3873/25 3055/3872/25 3057/3874/25 3058/3875/25
f 3058/3875/25 3057/3874/25 3059/3876/26 3060/3877/26
f 3060/3877/26 3059/3876/26 3061/3878/26 3062/3879/26
f 3062/3879/26 3061/3878/26 3063/3880/25 3064/3881/25
f 3064/3881/25 3063/3880/25 3065/3882/26 3066/3883/26
f 3066/3884/26 3065/3885/26 3067/3886/26 3068/3887/26
f 3068/3887/26 3067/3886/26 3069/3888/26 3070/3889/26
f 3070/3889/26 3069/3888/26 3048/3865/25 3047/3864/25
f 2978/3736/1615 3049/3866/1615 3048/3865/58 2975/3733/58
f 2980/3738/1625 3051/3868/1625 3049/3866/1615 2978/3736/1615
f 2982/3740/92 3053/3870/92 3051/3868/1625 2980/3738/1625
f 2984/3742/1626 3055/3872/1626 3053/3870/92 2982/3740/92
f 2986/3744/1620 3057/3874/1620 3055/3872/1626 2984/3742/1626
f 2988/3746/5 3059/3876/5 3057/3874/1620 2986/3744/1620
f 2990/3748/1621 3061/3878/1621 3059/3876/5 2988/3746/5
f 2992/3750/1622 3063/3880/1622 3061/3878/1621 2990/3748/1621
f 2994/3752/117 3065/3882/117 3063/3880/1622 2992/3750/1622
f 2996/3756/1623 3067/3886/1623 3065/3885/117 2994/3753/117
f 2998/3758/1624 3069/3888/1624 3067/3886/1623 2996/3756/1623
f 2975/3733/58 3048/3865/58 3069/3888/1624 2998/3758/1624
f 3071/3890/5 3072/3891/5 3073/3892/1621 3074/3893/1621
f 3075/3894/1620 3076/3895/1620 3072/3891/5 3071/3890/5
f 3077/3896/1626 3078/3897/1626 3076/3895/1620 3075/3894/1620
f 3079/3898/92 3080/3898/92 3078/3897/1626 3077/3896/1626
f 3081/3899/1625 3082/3900/1625 3080/3898/92 3079/3898/92
f 3083/3901/1615 3084/3902/1941 3082/3900/1625 3081/3899/1625
f 3085/3903/58 3086/3904/58 3084/3902/1941 3083/3901/1615
f 3087/3905/1624 3088/3906/1624 3086/3904/58 3085/3903/58
f 3089/3907/1623 3090/3907/1623 3088/3906/1624 3087/3905/1624
f 3091/3908/117 3092/3909/117 3090/3907/1623 3089/3907/1623
f 3093/3910/1622 3094/3911/1622 3092/3909/117 3091/3908/117
f 3074/3893/1621 3073/3892/1621 3094/3911/1622 3093/3910/1622
f 3072/3891/5 3047/3912/5 3050/3892/1621 3073/3892/1621
f 3074/3893/1621 3017/3795/1621 3020/3798/5 3071/3890/5
f 3076/3895/1620 3070/3913/1620 3047/3912/5 3072/3891/5
f 3071/3890/5 3020/3798/5 3022/3800/1620 3075/3894/1620
f 3078/3897/1626 3068/3914/1626 3070/3913/1620 3076/3895/1620
f 3075/3894/1620 3022/3800/1620 3024/3802/1626 3077/3896/1626
f 3080/3898/92 3066/3915/92 3068/3914/1626 3078/3897/1626
f 3077/3896/1626 3024/3802/1626 3026/3804/92 3079/3898/92
f 3082/3900/1625 3064/3916/1930 3066/3915/92 3080/3898/92
f 3079/3898/92 3026/3804/92 3028/3806/1625 3081/3899/1625
f 3084/3902/1941 3062/3917/1615 3064/3916/1930 3082/3900/1625
f 3081/3899/1625 3028/3806/1625 3030/3808/1941 3083/3901/1615
f 3086/3904/58 3060/3918/58 3062/3917/1615 3084/3902/1941
f 3083/3901/1615 3030/3808/1941 3032/3810/58 3085/3903/58
f 3088/3906/1624 3058/3919/1624 3060/3918/58 3086/3904/58
f 3085/3903/58 3032/3810/58 3034/3812/1624 3087/3905/1624
f 3090/3907/1623 3056/3920/1623 3058/3919/1624 3088/3906/1624
f 3087/3905/1624 3034/3812/1624 3036/3814/1623 3089/3907/1623
f 3090/3907/1623 3092/3909/117 3054/3909/117 3056/3920/1623
f 3091/3908/117 3089/3907/1623 3036/3814/1623 3038/3816/117
f 3094/3911/1622 3052/3921/1622 3054/3909/117 3092/3909/117
f 3091/3908/117 3038/3816/117 3040/3818/1622 3093/3910/1622
f 3073/3892/1621 3050/3892/1621 3052/3921/1622 3094/3911/1622
f 3093/3910/1622 3040/3818/1622 3017/3795/1621 3074/3893/1621
f 3095/3922/5 3096/3923/5 3097/3924/5 3098/3925/5
f 3098/3925/5 3097/3924/5 3099/3926/5 3100/3927/5
f 3101/3928/5 3095/3922/5 3098/3925/5 3102/3929/5
f 3098/3925/5 3103/3930/5 3102/3929/5
f 3102/3929/5 3104/3931/5 3101/3928/5
f 3105/3932/5 3095/3922/5 3101/3928/5 3106/3933/5
f 3095/3922/5 3105/3932/5 3107/3934/5
f 3108/3935/1185 3105/3936/1185 3106/3937/26 3109/3938/1946
f 3110/3939/1186 3107/3940/1186 3105/3936/1185 3108/3935/1185
f 3111/3941/92 3095/3942/92 3107/3940/1186 3110/3939/1186
f 3112/3943/1187 3096/3944/1187 3095/3942/92 3111/3941/92
f 3113/3945/1188 3097/3946/1188 3096/3944/1187 3112/3943/1187
f 3114/3947/1947 3099/3948/28 3097/3946/1188 3113/3945/1188
f 3115/3949/1189 3100/3950/1189 3099/3951/28 3114/3952/1947
f 3116/3953/1190 3098/3954/1190 3100/3950/1189 3115/3949/1189
f 3117/3955/117 3103/3956/117 3098/3954/1190 3116/3953/1190
f 3118/3957/1064 3102/3958/1064 3103/3956/117 3117/3955/117
f 3119/3959/1191 3104/3960/1191 3102/3958/1064 3118/3957/1064
f 3109/3938/1946 3106/3937/26 3101/3961/1948 3120/3962/1948
f 3112/3963/58 3110/3964/58 3108/3965/58 3113/3966/58
f 3108/3965/58 3109/3967/58 3114/3968/58 3113/3966/58
f 3109/3938/92 3121/3969/92 3122/3970/92 3114/3971/92
f 3110/3964/58 3112/3963/58 3111/3972/58
f 3120/3962/1948 3101/3961/1948 3104/3960/1191 3119/3959/1191
f 3120/3962/1948 3119/3959/1191 3123/3973/1191 3124/3974/1948
f 3125/3975/1189 3115/3949/1189 3114/3952/1947 3122/3976/1949
f 3126/3977/1190 3116/3953/1190 3115/3949/1189 3125/3975/1189
f 3127/3978/117 3117/3955/117 3116/3953/1190 3126/3977/1190
f 3128/3979/1064 3118/3957/1064 3117/3955/117 3127/3978/117
f 3123/3973/1191 3119/3959/1191 3118/3957/1064 3128/3979/1064
f 3121/3969/1948 3109/3938/1946 3120/3962/1948 3124/3974/1948
f 3129/3980/58 3130/3981/58 3131/3982/58 3132/3983/58
f 3132/3983/58 3131/3982/58 3133/3984/58 3134/3985/58
f 3135/3986/58 3129/3980/58 3132/3983/58 3136/3987/58
f 3132/3983/58 3137/3988/58 3136/3987/58
f 3136/3987/58 3138/3989/58 3135/3986/58
f 3139/3990/58 3129/3980/58 3135/3986/58 3140/3991/58
f 3129/3980/58 3139/3990/58 3141/3992/58
f 3138/3993/26 3136/3994/1185 3142/3995/1185 3143/3996/1946
f 3136/3994/1185 3137/3997/1186 3144/3998/1186 3142/3995/1185
f 3137/3997/1186 3132/3999/92 3145/4000/92 3144/3998/1186
f 3132/3999/92 3134/4001/1187 3146/4002/1187 3145/4000/92
f 3134/4001/1187 3133/4003/1188 3147/4004/1188 3146/4002/1187
f 3133/4003/1188 3131/4005/28 3148/4006/1947 3147/4004/1188
f 3131/4007/28 3130/4008/1189 3149/4009/1189 3148/4010/1947
f 3130/4008/1189 3129/4011/1190 3150/4012/1190 3149/4009/1189
f 3129/4011/1190 3141/4013/117 3151/4014/117 3150/4012/1190
f 3141/4013/117 3139/4015/1064 3152/4016/1064 3151/4014/117
f 3139/4015/1064 3140/4017/1191 3153/4018/1191 3152/4016/1064
f 3135/4019/1948 3138/3993/26 3143/3996/1946 3154/4020/1948
f 3142/4021/5 3144/4022/5 3146/4023/5 3147/4024/5
f 3148/4025/5 3143/4026/5 3142/4021/5 3147/4024/5
f 3122/3970/92 3121/3969/92 3143/3996/92 3148/4027/92
f 3144/4022/5 3145/4028/5 3146/4023/5
f 3140/4017/1191 3135/4019/1948 3154/4020/1948 3153/4018/1191
f 3123/3973/1191 3153/4018/1191 3154/4020/1948 3124/3974/1948
f 3148/4010/1947 3149/4009/1189 3125/3975/1189 3122/3976/1949
f 3149/4009/1189 3150/4012/1190 3126/3977/1190 3125/3975/1189
f 3150/4012/1190 3151/4014/117 3127/3978/117 3126/3977/1190
f 3151/4014/117 3152/4016/1064 3128/3979/1064 3127/3978/117
f 3152/4016/1064 3153/4018/1191 3123/3973/1191 3128/3979/1064
f 3154/4020/1948 3143/3996/1946 3121/3969/1948 3124/3974/1948
f 3155/4029/58 3156/4030/1615 3157/4031/1941 3158/4032/58
f 3157/4031/1941 3156/4030/1615 3159/4033/1625 3160/4034/1950
f 3161/4035/1951 3162/4036/1951 3163/4037/1937 3164/4038/1937
f 3165/4039/1952 3166/4040/1626 3167/4041/1620 3168/4042/1620
f 3168/4042/1620 3167/4041/1620 3169/4043/5 3170/4044/5
f 3170/4044/5 3169/4043/5 3171/4045/1621 3172/4046/1621
f 3172/4046/1621 3171/4045/1621 3173/4047/1953 3174/4048/1954
f 3175/4049/1955 3176/4050/1956 3177/4051/1624 3178/4052/1624
f 3178/4052/1624 3177/4051/1624 3155/4029/58 3158/4032/58
f 3167/4053/28 3166/4054/28 3163/4055/28 3171/4056/28
f 3179/4057/28 3171/4056/28 3163/4055/28 3155/4058/28
f 3159/4059/28 3155/4058/28 3163/4055/28 3162/4060/28
f 3159/4059/28 3156/4061/28 3155/4058/28
f 3176/4062/28 3179/4057/28 3155/4058/28 3177/4063/28
f 3180/4064/28 3171/4056/28 3179/4057/28 3181/4065/28
f 3180/4064/28 3173/4066/28 3171/4056/28
f 3167/4053/28 3171/4056/28 3169/4067/28
f 3182/4068/26 3183/4069/26 3184/4070/26 3185/4071/25
f 3186/4072/26 3185/4071/25 3184/4070/26 3187/4073/26
f 3187/4073/26 3184/4070/26 3188/4074/26 3189/4075/26
f 3190/4076/26 3186/4072/26 3187/4073/26 3191/4077/26
f 3190/4076/26 3192/4078/26 3186/4072/26
f 3193/4079/26 3185/4071/25 3186/4072/26 3194/4080/26
f 3193/4079/26 3195/4081/26 3185/4071/25
f 3182/4068/26 3185/4071/25 3196/4082/25
f 3157/4031/1941 3197/4083/1941 3198/4084/58 3158/4032/58
f 3160/4034/1950 3199/4085/1957 3197/4083/1941 3157/4031/1941
f 3200/4086/92 3201/4087/92 3202/4088/1958 3203/4089/1959
f 3204/4090/92 3205/4091/92 3206/4092/92 3207/4093/92
f 3168/4042/1620 3208/4094/1620 3209/4095/1960 3165/4039/1952
f 3170/4044/5 3210/4096/5 3208/4094/1620 3168/4042/1620
f 3172/4046/1621 3211/4097/1621 3210/4096/5 3170/4044/5
f 3174/4048/1954 3212/4098/1622 3211/4097/1621 3172/4046/1621
f 3213/4099/117 3214/4100/117 3215/4101/1940 3216/4102/1940
f 3175/4049/1955 3217/4103/1623 3218/4104/1939 3219/4105/1939
f 3178/4052/1624 3220/4106/1624 3217/4103/1623 3175/4049/1955
f 3158/4032/58 3198/4084/58 3220/4106/1624 3178/4052/1624
f 3221/4107/26 3222/4108/26 3195/4109/26 3193/4110/26
f 3223/4111/58 3224/4112/58 3194/4113/1957 3225/4114/1957
f 3226/4115/1961 3160/4034/1962 3227/4116/1963 3228/4117/1964
f 3229/4118/1965 3230/4119/1966 3161/4035/1967 3164/4038/1968
f 3231/4120/5 3165/4039/1952 3209/4095/1960 3232/4121/5
f 3233/4122/25 3196/4123/25 3185/4124/25 3234/4125/25
f 3221/4107/26 3224/4112/26 3235/4126/25 3236/4127/26
f 3237/4128/1969 3228/4117/1964 3230/4129/1966 3238/4130/1970
f 3229/4118/1965 3231/4120/1971 3239/4131/1972 3240/4132/1973
f 3241/4133/5 3242/4134/5 3233/4122/5 3243/4135/5
f 3244/4136/26 3234/4125/25 3222/4137/26 3245/4138/26
f 3236/4127/26 3235/4126/25 3246/4139/26 3247/4140/26
f 3238/4130/1970 3200/4141/1974 3203/4142/1975 3237/4128/1969
f 3240/4132/1973 3239/4131/1972 3248/4143/1976 3249/4144/1977
f 3250/4145/1978 3241/4133/5 3243/4135/5 3251/4146/1978
f 3245/4138/26 3252/4147/26 3253/4148/26 3244/4136/26
f 3197/4083/1941 3254/4149/1941 3255/4150/58 3198/4084/58
f 3199/4085/1957 3225/4114/1957 3254/4149/1941 3197/4083/1941
f 3201/4087/92 3256/4151/92 3257/4152/1958 3202/4088/1958
f 3205/4091/92 3258/4153/92 3259/4154/92 3206/4092/92
f 3208/4094/1620 3260/4155/1620 3261/4156/1960 3209/4095/1960
f 3210/4096/5 3262/4157/5 3260/4155/1620 3208/4094/1620
f 3211/4097/1621 3263/4158/1621 3262/4157/5 3210/4096/5
f 3212/4098/1622 3264/4159/1622 3263/4158/1621 3211/4097/1621
f 3214/4100/117 3265/4160/117 3266/4161/1940 3215/4101/1940
f 3217/4103/1623 3267/4162/1623 3268/4163/1939 3218/4104/1939
f 3220/4106/1624 3269/4164/1624 3267/4162/1623 3217/4103/1623
f 3198/4084/58 3255/4150/58 3269/4164/1624 3220/4106/1624
f 3226/4115/58 3270/4165/58 3199/4085/1957 3160/4034/1950
f 3232/4121/5 3209/4095/1960 3261/4156/1960 3242/4134/5
f 3232/4121/5 3271/4166/5 3239/4131/5 3231/4120/5
f 3272/4167/1979 3273/4168/1980 3274/4169/58 3275/4170/58
f 3271/4166/5 3276/4171/1978 3248/4143/1981 3239/4131/5
f 3270/4165/58 3223/4111/58 3225/4114/1957 3199/4085/1957
f 3241/4133/5 3250/4145/1978 3277/4172/1978 3278/4173/5
f 3254/4149/1941 3186/4174/1615 3192/4175/58 3255/4150/58
f 3225/4114/1957 3194/4113/1957 3186/4174/1615 3254/4149/1941
f 3279/4176/92 3252/4177/92 3247/4178/1958 3280/4179/1958
f 3281/4180/92 3282/4181/92 3283/4182/92 3284/4183/92
f 3260/4155/1620 3182/4184/1620 3196/4123/1960 3261/4156/1960
f 3262/4157/5 3183/4185/5 3182/4184/1620 3260/4155/1620
f 3263/4158/1621 3184/4186/1621 3183/4185/5 3262/4157/5
f 3264/4159/1622 3188/4187/1622 3184/4186/1621 3263/4158/1621
f 3265/4160/117 3285/4188/117 3189/4189/1940 3266/4161/1940
f 3267/4162/1623 3191/4190/1623 3187/4191/1939 3268/4163/1939
f 3269/4164/1624 3190/4192/1624 3191/4190/1623 3267/4162/1623
f 3255/4150/58 3192/4175/58 3190/4192/1624 3269/4164/1624
f 3242/4134/5 3261/4156/1960 3196/4123/1960 3233/4122/5
f 3224/4112/58 3223/4111/58 3286/4193/58 3235/4126/58
f 3287/4194/1979 3246/4139/1980 3235/4126/58 3286/4193/58
f 3271/4195/1982 3232/4196/1982 3270/4197/1982 3275/4198/1982
f 3241/4199/117 3278/4200/117 3274/4201/117 3286/4202/117
f 3242/4203/1983 3241/4204/1983 3286/4205/1983 3223/4206/1983
f 3232/4196/92 3242/4203/92 3223/4206/92 3270/4197/92
f 3249/4207/1984 3288/4208/1985 3201/4087/92 3200/4086/92
f 3231/4120/1971 3229/4118/1965 3164/4038/1968 3165/4039/1986
f 3234/4125/25 3185/4124/25 3195/4209/26 3222/4137/26
f 3230/4119/1966 3229/4118/1965 3240/4132/1973 3238/4210/1970
f 3234/4125/25 3244/4136/26 3243/4135/26 3233/4122/25
f 3249/4144/1977 3200/4211/1974 3238/4210/1970 3240/4132/1973
f 3244/4136/26 3253/4148/26 3251/4146/26 3243/4135/26
f 3289/4212/1984 3279/4176/92 3256/4151/92 3290/4213/1985
f 3289/4212/1984 3253/4214/1987 3252/4177/92 3279/4176/92
f 3227/4116/1938 3291/4215/1938 3162/4216/92 3161/4217/92
f 3224/4112/26 3221/4107/26 3193/4110/26 3194/4113/26
f 3228/4117/1964 3227/4116/1963 3161/4217/1967 3230/4129/1966
f 3222/4108/26 3221/4107/26 3236/4127/26 3245/4218/26
f 3228/4117/1964 3237/4128/1969 3292/4219/1988 3226/4115/1961
f 3247/4140/26 3252/4220/26 3245/4218/26 3236/4127/26
f 3237/4128/1969 3203/4142/1975 3293/4221/1989 3292/4219/1988
f 3294/4222/92 3295/4223/92 3296/4224/92 3297/4225/92
f 3298/4226/92 3299/4227/92 3296/4224/92 3295/4223/92
f 3248/4228/1981 3276/4229/1978 3300/4230/1990 3301/4231/1991
f 3276/4229/1978 3277/4232/1978 3302/4233/1990 3300/4230/1990
f 3250/4234/1978 3251/4235/1978 3303/4236/1992 3304/4237/1990
f 3305/4238/1993 3303/4239/1994 3251/4240/26 3253/4214/26
f 3253/4214/1995 3289/4212/1995 3306/4241/1996 3305/4238/1997
f 3289/4212/1995 3290/4213/1995 3307/4242/1996 3306/4241/1996
f 3288/4208/1995 3249/4207/1995 3308/4243/1998 3309/4244/1996
f 3308/4243/1999 3249/4207/1977 3248/4245/1976 3301/4246/2000
f 3246/4247/1980 3287/4248/1979 3310/4249/2001 3311/4250/2002
f 3287/4248/1979 3273/4251/1980 3312/4252/2001 3310/4249/2001
f 3272/4253/1979 3293/4254/2003 3313/4255/2004 3314/4256/2001
f 3315/4257/2005 3313/4258/2006 3293/4259/1989 3203/4089/1975
f 3203/4089/2007 3202/4088/2007 3316/4260/2008 3315/4257/2009
f 3202/4088/2007 3257/4152/2007 3317/4261/2008 3316/4260/2008
f 3280/4179/2007 3247/4178/2007 3318/4262/2010 3319/4263/2008
f 3318/4262/2011 3247/4178/26 3246/4264/26 3311/4265/2012
f 3320/4266/2013 3321/4267/2014 3322/4268/802 3323/4269/2015
f 3323/4269/2015 3322/4268/802 3324/4270/802 3325/4271/2015
f 3326/4272/2016 3327/4273/2015 3328/4274/802 3329/4275/2017
f 3326/4276/2018 3329/4277/2019 3330/4278/2020 3331/4279/2021
f 3331/4279/2022 3330/4278/2023 3332/4280/2024 3333/4281/2025
f 3334/4282/2025 3333/4281/2025 3332/4280/2024 3335/4283/2024
f 3336/4284/2026 3337/4285/2025 3338/4286/2024 3339/4287/2027
f 3320/4288/2028 3336/4284/2029 3339/4287/2030 3321/4289/2031
f 3340/4290/2032 3341/4291/2033 3342/4292/2034 3343/4293/2035
f 3344/4294/2035 3343/4293/2035 3342/4292/2034 3345/4295/2036
f 3346/4296/2037 3347/4297/2035 3348/4298/2036 3349/4299/2038
f 3346/4300/2039 3349/4301/2040 3350/4302/2041 3351/4303/2042
f 3351/4303/2043 3350/4302/2044 3352/4304/2045 3353/4305/2046
f 3353/4305/2046 3352/4304/2045 3354/4306/2045 3355/4307/2046
f 3356/4308/2047 3357/4309/2046 3358/4310/2045 3359/4311/2048
f 3340/4312/2049 3356/4308/2050 3359/4311/2051 3341/4313/2052
f 3163/4037/1937 3166/4040/1626 3165/4039/1952 3164/4038/1937
f 3291/4215/1938 3227/4116/1938 3160/4034/1950 3159/4033/1625
f 3360/4314/92 3361/4315/92 3362/4316/92 3363/4317/92
f 3293/4221/2003 3272/4167/1979 3275/4170/58 3292/4219/58
f 3256/4151/92 3279/4176/92 3280/4179/1958 3257/4152/1958
f 3258/4153/92 3281/4180/92 3284/4183/92 3259/4154/92
f 3286/4193/58 3274/4169/58 3273/4168/1980 3287/4194/1979
f 3278/4173/5 3277/4172/1978 3276/4171/1978 3271/4166/5
f 3274/4201/117 3278/4200/117 3271/4195/117 3275/4198/117
f 3256/4151/92 3201/4087/92 3288/4208/1985 3290/4213/1985
f 3294/4222/92 3297/4225/92 3360/4314/92 3363/4317/92
f 3277/4232/1978 3250/4234/1978 3304/4237/1990 3302/4233/1990
f 3290/4213/1995 3288/4208/1995 3309/4244/1996 3307/4242/1996
f 3273/4251/1980 3272/4253/1979 3314/4256/2001 3312/4252/2001
f 3257/4152/2007 3280/4179/2007 3319/4263/2008 3317/4261/2008
f 3325/4271/2015 3324/4270/802 3328/4274/802 3327/4273/2015
f 3337/4285/2025 3334/4282/2025 3335/4283/2024 3338/4286/2024
f 3347/4297/2035 3344/4294/2035 3345/4295/2036 3348/4298/2036
f 3355/4307/2046 3354/4306/2045 3358/4310/2045 3357/4309/2046
f 3292/4219/58 3275/4170/58 3270/4165/58 3226/4115/58
f 3364/4318/28 3173/4319/28 3180/4320/28 3365/4321/28
f 3366/4322/28 3367/4323/28 3181/4324/28 3179/4325/28
f 3368/4326/58 3176/4327/58 3175/4328/58 3369/4329/58
f 3369/4329/26 3175/4328/26 3219/4330/26 3370/4331/26
f 3371/4332/26 3372/4333/26 3213/4334/26 3216/4335/26
f 3174/4336/1954 3173/4319/1953 3364/4318/5 3373/4337/5
f 3374/4338/1014 3365/4321/28 3367/4339/28 3375/4340/28
f 3376/4341/26 3370/4331/26 3372/4342/26 3377/4343/26
f 3378/4344/1014 3374/4338/1014 3375/4340/28 3379/4345/28
f 3380/4346/28 3381/4347/28 3382/4348/28 3383/4349/28
f 3381/4347/58 3384/4350/58 3385/4351/58 3382/4348/58
f 3386/4352/26 3376/4341/26 3377/4343/26 3387/4353/26
f 3388/4354/25 3389/4355/26 3390/4356/26 3391/4357/26
f 3389/4355/5 3392/4358/5 3393/4359/5 3390/4356/5
f 3378/4344/2053 3379/4345/117 3387/4353/117 3391/4357/2053
f 3215/4101/1940 3212/4098/1622 3174/4048/1954 3216/4102/1940
f 3266/4161/1940 3264/4159/1622 3212/4098/1622 3215/4101/1940
f 3189/4189/1940 3188/4187/1622 3264/4159/1622 3266/4161/1940
f 3391/4357/2053 3390/4356/2054 3393/4359/2054 3378/4344/2053
f 3365/4321/28 3180/4320/28 3181/4360/28 3367/4339/28
f 3373/4337/26 3371/4332/26 3216/4335/26 3174/4336/26
f 3388/4354/25 3377/4361/26 3372/4333/26 3371/4332/26
f 3374/4338/1014 3378/4344/1014 3393/4359/28 3392/4358/28
f 3377/4361/26 3388/4354/25 3391/4357/26 3387/4353/26
f 3218/4104/1939 3214/4100/117 3213/4362/117 3219/4105/1939
f 3268/4163/1939 3265/4160/117 3214/4100/117 3218/4104/1939
f 3187/4191/1939 3285/4188/117 3265/4160/117 3268/4163/1939
f 3383/4349/2055 3386/4352/2055 3387/4353/117 3379/4345/117
f 3368/4326/1014 3366/4322/28 3179/4325/28 3176/4327/28
f 3370/4331/26 3219/4330/26 3213/4363/26 3372/4342/26
f 3380/4346/28 3375/4364/28 3367/4323/28 3366/4322/28
f 3375/4364/28 3380/4346/28 3383/4349/28 3379/4345/28
f 3376/4341/26 3386/4352/26 3385/4351/26 3384/4350/26
f 3370/4331/58 3376/4341/58 3380/4346/58 3366/4322/58
f 3368/4326/2056 3369/4329/2056 3370/4331/2056 3366/4322/2056
f 3364/4318/2057 3365/4321/2057 3371/4332/2057 3373/4337/2057
f 3389/4355/2058 3388/4354/2058 3374/4338/2058 3392/4358/2058
f 3371/4332/5 3365/4321/5 3374/4338/5 3388/4354/5
f 3383/4349/2055 3382/4348/2055 3385/4351/2055 3386/4352/2055
f 3381/4347/2059 3380/4346/2059 3376/4341/2059 3384/4350/2059
f 3300/4230/1990 3322/4268/802 3321/4267/2014 3301/4231/1991
f 3302/4233/1990 3324/4270/802 3322/4268/802 3300/4230/1990
f 3304/4237/1990 3303/4236/1992 3329/4275/2017 3328/4274/802
f 3303/4239/1994 3305/4238/1993 3330/4278/2020 3329/4277/2019
f 3306/4241/1996 3332/4280/2024 3330/4278/2023 3305/4238/1997
f 3307/4242/1996 3335/4283/2024 3332/4280/2024 3306/4241/1996
f 3309/4244/1996 3308/4243/1998 3339/4287/2027 3338/4286/2024
f 3339/4287/2030 3308/4243/1999 3301/4246/2000 3321/4289/2031
f 3310/4249/2001 3342/4292/2034 3341/4291/2033 3311/4250/2002
f 3312/4252/2001 3345/4295/2036 3342/4292/2034 3310/4249/2001
f 3314/4256/2001 3313/4255/2004 3349/4299/2038 3348/4298/2036
f 3313/4258/2006 3315/4257/2005 3350/4302/2041 3349/4301/2040
f 3316/4260/2008 3352/4304/2045 3350/4302/2044 3315/4257/2009
f 3317/4261/2008 3354/4306/2045 3352/4304/2045 3316/4260/2008
f 3319/4263/2008 3318/4262/2010 3359/4311/2048 3358/4310/2045
f 3359/4311/2051 3318/4262/2011 3311/4265/2012 3341/4313/2052
f 3204/4090/2060 3320/4266/2013 3323/4269/2015 3205/4091/2060
f 3205/4091/2060 3323/4269/2015 3325/4271/2015 3258/4153/2060
f 3327/4273/2015 3326/4272/2016 3282/4181/2060 3281/4180/2060
f 3282/4365/2061 3326/4276/2018 3331/4279/2021 3283/4182/2061
f 3283/4182/2004 3331/4279/2022 3333/4281/2025 3284/4183/2004
f 3333/4281/2025 3334/4282/2025 3259/4154/2004 3284/4183/2004
f 3337/4285/2025 3336/4284/2026 3207/4093/2004 3206/4092/2062
f 3336/4284/2029 3320/4288/2028 3204/4366/2063 3207/4093/2063
f 3299/4227/2064 3340/4290/2032 3343/4293/2035 3296/4224/2064
f 3343/4293/2035 3344/4294/2035 3297/4225/2064 3296/4224/2064
f 3347/4297/2035 3346/4296/2037 3361/4315/2064 3360/4314/2064
f 3361/4367/2065 3346/4300/2039 3351/4303/2042 3362/4316/2065
f 3362/4316/2066 3351/4303/2043 3353/4305/2046 3363/4317/2066
f 3363/4317/2066 3353/4305/2046 3355/4307/2046 3294/4222/2066
f 3357/4309/2046 3356/4308/2047 3298/4226/2066 3295/4223/2066
f 3356/4308/2050 3340/4312/2049 3299/4368/2067 3298/4226/2067
f 3302/4233/1990 3304/4237/1990 3328/4274/802 3324/4270/802
f 3307/4242/1996 3309/4244/1996 3338/4286/2024 3335/4283/2024
f 3312/4252/2001 3314/4256/2001 3348/4298/2036 3345/4295/2036
f 3317/4261/2008 3319/4263/2008 3358/4310/2045 3354/4306/2045
f 3258/4153/2060 3325/4271/2015 3327/4273/2015 3281/4180/2060
f 3334/4282/2025 3337/4285/2025 3206/4092/2062 3259/4154/2004
f 3344/4294/2035 3347/4297/2035 3360/4314/2064 3297/4225/2064
f 3294/4222/2066 3355/4307/2046 3357/4309/2046 3295/4223/2066
f 3394/4369/28 3395/4370/28 3396/4371/28 3397/4372/28
f 3398/4373/26 3399/4374/26 3400/4375/26 3401/4376/26
f 3395/4377/117 3394/4378/117 3399/4374/117 3398/4373/117
f 3394/4379/58 3397/4380/58 3400/4375/58 3399/4374/58
f 3402/4381/92 3403/4382/92 3404/4383/92 3405/4384/92
f 3396/4371/5 3395/4370/5 3398/4373/5 3401/4376/5
f 3397/4372/92 3396/4371/92 3406/4385/92 3407/4386/92
f 3396/4371/92 3401/4376/92 3408/4387/92 3406/4385/92
f 3401/4376/92 3400/4375/92 3409/4388/92 3408/4387/92
f 3400/4375/92 3397/4380/92 3407/4389/92 3409/4388/92
f 3407/4386/28 3406/4385/28 3403/4390/28 3402/4391/28
f 3406/4385/5 3408/4387/5 3404/4383/5 3403/4390/5
f 3408/4387/26 3409/4388/26 3405/4384/26 3404/4383/26
f 3409/4388/58 3407/4389/58 3402/4392/58 3405/4384/58
f 3410/4393/2068 3411/4394/2069 3412/4395/2070
f 3410/4393/2068 3412/4395/2070 3413/4396/2071
f 3410/4393/2068 3413/4396/2071 3414/4397/2072
f 3410/4393/2068 3414/4397/2072 3415/4398/2073
f 3410/4393/2068 3415/4398/2073 3416/4399/2074
f 3410/4393/2068 3416/4399/2074 3417/4400/2075
f 3410/4393/2068 3417/4400/2075 3418/4401/2076
f 3410/4393/2068 3418/4401/2076 3419/4402/2077
f 3410/4393/2068 3419/4402/2077 3420/4403/2078
f 3410/4393/2068 3420/4403/2078 3421/4404/2079
f 3410/4393/2068 3421/4404/2079 3422/4405/2080
f 3410/4393/2068 3422/4405/2080 3411/4394/2069
f 3412/4395/2070 3411/4394/2069 3423/4406/2081 3424/4407/2082
f 3412/4395/2070 3424/4407/2082 3425/4408/2083 3413/4396/2071
f 3413/4396/2071 3425/4408/2083 3426/4409/2084 3414/4397/2072
f 3414/4397/2072 3426/4409/2084 3427/4410/2085 3415/4398/2073
f 3415/4398/2073 3427/4410/2085 3428/4411/2086 3416/4399/2074
f 3416/4399/2074 3428/4411/2086 3429/4412/2087 3417/4400/2075
f 3417/4400/2075 3429/4412/2087 3430/4413/2088 3418/4401/2076
f 3418/4401/2076 3430/4413/2088 3431/4414/2089 3419/4402/2077
f 3419/4402/2077 3431/4414/2089 3432/4415/2090 3420/4403/2078
f 3420/4403/2078 3432/4415/2090 3433/4416/2091 3421/4404/2079
f 3421/4404/2079 3433/4416/2091 3434/4417/2092 3422/4405/2080
f 3422/4405/2080 3434/4417/2092 3423/4406/2081 3411/4394/2069
f 3435/4418/2093 3424/4407/2082 3423/4406/2081 3436/4419/2094
f 3424/4407/2082 3435/4418/2093 3437/4420/2095 3425/4408/2083
f 3425/4408/2083 3437/4420/2095 3438/4421/2096 3426/4409/2084
f 3426/4409/2084 3438/4421/2096 3439/4422/2097 3427/4410/2085
f 3428/4411/2086 3427/4410/2085 3439/4422/2097 3440/4423/2098
f 3429/4412/2087 3428/4411/2086 3440/4423/2098 3441/4424/2099
f 3430/4413/2088 3429/4412/2087 3441/4424/2099 3442/4425/2100
f 3430/4413/2088 3442/4425/2100 3443/4426/2101 3431/4414/2089
f 3431/4414/2089 3443/4426/2101 3444/4427/2102 3432/4415/2090
f 3432/4415/2090 3444/4427/2102 3445/4428/2103 3433/4416/2091
f 3433/4416/2091 3445/4428/2103 3446/4429/2104 3434/4417/2092
f 3434/4417/2092 3446/4429/2104 3436/4419/2094 3423/4406/2081
f 3447/4430/2105 3448/4431/2106 3449/4432/2107 3450/4433/2108
f 3451/4434/2109 3450/4433/2108 3449/4432/2107 3452/4435/2110
f 3452/4435/2110 3453/4436/2111 3454/4437/2112 3451/4434/2109
f 3454/4437/2112 3453/4436/2111 3455/4438/2113 3456/4439/2114
f 3455/4438/2113 3457/4440/2115 3458/4441/2116 3456/4439/2114
f 3457/4440/2115 3459/4442/2117 3460/4443/2118 3458/4441/2116
f 3461/4444/2119 3460/4443/2118 3459/4442/2117 3462/4445/2120
f 3462/4445/2120 3463/4446/2121 3464/4447/2122 3461/4444/2119
f 3465/4448/2123 3447/4430/2105 3450/4433/2108 3466/4449/2124
f 3466/4449/2124 3450/4433/2108 3451/4434/2109 3467/4450/2125
f 3468/4451/2126 3465/4448/2123 3466/4449/2124 3469/4452/2127
f 3467/4450/2125 3451/4434/2109 3454/4437/2112 3470/4453/2128
f 3469/4452/2127 3466/4449/2124 3467/4450/2125 3471/4454/2129
f 3454/4437/2112 3456/4439/2114 3472/4455/2130 3470/4453/2128
f 3471/4454/2129 3467/4450/2125 3470/4453/2128 3473/4456/2131
f 3456/4439/2114 3458/4441/2116 3474/4457/2132 3472/4455/2130
f 3475/4458/2133 3473/4456/2131 3470/4453/2128 3472/4455/2130
f 3458/4441/2116 3460/4443/2118 3476/4459/2134 3474/4457/2132
f 3460/4443/2118 3461/4444/2119 3477/4460/2135 3476/4459/2134
f 3477/4460/2135 3461/4444/2119 3464/4447/2122 3478/4461/2136
f 3479/4462/2137 3475/4458/2133 3472/4455/2130 3474/4457/2132
f 3480/4463/2138 3479/4462/2137 3474/4457/2132 3476/4459/2134
f 3481/4464/2139 3480/4463/2138 3476/4459/2134 3477/4460/2135
f 3481/4464/2139 3477/4460/2135 3478/4461/2136 3482/4465/2140
f 3483/4466/2141 3468/4451/2126 3469/4452/2127 3484/4467/2142
f 3484/4467/2142 3469/4452/2127 3471/4454/2129 3485/4468/2143
f 3485/4468/2143 3471/4454/2129 3473/4456/2131 3486/4469/2144
f 3473/4456/2131 3475/4458/2133 3487/4470/2145 3486/4469/2144
f 3475/4458/2133 3479/4462/2137 3488/4471/2146 3487/4470/2145
f 3489/4472/2147 3488/4471/2146 3479/4462/2137 3480/4463/2138
f 3490/4473/2148 3489/4472/2147 3480/4463/2138 3481/4464/2139
f 3491/4474/2149 3490/4473/2148 3481/4464/2139 3482/4465/2140
f 3484/4467/2142 3485/4468/2143 3492/4475/2150 3493/4476/2151
f 3494/4477/1668 3483/4466/2141 3484/4467/2142 3493/4476/2151
f 3493/4476/2151 3495/4478/2152 3496/4479/2153 3494/4477/1668
f 3495/4478/2152 3493/4476/2151 3492/4475/2150 3497/4480/2154
f 3498/4481/2155 3492/4475/2150 3485/4468/2143 3486/4469/2144
f 3499/4482/2156 3498/4481/2155 3486/4469/2144 3487/4470/2145
f 3500/4483/2157 3499/4482/2156 3487/4470/2145 3488/4471/2146
f 3501/4484/2158 3500/4483/2157 3488/4471/2146 3489/4472/2147
f 3502/4485/2159 3501/4484/2158 3489/4472/2147 3490/4473/2148
f 3501/4484/2158 3502/4485/2159 3503/4486/2160 3504/4487/2161
f 3500/4483/2157 3501/4484/2158 3504/4487/2161 3505/4488/2162
f 3499/4482/2156 3500/4483/2157 3505/4488/2162 3506/4489/2163
f 3498/4481/2155 3499/4482/2156 3506/4489/2163 3507/4490/2164
f 3492/4475/2150 3498/4481/2155 3507/4490/2164 3497/4480/2154
f 3497/4480/2154 3507/4490/2164 3508/4491/2165 3509/4492/2166
f 3510/4493/2167 3511/4494/2168 3512/4495/2169 3513/4496/2170
f 3514/4497/2171 3515/4498/2172 3512/4495/2169 3511/4494/2168
f 3515/4498/2172 3514/4497/2171 3516/4499/2173 3517/4500/2174
f 3517/4500/2174 3516/4499/2173 3518/4501/2175 3519/4502/2176
f 3519/4502/2176 3518/4501/2175 3520/4503/2177 3521/4504/2178
f 3521/4504/2178 3520/4503/2177 3522/4505/2179 3523/4506/2180
f 3523/4506/2180 3522/4505/2179 3524/4507/2181 3525/4508/2182
f 3525/4508/2182 3524/4507/2181 3526/4509/2183 3527/4510/2184
f 3528/4511/2185 3517/4500/2186 3519/4502/2187 3529/4512/2188
f 3529/4512/2188 3519/4502/2187 3521/4504/2189 3530/4513/2190
f 3517/4500/2186 3528/4511/2185 3531/4514/2191 3515/4498/2192
f 3530/4515/2193 3532/4516/2194 3533/4517/2195
f 3530/4513/2190 3521/4504/2189 3523/4506/2196 3532/4518/2197
f 3534/4519/2198 3535/4520/2199 3528/4521/2200 3529/4522/2201
f 3536/4523/2202 3512/4495/2203 3515/4498/2192 3531/4514/2191
f 3537/4524/2204 3532/4518/2197 3523/4506/2196 3525/4508/2205
f 3534/4519/2198 3538/4525/2206 3539/4526/2207 3535/4520/2199
f 3540/4527/2208 3533/4517/2195 3532/4516/2194 3537/4528/2209
f 3513/4496/2210 3512/4495/2203 3536/4523/2202 3541/4529/2211
f 3542/4530/2212 3539/4526/2207 3538/4525/2206 3543/4531/2213
f 3544/4532/2214 3537/4524/2204 3525/4508/2205 3527/4510/2215
f 3545/4533/2216 3540/4527/2208 3537/4528/2209 3544/4534/2217
f 3507/4490/2164 3506/4489/2163 3546/4535/2218 3508/4491/2165
f 3497/4480/2154 3509/4492/2166 3547/4536/2219 3495/4478/2152
f 3495/4478/2152 3547/4536/2219 3548/4537/2220 3496/4479/2153
f 3504/4487/2161 3503/4486/2160 3549/4538/2221 3550/4539/2222
f 3503/4486/2160 3551/4540/2223 3552/4541/2224 3549/4538/2221
f 3505/4488/2162 3504/4487/2161 3550/4539/2222 3553/4542/2225
f 3506/4489/2163 3505/4488/2162 3553/4542/2225 3546/4535/2218
f 3510/4493/2226 3554/4543/2227 3555/4544/2228 3511/4494/2229
f 3556/4545/2230 3557/4546/2231 3463/4446/2121 3462/4445/2120
f 3557/4546/2231 3556/4545/2230 3558/4547/2232 3559/4548/2233
f 3559/4548/2233 3558/4547/2232 3555/4544/2228 3554/4543/2227
f 3560/4549/2234 3556/4545/2230 3462/4445/2120 3459/4442/2117
f 3511/4494/2229 3555/4544/2228 3561/4550/2235 3514/4497/2236
f 3562/4551/2237 3561/4550/2235 3555/4544/2228 3558/4547/2232
f 3558/4547/2232 3556/4545/2230 3560/4549/2234 3562/4551/2237
f 3514/4497/2236 3561/4550/2235 3563/4552/2238 3516/4499/2239
f 3564/4553/2240 3560/4549/2234 3459/4442/2117 3457/4440/2115
f 3562/4551/2237 3560/4549/2234 3564/4553/2240 3565/4554/2241
f 3561/4550/2235 3562/4551/2237 3565/4554/2241 3563/4552/2238
f 3566/4555/2242 3564/4553/2240 3457/4440/2115 3455/4438/2113
f 3516/4499/2239 3563/4552/2238 3567/4556/2243 3518/4501/2244
f 3568/4557/2245 3567/4556/2243 3563/4552/2238 3565/4554/2241
f 3565/4554/2241 3564/4553/2240 3566/4555/2242 3568/4557/2245
f 3569/4558/2246 3566/4555/2242 3455/4438/2113 3453/4436/2111
f 3518/4501/2244 3567/4556/2243 3570/4559/2247 3520/4503/2248
f 3568/4557/2245 3566/4555/2242 3569/4558/2246 3571/4560/2249
f 3568/4557/2245 3571/4560/2249 3570/4559/2247 3567/4556/2243
f 3572/4561/2250 3569/4558/2246 3453/4436/2111 3452/4435/2110
f 3520/4503/2248 3570/4559/2247 3573/4562/2251 3522/4505/2252
f 3574/4563/2253 3573/4562/2251 3570/4559/2247 3571/4560/2249
f 3571/4560/2249 3569/4558/2246 3572/4561/2250 3574/4563/2253
f 3522/4505/2252 3573/4562/2251 3575/4564/2254 3524/4507/2255
f 3576/4565/2256 3572/4561/2250 3452/4435/2110 3449/4432/2107
f 3573/4562/2251 3574/4563/2253 3577/4566/2257 3575/4564/2254
f 3574/4563/2253 3572/4561/2250 3576/4565/2256 3577/4566/2257
f 3575/4564/2254 3577/4566/2257 3578/4567/2258 3579/4568/2259
f 3524/4507/2255 3575/4564/2254 3579/4568/2259 3526/4509/2260
f 3580/4569/2261 3578/4567/2258 3577/4566/2257 3576/4565/2256
f 3576/4565/2256 3449/4432/2107 3448/4431/2106 3580/4569/2261
f 3490/4473/2148 3491/4474/2149 3581/4570/2262 3502/4485/2159
f 3502/4485/2159 3581/4570/2262 3551/4540/2223 3503/4486/2160
f 3447/4430/2105 3582/4571/2263 3583/4572/2264 3448/4431/2106
f 3584/4573/2265 3585/4574/2266 3583/4572/2264 3582/4571/2263
f 3586/4575/2267 3587/4576/2268 3585/4574/2266 3584/4573/2265
f 3586/4575/2267 3588/4577/2269 3589/4578/2270 3587/4576/2268
f 3590/4579/2271 3591/4580/2272 3589/4578/2270 3588/4577/2269
f 3591/4580/2272 3590/4579/2271 3592/4581/2273 3593/4582/2274
f 3594/4583/2275 3595/4584/2276 3593/4582/2274 3592/4581/2273
f 3464/4585/2122 3463/4586/2121 3595/4584/2276 3594/4583/2275
f 3465/4448/2123 3596/4587/2277 3582/4571/2263 3447/4430/2105
f 3596/4587/2277 3597/4588/2278 3584/4573/2265 3582/4571/2263
f 3468/4451/2126 3598/4589/2279 3596/4587/2277 3465/4448/2123
f 3597/4588/2278 3599/4590/2280 3586/4575/2267 3584/4573/2265
f 3598/4589/2279 3600/4591/2281 3597/4588/2278 3596/4587/2277
f 3586/4575/2267 3599/4590/2280 3601/4592/2282 3588/4577/2269
f 3600/4591/2281 3602/4593/2283 3599/4590/2280 3597/4588/2278
f 3588/4577/2269 3601/4592/2282 3603/4594/2284 3590/4579/2271
f 3604/4595/2285 3601/4592/2282 3599/4590/2280 3602/4593/2283
f 3590/4579/2271 3603/4594/2284 3605/4596/2286 3592/4581/2273
f 3592/4581/2273 3605/4596/2286 3606/4597/2287 3594/4583/2275
f 3606/4597/2287 3478/4598/2136 3464/4585/2122 3594/4583/2275
f 3607/4599/2288 3603/4594/2284 3601/4592/2282 3604/4595/2285
f 3608/4600/2289 3605/4596/2286 3603/4594/2284 3607/4599/2288
f 3609/4601/2290 3606/4597/2287 3605/4596/2286 3608/4600/2289
f 3609/4601/2290 3482/4602/2140 3478/4598/2136 3606/4597/2287
f 3483/4466/2141 3610/4603/2291 3598/4589/2279 3468/4451/2126
f 3610/4603/2291 3611/4604/2292 3600/4591/2281 3598/4589/2279
f 3611/4604/2292 3612/4605/2293 3602/4593/2283 3600/4591/2281
f 3602/4593/2283 3612/4605/2293 3613/4606/2294 3604/4595/2285
f 3604/4595/2285 3613/4606/2294 3614/4607/2295 3607/4599/2288
f 3615/4608/2296 3608/4600/2289 3607/4599/2288 3614/4607/2295
f 3616/4609/2297 3609/4601/2290 3608/4600/2289 3615/4608/2296
f 3491/4610/2149 3482/4602/2140 3609/4601/2290 3616/4609/2297
f 3610/4603/2291 3617/4611/2298 3618/4612/2299 3611/4604/2292
f 3494/4477/1668 3617/4611/2298 3610/4603/2291 3483/4466/2141
f 3617/4611/2298 3494/4477/1668 3496/4479/2153 3619/4613/2300
f 3619/4613/2300 3620/4614/2301 3618/4612/2299 3617/4611/2298
f 3621/4615/2302 3612/4605/2293 3611/4604/2292 3618/4612/2299
f 3622/4616/2303 3613/4606/2294 3612/4605/2293 3621/4615/2302
f 3623/4617/2304 3614/4607/2295 3613/4606/2294 3622/4616/2303
f 3624/4618/2305 3615/4608/2296 3614/4607/2295 3623/4617/2304
f 3625/4619/2306 3616/4609/2297 3615/4608/2296 3624/4618/2305
f 3624/4618/2305 3626/4620/2307 3627/4621/2308 3625/4619/2306
f 3623/4617/2304 3628/4622/2309 3626/4620/2307 3624/4618/2305
f 3622/4616/2303 3629/4623/2310 3628/4622/2309 3623/4617/2304
f 3621/4615/2302 3630/4624/2311 3629/4623/2310 3622/4616/2303
f 3618/4612/2299 3620/4614/2301 3630/4624/2311 3621/4615/2302
f 3620/4614/2301 3631/4625/2312 3632/4626/2313 3630/4624/2311
f 3510/4627/2167 3513/4628/2170 3633/4629/2314 3634/4630/2315
f 3633/4629/2314 3635/4631/2316 3636/4632/2317 3634/4630/2315
f 3635/4631/2316 3637/4633/2318 3638/4634/2319 3636/4632/2317
f 3637/4633/2318 3639/4635/2320 3640/4636/2321 3638/4634/2319
f 3639/4635/2320 3641/4637/2322 3642/4638/2323 3640/4636/2321
f 3641/4637/2322 3643/4639/2324 3644/4640/2325 3642/4638/2323
f 3643/4639/2324 3645/4641/2326 3646/4642/2327 3644/4640/2325
f 3645/4641/2326 3527/4510/2184 3526/4509/2183 3646/4642/2327
f 3647/4643/2328 3648/4644/2329 3639/4635/2330 3637/4633/2331
f 3648/4644/2329 3649/4645/2332 3641/4637/2333 3639/4635/2330
f 3650/4646/2334 3647/4643/2328 3637/4633/2331 3635/4631/2335
f 3651/4647/2336 3652/4648/2337 3649/4649/2338
f 3649/4645/2332 3652/4650/2339 3643/4639/2340 3641/4637/2333
f 3647/4651/2341 3653/4652/2342 3654/4653/2343 3648/4654/2344
f 3655/4655/2345 3650/4646/2334 3635/4631/2335 3633/4629/2346
f 3656/4656/2347 3645/4641/2348 3643/4639/2340 3652/4650/2339
f 3657/4657/2349 3658/4658/2350 3654/4653/2343 3653/4652/2342
f 3652/4648/2337 3651/4647/2336 3659/4659/2351 3656/4660/2352
f 3655/4655/2345 3633/4629/2346 3513/4628/2210 3541/4661/2211
f 3658/4658/2350 3657/4657/2349 3542/4530/2212 3543/4531/2213
f 3544/4532/2214 3527/4510/2215 3645/4641/2348 3656/4656/2347
f 3656/4660/2352 3659/4659/2351 3545/4533/2216 3544/4534/2217
f 3630/4624/2311 3632/4626/2313 3660/4662/2353 3629/4623/2310
f 3620/4614/2301 3619/4613/2300 3661/4663/2354 3631/4625/2312
f 3619/4613/2300 3496/4479/2153 3548/4537/2220 3661/4663/2354
f 3626/4620/2307 3662/4664/2355 3663/4665/2356 3627/4621/2308
f 3627/4621/2308 3663/4665/2356 3552/4666/2224 3551/4667/2223
f 3628/4622/2309 3664/4668/2357 3662/4664/2355 3626/4620/2307
f 3629/4623/2310 3660/4662/2353 3664/4668/2357 3628/4622/2309
f 3510/4627/2226 3634/4630/2358 3665/4669/2359 3554/4670/2227
f 3666/4671/2360 3595/4584/2276 3463/4586/2121 3557/4672/2231
f 3557/4672/2231 3559/4673/2233 3667/4674/2361 3666/4671/2360
f 3665/4669/2359 3667/4674/2361 3559/4673/2233 3554/4670/2227
f 3668/4675/2362 3593/4582/2274 3595/4584/2276 3666/4671/2360
f 3634/4630/2358 3636/4632/2363 3669/4676/2364 3665/4669/2359
f 3670/4677/2365 3667/4674/2361 3665/4669/2359 3669/4676/2364
f 3667/4674/2361 3670/4677/2365 3668/4675/2362 3666/4671/2360
f 3636/4632/2363 3638/4634/2366 3671/4678/2367 3669/4676/2364
f 3672/4679/2368 3591/4580/2272 3593/4582/2274 3668/4675/2362
f 3670/4677/2365 3673/4680/2369 3672/4679/2368 3668/4675/2362
f 3669/4676/2364 3671/4678/2367 3673/4680/2369 3670/4677/2365
f 3674/4681/2370 3589/4578/2270 3591/4580/2272 3672/4679/2368
f 3638/4634/2366 3640/4636/2371 3675/4682/2372 3671/4678/2367
f 3676/4683/2373 3673/4680/2369 3671/4678/2367 3675/4682/2372
f 3673/4680/2369 3676/4683/2373 3674/4681/2370 3672/4679/2368
f 3677/4684/2374 3587/4576/2268 3589/4578/2270 3674/4681/2370
f 3640/4636/2371 3642/4638/2375 3678/4685/2376 3675/4682/2372
f 3676/4683/2373 3679/4686/2377 3677/4684/2374 3674/4681/2370
f 3678/4685/2376 3679/4686/2377 3676/4683/2373 3675/4682/2372
f 3680/4687/2378 3585/4574/2266 3587/4576/2268 3677/4684/2374
f 3642/4638/2375 3644/4640/2379 3681/4688/2380 3678/4685/2376
f 3682/4689/2381 3679/4686/2377 3678/4685/2376 3681/4688/2380
f 3679/4686/2377 3682/4689/2381 3680/4687/2378 3677/4684/2374
f 3644/4640/2379 3646/4642/2382 3683/4690/2383 3681/4688/2380
f 3684/4691/2384 3583/4572/2264 3585/4574/2266 3680/4687/2378
f 3681/4688/2380 3683/4690/2383 3685/4692/2385 3682/4689/2381
f 3682/4689/2381 3685/4692/2385 3684/4691/2384 3680/4687/2378
f 3683/4690/2383 3579/4568/2259 3578/4567/2258 3685/4692/2385
f 3646/4642/2382 3526/4509/2260 3579/4568/2259 3683/4690/2383
f 3580/4569/2261 3684/4691/2384 3685/4692/2385 3578/4567/2258
f 3684/4691/2384 3580/4569/2261 3448/4431/2106 3583/4572/2264
f 3616/4609/2297 3625/4619/2306 3581/4693/2262 3491/4610/2149
f 3625/4619/2306 3627/4621/2308 3551/4667/2223 3581/4693/2262
f 3647/4651/2341 3650/4694/2386 3653/4652/2342
f 3657/4657/2349 3653/4652/2342 3650/4694/2386 3655/4695/2387
f 3542/4530/2212 3657/4657/2349 3655/4695/2387 3541/4696/2388
f 3536/4697/2389 3539/4526/2207 3542/4530/2212 3541/4696/2388
f 3531/4698/2390 3535/4520/2199 3539/4526/2207 3536/4697/2389
f 3535/4520/2199 3531/4698/2390 3528/4521/2200
f 3651/4647/2336 3649/4649/2338 3648/4654/2344 3654/4653/2343
f 3658/4658/2350 3659/4659/2351 3651/4647/2336 3654/4653/2343
f 3659/4659/2351 3658/4658/2350 3543/4531/2213 3545/4533/2216
f 3545/4533/2216 3543/4531/2213 3538/4525/2206 3540/4527/2208
f 3533/4517/2195 3540/4527/2208 3538/4525/2206 3534/4519/2198
f 3529/4522/2201 3530/4515/2193 3533/4517/2195 3534/4519/2198
f 3686/4699/5 3687/4700/5 3688/4701/5 3689/4702/5
f 3690/4703/2391 3691/4704/2391 3686/4699/2391 3689/4702/2391
f 3692/4705/26 3687/4700/26 3686/4699/26 3691/4706/26
f 3693/4707/2392 3688/4701/2392 3687/4700/2392 3692/4708/2392
f 3693/4709/28 3690/4710/28 3689/4702/28 3688/4701/28
f 3694/4711/58 3695/4712/58 3696/4713/58 3697/4714/58
f 3696/4713/2391 3691/4704/2391 3690/4703/2391 3697/4714/2391
f 3696/4715/26 3695/4716/26 3692/4705/26 3691/4706/26
f 3695/4717/2392 3694/4718/2392 3693/4707/2392 3692/4708/2392
f 3697/4719/28 3690/4710/28 3693/4709/28 3694/4720/28
f 3698/4721/2393 3699/4722/2394 3700/4723/2395
f 3698/4721/2393 3700/4723/2395 3701/4724/2396
f 3698/4721/2393 3701/4724/2396 3702/4725/2397
f 3698/4721/2393 3702/4725/2397 3703/4726/2398
f 3698/4721/2393 3703/4726/2398 3704/4727/2399
f 3698/4721/2393 3704/4727/2399 3705/4728/2400
f 3698/4721/2393 3705/4728/2400 3706/4729/2401
f 3698/4721/2393 3706/4729/2401 3707/4730/2402
f 3698/4721/2393 3707/4730/2402 3708/4731/2403
f 3698/4721/2393 3708/4731/2403 3709/4732/2404
f 3698/4721/2393 3709/4732/2404 3710/4733/2405
f 3698/4721/2393 3710/4733/2405 3699/4722/2394
f 3711/4734/2406 3712/4735/2407 3700/4723/2395 3699/4722/2394
f 3712/4735/2407 3713/4736/2408 3701/4724/2396 3700/4723/2395
f 3713/4736/2408 3714/4737/2409 3702/4725/2397 3701/4724/2396
f 3714/4737/2409 3715/4738/2410 3703/4726/2398 3702/4725/2397
f 3715/4738/2410 3716/4739/2411 3704/4727/2399 3703/4726/2398
f 3716/4739/2411 3717/4740/2412 3705/4728/2400 3704/4727/2399
f 3717/4740/2412 3718/4741/2413 3706/4729/2401 3705/4728/2400
f 3718/4741/2413 3719/4742/2414 3707/4730/2402 3706/4729/2401
f 3719/4742/2414 3720/4743/2415 3708/4731/2403 3707/4730/2402
f 3720/4743/2415 3721/4744/2416 3709/4732/2404 3708/4731/2403
f 3721/4744/2416 3722/4745/2417 3710/4733/2405 3709/4732/2404
f 3722/4745/2417 3711/4734/2406 3699/4722/2394 3710/4733/2405
f 3723/4746/2418 3724/4747/2419 3712/4735/2407 3711/4734/2406
f 3724/4747/2419 3725/4748/2420 3713/4736/2408 3712/4735/2407
f 3725/4748/2420 3726/4749/2421 3714/4737/2409 3713/4736/2408
f 3726/4749/2421 3727/4750/2422 3715/4738/2410 3714/4737/2409
f 3727/4750/2422 3728/4751/2423 3716/4739/2411 3715/4738/2410
f 3728/4751/2423 3729/4752/2424 3717/4740/2412 3716/4739/2411
f 3729/4752/2424 3730/4753/2425 3718/4741/2413 3717/4740/2412
f 3730/4753/2425 3731/4754/2426 3719/4742/2414 3718/4741/2413
f 3731/4754/2426 3732/4755/2427 3720/4743/2415 3719/4742/2414
f 3732/4755/2427 3733/4756/2428 3721/4744/2416 3720/4743/2415
f 3733/4756/2428 3734/4757/2429 3722/4745/2417 3721/4744/2416
f 3734/4757/2429 3723/4746/2418 3711/4734/2406 3722/4745/2417
f 3735/4758/2430 3736/4759/2431 3737/4760/2432
f 3735/4758/2430 3737/4760/2432 3738/4761/2433
f 3735/4758/2430 3738/4761/2433 3739/4762/2434
f 3735/4758/2430 3739/4762/2434 3740/4763/2435
f 3735/4758/2430 3740/4763/2435 3741/4764/2436
f 3735/4758/2430 3741/4764/2436 3742/4765/2437
f 3735/4758/2430 3742/4765/2437 3743/4766/2438
f 3735/4758/2430 3743/4766/2438 3744/4767/2439
f 3735/4758/2430 3744/4767/2439 3745/4768/2440
f 3735/4758/2430 3745/4768/2440 3746/4769/2441
f 3735/4758/2430 3746/4769/2441 3747/4770/2442
f 3735/4758/2430 3747/4770/2442 3736/4759/2431
f 3748/4771/2443 3749/4772/2444 3737/4760/2432 3736/4759/2431
f 3749/4772/2444 3750/4773/2445 3738/4761/2433 3737/4760/2432
f 3750/4773/2445 3751/4774/2446 3739/4762/2434 3738/4761/2433
f 3751/4774/2446 3752/4775/2447 3740/4763/2435 3739/4762/2434
f 3752/4775/2447 3753/4776/2448 3741/4764/2436 3740/4763/2435
f 3753/4776/2448 3754/4777/2449 3742/4765/2437 3741/4764/2436
f 3754/4777/2449 3755/4778/2450 3743/4766/2438 3742/4765/2437
f 3755/4778/2450 3756/4779/2451 3744/4767/2439 3743/4766/2438
f 3756/4779/2451 3757/4780/2452 3745/4768/2440 3744/4767/2439
f 3757/4780/2452 3758/4781/2453 3746/4769/2441 3745/4768/2440
f 3758/4781/2453 3759/4782/2454 3747/4770/2442 3746/4769/2441
f 3759/4782/2454 3748/4771/2443 3736/4759/2431 3747/4770/2442
f 3760/4783/2455 3761/4784/2456 3749/4772/2444 3748/4771/2443
f 3761/4784/2456 3762/4785/2457 3750/4773/2445 3749/4772/2444
f 3762/4785/2457 3763/4786/2458 3751/4774/2446 3750/4773/2445
f 3763/4786/2458 3764/4787/2459 3752/4775/2447 3751/4774/2446
f 3764/4787/2459 3765/4788/2460 3753/4776/2448 3752/4775/2447
f 3765/4788/2460 3766/4789/2461 3754/4777/2449 3753/4776/2448
f 3766/4789/2461 3767/4790/2462 3755/4778/2450 3754/4777/2449
f 3767/4790/2462 3768/4791/2463 3756/4779/2451 3755/4778/2450
f 3768/4791/2463 3769/4792/2464 3757/4780/2452 3756/4779/2451
f 3769/4792/2464 3770/4793/2465 3758/4781/2453 3757/4780/2452
f 3770/4793/2465 3771/4794/2466 3759/4782/2454 3758/4781/2453
f 3771/4794/2466 3760/4783/2455 3748/4771/2443 3759/4782/2454
f 3772/4795/1316 3773/4796/2467 3774/4797/2468
f 3772/4795/1316 3774/4797/2468 3775/4798/2469
f 3772/4795/1316 3775/4798/2469 3776/4799/2470
f 3772/4795/1316 3776/4799/2470 3777/4800/2471
f 3772/4795/1316 3777/4800/2471 3778/4801/2472
f 3772/4795/1316 3778/4801/2472 3779/4802/2473
f 3772/4795/1316 3779/4802/2473 3780/4803/2474
f 3772/4795/1316 3780/4803/2474 3781/4804/2475
f 3772/4795/1316 3781/4804/2475 3782/4805/2476
f 3772/4795/1316 3782/4805/2476 3783/4806/2477
f 3772/4795/1316 3783/4806/2477 3784/4807/2478
f 3772/4795/1316 3784/4807/2478 3773/4796/2467
f 3785/4808/2479 3786/4809/2480 3774/4797/2468 3773/4796/2467
f 3786/4809/2480 3787/4810/2481 3775/4798/2469 3774/4797/2468
f 3787/4810/2481 3788/4811/2482 3776/4799/2470 3775/4798/2469
f 3788/4811/2482 3789/4812/2483 3777/4800/2471 3776/4799/2470
f 3789/4812/2483 3790/4813/2484 3778/4801/2472 3777/4800/2471
f 3790/4813/2484 3791/4814/2485 3779/4802/2473 3778/4801/2472
f 3791/4814/2485 3792/4815/2486 3780/4803/2474 3779/4802/2473
f 3792/4815/2486 3793/4816/2487 3781/4804/2475 3780/4803/2474
f 3793/4816/2487 3794/4817/2488 3782/4805/2476 3781/4804/2475
f 3794/4817/2488 3795/4818/2489 3783/4806/2477 3782/4805/2476
f 3795/4818/2489 3796/4819/2490 3784/4807/2478 3783/4806/2477
f 3796/4819/2490 3785/4808/2479 3773/4796/2467 3784/4807/2478
f 3797/4820/2491 3798/4821/2492 3786/4809/2480 3785/4808/2479
f 3798/4821/2492 3799/4822/2493 3787/4810/2481 3786/4809/2480
f 3799/4822/2493 3800/4823/2494 3788/4811/2482 3787/4810/2481
f 3800/4823/2494 3801/4824/2495 3789/4812/2483 3788/4811/2482
f 3801/4824/2495 3802/4825/2496 3790/4813/2484 3789/4812/2483
f 3802/4825/2496 3803/4826/2497 3791/4814/2485 3790/4813/2484
f 3803/4826/2497 3804/4827/2498 3792/4815/2486 3791/4814/2485
f 3804/4827/2498 3805/4828/2499 3793/4816/2487 3792/4815/2486
f 3805/4828/2499 3806/4829/2500 3794/4817/2488 3793/4816/2487
f 3806/4829/2500 3807/4830/2501 3795/4818/2489 3794/4817/2488
f 3807/4830/2501 3808/4831/2502 3796/4819/2490 3795/4818/2489
f 3796/4819/2490 3808/4831/2502 3797/4820/2491 3785/4808/2479
f 3809/4832/2503 3810/4833/2504 3811/4834/2505 3812/4835/2506
f 3813/4836/2507 3814/4837/2508 3815/4838/2509 3816/4839/2510
f 3817/4840/2511 3818/4841/2512 3819/4842/2513 3820/4843/2511
f 3821/4844/2514 3822/4845/2515 3823/4846/2516 3824/4847/2517
f 3825/4848/2518 3826/4849/2519 3827/4850/2520 3828/4851/2521
f 3829/4852/2522 3830/4853/2523 3831/4854/2524 3832/4855/2525
f 3833/4856/26 3834/4857/26 3835/4858/2526 3836/4859/26
f 3837/4860/2527 3838/4861/2528 3839/4862/2528 3840/4863/2527
f 3832/4855/2525 3831/4854/2524 3841/4864/2529 3842/4865/2530
f 3843/4866/2531 3833/4856/26 3836/4859/26 3844/4867/2531
f 3845/4868/2532 3846/4869/2533 3847/4870/2533 3848/4871/2532
f 3826/4849/2519 3849/4872/2534 3850/4873/2534 3827/4850/2520
f 3851/4874/2535 3852/4875/2536 3853/4876/2537 3854/4877/2538
f 3855/4878/26 3856/4879/2539 3857/4880/2540 3858/4881/2541
f 3859/4882/2542 3860/4883/2543 3861/4884/2544 3842/4865/2530
f 3816/4839/2510 3815/4838/2509 3862/4885/2545 3863/4886/2546
f 3864/4887/2547 3865/4888/2548 3866/4889/2549 3867/4890/2550
f 3865/4888/2548 3868/4891/2551 3869/4892/2552 3866/4889/2549
f 3870/4893/2553 3871/4894/2554 3872/4895/2555 3873/4896/2556
f 3874/4897/2557 3875/4898/2558 3876/4899/2559 3877/4900/2560
f 3851/4874/2535 3878/4901/2561 3879/4902/2562 3880/4903/2563
f 3829/4852/2522 3881/4904/2564 3882/4905/2565 3854/4877/2538
f 3842/4865/2530 3861/4884/2544 3883/4906/2566 3832/4855/2525
f 3819/4842/2513 3884/4907/2567 3812/4908/2568 3811/4909/2569
f 3819/4842/2513 3811/4909/2569 3820/4843/2511
f 3863/4910/2570 3885/4911/2571 3886/4912/2511 3813/4913/117
f 3863/4910/2570 3813/4913/117 3816/4914/2572
f 3854/4877/2538 3853/4876/2537 3830/4853/2523 3829/4852/2522
f 3887/4915/2573 3835/4858/2526 3834/4857/26 3888/4916/26
f 3849/4872/2534 3839/4862/2528 3838/4861/2528 3850/4873/2534
f 3868/4891/2551 3870/4893/2553 3873/4896/2556 3869/4892/2552
f 3832/4855/2525 3883/4906/2566 3881/4904/2564 3829/4852/2522
f 3889/4917/2574 3890/4918/2575 3891/4919/2576 3892/4920/2577
f 3893/4921/2578 3894/4922/2579 3895/4923/2580 3896/4924/2581
f 3897/4925/2582 3893/4921/2578 3896/4924/2581 3898/4926/2583
f 3899/4927/2584 3900/4928/2585 3901/4929/2586 3902/4930/2587
f 3895/4923/2580 3894/4922/2579 3903/4931/2588 3904/4932/2589
f 3905/4933/2590 3906/4934/2591 3907/4935/2592 3908/4936/2593
f 3856/4937/2539 3909/4938/2594 3910/4939/2595 3857/4940/2540
f 3911/4941/2596 3912/4942/2597 3913/4943/2598 3914/4944/2599
f 3915/4945/2600 3821/4946/2601 3824/4947/2602 3916/4948/2603
f 3917/4949/2604 3918/4950/2605 3919/4951/2606 3920/4952/2607
f 3921/4953/2608 3922/4954/2609 3918/4950/2605 3917/4949/2604
f 3907/4935/2592 3922/4954/2609 3921/4953/2608 3908/4936/2593
f 3859/4882/2542 3923/4955/2610 3810/4833/2504 3809/4832/2503
f 3924/4956/2611 3925/4957/2612 3926/4958/2612 3927/4959/2613
f 3822/4845/2515 3843/4866/2531 3844/4867/2531 3823/4846/2516
f 3846/4869/2533 3819/4960/2614 3818/4961/2615 3847/4870/2533
f 3812/4835/2506 3884/4962/2616 3928/4963/2617 3809/4832/2503
f 3815/4838/2509 3929/4964/2618 3930/4965/2619 3862/4885/2545
f 3931/4966/2505 3932/4967/2504 3933/4968/2504 3934/4969/2505
f 3935/4970/2508 3936/4971/2507 3937/4972/2620 3938/4973/2621
f 3939/4974/117 3940/4975/117 3941/4976/2622 3942/4977/117
f 3943/4978/2623 3944/4979/2624 3945/4980/2625 3946/4981/2626
f 3946/4981/2626 3945/4980/2625 3947/4982/2627 3948/4983/2628
f 3949/4984/2629 3950/4985/2630 3951/4986/2631 3952/4987/2632
f 3931/4988/117 3934/4989/117 3940/4975/117 3939/4974/117
f 3953/4990/2633 3944/4979/2624 3943/4978/2623 3954/4991/2634
f 3955/4992/2635 3956/4993/2636 3957/4994/2637 3958/4995/2638
f 3959/4996/2639 3960/4997/2640 3961/4998/2641 3962/4999/2642
f 3963/5000/2643 3960/4997/2640 3959/4996/2639 3964/5001/2644
f 3965/5002/2645 3966/5003/2646 3967/5004/2647 3968/5005/2648
f 3936/5006/117 3969/5007/117 3970/5008/117 3971/5009/117
f 3972/5010/2649 3962/4999/2642 3961/4998/2641 3973/5011/2650
f 3974/5012/2610 3948/4983/2628 3947/4982/2627 3975/5013/2610
f 3976/5014/2651 3963/5000/2643 3964/5001/2644 3977/5015/2651
f 3978/5016/2652 3955/4992/2635 3958/4995/2638 3979/5017/2653
f 3961/4998/2641 3960/4997/2640 3980/5018/2654 3981/5019/2655
f 3960/4997/2640 3963/5000/2643 3982/5020/2656 3980/5018/2654
f 3983/5021/2657 3968/5005/2648 3967/5004/2647 3984/5022/2658
f 3937/5023/2659 3936/5006/117 3971/5009/117 3985/5024/2660
f 3961/4998/2641 3981/5019/2655 3986/5025/2661 3973/5011/2650
f 3987/5026/2651 3982/5020/2656 3963/5000/2643 3976/5014/2651
f 3988/5027/2505 3989/5028/2662 3990/5029/2662 3991/5030/2505
f 3992/5031/117 3993/5032/117 3994/5033/2055 3995/5034/2055
f 3996/5035/2663 3997/5036/2664 3998/5037/2665 3999/5038/2663
f 4000/5039/2666 3996/5035/2663 3999/5038/2663 4001/5040/2666
f 4002/5041/2667 4003/5042/2668 4004/5043/2669 4005/5044/2670
f 3991/5045/117 3993/5032/117 3992/5031/117 3988/5046/117
f 3998/5037/2665 3997/5036/2664 4006/5047/2671 4007/5048/2672
f 4008/5049/2673 4000/5039/2666 4001/5040/2666 4009/5050/2673
f 3931/4966/2505 4010/5051/2505 4011/5052/2662 3932/4967/2504
f 4012/5053/2508 3969/5054/2507 3936/4971/2507 3935/4970/2508
f 4013/5055/117 3939/4974/117 3942/4977/117 4014/5056/117
f 3943/4978/2623 3946/4981/2626 4015/5057/2674 4016/5058/2675
f 3948/4983/2628 4017/5059/2676 4015/5057/2674 3946/4981/2626
f 4018/5060/2677 3952/4987/2632 3951/4986/2631 4019/5061/2678
f 4010/5062/117 3931/4988/117 3939/4974/117 4013/5055/117
f 4020/5063/2679 3954/4991/2634 3943/4978/2623 4016/5058/2675
f 4021/5064/2610 4017/5059/2676 3948/4983/2628 3974/5012/2610
f 4022/5065/2505 3934/4969/2505 3933/4968/2504 4023/5066/2662
f 3937/4972/2620 4024/5067/2680 4025/5068/2681 3938/4973/2621
f 4026/5069/2682 3941/4976/2622 3940/4975/117 4027/5070/117
f 4028/5071/2683 3945/4980/2625 3944/4979/2624 4029/5072/2684
f 4028/5071/2683 4030/5073/2685 3947/4982/2627 3945/4980/2625
f 3950/4985/2630 3949/4984/2629 4031/5074/2686 4032/5075/2687
f 3934/4989/117 4022/5076/117 4027/5070/117 3940/4975/117
f 4029/5072/2684 3944/4979/2624 3953/4990/2633 4033/5077/2688
f 4034/5078/2689 3975/5013/2610 3947/4982/2627 4030/5073/2685
f 3956/4993/2636 4035/5079/2690 4036/5080/2691 3957/4994/2637
f 4037/5081/2692 4038/5082/2693 3959/4996/2639 3962/4999/2642
f 4038/5082/2693 4039/5083/2694 3964/5001/2644 3959/4996/2639
f 4040/5084/2695 4041/5085/2696 3966/5003/2646 3965/5002/2645
f 3969/5007/117 4042/5086/117 4043/5087/117 3970/5008/117
f 4044/5088/2697 4037/5081/2692 3962/4999/2642 3972/5010/2649
f 4039/5083/2694 4045/5089/2651 3977/5015/2651 3964/5001/2644
f 3890/4918/2575 4046/5090/2698 4047/5091/2699 3891/4919/2576
f 4048/5092/2700 4049/5093/2701 4050/5094/2702 4051/5095/2703
f 3896/4924/2581 3895/4923/2580 4052/5096/2704 4053/5097/2581
f 4054/5098/2705 4055/5099/2706 4056/5100/2706 4057/5101/2707
f 3898/4926/2583 3896/4924/2581 4053/5097/2581 4058/5102/2583
f 4055/5099/2706 4059/5103/2708 4060/5104/2708 4056/5100/2706
f 4061/5105/2709 4062/5106/2710 3901/4929/2586 3900/4928/2585
f 4063/5107/2711 4064/5108/2712 4065/5109/2713 4066/5110/2714
f 4067/5111/2715 4052/5096/2704 3895/4923/2580 3904/4932/2589
f 4068/5112/2716 4054/5098/2705 4057/5101/2707 4069/5113/2717
f 4070/5114/2611 4071/5115/2612 3925/4957/2612 3924/4956/2611
f 4072/5116/2651 4073/5117/2651 4074/5118/2651 4075/5119/2651
f 4076/5120/2505 4077/5121/2662 4078/5122/2662 4079/5123/2505
f 3991/5030/2505 3990/5029/2662 4080/5124/2662 4081/5125/2505
f 4082/5126/117 4083/5127/117 4084/5128/2055 4085/5129/2055
f 3993/5032/117 4086/5130/117 4087/5131/2055 3994/5033/2055
f 4088/5132/2524 4089/5133/2718 4090/5134/2718 4091/5135/2524
f 3999/5038/2663 3998/5037/2665 4092/5136/2719 4093/5137/2663
f 4094/5138/2529 4088/5132/2524 4091/5135/2524 4095/5139/2529
f 4001/5040/2666 3999/5038/2663 4093/5137/2663 4096/5140/2666
f 4097/5141/2720 4098/5142/2721 4099/5143/2722 4100/5144/2723
f 4101/5145/2724 4102/5146/2725 4004/5043/2669 4003/5042/2668
f 4076/5147/117 4079/5148/117 4083/5127/117 4082/5126/117
f 3993/5032/117 3991/5045/117 4081/5149/117 4086/5130/117
f 4103/5150/2726 4090/5134/2718 4089/5133/2718 4104/5151/2727
f 4105/5152/2728 4092/5136/2719 3998/5037/2665 4007/5048/2672
f 4095/5139/2529 4106/5153/2610 4107/5154/2610 4094/5138/2529
f 4009/5050/2673 4001/5040/2666 4096/5140/2666 4108/5155/2673
f 4046/5090/2698 4109/5156/2729 4110/5157/2730 4047/5091/2699
f 3892/4920/2577 4111/5158/2731 4112/5159/2732 3889/4917/2574
f 4113/5160/2581 4053/5097/2581 4052/5096/2704 4114/5161/2733
f 4115/5162/2734 3894/4922/2579 3893/4921/2578 4116/5163/2735
f 4117/5164/2583 4058/5102/2583 4053/5097/2581 4113/5160/2581
f 4118/5165/2736 4116/5163/2735 3893/4921/2578 3897/4925/2582
f 4062/5106/2710 4061/5105/2709 4119/5166/2737 4120/5167/2738
f 4121/5168/2739 4122/5169/2740 3902/4930/2587 3903/4931/2588
f 4052/5096/2704 4067/5111/2715 4123/5170/2741 4114/5161/2733
f 4115/5162/2734 4121/5168/2739 3903/4931/2588 3894/4922/2579
f 4124/5171/2611 4125/5172/2742 4071/5115/2612 4070/5114/2611
f 4126/5173/2743 3926/4958/2612 4127/5174/2651 4128/5175/2651
f 4129/5176/2505 4081/5125/2505 4080/5124/2662 4130/5177/2662
f 3989/5028/2662 3988/5027/2505 4131/5178/2505 4132/5179/2662
f 4086/5130/117 4133/5180/117 4134/5181/2055 4087/5131/2055
f 3995/5034/2055 4135/5182/2744 4136/5183/117 3992/5031/117
f 4137/5184/2663 4093/5137/2663 4092/5136/2719 4138/5185/2745
f 3997/5036/2664 3996/5035/2663 4139/5186/2663 4140/5187/2523
f 4093/5137/2663 4137/5184/2663 4141/5188/2666 4096/5140/2666
f 3996/5035/2663 4000/5039/2666 4142/5189/2666 4139/5186/2663
f 4143/5190/2746 4144/5191/2747 4102/5146/2725 4101/5145/2724
f 4005/5044/2670 4006/5047/2671 4145/5192/2748 4146/5193/2749
f 4086/5130/117 4081/5149/117 4129/5194/117 4133/5180/117
f 4131/5195/117 3988/5046/117 3992/5031/117 4136/5183/117
f 4105/5152/2728 4147/5196/2750 4138/5185/2745 4092/5136/2719
f 4006/5047/2671 3997/5036/2664 4140/5187/2523 4145/5192/2748
f 4108/5155/2673 4096/5140/2666 4141/5188/2666 4148/5197/2673
f 4008/5049/2673 3989/5028/2662 4132/5179/2662 4149/5198/2673
f 4150/5199/2751 3910/4939/2595 3909/4938/2594 4151/5200/2752
f 4049/5093/2701 4152/5201/2753 4153/5202/2754 4050/5094/2702
f 4057/5101/2707 4056/5100/2706 4154/5203/2755 4155/5204/2756
f 4056/5100/2706 4060/5104/2708 4156/5205/2757 4154/5203/2755
f 4063/5107/2711 4157/5206/2758 4158/5207/2759 4064/5108/2712
f 4057/5101/2707 4155/5204/2756 4159/5208/2760 4069/5113/2717
f 4073/5117/2651 4160/5209/2761 4161/5210/2762 4074/5118/2651
f 4079/5123/2505 4078/5122/2662 4162/5211/2662 4163/5212/2505
f 4083/5127/117 4164/5213/117 4165/5214/2055 4084/5128/2055
f 4091/5135/2524 4090/5134/2718 4166/5215/2718 4167/5216/2524
f 4095/5139/2529 4091/5135/2524 4167/5216/2524 4168/5217/2529
f 4169/5218/2763 4170/5219/2764 4099/5143/2722 4098/5142/2721
f 4164/5213/117 4083/5127/117 4079/5148/117 4163/5220/117
f 4166/5215/2718 4171/5221/2765 4172/5222/2766 4173/5223/2718
f 4166/5215/2718 4090/5134/2718 4103/5150/2726 4171/5221/2765
f 4168/5217/2529 4174/5224/2610 4106/5153/2610 4095/5139/2529
f 4152/5201/2753 4175/5225/2767 4176/5226/2768 4153/5202/2754
f 4051/5095/2703 4177/5227/2769 4178/5228/2770 4048/5092/2700
f 4179/5229/2771 4155/5204/2756 4154/5203/2755 4180/5230/2772
f 4181/5231/2773 4055/5099/2706 4054/5098/2705 4182/5232/2774
f 4183/5233/2775 4180/5230/2772 4154/5203/2755 4156/5205/2757
f 4059/5103/2708 4055/5099/2706 4181/5231/2773 4184/5234/2776
f 4185/5235/2777 4158/5207/2759 4157/5206/2758 4186/5236/2778
f 4187/5237/2779 4188/5238/2780 4065/5109/2713 4189/5239/2781
f 4155/5204/2756 4179/5229/2771 4190/5240/2782 4159/5208/2760
f 4191/5241/2783 4182/5232/2774 4054/5098/2705 4068/5112/2716
f 4192/5242/2784 4161/5210/2762 4160/5209/2761 4193/5243/2785
f 4059/5103/2708 4184/5234/2776 4194/5244/2786 4075/5119/2651
f 4163/5212/2505 4162/5211/2662 4195/5245/2504 4196/5246/2505
f 4077/5121/2662 4076/5120/2505 4197/5247/2505 4198/5248/2662
f 4164/5213/117 4199/5249/117 4200/5250/2787 4165/5214/2055
f 4085/5129/2055 4201/5251/2055 4202/5252/117 4082/5126/117
f 4167/5216/2524 4166/5215/2718 4173/5223/2718 4203/5253/2524
f 4089/5133/2718 4088/5132/2524 4204/5254/2524 4205/5255/2718
f 4168/5217/2529 4167/5216/2524 4203/5253/2524 4206/5256/2529
f 4088/5132/2524 4094/5138/2529 4207/5257/2788 4204/5254/2524
f 4208/5258/2789 4170/5219/2764 4169/5218/2763 4209/5259/2790
f 4210/5260/2791 4100/5144/2723 4104/5151/2727 4211/5261/2792
f 4199/5249/117 4164/5213/117 4163/5220/117 4196/5262/117
f 4197/5263/117 4076/5147/117 4082/5126/117 4202/5252/117
f 4104/5151/2727 4089/5133/2718 4205/5255/2718 4211/5261/2792
f 4206/5256/2529 4212/5264/2610 4174/5224/2610 4168/5217/2529
f 4198/5248/2662 4213/5265/2793 4107/5154/2610 4077/5121/2662
f 4214/5266/2662 4011/5052/2662 4010/5051/2505 4215/5267/2505
f 3969/5054/2507 4012/5053/2508 4216/5268/2508 4042/5269/2507
f 4217/5270/117 4013/5055/117 4014/5056/117 4218/5271/117
f 4219/5272/2794 4016/5058/2675 4015/5057/2674 4220/5273/2795
f 4220/5273/2795 4015/5057/2674 4017/5059/2676 4221/5274/2796
f 4019/5061/2678 4222/5275/2797 4223/5276/2798 4018/5060/2677
f 4215/5277/117 4010/5062/117 4013/5055/117 4217/5270/117
f 4224/5278/2799 4020/5063/2679 4016/5058/2675 4219/5272/2794
f 4021/5064/2610 4225/5279/2610 4221/5274/2796 4017/5059/2676
f 4226/5280/2733 4227/5281/2706 4038/5082/2693 4037/5081/2692
f 4227/5281/2706 4228/5282/2800 4039/5083/2694 4038/5082/2693
f 4229/5283/2801 4230/5284/2802 4041/5085/2696 4040/5084/2695
f 4042/5086/117 3813/4913/117 3886/4912/2511 4043/5087/117
f 4231/5285/2803 4226/5280/2733 4037/5081/2692 4044/5088/2697
f 4228/5282/2800 4232/5286/2651 4045/5089/2651 4039/5083/2694
f 3810/4833/2504 4214/5266/2662 4215/5267/2505 3811/4834/2505
f 4042/5269/2507 4216/5268/2508 3814/4837/2508 3813/4836/2507
f 3820/4843/2511 4217/5270/117 4218/5271/117 3817/4840/2511
f 3830/4853/2523 4219/5272/2794 4220/5273/2795 3831/4854/2524
f 3831/4854/2524 4220/5273/2795 4221/5274/2796 3841/4864/2529
f 4233/5287/2804 4223/5276/2798 4222/5275/2797 3852/4875/2536
f 3811/4909/2569 4215/5277/117 4217/5270/117 3820/4843/2511
f 3853/4876/2537 4224/5278/2799 4219/5272/2794 3830/4853/2523
f 3841/4864/2529 4221/5274/2796 4225/5279/2610 3923/4955/2610
f 4234/5288/2752 3877/4900/2560 3876/4899/2559 4235/5289/2751
f 3868/4891/2551 3865/4888/2548 4227/5281/2706 4226/5280/2733
f 3865/4888/2548 3864/4887/2547 4228/5282/2800 4227/5281/2706
f 4236/5290/2805 3871/4894/2554 4230/5284/2802 4229/5283/2801
f 3870/4893/2553 3868/4891/2551 4226/5280/2733 4231/5285/2803
f 3864/4887/2547 3929/4964/2618 4232/5286/2651 4228/5282/2800
f 4237/5291/2806 3978/5016/2652 3979/5017/2653 4238/5292/2807
f 3980/5018/2654 4239/5293/2808 4240/5294/2809 3981/5019/2655
f 4239/5293/2808 3980/5018/2654 3982/5020/2656 4241/5295/2810
f 4242/5296/2811 4243/5297/2812 3983/5021/2657 3984/5022/2658
f 4240/5294/2809 4244/5298/2813 3986/5025/2661 3981/5019/2655
f 3982/5020/2656 3987/5026/2651 4245/5299/2814 4241/5295/2810
f 4113/5160/2581 4114/5161/2733 4246/5300/2733 4247/5301/2815
f 4113/5160/2581 4247/5301/2815 4248/5302/2816 4117/5164/2583
f 4120/5167/2738 4119/5166/2737 4249/5303/2801 4250/5304/2817
f 4114/5161/2733 4123/5170/2741 4251/5305/2803 4246/5300/2733
f 4252/5306/2818 4253/5307/2819 4125/5172/2742 4124/5171/2611
f 4132/5179/2662 4131/5178/2505 4254/5308/2505 4255/5309/2662
f 4256/5310/2820 4026/5069/2682 4027/5070/117 4257/5311/117
f 4140/5187/2523 4139/5186/2663 4258/5312/2663 4259/5313/2523
f 4139/5186/2663 4142/5189/2666 4260/5314/2666 4258/5312/2663
f 4146/5193/2749 4145/5192/2748 4261/5315/2537 4262/5316/2536
f 4254/5317/117 4131/5195/117 4136/5183/117 4257/5311/117
f 4145/5192/2748 4140/5187/2523 4259/5313/2523 4261/5315/2537
f 4132/5179/2662 4255/5309/2662 4263/5318/2673 4149/5198/2673
f 4264/5319/2821 4265/5320/2822 4115/5162/2734 4116/5163/2735
f 4116/5163/2735 4118/5165/2736 4266/5321/2823 4264/5319/2821
f 4267/5322/2824 4268/5323/2801 4269/5324/2825 4122/5169/2740
f 4121/5168/2739 4115/5162/2734 4265/5320/2822 4270/5325/2826
f 4271/5326/2662 4272/5327/2505 4129/5176/2505 4130/5177/2662
f 4273/5328/2827 4274/5329/2828 4137/5184/2663 4138/5185/2745
f 4275/5330/2829 4141/5188/2666 4137/5184/2663 4274/5329/2828
f 4276/5331/2830 4147/5196/2750 4144/5191/2747 4277/5332/1998
f 4272/5333/117 4278/5334/117 4133/5180/117 4129/5194/117
f 4273/5328/2827 4138/5185/2745 4147/5196/2750 4276/5331/2830
f 4279/5335/2831 4271/5326/2662 4130/5177/2662 4148/5197/2673
f 4181/5231/2773 4182/5232/2774 4280/5336/2832 4281/5337/2833
f 4281/5337/2833 4282/5338/2834 4184/5234/2776 4181/5231/2773
f 4188/5238/2780 4187/5237/2779 4283/5339/2801 4284/5340/2835
f 4285/5341/2836 4280/5336/2832 4182/5232/2774 4191/5241/2783
f 4282/5338/2834 4286/5342/2837 4194/5244/2786 4184/5234/2776
f 4198/5248/2662 4197/5247/2505 4287/5343/2505 4288/5344/2662
f 4289/5345/2055 4290/5346/2055 4278/5334/117 4291/5347/117
f 4205/5255/2718 4204/5254/2524 4292/5348/2838 4293/5349/2718
f 4207/5257/2788 4294/5350/2839 4292/5348/2838 4204/5254/2524
f 4210/5260/2791 4211/5261/2792 4295/5351/2840 4296/5352/1998
f 4287/5353/117 4197/5263/117 4202/5252/117 4291/5347/117
f 4205/5255/2718 4293/5349/2718 4295/5351/2840 4211/5261/2792
f 4213/5265/2793 4198/5248/2662 4288/5344/2662 4297/5354/2841
f 3818/4841/2512 3817/4840/2511 3886/4912/2511 3885/4911/2571
f 4298/5355/2516 4299/5356/2517 3824/4847/2517 3823/4846/2516
f 3822/4845/2515 3821/4844/2514 4300/5357/2842 4301/5358/2843
f 4302/5359/2844 3828/4851/2521 3827/4850/2520 4303/5360/2845
f 3879/5361/2562 3878/5362/2561 3825/4848/2518 3874/5363/2557
f 4304/5364/2846 4305/5365/26 3836/4859/26 3835/4858/2526
f 3833/4856/26 3918/5366/2605 3922/5367/2609 3834/4857/26
f 4306/5368/2528 3838/4861/2528 3837/4860/2527 4307/5369/2527
f 3883/5370/2566 3861/5371/2544 3840/4863/2527 3839/4862/2528
f 4305/5365/26 4308/5372/2847 3844/4867/2531 3836/4859/26
f 3843/4866/2531 3919/5373/2606 3918/5366/2605 3833/4856/26
f 3848/4871/2532 3847/4870/2533 4309/5374/2533 4310/5375/2532
f 3845/4868/2532 3840/4863/2527 3861/5371/2544 3860/5376/2543
f 3827/4850/2520 3850/4873/2534 4311/5377/2534 4303/5360/2845
f 3849/4872/2534 3826/4849/2519 3882/5378/2565 3881/5379/2564
f 3858/4881/2541 3857/4880/2540 4312/5380/2848 4313/5381/2849
f 3888/4916/26 3907/5382/2592 3906/5383/2591 3855/4878/26
f 3877/4900/2560 3880/4903/2563 3879/4902/2562 3874/4897/2557
f 4314/5384/2850 3876/4899/2559 3875/4898/2558 4315/5385/2851
f 3907/5382/2592 3888/4916/26 3834/4857/26 3922/5367/2609
f 4311/5377/2534 3850/4873/2534 3838/4861/2528 4306/5368/2528
f 3881/5379/2564 3883/5370/2566 3839/4862/2528 3849/4872/2534
f 3892/4920/2577 3891/4919/2576 4316/5386/2852 4317/5387/2853
f 4003/5042/2668 3890/4918/2575 3889/4917/2574 4101/5145/2724
f 3857/4940/2540 3910/4939/2595 4318/5388/2854 4312/5389/2848
f 4319/5390/2855 4320/5391/2856 3909/4938/2594 3856/4937/2539
f 3824/4947/2602 4299/5392/2857 4321/5393/2858 3916/4948/2603
f 4308/5372/2847 4298/5355/2516 3823/4846/2516 3844/4867/2531
f 3847/4870/2533 3818/4961/2615 3885/5394/2615 4309/5374/2533
f 3819/4960/2614 3846/4869/2533 3928/5395/2617 3884/5396/2616
f 3942/4977/117 3941/4976/2622 3985/5024/2660 3971/5009/117
f 4322/5397/2859 3958/4995/2638 3957/4994/2637 4323/5398/2860
f 3952/4987/2632 4018/5060/2677 3956/4993/2636 3955/4992/2635
f 3979/5017/2653 3958/4995/2638 4322/5397/2859 4324/5399/2861
f 3952/4987/2632 3955/4992/2635 3978/5016/2652 3949/4984/2629
f 3995/5034/2055 3994/5033/2055 4325/5400/2862 4326/5401/2862
f 4014/5056/117 3942/4977/117 3971/5009/117 3970/5008/117
f 3957/4994/2637 4036/5080/2691 4327/5402/2863 4323/5398/2860
f 4035/5079/2690 3956/4993/2636 4018/5060/2677 4223/5276/2798
f 4316/5386/2852 3891/4919/2576 4047/5091/2699 4328/5403/2864
f 4003/5042/2668 4002/5041/2667 4046/5090/2698 3890/4918/2575
f 4098/5142/2721 4097/5141/2720 4051/5095/2703 4050/5094/2702
f 4329/5404/2852 4049/5093/2701 4048/5092/2700 4330/5405/2865
f 4072/5406/2862 4085/5129/2055 4084/5128/2055 4073/5407/2862
f 3994/5033/2055 4087/5131/2055 4127/5408/2862 4325/5400/2862
f 4047/5091/2699 4110/5157/2730 4331/5409/2866 4328/5403/2864
f 4332/5410/2867 4109/5156/2729 4046/5090/2698 4002/5041/2667
f 4101/5145/2724 3889/4917/2574 4112/5159/2732 4143/5190/2746
f 4111/5158/2731 3892/4920/2577 4317/5387/2853 4333/5411/2868
f 4087/5131/2055 4134/5181/2055 4128/5412/2862 4127/5408/2862
f 4334/5413/2869 4135/5182/2744 3995/5034/2055 4326/5401/2862
f 4151/5200/2752 3909/4938/2594 4320/5391/2856 4335/5414/2804
f 4098/5142/2721 4050/5094/2702 4153/5202/2754 4169/5218/2763
f 4152/5201/2753 4049/5093/2701 4329/5404/2852 4336/5415/2870
f 4073/5407/2862 4084/5128/2055 4165/5214/2055 4160/5416/2871
f 4169/5218/2763 4153/5202/2754 4176/5226/2768 4209/5259/2790
f 4175/5225/2767 4152/5201/2753 4336/5415/2870 4337/5417/2872
f 4048/5092/2700 4178/5228/2770 4338/5418/2873 4330/5405/2865
f 4339/5419/2874 4177/5227/2769 4051/5095/2703 4097/5141/2720
f 4160/5416/2871 4165/5214/2055 4200/5250/2787 4193/5420/2875
f 4340/5421/2862 4201/5251/2055 4085/5129/2055 4072/5406/2862
f 4218/5271/117 4014/5056/117 3970/5008/117 4043/5087/117
f 4036/5080/2691 4235/5289/2751 4341/5422/2852 4327/5402/2863
f 4234/5288/2752 4035/5079/2690 4223/5276/2798 4233/5287/2804
f 3817/4840/2511 4218/5271/117 4043/5087/117 3886/4912/2511
f 4235/5289/2751 3876/4899/2559 4314/5384/2850 4341/5422/2852
f 3877/4900/2560 4234/5288/2752 4233/5287/2804 3880/4903/2563
f 4238/5292/2807 3979/5017/2653 4324/5399/2861 4342/5423/2876
f 3978/5016/2652 4237/5291/2806 4031/5074/2686 3949/4984/2629
f 4343/5424/2877 4238/5292/2807 4342/5423/2876 4344/5425/2852
f 4345/5426/2752 4109/5156/2729 4332/5410/2867 4346/5427/2804
f 4257/5311/117 4027/5070/117 4022/5076/117 4254/5317/117
f 4347/5428/2878 4256/5310/2820 4135/5182/2744 4334/5413/2869
f 4112/5159/2732 4348/5429/2752 4349/5430/2804 4143/5190/2746
f 4134/5181/2055 4290/5346/2055 4350/5431/2862 4128/5412/2862
f 4351/5432/2751 4352/5433/2751 4353/5434/2852 4354/5435/2852
f 4355/5436/2752 4177/5227/2769 4339/5419/2874 4356/5437/2804
f 4272/5333/117 4287/5353/117 4291/5347/117 4278/5334/117
f 4357/5438/2862 4289/5345/2055 4201/5251/2055 4340/5421/2862
f 4036/5080/2691 4035/5079/2690 4234/5288/2752 4235/5289/2751
f 4237/5291/2806 4238/5292/2807 4343/5424/2877 4345/5426/2752
f 4348/5429/2752 4352/5433/2751 4351/5432/2751 4355/5436/2752
f 3845/4868/2532 3848/4871/2532 3837/4860/2527 3840/4863/2527
f 3809/4832/2503 3928/4963/2617 3860/4883/2543 3859/4882/2542
f 3842/4865/2530 3841/4864/2529 3923/4955/2610 3859/4882/2542
f 3926/4958/2612 3925/4957/2612 4325/5439/2651 4127/5174/2651
f 3929/4964/2618 3864/4887/2547 3867/4890/2550 3930/4965/2619
f 3919/4951/2606 4301/5440/2843 4358/5441/2879 3920/4952/2607
f 3974/5012/2610 3975/5013/2610 3933/4968/2504 3932/4967/2504
f 3976/5014/2651 3977/5015/2651 4012/5053/2508 3935/4970/2508
f 3987/5026/2651 3976/5014/2651 3935/4970/2508 3938/4973/2621
f 4008/5049/2673 4009/5050/2673 3990/5029/2662 3989/5028/2662
f 4021/5064/2610 3974/5012/2610 3932/4967/2504 4011/5052/2662
f 4023/5066/2662 3933/4968/2504 3975/5013/2610 4034/5078/2689
f 4045/5089/2651 4216/5268/2508 4012/5053/2508 3977/5015/2651
f 3925/4957/2612 4071/5115/2612 4326/5442/2651 4325/5439/2651
f 4060/5104/2708 4059/5103/2708 4075/5119/2651 4074/5118/2651
f 4106/5153/2610 4078/5122/2662 4077/5121/2662 4107/5154/2610
f 4009/5050/2673 4108/5155/2673 4080/5124/2662 3990/5029/2662
f 4071/5115/2612 4125/5172/2742 4334/5443/2880 4326/5442/2651
f 3927/4959/2613 3926/4958/2612 4126/5173/2743 4359/5444/2881
f 4108/5155/2673 4148/5197/2673 4130/5177/2662 4080/5124/2662
f 4008/5049/2673 4149/5198/2673 4142/5189/2666 4000/5039/2666
f 4308/5445/2882 4360/5446/2883 4361/5447/2884 4298/5448/2885
f 4156/5205/2757 4060/5104/2708 4074/5118/2651 4161/5210/2762
f 4358/5441/2879 4362/5449/2886 4363/5450/2662 4364/5451/2610
f 4174/5224/2610 4162/5211/2662 4078/5122/2662 4106/5153/2610
f 4161/5210/2762 4192/5242/2784 4183/5233/2775 4156/5205/2757
f 4340/5452/2651 4072/5116/2651 4075/5119/2651 4194/5244/2786
f 4212/5264/2610 4195/5245/2504 4162/5211/2662 4174/5224/2610
f 4213/5265/2793 4207/5257/2788 4094/5138/2529 4107/5154/2610
f 4011/5052/2662 4214/5266/2662 4225/5279/2610 4021/5064/2610
f 4232/5286/2651 3814/4837/2508 4216/5268/2508 4045/5089/2651
f 4214/5266/2662 3810/4833/2504 3923/4955/2610 4225/5279/2610
f 3929/4964/2618 3815/4838/2509 3814/4837/2508 4232/5286/2651
f 4025/5068/2681 4245/5299/2814 3987/5026/2651 3938/4973/2621
f 4347/5453/2887 4253/5307/2819 4365/5454/2888 4366/5455/2889
f 4030/5073/2685 4260/5314/2666 4263/5318/2673 4034/5078/2689
f 4286/5342/2837 4367/5456/2890 4350/5457/2651 4357/5458/2651
f 4275/5330/2829 4294/5350/2839 4297/5354/2841 4279/5335/2831
f 3867/5459/2550 4307/5369/2527 4310/5375/2532 3930/5460/2619
f 3845/4868/2532 3860/5376/2543 3928/5395/2617 3846/4869/2533
f 3822/4845/2515 4301/5358/2843 3919/5373/2606 3843/4866/2531
f 3825/4848/2518 3828/4851/2521 3875/5461/2558 3874/5363/2557
f 3880/4903/2563 4233/5287/2804 3852/4875/2536 3851/4874/2535
f 3888/4916/26 3855/4878/26 3858/4881/2541 3887/4915/2573
f 3871/4894/2554 4236/5290/2805 4368/5462/2891 3872/4895/2555
f 3854/4877/2538 3882/4905/2565 3878/4901/2561 3851/4874/2535
f 3904/4932/2589 3903/4931/2588 3902/4930/2587 3901/4929/2586
f 3906/4934/2591 3905/4933/2590 4320/5391/2856 4319/5390/2855
f 4369/5463/2892 4370/5464/2893 3914/4944/2599 3913/4943/2598
f 3950/4985/2630 3953/4990/2633 3954/4991/2634 3951/4986/2631
f 3966/5003/2646 3972/5010/2649 3973/5011/2650 3967/5004/2647
f 3973/5011/2650 3986/5025/2661 3984/5022/2658 3967/5004/2647
f 4007/5048/2672 4006/5047/2671 4005/5044/2670 4004/5043/2669
f 3954/4991/2634 4020/5063/2679 4019/5061/2678 3951/4986/2631
f 3953/4990/2633 3950/4985/2630 4032/5075/2687 4033/5077/2688
f 3972/5010/2649 3966/5003/2646 4041/5085/2696 4044/5088/2697
f 4062/5106/2710 4067/5111/2715 3904/4932/2589 3901/4929/2586
f 4064/5108/2712 4371/5465/2894 4189/5239/2781 4065/5109/2713
f 4103/5150/2726 4104/5151/2727 4100/5144/2723 4099/5143/2722
f 4102/5146/2725 4105/5152/2728 4007/5048/2672 4004/5043/2669
f 4062/5106/2710 4120/5167/2738 4123/5170/2741 4067/5111/2715
f 4269/5324/2825 3899/4927/2584 3902/4930/2587 4122/5169/2740
f 4147/5196/2750 4105/5152/2728 4102/5146/2725 4144/5191/2747
f 4005/5044/2670 4146/5193/2749 4332/5410/2867 4002/5041/2667
f 3913/4943/2598 3912/4942/2597 4372/5466/2801 4373/5467/2895
f 4374/5468/2896 4371/5465/2894 4064/5108/2712 4158/5207/2759
f 3908/4936/2593 4375/5469/2840 4376/5470/1998 3905/4933/2590
f 4170/5219/2764 4171/5221/2765 4103/5150/2726 4099/5143/2722
f 4158/5207/2759 4185/5235/2777 4377/5471/2897 4374/5468/2896
f 4066/5110/2714 4065/5109/2713 4188/5238/2780 4378/5472/2898
f 4171/5221/2765 4170/5219/2764 4208/5258/2789 4172/5222/2766
f 4339/5419/2874 4097/5141/2720 4100/5144/2723 4210/5260/2791
f 4020/5063/2679 4224/5278/2799 4222/5275/2797 4019/5061/2678
f 4230/5284/2802 4231/5285/2803 4044/5088/2697 4041/5085/2696
f 4224/5278/2799 3853/4876/2537 3852/4875/2536 4222/5275/2797
f 3871/4894/2554 3870/4893/2553 4231/5285/2803 4230/5284/2802
f 4242/5296/2811 3984/5022/2658 3986/5025/2661 4244/5298/2813
f 4250/5304/2817 4242/5296/2811 4244/5298/2813 4251/5305/2803
f 4262/5316/2536 4032/5075/2687 4031/5074/2686 4346/5427/2804
f 4267/5322/2824 4270/5325/2826 4379/5473/2899 4284/5340/2835
f 4296/5352/1998 4277/5332/1998 4349/5430/2804 4356/5437/2804
f 4368/5474/2891 4315/5475/2851 4302/5359/2844 3872/5476/2555
f 3878/5362/2561 3882/5378/2565 3826/4849/2519 3825/4848/2518
f 3914/5477/2599 4370/5478/2893 4380/5479/2900 4313/5381/2849
f 4319/5480/2855 3856/4879/2539 3855/4878/26 3906/5383/2591
f 3837/4860/2527 3848/4871/2532 4310/5375/2532 4307/5369/2527
f 4315/5475/2851 3875/5461/2558 3828/4851/2521 4302/5359/2844
f 3887/4915/2573 3858/4881/2541 4313/5381/2849 4380/5479/2900
f 4381/5481/2901 4370/5482/2902 4369/5483/2903 4382/5484/2903
f 4063/5485/2904 4383/5486/2905 4384/5487/2906 4157/5488/2907
f 4063/5485/2904 4066/5489/2908 4385/5490/2909 4383/5486/2905
f 4385/5490/2909 4066/5489/2908 4378/5491/2910 4386/5492/2911
f 4387/5493/2912 4386/5492/2911 4378/5491/2910 4379/5494/2912
f 4388/5495/2913 4389/5496/2914 4270/5497/2915 4265/5498/2916
f 4265/5498/2917 4264/5499/2918 4390/5500/2919 4388/5495/2920
f 4264/5499/2918 4266/5501/2921 4391/5502/2922 4390/5500/2919
f 4266/5501/2923 4118/5503/2924 4392/5504/2925 4391/5502/2926
f 4393/5505/2927 4394/5506/2928 3897/5507/2929 3898/5508/2930
f 4395/5509/2927 4393/5505/2927 3898/5508/2930 4058/5510/2930
f 4396/5511/2927 4395/5509/2927 4058/5510/2930 4117/5512/2930
f 4397/5513/2927 4396/5511/2927 4117/5512/2930 4248/5514/2931
f 4398/5515/2932 4241/5516/2933 4245/5517/2934 4399/5518/2935
f 4025/5519/2936 4024/5520/2937 4399/5518/2935 4245/5517/2934
f 4384/5487/2906 4159/5208/2938 4190/5240/2939 4400/5521/2940
f 4383/5486/2905 4069/5113/2912 4159/5208/2938 4384/5487/2906
f 4068/5112/2941 4069/5113/2912 4383/5486/2905 4385/5490/2909
f 4191/5241/2942 4068/5112/2941 4385/5490/2909 4386/5492/2911
f 4401/5522/2943 4285/5341/2944 4387/5493/2912 4389/5496/2914
f 4401/5522/2943 4389/5496/2914 4388/5495/2913 4402/5523/2945
f 4403/5524/2946 4402/5523/2947 4388/5495/2920 4390/5500/2919
f 4404/5525/2948 4403/5524/2946 4390/5500/2919 4391/5502/2922
f 4392/5504/2925 4394/5506/2928 3927/4959/2613 4359/5444/2881
f 4394/5506/2928 4393/5505/2927 3924/4956/2611 3927/4959/2613
f 4393/5505/2927 4395/5509/2927 4070/5114/2611 3924/4956/2611
f 4395/5509/2927 4396/5511/2927 4124/5171/2611 4070/5114/2611
f 4405/5526/2949 4252/5306/2818 4397/5513/2927 4398/5515/2932
f 4365/5454/2888 4405/5526/2949 4398/5515/2932 4399/5518/2935
f 4366/5455/2889 4365/5454/2888 4399/5518/2935 4024/5520/2937
f 4301/5440/2843 4300/5527/2842 4362/5449/2886 4358/5441/2879
f 3915/4945/2600 4406/5528/2950 4362/5529/2951 3821/4946/2601
f 4362/5529/2951 4300/5530/2952 3821/4946/2601
f 4303/5360/2845 3873/5531/2556 3872/5476/2555 4302/5359/2844
f 4307/5369/2527 3867/5459/2550 3866/5532/2549 4306/5368/2528
f 4309/5374/2533 3862/5533/2545 3930/5460/2619 4310/5375/2532
f 4303/5360/2845 4311/5377/2534 3869/5534/2552 3873/5531/2556
f 3911/5535/2596 3914/5477/2599 4313/5381/2849 4312/5380/2848
f 4368/5462/2891 4236/5290/2805 4314/5384/2850 4315/5385/2851
f 4306/5368/2528 3866/5532/2549 3869/5534/2552 4311/5377/2534
f 3900/4928/2585 3899/4927/2584 4317/5387/2853 4316/5386/2852
f 3911/4941/2596 4312/5389/2848 4318/5388/2854 3912/4942/2597
f 3885/5394/2615 3863/5536/2546 3862/5533/2545 4309/5374/2533
f 4323/5398/2860 3965/5002/2645 3968/5005/2648 4322/5397/2859
f 3968/5005/2648 3983/5021/2657 4324/5399/2861 4322/5397/2859
f 4323/5398/2860 4327/5402/2863 4040/5084/2695 3965/5002/2645
f 4328/5403/2864 4061/5105/2709 3900/4928/2585 4316/5386/2852
f 4330/5405/2865 4189/5239/2781 4371/5465/2894 4329/5404/2852
f 4328/5403/2864 4331/5409/2866 4119/5166/2737 4061/5105/2709
f 4333/5411/2868 4317/5387/2853 3899/4927/2584 4269/5324/2825
f 4371/5465/2894 4374/5468/2896 4336/5415/2870 4329/5404/2852
f 4377/5471/2897 4337/5417/2872 4336/5415/2870 4374/5468/2896
f 4330/5405/2865 4338/5418/2873 4187/5237/2779 4189/5239/2781
f 4327/5402/2863 4341/5422/2852 4229/5283/2801 4040/5084/2695
f 4341/5422/2852 4314/5384/2850 4236/5290/2805 4229/5283/2801
f 4342/5423/2876 4324/5399/2861 3983/5021/2657 4243/5297/2812
f 4344/5425/2852 4342/5423/2876 4243/5297/2812 4249/5303/2801
f 4354/5435/2852 4353/5434/2852 4268/5323/2801 4283/5339/2801
f 4401/5522/2953 4402/5523/2954 4280/5336/2832 4285/5341/2836
f 4402/5523/2954 4403/5524/2955 4281/5337/2833 4280/5336/2832
f 4405/5526/2949 4365/5454/2888 4253/5307/2819 4252/5306/2818
f 4284/5340/2835 4283/5339/2801 4268/5323/2801 4267/5322/2824
f 4403/5524/2955 4404/5525/2956 4282/5338/2834 4281/5337/2833
f 4288/5344/2662 4287/5343/2505 4272/5327/2505 4271/5326/2662
f 4289/5345/2055 4291/5347/117 4202/5252/117 4201/5251/2055
f 4293/5349/2718 4292/5348/2838 4274/5329/2828 4273/5328/2827
f 4294/5350/2839 4275/5330/2829 4274/5329/2828 4292/5348/2838
f 4296/5352/1998 4295/5351/2840 4276/5331/2830 4277/5332/1998
f 4293/5349/2718 4273/5328/2827 4276/5331/2830 4295/5351/2840
f 4297/5354/2841 4288/5344/2662 4271/5326/2662 4279/5335/2831
f 4338/5418/2873 4178/5228/2770 4351/5432/2751 4354/5435/2852
f 4355/5436/2752 4356/5437/2804 4349/5430/2804 4348/5429/2752
f 4350/5431/2862 4290/5346/2055 4289/5345/2055 4357/5438/2862
f 4355/5436/2752 4351/5432/2751 4178/5228/2770 4177/5227/2769
f 4286/5342/2837 4357/5458/2651 4340/5452/2651 4194/5244/2786
f 4297/5354/2841 4294/5350/2839 4207/5257/2788 4213/5265/2793
f 4284/5340/2835 4379/5473/2899 4378/5472/2898 4188/5238/2780
f 4296/5352/1998 4356/5437/2804 4339/5419/2874 4210/5260/2791
f 4379/5494/2912 4270/5497/2915 4389/5496/2914 4387/5493/2912
f 4285/5341/2944 4191/5241/2942 4386/5492/2911 4387/5493/2912
f 4354/5435/2852 4283/5339/2801 4187/5237/2779 4338/5418/2873
f 4112/5159/2732 4111/5158/2731 4352/5433/2751 4348/5429/2752
f 4134/5181/2055 4133/5180/117 4278/5334/117 4290/5346/2055
f 4353/5434/2852 4352/5433/2751 4111/5158/2731 4333/5411/2868
f 4126/5173/2743 4128/5175/2651 4350/5457/2651 4367/5456/2890
f 4148/5197/2673 4141/5188/2666 4275/5330/2829 4279/5335/2831
f 4267/5322/2824 4122/5169/2740 4121/5168/2739 4270/5325/2826
f 4144/5191/2747 4143/5190/2746 4349/5430/2804 4277/5332/1998
f 4118/5503/2924 3897/5507/2929 4394/5506/2928 4392/5504/2925
f 4359/5444/2881 4404/5525/2956 4391/5502/2926 4392/5504/2925
f 4333/5411/2868 4269/5324/2825 4268/5323/2801 4353/5434/2852
f 4247/5301/2815 4246/5300/2733 4240/5294/2809 4239/5293/2808
f 4247/5301/2815 4239/5293/2808 4241/5295/2810 4248/5302/2816
f 4250/5304/2817 4249/5303/2801 4243/5297/2812 4242/5296/2811
f 4246/5300/2733 4251/5305/2803 4244/5298/2813 4240/5294/2809
f 4255/5309/2662 4254/5308/2505 4022/5065/2505 4023/5066/2662
f 4256/5310/2820 4257/5311/117 4136/5183/117 4135/5182/2744
f 4259/5313/2523 4258/5312/2663 4028/5071/2683 4029/5072/2684
f 4258/5312/2663 4260/5314/2666 4030/5073/2685 4028/5071/2683
f 4262/5316/2536 4261/5315/2537 4033/5077/2688 4032/5075/2687
f 4261/5315/2537 4259/5313/2523 4029/5072/2684 4033/5077/2688
f 4255/5309/2662 4023/5066/2662 4034/5078/2689 4263/5318/2673
f 4331/5409/2866 4110/5157/2730 4343/5424/2877 4344/5425/2852
f 4345/5426/2752 4346/5427/2804 4031/5074/2686 4237/5291/2806
f 4345/5426/2752 4343/5424/2877 4110/5157/2730 4109/5156/2729
f 4334/5443/2880 4125/5172/2742 4253/5307/2819 4347/5453/2887
f 4260/5314/2666 4142/5189/2666 4149/5198/2673 4263/5318/2673
f 4250/5304/2817 4251/5305/2803 4123/5170/2741 4120/5167/2738
f 4262/5316/2536 4346/5427/2804 4332/5410/2867 4146/5193/2749
f 4248/5514/2931 4241/5516/2933 4398/5515/2932 4397/5513/2927
f 4252/5306/2818 4124/5171/2611 4396/5511/2927 4397/5513/2927
f 4344/5425/2852 4249/5303/2801 4119/5166/2737 4331/5409/2866
f 4179/5229/2771 4180/5230/2772 4407/5537/2957 4408/5538/2958
f 4360/5446/2883 4407/5537/2957 4180/5230/2772 4183/5233/2775
f 4185/5235/2777 4186/5236/2778 4382/5539/2959 4373/5467/2895
f 4190/5240/2782 4179/5229/2771 4408/5538/2958 4409/5540/2960
f 4192/5242/2784 4193/5243/2785 4321/5541/2961 4361/5447/2884
f 4363/5450/2662 4406/5542/2505 4196/5246/2505 4195/5245/2504
f 4203/5253/2524 4173/5223/2718 4410/5543/2718 4411/5544/2524
f 4206/5256/2529 4203/5253/2524 4411/5544/2524 4412/5545/2529
f 4208/5258/2789 4209/5259/2790 4335/5414/2804 4376/5470/1998
f 4196/5262/117 4406/5528/2950 3915/4945/2600 4199/5249/117
f 4173/5223/2718 4172/5222/2766 4375/5469/2840 4410/5543/2718
f 4212/5264/2610 4206/5256/2529 4412/5545/2529 4364/5451/2610
f 4413/5546/2852 4150/5199/2751 4175/5225/2767 4337/5417/2872
f 4384/5487/2906 4400/5521/2940 4186/5547/2962 4157/5488/2907
f 4190/5240/2939 4409/5540/2963 4381/5481/2901 4400/5521/2940
f 4337/5417/2872 4377/5471/2897 4372/5466/2801 4413/5546/2852
f 4150/5199/2751 4151/5200/2752 4176/5226/2768 4175/5225/2767
f 3915/4945/2600 3916/4948/2603 4200/5250/2787 4199/5249/117
f 4151/5200/2752 4335/5414/2804 4209/5259/2790 4176/5226/2768
f 4193/5420/2875 4200/5250/2787 3916/4948/2603 4321/5393/2858
f 4361/5447/2884 4360/5446/2883 4183/5233/2775 4192/5242/2784
f 4364/5451/2610 4363/5450/2662 4195/5245/2504 4212/5264/2610
f 4373/5467/2895 4372/5466/2801 4377/5471/2897 4185/5235/2777
f 4375/5469/2840 4172/5222/2766 4208/5258/2789 4376/5470/1998
f 4400/5521/2940 4381/5481/2901 4382/5484/2903 4186/5547/2962
f 4408/5538/2958 4407/5537/2957 4305/5548/2964 4304/5549/2965
f 4308/5445/2882 4305/5548/2964 4407/5537/2957 4360/5446/2883
f 4373/5467/2895 4382/5539/2959 4369/5463/2892 3913/4943/2598
f 4321/5541/2961 4299/5550/2966 4298/5448/2885 4361/5447/2884
f 4363/5450/2662 4362/5449/2886 4406/5542/2505
f 4411/5544/2524 4410/5543/2718 3921/4953/2608 3917/4949/2604
f 4412/5545/2529 4411/5544/2524 3917/4949/2604 3920/4952/2607
f 4335/5414/2804 4320/5391/2856 3905/4933/2590 4376/5470/1998
f 4410/5543/2718 4375/5469/2840 3908/4936/2593 3921/4953/2608
f 3920/4952/2607 4358/5441/2879 4364/5451/2610 4412/5545/2529
f 4318/5388/2854 3910/4939/2595 4150/5199/2751 4413/5546/2852
f 4409/5540/2963 4380/5551/2967 4370/5482/2902 4381/5481/2901
f 4413/5546/2852 4372/5466/2801 3912/4942/2597 4318/5388/2854
f 4304/5549/2965 4380/5551/2968 4409/5540/2960 4408/5538/2958
f 3835/4858/2526 3887/4915/2573 4380/5479/2900 4304/5364/2846
f 4366/5552/2969 4026/5069/2682 4256/5310/2820 4347/5428/2878
f 4026/5069/2682 4366/5552/2969 3985/5024/2660 3941/4976/2622
f 4024/5553/2970 3937/5023/2659 3985/5024/2660 4366/5552/2969
f 4286/5342/2837 4282/5338/2834 4404/5525/2956 4367/5456/2890
f 4367/5456/2890 4404/5525/2956 4359/5444/2881 4126/5173/2743
f 4414/5554/2971 4415/5555/2972 4416/5556/2973
f 4417/5557/2974 4418/5558/2975 4419/5559/2976 4420/5560/2977
f 4421/5561/2978 4422/5562/2979 4423/5563/2980 4424/5564/2981
f 4425/5565/2982 4426/5566/2983 4427/5567/2984 4428/5568/2985
f 4429/5569/2986 4430/5570/2987 4431/5571/2988 4432/5572/2989
f 4433/5573/2990 4434/5574/2991 4435/5575/2992 4436/5576/2993
f 4437/5577/2994 4438/5578/2995 4439/5579/2996 4440/5580/2997
f 4441/5581/2998 4442/5582/2999 4443/5583/3000 4444/5584/3001
f 4430/5570/2987 4445/5585/3002 4427/5567/2984 4431/5571/2988
f 4434/5574/2991 4446/5586/3003 4419/5587/2976 4435/5575/2992
f 4417/5557/2974 4420/5560/2977 4438/5578/2995 4437/5577/2994
f 4425/5565/2982 4428/5568/2985 4442/5582/2999 4441/5581/2998
f 4447/5588/3004 4448/5589/3005 4449/5590/3006 4450/5591/3007
f 4448/5589/3005 4426/5566/2983 4451/5592/3008 4449/5590/3006
f 4451/5592/3008 4426/5566/2983 4425/5565/2982 4452/5593/3009
f 4441/5581/2998 4453/5594/3010 4452/5593/3009 4425/5565/2982
f 4444/5584/3001 4454/5595/3011 4453/5594/3010 4441/5581/2998
f 4455/5596/3012 4456/5597/3013 4457/5598/3014 4458/5599/3015
f 4455/5596/3012 4459/5600/3016 4460/5601/3017 4456/5597/3013
f 4461/5602/3018 4460/5601/3017 4459/5600/3016 4446/5603/3003
f 4434/5574/2991 4462/5604/3019 4461/5605/3018 4446/5586/3003
f 4463/5606/3020 4462/5604/3019 4434/5574/2991 4433/5573/2990
f 4456/5597/3013 4464/5607/3021 4465/5608/3022 4457/5598/3014
f 4464/5607/3021 4456/5597/3013 4460/5601/3017 4466/5609/3023
f 4466/5609/3023 4460/5601/3017 4461/5602/3018 4467/5610/3024
f 4468/5611/3025 4467/5612/3024 4461/5605/3018 4462/5604/3019
f 4462/5604/3019 4463/5606/3020 4469/5613/3026 4468/5611/3025
f 4470/5614/3027 4471/5615/3028 4465/5608/3022 4464/5607/3021
f 4466/5609/3023 4472/5616/3029 4470/5614/3027 4464/5607/3021
f 4466/5609/3023 4467/5610/3024 4473/5617/3030 4472/5616/3029
f 4474/5618/3031 4473/5619/3030 4467/5612/3024 4468/5611/3025
f 4475/5620/3032 4474/5618/3031 4476/5621/3033 4477/5622/3034
f 4424/5564/2981 4423/5563/2980 4478/5623/3035 4479/5624/3036
f 4450/5591/3007 4480/5625/3037 4481/5626/3038 4482/5627/3039
f 4449/5590/3006 4483/5628/3040 4480/5625/3037 4450/5591/3007
f 4451/5592/3008 4484/5629/3041 4483/5628/3040 4449/5590/3006
f 4451/5592/3008 4452/5593/3009 4485/5630/3042 4484/5629/3041
f 4486/5631/3043 4485/5630/3042 4452/5593/3009 4453/5594/3010
f 4487/5632/3044 4486/5631/3043 4453/5594/3010 4454/5595/3011
f 4488/5633/3045 4489/5634/3046 4457/5598/3014 4490/5635/3047
f 4465/5608/3022 4491/5636/5 4490/5635/3047 4457/5598/3014
f 4492/5637/3048 4493/5638/58 4469/5613/3026 4463/5606/3020
f 4494/5639/3049 4495/5640/3050 4496/5641/5 4471/5615/3028
f 4493/5638/58 4497/5642/58 4476/5621/3033 4469/5613/3026
f 4494/5643/3049 4498/5644/3051 4421/5561/2978 4424/5564/2981
f 4498/5644/3051 4499/5645/3052 4500/5646/3053 4421/5561/2978
f 4501/5647/3054 4500/5646/3053 4499/5645/3052 4502/5648/3055
f 4475/5649/3032 4422/5562/2979 4501/5647/3054 4502/5648/3055
f 4477/5650/3034 4423/5563/2980 4422/5562/2979 4475/5649/3032
f 4503/5651/3056 4478/5623/3035 4423/5563/2980 4477/5650/3034
f 4504/5652/26 4505/5653/26 4506/5654/3057 4507/5655/3058
f 4508/5656/3059 4509/5657/26 4504/5652/26 4507/5655/3058
f 4495/5658/3050 4479/5624/3036 4510/5659/3060 4511/5660/3061
f 4498/5661/3051 4494/5639/3049 4471/5615/3028 4470/5614/3027
f 4499/5662/3052 4498/5661/3051 4470/5614/3027 4472/5616/3029
f 4472/5616/3029 4473/5617/3030 4502/5663/3055 4499/5662/3052
f 4502/5664/3055 4473/5619/3030 4474/5618/3031 4475/5620/3032
f 4474/5618/3031 4468/5611/3025 4469/5613/3026 4476/5621/3033
f 4512/5665/3062 4491/5636/5 4496/5641/5 4513/5666/3063
f 4503/5667/3056 4497/5642/58 4514/5668/3064 4515/5669/3065
f 4516/5670/3066 4517/5671/3067 4518/5672/3068 4519/5673/3069
f 4506/5674/3057 4520/5675/3070 4521/5676/3071 4522/5677/3072
f 4523/5678/3073 4524/5679/3074 4525/5680/3075 4526/5681/3076
f 4418/5682/2975 4527/5683/3077 4524/5679/3074 4523/5678/3073
f 4527/5684/3077 4418/5558/2975 4417/5557/2974 4528/5685/3078
f 4417/5557/2974 4437/5577/2994 4529/5686/3079 4528/5685/3078
f 4437/5577/2994 4440/5580/2997 4530/5687/3080 4529/5686/3079
f 4531/5688/3081 4532/5689/3082 4533/5690/3083 4534/5691/3084
f 4535/5692/3085 4533/5690/3083 4532/5689/3082 4536/5693/3086
f 4535/5692/3085 4536/5693/3086 4445/5585/3002 4537/5694/3087
f 4430/5570/2987 4538/5695/3088 4537/5694/3087 4445/5585/3002
f 4429/5569/2986 4539/5696/3089 4538/5695/3088 4430/5570/2987
f 4540/5697/3090 4541/5698/3091 4542/5699/3092 4543/5700/3093
f 4544/5701/3094 4545/5702/3095 4546/5703/3096 4547/5704/3097
f 4548/5705/3098 4549/5706/3099 4546/5703/3096 4545/5702/3095
f 4548/5707/3098 4550/5708/3100 4551/5709/3101 4549/5710/3099
f 4550/5708/3100 4552/5711/3102 4553/5712/3103 4551/5709/3101
f 4554/5713/3104 4555/5714/3105 4553/5712/3103 4552/5711/3102
f 4556/5715/3106 4555/5714/3105 4554/5713/3104 4557/5716/3107
f 4558/5717/3108 4414/5554/2971 4559/5718/3109 4560/5719/3110
f 4561/5720/3111 4415/5555/2972 4414/5554/2971 4558/5717/3108
f 4562/5721/3112 4563/5722/3113 4415/5555/2972 4561/5720/3111
f 4562/5721/3112 4564/5723/3114 4565/5724/3115 4563/5722/3113
f 4564/5723/3114 4543/5700/3093 4542/5699/3092 4565/5724/3115
f 4551/5709/3101 4553/5712/3103 4566/5725/3116
f 4567/5726/3117 4555/5714/3105 4556/5715/3106 4568/5727/3118
f 4563/5722/3113 4565/5724/3115 4569/5728/3119
f 4541/5698/3091 4570/5729/3120 4571/5730/3121 4542/5699/3092
f 4546/5703/3096 4549/5706/3099 4572/5731/3122
f 4551/5709/3101 4566/5725/3116 4572/5732/3122 4549/5710/3099
f 4573/5733/3123 4567/5726/3117 4568/5727/3118 4574/5734/3124
f 4415/5555/2972 4563/5722/3113 4569/5735/3119 4416/5556/2973
f 4565/5724/3115 4542/5699/3092 4571/5730/3121 4569/5728/3119
f 4571/5736/3121 4575/5737/3125 4416/5556/2973 4569/5735/3119
f 4575/5737/3125 4559/5718/3109 4414/5554/2971 4416/5556/2973
f 4553/5712/3103 4555/5714/3105 4567/5726/3117 4566/5725/3116
f 4566/5725/3116 4567/5726/3117 4573/5733/3123 4572/5732/3122
f 4546/5703/3096 4572/5731/3122 4573/5738/3123 4547/5704/3097
f 4525/5680/3075 4544/5701/3094 4576/5739/3126 4577/5740/3127
f 4524/5679/3074 4545/5702/3095 4544/5701/3094 4525/5680/3075
f 4548/5705/3098 4545/5702/3095 4524/5679/3074 4527/5683/3077
f 4550/5708/3100 4548/5707/3098 4527/5684/3077 4528/5685/3078
f 4550/5708/3100 4528/5685/3078 4529/5686/3079 4552/5711/3102
f 4554/5713/3104 4552/5711/3102 4529/5686/3079 4530/5687/3080
f 4578/5741/3128 4579/5742/3129 4534/5691/3084 4560/5719/3110
f 4558/5717/3108 4560/5719/3110 4534/5691/3084 4533/5690/3083
f 4561/5720/3111 4558/5717/3108 4533/5690/3083 4535/5692/3085
f 4561/5720/3111 4535/5692/3085 4537/5694/3087 4562/5721/3112
f 4562/5721/3112 4537/5694/3087 4538/5695/3088 4564/5723/3114
f 4539/5696/3089 4543/5700/3093 4564/5723/3114 4538/5695/3088
f 4420/5560/2977 4419/5559/2976 4446/5603/3003 4459/5600/3016
f 4428/5568/2985 4427/5567/2984 4445/5585/3002 4536/5693/3086
f 4448/5589/3005 4447/5588/3004 4432/5572/2989 4431/5571/2988
f 4523/5678/3073 4526/5681/3076 4436/5576/2993 4435/5575/2992
f 4438/5578/2995 4455/5596/3012 4458/5599/3015 4439/5579/2996
f 4442/5582/2999 4532/5689/3082 4531/5688/3081 4443/5583/3000
f 4426/5566/2983 4448/5589/3005 4431/5571/2988 4427/5567/2984
f 4418/5682/2975 4523/5678/3073 4435/5575/2992 4419/5587/2976
f 4420/5560/2977 4459/5600/3016 4455/5596/3012 4438/5578/2995
f 4428/5568/2985 4536/5693/3086 4532/5689/3082 4442/5582/2999
f 4479/5624/3036 4478/5623/3035 4580/5743/3130 4510/5659/3060
f 4581/5744/3131 4582/5745/3132 4481/5626/3038 4480/5625/3037
f 4483/5628/3040 4583/5746/3133 4581/5744/3131 4480/5625/3037
f 4484/5629/3041 4584/5747/3134 4583/5746/3133 4483/5628/3040
f 4484/5629/3041 4485/5630/3042 4585/5748/3135 4584/5747/3134
f 4586/5749/3136 4585/5748/3135 4485/5630/3042 4486/5631/3043
f 4587/5750/3137 4586/5749/3136 4486/5631/3043 4487/5632/3044
f 4490/5635/3047 4588/5751/3138 4589/5752/3139 4488/5633/3045
f 4491/5636/5 4512/5665/3062 4588/5751/3138 4490/5635/3047
f 4590/5753/3140 4591/5754/3141 4493/5638/58 4492/5637/3048
f 4513/5666/3063 4496/5641/5 4495/5640/3050 4511/5755/3061
f 4591/5754/3141 4514/5668/3064 4497/5642/58 4493/5638/58
f 4580/5743/3130 4478/5623/3035 4503/5651/3056 4515/5756/3065
f 4495/5658/3050 4494/5643/3049 4424/5564/2981 4479/5624/3036
f 4491/5636/5 4465/5608/3022 4471/5615/3028 4496/5641/5
f 4477/5622/3034 4476/5621/3033 4497/5642/58 4503/5667/3056
f 4511/5660/3061 4510/5659/3060 4509/5657/26 4508/5656/3059
f 4509/5657/26 4510/5659/3060 4580/5743/3130 4592/5757/26
f 4581/5744/3131 4593/5758/3142 4594/5759/3143 4582/5745/3132
f 4583/5746/3133 4595/5760/3144 4593/5758/3142 4581/5744/3131
f 4584/5747/3134 4596/5761/3145 4595/5760/3144 4583/5746/3133
f 4584/5747/3134 4585/5748/3135 4597/5762/3146 4596/5761/3145
f 4598/5763/3147 4597/5762/3146 4585/5748/3135 4586/5749/3136
f 4599/5764/3148 4598/5763/3147 4586/5749/3136 4587/5750/3137
f 4589/5752/3139 4588/5751/3138 4600/5765/3149 4601/5766/3150
f 4512/5665/3062 4517/5671/3067 4600/5765/3149 4588/5751/3138
f 4602/5767/3151 4603/5768/3152 4591/5754/3141 4590/5753/3140
f 4508/5769/3059 4518/5672/3068 4513/5666/3063 4511/5755/3061
f 4603/5768/3152 4521/5676/3071 4514/5668/3064 4591/5754/3141
f 4592/5757/26 4580/5743/3130 4515/5756/3065 4520/5770/3070
f 4513/5666/3063 4518/5672/3068 4517/5671/3067 4512/5665/3062
f 4514/5668/3064 4521/5676/3071 4520/5675/3070 4515/5669/3065
f 4509/5657/26 4592/5757/26 4505/5653/26 4504/5652/26
f 4593/5758/3142 4604/5771/3153 4605/5772/3154 4594/5759/3143
f 4595/5760/3144 4606/5773/3155 4604/5771/3153 4593/5758/3142
f 4596/5761/3145 4607/5774/3156 4606/5773/3155 4595/5760/3144
f 4596/5761/3145 4597/5762/3146 4608/5775/3157 4607/5774/3156
f 4609/5776/3158 4608/5775/3157 4597/5762/3146 4598/5763/3147
f 4610/5777/3159 4609/5776/3158 4598/5763/3147 4599/5764/3148
f 4611/5778/3160 4612/5779/3161 4601/5766/3150 4600/5765/3149
f 4517/5671/3067 4516/5670/3066 4611/5778/3160 4600/5765/3149
f 4613/5780/3162 4614/5781/3163 4603/5768/3152 4602/5767/3151
f 4507/5782/3058 4519/5673/3069 4518/5672/3068 4508/5769/3059
f 4614/5781/3163 4522/5677/3072 4521/5676/3071 4603/5768/3152
f 4520/5770/3070 4506/5654/3057 4505/5653/26 4592/5757/26
f 4615/5783/3164 4616/5784/3165 4482/5627/3039 4481/5626/3038
f 4617/5785/3166 4487/5632/3044 4454/5595/3011 4618/5786/3167
f 4576/5739/3126 4619/5787/3168 4541/5698/3091 4540/5697/3090
f 4578/5741/3128 4560/5719/3110 4559/5718/3109 4620/5788/3169
f 4575/5737/3125 4621/5789/3170 4620/5788/3169 4559/5718/3109
f 4570/5729/3120 4541/5698/3091 4619/5787/3168 4574/5790/3124
f 4575/5737/3125 4571/5736/3121 4570/5791/3120 4621/5789/3170
f 4539/5696/3089 4622/5792/3171 4540/5697/3090 4543/5700/3093
f 4578/5741/3128 4557/5716/3107 4623/5793/3172 4579/5742/3129
f 4615/5783/3164 4481/5626/3038 4582/5745/3132 4624/5794/3173
f 4587/5750/3137 4487/5632/3044 4617/5785/3166 4625/5795/3174
f 4626/5796/3175 4624/5794/3173 4582/5745/3132 4594/5759/3143
f 4587/5750/3137 4625/5795/3174 4627/5797/3176 4599/5764/3148
f 4628/5798/3177 4626/5796/3175 4594/5759/3143 4605/5772/3154
f 4629/5799/3178 4610/5777/3159 4599/5764/3148 4627/5797/3176
f 4488/5633/3045 4617/5785/3166 4618/5786/3167 4489/5634/3046
f 4620/5788/3169 4556/5715/3106 4557/5716/3107 4578/5741/3128
f 4620/5788/3169 4621/5789/3170 4568/5727/3118 4556/5715/3106
f 4621/5789/3170 4570/5791/3120 4574/5734/3124 4568/5727/3118
f 4540/5697/3090 4622/5792/3171 4577/5740/3127 4576/5739/3126
f 4625/5795/3174 4617/5785/3166 4488/5633/3045 4589/5752/3139
f 4627/5797/3176 4625/5795/3174 4589/5752/3139 4601/5766/3150
f 4627/5797/3176 4601/5766/3150 4612/5779/3161 4629/5799/3178
f 4463/5606/3020 4616/5784/3165 4615/5783/3164 4492/5637/3048
f 4544/5701/3094 4547/5704/3097 4619/5787/3168 4576/5739/3126
f 4573/5738/3123 4574/5790/3124 4619/5787/3168 4547/5704/3097
f 4557/5716/3107 4554/5713/3104 4530/5687/3080 4623/5793/3172
f 4624/5794/3173 4590/5753/3140 4492/5637/3048 4615/5783/3164
f 4602/5767/3151 4590/5753/3140 4624/5794/3173 4626/5796/3175
f 4613/5780/3162 4602/5767/3151 4626/5796/3175 4628/5798/3177
f 4539/5696/3089 4429/5569/2986 4630/5800/3179 4622/5792/3171
f 4577/5740/3127 4622/5792/3171 4630/5800/3179 4631/5801/3180
f 4525/5680/3075 4577/5740/3127 4631/5801/3180 4526/5681/3076
f 4432/5572/2989 4632/5802/3181 4630/5800/3179 4429/5569/2986
f 4632/5802/3181 4633/5803/3182 4631/5801/3180 4630/5800/3179
f 4633/5803/3182 4436/5576/2993 4526/5681/3076 4631/5801/3180
f 4447/5588/3004 4634/5804/3183 4632/5802/3181 4432/5572/2989
f 4634/5804/3183 4635/5805/3184 4633/5803/3182 4632/5802/3181
f 4635/5805/3184 4433/5573/2990 4436/5576/2993 4633/5803/3182
f 4450/5591/3007 4482/5627/3039 4634/5804/3183 4447/5588/3004
f 4482/5627/3039 4616/5784/3165 4635/5805/3184 4634/5804/3183
f 4616/5784/3165 4463/5606/3020 4433/5573/2990 4635/5805/3184
f 4530/5687/3080 4440/5580/2997 4636/5806/3185 4623/5793/3172
f 4623/5793/3172 4636/5806/3185 4637/5807/3186 4579/5742/3129
f 4534/5691/3084 4579/5742/3129 4637/5807/3186 4531/5688/3081
f 4440/5580/2997 4439/5579/2996 4638/5808/3187 4636/5806/3185
f 4636/5806/3185 4638/5808/3187 4639/5809/3188 4637/5807/3186
f 4639/5809/3188 4443/5583/3000 4531/5688/3081 4637/5807/3186
f 4439/5579/2996 4458/5599/3015 4640/5810/3189 4638/5808/3187
f 4638/5808/3187 4640/5810/3189 4641/5811/3190 4639/5809/3188
f 4639/5809/3188 4641/5811/3190 4444/5584/3001 4443/5583/3000
f 4458/5599/3015 4457/5598/3014 4489/5634/3046 4640/5810/3189
f 4640/5810/3189 4489/5634/3046 4618/5786/3167 4641/5811/3190
f 4641/5811/3190 4618/5786/3167 4454/5595/3011 4444/5584/3001
f 4500/5646/3053 4501/5647/3054 4422/5562/2979 4421/5561/2978
