# Blender 5.2.1 LTS
# www.blender.org
mtllib AK_for_Shotgun.mtl
o AK.001
v -19.408808 53.011982 32.184761
v -19.408808 40.633553 64.321381
v -31.525480 67.890594 64.321388
v -31.525480 66.822891 32.184761
v -31.525480 113.549744 64.321396
v -31.525480 118.261169 32.184765
v -31.525480 124.978256 349.860596
v -31.525480 100.226761 349.860596
v -31.525480 101.250641 365.137146
v -31.525480 125.039841 365.136536
v -18.442955 41.480972 80.376083
v -31.525480 68.805511 80.376083
v -31.525480 139.408630 64.321396
v -31.525480 139.849213 32.184765
v -31.525480 124.191864 120.671249
v -31.525480 138.436249 132.277435
v -31.525480 138.866180 102.234787
v -31.525480 119.450836 102.234787
v -41.868565 82.495621 145.225525
v -39.974762 67.807083 145.226730
v -39.560230 69.448029 180.626282
v -41.974564 83.710175 180.635773
v -31.525480 75.493042 102.234772
v -17.128307 48.077892 102.234772
v -19.347813 51.608486 120.671234
v -31.525480 83.178406 120.671242
v -31.525480 139.178848 80.376099
v -31.525480 116.048752 80.376099
v -31.525480 124.210205 311.483521
v -31.525480 135.872086 311.483521
v -31.525480 136.968826 234.856689
v -31.525480 124.202530 234.856689
v -31.525480 97.511612 311.483521
v -17.775564 62.853466 311.477020
v -20.796293 62.438915 349.858765
v -31.525480 135.323120 349.860596
v -20.796293 68.588150 365.136536
v 1.901520 57.642223 365.137146
v 1.901520 101.250641 365.137146
v 1.901520 135.323120 349.860596
v -31.525480 135.104599 365.136536
v 1.901520 135.104599 365.137146
v 1.901520 118.261169 32.184765
v 1.901520 139.849213 32.184765
v 1.901520 66.822891 32.184761
v 1.901520 125.039841 365.137146
v 1.901520 139.408630 64.321396
v 1.901520 138.866180 102.234787
v 1.901520 138.436249 132.277435
v 1.901520 50.101971 311.477600
v -18.447693 58.044933 234.853149
v 1.901520 50.142239 234.853149
v 1.901520 139.178848 80.376099
v -31.525480 137.766495 180.506088
v 1.901520 137.766495 180.506088
v 1.901520 51.492390 349.858765
v 1.901520 135.872086 311.483521
v -42.101288 85.156281 234.923645
v -39.066349 71.402817 233.749298
v -38.494301 72.726944 283.379059
v -42.371918 87.142471 283.378479
v -31.525480 124.196594 180.390610
v -18.936836 54.546314 180.390594
v 1.901520 50.939320 180.390594
v 1.901520 136.968826 234.856689
v -42.101288 97.560760 283.378479
v -42.101288 98.667557 234.925385
v -42.101288 98.847580 180.635773
v -42.101288 98.999191 145.225525
v 1.901520 51.608486 120.671234
v 1.901520 35.236393 64.321381
v 1.901520 36.084400 80.376083
v 1.901520 47.614819 32.184761
v 1.901520 42.680740 102.234772
v 35.329113 67.890594 64.321388
v 23.211845 40.633553 64.321381
v 23.211845 53.011982 32.184761
v 35.329113 66.822891 32.184761
v 35.329113 113.549744 64.321396
v 35.329113 118.261169 32.184765
v 35.328522 124.978256 349.860596
v 35.328522 125.039841 365.137146
v 35.328522 101.250641 365.137146
v 35.328522 100.226761 349.860596
v 35.329113 68.805511 80.376083
v 22.246590 41.480972 80.376083
v 35.329113 139.849213 32.184765
v 35.329113 139.408630 64.321396
v 35.329113 124.191864 120.671249
v 35.329113 119.450836 102.234787
v 35.329113 138.866180 102.234787
v 35.329113 138.436249 132.277435
v 45.671600 82.495621 145.225525
v 45.777611 83.710175 180.635773
v 43.363270 69.448029 180.626282
v 43.778389 67.807083 145.226730
v 23.150852 51.608486 120.671234
v 20.931938 48.077892 102.234772
v 35.329113 75.493042 102.234772
v 35.329113 83.178406 120.671242
v 35.329113 116.048752 80.376099
v 35.329113 139.178848 80.376099
v 35.329113 136.968826 234.856689
v 35.328522 135.872086 311.483521
v 35.328522 124.210205 311.483521
v 35.329113 124.202530 234.856689
v 24.599335 62.438915 349.858765
v 21.579197 62.853466 311.477020
v 35.328522 97.511612 311.483521
v 35.328522 135.323120 349.860596
v 24.599335 68.588150 365.136536
v 35.328522 135.104599 365.137146
v 22.251324 58.044933 234.853149
v 35.329113 137.766495 180.506088
v 45.904335 85.156281 234.923645
v 46.174957 87.142471 283.378479
v 42.297344 72.726944 283.379059
v 42.869392 71.402817 233.749298
v 35.329113 124.196594 180.390610
v 22.739876 54.546314 180.390594
v 45.904335 98.667557 234.925385
v 45.904335 97.560760 283.378479
v 45.904335 98.999191 145.225525
v 45.904335 98.847580 180.635773
v -11.157909 -19.465366 -371.657410
v -11.157909 -23.481558 -371.674591
v -11.157909 -23.395098 -368.141602
v -11.157909 -19.387197 -368.188934
v 12.949894 -23.395098 -368.141602
v 12.949894 -23.481558 -371.674591
v 12.949894 -19.465366 -371.657410
v 12.949894 -19.387197 -368.188934
v -11.157909 40.685108 -256.398895
v -11.157909 40.670300 -253.356232
v 12.949894 40.670300 -253.356232
v 12.949894 40.685108 -256.398895
v -11.157909 21.304714 -371.485626
v -11.157909 21.304714 -368.670410
v 12.949894 21.304714 -368.670410
v 12.949894 21.304714 -371.485626
v 12.949894 -4.622871 -371.595184
v -11.157909 -4.622871 -371.595184
v -11.157909 -37.742531 -353.756866
v -11.157909 -41.172459 -353.888336
v -11.157909 -41.025005 -326.961151
v -11.157909 -37.595078 -326.893616
v 12.949894 -41.172459 -353.888336
v 12.949894 -41.025005 -326.961151
v 12.949894 -37.742531 -353.756866
v 12.949894 -37.595078 -326.893616
v -11.157909 -22.773909 -256.610870
v -11.157909 -23.032692 -253.144226
v -11.157909 -7.974051 -253.193970
v -11.157909 -7.773300 -256.560547
v 12.949894 -23.032692 -253.144226
v 12.949894 -7.974051 -253.193970
v 12.949894 -22.773909 -256.610870
v 12.949894 -7.773300 -256.560547
v -11.157909 -36.991638 -362.704773
v -11.157909 -39.891563 -364.863251
v 12.949894 -36.991638 -362.704773
v 12.949894 -39.891563 -364.863251
v -11.157909 -30.285168 -258.341827
v -11.157909 -32.732666 -255.299194
v 12.949894 -32.732666 -255.299194
v 12.949894 -30.284576 -258.341827
v -11.157909 -31.987095 -367.223724
v -11.157909 -33.880898 -370.396027
v 12.949894 -31.987095 -367.224304
v 12.949894 -33.880898 -370.396027
v -11.157909 -38.325840 -260.877563
v -11.157909 -35.381500 -263.447632
v -11.157909 -40.723000 -271.806305
v -11.157909 -37.293663 -271.869080
v 12.949894 -38.325840 -260.876953
v 12.949894 -40.723000 -271.806305
v 12.949894 -35.381500 -263.447632
v 12.949894 -37.293663 -271.869080
v -11.157909 16.332729 -253.275116
v -11.157909 16.440506 -256.479401
v 12.949894 16.332729 -253.275116
v 12.949894 16.440506 -256.479401
v -11.157909 -40.774513 -281.206055
v -11.157909 -37.345177 -281.246307
v 12.949894 -40.774513 -281.205444
v 12.949894 -37.345177 -281.246307
v -11.157909 -40.881699 -300.717896
v -11.157909 -37.451767 -300.711975
v 12.949894 -40.881699 -300.717896
v 12.949894 -37.451767 -300.711975
v -11.157909 -4.573128 -368.364227
v 12.949894 -4.573128 -368.364227
v -13.388666 -19.460640 -246.626678
v -13.388666 -14.019063 -246.626678
v -13.389259 -14.019064 -230.616974
v -13.389259 -19.460642 -230.616974
v -17.477695 -19.460642 -231.671631
v -17.477695 -14.019064 -231.671631
v -17.477695 -14.019063 -246.672241
v -17.477695 -19.460640 -246.672241
v -13.389259 -11.972476 -218.560089
v -17.477104 -11.972476 -218.560089
v -17.477104 -16.594471 -221.250397
v -13.389259 -16.594471 -221.250397
v -8.365171 26.197918 -252.548492
v -8.365171 -7.181703 -252.548492
v 0.895992 -7.181703 -252.548492
v 0.895992 26.197918 -252.548492
v -8.365171 -19.460640 -252.548492
v -12.454792 -19.460640 -255.439514
v 0.895992 -19.460640 -255.439514
v 0.895992 -19.460640 -252.548492
v -12.454792 -14.019063 -255.439514
v 0.895992 -14.019063 -255.439514
v 0.895992 26.197926 -255.439514
v -12.454792 26.197926 -255.439514
v -12.132645 26.197918 -251.068054
v -12.132645 -7.181703 -251.068054
v -16.222267 -19.460640 -253.959076
v -16.222267 -14.019063 -253.959076
v -12.132645 -19.460640 -251.068054
v -16.222267 26.197926 -253.959076
v -13.388666 26.197918 -246.626678
v -13.388666 -7.181703 -246.626678
v -17.477695 26.197918 -246.672241
v -13.389259 26.197914 -227.460602
v -13.389259 -7.181704 -227.460602
v -17.477104 26.197914 -216.451935
v -17.477695 26.197914 -223.000885
v -17.477695 -7.181704 -223.000885
v -17.477104 -7.181710 -216.451935
v -13.389259 26.197914 -216.451935
v -13.389259 -7.181710 -216.451935
v -8.365171 -14.019063 -252.548492
v 0.895992 -14.019063 -252.548492
v -12.454792 -7.181703 -255.439514
v 0.895992 -7.181703 -255.439514
v -12.132645 -14.019063 -251.068054
v -16.222267 -7.181703 -253.959076
v -17.477695 -7.181703 -246.672241
v -13.389259 -7.181704 -222.428223
v -13.389259 -13.375360 -224.367645
v -17.477695 -19.107107 -226.031677
v -17.477695 -13.375360 -224.940277
v -13.389259 -19.107107 -225.459045
v -13.389259 26.197914 -222.428223
v -17.477695 26.197914 -228.515289
v -17.477695 -7.181704 -228.515289
v -34.442577 41.255371 -228.630188
v -34.443169 40.358219 -246.764648
v -34.443169 36.882103 -246.592926
v -34.442577 37.778660 -228.457886
v -34.442577 38.051067 -222.950562
v -34.442577 41.527786 -223.122284
v -34.442577 38.374992 -216.409882
v -34.442577 41.851112 -216.582214
v -23.336763 36.882103 -246.592926
v -23.336170 37.778660 -228.457886
v -23.336170 38.051067 -222.950562
v -23.336170 38.374992 -216.409882
v -22.427761 41.851112 -216.582214
v -22.424801 41.545547 -222.769348
v -22.417694 41.287354 -227.979370
v -22.427168 40.359993 -246.736816
v -20.189898 36.522049 -246.575134
v -20.189306 37.419209 -228.440094
v -20.189306 37.691612 -222.932800
v -20.189306 38.014942 -216.392120
v -17.941376 40.929676 -227.737152
v -17.945520 39.991650 -246.708984
v -17.946114 41.482182 -216.563873
v -17.944336 41.182529 -222.629608
v -18.155746 35.443680 -246.521851
v -14.510855 37.838470 -246.596436
v -18.155746 36.340240 -228.386810
v -18.155155 36.612656 -222.879486
v -18.155155 36.936581 -216.338837
v -14.510262 38.783600 -227.496765
v -14.511447 39.329590 -216.457275
v -14.510855 39.032906 -222.450134
v 15.180649 -14.019063 -246.626678
v 15.180649 -19.460640 -246.626678
v 15.181244 -19.460642 -230.616974
v 15.181244 -14.019064 -230.616974
v 19.269680 -14.019064 -231.671631
v 19.269680 -19.460642 -231.671631
v 19.269680 -19.460640 -246.672241
v 19.269680 -14.019063 -246.672241
v 15.181244 -11.972476 -218.560089
v 15.181244 -16.594471 -221.250397
v 19.269089 -16.594471 -221.250397
v 19.269089 -11.972476 -218.560089
v 10.157154 -7.181703 -252.548492
v 10.157154 26.197918 -252.548492
v 14.246777 -19.460640 -255.439514
v 10.157154 -19.460640 -252.548492
v 14.246777 -14.019063 -255.439514
v 14.246777 26.197926 -255.439514
v 13.924629 -7.181703 -251.068054
v 13.924629 26.197918 -251.068054
v 18.014248 -19.460640 -253.959076
v 18.014248 -14.019063 -253.959076
v 13.924629 -19.460640 -251.068054
v 18.014248 26.197926 -253.959076
v 15.180649 -7.181703 -246.626678
v 15.180649 26.197918 -246.626678
v 19.269680 26.197918 -246.672241
v 15.181244 26.197914 -227.460602
v 15.181244 -7.181704 -227.460602
v 19.269680 26.197914 -223.000885
v 19.269089 26.197914 -216.451935
v 19.269089 -7.181710 -216.451935
v 19.269680 -7.181704 -223.000885
v 15.181244 26.197914 -216.451935
v 15.181244 -7.181710 -216.451935
v 10.157154 -14.019063 -252.548492
v 14.246777 -7.181703 -255.439514
v 13.924629 -14.019063 -251.068054
v 18.014248 -7.181703 -253.959076
v 19.269680 -7.181703 -246.672241
v 15.181244 -13.375360 -224.367645
v 15.181244 -7.181704 -222.428223
v 19.269680 -13.375360 -224.940277
v 19.269680 -19.107107 -226.031677
v 15.181244 -19.107107 -225.459045
v 15.181244 26.197914 -222.428223
v 19.269680 26.197914 -228.515289
v 19.269680 -7.181704 -228.515289
v 36.234566 41.255371 -228.630188
v 36.234566 37.778660 -228.457886
v 36.235153 36.882103 -246.592926
v 36.235153 40.358219 -246.764648
v 36.234566 38.051067 -222.950562
v 36.234566 41.527786 -223.122284
v 36.234566 38.374992 -216.409882
v 36.234566 41.851112 -216.581635
v 25.128155 37.778660 -228.457886
v 25.128746 36.882103 -246.592926
v 25.128155 38.051067 -222.950562
v 25.128155 38.374992 -216.409882
v 24.216782 41.545547 -222.769348
v 24.219746 41.851112 -216.581635
v 24.209679 41.287354 -227.979370
v 24.219151 40.359993 -246.736816
v 21.981289 37.419209 -228.440094
v 21.981880 36.522049 -246.575134
v 21.981289 37.691612 -222.932800
v 21.981289 38.014942 -216.392120
v 19.737503 39.991650 -246.708984
v 19.733356 40.929676 -227.737152
v 19.736320 41.182529 -222.629608
v 19.738098 41.482182 -216.563873
v 16.302837 37.838470 -246.596436
v 19.947727 35.443680 -246.521851
v 19.947727 36.340240 -228.386810
v 19.947140 36.612656 -222.879486
v 19.947140 36.936581 -216.338837
v 16.302246 38.783600 -227.496765
v 16.302837 39.032906 -222.450134
v 16.303432 39.329590 -216.457275
v 11.751312 38.776505 -316.761353
v 11.751312 38.776505 -350.705933
v 1.074831 38.776505 -350.705933
v 1.074831 38.776505 -316.761353
v 11.702162 31.631802 -350.652618
v 1.074238 31.631802 -350.652618
v 9.685778 27.845966 -322.552948
v 11.709860 32.494026 -316.826477
v 1.074238 32.494026 -316.826477
v 1.030416 27.846573 -322.552307
v -7.875435 27.845966 -322.552948
v -9.869318 32.494026 -316.826477
v -9.861620 31.631802 -350.652618
v -7.882542 26.993820 -346.731750
v 1.030416 26.993820 -346.731750
v 7.668798 19.701073 -329.744965
v 7.668798 18.956112 -342.186737
v 9.408041 22.153908 -345.965515
v 9.408041 23.006649 -325.211792
v 1.017389 23.006649 -325.211792
v 0.992517 19.701073 -329.744965
v -5.876815 19.701073 -329.744965
v -7.616058 23.006649 -325.211792
v -7.616058 22.153908 -345.965515
v -5.876815 18.956112 -342.186737
v 1.017389 22.153908 -345.965515
v 0.992517 18.956112 -342.186737
v 7.668798 7.218437 -341.986603
v 7.668798 8.071178 -335.729614
v 7.217556 -5.139851 -334.364624
v 7.217556 -5.992594 -339.598328
v 0.992517 8.071178 -335.729614
v -5.876815 8.071178 -335.729614
v -5.425570 -5.139851 -334.364624
v 0.986004 -5.139851 -334.364624
v -5.876815 7.218437 -341.986603
v -5.425570 -5.992594 -339.598328
v 0.992517 7.218437 -341.986603
v 0.986004 -5.992594 -339.598328
v 5.655373 -19.080448 -329.191864
v 5.655373 -16.840218 -327.653412
v 0.964092 -16.840218 -327.653412
v -3.863389 -19.080448 -329.191864
v -3.863389 -16.840218 -327.653412
v 0.964092 -19.080448 -329.191864
v 2.824736 -25.410301 -318.421234
v 2.824736 -23.169479 -316.882751
v 0.926785 -24.176191 -315.091370
v -1.029791 -25.410301 -318.421234
v -1.029791 -23.169479 -316.882751
v 0.926785 -26.417015 -316.629883
v 9.692883 26.993820 -346.731750
v -9.910770 38.776505 -350.705933
v -9.910770 38.776505 -316.761353
v 25.596573 -315.914398 1.253189
v 25.596573 -370.944275 -85.521294
v 25.596573 -276.526459 -127.369148
v 25.596573 -237.433472 -38.281593
v 10.274406 -315.914398 1.253189
v -8.482424 -315.914398 1.253189
v -8.482424 -370.944275 -85.521294
v 10.274406 -370.944275 -85.521294
v 7.093195 -224.732880 -9.326759
v -5.301211 -224.732880 -9.326759
v -5.301211 -298.341339 29.137352
v 7.093195 -298.341339 29.137352
v 7.093195 58.695179 -102.022453
v -5.301211 58.695179 -102.022453
v -5.301211 58.695179 -77.673042
v 7.093195 58.695179 -77.673042
v 10.274406 55.505100 -204.720764
v -8.482424 55.505100 -204.720764
v -8.482424 58.695194 -204.857544
v 10.274406 58.695194 -204.857544
v 25.596573 -102.075043 -86.036461
v 25.596573 -146.600754 -72.591530
v 25.596573 -174.814163 -166.946564
v 25.596573 -123.668427 -181.072510
v -15.425779 -144.746033 -65.273323
v -15.425779 -138.779175 -42.931412
v -15.425779 -95.257812 -53.221199
v -15.425779 -100.660309 -79.129829
v 7.093195 -95.257812 -53.221199
v -5.301211 -95.257812 -53.221199
v -5.301211 -138.779175 -42.931412
v 7.093195 -138.779175 -42.931412
v 10.274406 -219.462433 -150.611755
v -8.482424 -219.462433 -150.611755
v -8.482424 -174.814163 -166.946564
v 10.274406 -174.814163 -166.946564
v 10.274406 -123.668427 -181.072510
v -8.482424 -123.668427 -181.072510
v -8.482424 -57.524445 -194.840759
v 10.274406 -57.524445 -194.840759
v 25.596573 8.010164 -106.113853
v 25.596573 -44.543785 -97.381523
v 25.596573 -57.524445 -194.840759
v 25.596573 2.495165 -203.031860
v -15.425779 -43.694000 -91.003105
v -15.425779 -40.419224 -66.416222
v -15.425779 9.762434 -75.320900
v -15.425779 8.370802 -99.770973
v 7.093195 9.762434 -75.320900
v -5.301211 9.762434 -75.320900
v -5.301211 -40.419224 -66.416222
v 7.093195 -40.419224 -66.416222
v 25.596573 -219.462433 -150.611755
v 25.596573 -186.021255 -57.692177
v -15.425779 -234.817184 -32.317703
v -15.425779 -224.732880 -9.326759
v -15.425779 -176.993408 -28.620705
v -15.425779 -183.835510 -50.963791
v 7.093195 -176.993408 -28.620705
v -5.301211 -176.993408 -28.620705
v -8.482424 -276.526459 -127.369148
v 10.274406 -276.526459 -127.369148
v -8.482424 1.589718 -213.387390
v 10.274406 1.589718 -213.387390
v -15.425779 56.027981 -77.498344
v -15.425779 55.927898 -101.854881
v 7.093195 56.027981 -77.498344
v -5.301211 56.027981 -77.498344
v 17.217762 -234.817184 -32.317703
v 17.217762 -312.294373 6.996773
v -23.804588 -237.433472 -38.282181
v -23.804588 -315.914398 1.253189
v -15.425779 -312.294373 6.996773
v 7.093195 -312.294373 6.996773
v -5.301211 -312.294373 6.996773
v -8.482424 58.695179 -108.339287
v 10.274406 58.695179 -108.339287
v 17.217762 -43.694000 -91.003105
v 17.217762 -100.660309 -79.129829
v -23.804588 -44.543785 -97.381523
v -23.804588 -57.524445 -194.840759
v -23.804588 -123.668427 -181.072510
v -23.804588 -102.075043 -86.036461
v 17.217762 8.370802 -99.770973
v -23.804588 8.010164 -106.113853
v -23.804588 2.495165 -203.031860
v 17.217762 -144.746033 -65.273323
v 17.217762 -183.835510 -50.963203
v -23.804588 -146.600754 -72.591530
v -23.804588 -174.814163 -166.946564
v -23.804588 -219.462433 -150.612366
v -23.804588 -186.021255 -57.692177
v 25.596573 55.901836 -108.173470
v 25.596573 58.695179 -108.339287
v 17.217762 58.695179 -102.022453
v 17.217762 55.927898 -101.854881
v -23.804588 55.901836 -108.173470
v -15.425779 58.695179 -102.022453
v -23.804588 58.695179 -108.339287
v 17.217762 -40.419224 -66.416222
v 17.217762 -95.257812 -53.221199
v 17.217762 9.762434 -75.320900
v 17.217762 -138.779175 -42.931412
v 17.217762 -176.993408 -28.620705
v -23.804588 -276.526459 -127.369148
v 17.217762 -224.732880 -9.326759
v -15.425779 58.695179 -77.673042
v -8.482424 54.600246 -215.076294
v 10.274406 54.600246 -215.076294
v -23.804588 55.505100 -204.720764
v 17.217762 56.027981 -77.498344
v 25.596573 55.505100 -204.720764
v 17.217762 -298.341339 29.137352
v -15.425779 -298.341339 29.137352
v 17.217762 58.695179 -77.673042
v -23.804588 58.695194 -204.857544
v -23.804588 -370.944275 -85.521294
v 25.596573 58.695194 -204.857544
v -8.482424 2.495165 -203.031860
v 10.274406 2.495165 -203.031860
v 27.508141 -315.374329 2.100601
v 27.508141 -370.963226 -89.861992
v -25.716158 -370.963226 -89.861992
v -25.716158 -315.374329 2.100601
v -16.688908 -311.474213 8.288925
v 18.480892 -311.474792 8.288925
v -16.688908 -296.441620 32.143272
v 18.480892 -296.441620 32.143272
v 27.508141 -374.630615 -86.974510
v -25.716158 -374.630615 -86.974510
v -25.716158 -319.042328 4.987495
v 27.508141 -319.042328 4.987495
v -16.688908 -315.142181 11.175819
v 18.480892 -315.142181 11.175819
v -16.688908 -300.109009 35.030174
v 18.480892 -300.109009 35.030174
v -13.995655 40.937950 -85.051659
v -13.995655 17.619530 -83.208183
v -13.945319 17.135117 -97.167152
v -13.945319 40.694565 -99.015938
v -18.792936 17.135117 -97.167152
v -18.742601 17.641441 -82.562706
v -18.742601 40.949200 -84.405586
v -18.792936 40.693966 -99.015938
v -8.542827 41.121529 -72.333916
v -8.150801 18.024582 -70.527168
v 0.895992 18.055969 -70.617760
v 0.895992 41.157650 -72.455315
v -4.590000 17.918583 -75.681541
v 0.895992 17.884827 -75.559532
v 0.895992 41.071785 -77.399467
v -4.982024 41.104946 -77.489464
v 0.895992 56.511196 -72.455315
v 0.895992 56.424740 -77.399467
v -4.982024 56.457905 -77.489464
v -8.542827 56.475071 -72.333916
v -18.792936 56.047520 -99.015938
v -18.742601 56.302746 -84.405571
v -13.995655 56.291492 -85.051643
v -13.945319 56.047520 -99.015938
v -15.977695 41.108505 -75.269966
v -15.977695 17.958252 -73.431236
v -11.859056 17.811993 -77.644615
v -11.859056 41.035065 -79.485130
v -11.859056 56.388622 -79.485130
v -15.977695 56.462048 -75.269966
v -13.945319 47.775303 -99.015938
v -13.995655 48.019276 -85.051643
v -18.792936 47.775303 -99.015938
v -18.742601 48.030537 -84.405571
v -15.977695 48.189831 -75.269966
v -11.859056 48.116405 -79.485130
v -8.542827 48.202854 -72.333916
v 0.895992 48.238979 -72.455315
v 0.895992 48.153111 -77.399467
v -4.982024 48.186275 -77.489464
v 15.787640 40.937950 -85.051659
v 15.737301 40.694565 -99.015938
v 15.737301 17.135117 -97.167152
v 15.787640 17.619530 -83.208183
v 20.584919 17.135117 -97.167152
v 20.584919 40.694565 -99.015938
v 20.534584 40.949200 -84.405586
v 20.534584 17.641441 -82.562706
v 10.334808 41.121529 -72.333916
v 9.942783 18.024582 -70.527168
v 6.381981 17.918583 -75.681541
v 6.774008 41.104946 -77.489464
v 10.334808 56.475071 -72.333916
v 6.774008 56.457905 -77.489464
v 20.584919 56.047520 -99.015938
v 15.737301 56.047520 -99.015938
v 15.787640 56.291492 -85.051643
v 20.534584 56.302746 -84.405571
v 17.769680 41.108505 -75.269966
v 17.769680 17.958252 -73.431236
v 13.651039 17.811993 -77.644615
v 13.651039 41.035065 -79.485130
v 13.651039 56.388622 -79.485130
v 17.769680 56.462048 -75.269966
v 15.737301 47.775303 -99.015938
v 15.787640 48.019276 -85.051643
v 20.584919 47.775303 -99.015938
v 20.534584 48.030537 -84.405571
v 17.769680 48.189831 -75.269966
v 13.651039 48.116405 -79.485130
v 10.334808 48.202854 -72.333916
v 6.774008 48.186275 -77.489464
v 33.838589 134.715561 148.746674
v 32.018211 170.260239 148.850311
v 33.838589 170.133514 164.266022
v 33.838589 134.591202 169.586792
v -32.046600 170.133514 164.266022
v -30.226231 170.260239 148.849701
v -32.046013 134.715561 148.746078
v -32.046600 134.591202 169.586792
v 0.895992 134.591202 169.586792
v 0.895992 134.715561 148.746674
v 33.838589 166.229782 364.714935
v 28.822788 177.824768 364.714935
v 13.775398 186.872742 364.714935
v 0.895992 189.409058 364.714935
v 0.895992 133.290146 364.714935
v 33.838589 133.290146 364.714935
v 13.775398 189.480713 354.646606
v 0.895992 192.017029 354.646606
v 13.775398 192.958054 148.891754
v 28.822788 183.910080 148.881104
v 0.895992 195.494370 148.891754
v 33.838589 139.652008 174.436783
v 33.838589 169.797134 176.495239
v -32.046600 139.652008 174.436783
v -32.046600 169.797134 176.495239
v 0.895992 139.652008 174.436783
v 13.775398 192.691559 162.156082
v 0.895992 195.227905 162.156082
v 13.775398 192.257492 191.694199
v 13.775398 192.467133 177.445679
v 0.895992 195.003448 177.445679
v 0.895992 194.793808 191.694199
v 33.838589 169.913208 188.355484
v 33.838589 169.092422 208.692261
v 33.838589 142.887100 212.861816
v 33.838589 142.651428 181.593933
v -32.046600 169.913208 188.355484
v -32.046600 142.651428 181.593933
v -32.046600 142.887100 212.861816
v -32.046600 169.092422 208.692261
v 0.895992 142.887100 212.861816
v 0.895992 142.651428 181.593933
v 0.895992 194.180298 206.534332
v 13.775398 191.643967 206.534332
v 33.838589 168.862656 222.535736
v 33.838589 140.652191 221.153564
v -32.046600 168.862656 222.535736
v -32.046600 140.652191 221.153564
v 0.895992 140.652191 221.153564
v 13.775398 191.481705 244.461365
v 13.775398 191.546265 223.212616
v 0.895992 194.082596 223.212616
v 0.895992 194.018051 244.461365
v 33.838589 134.200363 227.381561
v 33.838589 169.505188 239.719727
v 33.838589 168.576019 264.501434
v 33.838589 133.854523 276.870361
v -32.046600 168.576019 264.501434
v -32.046600 169.505188 239.719727
v -32.046600 134.200363 227.381561
v -32.046600 133.854523 276.870361
v 0.895992 133.854523 276.870361
v 0.895992 134.200363 227.381561
v 0.895992 193.065216 259.684601
v 13.775398 190.528870 259.684601
v 33.838589 167.775986 281.657623
v 33.838589 139.753265 283.233398
v -32.046600 139.753265 283.233398
v -32.046600 167.775986 281.657623
v 0.895992 139.753265 283.233398
v 13.775398 190.424057 300.192352
v 13.775398 190.455444 280.881836
v 0.895992 192.991776 280.881836
v 0.895992 192.960388 300.192352
v 33.838589 167.915146 297.746033
v 33.838589 166.906662 315.282379
v 33.838589 141.259750 316.313385
v 33.838589 141.346817 292.951111
v -32.046600 167.915146 297.745453
v -32.046600 141.346817 292.950531
v -32.046600 141.259750 316.313385
v -32.046600 166.906662 315.282379
v 0.895992 141.259750 316.313385
v 0.895992 141.346817 292.951111
v 0.895992 192.131927 314.734039
v 13.775398 189.595581 314.734039
v 33.838589 166.899536 329.231262
v 33.838589 140.032181 326.376953
v -32.046600 166.899536 329.231262
v -32.046600 140.032181 326.376953
v 0.895992 140.032181 326.376953
v 13.775398 189.531052 330.685059
v 0.895992 192.067368 330.685059
v 33.838589 167.948303 348.662018
v 33.838589 133.474319 332.958466
v -32.046600 167.948303 348.662018
v -32.046600 133.474319 332.958466
v -32.046600 133.290146 364.714935
v -32.046600 166.229782 364.714935
v 0.895992 133.474319 332.958466
v -11.983414 186.872742 364.714935
v -27.030806 177.824768 364.714935
v -11.983414 189.480713 354.646606
v -27.030806 183.910080 148.881104
v -11.983414 192.958054 148.891144
v -11.983414 192.691559 162.156082
v -11.983414 192.467133 177.445679
v -11.983414 192.257492 191.694199
v -11.983414 191.643967 206.534332
v -11.983414 191.546265 223.212616
v -11.983414 191.481705 244.461365
v -11.983414 190.528870 259.684601
v -11.983414 190.455444 280.881836
v -11.983414 190.424057 300.192352
v -11.983414 189.595581 314.734039
v -11.983414 189.531052 330.685059
v 28.822788 183.678528 162.683716
v -27.030806 180.724075 353.150146
v -27.030806 183.678528 162.683716
v 28.822788 180.724075 353.150726
v 28.822788 183.426270 177.208221
v -27.030806 183.298340 190.859818
v -27.030806 183.426270 177.208221
v 28.822788 183.298340 190.859818
v 28.822788 182.632706 207.073822
v -27.030806 182.632706 207.073822
v 28.822788 182.501831 223.043243
v -27.030806 182.614365 243.276398
v -27.030806 182.501831 223.043243
v 28.822788 182.614365 243.276398
v 28.822788 181.667435 260.889099
v -27.030806 181.667435 260.889099
v 28.822788 181.412216 281.075500
v -27.030806 181.423462 299.580658
v -27.030806 181.412216 281.075500
v 28.822788 181.423462 299.580658
v 28.822788 180.549973 314.871429
v -27.030806 180.549973 314.871429
v 28.822788 180.499649 330.321503
v -27.030806 180.499649 330.321503
v 30.611774 135.867935 362.808105
v 34.856552 135.867935 362.946655
v 30.611774 135.651199 362.946655
v 27.309761 135.707443 362.844208
v 34.606056 143.153564 362.946655
v 30.392670 143.249512 362.808105
v -28.819201 135.651199 362.946655
v -33.064568 135.867935 362.946655
v -28.819201 135.867935 362.808105
v -25.517776 135.707443 362.843628
v -28.819201 135.651199 364.188446
v -33.064568 135.867935 364.188446
v 17.876270 135.578934 362.946655
v 17.876270 135.651199 362.808105
v 30.611774 135.651199 364.188446
v 17.876270 135.578934 364.188446
v 0.895992 135.651199 362.808105
v 0.895992 135.578934 362.946655
v 27.309761 135.707443 373.255981
v 30.611774 135.867935 373.698334
v 17.876270 135.867935 374.266846
v 17.876270 135.651199 373.698334
v 30.392670 143.249512 373.698334
v 17.751320 143.536133 374.266846
v 0.895992 135.651199 373.698334
v 0.895992 135.867935 374.266846
v 29.109402 181.403931 371.991669
v 16.874889 190.424057 371.991669
v 17.000431 183.316086 373.698334
v 26.141380 176.597763 373.255981
v 29.109402 181.403931 369.501526
v 16.874889 190.424057 369.501526
v 0.895992 191.954254 371.991669
v 0.895992 191.954254 369.501526
v 0.895992 184.655014 373.698334
v 26.141380 176.597763 362.844208
v 30.505184 166.500412 362.808105
v 17.375874 164.897980 362.761292
v 17.000431 183.316086 362.808105
v 17.751320 143.536133 362.761292
v 0.895992 143.727402 362.761292
v 0.895992 165.663071 362.761292
v 0.895992 184.655014 362.808105
v 34.606056 143.153564 364.188446
v 34.856552 135.867935 364.188446
v -28.819201 135.867935 373.698334
v -28.600685 143.249512 373.698334
v -32.814072 143.153564 371.991669
v -33.064568 135.867935 371.991669
v -32.814072 143.153564 369.500946
v -33.064568 135.867935 369.500946
v 0.895992 143.727402 374.266846
v 17.876270 135.867935 362.761292
v 0.895992 135.867935 362.761292
v 34.731007 166.117859 362.946655
v 29.109402 181.403931 362.946655
v 29.109402 181.403931 364.188446
v 34.731007 166.117859 364.188446
v -28.656942 166.500412 373.698334
v -32.882767 166.117859 371.991669
v -24.349396 176.597763 373.255981
v -27.317423 181.403931 371.991669
v -32.882767 166.117859 369.500946
v -27.317423 181.403931 369.500946
v 30.505184 166.500412 373.698334
v 17.375874 164.897980 374.266846
v 0.895992 165.663071 374.266846
v 0.895992 135.578934 364.188446
v 16.874889 190.424057 362.946655
v 0.895992 191.954254 362.946655
v 0.895992 191.954254 364.188446
v 16.874889 190.424057 364.188446
v -32.814072 143.153564 362.946655
v -28.600685 143.249512 362.808105
v -24.349396 176.597763 362.843628
v -28.656942 166.500412 362.808105
v -32.882767 166.117859 362.946655
v -27.317423 181.403931 362.946655
v -32.814072 143.153564 364.188446
v -32.882767 166.117859 364.188446
v -27.317423 181.403931 364.188446
v 30.611774 135.651199 366.579681
v 34.856552 135.867935 366.579681
v 34.856552 135.867935 369.501526
v 30.611774 135.651199 369.501526
v -28.819201 135.651199 366.579681
v -33.064568 135.867935 366.579681
v -28.819201 135.651199 369.500946
v 17.876270 135.578934 366.579681
v 17.876270 135.578934 369.501526
v 0.895992 135.578934 366.579681
v 0.895992 135.578934 369.501526
v 34.606056 143.153564 366.579681
v 34.606056 143.153564 369.501526
v 29.109402 181.403931 366.579681
v 34.731007 166.117859 366.579681
v 34.731007 166.117859 369.501526
v 16.874889 190.424057 366.579681
v 0.895992 191.954254 366.579681
v -32.814072 143.153564 366.579681
v -27.317423 181.403931 366.579681
v -32.882767 166.117859 366.579681
v 30.611774 135.651199 371.991669
v 34.856552 135.867935 371.991669
v -28.819201 135.651199 371.991669
v -25.517776 135.707443 373.255981
v 17.876270 135.578934 371.991669
v 0.895992 135.578934 371.991669
v 34.606056 143.153564 371.991669
v 34.731007 166.117859 371.991669
v -16.084288 135.651199 362.808105
v -16.084288 135.578934 362.946655
v -16.084288 135.651199 373.698334
v -16.084288 135.867935 374.266846
v -15.082905 190.424057 369.501526
v -15.082905 190.424057 371.991669
v -15.207855 183.316086 373.698334
v -15.959336 143.536133 362.761292
v -15.978879 167.647476 362.761292
v -15.207855 183.316086 362.808105
v -15.959336 143.536133 374.266846
v -16.084288 135.867935 362.761292
v -15.583892 164.897980 374.266846
v -16.084288 135.578934 364.188446
v -15.082905 190.424057 362.946655
v -15.082905 190.424057 364.188446
v -16.084288 135.578934 369.501526
v -16.084288 135.578934 366.579681
v -15.082905 190.424057 366.579681
v -16.084288 135.578934 371.991669
v -32.087463 136.973557 153.201080
v -27.964680 136.733139 153.201080
v -27.977116 140.645706 153.376358
v -32.101677 140.595963 153.201080
v 29.769100 140.645706 153.376358
v 29.756664 136.733139 153.201080
v 33.879436 136.965271 153.201080
v 33.893658 140.595963 153.201080
v 29.756664 136.733139 150.610275
v 33.879436 136.965271 150.610275
v -15.595736 136.655563 153.201080
v -27.964680 136.733139 150.610275
v -15.595736 136.655563 150.610275
v 0.895992 136.655563 153.201080
v 0.895992 140.893829 153.434387
v -15.602842 140.794342 153.434387
v -27.977116 140.645706 135.913452
v -15.602842 140.794342 135.835876
v -15.595736 136.655563 136.145599
v -27.964680 136.733139 136.145599
v -25.927567 185.931793 138.160187
v -14.228383 193.663345 138.448013
v -14.406038 189.271698 136.489044
v -23.184570 183.963364 136.868652
v -25.927567 186.821838 141.414856
v -14.228383 194.680115 141.846542
v 0.895992 196.666306 138.448013
v 0.895992 197.683685 141.846542
v 0.895992 191.998703 136.489044
v -23.184570 185.099777 153.330765
v -26.817619 175.556732 153.376358
v -14.940188 178.405731 153.434387
v -14.406038 190.954102 153.376358
v -27.739649 162.931366 153.376358
v -15.467232 164.389923 153.434387
v 0.895992 165.362274 153.434387
v 0.895992 180.305450 153.434387
v 0.895992 193.681122 153.376358
v -32.101677 140.595963 150.610275
v -32.087463 136.965271 150.610275
v 33.893658 140.595963 138.392944
v 33.879436 136.965271 138.392944
v 33.879436 136.965271 136.145599
v 33.893658 140.595963 136.145599
v 0.895992 140.893829 135.835876
v 0.895992 136.655563 136.145599
v -28.013830 149.924652 153.376358
v -32.143723 149.725647 153.201080
v -31.830456 162.445190 153.201080
v 29.769100 140.645706 135.913452
v 29.805813 149.924652 135.913452
v 33.936298 149.725647 136.145599
v 29.531631 162.435104 135.985107
v 33.622437 162.040710 136.433395
v 33.936298 149.725647 138.392944
v 33.622437 162.168030 138.824631
v -28.013830 149.924652 135.913452
v -15.624161 150.521561 135.835876
v -27.739649 162.435104 135.985107
v -15.467232 163.862869 135.835876
v 0.895992 150.919510 135.835876
v 0.895992 164.835236 135.835876
v 0.895992 136.655563 150.610275
v -25.927567 187.000687 153.201080
v -14.228383 195.136703 153.201080
v 0.895992 198.139664 153.201080
v 0.895992 197.858368 151.185867
v -14.228383 194.854813 151.185867
v -30.776367 174.606873 153.201080
v -25.927567 186.754333 151.114212
v -30.776367 174.465927 150.898071
v -31.830456 162.409653 150.682526
v 27.719551 187.001266 153.201080
v 24.976555 185.099777 153.330765
v 28.609600 175.556732 153.376358
v 32.568352 174.606873 153.201080
v 29.531631 162.931366 153.376358
v 33.622437 162.445190 153.201080
v 32.568352 174.465927 150.898071
v 33.622437 162.409653 150.682526
v 33.893658 140.595963 150.610275
v 27.719551 186.754333 151.114212
v -27.964680 136.733139 144.516098
v -32.087463 136.965271 144.516098
v -32.087463 136.965271 138.392944
v -27.964680 136.733139 138.392944
v 29.756664 136.733139 144.516098
v 33.879436 136.965271 144.516098
v 29.756664 136.733139 138.392944
v -15.595736 136.655563 144.516098
v -15.595736 136.655563 138.392944
v 0.895992 136.655563 144.516098
v 0.895992 136.655563 138.392944
v -32.101677 140.595963 144.516098
v -32.101677 140.595963 138.392944
v -25.927567 186.893494 146.530731
v -30.776367 174.921326 145.667297
v -30.776367 175.258865 140.119736
v -31.830456 162.304245 144.803925
v -31.830456 162.168030 138.824631
v -14.228383 194.887970 146.817932
v 0.895992 197.890945 146.817932
v 33.893658 140.595963 144.516098
v 27.719551 186.821838 141.414856
v 27.719551 186.893494 146.530731
v 32.568352 174.921326 145.667297
v 32.568352 175.258865 140.119736
v 33.622437 162.304245 144.803925
v -32.087463 136.965271 136.145599
v 29.756664 136.733139 136.145599
v -32.101677 140.595963 136.145599
v -30.776367 174.750183 137.296799
v -26.817619 175.332291 136.201248
v -31.830456 162.040710 136.433395
v 17.394825 140.794342 153.434387
v 17.387718 136.655563 153.201080
v 16.020367 194.680115 141.846542
v 16.020367 193.663345 138.448013
v 27.719551 185.931793 138.160187
v 16.198025 189.271698 136.489044
v 24.976555 183.963364 136.868652
v 17.416145 150.521561 153.434387
v 0.895992 150.919510 153.434387
v 29.805813 149.924652 153.376358
v 17.259216 164.389923 153.434387
v 17.394825 140.794342 135.835876
v 17.387718 136.655563 136.145599
v 16.732174 178.058701 135.835876
v 0.895992 179.958420 135.835876
v 28.609600 175.332291 136.201248
v 17.259216 163.862869 135.835876
v 17.387718 136.655563 150.610275
v 16.198025 190.954102 153.376358
v 16.020367 195.136703 153.201080
v 16.020367 194.854813 151.185867
v 17.387718 136.655563 138.392944
v 17.387718 136.655563 144.516098
v 16.020367 194.887970 146.817932
v -15.624161 150.521561 153.434387
v 32.568352 174.750183 137.296799
v -14.940188 178.058701 135.835876
v -32.143723 149.725647 150.610275
v 33.935703 149.725647 153.201080
v 33.935703 149.725647 150.610275
v -32.143723 149.725647 138.392944
v -32.143723 149.725647 144.516098
v 33.935703 149.725647 144.516098
v -32.143723 149.725647 136.145599
v 16.732174 178.405731 153.434387
v 17.416145 150.521561 135.835876
v -28.819794 133.729553 363.124908
v -25.517776 133.664993 362.843628
v -28.819794 133.480835 362.808105
v -33.064568 133.480835 363.124908
v -28.921057 128.659866 362.808105
v -33.180634 128.716125 363.124908
v 30.611774 133.480835 362.808105
v 27.309761 133.664993 362.844208
v 30.611774 133.729553 363.124908
v 34.856552 133.480835 363.124908
v -16.084288 133.812454 363.124908
v -16.084288 133.729553 362.808105
v 0.895992 133.812454 363.124908
v 0.895992 133.729553 362.808105
v -25.517776 133.664993 375.819550
v -28.819794 133.480835 376.592346
v -16.084288 133.480835 377.586639
v -16.084288 133.729553 376.592346
v -16.142321 128.490509 377.586639
v -28.921057 128.659866 376.592346
v 0.895992 133.729553 376.592346
v 0.895992 133.480835 377.586639
v -26.003958 72.583603 373.610687
v -14.129488 64.662567 373.610687
v -14.432095 69.507812 376.592346
v -23.417892 74.870041 375.819550
v -26.003958 72.380493 369.855072
v -14.129488 63.851269 369.855072
v 0.895992 61.841984 373.610687
v 0.895992 60.625652 369.855072
v 0.895992 67.265213 376.592346
v -23.417892 74.149948 362.843628
v -27.516396 83.999130 362.808105
v -15.339320 80.801941 362.761292
v -14.432095 67.886414 362.808105
v -29.002186 99.708603 362.808105
v -16.189104 98.064102 362.761292
v 0.895992 96.967377 362.761292
v 0.895992 78.670670 362.761292
v 0.895992 64.833115 362.808105
v 30.713039 128.659866 376.592346
v 34.972618 128.716125 373.610687
v 34.856552 133.480835 373.610687
v 30.611774 133.480835 376.592346
v 34.972618 128.716125 369.855072
v 34.856552 133.480835 369.855072
v 0.895992 128.377991 377.586639
v -16.084288 133.480835 362.761292
v 0.895992 133.480835 362.761292
v 0.895992 128.377991 362.761292
v -16.142321 128.490509 362.761292
v -29.226624 116.083664 362.808105
v -33.529430 116.309280 363.124908
v -33.273605 100.256958 363.124908
v 31.018616 116.083664 376.592346
v 35.321415 116.309280 373.610687
v 30.794167 99.776108 376.592346
v 35.065590 100.256958 373.610687
v 35.321415 116.309280 369.855072
v 35.065590 100.256958 369.855072
v -29.226624 116.083664 376.592346
v -16.317017 115.407379 377.586639
v -29.002186 99.776108 376.592346
v -16.189104 98.334137 377.586639
v 0.895992 114.956741 377.586639
v 0.895992 97.373016 377.586639
v -28.819794 133.729553 364.178406
v -33.064568 133.480835 364.178406
v 30.611774 133.729553 364.178406
v 34.856552 133.480835 364.178406
v -16.084288 133.812454 364.178406
v 0.895992 133.812454 364.178406
v -14.129488 63.581242 363.124908
v -26.003958 72.312988 363.124908
v 0.895992 60.220585 363.124908
v -33.180634 128.716125 364.178406
v 34.972618 128.716125 363.124908
v 30.713039 128.659866 362.808105
v -31.575224 85.065063 363.124908
v -26.003958 72.312988 364.178406
v -31.575224 85.065063 364.178406
v -33.273605 100.256958 364.178406
v 29.308380 83.999130 362.808105
v 33.367210 85.065063 363.124908
v 27.795944 72.312988 363.124908
v 25.210468 74.149948 362.844208
v 30.794167 99.708603 362.808105
v 35.065590 100.256958 363.124908
v -14.129488 63.581242 364.178406
v 0.895992 60.220585 364.178406
v 34.972618 128.716125 364.178406
v 33.367210 85.065063 364.178406
v 27.795944 72.312988 364.178406
v 35.065590 100.256958 364.178406
v -28.819794 133.729553 366.538849
v -33.064568 133.480835 366.538849
v -33.064568 133.480835 369.855072
v -28.819794 133.729553 369.855072
v 30.611187 133.729553 366.538849
v 34.856552 133.480835 366.538849
v 30.611187 133.729553 369.855072
v -16.084288 133.812454 366.538849
v -16.084288 133.812454 369.855072
v 0.895992 133.812454 366.538849
v 0.895992 133.812454 369.855072
v -33.180634 128.716125 366.538849
v -33.180634 128.716125 369.855072
v -26.003958 72.312988 366.538849
v -31.575224 85.065063 366.538849
v -31.575224 85.065063 369.855072
v -33.273605 100.256958 366.538849
v -33.273605 100.256958 369.855072
v -14.129488 63.581242 366.538849
v 0.895992 60.220585 366.538849
v 34.972618 128.716125 366.538849
v 27.795944 72.312988 366.538849
v 33.367210 85.065063 366.538849
v 33.367210 85.065063 369.855072
v 27.795944 72.380493 369.855072
v 35.065590 100.256958 366.538849
v -28.819794 133.729553 373.610687
v -33.064568 133.480835 373.610687
v 30.611187 133.729553 373.610687
v 27.309761 133.664993 375.819550
v -16.084288 133.812454 373.610687
v 0.895992 133.812454 373.610687
v -33.180634 128.716125 373.610687
v -31.575224 85.065063 373.610687
v -27.516396 84.269180 376.592346
v -33.273605 100.256958 373.610687
v 17.876270 133.812454 363.124908
v 17.876270 133.729553 362.808105
v 17.876270 133.729553 376.592346
v 17.876270 133.480835 377.586639
v 15.921474 63.851864 369.855072
v 15.921474 64.662567 373.610687
v 27.795944 72.583603 373.610687
v 16.224079 69.507812 376.592346
v 25.210468 74.870041 375.819550
v 17.934307 128.490509 362.761292
v 18.109001 115.407379 362.761292
v 0.895992 114.956741 362.761292
v 31.018616 116.083664 362.808105
v 17.981087 98.064102 362.761292
v 17.934307 128.490509 377.586639
v 17.876270 133.480835 362.761292
v 17.131306 81.883270 377.586639
v 0.895992 80.292068 377.586639
v 29.308380 84.269180 376.592346
v 17.981087 98.334137 377.586639
v 17.876270 133.812454 364.178406
v 15.921474 63.581242 363.124908
v 16.224079 67.886414 362.808105
v 15.921474 63.581242 364.178406
v 17.876270 133.812454 369.855072
v 17.876270 133.812454 366.538849
v 15.921474 63.581242 366.538849
v 17.876270 133.812454 373.610687
v -16.317017 115.407379 362.761292
v 33.367210 85.065063 373.610687
v -15.339320 81.883270 377.586639
v -33.529430 116.309280 364.178406
v 35.321415 116.309280 363.124908
v 35.321415 116.309280 364.178406
v -33.529430 116.309280 369.855072
v -33.529430 116.309280 366.538849
v 35.321415 116.309280 366.538849
v -33.529430 116.309280 373.610687
v 17.131306 80.801941 362.761292
v 18.109001 115.407379 377.586639
v 32.407875 155.469833 -14.206322
v 32.407875 183.955078 -14.206322
v 32.407875 183.955078 26.325111
v 32.407875 147.566559 33.556858
v -30.615887 183.955078 26.325111
v -30.615887 183.955078 -14.206322
v -30.615887 155.469833 -14.206322
v -30.615887 147.566559 33.556858
v 20.551167 155.469833 -14.206322
v 20.551167 147.566559 33.556858
v -18.759182 147.566559 33.556858
v -18.759182 155.469833 -14.206322
v 20.551167 183.955078 127.872200
v -18.759182 183.955078 127.872200
v -18.759182 147.566559 127.872200
v 20.551167 147.566559 127.872200
v 20.551167 183.955078 26.325111
v -18.759182 183.955078 26.325111
v -18.759182 183.955078 89.181282
v 20.551167 183.955078 89.181282
v -18.759182 183.955078 -14.206322
v 20.551167 183.955078 -14.206322
v 20.551167 123.138367 127.872200
v -18.759182 123.138367 127.872200
v -18.759182 123.138367 94.099365
v 20.551167 123.138367 94.099365
v 32.407875 123.138382 33.556854
v 32.407875 147.566559 94.099365
v 32.407875 123.138367 94.099365
v -30.615887 123.138367 127.872200
v -30.615887 147.566559 127.872200
v -30.615887 147.566559 94.099365
v -30.615887 123.138367 94.099365
v 20.551167 123.138382 33.556854
v -18.759182 123.138382 33.556854
v -19.221085 195.592072 43.743610
v -30.615887 195.592072 43.743610
v -30.615887 195.592072 95.418762
v -19.221085 195.592072 95.418762
v 21.013069 206.588348 118.786911
v 32.407875 206.588348 118.786911
v 32.407875 206.588348 106.831909
v 21.013069 206.588348 106.831909
v -30.615887 183.955078 89.181282
v -19.221085 195.592072 127.872200
v 32.407875 195.592072 95.418762
v 32.407875 195.592072 127.872200
v 32.407875 183.955078 127.872200
v 32.407875 183.955078 89.181282
v 32.407875 147.566559 127.872200
v -30.615887 183.955078 127.872200
v 32.407875 123.138367 127.872200
v -30.615887 123.138382 33.556854
v -30.615887 206.588348 118.786911
v -19.221085 206.588348 118.786911
v -19.221085 206.588348 106.831909
v -30.615887 206.588348 106.831909
v 32.407875 195.592072 43.743610
v 21.013069 195.592072 43.743610
v 21.013069 195.592072 95.418762
v -30.615887 195.592072 127.872200
v 21.013069 195.592072 127.872200
v 31.423073 122.360840 -12.590843
v 31.423073 158.873734 -12.590843
v 31.423073 148.615311 32.511063
v 31.423073 122.360840 32.511059
v 16.336594 122.360840 32.511059
v 0.895992 122.360840 32.511059
v 0.895992 122.360840 -12.590843
v 16.336594 122.360840 -12.590843
v 11.497265 183.040741 122.301521
v 0.895992 183.040741 122.301521
v 0.895992 148.672745 122.301521
v 11.854944 148.672745 122.301521
v 15.484440 158.873734 -12.590843
v 0.895992 158.873734 -12.590843
v 12.432325 122.360840 122.301521
v 19.654598 122.360840 122.301521
v 19.654598 148.672745 122.301521
v 19.654598 183.040741 122.301521
v 19.654598 203.930618 122.301529
v 11.497265 203.930618 122.301529
v 19.654598 171.423874 -12.590843
v 19.654598 158.873734 -12.590843
v 14.956806 171.423874 -12.590843
v 14.956806 174.914215 32.511063
v 0.895992 171.423874 -12.590843
v 0.895992 174.914215 32.511063
v 19.654598 179.211105 56.604065
v 19.654598 174.914215 32.511063
v 19.654598 196.700073 32.511063
v 19.654598 203.497742 56.604065
v 14.956806 196.700073 32.511063
v 12.813101 203.497742 56.604065
v 12.813101 179.211105 56.604065
v 19.654598 122.360840 32.511059
v 19.654598 122.360840 56.604057
v 13.921665 122.360840 56.604057
v 19.654598 148.615311 32.511063
v 19.654598 148.645508 56.604061
v 19.654598 181.324020 72.425438
v 19.654598 210.567810 72.425438
v 19.654598 206.930634 88.646538
v 19.654598 182.643997 88.646538
v 12.373106 210.567810 72.425438
v 11.497265 206.930634 88.646538
v 12.373106 181.324020 72.425438
v 11.497265 182.643997 88.646538
v 0.895992 122.360840 72.425438
v 13.424234 122.360840 72.425438
v 12.432325 122.360840 88.646538
v 0.895992 122.360840 88.646538
v 19.654598 122.360840 88.646538
v 19.654598 122.360840 72.425438
v 19.654598 148.669785 88.646538
v 19.654598 148.695251 72.425438
v 0.895992 122.360840 56.604057
v 0.895992 122.360840 122.301521
v 19.654598 122.360840 -12.590843
v 19.654598 192.940887 -12.590843
v 14.956806 192.940887 -12.590843
v 0.895992 179.211105 56.604065
v 0.895992 181.324020 72.425438
v 0.895992 182.643997 88.646538
v -29.631084 148.615311 32.511063
v -29.631084 158.873734 -12.590843
v -29.631084 122.360840 -12.590843
v -29.631084 122.360840 32.511059
v -14.544609 122.360840 32.511059
v -14.544609 122.360840 -12.590843
v -9.705283 183.040741 122.301521
v -10.062963 148.672745 122.301521
v -13.692457 158.873734 -12.590843
v -10.640342 122.360840 122.301521
v -17.863207 148.672745 122.301521
v -17.863207 122.360245 122.301521
v -9.705283 203.930618 122.301529
v -17.863207 203.930618 122.301529
v -17.863207 183.040741 122.301521
v -17.862616 171.423874 -12.590843
v -13.164822 171.423874 -12.590843
v -17.862616 158.873734 -12.590843
v -13.164822 174.914215 32.511063
v -17.862616 179.211105 56.604065
v -17.862616 203.497742 56.604065
v -17.862616 196.700073 32.511063
v -17.862616 174.914215 32.511063
v -11.021115 203.497742 56.604065
v -13.164822 196.700073 32.511063
v -11.021115 179.211105 56.604065
v -17.862616 122.360840 56.604057
v -17.862616 122.360840 32.511059
v -12.129684 122.360840 56.604057
v -17.862616 148.645508 56.604061
v -17.862616 148.615311 32.511063
v -17.863207 206.930634 88.646538
v -17.863207 210.567810 72.425438
v -17.863207 181.324020 72.425438
v -17.863207 182.643997 88.646538
v -10.581123 210.567810 72.425438
v -9.705283 206.930634 88.646538
v -9.705283 182.643997 88.646538
v -10.581123 181.324020 72.425438
v -10.640342 122.360840 88.646538
v -11.632250 122.360840 72.425438
v -17.862616 122.360840 88.646538
v -17.862616 122.360840 72.425438
v -17.862616 148.669785 88.646538
v -17.862616 148.695251 72.425438
v -17.862616 122.360840 -12.590843
v -17.862616 192.940887 -12.590843
v -13.164822 192.940887 -12.590843
v 21.278366 202.004257 -28.483284
v 21.278366 207.024796 -28.483284
v 21.278366 207.024796 -23.313515
v 21.278366 202.004257 -23.313515
v -19.486383 207.024796 -28.483284
v -19.486383 202.004257 -28.483284
v -19.486383 202.004257 -23.313515
v -19.486383 207.024796 -23.313515
v 4.202154 200.716263 -23.313515
v 0.895992 200.716263 -23.313515
v 0.895992 200.716263 -28.483284
v 4.202154 200.716263 -28.483284
v 3.755648 196.483902 115.720001
v 3.755648 201.504456 115.720001
v 0.894808 199.171829 115.720001
v 0.894808 196.483902 115.720001
v 3.610563 208.966568 -23.313515
v 0.895992 206.633362 -23.313515
v 4.202154 202.004257 -28.483284
v 0.895992 202.004257 -28.483284
v 0.895992 206.633362 -28.483284
v 3.610563 208.966568 -28.483284
v 13.731575 207.024796 -23.313515
v 12.000622 201.504456 115.720001
v 12.000622 196.483902 115.720001
v 13.731575 202.004257 -23.313515
v -11.939592 202.004257 -23.313515
v -10.211008 196.483902 115.720001
v -10.211008 201.504456 115.720001
v -11.939592 207.024796 -23.313515
v 0.895992 202.004257 -23.313515
v 4.202154 202.004257 -23.313515
v 13.731575 214.158813 -24.859711
v 17.390678 214.158813 -24.859711
v 17.390678 214.158813 -28.483284
v 13.731575 214.158813 -28.483284
v 13.731575 200.716263 -28.483284
v 21.278366 200.716263 -28.483284
v 21.278366 200.716263 -23.313515
v 13.731575 200.716263 -23.313515
v -11.939592 200.716263 -23.313515
v -19.486383 200.716263 -23.313515
v -19.486383 200.716263 -28.483284
v -11.939592 200.716263 -28.483284
v -11.939592 214.158813 -28.483284
v -15.598697 214.158813 -28.483284
v -15.598697 214.158813 -24.859711
v -11.939592 214.158813 -24.859711
v -11.939592 207.024796 -28.483284
v -19.486383 207.160400 -28.483284
v -11.939592 207.160400 -28.483284
v -19.486383 207.160400 -23.313515
v -11.939592 207.160400 -23.313515
v 21.278366 207.160400 -23.313515
v 13.731575 207.160400 -23.313515
v 21.278366 207.160400 -28.483284
v 13.731575 207.024796 -28.483284
v 13.731575 207.160400 -28.483284
v -2.410171 202.004257 -28.483284
v 0.895992 200.979187 -28.483284
v -2.410171 200.979187 -28.483284
v 13.731575 202.004257 -28.483284
v 21.278366 200.979187 -28.483284
v 13.731575 200.979187 -28.483284
v 21.278366 200.979187 -23.313515
v 13.731575 200.979187 -23.313515
v 0.895992 200.979187 -23.313515
v 4.202154 200.979187 -23.313515
v -19.486383 200.979187 -23.313515
v -11.939592 200.979187 -23.313515
v -19.486383 200.979187 -28.483284
v -11.939592 202.004257 -28.483284
v -11.939592 200.979187 -28.483284
v -2.410171 200.716263 -23.313515
v -2.410171 200.716263 -28.483284
v -1.966032 201.504456 115.720001
v -1.966032 196.483902 115.720001
v -1.824501 208.966568 -23.313515
v -1.824501 208.966568 -28.483284
v -2.410171 214.158813 -28.483284
v -2.410171 214.158813 -24.859711
v 4.202154 214.158813 -24.859711
v 4.202154 214.158813 -28.483284
v -1.824501 209.102173 -28.483284
v 3.610563 209.102173 -23.313515
v -1.824501 209.102173 -23.313515
v 4.202154 200.979187 -28.483284
v -11.939592 200.867844 -28.483284
v -2.410171 200.867844 -28.483284
v -2.410171 202.004257 -23.313515
v -2.410171 200.979187 -23.313515
v 13.731575 200.867844 -23.313515
v 4.202154 200.867844 -23.313515
v 4.202154 214.158813 -28.395042
v 3.610563 209.102173 -28.483284
v 3.610563 209.102173 -28.357155
v 0.895992 206.633362 -28.357155
v 3.610563 208.966568 -28.357155
v -1.824501 209.102173 -28.357155
v -1.824501 208.966568 -28.357155
v 21.278366 210.561310 -24.065002
v -19.486383 210.483734 -28.483284
v 4.202154 200.867844 -28.483284
v 0.895992 200.867844 -28.483284
v 13.731575 200.867844 -28.483284
v 21.278366 200.867844 -28.483284
v 21.278366 200.867844 -23.313515
v -2.410171 200.867844 -23.313515
v 0.895992 200.867844 -23.313515
v -11.939592 200.867844 -23.313515
v -19.486383 200.867844 -23.313515
v -19.486383 200.867844 -28.483284
v 21.278366 210.483734 -28.483284
v -19.486383 210.561310 -24.065002
v -2.410171 214.158813 -28.395042
v 4.202154 214.158813 -25.060455
v 3.610563 209.102173 -23.600136
v 0.895992 206.633362 -23.600136
v 3.610563 208.966568 -23.600136
v -1.824501 209.102173 -23.600136
v -1.824501 208.966568 -23.600136
v -2.410171 214.158813 -25.060455
v -30.306767 165.458801 68.455429
v -30.306767 172.555542 63.308769
v -30.306767 181.740311 77.568550
v -30.306767 174.310791 83.008354
v -32.410202 181.740311 77.568550
v -32.410202 172.555542 63.308769
v -32.410202 165.458801 68.455429
v -32.410202 174.310791 83.008354
v -30.306767 193.971878 114.347313
v -30.306767 202.949966 107.835670
v -30.306767 205.081238 115.909500
v -30.306767 198.322052 120.811600
v -32.410202 191.668869 91.737144
v -30.306767 191.668869 91.737144
v -32.410202 183.514496 97.678528
v -32.410202 176.203400 103.005806
v -32.410202 167.649887 87.885582
v -30.306767 167.649887 87.885582
v -30.306767 176.203400 103.005806
v -30.306767 200.742889 123.356812
v -34.338947 205.081238 115.909500
v -34.338947 200.742889 123.356812
v -34.338947 192.261658 125.207382
v -30.306767 192.261658 125.207382
v -34.338947 202.949966 107.835670
v -34.338947 185.921722 120.185654
v -30.306767 185.921722 120.185654
v -34.338947 198.322052 120.811600
v -34.338947 193.971878 114.347313
v -30.306767 177.643585 105.551605
v -30.306767 185.064240 100.148514
v -30.306767 159.096375 73.070328
v -32.410202 159.096375 73.070328
v -30.306767 183.514496 97.678528
v -30.306767 184.951141 75.276207
v -30.306767 175.766373 61.016422
v -32.410202 175.766373 61.016422
v -37.486996 184.951141 75.276207
v -37.486996 175.766373 61.016422
v -37.486996 172.555542 63.308769
v -37.486996 181.740311 77.568550
v -32.410202 184.951141 75.276207
v -34.338947 193.340591 94.122459
v -30.306767 193.340591 94.122459
v -34.338947 185.064240 100.148514
v -34.338947 177.643585 105.551605
v -37.493507 77.105011 -373.684998
v -37.493507 73.621780 -372.632721
v -37.493507 79.972366 -352.414948
v -37.493507 82.775757 -352.419128
v -30.766300 67.256989 -370.011139
v -30.766300 72.130066 -350.285431
v -33.747948 72.130066 -350.285431
v -33.747948 67.256989 -370.011139
v -30.766300 108.729980 -167.980499
v -30.766300 111.737076 -168.787048
v -33.747948 111.737076 -168.787048
v -33.747948 108.729980 -167.980499
v -33.748539 113.537918 -348.582336
v -30.766893 113.537918 -348.582336
v -30.766893 113.579376 -353.347656
v -33.748539 113.578781 -353.347656
v -33.747948 66.013412 -378.699036
v -30.766300 66.013992 -378.699036
v -33.748539 112.342896 -381.782532
v -30.766893 112.342896 -381.782532
v -30.766893 111.968643 -387.741699
v -33.748539 111.968643 -387.741699
v -30.766300 63.824108 -392.872375
v -33.747948 63.823505 -392.872375
v -33.748539 72.390640 -405.061279
v -30.766300 72.391220 -405.061920
v -33.748539 86.181412 -412.306671
v -30.766893 86.182007 -412.306671
v -33.748539 110.565170 -397.168671
v -30.766893 110.565170 -397.168671
v -30.766893 101.271439 -409.263428
v -33.748539 101.271439 -409.263428
v -30.766893 126.656570 -334.067352
v -33.748539 126.656570 -334.067352
v -37.493507 102.555878 -348.157196
v -37.493507 92.981445 -348.250702
v -37.493507 101.330643 -334.257416
v -37.493507 115.649063 -333.457947
v -33.747948 72.811081 -346.979889
v -30.766300 72.811081 -346.979889
v -30.766300 75.802780 -334.494873
v -33.747948 75.802780 -334.494873
v -33.748539 117.594391 -218.349884
v -33.748539 122.328888 -171.626556
v -33.748539 131.639786 -170.740051
v -33.748539 130.635452 -221.377716
v -37.493507 101.118057 -387.347900
v -37.493507 102.067337 -380.200836
v -37.493507 108.001602 -381.662354
v -37.493507 107.103256 -388.579041
v -37.493507 86.137589 -409.124268
v -37.493507 86.406448 -405.769531
v -37.493507 94.142731 -406.146179
v -37.493507 98.171356 -406.096436
v -37.493507 72.228378 -395.306824
v -37.493507 78.043030 -404.172394
v -37.493507 75.771423 -403.587952
v -37.493507 68.409378 -394.706360
v -30.766300 122.328888 -171.626556
v -30.766893 131.640381 -170.740051
v -37.493507 102.486008 -352.756653
v -37.493507 92.649826 -352.433319
v -37.493507 87.870911 -335.251709
v -37.493507 83.508881 -348.854767
v -37.493507 75.600861 -381.893311
v -37.493507 89.624374 -384.983887
v -37.493507 87.969208 -396.993378
v -37.493507 99.615692 -398.655640
v -30.766893 137.427216 -222.954681
v -33.748539 137.427216 -222.954681
v -33.748539 136.489182 -170.278137
v -30.766893 136.489182 -170.278137
v -37.493507 129.619263 -222.130371
v -37.493507 136.212051 -221.730652
v -37.493507 136.275421 -225.280182
v -37.493507 129.564789 -225.693542
v -33.747948 98.164841 -219.559723
v -30.766300 98.164841 -219.559723
v -45.580372 102.459946 -219.292023
v -45.580372 98.163651 -219.559113
v -45.580372 108.728790 -167.980499
v -45.580372 111.735901 -168.786438
v -33.747948 71.957748 -370.884033
v -33.747948 77.866547 -351.307587
v -33.747948 78.639343 -348.026886
v -33.747948 81.715164 -335.182404
v -33.747948 104.887314 -223.658203
v -33.747948 102.461136 -219.292023
v -33.747948 107.504761 -223.752960
v -33.748539 129.207703 -224.570770
v -33.748539 116.725647 -224.088135
v -33.748539 135.708099 -224.821838
v -33.748539 137.490585 -226.516083
v -33.748539 135.769684 -228.290833
v -33.748539 109.329269 -352.634094
v -33.748539 109.272430 -347.948730
v -33.748539 108.670181 -387.030457
v -33.748539 109.665634 -380.589325
v -33.748539 107.094971 -397.220184
v -33.748539 99.185181 -405.430847
v -33.748539 86.445526 -408.699677
v -33.748539 75.449265 -402.438477
v -33.747948 67.581512 -392.698853
v -33.747948 70.647247 -379.166870
v -35.590233 79.331619 -349.150238
v -35.590233 78.513214 -352.522766
v -33.747948 84.896957 -321.714935
v -35.589638 85.817795 -321.893219
v -35.590233 82.519928 -335.834961
v -35.589638 106.580353 -221.810577
v -35.589638 105.811111 -225.520630
v -33.747948 104.145905 -227.293030
v -35.590233 108.867966 -221.996552
v -35.590233 116.924026 -222.652679
v -35.590233 136.267136 -222.465546
v -35.590233 129.643539 -222.529510
v -33.748539 137.374496 -318.402283
v -33.748539 123.672562 -333.420105
v -35.590233 123.563599 -333.694885
v -35.590233 137.972015 -318.233551
v -35.590233 108.422043 -348.661133
v -35.590233 108.852570 -382.140228
v -35.590233 108.483643 -353.466125
v -35.590233 107.892044 -388.891113
v -35.590233 106.373093 -399.570557
v -35.590233 98.563385 -407.081238
v -35.590233 86.015610 -410.029724
v -35.590233 75.010468 -404.284363
v -35.590233 67.439377 -394.859161
v -35.590233 72.294113 -372.648132
v -35.590233 70.809509 -381.079620
v -37.493507 84.050125 -335.534149
v -37.493507 80.819763 -349.026459
v -37.493507 71.987366 -381.015656
v -37.493507 110.348419 -221.915405
v -37.493507 108.471786 -221.635895
v -30.766893 137.490585 -226.516083
v -33.747948 97.450668 -223.331940
v -30.766300 97.450668 -223.331940
v -37.493507 116.959564 -222.899017
v -37.493507 116.678864 -226.487671
v -37.493507 109.677475 -225.590485
v -37.493507 136.514053 -238.704407
v -37.493507 129.358124 -239.168671
v -33.748539 137.730408 -239.985291
v -33.748539 136.003601 -241.410095
v -37.493507 107.690109 -225.335266
v -37.493507 104.735107 -239.325012
v -35.589638 102.899933 -239.551239
v -35.590233 136.329895 -226.016266
v -37.493507 123.105850 -333.041656
v -37.493507 128.145920 -318.247162
v -37.493507 137.916946 -317.485016
v -37.493507 107.542068 -348.108582
v -37.493507 107.607788 -352.924866
v -37.493507 105.681442 -399.521393
v -33.748539 139.138031 -319.032379
v -30.766893 137.730408 -239.985291
v -30.766893 139.138031 -319.032379
v -33.747948 78.895172 -321.322968
v -30.766300 78.895172 -321.322968
v -30.766300 94.749115 -237.598206
v -33.747948 94.749115 -237.598206
v -37.493507 109.382584 -319.710449
v -37.493507 92.254257 -321.047577
v -37.493507 107.141159 -239.487854
v -37.493507 115.616501 -240.059937
v -33.747948 101.343689 -241.039978
v -35.590233 136.569138 -239.441681
v -37.493507 87.391830 -321.427155
v -37.493507 90.670761 -377.393280
v -38.453438 90.391830 -376.776215
v -35.573647 90.391830 -376.776215
v -35.573647 96.052521 -378.293396
v -38.453438 96.052521 -378.293396
v -35.573647 100.196625 -382.436920
v -38.453438 100.196625 -382.436920
v -35.573647 101.713211 -388.097626
v -38.453438 101.713211 -388.097626
v -35.573647 100.196625 -393.758301
v -38.453438 100.196625 -393.758301
v -35.573647 96.052521 -397.902405
v -38.453438 96.052521 -397.902405
v -35.573647 90.392441 -399.418976
v -38.453438 90.392441 -399.418976
v -35.573647 84.731750 -397.902405
v -38.453438 84.731750 -397.902405
v -35.573647 80.587646 -393.758301
v -38.453438 80.587646 -393.758301
v -35.573647 79.071060 -388.097626
v -38.453438 79.071060 -388.097626
v -35.573647 80.587646 -382.436920
v -38.453438 80.587646 -382.436920
v -35.573647 84.731750 -378.293396
v -38.453438 84.731750 -378.293396
v -38.453438 90.391830 -379.817108
v -38.453438 94.532394 -380.926270
v -38.453438 97.563187 -383.957642
v -38.453438 98.672943 -388.097626
v -38.453438 97.563187 -392.238129
v -38.453438 94.532394 -395.268951
v -38.453438 90.392441 -396.378662
v -38.453438 86.251892 -395.268951
v -38.453438 83.221085 -392.238129
v -38.453438 82.111328 -388.097626
v -38.453438 83.221085 -383.957642
v -38.453438 86.251892 -380.926270
v -39.298485 90.391830 -379.817108
v -39.298485 94.532394 -380.926270
v -39.298485 97.563187 -383.957642
v -39.298485 98.672943 -388.097626
v -39.298485 97.563187 -392.238129
v -39.298485 94.532394 -395.268951
v -39.298485 90.392441 -396.378662
v -39.298485 86.251892 -395.268951
v -39.298485 83.221085 -392.238129
v -39.298485 82.111328 -388.097626
v -39.298485 83.221085 -383.957642
v -39.298485 86.251892 -380.926270
v -40.184395 90.391830 -382.217804
v -40.184395 93.332031 -383.005432
v -40.184395 95.484619 -385.158020
v -40.184395 96.272217 -388.097626
v -40.184395 95.484619 -391.037811
v -40.184395 93.332031 -393.189758
v -40.184395 90.392441 -393.977966
v -40.184395 87.452240 -393.189758
v -40.184395 85.299652 -391.037811
v -40.184395 84.512054 -388.097626
v -40.184395 85.299652 -385.158020
v -40.184395 87.452240 -383.005432
v -40.184395 90.459946 -388.031830
v -14.234898 -27.368073 -230.265198
v -14.234898 -36.155487 -230.110046
v -14.234898 -36.175030 -226.115204
v -14.234898 -27.368073 -224.928467
v -14.234898 -20.854641 -229.925293
v -14.234898 -20.854643 -224.470703
v -8.863198 -27.368073 -224.928467
v -8.863198 -20.854643 -224.470703
v -13.227592 -40.919609 -226.612640
v -13.227592 -40.823082 -229.876740
v -5.519135 -47.655106 -229.722198
v -5.519135 -47.672874 -226.903961
v 0.895992 -48.633392 -229.716248
v 0.895992 -48.633392 -226.951355
v 0.895992 -46.329208 -229.722198
v -6.258773 -42.831768 -229.876740
v -6.258773 -42.895721 -226.612640
v 0.895992 -42.868484 -226.612640
v 0.895992 -36.175030 -226.115204
v -8.863198 -36.175030 -226.115204
v 0.895992 24.114609 -221.307220
v 0.895992 24.114609 -227.574921
v -8.863198 24.114609 -227.574921
v -8.863198 24.114609 -221.307220
v 0.895992 -36.155487 -230.110046
v -8.863198 -36.155487 -230.110046
v -8.863198 -27.368073 -230.265198
v 0.895992 -27.368073 -230.265198
v -8.863198 -20.854641 -229.925293
v 0.895992 -20.854641 -229.925293
v 0.895992 -42.859600 -229.876740
v 0.895992 -27.368073 -224.928467
v 0.895992 -46.330982 -226.903961
v 0.895992 -20.854643 -224.470703
v -14.234898 24.114609 -227.574921
v -14.234898 24.114609 -221.307220
v -8.863198 -19.760878 -242.353455
v -14.234898 -19.760878 -242.353455
v -14.234898 -10.830746 -249.756348
v -8.863198 -10.830746 -249.756348
v -14.234898 -22.785753 -236.689209
v -14.234898 -16.852072 -236.095856
v -14.234898 24.114613 -231.998535
v -8.863198 24.114613 -231.998535
v -8.863198 -10.733029 -235.484131
v -8.863198 -14.137501 -229.574127
v -8.863198 -22.785753 -236.689209
v -14.234898 -8.770537 -240.389191
v -14.234898 -10.733029 -235.484131
v -14.234898 24.114613 -233.919586
v -8.863198 24.114613 -233.919586
v -8.863198 -16.852072 -236.095856
v -8.863198 -13.760279 -242.824829
v -14.234898 -14.137501 -229.574127
v -14.234898 -14.137501 -223.998138
v -8.863198 -14.137501 -223.998138
v 0.895992 -14.137501 -229.574127
v 0.895992 -14.137501 -223.998138
v -14.234898 -2.463776 -248.685669
v -8.863198 -2.463776 -248.685669
v -14.234898 -13.760279 -242.824829
v -8.863198 -8.770537 -240.389191
v -14.234898 24.114613 -237.409302
v -8.863198 24.114613 -237.409302
v 16.026882 -27.368073 -230.265198
v 16.026882 -27.368073 -224.928467
v 16.026882 -36.175030 -226.115204
v 16.026882 -36.155487 -230.110046
v 16.026882 -20.854641 -229.925293
v 16.026882 -20.854643 -224.470703
v 10.655180 -27.368073 -224.928467
v 10.655180 -20.854643 -224.470703
v 15.019573 -40.919609 -226.612640
v 15.019573 -40.823082 -229.876740
v 7.311121 -47.655106 -229.722198
v 7.311121 -47.672874 -226.903961
v 8.050756 -42.831768 -229.876740
v 8.050756 -42.895721 -226.612640
v 10.655180 -36.175030 -226.115204
v 10.655180 24.114609 -227.574921
v 10.655180 24.114609 -221.307220
v 10.655180 -27.368073 -230.265198
v 10.655180 -36.155487 -230.110046
v 10.655180 -20.854641 -229.925293
v 16.026882 24.114609 -221.307220
v 16.026882 24.114609 -227.574921
v 16.026882 -10.830746 -249.756348
v 16.026882 -19.760878 -242.353455
v 10.655180 -19.760878 -242.353455
v 10.655180 -10.830746 -249.756348
v 16.026882 -22.785753 -236.689209
v 16.026882 -16.852072 -236.095856
v 16.026882 24.114613 -231.998535
v 10.655180 24.114613 -231.998535
v 10.655180 -10.733029 -235.484131
v 10.655180 -14.137501 -229.574127
v 10.655180 -22.785753 -236.689209
v 16.026882 -8.770537 -240.389191
v 16.026882 24.114613 -233.919586
v 16.026882 -10.733029 -235.484131
v 10.655180 24.114613 -233.919586
v 10.655180 -16.852072 -236.095856
v 10.655180 -13.760279 -242.824829
v 16.026882 -14.137501 -229.574127
v 16.026882 -14.137501 -223.998138
v 10.655180 -14.137501 -223.998138
v 16.026882 -2.463776 -248.685669
v 10.655180 -2.463776 -248.685669
v 16.026882 -13.760279 -242.824829
v 10.655180 -8.770537 -240.389191
v 16.026882 24.114613 -237.409302
v 10.655180 24.114613 -237.409302
v -35.612732 103.826736 -505.543030
v -35.174515 108.853180 -505.538879
v -35.172150 108.179276 -508.052673
v -35.171555 106.338760 -509.893250
v -35.171555 103.824951 -510.566528
v -35.173332 101.310547 -509.893250
v -35.176292 99.470032 -508.052673
v -35.179253 98.796707 -505.538879
v -35.181625 99.470032 -503.024536
v -35.182808 101.310547 -501.183960
v -35.182217 103.824951 -500.510681
v -35.180439 106.338760 -501.183960
v -35.177479 108.179276 -503.024536
v -33.983044 112.528870 -505.526489
v -33.979492 111.361679 -509.881409
v -33.977119 108.173950 -513.069153
v -33.978306 103.819611 -514.235657
v -33.981266 99.465286 -513.069153
v -33.986004 96.277557 -509.881409
v -33.991333 95.110367 -505.527039
v -33.995480 96.277557 -501.172119
v -33.997257 99.464706 -497.984436
v -33.996071 103.819611 -496.817810
v -33.993111 108.173950 -497.984436
v -33.988373 111.361679 -501.172119
v -32.357498 113.868988 -505.510498
v -32.352760 112.521774 -510.538696
v -32.350395 108.840744 -514.219666
v -32.351578 103.812515 -515.566956
v -32.355129 98.784271 -514.219666
v -32.360458 95.103271 -510.538696
v -32.366379 93.756042 -505.510498
v -32.371120 95.103271 -500.482239
v -32.373489 98.784271 -496.801270
v -32.372303 103.812515 -495.453979
v -32.368752 108.840744 -496.801270
v -32.363419 112.521774 -500.482239
v -35.612732 75.889252 -436.449402
v -35.174515 80.915115 -436.445251
v -35.172150 80.241806 -438.959045
v -35.171555 78.401306 -440.799561
v -35.171555 75.886887 -441.472839
v -35.173332 73.373062 -440.799561
v -35.176292 71.532562 -438.959045
v -35.179253 70.859253 -436.445251
v -35.181625 71.532562 -433.930878
v -35.182808 73.373062 -432.090332
v -35.182217 75.886887 -431.417053
v -35.180439 78.401306 -432.090332
v -35.177479 80.241806 -433.930878
v -33.983044 84.590805 -436.432861
v -33.979492 83.424210 -440.787781
v -33.977119 80.236481 -443.975464
v -33.978306 75.882156 -445.142090
v -33.981266 71.527222 -443.975464
v -33.986004 68.339508 -440.787781
v -33.991333 67.172913 -436.433411
v -33.995480 68.339508 -432.078491
v -33.997257 71.527222 -428.890778
v -33.996071 75.882156 -427.724182
v -33.993111 80.236481 -428.890778
v -33.988373 83.424210 -432.078491
v -32.357498 85.931519 -436.416870
v -32.352760 84.583710 -441.445007
v -32.350395 80.903275 -445.125488
v -32.351578 75.875046 -446.473328
v -32.355129 70.846817 -445.126099
v -32.360458 67.165787 -441.445007
v -32.366379 65.818588 -436.416870
v -32.371120 67.165787 -431.388580
v -32.373489 70.846817 -427.707581
v -32.372303 75.875046 -426.360352
v -32.368752 80.903275 -427.707581
v -32.363419 84.583710 -431.388580
v -34.466267 67.890594 -92.561729
v -34.153591 71.264267 -92.558769
v -34.152409 70.811844 -94.245903
v -34.151222 69.576553 -95.481194
v -34.151817 67.889420 -95.933037
v -34.153000 66.202286 -95.481194
v -34.154778 64.966995 -94.245903
v -34.157146 64.514572 -92.558769
v -34.158920 64.966995 -90.871040
v -34.159515 66.202286 -89.636345
v -34.159515 67.889420 -89.183907
v -34.157738 69.576553 -89.636345
v -34.155960 70.811844 -90.871040
v -33.303215 73.730713 -92.550468
v -33.300255 72.947845 -95.472893
v -33.299072 70.808289 -97.612465
v -33.299664 67.885864 -98.395332
v -33.302032 64.963440 -97.612465
v -33.305584 62.823872 -95.472893
v -33.309139 62.041019 -92.550468
v -33.312099 62.823872 -89.628044
v -33.313286 64.963440 -87.488487
v -33.312691 67.885864 -86.705620
v -33.310322 70.808289 -87.488487
v -33.306770 72.947845 -89.628044
v -32.142536 74.630249 -92.539818
v -32.139576 73.725983 -95.914085
v -32.137798 71.255981 -98.384682
v -32.138390 67.881119 -99.288948
v -32.141350 64.506271 -98.384682
v -32.144905 62.036274 -95.914085
v -32.149643 61.132008 -92.539818
v -32.152603 62.036274 -89.164970
v -32.154381 64.506271 -86.694374
v -32.153786 67.881119 -85.790703
v -32.150826 71.255981 -86.694374
v -32.147274 73.725983 -89.164970
v -34.466267 105.461121 -25.041512
v -34.153591 108.834778 -25.038551
v -34.152409 108.382339 -26.725677
v -34.151222 107.147049 -27.960976
v -34.151817 105.459930 -28.413414
v -34.153000 103.772797 -27.960976
v -34.154778 102.537506 -26.725677
v -34.157146 102.085068 -25.038551
v -34.158920 102.537506 -23.351418
v -34.159515 103.772797 -22.116127
v -34.159515 105.459930 -21.663696
v -34.157738 107.147049 -22.116127
v -34.155960 108.382339 -23.351418
v -33.303215 111.301224 -25.030266
v -33.300255 110.518356 -27.953285
v -33.299072 108.378799 -30.092247
v -33.299664 105.456375 -30.875710
v -33.302032 102.533951 -30.092247
v -33.305584 100.394394 -27.953285
v -33.309139 99.611526 -25.030266
v -33.312099 100.394394 -22.107834
v -33.313286 102.533951 -19.968864
v -33.312691 105.456375 -19.185410
v -33.310322 108.378799 -19.968277
v -33.306770 110.518356 -22.107834
v -32.143127 112.200745 -25.019600
v -32.139576 111.296478 -28.394455
v -32.137798 108.826492 -30.864464
v -32.138390 105.451645 -31.768715
v -32.141350 102.076782 -30.864464
v -32.144905 99.606781 -28.394455
v -32.149643 98.702515 -25.019600
v -32.152603 99.606781 -21.644753
v -32.154381 102.076782 -19.174751
v -32.153786 105.451645 -18.270485
v -32.150826 108.826492 -19.174751
v -32.147274 111.296478 -21.644753
v -34.466267 105.461105 11.691650
v -34.153591 108.834778 11.694611
v -34.152409 108.382339 10.007477
v -34.151222 107.147049 8.772186
v -34.151817 105.459915 8.319756
v -34.153000 103.772797 8.772186
v -34.154778 102.537491 10.007477
v -34.157146 102.085068 11.694611
v -34.158920 102.537491 13.381737
v -34.159515 103.772797 14.617031
v -34.159515 105.459915 15.069458
v -34.157738 107.147049 14.617031
v -34.155960 108.382339 13.381737
v -33.303215 111.301224 11.702904
v -33.300255 110.518356 8.780472
v -33.299072 108.378799 6.640915
v -33.299664 105.456375 5.857460
v -33.302032 102.533936 6.640915
v -33.305584 100.394379 8.779884
v -33.309139 99.611511 11.702904
v -33.312099 100.394379 14.625324
v -33.313286 102.533936 16.764294
v -33.312691 105.456375 17.547749
v -33.310322 108.378799 16.764885
v -33.306770 110.518356 14.625328
v -32.143127 112.200745 11.713554
v -32.139576 111.296478 8.339294
v -32.137798 108.826492 5.868706
v -32.138390 105.451630 4.964439
v -32.141350 102.076767 5.868706
v -32.144905 99.606781 8.338707
v -32.149643 98.702515 11.713554
v -32.152603 99.606781 15.088413
v -32.154381 102.076767 17.558411
v -32.153786 105.451630 18.462673
v -32.150826 108.826492 17.558411
v -32.147274 111.296478 15.088417
v 37.404716 103.826736 -505.543030
v 36.964134 108.179276 -508.052673
v 36.966507 108.853180 -505.538879
v 36.963539 106.338760 -509.893250
v 36.963539 103.824951 -510.566528
v 36.965313 101.310547 -509.893250
v 36.968277 99.470032 -508.052673
v 36.971237 98.796707 -505.538879
v 36.973606 99.470032 -503.024536
v 36.974796 101.310547 -501.183960
v 36.974197 103.824951 -500.510681
v 36.972424 106.338760 -501.183960
v 36.969460 108.179276 -503.024536
v 35.771469 111.361679 -509.881409
v 35.775028 112.528870 -505.526489
v 35.769104 108.173950 -513.069153
v 35.770290 103.819611 -514.235657
v 35.773251 99.465286 -513.069153
v 35.777988 96.277557 -509.881409
v 35.783318 95.110367 -505.527039
v 35.787464 96.277557 -501.172119
v 35.789238 99.465286 -497.984436
v 35.788052 103.819611 -496.817810
v 35.785091 108.173950 -497.984436
v 35.780361 111.361679 -501.172119
v 34.144745 112.521774 -510.538696
v 34.149487 113.868988 -505.510498
v 34.142380 108.840744 -514.219666
v 34.143562 103.812515 -515.566956
v 34.147114 98.784271 -514.219666
v 34.152443 95.103271 -510.538696
v 34.158363 93.756042 -505.510498
v 34.163105 95.103271 -500.482239
v 34.165474 98.784271 -496.801270
v 34.164288 103.812515 -495.453979
v 34.160736 108.840744 -496.801270
v 34.155403 112.521774 -500.482239
v 37.404716 75.889252 -436.449402
v 36.964134 80.241806 -438.959045
v 36.966507 80.915115 -436.445251
v 36.963539 78.401306 -440.799561
v 36.963539 75.886887 -441.472839
v 36.965313 73.373062 -440.799561
v 36.968277 71.532562 -438.959045
v 36.971237 70.859253 -436.445251
v 36.973606 71.532562 -433.930878
v 36.974796 73.373062 -432.090332
v 36.974197 75.886887 -431.417053
v 36.972424 78.401306 -432.090332
v 36.969460 80.241806 -433.930878
v 35.771469 83.424210 -440.787781
v 35.775028 84.590805 -436.432861
v 35.769104 80.236481 -443.975464
v 35.770290 75.882156 -445.142090
v 35.773251 71.527222 -443.975464
v 35.777988 68.339508 -440.787781
v 35.783318 67.172913 -436.433411
v 35.787464 68.339508 -432.078491
v 35.789238 71.527222 -428.890778
v 35.788052 75.882156 -427.724182
v 35.785091 80.236481 -428.890778
v 35.780361 83.424210 -432.078491
v 34.144745 84.583710 -441.445007
v 34.149487 85.931519 -436.416870
v 34.142380 80.903275 -445.126099
v 34.143562 75.875046 -446.473328
v 34.147114 70.846817 -445.126099
v 34.152443 67.165787 -441.445007
v 34.158363 65.818588 -436.416870
v 34.163105 67.165787 -431.388580
v 34.165474 70.846817 -427.707581
v 34.164288 75.875046 -426.360352
v 34.160736 80.903275 -427.707581
v 34.155403 84.583710 -431.388580
v 36.258251 67.890594 -92.561729
v 35.943798 70.811844 -94.245903
v 35.945580 71.264267 -92.558769
v 35.943211 69.576553 -95.481194
v 35.943798 67.889420 -95.933037
v 35.944984 66.202286 -95.481194
v 35.946758 64.966995 -94.245903
v 35.949131 64.514572 -92.558769
v 35.950317 64.966995 -90.871040
v 35.951504 66.202286 -89.636345
v 35.950905 67.889420 -89.183907
v 35.949722 69.576553 -89.636345
v 35.947945 70.811844 -90.871040
v 35.092239 72.947845 -95.472893
v 35.095203 73.730713 -92.550468
v 35.091061 70.808289 -97.612465
v 35.091648 67.885864 -98.395332
v 35.094025 64.963440 -97.612465
v 35.096977 62.823872 -95.472893
v 35.101124 62.041019 -92.550468
v 35.103497 62.823872 -89.628044
v 35.105267 64.963440 -87.488487
v 35.104675 67.885864 -86.705620
v 35.102314 70.808289 -87.488487
v 35.098751 72.947845 -89.628044
v 33.931561 73.725983 -95.914085
v 33.934517 74.630249 -92.539818
v 33.929787 71.255981 -98.384682
v 33.930374 67.881119 -99.288948
v 33.933331 64.506271 -98.384682
v 33.936890 62.036274 -95.914085
v 33.941036 61.132008 -92.539818
v 33.944588 62.036274 -89.164970
v 33.946365 64.506271 -86.694374
v 33.945179 67.881119 -85.790108
v 33.942810 71.255981 -86.694374
v 33.938663 73.725983 -89.164970
v 36.258251 105.461121 -25.041512
v 35.943798 108.382339 -26.725677
v 35.945580 108.834778 -25.038551
v 35.943211 107.147049 -27.960976
v 35.943798 105.459930 -28.413414
v 35.944984 103.772797 -27.960976
v 35.946758 102.537506 -26.725677
v 35.949131 102.085068 -25.038551
v 35.950317 102.537506 -23.351418
v 35.951504 103.772797 -22.116127
v 35.950905 105.459930 -21.663696
v 35.949722 107.147049 -22.116127
v 35.947945 108.382339 -23.351418
v 35.092239 110.518356 -27.952690
v 35.095203 111.301224 -25.030266
v 35.091061 108.378799 -30.092247
v 35.091648 105.456375 -30.875710
v 35.094025 102.533951 -30.092247
v 35.096977 100.394394 -27.953285
v 35.101124 99.611526 -25.030266
v 35.103497 100.394394 -22.107834
v 35.105267 102.533951 -19.968864
v 35.104675 105.456375 -19.185410
v 35.102314 108.378799 -19.968277
v 35.098751 110.518356 -22.107834
v 33.931561 111.296478 -28.393860
v 33.934517 112.200745 -25.019600
v 33.929787 108.826492 -30.864464
v 33.930374 105.451645 -31.768715
v 33.933331 102.076782 -30.864464
v 33.936890 99.606781 -28.394455
v 33.941036 98.702515 -25.019600
v 33.944588 99.606781 -21.644753
v 33.946365 102.076782 -19.174751
v 33.945179 105.451645 -18.270485
v 33.942810 108.826492 -19.174751
v 33.938663 111.296478 -21.644753
v 36.258251 105.461105 11.691650
v 35.943798 108.382339 10.007477
v 35.945580 108.834778 11.694611
v 35.943211 107.147049 8.772186
v 35.943798 105.459915 8.319756
v 35.944984 103.772797 8.772186
v 35.946758 102.537491 10.007477
v 35.949131 102.085068 11.694611
v 35.950317 102.537491 13.381737
v 35.951504 103.772797 14.617031
v 35.950905 105.459915 15.069458
v 35.949722 107.147049 14.617031
v 35.947945 108.382339 13.381737
v 35.092239 110.518356 8.780472
v 35.095203 111.301224 11.702904
v 35.091061 108.378799 6.640915
v 35.091648 105.456375 5.857460
v 35.094025 102.533936 6.640915
v 35.096977 100.394379 8.779884
v 35.101124 99.611511 11.702904
v 35.103497 100.394379 14.625324
v 35.105267 102.533936 16.764885
v 35.104675 105.456375 17.547749
v 35.102314 108.378799 16.764885
v 35.098751 110.518356 14.625328
v 33.931561 111.296478 8.339294
v 33.934517 112.200745 11.713554
v 33.929787 108.826492 5.868706
v 33.930374 105.451630 4.964439
v 33.933331 102.076767 5.868706
v 33.936890 99.606781 8.338707
v 33.941036 98.702515 11.713554
v 33.944588 99.606781 15.088413
v 33.945766 102.076767 17.558411
v 33.945179 105.451630 18.462673
v 33.942810 108.826492 17.558411
v 33.938663 111.296478 15.088417
v -23.680229 100.943954 -199.056519
v -23.680229 100.943954 -366.877258
v -22.987967 119.340149 -350.871735
v -22.987967 119.340149 -199.056519
v -28.420069 119.340149 -350.871735
v -29.112331 100.943954 -366.877258
v -29.112331 100.943954 -199.056519
v -28.420069 119.340149 -199.056519
v -23.680229 100.943924 -5.663483
v -22.987967 119.340118 -5.663483
v -28.420069 119.340118 -5.663483
v -29.112331 100.943924 -5.663483
v -27.631872 140.293976 -332.640198
v -22.199770 140.293976 -332.640198
v -22.614891 129.268112 -342.233551
v -28.046993 129.268112 -342.233551
v -22.987967 119.340134 -183.774048
v -23.680229 100.943939 -183.774048
v -11.350962 170.247833 -161.023468
v -11.350962 170.247833 -174.353516
v -16.783064 170.247833 -174.353516
v -16.783064 170.247833 -161.023468
v -27.631872 140.293976 -199.056519
v -28.046993 129.268112 -199.056519
v -28.046993 129.268097 -183.774048
v -27.631872 140.293961 -183.774048
v -29.112331 100.943939 -183.774048
v -14.446306 150.278778 -186.688751
v -19.878408 150.278778 -186.688751
v -16.953022 160.263000 -183.109589
v -11.520919 160.263000 -183.109589
v -19.878408 150.278763 -5.663475
v -16.953613 160.262985 -5.663475
v -16.953022 160.262985 -25.845695
v -19.878408 150.278763 -26.252533
v -14.446306 150.278763 -5.663475
v -11.520919 160.262985 -5.663475
v -14.446306 150.278778 -172.383972
v -11.520919 160.263000 -169.087830
v -22.199770 140.293976 -199.056519
v -16.783064 170.247818 -24.849648
v -16.783064 170.247818 -5.663475
v -19.878408 150.278778 -172.383972
v -11.350962 170.247818 -5.663475
v -22.199770 140.293945 -5.663483
v -27.631872 140.293945 -5.663483
v -14.446306 150.278763 -26.252533
v -22.199770 140.293945 -27.659546
v -22.614891 129.268112 -199.056519
v -28.046993 129.268082 -5.663483
v -22.614891 129.268082 -5.663483
v -22.614891 129.268097 -183.774048
v -28.420069 119.340134 -183.774048
v -22.987967 119.340118 -27.659546
v -23.680229 100.943939 -27.659561
v -11.350962 170.247818 -24.849648
v -84.882423 128.794922 -19.402740
v -84.882423 128.794922 -14.544464
v -85.962570 133.396194 -14.544464
v -85.962570 133.396194 -19.402740
v -29.112331 100.943939 -27.659561
v -16.953022 160.263000 -139.298645
v -19.878408 150.278778 -141.993683
v -11.520919 160.262985 -25.845695
v -16.783064 170.247833 -132.704071
v -27.631872 140.293945 -27.659546
v -14.446306 150.278778 -141.993683
v -22.199770 140.293961 -151.308136
v -22.614891 129.268082 -27.659546
v -28.420069 119.340118 -27.659546
v -30.715965 121.393814 -6.047813
v -30.342297 129.457581 -6.047813
v -29.927769 138.413757 -6.047813
v -29.927769 138.413757 -27.274635
v -28.046993 129.268082 -27.659546
v -30.342297 129.457581 -27.274635
v -30.715965 121.393814 -27.274635
v -32.530418 129.552322 -6.414368
v -32.115295 137.780121 -6.414368
v -45.310928 138.050171 -9.768501
v -45.726051 130.035538 -9.768501
v -32.115295 137.780121 -26.908669
v -45.310928 138.050171 -23.554535
v -45.726051 130.035538 -23.554535
v -32.530418 129.552322 -26.908669
v -32.903492 122.144104 -26.908669
v -46.099716 122.818604 -23.554535
v -32.904083 122.144104 -6.414368
v -46.099716 122.818604 -9.768501
v -47.577217 129.629913 -12.064392
v -47.950882 121.771622 -12.064392
v -47.162685 138.356918 -12.064392
v -47.162685 138.356918 -21.258644
v -47.577217 129.629913 -21.258644
v -47.950882 121.771622 -21.258644
v -52.016224 129.526276 -12.815872
v -52.296329 121.617065 -12.815872
v -51.704739 138.310135 -12.815872
v -51.704739 138.310135 -21.756660
v -52.016224 129.526276 -21.756660
v -52.296329 121.617065 -21.756660
v -68.482491 142.690506 -15.426224
v -79.770691 142.037338 -15.117691
v -68.831284 131.336563 -15.426224
v -68.482491 142.690506 -22.482094
v -79.855377 142.039703 -20.174942
v -84.688782 138.387115 -19.402740
v -68.831284 131.336563 -22.482094
v -80.500862 124.349396 -20.163696
v -69.145142 121.112518 -22.482094
v -69.145142 121.112518 -15.426224
v -80.419724 124.334595 -15.114731
v -57.511692 142.752106 -15.022949
v -60.154015 142.737289 -15.120064
v -60.243435 131.378616 -15.120064
v -57.518208 131.392242 -15.022949
v -57.511692 142.752106 -23.218765
v -60.154015 142.737289 -23.041710
v -57.524128 121.162857 -23.218765
v -60.323380 121.151016 -23.041710
v -60.243435 131.378616 -23.041710
v -57.518208 131.392242 -23.218765
v -57.524128 121.162857 -15.022949
v -60.323380 121.151016 -15.120064
v -22.987967 119.340134 -151.308136
v -23.680229 100.943939 -151.308136
v -11.350962 170.247833 -132.704071
v -28.420069 119.340134 -151.308136
v -28.046993 129.268097 -151.308136
v -11.520919 160.263000 -139.298645
v -27.631872 140.293961 -151.308136
v -22.199770 140.293961 -183.774048
v -22.614891 129.268097 -151.308136
v -29.112331 100.943939 -151.308136
v -16.953022 160.263000 -169.087830
v -84.688782 138.387115 -14.544464
v -8.696795 156.760254 -518.820984
v -8.696795 156.173996 -521.505310
v -8.696795 153.808823 -513.434448
v -8.696795 154.828568 -512.294556
v -8.696795 163.306259 -514.057495
v -8.696795 160.872391 -506.343750
v 10.488777 160.872391 -506.343750
v 10.488777 163.306259 -514.057495
v -8.696795 160.824432 -513.717529
v 10.488777 160.824432 -513.717529
v 10.488777 156.173996 -521.505310
v 10.488777 156.760254 -518.820984
v -8.696795 150.916595 -525.923645
v 10.488777 150.916595 -525.923645
v 10.488777 148.711304 -519.131958
v -8.696795 148.711304 -519.131958
v -8.696795 138.134903 -512.673523
v -8.696795 135.428619 -515.209839
v 10.488777 135.428619 -515.209839
v 10.488777 138.134903 -512.673523
v 10.488777 151.033264 -499.425781
v -8.696795 151.033264 -499.425781
v -8.696795 149.918762 -500.470398
v 10.488777 149.918762 -500.470398
v -8.696795 157.064651 -494.079529
v 10.488777 157.064651 -494.079529
v 10.488777 154.828568 -512.294556
v 10.488777 153.808823 -513.434448
v -8.696795 149.730453 -517.992493
v -8.696795 152.287506 -526.255310
v -8.696795 150.750183 -516.852600
v -8.696795 151.769943 -515.713257
v -8.696795 154.230453 -523.880615
v -8.696795 152.873764 -523.571533
v -8.696795 152.789093 -514.573792
v -8.696795 154.817307 -521.196228
v -8.696795 160.060501 -516.755432
v -8.696795 157.887177 -508.876404
v -8.696795 158.906326 -507.736511
v -8.696795 158.703812 -516.446350
v -8.696795 158.116974 -519.130676
v -8.696795 155.847717 -511.155212
v -8.696795 156.867447 -510.015747
v 10.488777 152.287506 -526.255310
v 10.488777 154.230453 -523.880615
v 10.488777 152.873764 -523.571533
v 10.488777 154.817307 -521.196228
v 10.488777 160.060501 -516.755432
v 10.488777 158.116974 -519.130676
v 10.488777 158.703812 -516.446350
v -8.696795 154.376129 -496.291992
v 10.488777 154.376129 -496.291992
v 10.488777 155.490631 -495.247314
v -8.696795 155.490631 -495.247314
v -8.696795 152.147736 -498.381165
v 10.488777 152.147736 -498.381165
v 10.488777 153.261658 -497.336548
v -8.696795 153.261658 -497.336548
v 10.488777 143.546860 -507.600891
v -8.696795 143.546860 -507.600891
v -8.696795 140.840591 -510.137207
v 10.488777 140.840591 -510.137207
v -8.696795 146.253143 -505.063965
v 10.488777 146.253143 -505.063965
v 10.488777 149.730453 -517.992493
v 10.488777 150.750183 -516.852600
v 10.488777 151.769943 -515.713257
v 10.488777 152.789093 -514.573792
v 10.488777 157.887177 -508.876404
v 10.488777 158.906326 -507.736511
v 10.488777 155.847717 -511.155212
v 10.488777 156.867447 -510.015747
v -21.615877 166.065781 121.963394
v -21.615877 166.065781 142.007614
v -17.316031 179.298141 142.007614
v -17.316031 179.298141 121.963394
v -6.060391 187.475616 142.007614
v -6.060391 187.475616 121.963394
v 7.852375 187.475616 142.007614
v 7.852375 187.475616 121.963394
v 19.108013 179.298141 142.007614
v 19.108013 179.298141 121.963394
v 23.407860 166.065781 142.007614
v 23.407860 166.065781 121.963394
v 19.108013 152.834030 142.007614
v 19.108013 152.834030 121.963394
v 7.852375 144.655975 142.007614
v 7.852375 144.655975 121.963394
v -6.060391 144.655975 142.007614
v -6.060391 144.655975 121.963394
v -17.316031 152.834030 142.007614
v -17.316031 152.834030 121.963394
v 17.259216 105.166153 369.453583
v 15.066952 113.347778 369.453583
v 15.066952 113.347778 393.964081
v 17.259216 105.166153 393.964081
v 9.077604 119.337128 369.453583
v 9.077604 119.337128 393.964081
v 9.456602 136.568481 369.453583
v 0.895992 136.585648 369.453583
v 0.895992 136.585648 393.964081
v 9.456602 136.568481 393.964081
v -7.664618 136.568481 369.453583
v -7.664618 136.568481 393.964081
v -7.285620 119.337128 393.964081
v -7.285620 119.337128 369.453583
v -13.274967 113.347778 369.453583
v -13.274967 113.347778 393.964081
v -15.467232 105.166153 369.453583
v -15.467232 105.166748 393.964081
v -13.274967 96.984543 369.453583
v -13.274967 96.984543 393.964081
v -7.285620 90.995193 369.453583
v -7.285620 90.995193 393.964081
v 0.895992 88.802933 369.453583
v 0.895992 88.802933 393.964081
v 9.077604 90.995193 369.453583
v 9.077604 90.995193 393.964081
v 15.066952 96.984543 369.453583
v 15.066952 96.984543 393.964081
v -12.007694 112.616425 369.453583
v -6.553681 118.069839 369.453583
v 0.895992 120.066101 369.453583
v -12.007694 97.716492 369.453583
v 13.799084 97.716492 369.453583
v 13.799084 112.616425 369.453583
v 8.345665 118.069839 369.453583
v 15.795338 105.166153 369.453583
v 0.895992 90.266815 369.453583
v 8.345665 92.263062 369.453583
v -6.553681 92.263062 369.453583
v -14.003353 105.166153 369.453583
v -14.003353 105.166122 828.438110
v -12.007694 97.716461 828.438110
v -6.553681 92.263031 828.438110
v -6.553681 118.069809 828.438110
v 15.795338 105.166122 828.438110
v 8.345665 92.263031 828.438110
v 0.895992 90.266785 828.438110
v 13.799084 97.716461 828.438110
v 8.345665 118.069809 828.438110
v 13.799084 112.616394 828.438110
v 0.895992 120.066071 828.438110
v -12.007694 112.616394 828.438110
v 15.795338 105.166153 393.964081
v 13.799084 112.616425 393.964081
v 8.345665 118.069839 393.964081
v 0.895992 120.066101 393.964081
v -6.553681 118.069839 393.964081
v -12.007694 112.616425 393.964081
v -14.003353 105.166153 393.964081
v -12.007694 97.716492 393.964081
v -6.553681 92.263062 393.964081
v 0.895992 90.266815 393.964081
v 8.345665 92.263062 393.964081
v 13.799084 97.716492 393.964081
v 0.895992 121.529373 369.453583
v 0.895992 121.529373 393.964081
v 22.613148 160.932114 370.123352
v 19.703159 171.791580 370.123352
v 20.044258 171.988205 372.622345
v 23.006359 160.932114 372.622345
v 11.754274 179.741074 370.123352
v 11.950878 180.081573 372.622345
v 0.894808 182.650467 370.123352
v 0.895992 181.966476 372.622345
v -9.964067 179.741074 370.123352
v -10.160673 180.081573 372.622345
v -17.913544 171.791580 370.123352
v -18.254049 171.988205 372.622345
v -20.823534 160.932114 370.123352
v -21.216745 160.932693 372.622345
v -17.913544 150.073227 370.123352
v -18.254049 149.876633 372.622345
v -9.964067 142.123749 370.123352
v -10.160673 141.783249 372.622345
v 0.894808 139.214355 370.123352
v 0.894808 138.821152 372.622345
v 11.754274 142.123749 370.123352
v 11.950878 141.783249 372.622345
v 19.703159 150.073227 370.123352
v 20.044258 149.876633 372.622345
v -10.055264 160.913162 558.988525
v -8.587832 155.437836 558.988525
v -4.579340 151.429321 558.988525
v -4.579340 170.397598 558.988525
v 11.847248 160.913162 558.988525
v 6.371325 151.429321 558.988525
v 0.895992 149.962494 558.988525
v 10.379816 155.437836 558.988525
v 6.371325 170.397598 558.988525
v 10.379816 166.389069 558.988525
v 0.895992 171.864426 558.988525
v -8.587832 166.389069 558.988525
v 20.088669 171.894638 383.353333
v 22.897987 160.932114 383.769592
v 11.863235 180.123032 383.355682
v 0.895992 181.916733 383.615631
v -10.073622 180.123032 383.355682
v -18.265892 171.966873 383.275757
v -21.213192 160.932693 383.346191
v -18.262339 149.893204 383.297668
v -10.077174 141.744171 383.361572
v 0.894808 138.873260 383.615631
v 11.863235 141.741806 383.355682
v 20.088669 149.970200 383.353333
v 20.406673 160.913742 473.700989
v 17.792774 170.669388 473.700989
v 17.266914 170.365021 552.196167
v 19.799683 160.913162 552.196167
v 10.651035 177.810547 473.700989
v 10.347837 177.284088 552.196167
v 0.895992 180.424438 473.700989
v 0.895992 179.816864 552.196167
v -8.859644 177.810547 473.700989
v -8.555855 177.284088 552.196167
v -16.001381 170.669388 473.700989
v -15.474930 170.365021 552.196167
v -18.615280 160.913742 473.700989
v -18.007700 160.913162 552.196167
v -16.001381 151.158112 473.700989
v -15.474930 151.461899 552.196167
v -8.859644 144.016983 473.700989
v -8.555855 144.542236 552.196167
v 0.895992 141.402481 473.700989
v 0.895992 142.010056 552.196167
v 10.651035 144.016983 473.700989
v 10.347837 144.542236 552.196167
v 17.792774 151.158112 473.700989
v 17.266914 151.461899 552.196167
v 18.386734 163.187134 392.944305
v 18.385551 163.162857 401.653595
v 18.377258 160.932114 401.653595
v 18.374889 160.932114 392.973907
v 11.848431 180.130112 385.167755
v 11.520954 180.253296 401.651184
v 20.202370 171.609802 401.651184
v 20.096367 171.878632 385.164825
v 0.894808 178.122025 393.250458
v 0.894808 178.165848 401.653595
v 3.172939 178.156967 401.653595
v 3.199587 178.156967 392.957916
v -1.409380 178.156967 392.957916
v -1.383324 178.156967 401.653595
v -10.058817 180.130112 385.167755
v -18.268261 171.963333 385.074188
v -18.309122 171.884552 401.651184
v -9.731339 180.253296 401.651184
v -16.707857 160.932114 393.989502
v -16.709633 160.932114 401.674866
v -16.713186 163.201965 401.653595
v -16.714371 163.252289 392.958557
v -16.714371 158.612518 392.958557
v -16.713186 158.662857 401.653595
v -10.063554 141.737640 385.174255
v -9.239826 141.608566 401.661255
v -16.761154 149.293335 401.693848
v -18.264116 149.895584 385.099670
v 0.894808 143.742783 393.250458
v 0.894808 143.698975 401.653595
v -1.383324 143.707855 401.653595
v -1.409380 143.707855 392.957916
v 3.199587 143.707855 392.957916
v 3.172939 143.707855 401.653595
v 20.096367 149.986191 385.164825
v 20.202961 150.256226 401.651184
v 11.520954 141.611526 401.651184
v 11.848431 141.734680 385.167755
v 18.385551 158.701935 401.653595
v 18.386734 158.677673 392.944305
v 16.492336 165.552917 470.188171
v 16.464504 160.913742 470.188171
v 16.492336 156.274597 470.188171
v 17.792774 151.158112 456.136261
v 16.492336 156.274597 456.740875
v 18.865219 156.232529 388.824493
v 22.879631 160.932114 385.651001
v 18.684601 160.932114 389.293488
v 18.865219 165.632263 388.824493
v 18.854557 165.444565 401.611511
v 5.350990 176.102097 468.563843
v 0.895992 177.124207 468.563843
v 10.651035 177.810547 456.136261
v 5.350990 176.102097 456.424072
v 5.526871 178.457794 390.554840
v 0.895992 181.907867 385.470947
v 0.894808 179.358505 390.970581
v -3.737255 178.457794 390.554840
v -3.414515 178.461349 401.643494
v -3.559600 176.102097 468.563843
v -14.700946 165.552917 470.188171
v -14.878601 160.913742 469.032806
v -16.001381 170.669388 456.136261
v -14.700946 165.552917 457.547424
v -17.035336 165.773224 389.028198
v -21.212599 160.932114 385.156494
v -17.176867 160.932114 390.300781
v -17.035336 156.091599 389.028198
v -17.069681 156.396576 401.611511
v -14.700946 156.274597 470.188171
v -3.559600 145.725418 468.563843
v 0.895992 144.703308 468.563843
v -8.859644 144.016983 456.136261
v -3.559600 145.725418 456.424072
v -3.737255 143.407028 390.554840
v 0.894808 138.882141 385.470947
v 0.894808 142.506317 390.970581
v 5.526871 143.407028 390.554840
v 5.204721 143.403473 401.643494
v 5.350990 145.725418 468.563843
v 16.015629 163.196014 465.857574
v 15.999046 160.913742 465.719574
v 16.015629 158.631485 465.857574
v 16.015629 158.631485 456.071747
v 3.177675 175.775803 465.857574
v 0.895992 175.780548 465.857574
v 3.177675 175.775803 456.071747
v -1.386284 175.775803 465.857574
v -14.332016 163.196014 465.857574
v -14.324317 160.913742 464.823578
v -14.332016 163.196014 456.071747
v -14.332016 158.631485 465.857574
v -1.386284 146.051712 465.857574
v 0.895992 146.046982 465.857574
v -1.386284 146.051712 456.071747
v 3.177675 146.051712 465.857574
v 16.774807 163.329269 401.653595
v 16.015629 163.196014 456.071747
v 15.999046 160.913742 456.209717
v 16.757633 160.932114 401.653595
v 11.140772 178.679276 401.651184
v 17.792774 170.669388 456.136261
v 18.641373 171.178680 401.651184
v 0.894808 176.546814 401.653595
v 0.895992 175.780548 456.071747
v 3.291967 176.542084 401.653595
v -1.502352 176.542084 401.653595
v -1.386284 175.775803 456.071747
v -16.851757 171.178680 401.651184
v -8.859644 177.810547 456.136261
v -9.351157 178.679276 401.651184
v -15.098894 163.329269 401.653595
v -15.090603 160.932114 401.674866
v -14.324317 160.913742 455.314270
v -15.098894 158.535538 401.653595
v -14.332016 158.631485 456.071747
v -8.872081 143.185547 401.651184
v -16.001381 151.158112 456.136261
v -15.936833 150.686142 401.651184
v 0.894808 145.318008 401.653595
v 0.895992 146.046982 456.071747
v -1.502352 145.322723 401.653595
v 3.291967 145.322723 401.653595
v 3.177675 146.051712 456.071747
v 18.641373 150.686142 401.651184
v 10.651035 144.016983 456.136261
v 11.140772 143.185547 401.651184
v 16.774807 158.535538 401.653595
v 18.854557 156.420258 401.634033
v 17.275795 165.804596 401.611511
v 16.492336 165.552917 457.547424
v 5.204721 178.461349 401.643494
v -3.784629 176.884369 401.643494
v -3.559600 176.102097 456.424072
v -17.069681 165.468231 401.611511
v -15.486181 156.060211 401.611511
v -14.700946 156.274597 457.547424
v -3.393196 143.408783 401.643494
v 5.574244 144.980438 401.643494
v 5.350990 145.725418 456.424072
v 17.275795 156.060211 401.634033
v 5.574244 176.884369 401.643494
v -15.486181 165.804596 401.611511
v -3.784629 144.980438 401.643494
v 18.662689 105.721619 572.952271
v 18.662689 105.721619 528.649170
v 16.282112 114.604980 528.649170
v 16.282112 114.604980 572.952271
v 7.535557 121.108337 528.649170
v 7.535557 121.108337 572.952271
v 7.535557 153.815826 525.583435
v 0.895992 153.833603 522.758118
v 0.895992 153.833603 558.058838
v 7.535557 153.815826 558.058838
v -5.743573 153.815826 525.583435
v -5.743573 153.815826 558.058838
v -5.743573 121.108337 572.952271
v -5.743573 121.108337 528.649170
v -14.490721 114.604980 528.649170
v -14.490721 114.604980 572.952271
v -16.870707 105.721619 528.649170
v -16.870707 105.721619 572.952271
v -14.490721 96.838272 528.649170
v -14.490721 96.838272 572.952271
v -5.743573 90.335510 528.649170
v -5.743573 90.335510 572.952271
v 0.895992 87.954926 528.649170
v 0.895992 87.954926 572.952271
v 7.535557 90.335510 528.649170
v 7.535557 90.335510 572.952271
v 16.282112 96.838272 528.649170
v 16.282112 96.838272 572.952271
v 0.895992 123.488327 528.649170
v 0.895992 87.954910 605.563721
v 7.535557 90.335495 605.563721
v 16.282112 96.838257 605.563721
v -14.490721 96.838257 605.563721
v 0.895992 123.488297 605.563721
v 16.282112 114.604950 605.563721
v 18.662689 105.721619 605.563721
v 7.535557 121.108307 605.563721
v -14.490721 114.604950 605.563721
v -5.743573 121.108307 605.563721
v -16.870707 105.721619 605.563721
v -5.743573 90.335495 605.563721
v 16.282112 114.604980 581.846863
v 18.662689 105.721619 581.846863
v 7.535557 121.108337 581.846863
v 0.895992 123.488327 581.846863
v -5.743573 121.108337 581.846863
v -14.490721 114.604980 581.846863
v -16.870707 105.721619 581.846863
v -14.490721 96.838272 581.846863
v -5.743573 90.335510 581.846863
v 0.895992 87.954926 581.846863
v 7.535557 90.335510 581.846863
v 16.282112 96.838272 581.846863
v 7.535557 132.432083 536.331543
v 0.895992 133.890030 533.506836
v -5.743573 132.432083 536.331543
v -5.743573 132.432083 556.821167
v 0.895992 123.488327 572.952271
v 0.895992 133.890030 556.821167
v 7.535557 132.432083 556.821167
v 0.895992 63.489437 581.846863
v 0.895992 63.489422 605.563721
v -5.744165 63.525555 605.563721
v -5.744165 63.525562 581.846863
v 7.535557 63.525562 581.846863
v 7.535557 63.525555 605.563721
v 5.233147 75.562271 805.425842
v 5.233147 75.562302 373.712585
v 4.652214 77.730881 373.712585
v 4.652214 77.730850 805.425842
v 3.064569 79.318512 373.712585
v 3.064569 79.318497 805.425842
v 0.895992 79.899460 373.712585
v 0.895992 79.899429 805.425842
v -1.272585 79.318512 373.712585
v -1.272585 79.318497 805.425842
v -2.860229 77.730881 373.712585
v -2.860229 77.730850 805.425842
v -3.441163 75.562302 373.712585
v -3.441163 75.562271 805.425842
v -2.860229 73.393723 373.712585
v -2.860229 73.393692 805.425842
v -1.272585 71.806076 373.712585
v -1.272585 71.806046 805.425842
v 0.895992 71.225143 373.712585
v 0.895992 71.225128 805.425842
v 3.064569 71.806076 373.712585
v 3.064569 71.806046 805.425842
v 4.652214 73.393723 373.712585
v 4.652214 73.393692 805.425842
v -3.441163 75.562271 822.083923
v -2.860229 73.393692 822.083923
v -1.272585 71.806046 822.083923
v -1.272585 79.318497 822.083923
v 5.233147 75.562271 822.083923
v 3.064569 71.806046 822.083923
v 0.895992 71.225128 822.083923
v 4.652214 73.393692 822.083923
v 3.064569 79.318497 822.083923
v 4.652214 77.730850 822.083923
v 0.895992 79.899429 822.083923
v -2.860229 77.730850 822.083923
v 5.876848 78.437927 805.425842
v 5.876848 78.437927 822.083923
v 6.647282 75.562271 822.083923
v 6.647282 75.562271 805.425842
v 3.771637 80.543137 805.425842
v 3.771637 80.543137 822.083923
v 0.895992 81.313568 805.425842
v 0.895992 81.313568 822.083923
v -1.979652 80.543137 805.425842
v -1.979652 80.543137 822.083923
v -4.084866 78.437927 805.425842
v -4.084866 78.437927 822.083923
v -4.855297 75.562271 805.425842
v -4.855297 75.562271 822.083923
v -4.084866 72.686630 805.425842
v -4.084866 72.686630 822.083923
v -1.979652 70.581421 805.425842
v -1.979652 70.581421 822.083923
v 0.895992 69.810989 805.425842
v 0.895992 69.810989 822.083923
v 3.771637 70.581421 805.425842
v 3.771637 70.581421 822.083923
v 5.876848 72.686630 805.425842
v 5.876848 72.686630 822.083923
v 24.175922 105.594284 819.531616
v 21.056892 117.234253 819.531616
v 21.056892 117.234238 859.450806
v 24.175922 105.594269 859.450806
v 12.535957 125.755173 819.531616
v 12.535957 125.755173 859.450806
v 0.895992 128.874207 819.531616
v 0.895992 128.874191 859.450806
v -10.743973 125.755173 819.531616
v -10.743973 125.755173 859.450806
v -19.264906 117.234253 819.531616
v -19.264906 117.234238 859.450806
v -22.383940 105.594284 819.531616
v -22.383940 105.594269 859.450806
v -19.264906 93.954315 819.531616
v -19.264906 93.954300 859.450806
v -10.743973 85.433380 819.531616
v -10.743973 85.433380 859.450806
v 0.895992 82.314941 819.531616
v 0.895992 82.314346 859.450806
v 12.535957 85.433380 819.531616
v 12.535957 85.433380 859.450806
v 21.056892 93.954315 819.531616
v 21.056892 93.954300 859.450806
v -17.291750 116.094879 819.531616
v -9.604611 123.782013 819.531616
v 0.895992 126.595490 819.531616
v -17.291750 95.093674 819.531616
v 19.083141 95.093674 819.531616
v 19.083141 116.094879 819.531616
v 11.396597 123.782013 819.531616
v 21.897202 105.594284 819.531616
v 0.895992 84.593079 819.531616
v 11.396597 87.407135 819.531616
v -9.604611 87.407135 819.531616
v -20.105215 105.594284 819.531616
v -17.067312 105.594254 943.262573
v -14.660678 96.612610 943.262573
v -8.085660 90.037598 943.262573
v -8.085660 121.150940 943.262573
v 18.859295 105.594254 943.262573
v 9.877644 90.037598 943.262573
v 0.895992 87.630951 943.262573
v 16.452660 96.612610 943.262573
v 9.877644 121.150940 943.262573
v 16.452660 114.575912 943.262573
v 0.895992 123.557571 943.262573
v -14.660678 114.575912 943.262573
v 21.897202 105.594269 859.450806
v 19.083141 116.094879 859.450806
v 19.083141 116.094879 943.262573
v 21.897202 105.594254 943.262573
v 11.396597 123.782013 859.450806
v 11.396597 123.782013 943.262573
v 0.895992 126.595474 859.450806
v 0.895992 126.595474 943.262573
v -9.604611 123.782013 859.450806
v -9.604611 123.782013 943.262573
v -17.291750 116.094879 859.450806
v -17.291750 116.094879 943.262573
v -20.105215 105.594269 859.450806
v -20.105215 105.594254 943.262573
v -17.291750 95.093674 859.450806
v -17.291750 95.093658 943.262573
v -9.604611 87.407120 859.450806
v -9.604611 87.407120 943.262573
v 0.895992 84.593063 859.450806
v 0.895992 84.593063 943.262573
v 11.396597 87.407120 859.450806
v 11.396597 87.407120 943.262573
v 19.083141 95.093674 859.450806
v 19.083141 95.093658 943.262573
v 17.224869 105.594254 984.069946
v 21.897202 105.594254 984.069946
v 19.083141 116.094864 984.069946
v 15.036751 113.758682 984.069946
v 11.396597 123.781998 984.069946
v 9.060429 119.735596 984.069946
v 0.895992 126.595459 984.069946
v 0.895992 121.923126 984.069946
v -9.604611 123.781998 984.069946
v -7.268446 119.735596 984.069946
v -17.291750 116.094864 984.069946
v -13.245358 113.758682 984.069946
v -20.105215 105.594254 984.069946
v -15.432885 105.594254 984.069946
v -17.291750 95.093658 984.069946
v -13.245358 97.429825 984.069946
v -9.604611 87.407120 984.069946
v -7.268446 91.453506 984.069946
v 0.895992 84.593063 984.069946
v 0.895992 89.265396 984.069946
v 11.396597 87.407120 984.069946
v 9.060429 91.453506 984.069946
v 19.083141 95.093658 984.069946
v 15.036751 97.429825 984.069946
v 0.895992 126.595459 966.582703
v 11.396597 123.781998 966.582703
v -9.604611 123.781998 966.582703
v 0.895992 84.593063 966.582703
v -9.604611 87.407120 966.582703
v 11.396597 87.407120 966.582703
v 0.895992 87.630951 966.582703
v 9.877644 90.037598 966.582703
v -8.085660 90.037598 966.582703
v 0.895992 123.557556 966.582703
v -8.085660 121.150925 966.582703
v 9.877644 121.150925 966.582703
v 21.897202 105.594254 966.582703
v 19.083141 116.094864 966.582703
v -17.291750 116.094864 966.582703
v -20.105215 105.594254 966.582703
v -17.291750 95.093658 966.582703
v 19.083141 95.093658 966.582703
v 13.403507 112.815338 984.069946
v 13.403507 112.815338 966.582703
v 15.338764 105.594254 966.582703
v 15.338764 105.594254 984.069946
v 13.403507 98.373184 966.582703
v 13.403507 98.373184 984.069946
v 8.117081 93.086746 966.582703
v 8.117081 93.086746 984.069946
v 0.895992 91.151489 966.582703
v 0.895992 91.151489 984.069946
v -6.325098 93.086746 966.582703
v -6.325098 93.086746 984.069946
v -11.611523 98.373184 966.582703
v -11.611523 98.373184 984.069946
v -13.546780 105.594254 966.582703
v -13.546780 105.594254 984.069946
v -11.611523 112.815338 966.582703
v -11.611523 112.815338 984.069946
v -6.325098 118.101761 966.582703
v -6.325098 118.101761 984.069946
v 0.895992 120.037018 966.582703
v 0.895992 120.037018 984.069946
v 8.117081 118.101761 966.582703
v 8.117081 118.101761 984.069946
v 16.452660 114.575897 966.582703
v 18.859295 105.594254 966.582703
v 16.452660 96.612610 966.582703
v -14.660678 96.612610 966.582703
v -17.067312 105.594254 966.582703
v -14.660678 114.575897 966.582703
v 15.338764 105.594254 996.784119
v 17.224869 105.594254 996.784119
v 15.036751 113.758682 996.784119
v 13.403507 112.815338 996.784119
v 9.060429 119.735596 996.784119
v 8.117081 118.101761 996.784119
v 0.895992 121.923126 996.784119
v 0.895992 120.037018 996.784119
v -7.268446 119.735596 996.784119
v -6.325098 118.101761 996.784119
v -13.245358 113.758682 996.784119
v -11.611523 112.815338 996.784119
v -15.432885 105.594254 996.784119
v -13.546780 105.594254 996.784119
v -13.245358 97.429825 996.784119
v -11.611523 98.373184 996.784119
v -7.268446 91.453506 996.784119
v -6.325098 93.086746 996.784119
v 0.895992 89.265396 996.784119
v 0.895992 91.151489 996.784119
v 9.060429 91.453506 996.784119
v 8.117081 93.086746 996.784119
v 15.036751 97.429825 996.784119
v 13.403507 98.373184 996.784119
v 15.338764 105.594254 995.653076
v 15.338764 105.594254 996.186035
v 13.403507 112.815338 996.186035
v 13.403507 112.815338 995.653076
v 13.403507 98.373184 995.653076
v 13.403507 98.373184 996.186035
v 8.117081 93.086746 995.653076
v 8.117081 93.086746 996.186035
v 0.895992 91.151489 995.653076
v 0.895992 91.151489 996.186035
v -6.325098 93.086746 995.653076
v -6.325098 93.086746 996.186035
v -11.611523 98.373184 995.653076
v -11.611523 98.373184 996.186035
v -13.546780 105.594254 995.653076
v -13.546780 105.594254 996.186035
v -11.611523 112.815338 995.653076
v -11.611523 112.815338 996.186035
v -6.325098 118.101761 995.653076
v -6.325098 118.101761 996.186035
v 0.895992 120.037018 995.653076
v 0.895992 120.037018 996.186035
v 8.117081 118.101761 995.653076
v 8.117081 118.101761 996.186035
v -25.171940 213.284760 -8.728622
v -25.171940 211.917999 -13.828499
v -25.171940 208.184875 -17.561638
v -25.171940 194.252548 -13.828499
v -25.171940 203.085571 -18.927803
v -25.171940 197.985687 -17.561638
v -25.171940 202.336456 1.269814
v -25.171940 194.252548 -3.629326
v -25.171940 192.886398 -8.728622
v -25.171940 197.985687 0.103798
v -25.171940 208.184875 0.103798
v -25.171940 203.085571 1.470566
v -25.171940 211.917999 -3.629326
v -14.034147 208.184875 0.103798
v -14.034147 203.085571 1.470566
v -14.034147 211.917999 -3.629326
v -14.034147 213.284760 -8.728622
v -14.034147 211.917999 -13.828499
v -14.034147 208.184875 -17.561638
v -14.034147 203.085571 -18.927803
v -14.034147 197.985687 -17.561638
v -14.034147 194.252548 -13.828499
v -14.034147 192.886398 -8.728622
v -14.034147 194.252548 -3.629326
v -14.034147 197.985687 0.103798
v -14.034147 202.336456 1.269814
v 0.895992 203.085571 1.470566
v 0.895992 203.085571 -18.927803
v 0.895992 197.985687 0.103798
v 0.895992 202.336456 1.269814
v 0.895992 197.985687 -17.561638
v 0.895992 194.252548 -13.828499
v 0.895992 192.886398 -8.728622
v 0.895992 194.252548 -3.629326
v 26.963924 194.252548 -13.828499
v 26.963924 197.985687 -17.561638
v 26.963924 203.085571 -18.927803
v 26.963924 213.284760 -8.728622
v 26.963924 208.184875 -17.561638
v 26.963924 211.917999 -13.828499
v 26.963924 202.336456 1.269814
v 26.963924 208.184875 0.103798
v 26.963924 211.917999 -3.629326
v 26.963924 203.085571 1.470566
v 26.963924 194.252548 -3.629326
v 26.963924 197.985687 0.103798
v 26.963924 192.886398 -8.728622
v 15.826130 208.184875 0.103798
v 15.826130 203.085571 1.470566
v 15.826130 211.917999 -3.629326
v 15.826130 213.284760 -8.728622
v 15.826130 211.917999 -13.828499
v 15.826130 208.184875 -17.561638
v 15.826130 203.085571 -18.927803
v 15.826130 197.985687 -17.561638
v 15.826130 194.252548 -13.828499
v 15.826130 192.886398 -8.728622
v 15.826130 194.252548 -3.629326
v 15.826130 197.985687 0.103798
v 15.826130 202.336456 1.269814
v 18.570312 105.405380 744.608582
v 16.202168 114.242538 744.608582
v 16.202168 114.242538 766.033752
v 18.570312 105.405380 766.033752
v 9.733152 120.712143 744.608582
v 9.733152 120.712143 766.033752
v 0.895992 123.079697 766.033752
v 0.895992 123.079697 744.608582
v -3.522884 121.895905 744.608582
v -3.522884 121.895905 766.033752
v -7.941167 120.712143 766.033752
v -7.941167 120.712143 744.608582
v -14.410184 114.242538 744.608582
v -14.410184 114.242538 766.033752
v -16.778326 105.405380 744.608582
v -16.778326 105.405380 766.033752
v -14.410184 96.568222 744.608582
v -14.410184 96.568222 766.033752
v -7.941167 90.099213 744.608582
v -7.941167 90.099213 766.033752
v 9.733152 90.099213 766.033752
v 9.733152 90.099213 744.608582
v 16.202168 96.568222 744.608582
v 16.202168 96.568222 766.033752
v 5.314276 88.914841 744.608582
v -3.522884 88.914841 744.608582
v 0.895992 87.731064 744.608582
v -14.410184 114.242538 819.525757
v -16.778326 105.405380 819.525757
v -14.410184 96.568222 819.525757
v -3.522884 121.895905 819.525757
v 16.202168 114.242538 819.525757
v 5.314276 88.914841 819.525757
v -7.941167 90.099213 819.525757
v -3.522884 88.914841 819.525757
v 16.202168 96.568222 819.525757
v 9.733152 90.099213 819.525757
v 18.570312 105.405380 819.525757
v 5.314276 121.895905 819.525757
v 9.733152 120.712143 819.525757
v 0.895992 123.079697 819.525757
v -7.941167 120.712143 819.525757
v 16.202168 114.242538 773.732178
v 18.570312 105.405380 773.732178
v 9.733152 120.712143 773.732178
v 0.895992 195.235504 787.873535
v 0.895992 195.235504 792.433350
v 5.314276 195.212418 792.433350
v 5.314276 195.212418 787.873535
v -7.941760 217.315674 795.714050
v -7.941760 217.315674 800.273804
v -5.631651 217.315674 800.273804
v -5.631651 217.315674 795.714050
v -14.410184 114.242538 773.732178
v -7.941167 120.712143 773.732178
v -16.778326 105.405380 773.732178
v -14.410184 96.568222 773.732178
v -7.941167 90.099213 773.732178
v 0.895992 87.731064 766.033752
v 0.895992 87.731064 773.732178
v -3.522884 88.914841 773.732178
v -3.522884 88.914841 766.033752
v 9.733152 90.099213 773.732178
v 5.314276 88.914841 773.732178
v 5.314276 88.914841 766.033752
v 16.202168 96.568222 773.732178
v 5.314276 134.577530 819.525757
v 0.895992 135.549896 819.525757
v 9.733152 133.605164 811.021973
v 9.733152 133.605164 819.525757
v 9.733152 120.712143 810.335022
v 9.733152 133.605164 770.013184
v 5.314276 121.895905 766.033752
v 5.314276 134.577530 770.013184
v -3.522884 134.577530 770.013184
v 0.895992 135.549896 770.013184
v -7.941167 133.605164 770.013184
v -7.941167 133.605164 777.143188
v -7.941167 133.605164 819.525757
v -3.522884 134.577530 819.525757
v 9.733152 158.396347 819.525757
v 5.314276 158.961273 819.525757
v 5.314276 158.961868 777.676086
v 0.895992 159.526825 777.676086
v -7.941167 158.396347 777.676086
v -3.522884 158.961868 777.676086
v -7.941167 158.396347 812.336609
v -7.941167 133.605164 811.021973
v -7.941167 158.396347 819.525757
v -3.522884 158.961273 819.525757
v 0.895992 159.526825 819.525757
v 9.733152 195.189331 819.525757
v 5.314276 195.212418 819.525757
v -7.941167 195.189331 787.873535
v -3.522884 195.212418 787.873535
v -7.941167 195.189331 814.089478
v -7.941167 195.189331 819.525757
v 0.895992 195.235504 819.525757
v -3.522884 195.212418 819.525757
v 16.202168 114.242538 810.335022
v 18.570312 105.405380 810.335022
v 0.895992 195.235504 803.536804
v 5.314276 195.212418 803.536804
v -7.941760 217.315674 805.710022
v -5.631651 217.315674 805.710022
v -14.410184 114.242538 810.335022
v -7.941167 120.712143 810.335022
v -16.778326 105.405380 810.335022
v -14.410184 96.568222 810.335022
v -7.941167 90.099213 810.335022
v 0.895992 87.731064 810.335022
v -3.522884 88.914841 810.335022
v 9.733152 90.099213 810.335022
v 5.314276 88.914841 810.335022
v 16.202168 96.568222 810.335022
v 9.733152 133.605164 777.143188
v -7.941167 158.396347 783.698608
v 9.733152 195.189331 792.433350
v 9.733152 195.189331 803.536804
v 9.733152 158.396347 798.378845
v 9.733152 158.396347 783.698608
v -7.941167 195.189331 792.433350
v -7.941167 195.189331 803.536804
v -7.941167 158.396347 798.378845
v 0.895992 195.235504 814.089478
v 5.314276 195.212418 814.089478
v -7.941760 217.315674 812.176758
v -7.941760 217.315674 817.612976
v -5.631651 217.315674 817.612976
v -5.631651 217.315674 812.176758
v 0.895992 87.731064 819.525757
v 9.733152 158.396347 812.336609
v 9.733152 195.189331 814.089478
v -3.522884 195.212418 792.433350
v -3.522884 195.212418 814.089478
v -3.522884 195.212418 803.536804
v 5.314276 121.895905 744.608582
v 9.733152 158.396347 777.676086
v 9.733152 195.189331 787.873535
v 7.414751 217.315674 805.710022
v 7.414751 217.315674 812.176758
v 9.733742 217.315674 812.176758
v 9.733742 217.315674 805.710022
v 7.414751 217.315674 817.612976
v 9.733742 217.315674 817.612976
v -12.031382 200.631500 792.433350
v -12.031382 200.631500 787.873535
v -12.031382 200.631500 803.536804
v -12.031382 200.631500 819.525757
v -12.031382 200.631500 814.089478
v -7.513019 200.643326 819.525757
v -7.513019 200.643326 814.089478
v -7.513019 200.643326 803.536804
v -7.513019 200.643326 787.873535
v -7.513019 200.643326 792.433350
v 13.837578 200.631500 814.089478
v 13.837578 200.631500 819.525757
v 13.837578 200.631500 803.536804
v 13.837578 200.631500 787.873535
v 13.837578 200.631500 792.433350
v 9.319216 200.643326 787.873535
v 9.319216 200.643326 792.433350
v 9.319216 200.643326 803.536804
v 9.319216 200.643326 819.525757
v 9.319216 200.643326 814.089478
v -12.031382 211.694656 791.793762
v -13.876626 206.073654 789.140808
v -13.876626 206.073654 792.759033
v -12.031382 211.694656 796.353638
v -13.876626 206.073654 803.536804
v -12.031382 211.694656 804.620483
v -12.031382 211.694656 818.566406
v -12.031382 211.694656 813.130127
v -13.876626 206.073654 813.787537
v -13.876626 206.073654 819.063843
v -10.040460 206.074249 819.063843
v -8.666593 211.695267 818.566406
v -10.040460 206.074249 813.787537
v -8.666593 211.695267 813.130127
v -8.666593 211.695267 804.620483
v -10.040460 206.074249 803.536804
v -8.666593 211.694656 791.793762
v -8.666593 211.694656 796.353638
v -10.040460 206.074249 792.759033
v -10.040460 206.074249 789.140808
v 13.837578 211.694656 818.566406
v 15.696442 206.073654 819.063843
v 15.696442 206.073654 813.787537
v 13.837578 211.694656 813.130127
v 13.837578 211.694656 804.620483
v 15.696442 206.073654 803.536804
v 13.837578 211.694656 791.793762
v 13.837578 211.694656 796.353638
v 15.696442 206.073654 792.759033
v 15.696442 206.073654 789.140808
v 11.860275 206.074249 789.140808
v 10.467461 211.695267 791.793762
v 11.860275 206.074249 792.759033
v 10.467461 211.695267 796.353638
v 11.860275 206.074249 803.536804
v 10.467461 211.695267 804.620483
v 10.467461 211.695267 818.566406
v 10.467461 211.695267 813.130127
v 11.860275 206.074249 813.787537
v 11.860275 206.074249 819.063843
v 9.733742 217.315674 800.273804
v 9.733742 217.315674 795.714050
v 7.414751 217.315674 795.714050
v 7.414751 217.315674 800.273804
v -7.941167 80.469101 744.608582
v -3.522884 79.704605 744.608582
v 5.314276 79.704605 744.608582
v 0.895992 78.940094 744.608582
v 9.733152 80.469101 744.608582
v 9.733152 80.469101 766.033752
v 5.314276 79.704605 766.033752
v -3.522884 79.704605 766.033752
v 0.895992 78.940094 766.033752
v -7.941167 80.469101 766.033752
v -3.522884 68.768738 744.608582
v 0.895992 68.502258 744.608582
v 5.314276 68.768738 766.033752
v 0.895992 68.502258 766.033752
v -3.522884 63.365658 744.608582
v 0.895992 63.344929 744.608582
v 5.314276 68.768738 744.608582
v 9.733152 69.035233 744.608582
v 9.733152 63.385784 744.608582
v 5.314276 63.365658 744.608582
v 9.733152 69.035233 766.033752
v 9.733152 63.385784 766.033752
v 5.314276 63.365658 766.033752
v 0.895992 63.344929 766.033752
v -3.522884 68.768738 766.033752
v -7.941167 69.035233 766.033752
v -7.941167 63.385784 766.033752
v -3.522884 63.365658 766.033752
v -7.941167 69.035233 744.608582
v -7.941167 63.385784 744.608582
v 3.098324 194.363235 800.457397
v -1.306339 194.363235 800.457397
v -1.306339 208.633667 800.457397
v 3.098324 208.633667 800.457397
v -1.306339 194.363235 809.630310
v 3.098324 194.363235 809.630310
v 3.098324 208.633667 809.630310
v -1.306339 208.633667 809.630310
v 2.300060 214.158157 801.511475
v -0.508076 214.158157 801.511475
v -0.508076 214.158157 808.582153
v 2.300060 214.158157 808.582153
v -0.508076 208.633667 801.511475
v 2.300060 208.633667 801.511475
v -0.508076 208.633667 808.582153
v 2.300060 208.633667 808.582153
v -9.226799 175.344070 803.193359
v -9.043221 180.370499 803.193359
v -9.042038 179.696594 800.682434
v -9.042038 177.856094 798.840759
v -9.042038 175.342285 798.165710
v -9.042629 172.827881 798.840759
v -9.043814 170.987350 800.682434
v -9.044998 170.314056 803.193359
v -9.046183 170.987350 805.710022
v -9.046775 172.827881 807.551758
v -9.046183 175.342285 808.226868
v -9.045590 177.856094 807.551758
v -9.044406 179.696594 805.710022
v -8.557631 183.946716 803.205200
v -8.555855 182.793152 798.899963
v -8.555263 179.641556 795.749573
v -8.555263 175.336960 794.600708
v -8.557039 171.032379 795.749573
v -8.558815 167.880768 798.899963
v -8.560592 166.727768 803.205200
v -8.562368 167.880768 807.510315
v -8.563553 171.032379 810.666687
v -8.562961 175.336960 811.815491
v -8.561776 179.641556 810.666687
v -8.559407 182.793152 807.510315
v -7.861222 184.039108 798.195251
v -7.863000 185.386307 803.222900
v -7.860038 180.358078 794.517761
v -7.860630 175.329834 793.167603
v -7.861814 170.301620 794.517761
v -7.864183 166.620575 798.195251
v -7.866552 165.273376 803.222900
v -7.868921 166.620575 808.250549
v -7.869514 170.301620 811.933960
v -7.868921 175.329834 813.278137
v -7.867737 180.358078 811.933960
v -7.865368 184.039108 808.250549
v 0.895992 125.106857 -782.118347
v 0.895992 129.079254 -961.905334
v -14.444530 123.524567 -959.992615
v -13.478086 118.239899 -780.537231
v -23.970991 96.933731 -778.168518
v -27.318016 104.191559 -966.565857
v -35.134842 70.668625 -973.008850
v -28.044033 71.227036 -775.965576
v -34.570488 33.111134 -970.521667
v -27.459545 43.781094 -775.154297
v -32.405464 -15.272062 -972.440247
v -25.619040 11.436012 -776.936768
v -27.113712 -49.589699 -972.173767
v -21.540077 -9.786087 -775.770081
v -13.109156 -23.102524 -775.491821
v -15.007105 -70.570778 -972.452087
v 0.895992 -79.638885 -970.249207
v 0.895992 -29.620691 -773.466553
v 0.895992 124.083572 -720.708923
v -12.779902 117.130157 -718.961975
v -22.354330 97.641388 -717.813171
v 0.895992 121.180679 -693.616516
v -10.844053 116.741669 -693.770386
v -25.893219 74.585892 -714.828491
v -22.742802 97.296722 -694.001343
v -25.726225 54.667202 -715.539124
v -26.510277 76.584488 -694.913391
v -24.083508 23.995037 -718.233582
v -26.294128 57.362804 -693.877014
v -20.398346 3.201094 -717.617676
v -12.319182 -9.388142 -717.268250
v 0.895992 -14.554354 -714.064575
v -24.232145 29.165390 -694.623230
v -20.523296 8.661030 -696.156921
v -12.876428 -3.458605 -695.156189
v 0.895992 -9.342545 -692.941345
v 0.895992 113.613159 -671.184570
v -12.416893 108.857330 -670.550964
v -23.226616 93.722305 -672.789368
v -27.486786 76.206696 -673.192078
v -28.003172 60.207653 -673.014404
v -25.182600 32.171909 -672.440002
v -21.235695 13.387840 -670.716736
v -12.649621 1.937965 -669.881714
v 0.895992 -3.768326 -670.160034
v -24.109562 94.906067 -633.929077
v -14.387089 105.720535 -634.148743
v 0.895992 109.363052 -634.568665
v -14.039476 110.246597 -600.373596
v 0.895992 111.874512 -602.581299
v -24.021919 104.345490 -596.700806
v -28.656942 78.985214 -633.910095
v -29.654772 63.456379 -633.859802
v -27.531200 40.075779 -632.767761
v -23.690887 21.495419 -631.312256
v -15.177654 11.306896 -630.946289
v -17.716938 18.993443 -592.544861
v -25.121605 27.034710 -594.070374
v -28.613121 47.774166 -595.823242
v -29.772617 66.852554 -596.633301
v -29.401318 86.029831 -596.587158
v -29.664839 99.942596 -536.599548
v -27.840912 116.458603 -536.944824
v 0.895992 -79.627625 -1085.760498
v -15.685156 -71.024384 -1086.340942
v -16.980854 -71.842186 -1088.709595
v 0.895992 -82.443466 -1088.869507
v -28.709646 -45.306427 -1086.198730
v -29.493698 -45.536781 -1088.922729
v -33.781109 -13.536947 -1085.659912
v -33.811901 -12.232959 -1087.649536
v -36.183006 30.883942 -1084.345215
v -36.650238 31.076397 -1086.127686
v -36.234528 66.209488 -1082.781860
v -36.528843 66.654221 -1084.759766
v -26.182798 109.460220 -1081.526367
v -27.176483 110.360931 -1084.280029
v -10.611917 128.500107 -1081.040771
v -11.384125 131.253174 -1084.007690
v 0.895992 131.694946 -1081.194824
v 0.895992 134.608490 -1083.634644
v -34.321182 -11.072870 -1102.329834
v -36.640175 31.914337 -1100.458618
v -36.525288 67.559662 -1099.102417
v -29.815254 -44.866440 -1102.856934
v -27.170561 110.293411 -1098.119385
v -28.417700 67.525909 -1099.712402
v -29.481262 31.040874 -1101.074341
v -29.666615 -11.098339 -1102.063354
v -17.420847 -72.143013 -1102.809448
v -11.198771 131.393524 -1097.716675
v -12.489731 32.100292 -1101.080322
v -14.534542 -11.123212 -1101.796875
v -12.029013 67.517029 -1099.878174
v 0.895992 -82.735405 -1102.548950
v 0.895992 -11.139792 -1101.619263
v 0.895992 31.997833 -1101.062500
v 0.895992 134.825211 -1097.687134
v 0.895992 67.515839 -1099.895996
v -29.658325 76.735504 -536.256714
v -14.048952 120.800491 -537.104614
v 0.895992 120.548813 -536.736877
v -22.863016 30.079708 -535.267700
v -28.282089 41.033932 -535.447693
v 0.895992 13.664970 -596.747620
v 0.895992 27.802765 -535.087097
v -29.223663 58.598690 -535.799500
v 0.895992 -83.961823 -1071.483032
v -16.694828 -74.640846 -1070.405151
v -14.871495 -78.542747 -1015.936218
v 0.895992 -87.696136 -1017.694885
v -17.108173 -77.567429 -1043.620728
v 0.895992 -88.018875 -1045.059692
v -28.033371 -54.334274 -1014.212952
v -29.463497 -47.412827 -1069.108276
v -29.765511 -49.779198 -1043.152954
v -33.784660 -15.534384 -1067.770020
v -32.997650 -23.135664 -1013.283264
v -33.688728 -17.791204 -1041.708008
v -35.307758 23.498802 -1012.554871
v -36.012459 27.501980 -1066.911255
v -35.774994 26.797871 -1041.151367
v -35.827103 61.820805 -1012.460144
v -36.229195 64.280151 -1065.442627
v -36.107800 61.997860 -1038.403564
v -28.928162 101.631546 -1010.440735
v -27.447109 106.560303 -1065.975586
v -27.717148 105.484879 -1039.096436
v -12.317998 127.326996 -1067.106812
v -14.180416 124.974243 -1009.096497
v -14.030594 125.662949 -1036.875854
v 0.895992 130.770538 -1038.439087
v 0.895992 131.416016 -1067.657471
v 0.895992 130.044525 -1007.929871
v 0.895992 5.499935 -632.008667
v 15.270069 118.239899 -780.537231
v 16.236515 123.524567 -959.992615
v 25.762978 96.933731 -778.168518
v 29.110001 104.191559 -966.565857
v 29.836018 71.227036 -775.965576
v 36.926826 70.668625 -973.008850
v 29.251530 43.781094 -775.154297
v 36.362473 33.111134 -970.521667
v 27.411022 11.436012 -776.936768
v 34.197449 -15.272062 -972.440247
v 23.332062 -9.786087 -775.770081
v 28.905693 -49.589699 -972.173767
v 14.901138 -23.102524 -775.491821
v 16.799091 -70.570778 -972.452087
v 14.571884 117.130157 -718.961975
v 24.146313 97.641388 -717.813171
v 12.636038 116.741669 -693.770386
v 27.685204 74.585892 -714.828491
v 24.534786 97.296722 -694.001343
v 27.518208 54.667202 -715.539124
v 28.302258 76.584488 -694.913391
v 25.875488 23.995037 -718.233582
v 28.086113 57.362804 -693.877014
v 22.190331 3.201094 -717.617676
v 14.111164 -9.388142 -717.268250
v 26.024128 29.165390 -694.623230
v 22.315281 8.661030 -696.156921
v 14.668411 -3.458605 -695.156189
v 14.208874 108.857330 -670.550964
v 25.018600 93.722305 -672.789368
v 29.278770 76.206696 -673.192078
v 29.795158 60.207653 -673.014404
v 26.974583 32.171909 -672.440002
v 23.027679 13.387840 -670.716736
v 14.441605 1.937965 -669.881714
v 16.179073 105.720535 -634.148743
v 25.901546 94.906067 -633.929077
v 15.831459 110.246597 -600.373596
v 25.813904 104.345490 -596.700806
v 30.448925 78.985214 -633.910095
v 31.446758 63.456379 -633.859802
v 29.323185 40.075779 -632.767761
v 25.482872 21.495419 -631.312256
v 16.969639 11.306896 -630.946289
v 26.913589 27.034710 -594.070374
v 19.508923 18.993443 -592.544861
v 30.405106 47.774166 -595.823242
v 31.564598 66.852554 -596.633301
v 31.193298 86.029831 -596.587158
v 29.632896 116.458603 -536.944824
v 31.456821 99.942596 -536.599548
v 18.772835 -71.842186 -1088.709595
v 17.477139 -71.024384 -1086.340942
v 31.285679 -45.536781 -1088.922729
v 30.501633 -45.306427 -1086.198730
v 35.603886 -12.232959 -1087.649536
v 35.573097 -13.536947 -1085.659912
v 38.442223 31.076397 -1086.127686
v 37.974991 30.883942 -1084.345215
v 38.320816 66.654221 -1084.759766
v 38.026508 66.209488 -1082.781860
v 28.968468 110.360931 -1084.280029
v 27.974781 109.460220 -1081.526367
v 13.176107 131.253174 -1084.007690
v 12.403898 128.500107 -1081.040771
v 36.113167 -11.072870 -1102.329834
v 38.432156 31.914337 -1100.458618
v 38.317276 67.559662 -1099.102417
v 31.607239 -44.866440 -1102.856934
v 30.209682 67.525909 -1099.712402
v 28.962543 110.293411 -1098.119385
v 31.458595 -11.098339 -1102.063354
v 31.273243 31.040874 -1101.074341
v 19.212830 -72.143013 -1102.809448
v 12.990753 131.393524 -1097.716675
v 16.326527 -11.123212 -1101.796875
v 14.281715 32.100292 -1101.080322
v 13.820995 67.517029 -1099.878174
v 31.450306 76.735504 -536.256714
v 15.840935 120.800491 -537.104614
v 30.074074 41.033932 -535.447693
v 24.654999 30.079708 -535.267700
v 31.015652 58.598690 -535.799500
v 18.486813 -74.640846 -1070.405151
v 16.663479 -78.542747 -1015.936218
v 18.900158 -77.567429 -1043.620728
v 29.825359 -54.334274 -1014.212952
v 31.255482 -47.412827 -1069.108276
v 31.557495 -49.779198 -1043.152954
v 35.576645 -15.534384 -1067.770020
v 34.789631 -23.135664 -1013.283264
v 35.480709 -17.791204 -1041.708008
v 37.099743 23.498802 -1012.554871
v 37.804443 27.501980 -1066.911255
v 37.566975 26.797871 -1041.151367
v 37.619087 61.820805 -1012.460144
v 38.021175 64.280151 -1065.442627
v 37.899784 61.997860 -1038.403564
v 30.720150 101.631546 -1010.440735
v 29.239094 106.560303 -1065.975586
v 29.509132 105.484879 -1039.096436
v 14.109982 127.326996 -1067.106812
v 15.972401 124.974243 -1009.096497
v 15.822578 125.662949 -1036.875854
v -32.941986 50.904400 33.940582
v -32.941986 122.626144 33.940586
v -32.941986 123.539337 -539.329468
v -32.941986 25.717686 -539.329468
v 0.895992 25.717686 -539.329468
v 0.895992 50.904400 33.940582
v 0.895992 122.626144 33.940586
v 0.895992 123.539337 -539.329468
v 34.733967 123.539337 -539.329468
v 34.733967 122.626144 33.940586
v 34.733967 50.904400 33.940582
v 34.733967 25.717686 -539.329468
v 35.017033 133.138580 13.686718
v 34.490582 136.217941 13.684349
v 34.487625 135.805191 15.224026
v 34.486439 134.677673 16.351543
v 34.487026 133.137405 16.764297
v 34.489395 131.597733 16.351543
v 34.492355 130.470215 15.224617
v 34.495914 130.057449 13.684349
v 34.498875 130.470215 12.144081
v 34.500061 131.597733 11.016563
v 34.499462 133.137405 10.603806
v 34.497688 134.677673 11.016563
v 34.494137 135.805191 12.144081
v 33.058681 138.469421 13.676647
v 33.053349 137.754669 16.344437
v 33.051575 135.802231 18.297459
v 33.052162 133.134445 19.012222
v 33.056309 130.466660 18.297459
v 33.061638 128.514236 16.344437
v 33.068157 127.799454 13.676647
v 33.072891 128.514236 11.009453
v 33.075260 130.466660 9.056427
v 33.074074 133.134445 8.341667
v 33.070522 135.802231 9.056427
v 33.064598 137.754669 11.009453
v 31.103882 139.290787 13.667175
v 31.098557 138.465286 16.747124
v 31.095592 136.210251 19.002159
v 31.096771 133.130295 19.827660
v 31.101517 130.049759 19.002159
v 31.108025 127.794724 16.747124
v 31.115135 126.969803 13.667175
v 31.120461 127.794724 10.586632
v 31.123428 130.049759 8.331596
v 31.122242 133.130295 7.506683
v 31.117504 136.210251 8.331596
v 31.110992 138.465286 10.586632
v -33.225048 133.138580 13.647038
v -32.698597 136.217941 13.649410
v -32.695637 135.805191 12.109734
v -32.694450 134.677673 10.982208
v -32.695045 133.137405 10.569466
v -32.697411 131.597733 10.982208
v -32.700371 130.470215 12.109734
v -32.703926 130.057449 13.649410
v -32.706886 130.470215 15.189682
v -32.708073 131.597733 16.317196
v -32.707481 133.137405 16.729950
v -32.705704 134.677673 16.317196
v -32.702148 135.805191 15.189682
v -31.266697 138.469421 13.657108
v -31.261366 137.754669 10.989319
v -31.259590 135.802231 9.036293
v -31.260181 133.134445 8.321533
v -31.264328 130.466660 9.036293
v -31.269657 128.514236 10.989319
v -31.276171 127.799454 13.657108
v -31.280910 128.514236 16.324306
v -31.283278 130.466660 18.277325
v -31.282093 133.134445 18.992092
v -31.278542 135.802231 18.277325
v -31.272617 137.754669 16.324306
v -29.311897 139.290787 13.667175
v -29.306568 138.465286 10.586632
v -29.303608 136.210251 8.331596
v -29.304790 133.130295 7.506683
v -29.309528 130.049759 8.331596
v -29.316044 127.794724 10.586632
v -29.323149 126.969803 13.667175
v -29.328480 127.794724 16.747124
v -29.331440 130.049759 19.002159
v -29.330256 133.130295 19.827660
v -29.325518 136.210251 19.002159
v -29.319004 138.465286 16.747124
v -35.673134 194.744064 115.153870
v -35.355133 197.921738 115.156830
v -35.353355 197.495956 113.567413
v -35.352173 196.332306 112.404358
v -35.352764 194.742889 111.978584
v -35.353951 193.154068 112.404358
v -35.356319 191.990417 113.567406
v -35.358093 191.564636 115.156830
v -35.359871 191.990417 116.746246
v -35.360466 193.154068 117.909302
v -35.360466 194.742889 118.335075
v -35.359280 196.332306 117.909302
v -35.356911 197.495956 116.746254
v -34.488770 200.244873 115.164536
v -34.485809 199.507599 112.412056
v -34.484623 197.492401 110.396858
v -34.485214 194.739929 109.658997
v -34.487583 191.987457 110.396851
v -34.491138 189.972260 112.411469
v -34.494690 189.234406 115.164536
v -34.497650 189.972260 117.917007
v -34.498833 191.987457 119.932198
v -34.498245 194.739929 120.669479
v -34.495872 197.492401 119.932205
v -34.492325 199.507599 117.917007
v -33.306770 201.092300 115.174599
v -33.303810 200.240723 111.996338
v -33.302032 197.914032 109.669662
v -33.302624 194.735199 108.817513
v -33.305584 191.556931 109.669662
v -33.309139 189.230255 111.996338
v -33.313877 188.378693 115.174591
v -33.316837 189.230255 118.352844
v -33.318615 191.556931 120.680122
v -33.318020 194.735199 121.531693
v -33.315060 197.914032 120.680130
v -33.310913 200.240723 118.353447
v 32.918327 118.954056 -535.935120
v 32.918327 118.954056 -505.001221
v 32.980515 118.199631 -505.708862
v 32.980515 118.199631 -536.803833
v -31.188526 118.199631 -505.708862
v -31.126348 118.954056 -505.001221
v -31.126348 118.954056 -535.935120
v -31.188526 118.199631 -536.803833
v -6.140336 118.199020 -505.687012
v -6.015978 118.242264 -538.582214
v 7.807962 118.242264 -538.582214
v 7.932320 118.199020 -505.687012
v 8.212423 118.606400 -12.597954
v 8.172155 131.514816 -12.924248
v -6.380763 131.514816 -12.924248
v -6.420440 118.606400 -12.597954
v 4.374479 179.645813 -478.678650
v 4.967257 171.403214 -487.642517
v -3.525845 171.403214 -487.642517
v -2.933661 179.645813 -478.678650
v 21.587486 160.010757 -490.721924
v 21.587486 160.010757 -469.272949
v 25.585320 149.866058 -475.388428
v 25.585320 149.866058 -501.562378
v 6.494497 149.706116 -13.236328
v 5.584904 159.991165 -13.236328
v -3.792919 159.991165 -13.236328
v -4.702514 149.706116 -13.236328
v -5.948469 144.057907 -516.689697
v -4.319371 149.856583 -509.688293
v 5.760191 149.856583 -509.688293
v 7.738083 144.057907 -516.689697
v 32.669613 144.067993 -482.706055
v 32.669025 144.067993 -508.563782
v 8.146099 143.902710 -13.236328
v -6.354115 143.902710 -13.236328
v 7.768286 131.416565 -527.392273
v 7.794933 118.994934 -537.908325
v -6.002949 118.994934 -537.908325
v -5.976301 131.416565 -527.392273
v 4.944160 160.001297 -498.846619
v -3.502749 160.001297 -498.846619
v 18.807186 178.267212 -470.538452
v 18.807186 178.267212 -451.733704
v 21.702961 171.411499 -460.853943
v 21.702961 171.411499 -479.520142
v 4.945936 179.416000 -13.236320
v 3.609379 187.201447 -13.236320
v -1.817987 187.201447 -13.236320
v -3.153954 179.416000 -13.236320
v 32.795158 131.400589 -522.369995
v 30.594604 131.416565 -527.392273
v 30.467876 144.057907 -516.689697
v -28.917503 118.994934 -537.908325
v -28.974945 118.242264 -538.582214
v -30.655563 144.067993 -508.563782
v -23.793337 149.866058 -501.562378
v -21.059223 149.856583 -509.688293
v -28.456192 144.057907 -516.689697
v -19.795504 160.010757 -490.721252
v -17.530993 160.001297 -498.846619
v -19.910980 171.411499 -479.520142
v -17.015200 178.267212 -470.538452
v -15.070469 178.241745 -478.678650
v -17.631071 171.403214 -487.642517
v 3.175306 185.765442 -468.450378
v -1.734489 185.765442 -468.450378
v -1.890232 187.608902 -459.779114
v 3.682217 187.608902 -459.779114
v 16.511879 178.241745 -478.678650
v 11.329086 183.011795 -468.450378
v 12.937458 184.855255 -459.779114
v 18.972401 160.001297 -498.846619
v 19.071888 171.403214 -487.642517
v 22.500042 149.856583 -509.688293
v 30.766930 118.242264 -538.582214
v -16.534348 118.242264 -538.582214
v -16.847021 118.199020 -505.687012
v -3.817791 171.675552 -13.236328
v 5.609776 173.121078 -13.236328
v 3.682217 187.736771 -213.219177
v 3.682217 191.317139 -218.253326
v -1.890232 191.317139 -218.253326
v -1.890232 187.736771 -213.219177
v -23.793337 149.866013 -213.278412
v -19.795504 160.010727 -213.278412
v -19.795504 160.010727 -218.256317
v -23.793337 149.866013 -218.256897
v -30.655563 134.472809 -213.405151
v -30.655563 134.472809 -218.383026
v -11.145473 184.983124 -213.219177
v -11.145473 188.563477 -218.253326
v -17.015200 181.975418 -218.254517
v -17.015200 178.395081 -213.220367
v -19.910980 171.539368 -213.221558
v -19.910980 175.119705 -218.255707
v 18.807186 178.267151 -13.975960
v 18.397987 178.011932 -13.236916
v 21.267708 173.121078 -13.236328
v 21.702961 173.218781 -14.044060
v 3.682217 187.608856 -13.909637
v -1.890232 187.608856 -13.909637
v -10.831024 184.447784 -13.236916
v -11.145473 184.854614 -13.910233
v -17.015200 178.267151 -13.975960
v -16.606001 178.011322 -13.236916
v 7.932320 118.199570 -17.576439
v -6.140336 118.199570 -17.576439
v 25.585320 149.865997 -14.108612
v 25.089661 149.706116 -13.236328
v 32.226662 143.902710 -13.236328
v 32.669025 144.067932 -14.157768
v 21.587486 160.010712 -14.085518
v 21.159931 159.991165 -13.236328
v 32.795158 131.400589 -493.951660
v -19.192659 131.415359 -218.370605
v -18.450062 130.544266 -218.365875
v -18.450062 130.544266 -213.387360
v -19.192659 131.415359 -213.392700
v 30.709488 118.994934 -537.908325
v -30.893028 131.400589 -522.369995
v -28.692472 131.416565 -527.392273
v 32.980515 118.199600 -364.242645
v 32.918327 118.954041 -364.234344
v 32.918327 118.954041 -358.059082
v 32.980515 118.199600 -358.059662
v -31.126348 118.954041 -364.234344
v -31.188526 118.199600 -364.242645
v -31.188526 118.199600 -358.059662
v -31.126348 118.954041 -358.059082
v 7.932320 118.199005 -364.247375
v 7.932320 118.199005 -358.060852
v -6.140336 118.199005 -358.060852
v -6.140336 118.199005 -364.247375
v 21.587486 159.972244 -363.828125
v 21.587486 160.044495 -358.040161
v 25.585320 149.900391 -358.041870
v 25.585320 149.828156 -363.871368
v 32.669025 144.067978 -358.049011
v 32.669025 144.067978 -363.961365
v 12.937458 184.927475 -358.014679
v 18.807186 178.338257 -358.019989
v 18.807186 180.677979 -363.650482
v 12.937458 187.266022 -363.529083
v 21.702961 171.481354 -358.025909
v 21.702961 173.822266 -363.777191
v 3.682217 190.019669 -363.529083
v 3.682217 187.682327 -368.903748
v -1.890232 187.682327 -368.903748
v -1.890232 190.019669 -363.529083
v -23.793337 149.905121 -368.933319
v -23.793337 149.828156 -363.871368
v -19.795504 159.972244 -363.828125
v -19.795504 160.049240 -368.928619
v -30.655563 144.067978 -363.961365
v -30.655563 144.067978 -368.939301
v -11.145473 184.928680 -368.903748
v -17.015200 178.341812 -368.917969
v -17.015200 180.677979 -363.650482
v -11.145473 187.265427 -363.529083
v -31.188526 118.199600 -368.970642
v -16.847021 118.199005 -368.971222
v -16.847021 118.199005 -364.247375
v -19.910980 171.487869 -368.932770
v -19.910980 173.822266 -363.777191
v 32.795158 131.400558 -364.098755
v 32.795158 131.400558 -358.054321
v -30.893028 131.400558 -364.098755
v -30.893028 131.400558 -368.954651
v 3.682217 187.681137 -358.014679
v -1.890232 187.681137 -358.014679
v -23.793337 149.900391 -358.041870
v -19.795504 160.044495 -358.040161
v -30.655563 144.067978 -358.049011
v -11.145473 184.927475 -358.014679
v -17.015200 178.338257 -358.020599
v -16.847021 118.199005 -358.060852
v -19.910980 171.481354 -358.025909
v -30.893028 131.400558 -358.054321
v 32.980515 118.199600 -223.227692
v 32.918327 118.954041 -223.228271
v 32.918327 118.954041 -218.249817
v 32.980515 118.199600 -218.249817
v 7.932320 118.199005 -223.252533
v 7.932320 118.199005 -218.275238
v -6.140336 118.199005 -218.275238
v -6.140336 118.199005 -223.252533
v 25.585320 149.866013 -223.234802
v 21.587486 160.010727 -223.234192
v 21.587486 160.010727 -218.256317
v 25.585320 149.866013 -218.256897
v 32.669025 139.733170 -223.235962
v 32.669025 139.733170 -218.257477
v 12.937458 184.983124 -223.286896
v 12.937458 188.563477 -218.253326
v 18.807186 181.975418 -218.254517
v 18.807186 178.395081 -223.288086
v 21.702961 171.539368 -223.289276
v 21.702961 175.119705 -218.255707
v 32.795158 131.400558 -223.231842
v 32.795158 131.400558 -218.253937
v 32.980515 118.199600 -368.970642
v 32.918327 118.954041 -368.970062
v -31.126348 118.954041 -368.970062
v 7.932320 118.199005 -368.971222
v -6.140336 118.199005 -368.971222
v 25.585320 149.905121 -368.933319
v 21.587486 160.049240 -368.928619
v 32.669025 144.067978 -368.939301
v 12.937458 184.928680 -368.903748
v 18.807186 178.341812 -368.917969
v 21.702961 171.487869 -368.932770
v 32.795158 131.400558 -368.954651
v 32.980515 118.199600 -338.007141
v 32.918327 118.954041 -338.007141
v -31.189121 118.249344 -337.419067
v -31.126348 118.954041 -337.613342
v -6.140336 118.199005 -338.012482
v 7.932320 118.199005 -338.012482
v 25.585320 149.866043 -318.495850
v 21.587486 160.010742 -318.494690
v 32.669025 139.733170 -318.499390
v 12.937458 184.855240 -318.483398
v 18.807186 178.267197 -318.487549
v 21.702961 171.411484 -318.491699
v 32.795158 131.400558 -329.531799
v 3.682217 187.608887 -386.985474
v -1.890232 187.608887 -386.985474
v -19.795504 160.010742 -393.344360
v -23.793337 149.866043 -394.820038
v -30.655563 144.067978 -396.588928
v -11.145473 184.855240 -386.985474
v -17.015200 178.267197 -389.105499
v -31.188526 118.199600 -402.149506
v -16.847021 118.199005 -402.144165
v -19.910980 171.411484 -391.311371
v -30.893028 131.400558 -399.307068
v 3.682217 187.736771 -223.286896
v -1.890232 187.736771 -223.286896
v -1.890232 187.741501 -77.523796
v -1.890232 190.980164 -73.161171
v 3.682217 190.980164 -73.161171
v 3.682217 187.741501 -77.523796
v -19.795504 160.010727 -223.234192
v -23.793337 149.866013 -223.234802
v -7.352537 159.153824 -77.569984
v -11.350370 149.009705 -77.585991
v -11.350370 149.009705 -73.288506
v -7.352537 159.153824 -73.271904
v -30.655563 134.472809 -223.361511
v -18.212597 143.211044 -77.619743
v -18.212597 143.211044 -73.322853
v -11.145473 184.983124 -223.286896
v -17.015200 178.395081 -223.288086
v -19.910980 167.959000 -73.256508
v -17.015200 181.638443 -73.207954
v -17.015200 178.399811 -77.568810
v -19.910980 168.091064 -77.616173
v -19.910980 171.539368 -223.289276
v -8.365171 165.022949 -77.290474
v -8.365764 164.900360 -73.244072
v -19.192659 131.415359 -223.348511
v -18.450062 130.544266 -223.343750
v -18.683382 118.097122 -77.292274
v -18.683382 118.097122 -72.985313
v -18.450062 130.544235 -73.152901
v -18.450062 130.544235 -77.454521
v 32.980515 118.199570 -77.295815
v 32.918327 118.954010 -77.305885
v 32.918327 118.954010 -72.998940
v 32.980515 118.199570 -72.988274
v 32.918327 118.954041 -213.271301
v 32.980515 118.199600 -213.271301
v 7.932320 118.198975 -78.332726
v 7.932320 118.198975 -74.058937
v -6.140336 118.198975 -74.058937
v -6.140336 118.198975 -78.332726
v 7.932320 118.199005 -213.297943
v -6.140336 118.199005 -213.297943
v 25.585320 149.865997 -77.599602
v 21.587486 160.010712 -77.583595
v 21.587486 160.010712 -73.285530
v 25.585320 149.865997 -73.302132
v 21.587486 160.010727 -213.278412
v 25.585320 149.866013 -213.278412
v 32.669025 144.067932 -77.633369
v 32.669025 144.067932 -73.336479
v 32.669025 139.733170 -213.279602
v 12.937458 184.987839 -77.523796
v 12.937458 188.226517 -73.161171
v 18.807186 181.638443 -73.207954
v 18.807186 178.399811 -77.569389
v 12.937458 184.983124 -213.219177
v 18.807186 178.395081 -213.220367
v 21.702961 173.219376 -73.256508
v 21.702961 173.351440 -77.616173
v 21.702961 171.539368 -213.221558
v 32.795158 131.400528 -73.166527
v 32.795158 131.400528 -77.468147
v 32.795158 131.400558 -213.275421
v 3.682217 187.608871 -241.956085
v -1.890232 187.608871 -241.956085
v -1.890232 187.608871 -203.306610
v 3.682217 187.608871 -203.306610
v -23.793337 149.866013 -241.960846
v -19.795504 160.010727 -241.960236
v -19.795504 160.010727 -206.245636
v -23.793337 149.866013 -206.246826
v -30.655563 134.472809 -241.568817
v -30.655563 134.429581 -208.808014
v -11.145473 184.854630 -241.956085
v -17.015200 178.267166 -241.957886
v -19.910980 171.869812 -203.345123
v -17.015200 178.267166 -203.309570
v -19.910980 171.411469 -241.959045
v -19.192659 131.415359 -241.556366
v -18.450062 130.544266 -241.552795
v -18.450062 130.544266 -208.783142
v -18.683382 118.097153 -213.383240
v -18.683382 118.097153 -208.771881
v 32.980515 118.199600 -208.659363
v 32.918327 118.954041 -208.659973
v 32.980515 118.199600 -241.956665
v 32.918327 118.954041 -241.957275
v 7.932320 118.199005 -208.730438
v -6.140336 118.199005 -208.730438
v -6.140336 118.199005 -241.978577
v 7.932320 118.199005 -241.978577
v 25.585320 149.866013 -206.214844
v 21.587486 160.010727 -206.213654
v 25.585320 149.866013 -241.960846
v 21.587486 160.010727 -241.960236
v 32.669025 139.733170 -208.682465
v 32.669025 139.733170 -241.962006
v 12.937458 184.855209 -203.306610
v 18.807186 178.267166 -203.309570
v 21.702961 171.411469 -241.959045
v 18.807186 178.267166 -241.957886
v 21.702961 171.869812 -203.313141
v 32.795158 131.400558 -208.671234
v 32.795158 131.400558 -241.959656
v -1.890232 187.608856 -17.627960
v 3.682217 187.608856 -17.627960
v -1.890232 187.741501 -68.798561
v 3.682217 187.741501 -68.798561
v -11.350370 149.009705 -68.991035
v -7.352537 159.153824 -68.973839
v -18.212597 143.211044 -69.026558
v -19.910980 168.091064 -68.896263
v -17.015200 178.399811 -68.846519
v -8.364579 165.018799 -69.335075
v -18.683382 118.097122 -68.678352
v -18.450062 130.544235 -68.850685
v 32.918327 118.954010 -68.691978
v 32.980515 118.199570 -68.680733
v 7.932320 118.198975 -69.784554
v -6.140336 118.198975 -69.784554
v 21.587486 160.010712 -68.987465
v 25.585320 149.865997 -69.004646
v 32.669025 144.067932 -69.040184
v 12.937458 184.987839 -68.798561
v 18.807186 178.399811 -68.846519
v 21.702961 173.351440 -68.896263
v 21.702961 173.218781 -19.187775
v 21.587486 160.010712 -19.228035
v 32.795158 131.400528 -68.864311
v -1.890232 187.608856 -19.056900
v 3.682217 187.608856 -19.056900
v 3.682217 187.608871 -99.052635
v -1.890232 187.608871 -99.052635
v -9.925575 159.911804 -18.458206
v -12.249897 149.640396 -18.459389
v -11.350370 149.009720 -99.280052
v -7.352537 159.153839 -99.266411
v -16.351362 143.837585 -18.462349
v -18.212597 143.211060 -99.308479
v -17.015200 178.267151 -19.121445
v -19.910980 167.958420 -19.187775
v -11.145473 184.854630 -99.052635
v -17.015200 178.267166 -99.090538
v -11.145473 184.987839 -77.523796
v -10.702520 167.530853 -18.559464
v -8.365764 164.900375 -99.243324
v -16.472168 131.423615 -18.163292
v -16.621399 118.558441 -17.851807
v -18.450062 130.544250 -99.168724
v 32.918327 118.954010 -18.833649
v 32.980515 118.199570 -18.818840
v 32.980515 118.199585 -98.910530
v 32.918327 118.954025 -98.919411
v 7.932320 118.199570 -19.033211
v -6.140336 118.199570 -19.033211
v -6.140336 118.198990 -99.788734
v 7.932320 118.198990 -99.788734
v 25.585320 149.865997 -19.251137
v 25.585320 149.866013 -99.168129
v 21.587486 160.010727 -99.154488
v 32.669025 144.067932 -19.298508
v 32.669025 144.067947 -99.196541
v 18.807186 178.267151 -19.121445
v 12.937458 184.855194 -19.056900
v 18.807186 178.267166 -99.090538
v 21.702961 173.218796 -99.130211
v 32.795158 131.400528 -19.064003
v 32.795158 131.400543 -99.056801
v 32.918327 118.954041 -401.978363
v 32.980515 118.199600 -402.149506
v -31.126348 118.954041 -401.978363
v 7.932320 118.199005 -402.144165
v -6.140336 118.199005 -402.144165
v 21.587486 160.010742 -393.344360
v 25.585320 149.866043 -394.820038
v 32.669025 144.067978 -396.588928
v 18.807186 178.267197 -389.105499
v 12.937458 184.855240 -386.985474
v 21.702961 171.411484 -391.311371
v 32.795158 131.400558 -399.307068
v -19.795504 160.010757 -469.272949
v -23.793337 149.866058 -475.388428
v -30.655563 144.067993 -482.706055
v -11.145473 184.855240 -442.969299
v -17.015200 178.267212 -451.733704
v -19.910980 171.411499 -460.853943
v -30.893028 131.400589 -493.951660
v 12.937458 184.855240 -442.969299
v 3.682217 187.608887 -442.969299
v -1.890232 187.608887 -442.969299
v -11.145473 184.855255 -459.779114
v 3.682217 187.608887 -318.483398
v -1.890232 187.608887 -318.483398
v -23.793337 149.866043 -318.496460
v -19.795504 160.010742 -318.494690
v -30.926783 134.620865 -318.070099
v -17.015200 178.267197 -318.487549
v -11.145473 184.854645 -318.483398
v -19.910980 171.411484 -318.491699
v -30.893028 131.400558 -329.138031
v -19.795504 160.010727 -310.706879
v -23.793337 149.866013 -310.708618
v -30.655563 134.472809 -310.317841
v -11.145473 184.854630 -310.696198
v -17.015200 178.267166 -310.700317
v -19.910980 171.411469 -310.704468
v -19.192659 131.415359 -309.636200
v -18.486776 129.039520 -318.632660
v 32.980515 118.199600 -328.233704
v 32.918327 118.954041 -328.233154
v -6.140336 118.199005 -328.240265
v 7.932320 118.199005 -328.240265
v 25.585320 149.866013 -310.708038
v 21.587486 160.010727 -310.706879
v 32.669025 139.733170 -310.711609
v 21.702961 171.411469 -310.704468
v 18.807186 178.267166 -310.700317
v 32.795158 131.400558 -320.620605
v -23.793337 149.822800 -182.742462
v -19.795504 159.967499 -182.739502
v -30.655563 134.429581 -192.467896
v -17.015200 178.267166 -171.171143
v -11.145473 184.854630 -171.162292
v -11.145473 184.854630 -203.306610
v -19.910980 167.915192 -171.305573
v 32.918327 118.954041 -192.278961
v 32.980515 118.199600 -192.276611
v 21.587486 160.010727 -182.613953
v 25.585320 149.866013 -182.616882
v 32.669025 139.733170 -192.342346
v 21.702961 173.218796 -171.180054
v 18.807186 178.267166 -171.171143
v 7.932320 118.199005 -192.478546
v 32.795158 131.400558 -192.310364
v -7.346615 158.405319 -166.534943
v -11.843658 148.465500 -166.539703
v -17.235493 133.322174 -176.772034
v -11.145473 184.854630 -158.823517
v -17.015200 178.267166 -158.837158
v -8.365764 164.900375 -158.114075
v -18.450062 130.544250 -176.648865
v 32.980515 118.199585 -176.484833
v 32.918327 118.954025 -176.487793
v -6.140336 118.198990 -176.796936
v -6.140336 118.199005 -192.478546
v 7.932320 118.198990 -176.796936
v 25.585320 149.866013 -168.436462
v 21.587486 160.010727 -168.431091
v 32.669025 140.437271 -176.586090
v 21.702961 173.218796 -158.851349
v 18.807186 178.267166 -158.837158
v 32.795158 131.400543 -176.536926
v -16.266680 131.514816 -12.924248
v -16.406435 118.606400 -12.597954
v 32.514465 118.846237 -12.597954
v 32.341549 131.514816 -12.924248
v -8.493674 179.002701 -478.678650
v -9.987755 171.403214 -487.642517
v -10.193243 159.991165 -13.236328
v -12.343462 149.706116 -13.236328
v -11.988152 149.856583 -509.688293
v -16.259573 144.057907 -516.689697
v -16.157719 143.902710 -13.236328
v -16.500593 118.994934 -537.908325
v -16.383341 131.416565 -527.392273
v -9.929721 160.001297 -498.846619
v -5.947285 185.940079 -13.236320
v -9.316811 178.772293 -13.236916
v -6.130269 186.346954 -459.779114
v -5.469984 184.504089 -468.450378
v -6.130269 190.055771 -218.253326
v -6.130269 186.475433 -213.219177
v -6.130269 186.346909 -13.909637
v 12.623009 184.447784 -13.236320
v 12.937458 184.855194 -13.910233
v -16.561588 118.571457 -16.393265
v -6.130269 188.757736 -363.529083
v -6.130269 186.420975 -368.903748
v -6.130269 186.419189 -358.014679
v -18.683382 118.097153 -218.361725
v -18.683382 118.097153 -223.340179
v -6.130269 186.346939 -386.985474
v -6.130269 186.475433 -223.286896
v -6.130269 189.718811 -73.161171
v -6.130269 186.480148 -77.523796
v -6.130269 186.346924 -241.956085
v 12.937458 184.855209 -241.956085
v -6.130269 186.346924 -203.306610
v -18.683382 118.097153 -241.549866
v 12.937458 184.855194 -17.627960
v -6.130269 186.480148 -68.798561
v -6.130269 186.346909 -19.056900
v -6.130269 186.346924 -99.052635
v 12.937458 184.855209 -99.052635
v -18.683382 118.097137 -99.031334
v -6.130269 186.346939 -442.969299
v -6.130269 186.346939 -318.483398
v -1.890232 187.608871 -310.696198
v -6.130269 186.346924 -310.696198
v 3.682217 187.608871 -310.696198
v 12.937458 184.855209 -310.696198
v -19.160683 118.760986 -325.672546
v 3.682217 187.608871 -171.162292
v 12.937458 184.855209 -171.162292
v -18.683382 118.097153 -192.390900
v -1.890232 187.608871 -158.822937
v -1.890232 187.608871 -171.162292
v -6.130269 186.346924 -171.162292
v -6.130269 186.346924 -158.823517
v 3.682217 187.608871 -158.822937
v 12.937458 184.855209 -158.823517
v -18.683382 118.097137 -176.600311
v 32.795158 131.400528 -13.916748
v -19.351957 131.419510 -208.502441
v -16.297474 143.855331 -17.011497
v -16.415318 131.449097 -16.708893
v 32.918327 118.954010 -13.680458
v 32.918327 118.954010 -17.402931
v 32.795158 131.400528 -17.635071
v -19.405254 129.055511 -327.495270
v -20.092779 118.149857 -335.379639
v -18.450062 130.544266 -192.422272
v -9.888268 183.011795 -468.450378
v -19.910980 167.958420 -14.044060
v -18.906635 167.652847 -14.042885
v -11.145473 188.226517 -73.161171
v -11.145473 184.854614 -17.627960
v -17.015200 178.267151 -17.692505
v -11.145473 184.987839 -68.798561
v 21.702961 173.218781 -17.760017
v 18.807186 178.267151 -17.692505
v -11.145473 184.854614 -19.056900
v -19.910980 167.915192 -99.255760
v -19.910980 167.915192 -158.976898
v -10.945908 167.804443 -13.301468
v -18.906635 167.652847 -17.761795
v -19.910980 167.958420 -17.760017
v -18.906635 167.653427 -73.255333
v -18.906635 167.784317 -68.934761
v -18.906635 167.784897 -77.587746
v -18.906635 167.652863 -99.255165
v -18.906635 167.652863 -158.901672
v -18.792343 159.825958 -182.545227
v -18.906635 167.652863 -171.216156
v -22.838144 149.701401 -182.548218
v -29.712807 134.169006 -192.366608
v -29.671946 134.167831 -208.781372
v -29.658325 134.167236 -218.382446
v -29.658325 134.167236 -213.403961
v -29.658325 134.167236 -223.360352
v -29.658325 134.167236 -241.567627
v -29.658325 134.167236 -310.258606
v -29.658325 134.167236 -318.065918
v -29.893421 131.196259 -328.995239
v -18.906635 167.652847 -19.190727
v -8.365764 164.900375 -170.278137
v -8.262724 158.346085 -180.505768
v -12.813064 148.428207 -180.508728
v -19.820967 131.431351 -191.301880
v -19.192659 131.415359 -317.348846
v 32.980515 118.199570 -17.388123
v -12.275953 149.658737 -17.009720
v -9.999599 159.933716 -17.008537
v -10.770029 167.606644 -17.099144
v 21.587486 160.010712 -17.800293
v 25.585320 149.865997 -17.823380
v 32.669025 144.067932 -17.871353
v -6.130269 186.346909 -17.627960
v -19.264906 -178.004211 -537.132446
v -6.256405 -174.243256 -542.510193
v -7.654551 -182.596588 -538.961182
v -6.849180 -172.952301 -450.375793
v 9.171169 -172.952301 -450.375793
v 9.171169 -160.026123 -444.929504
v -6.849180 -160.026123 -444.929504
v -15.614685 -7.885212 -366.007385
v 17.417328 -7.885212 -366.007385
v 22.046429 4.002878 -365.711273
v -20.244379 4.002878 -365.711273
v -6.849180 -37.157440 -493.433411
v 9.171169 -37.157440 -493.433411
v 9.171169 -134.637405 -533.019165
v -6.849180 -134.637405 -533.019165
v 29.607433 -154.107224 -513.717529
v 22.619663 -148.523529 -531.425598
v 22.619663 -136.409805 -526.609436
v 29.510315 -141.129517 -508.491516
v 25.889111 -48.128830 -427.005280
v 20.458195 -49.240372 -405.312958
v 22.619663 -158.253098 -451.338623
v 29.266335 -152.741653 -466.651978
v -20.827681 -171.118301 -456.770813
v -20.827681 -158.253098 -451.338623
v -27.474350 -153.650665 -466.980591
v -27.671547 -167.456238 -472.362976
v -20.827681 -38.413460 -486.900513
v -20.827681 -136.409805 -526.609436
v -27.702934 -141.961548 -508.817261
v -26.859665 -40.190605 -467.781860
v 9.171169 -146.689529 -537.820007
v 8.349810 -50.496391 -398.779999
v 28.651646 -40.190605 -467.781860
v 22.619663 -38.413460 -486.900513
v 22.619663 -22.978189 -481.947510
v 28.651646 -23.284943 -461.992126
v 9.171169 -22.875742 -488.599426
v -6.849180 -22.875742 -488.599426
v -20.827681 -22.978189 -481.947510
v -26.859665 -23.284943 -461.992126
v -18.659695 -49.240372 -405.312958
v -18.659695 -26.827389 -400.252777
v -24.090612 -23.932201 -419.033875
v -24.090612 -48.128830 -427.005280
v -6.074012 -50.496391 -398.779999
v -6.074012 -31.605135 -392.166473
v 8.349810 -31.605135 -392.166473
v 20.458195 -26.827389 -400.252777
v 25.889111 -23.932201 -419.033875
v -18.659695 -14.287903 -387.257904
v -24.090612 -2.692944 -394.179291
v -6.074012 -21.449774 -383.092468
v 8.349810 -21.449774 -383.092468
v 20.458195 -14.287903 -387.257904
v 25.889111 -2.692944 -394.179291
v -18.659695 -11.674004 -377.234558
v -24.090612 2.320484 -377.128571
v -6.074012 -20.947603 -377.216827
v 8.349810 -20.947603 -377.216827
v 20.458195 -11.674004 -377.234558
v 20.458195 -11.541355 -366.021576
v 25.889111 2.320484 -377.128571
v 25.889111 2.646770 -365.714233
v 22.046429 12.748840 -365.713623
v -20.244379 12.748840 -365.713623
v 28.651646 1.578487 -465.953735
v 28.081966 2.061117 -452.141113
v 28.081966 -23.418777 -446.826233
v 22.619663 1.681524 -483.352112
v 9.171169 1.715876 -490.004150
v -6.849180 1.715876 -490.004150
v -20.827681 1.681524 -483.352112
v -26.859665 1.578487 -465.953735
v -24.528236 3.549868 -431.130981
v -24.528236 -23.829752 -432.105743
v -24.090612 3.919382 -415.698700
v -24.090612 10.339838 -394.179291
v 25.889111 3.919382 -415.698700
v 25.889111 10.339838 -394.179291
v -24.090612 2.646770 -365.714233
v -24.090612 12.688438 -365.714233
v -24.090612 12.578884 -377.128571
v 25.889111 12.578884 -377.128571
v -18.659695 -11.541355 -366.021576
v -6.074012 -20.933390 -366.124023
v -4.790157 -15.864889 -366.104523
v 7.015028 -15.864889 -366.104523
v 8.349810 -20.933390 -366.124023
v 25.889111 12.688438 -365.714233
v -20.244379 30.406574 -365.714233
v 22.046429 30.406574 -365.714233
v 25.889111 34.038441 -365.714233
v -24.090612 34.038441 -365.714233
v -24.090612 21.539810 -365.714233
v -20.244379 20.237591 -365.714233
v -20.244379 16.058556 -365.714233
v -24.090612 16.480190 -365.714233
v -24.090612 15.120544 -394.179291
v -24.090612 16.441700 -377.128571
v 25.889111 16.441700 -377.128571
v 25.889111 16.480190 -365.714233
v -26.833015 33.901054 -394.179291
v -26.626343 20.597057 -394.179291
v -26.616869 21.631599 -377.128571
v -26.833607 34.034294 -377.128571
v 25.889111 21.539810 -365.714233
v 28.415367 21.631599 -377.128571
v 28.632107 34.034294 -377.128571
v 22.619663 -171.118301 -456.770813
v 24.260010 -182.871368 -454.753784
v 30.737911 -180.176926 -476.418274
v 29.491955 -167.366821 -472.330383
v 9.822571 -183.569565 -448.239197
v -7.382738 -183.569565 -448.239197
v -22.401112 -182.871368 -454.753784
v -28.879604 -180.176926 -476.418274
v -27.786430 -154.189545 -513.749573
v -20.827681 -148.523529 -531.425598
v -22.401112 -159.527481 -534.178040
v -28.879604 -166.306808 -517.996094
v -7.382146 -157.693497 -540.572510
v -6.849180 -146.689529 -537.820007
v 9.822571 -157.693497 -540.572510
v 24.260010 -159.527481 -534.178040
v 30.737911 -166.306808 -517.996094
v 34.001442 -179.840576 -507.734070
v 28.012089 -189.138443 -511.805359
v 28.012089 -182.396454 -526.702393
v 34.001442 -173.512497 -523.055115
v 34.001442 -189.477768 -474.044250
v 26.830090 -194.900406 -452.689453
v 20.946152 -202.474442 -459.445129
v 28.012089 -199.962387 -476.284973
v 10.854746 -194.436752 -446.052856
v 9.258219 -202.010757 -452.809082
v -8.191661 -194.436752 -446.052856
v -6.256405 -202.010757 -452.809082
v -24.825512 -194.900406 -452.689453
v -18.682791 -202.474442 -459.445129
v -31.996861 -189.477768 -474.044250
v -25.748135 -199.962387 -476.284973
v -25.748135 -197.033447 -488.797852
v -31.996861 -185.541534 -486.848999
v -24.825512 -170.790222 -536.995117
v -25.748135 -182.396454 -526.702393
v -31.996861 -173.512497 -523.055115
v -8.191661 -168.956238 -543.390076
v 10.854746 -168.956238 -543.390076
v 9.258219 -174.243256 -542.510193
v 26.830090 -170.790222 -536.995117
v 21.528862 -178.004211 -537.132446
v -7.522493 -206.486481 -460.843811
v -12.205483 -205.035034 -478.198975
v -12.096521 -202.105499 -490.711792
v 7.799078 -182.596588 -538.961182
v 3.624775 -194.210510 -513.719910
v 3.773413 -187.468491 -528.616333
v 7.937059 -206.486481 -460.843811
v 3.050949 -205.035034 -478.198975
v 3.165239 -202.105499 -490.711792
v -11.513221 -187.468491 -528.616333
v 34.001442 -185.541534 -486.848999
v 30.737911 -177.440460 -485.262512
v -31.996861 -179.840576 -507.734070
v -28.879604 -171.195282 -505.560181
v 22.046429 16.058556 -365.714233
v 28.651646 9.501316 -467.128723
v 28.081966 10.347546 -451.497437
v 22.619663 7.675615 -485.607178
v 9.171169 7.688051 -492.258545
v -6.849180 7.688051 -492.258545
v -20.827681 7.675615 -485.607178
v -26.859665 7.578487 -467.128723
v -24.090612 13.604549 -415.698700
v -24.528236 12.652317 -431.524811
v 25.889111 13.604549 -415.698700
v 25.889111 15.120544 -394.179291
v 22.046429 20.237003 -365.714233
v 31.490578 16.406773 -468.169739
v 30.859905 17.004875 -452.324097
v 22.619663 17.307480 -488.008484
v 9.171169 17.399273 -494.659912
v -6.849180 17.399273 -494.659912
v -20.827681 17.307480 -488.008484
v -29.698593 16.406773 -468.169739
v -26.634041 19.306095 -415.698700
v -27.118448 18.847752 -431.874176
v 28.432541 19.306095 -415.698700
v 28.424839 20.597057 -394.179291
v 31.697842 33.658863 -470.201477
v 31.065395 33.657078 -454.709351
v 22.619663 33.662411 -490.157532
v 9.171169 33.663601 -496.809570
v -6.849180 33.663601 -496.809570
v -20.827681 33.662411 -490.157532
v -29.905857 33.658863 -470.201477
v -26.833015 33.651161 -415.698700
v -27.319199 33.652348 -432.555756
v 28.632107 33.651161 -415.698700
v 28.632107 33.901054 -394.179291
v 26.325550 3.549868 -431.130981
v 26.325550 -23.829752 -432.105743
v -26.288799 2.061117 -452.141113
v -26.288799 -23.418777 -446.826233
v 28.012089 -197.033447 -488.797852
v -25.748135 -189.138443 -511.805359
v -11.655937 -194.210510 -513.719910
v 30.737911 -171.195282 -505.560181
v -28.879604 -177.440460 -485.262512
v 26.325550 12.956108 -431.524811
v -26.288799 8.821489 -451.497437
v 28.915760 18.847752 -431.874176
v -29.066734 17.004875 -452.324097
v 29.116512 33.652348 -432.555756
v -29.272221 33.657078 -454.709351
v 30.515251 -158.811539 -501.182190
v 30.368389 -164.568161 -480.346191
v 30.268311 -145.064590 -496.322815
v 29.958008 -150.278168 -474.888000
v 29.057293 -42.179752 -455.933472
v 27.555515 -47.151726 -439.157471
v -30.214977 -164.744629 -480.413086
v -30.360657 -158.981491 -501.242615
v -29.856113 -152.065384 -475.570862
v -30.146877 -146.783691 -496.930359
v -25.638580 -47.075928 -438.741699
v -27.140951 -44.315758 -454.838501
vn -0.4668 -0.8253 -0.3179
vn -0.5626 -0.8224 -0.0842
vn -0.9681 -0.2501 0.0163
vn -0.9422 -0.3269 -0.0741
vn -1.0000 -0.0000 -0.0000
vn -0.9842 -0.1772 -0.0019
vn -0.9864 -0.1622 0.0251
vn -0.5744 -0.8008 0.1696
vn -0.9574 -0.2820 0.0617
vn -0.9962 0.0617 -0.0613
vn -0.9701 -0.0866 -0.2268
vn -0.8416 -0.5115 -0.1736
vn -0.8163 -0.5766 0.0345
vn -0.9942 -0.1079 0.0040
vn -0.9538 -0.2816 0.1045
vn -0.5500 -0.8009 0.2368
vn -0.5045 -0.8623 -0.0430
vn -0.9530 -0.1823 -0.2419
vn -0.9968 0.0566 0.0570
vn -0.9737 0.2278 0.0020
vn -0.9455 -0.2021 0.2554
vn -0.6574 -0.7477 0.0937
vn -0.7010 -0.7067 0.0960
vn -0.7348 -0.6292 0.2533
vn -0.0000 -0.0000 1.0000
vn -0.0000 0.9999 0.0143
vn -0.0000 -0.0000 -1.0000
vn -0.0000 0.9999 0.0137
vn -0.0000 0.9999 0.0140
vn -0.0000 0.9999 0.0141
vn -0.0000 -0.9998 0.0177
vn -0.3918 -0.9185 0.0532
vn -0.0000 -0.9988 0.0484
vn -0.0000 -0.9846 0.1746
vn -0.0000 -0.9277 0.3734
vn -0.9911 -0.1334 0.0040
vn -0.7873 -0.6160 0.0255
vn -0.7714 -0.5844 0.2519
vn -0.9538 -0.1651 0.2510
vn -0.9730 0.2307 0.0003
vn -0.3458 -0.9374 0.0418
vn -0.0000 -1.0000 0.0099
vn -0.0000 0.9999 0.0145
vn -0.9706 0.1877 0.1509
vn -0.9729 0.2313 0.0016
vn -0.9742 0.2256 -0.0000
vn -0.9689 0.1697 -0.1802
vn -0.0000 -0.9868 0.1619
vn -0.0000 -0.9887 -0.1500
vn -0.0000 -0.9856 0.1693
vn -0.0000 -0.9332 -0.3594
vn -0.0000 -0.9317 0.3632
vn 0.9681 -0.2501 0.0163
vn 0.5626 -0.8224 -0.0842
vn 0.4668 -0.8253 -0.3179
vn 0.9422 -0.3269 -0.0741
vn 1.0000 -0.0000 -0.0000
vn 0.9864 -0.1622 0.0251
vn 0.9842 -0.1772 -0.0019
vn 0.9574 -0.2820 0.0617
vn 0.5744 -0.8008 0.1696
vn 0.9962 0.0617 -0.0613
vn 0.9701 -0.0866 -0.2268
vn 0.9942 -0.1079 0.0040
vn 0.8163 -0.5766 0.0345
vn 0.8416 -0.5115 -0.1736
vn 0.5045 -0.8624 -0.0430
vn 0.5500 -0.8009 0.2368
vn 0.9538 -0.2816 0.1045
vn 0.9530 -0.1823 -0.2419
vn 0.9968 0.0566 0.0570
vn 0.9737 0.2278 0.0020
vn 0.7010 -0.7067 0.0960
vn 0.6574 -0.7477 0.0937
vn 0.9455 -0.2021 0.2554
vn 0.7348 -0.6292 0.2533
vn 0.3918 -0.9185 0.0532
vn 0.9911 -0.1334 0.0040
vn 0.9538 -0.1651 0.2510
vn 0.7714 -0.5844 0.2519
vn 0.7873 -0.6160 0.0255
vn 0.9730 0.2307 0.0006
vn 0.3458 -0.9374 0.0418
vn 0.9729 0.2313 0.0016
vn 0.9706 0.1877 0.1509
vn 0.9689 0.1697 -0.1802
vn 0.9742 0.2256 -0.0000
vn -0.0000 1.0000 0.0049
vn -0.0000 0.0591 0.9983
vn -0.0000 0.0118 0.9999
vn -0.0000 1.0000 -0.0000
vn -0.0000 0.0042 -1.0000
vn -0.0000 -1.0000 0.0055
vn -0.0000 -0.9985 -0.0553
vn -0.0000 1.0000 -0.0055
vn -0.0000 0.9992 0.0391
vn -0.0000 0.0033 1.0000
vn -0.0000 -0.1074 0.9942
vn -0.0000 0.0034 -1.0000
vn -0.0000 0.1147 -0.9934
vn -0.0000 -0.8909 -0.4542
vn -0.0000 0.8960 0.4440
vn -0.0000 -0.4806 0.8769
vn -0.0000 0.4850 -0.8745
vn -0.0000 -0.4198 -0.9076
vn -0.0000 -0.0590 -0.9983
vn -0.0000 0.4082 0.9129
vn -0.0000 -0.8769 0.4806
vn -0.0000 -0.9939 0.1105
vn -0.0000 0.8757 -0.4828
vn -0.0000 0.9935 -0.1141
vn -0.0000 0.0033 -1.0000
vn 0.9866 -0.0000 0.1631
vn -0.9948 -0.0000 -0.1020
vn -0.0000 -1.0000 -0.0000
vn -0.0062 -0.9993 0.0370
vn -0.0055 -0.9996 0.0274
vn -0.0000 -0.4536 0.8912
vn -0.0141 -0.7127 0.7013
vn -0.0000 -0.7032 0.7110
vn 0.1573 -0.0000 0.9876
vn -0.1573 -0.0000 -0.9876
vn -0.1573 -0.0000 -0.9875
vn 0.7029 -0.0000 0.7113
vn -0.7454 -0.0000 -0.6666
vn 0.9935 0.0378 0.1076
vn 0.9986 0.0530 -0.0003
vn -0.9992 -0.0388 0.0007
vn -0.9992 -0.0394 0.0003
vn -1.0000 -0.0000 0.0001
vn 0.0032 -0.0034 1.0000
vn -0.0000 -0.0054 1.0000
vn -0.0000 -0.2058 0.9786
vn -0.9972 -0.0292 -0.0682
vn -0.0195 -0.9539 0.2996
vn -0.0315 -0.9659 0.2568
vn 0.9986 0.0523 -0.0000
vn -0.9992 -0.0407 0.0007
vn 0.9986 0.0520 -0.0007
vn -0.0000 -0.9988 0.0494
vn -0.0474 -0.9977 0.0493
vn -0.0000 -0.9988 0.0495
vn -0.0000 0.9988 -0.0494
vn 0.0342 0.9982 -0.0494
vn 0.0342 0.9982 -0.0493
vn 0.0343 0.9982 -0.0494
vn 0.0003 -0.0415 -0.9991
vn 0.0016 -0.0481 -0.9988
vn 0.0019 -0.0494 -0.9988
vn 0.0012 -0.0419 -0.9991
vn -0.2526 -0.9664 0.0478
vn 0.2716 0.9612 -0.0475
vn 0.2711 0.9614 -0.0477
vn 0.2713 0.9613 -0.0475
vn 0.2714 0.9613 -0.0474
vn -0.0000 0.0495 0.9988
vn -0.0029 -0.0198 -0.9998
vn -0.0070 -0.0185 -0.9998
vn 0.0012 0.0121 -0.9999
vn 0.0092 0.0171 -0.9998
vn -0.8207 -0.5707 0.0265
vn -0.8155 -0.5781 0.0282
vn -0.8161 -0.5772 0.0282
vn -0.8098 -0.5860 0.0290
vn 0.8260 0.5630 -0.0268
vn 0.8286 0.5592 -0.0277
vn 0.8227 0.5678 -0.0280
vn 0.8270 0.5616 -0.0274
vn 0.0095 0.0261 0.9996
vn 0.0138 0.0241 0.9996
vn 0.0024 -0.0411 -0.9992
vn 0.0043 -0.0412 -0.9991
vn -0.9866 -0.0000 0.1631
vn 0.9948 -0.0000 -0.1020
vn 0.0055 -0.9996 0.0274
vn 0.0062 -0.9993 0.0370
vn 0.0141 -0.7127 0.7013
vn -0.1573 -0.0000 0.9876
vn 0.1573 -0.0000 -0.9876
vn 0.1573 -0.0000 -0.9875
vn -0.7029 -0.0000 0.7113
vn 0.7454 -0.0000 -0.6666
vn -0.9935 0.0378 0.1076
vn -0.9986 0.0530 -0.0003
vn 0.9992 -0.0394 0.0003
vn 0.9992 -0.0388 0.0007
vn 1.0000 -0.0000 0.0001
vn -0.0032 -0.0034 1.0000
vn 0.9972 -0.0292 -0.0682
vn 0.0315 -0.9659 0.2568
vn 0.0195 -0.9539 0.2996
vn -0.9987 0.0519 -0.0003
vn 0.9992 -0.0407 0.0007
vn -0.9987 0.0512 -0.0000
vn 0.0474 -0.9977 0.0493
vn 0.0474 -0.9977 0.0494
vn -0.0342 0.9982 -0.0493
vn -0.0342 0.9982 -0.0494
vn -0.0000 0.9988 -0.0493
vn -0.0343 0.9982 -0.0494
vn -0.0003 -0.0415 -0.9991
vn -0.0012 -0.0419 -0.9991
vn -0.0019 -0.0494 -0.9988
vn -0.0016 -0.0481 -0.9988
vn 0.2526 -0.9664 0.0478
vn -0.2711 0.9614 -0.0476
vn -0.2716 0.9612 -0.0475
vn -0.2714 0.9613 -0.0474
vn -0.2713 0.9613 -0.0474
vn -0.0000 0.0494 0.9988
vn -0.0012 0.0121 -0.9999
vn 0.0070 -0.0185 -0.9998
vn 0.0029 -0.0198 -0.9998
vn -0.0092 0.0171 -0.9998
vn 0.8155 -0.5781 0.0282
vn 0.8207 -0.5707 0.0265
vn 0.8161 -0.5772 0.0282
vn 0.8098 -0.5860 0.0290
vn -0.8286 0.5592 -0.0277
vn -0.8260 0.5630 -0.0268
vn -0.8267 0.5620 -0.0273
vn -0.8223 0.5684 -0.0268
vn -0.0138 0.0241 0.9996
vn -0.0095 0.0261 0.9996
vn -0.0043 -0.0412 -0.9991
vn -0.0024 -0.0411 -0.9992
vn -0.0000 0.0493 0.9988
vn -0.0000 -0.0075 -1.0000
vn -0.0000 -0.2995 -0.9541
vn -0.0000 -0.3472 -0.9378
vn -0.0000 -0.6576 0.7534
vn -0.0000 -0.7764 0.6302
vn -0.0000 -0.6409 0.7676
vn -0.9330 -0.3597 0.0130
vn -0.9881 -0.1540 0.0049
vn -0.9837 -0.1798 0.0043
vn -0.9529 -0.3031 0.0082
vn -0.0000 -0.4483 -0.8939
vn -0.0001 -0.3002 -0.9539
vn -0.0000 -0.4163 -0.9092
vn 0.9144 -0.4045 0.0173
vn 0.9480 -0.3178 0.0190
vn 0.9737 -0.2276 0.0117
vn 0.9811 -0.1932 0.0079
vn -0.0000 -0.6685 0.7437
vn -0.0000 -0.6357 0.7719
vn -0.0000 -0.6606 0.7508
vn -0.0000 -0.6503 0.7597
vn -0.9092 -0.4156 0.0249
vn -0.9819 -0.1891 0.0095
vn -0.9746 -0.2238 0.0092
vn -0.9455 -0.3254 0.0144
vn -0.0000 -0.7633 -0.6460
vn -0.0000 -0.4361 -0.8999
vn -0.0000 -0.4906 -0.8714
vn 0.9998 -0.0205 0.0028
vn 0.9999 -0.0166 0.0024
vn 0.9962 -0.0851 0.0190
vn 0.9971 -0.0748 0.0120
vn -0.0000 -0.1851 0.9827
vn -0.0000 -0.1886 0.9821
vn -0.0000 0.2949 0.9555
vn -0.0000 0.3068 0.9518
vn -0.9999 -0.0168 0.0023
vn -0.9998 -0.0205 0.0030
vn -0.9968 -0.0775 0.0178
vn -0.9951 -0.0972 0.0157
vn -0.0000 -0.0978 -0.9952
vn -0.0000 -0.0969 -0.9953
vn -0.0000 -0.4012 -0.9160
vn -0.0000 -0.4126 -0.9109
vn -0.0000 -0.0170 -0.9999
vn 0.9785 -0.1251 0.1638
vn 0.9792 -0.1147 0.1671
vn -0.0000 0.6776 0.7354
vn -0.0000 0.7037 0.7105
vn -0.9804 -0.1114 0.1622
vn -0.9833 -0.1105 0.1449
vn -0.0000 -0.7394 -0.6733
vn 0.0004 -0.7555 -0.6552
vn 0.8571 -0.2916 0.4247
vn 0.8445 -0.3032 0.4416
vn 0.0124 0.8632 0.5047
vn 0.0012 0.8623 0.5064
vn -0.8532 -0.2952 0.4300
vn -0.8402 -0.3069 0.4470
vn 0.0119 -0.8633 -0.5046
vn 0.0010 -0.8623 -0.5064
vn 0.9523 -0.3048 0.0111
vn 0.9330 -0.3598 0.0096
vn -0.0000 -0.6571 0.7538
vn -0.0000 -0.6359 0.7718
vn -0.0000 -0.4490 -0.8935
vn -0.0000 -0.4357 -0.9001
vn -0.0000 -0.0104 0.9999
vn -1.0000 -0.0083 -0.0001
vn -1.0000 -0.0080 -0.0000
vn -0.0008 -0.7399 -0.6727
vn -0.0231 -0.8587 -0.5119
vn -0.0008 0.6783 0.7348
vn -0.0222 0.8589 0.5117
vn -0.6563 -0.4270 0.6220
vn 0.6676 -0.4214 0.6138
vn 0.9831 -0.1828 0.0060
vn 0.9877 -0.1564 0.0037
vn 1.0000 -0.0083 -0.0000
vn 1.0000 -0.0079 -0.0001
vn -0.0000 -0.8452 0.5344
vn -0.0000 -0.8445 0.5356
vn -0.0000 0.4194 0.9078
vn -0.0000 0.4631 0.8863
vn -0.0000 -0.0392 -0.9992
vn -0.0000 -0.0428 -0.9991
vn -0.0000 0.2320 0.9727
vn -0.0000 0.2910 0.9567
vn -0.0000 -0.3605 -0.9328
vn -0.0000 -0.3052 -0.9523
vn -0.0000 -0.2351 -0.9720
vn -0.0000 -0.2109 -0.9775
vn -0.0000 0.1111 0.9938
vn -0.0000 0.2044 0.9789
vn -0.0000 0.3627 0.9319
vn -0.0000 -0.4052 -0.9142
vn -0.0000 -0.3913 -0.9203
vn -0.0000 -0.1671 -0.9859
vn -0.0000 0.0562 0.9984
vn 0.5429 0.3377 0.7689
vn 0.5458 0.3365 0.7674
vn 0.5572 0.3758 0.7405
vn 0.5559 0.3760 0.7414
vn -0.5452 0.3337 0.7690
vn -0.5559 0.3760 0.7413
vn -0.5572 0.3758 0.7405
vn -0.5435 0.3336 0.7703
vn -0.0000 -0.8460 0.5332
vn 0.5706 0.2015 0.7961
vn 0.5373 0.1513 0.8297
vn 0.5402 0.1521 0.8277
vn 0.5752 0.2032 0.7924
vn 0.5330 0.0869 0.8416
vn 0.5333 0.0887 0.8413
vn 0.5744 0.2826 0.7682
vn 0.5960 0.2610 0.7594
vn 0.5962 0.2624 0.7587
vn 0.5744 0.2813 0.7687
vn 0.5310 0.0438 0.8462
vn 0.5305 0.0502 0.8462
vn 0.5307 0.0511 0.8460
vn 0.5309 0.0440 0.8463
vn -0.5706 0.2015 0.7961
vn -0.5752 0.2032 0.7924
vn -0.5402 0.1521 0.8277
vn -0.5373 0.1513 0.8297
vn -0.5335 0.0890 0.8411
vn -0.5328 0.0872 0.8417
vn -0.5765 0.2854 0.7656
vn -0.5722 0.2853 0.7689
vn -0.5962 0.2624 0.7588
vn -0.5960 0.2610 0.7594
vn -0.5308 0.0435 0.8464
vn -0.5311 0.0437 0.8462
vn -0.5307 0.0511 0.8460
vn -0.5305 0.0502 0.8462
vn -0.0000 0.0654 0.9979
vn -0.0000 -0.0318 -0.9995
vn -0.0000 -0.8457 0.5336
vn -0.0000 -0.0373 -0.9993
vn -0.0000 -0.1696 -0.9855
vn -0.0000 -0.0836 -0.9965
vn -0.0000 0.9962 -0.0870
vn -0.0000 0.8558 -0.5173
vn -0.0000 0.8460 -0.5332
vn -0.0000 -0.6186 -0.7857
vn -0.5567 0.5138 0.6527
vn 0.5567 0.5138 0.6527
vn -0.0000 0.6185 0.7858
vn -0.0000 -0.8558 0.5173
vn 0.9783 -0.0081 -0.2071
vn 0.9759 -0.0172 -0.2177
vn 1.0000 0.0003 0.0043
vn 1.0000 0.0002 0.0046
vn -1.0000 0.0003 0.0041
vn -0.9836 0.0143 0.1800
vn -0.9852 0.0067 0.1714
vn -1.0000 0.0002 0.0041
vn -0.0000 -0.9994 0.0347
vn -0.0000 -0.9994 0.0346
vn -0.0000 -0.0391 -0.9992
vn -0.0000 -0.0782 -0.9969
vn -0.1533 0.0768 0.9852
vn -0.1421 0.0747 0.9870
vn -0.0000 0.0794 0.9968
vn -0.0000 0.0787 0.9969
vn -0.0000 -0.9996 0.0298
vn 0.0031 -0.9996 0.0264
vn 0.0025 -0.9997 0.0262
vn -0.0000 -0.0779 -0.9970
vn -0.0000 -0.0790 -0.9969
vn 0.1171 -0.0756 -0.9902
vn 0.1244 -0.0770 -0.9892
vn -0.0000 0.9999 -0.0129
vn -0.0000 0.9998 -0.0175
vn -0.0028 1.0000 -0.0089
vn -0.0029 1.0000 -0.0092
vn -0.9397 0.0137 0.3417
vn -0.9396 0.0271 0.3411
vn 0.2228 -0.0726 -0.9722
vn 0.2345 -0.0768 -0.9691
vn 0.0003 -0.9995 0.0318
vn -0.0012 -0.9994 0.0332
vn -0.0001 0.9999 -0.0144
vn 0.0014 0.9999 -0.0158
vn -0.3112 0.0752 0.9473
vn -0.2987 0.0708 0.9517
vn 0.9079 -0.0167 -0.4188
vn 0.9078 -0.0331 -0.4181
vn 1.0000 -0.0000 0.0036
vn 0.9772 -0.0000 -0.2124
vn -1.0000 -0.0000 0.0039
vn -0.9844 -0.0000 0.1757
vn -0.9397 -0.0000 0.3420
vn 0.9079 -0.0000 -0.4191
vn 1.0000 -0.0000 0.0042
vn 0.9767 -0.0000 -0.2147
vn -1.0000 -0.0000 0.0041
vn -0.9841 -0.0000 0.1775
vn -0.1530 0.0001 0.9882
vn -0.1525 -0.0000 0.9883
vn -0.3120 -0.0000 0.9501
vn -0.3120 0.0001 0.9501
vn 0.1246 -0.0002 -0.9922
vn 0.1243 -0.0000 -0.9922
vn 0.2346 -0.0000 -0.9721
vn -0.0000 -0.9998 0.0175
vn 0.0016 -0.9999 0.0099
vn -0.0010 -1.0000 0.0024
vn -0.0000 -0.9999 0.0124
vn 0.0007 -0.9999 0.0119
vn -0.0031 -0.9999 0.0138
vn 0.6481 0.0011 0.7615
vn 0.6481 -0.0000 0.7615
vn -0.0005 0.9999 -0.0119
vn 0.0031 0.9999 -0.0138
vn -0.9783 -0.0081 -0.2071
vn -1.0000 0.0002 0.0046
vn -1.0000 0.0003 0.0044
vn -0.9759 -0.0172 -0.2177
vn 1.0000 0.0003 0.0041
vn 1.0000 0.0002 0.0045
vn 0.9852 0.0067 0.1714
vn 0.9836 0.0143 0.1800
vn 0.1533 0.0768 0.9852
vn 0.1421 0.0747 0.9870
vn -0.0025 -0.9997 0.0262
vn -0.0031 -0.9996 0.0264
vn -0.1244 -0.0770 -0.9892
vn -0.1171 -0.0756 -0.9902
vn 0.0029 1.0000 -0.0092
vn 0.0028 1.0000 -0.0089
vn 0.9397 0.0137 0.3417
vn 0.9396 0.0271 0.3411
vn -0.2228 -0.0726 -0.9722
vn -0.2345 -0.0768 -0.9691
vn -0.0003 -0.9995 0.0318
vn 0.0012 -0.9994 0.0332
vn 0.0002 0.9999 -0.0144
vn -0.0014 0.9999 -0.0158
vn 0.2987 0.0702 0.9518
vn 0.3112 0.0752 0.9473
vn -0.9078 -0.0331 -0.4181
vn -0.9079 -0.0167 -0.4188
vn -1.0000 -0.0000 0.0036
vn -0.9772 -0.0000 -0.2124
vn 1.0000 -0.0000 0.0039
vn 0.9844 -0.0000 0.1757
vn 0.9397 -0.0000 0.3420
vn -0.9079 -0.0000 -0.4191
vn -1.0000 -0.0000 0.0042
vn -0.9767 -0.0000 -0.2147
vn 0.9841 -0.0000 0.1775
vn 0.1530 -0.0000 0.9882
vn 0.3120 -0.0000 0.9501
vn 0.3120 0.0001 0.9501
vn 0.1525 0.0001 0.9883
vn -0.1243 -0.0002 -0.9922
vn -0.1246 -0.0000 -0.9922
vn -0.2346 -0.0000 -0.9721
vn 0.0010 -1.0000 0.0024
vn -0.0016 -1.0000 0.0098
vn -0.0005 -0.9999 0.0119
vn 0.0031 -0.9999 0.0138
vn -0.6481 -0.0000 0.7615
vn -0.6481 0.0011 0.7615
vn -0.0031 0.9999 -0.0138
vn 0.0005 0.9999 -0.0119
vn 0.9981 0.0615 0.0004
vn 0.9811 0.1764 -0.0793
vn 0.9779 0.1981 -0.0666
vn 0.9994 0.0240 -0.0229
vn -0.9785 0.2029 -0.0385
vn -0.9762 0.1679 -0.1372
vn -0.9992 0.0161 -0.0368
vn -0.0000 -1.0000 -0.0060
vn -0.0000 0.9681 0.2508
vn 0.3076 0.9214 0.2374
vn 0.3016 0.9456 0.1216
vn -0.0000 0.9921 0.1255
vn 0.0004 0.0018 -1.0000
vn 0.0007 0.0024 -1.0000
vn 0.0005 0.0025 -1.0000
vn -0.0000 0.0026 -1.0000
vn -0.0000 0.0029 -1.0000
vn -0.0000 0.0024 -1.0000
vn 0.9787 0.2052 0.0028
vn -0.9788 0.2049 0.0014
vn -0.0000 -0.6919 0.7220
vn -0.0000 -0.8243 0.5661
vn 0.3073 0.9515 0.0163
vn 0.3073 0.9514 0.0191
vn -0.0000 0.9998 0.0201
vn -0.0000 0.9998 0.0174
vn 0.3065 0.9515 0.0263
vn 0.3076 0.9514 0.0135
vn -0.0000 0.9999 0.0147
vn -0.0000 0.9996 0.0280
vn 0.9771 0.2129 0.0028
vn 0.9784 0.2066 0.0052
vn -0.9773 0.2116 0.0038
vn -0.9783 0.2070 0.0057
vn -0.0000 -0.9796 0.2008
vn -0.0000 -0.9918 -0.1275
vn -0.0000 0.9997 0.0236
vn 0.3073 0.9513 0.0226
vn 0.9788 0.2049 -0.0001
vn -0.9790 0.2038 -0.0024
vn -0.0000 -0.8612 -0.5083
vn 0.3049 0.9519 0.0307
vn 0.3077 0.9515 0.0044
vn -0.0000 1.0000 0.0044
vn -0.0000 0.9995 0.0326
vn 0.9756 0.2197 -0.0004
vn 0.9768 0.2141 0.0066
vn -0.9763 0.2164 0.0101
vn -0.9763 0.2164 0.0012
vn -0.0000 -1.0000 -0.0070
vn -0.0000 -0.9322 0.3619
vn -0.0000 0.9995 0.0331
vn 0.3048 0.9519 0.0310
vn 0.9790 0.2038 0.0041
vn -0.9787 0.2051 0.0017
vn -0.0000 -0.8982 0.4395
vn 0.3067 0.9514 0.0278
vn 0.3069 0.9517 0.0032
vn -0.0000 1.0000 0.0025
vn -0.0000 0.9996 0.0292
vn 0.9773 0.2120 0.0047
vn 0.9791 0.2033 0.0058
vn -0.9774 0.2115 0.0052
vn -0.9791 0.2032 0.0057
vn -0.0000 -0.9968 0.0793
vn -0.0000 -0.9980 -0.0625
vn -0.0000 0.9995 0.0306
vn 0.3084 0.9508 0.0291
vn 0.9785 0.2063 -0.0025
vn -0.9790 0.2039 -0.0050
vn -0.0000 -0.8994 -0.4372
vn 0.3077 0.9515 0.0028
vn -0.0000 1.0000 0.0031
vn 0.9725 0.2326 0.0089
vn 0.9747 0.2221 0.0238
vn -0.9745 0.2242 0.0065
vn -0.9774 0.2083 0.0360
vn -0.0000 -0.9231 -0.3845
vn -0.0000 -1.0000 -0.0058
vn -0.0000 -0.6945 -0.7195
vn -0.2997 0.9461 0.1225
vn -0.3061 0.9216 0.2387
vn -0.0028 0.0031 -1.0000
vn -0.0009 0.0026 -1.0000
vn -0.0006 0.0023 -1.0000
vn -0.0004 0.0026 -1.0000
vn -0.3068 0.9516 0.0186
vn -0.3073 0.9515 0.0163
vn -0.3073 0.9515 0.0135
vn -0.3061 0.9516 0.0268
vn -0.3075 0.9513 0.0226
vn -0.3070 0.9517 0.0032
vn -0.3031 0.9525 0.0307
vn -0.3046 0.9519 0.0330
vn -0.3076 0.9515 0.0022
vn -0.3064 0.9515 0.0275
vn -0.3083 0.9508 0.0287
vn -0.3063 0.9519 0.0014
vn 0.7685 0.6398 0.0113
vn 0.7360 0.6769 -0.0090
vn -0.7164 0.6765 0.1707
vn -0.6979 0.7117 0.0799
vn -0.7223 0.6915 0.0125
vn -0.7456 0.6658 -0.0271
vn 0.7046 0.7046 0.0841
vn 0.7314 0.6660 0.1466
vn 0.7233 0.6904 0.0102
vn -0.7194 0.6944 0.0181
vn -0.7232 0.6906 0.0081
vn 0.7195 0.6943 0.0169
vn 0.7234 0.6902 0.0168
vn -0.7235 0.6901 0.0175
vn 0.7234 0.6904 0.0024
vn -0.7137 0.7002 0.0171
vn -0.7229 0.6909 -0.0013
vn 0.7142 0.6998 0.0166
vn 0.7175 0.6963 0.0209
vn -0.7169 0.6967 0.0260
vn 0.7227 0.6912 0.0065
vn -0.7195 0.6942 0.0201
vn -0.7232 0.6906 0.0026
vn 0.7195 0.6942 0.0194
vn 0.7262 0.6872 0.0209
vn -0.7262 0.6872 0.0206
vn 0.7228 0.6910 -0.0009
vn -0.7218 0.6921 -0.0053
vn 0.0190 -0.3541 -0.9350
vn 0.6078 -0.5540 -0.5689
vn 0.0244 -0.8446 -0.5348
vn 0.0046 -0.5953 -0.8035
vn 0.7114 0.0123 -0.7027
vn 0.0151 0.0002 -0.9999
vn -0.0244 -0.8446 -0.5348
vn -0.6078 -0.5540 -0.5689
vn -0.0190 -0.3539 -0.9351
vn -0.0046 -0.5952 -0.8036
vn -0.0235 -0.9997 -0.0000
vn -0.7362 -0.6768 -0.0000
vn 0.0027 -0.9714 -0.2373
vn 0.0024 -0.6067 -0.7949
vn 0.0235 -0.9997 -0.0000
vn 0.0028 -1.0000 -0.0000
vn -0.0000 -0.6063 -0.7952
vn -0.0000 -0.9714 -0.2373
vn 0.0106 -0.9861 0.1659
vn 0.1472 -0.6382 0.7557
vn 0.0169 -0.5649 0.8250
vn 0.0060 -0.9790 0.2037
vn 0.1782 0.0027 0.9840
vn 0.0187 0.0004 0.9998
vn -0.0000 -0.9794 0.2019
vn -0.0000 -0.5673 0.8235
vn 0.6102 0.5482 0.5719
vn 0.2515 0.7776 0.5762
vn 0.0744 0.1508 0.9858
vn 0.1279 0.1313 0.9831
vn 0.7528 0.6583 -0.0000
vn 0.3096 0.9509 -0.0000
vn -0.0000 0.7955 0.6060
vn -0.0000 0.1340 0.9910
vn 0.0091 0.0085 -0.9999
vn 0.0164 0.0050 -0.9999
vn 0.0017 0.0015 -1.0000
vn 0.0053 0.0120 -0.9999
vn 0.0018 -0.0000 -1.0000
vn 0.0001 0.0013 -1.0000
vn -0.0000 0.0110 -0.9999
vn 0.9998 0.0174 -0.0000
vn 0.7362 -0.6768 -0.0000
vn -0.1470 -0.6262 0.7657
vn -0.1783 0.0030 0.9840
vn -0.8090 0.0150 0.5876
vn -0.6734 -0.5698 0.4710
vn -0.9998 0.0189 -0.0000
vn 0.0015 -0.1052 -0.9944
vn -0.0000 -0.1053 -0.9944
vn 0.7412 0.1535 -0.6535
vn 0.5784 0.5064 -0.6396
vn 0.9791 0.2035 -0.0000
vn -0.1955 0.0560 0.9791
vn -0.8210 0.1647 0.5467
vn -0.1280 0.1307 0.9831
vn -0.6114 0.5472 0.5716
vn -0.9792 0.2031 -0.0000
vn -0.7540 0.6569 -0.0000
vn 0.1957 0.0563 0.9790
vn 0.0178 0.0149 0.9997
vn -0.0000 0.0153 0.9999
vn 0.2343 0.7215 -0.6516
vn -0.0000 0.7303 -0.6831
vn -0.7117 0.0134 -0.7024
vn -0.0151 0.0002 -0.9999
vn -0.0094 0.0087 -0.9999
vn -0.0166 0.0049 -0.9999
vn -0.7407 0.1531 -0.6541
vn -0.5795 0.5055 -0.6392
vn 0.7362 -0.6767 -0.0000
vn 0.0236 -0.9997 -0.0000
vn 0.0310 -0.9962 0.0819
vn 0.6730 -0.5701 0.4713
vn -0.0279 -0.9978 0.0597
vn -0.0100 -0.9861 0.1660
vn 0.0024 -0.9998 0.0211
vn -0.0000 -0.9998 0.0212
vn 0.8089 0.0138 0.5878
vn 0.8213 0.1650 0.5462
vn -0.0024 -0.6067 -0.7949
vn -0.0027 -0.9714 -0.2374
vn -0.0059 -0.9790 0.2037
vn -0.0169 -0.5649 0.8250
vn -0.3096 0.9509 -0.0000
vn -0.2515 0.7776 0.5762
vn -0.0744 0.1508 0.9858
vn -0.0018 -0.0000 -1.0000
vn -0.0020 0.0019 -1.0000
vn -0.0053 0.0121 -0.9999
vn -0.0187 0.0004 0.9998
vn -0.0015 -0.1052 -0.9944
vn -0.0178 0.0149 0.9997
vn -0.0028 -1.0000 -0.0000
vn -0.2343 0.7215 -0.6516
vn -0.0024 -0.9998 0.0211
vn -0.5929 -0.5656 0.5732
vn -0.0191 -0.7268 0.6866
vn -0.0139 -0.0184 0.9997
vn -0.7194 -0.0037 0.6946
vn 0.0139 -0.0184 0.9997
vn 0.0189 -0.7268 0.6866
vn 0.5924 -0.5671 0.5723
vn 0.7194 -0.0037 0.6946
vn 0.0260 -0.9997 -0.0000
vn 0.7218 -0.6921 -0.0000
vn -0.0027 -0.7269 0.6868
vn -0.0260 -0.9997 -0.0000
vn -0.0001 -0.7263 0.6874
vn -0.0001 -0.0272 0.9996
vn -0.0017 -0.0281 0.9996
vn -0.0193 -0.0238 -0.9995
vn -0.0016 -0.0366 -0.9993
vn -0.0019 -0.7336 -0.6796
vn -0.0202 -0.7322 -0.6808
vn -0.5753 0.5532 -0.6025
vn -0.2533 0.7380 -0.6254
vn -0.1048 0.2569 -0.9607
vn -0.1659 0.2209 -0.9611
vn -0.7045 0.7027 -0.0996
vn -0.3201 0.9348 -0.1538
vn -0.0000 0.7636 -0.6457
vn -0.0000 0.9866 -0.1630
vn -0.0000 0.2396 -0.9709
vn -0.0173 0.0177 0.9997
vn -0.0233 0.0085 0.9997
vn -0.0028 0.0028 1.0000
vn -0.0110 0.0254 0.9996
vn -0.0203 0.0013 0.9998
vn -0.0024 0.0001 1.0000
vn -0.0000 0.0024 1.0000
vn -0.0000 0.0237 0.9997
vn -1.0000 -0.0051 -0.0000
vn -0.7217 -0.6922 0.0008
vn 1.0000 -0.0051 -0.0000
vn 0.5939 -0.5682 -0.5696
vn 0.7234 -0.0037 -0.6905
vn -0.0000 -0.0368 -0.9993
vn -0.0000 -0.7327 -0.6805
vn -0.0198 0.0002 0.9998
vn -0.7231 0.0087 0.6907
vn -0.7261 0.0489 0.6858
vn 0.0184 -0.0245 -0.9995
vn 0.0292 0.0068 -0.9996
vn 0.7247 0.0167 -0.6889
vn 0.0626 0.0238 -0.9978
vn 0.7361 0.0700 -0.6732
vn 0.9999 0.0123 -0.0000
vn 0.9980 0.0639 -0.0024
vn -0.0270 0.0025 -0.9996
vn -0.0026 -0.0000 -1.0000
vn -0.0610 0.0276 -0.9978
vn -0.0045 0.0008 -1.0000
vn -0.5794 0.5487 0.6027
vn -0.2629 0.7523 0.6041
vn -0.0000 0.7955 0.6059
vn -0.0000 0.9978 -0.0662
vn -0.3372 0.9394 -0.0614
vn -0.7296 0.2080 0.6514
vn -0.7411 0.6708 -0.0274
vn -0.9651 0.2619 0.0027
vn -0.9977 0.0672 -0.0011
vn 0.5779 0.5502 0.6028
vn 0.0186 0.0188 0.9996
vn 0.0234 0.0083 0.9997
vn 0.7296 0.2067 0.6519
vn 0.0203 0.0013 0.9998
vn 0.7262 0.0490 0.6858
vn 0.9646 0.2636 0.0019
vn 0.9978 0.0664 -0.0003
vn 0.7412 0.6706 -0.0294
vn -0.7218 -0.6921 -0.0000
vn -1.0000 -0.0052 -0.0000
vn -0.7264 0.6872 0.0069
vn -0.9624 0.2710 0.0181
vn -0.9565 0.2909 -0.0217
vn -0.9978 0.0658 -0.0007
vn -0.9979 0.0644 -0.0019
vn -0.3313 0.9434 -0.0148
vn -0.0000 0.9999 -0.0170
vn 0.7068 0.7006 -0.0974
vn 0.7294 0.6841 0.0063
vn 0.9608 0.2766 0.0177
vn 0.9557 0.2937 -0.0202
vn 0.9979 0.0644 -0.0007
vn -0.5938 -0.5683 -0.5697
vn 0.0190 -0.7317 -0.6813
vn -0.7234 -0.0037 -0.6905
vn -0.7635 0.2292 -0.6037
vn -0.1518 0.0948 -0.9839
vn -0.7381 0.0748 -0.6705
vn 0.0018 -0.0280 0.9996
vn 0.0028 -0.7269 0.6868
vn 0.3201 0.9348 -0.1538
vn 0.2533 0.7380 -0.6254
vn 0.5753 0.5532 -0.6025
vn 0.1048 0.2569 -0.9607
vn 0.1659 0.2209 -0.9611
vn 0.0020 -0.0000 1.0000
vn 0.0197 0.0002 0.9998
vn 0.0024 0.0001 1.0000
vn 0.0024 -0.0372 -0.9993
vn 0.0031 -0.7331 -0.6801
vn 0.0164 0.0321 -0.9993
vn -0.0000 0.0286 -0.9996
vn 0.1518 0.0948 -0.9838
vn 0.0051 0.0002 -1.0000
vn 0.0109 0.0256 0.9996
vn 0.2637 0.7522 0.6039
vn 0.3378 0.9392 -0.0610
vn 0.3313 0.9434 -0.0148
vn -0.0020 -0.0000 1.0000
vn 0.7635 0.2292 -0.6037
vn -0.0164 0.0321 -0.9993
vn -0.9999 0.0121 -0.0000
vn 0.7231 0.0087 0.6907
vn 0.9999 0.0121 -0.0000
vn -0.9999 0.0124 -0.0000
vn -0.9999 0.0123 -0.0000
vn 0.9999 0.0122 -0.0000
vn -0.7265 0.0123 -0.6871
vn 0.0025 0.0025 1.0000
vn 0.0034 0.0007 -1.0000
vn -0.0333 0.9338 -0.3562
vn -0.0061 0.7055 -0.7087
vn -0.0371 0.4682 -0.8828
vn -0.5966 0.5733 -0.5616
vn -0.0323 0.0009 -0.9995
vn -0.7278 0.0229 -0.6854
vn 0.0372 0.4682 -0.8828
vn 0.0068 0.6996 -0.7145
vn 0.0333 0.9338 -0.3562
vn 0.5966 0.5732 -0.5616
vn -0.0029 0.9918 -0.1277
vn -0.0027 0.6817 -0.7316
vn -0.0000 0.9918 -0.1276
vn -0.0000 0.6815 -0.7319
vn -0.0136 0.9938 0.1101
vn -0.2290 0.6361 0.7368
vn -0.0272 0.6101 0.7918
vn -0.0071 0.9903 0.1386
vn -0.0323 0.0005 0.9995
vn -0.2912 0.0074 0.9566
vn -0.0000 0.9907 0.1360
vn -0.0000 0.6154 0.7882
vn -0.6312 -0.6116 0.4769
vn -0.2753 -0.7918 0.5453
vn -0.1420 -0.3345 0.9316
vn -0.2631 -0.3002 0.9169
vn -0.7245 -0.6888 0.0263
vn -0.3405 -0.9307 0.1335
vn -0.0000 -0.7877 0.6160
vn -0.0000 -0.9783 0.2071
vn -0.0000 -0.3010 0.9536
vn -0.0355 -0.0363 -0.9987
vn -0.0411 -0.0169 -0.9990
vn -0.0027 -0.0023 -1.0000
vn -0.0202 -0.0439 -0.9988
vn -0.0337 -0.0027 -0.9994
vn -0.0016 -0.0001 -1.0000
vn -0.0000 -0.0019 -1.0000
vn 0.0003 -0.0396 -0.9992
vn 0.2909 0.0084 0.9567
vn 0.8665 0.0271 0.4985
vn 0.6909 0.6044 0.3966
vn 0.2287 0.6290 0.7430
vn 0.9995 0.0316 -0.0000
vn 0.7139 0.7002 -0.0000
vn -0.0015 0.0920 -0.9958
vn -0.0000 0.0920 -0.9958
vn -0.0325 0.0002 -0.9995
vn -0.7338 0.0053 -0.6794
vn -0.7379 -0.0562 -0.6726
vn 0.2924 0.0014 0.9563
vn 0.8680 0.0060 0.4965
vn 0.3008 -0.0226 0.9534
vn 0.8694 -0.0648 0.4898
vn 1.0000 0.0073 -0.0000
vn 0.9971 -0.0763 -0.0000
vn -0.2925 0.0022 0.9563
vn -0.0323 0.0002 0.9995
vn -0.3008 -0.0229 0.9534
vn -0.0328 -0.0013 0.9995
vn -0.0270 0.9996 -0.0000
vn -0.7139 0.7002 -0.0000
vn 0.0270 0.9996 -0.0000
vn -0.0028 1.0000 -0.0000
vn -0.2727 -0.7170 -0.6416
vn -0.5702 -0.5320 -0.6260
vn 0.0003 -0.7643 -0.6449
vn -0.9995 0.0316 -0.0000
vn 0.7278 0.0230 -0.6854
vn 0.0323 0.0010 -0.9995
vn -0.7278 -0.2295 -0.6463
vn -0.7298 -0.6837 -0.0000
vn -0.9527 -0.3038 -0.0000
vn -0.9971 -0.0763 -0.0000
vn 0.0407 -0.0162 -0.9990
vn 0.7280 -0.2297 -0.6459
vn 0.5700 -0.5324 -0.6258
vn 0.0361 -0.0378 -0.9986
vn 0.0335 -0.0024 -0.9994
vn 0.7381 -0.0559 -0.6724
vn -0.3583 -0.9336 -0.0000
vn 0.9527 -0.3038 -0.0000
vn 0.7298 -0.6837 -0.0000
vn -0.7286 -0.6849 0.0066
vn -0.9525 -0.3044 0.0003
vn -0.3544 -0.9344 0.0363
vn -0.0000 -0.9983 0.0581
vn 0.7289 -0.6846 0.0070
vn 0.9526 -0.3043 0.0003
vn 0.9524 -0.3048 -0.0000
vn 0.7248 -0.6885 0.0259
vn -0.0344 0.9981 0.0517
vn -0.6903 0.6048 0.3972
vn 0.0313 0.9988 0.0379
vn 0.0125 0.9938 0.1103
vn -0.0027 0.9999 0.0139
vn -0.0000 0.9999 0.0139
vn -0.8663 0.0266 0.4988
vn -0.8522 -0.2591 0.4546
vn -0.3331 -0.1329 0.9335
vn -0.8695 -0.0651 0.4896
vn 0.0027 0.9918 -0.1275
vn 0.0024 0.6816 -0.7317
vn 0.0071 0.9903 0.1386
vn 0.0272 0.6101 0.7918
vn 0.3405 -0.9307 0.1335
vn 0.2752 -0.7915 0.5457
vn 0.6312 -0.6116 0.4769
vn 0.1420 -0.3345 0.9316
vn 0.2631 -0.3002 0.9169
vn 0.0325 0.0002 -0.9995
vn 0.0016 -0.0001 -1.0000
vn 0.0322 0.0006 0.9995
vn 0.0015 0.0920 -0.9958
vn 0.0398 -0.0441 0.9982
vn -0.0000 -0.0402 0.9992
vn 0.3331 -0.1331 0.9334
vn 0.0329 -0.0012 0.9995
vn 0.0028 1.0000 -0.0000
vn 0.2724 -0.7171 -0.6415
vn 0.0203 -0.0444 -0.9988
vn 0.3583 -0.9336 -0.0000
vn 0.3544 -0.9344 0.0364
vn 0.0027 0.9999 0.0139
vn 0.8522 -0.2591 0.4546
vn -0.0398 -0.0441 0.9982
vn -1.0000 0.0073 -0.0000
vn 0.7338 0.0054 -0.6794
vn -0.8679 0.0068 0.4966
vn 0.0022 -0.0021 -1.0000
vn 0.0323 -0.0000 0.9995
vn -0.0000 -0.9866 -0.1632
vn -0.0000 0.9899 -0.1416
vn -0.0000 0.9563 -0.2923
vn -0.0000 0.9569 -0.2903
vn 0.9989 0.0477 -0.0000
vn -0.9989 0.0477 -0.0000
vn -0.0000 0.6369 0.7709
vn -0.0000 0.7201 -0.6938
vn -0.0000 0.8315 -0.5555
vn -0.0000 0.9970 -0.0772
vn -0.0000 0.9624 -0.2715
vn -0.9943 -0.0000 -0.1064
vn -0.0000 0.9758 0.2188
vn -0.9979 -0.0000 -0.0648
vn -0.0000 0.9130 -0.4080
vn -0.9994 -0.0000 -0.0334
vn -0.0000 0.9961 0.0888
vn -0.0000 0.9965 -0.0831
vn -0.0000 0.9751 0.2218
vn -0.0000 0.9845 -0.1756
vn -0.0000 0.9967 -0.0811
vn -0.0000 0.9912 -0.1324
vn -0.0000 0.9999 -0.0118
vn 0.9943 -0.0000 -0.1064
vn 0.9979 -0.0000 -0.0648
vn 0.9994 -0.0000 -0.0334
vn -0.2917 0.9555 0.0448
vn -0.2260 0.9727 0.0521
vn -0.0005 0.9986 0.0536
vn -0.0000 0.9985 0.0544
vn 0.9999 -0.0000 0.0149
vn -0.9999 -0.0000 0.0149
vn -0.0000 -0.9992 -0.0397
vn 0.2256 0.9728 0.0521
vn -0.1504 0.9872 0.0522
vn -0.0000 0.9992 0.0397
vn 0.2917 0.9555 0.0448
vn -0.0203 0.2473 0.9687
vn -0.9902 0.1394 -0.0000
vn -0.9976 0.0698 -0.0000
vn -0.9976 0.0698 -0.0001
vn -0.5815 0.8135 -0.0000
vn -0.0005 1.0000 -0.0000
vn 0.9976 0.0692 -0.0000
vn -0.0000 0.2157 0.9765
vn -0.0000 0.2158 0.9764
vn 0.1503 0.9873 0.0522
vn 0.0203 0.2473 0.9687
vn 0.9904 0.1380 -0.0000
vn 0.5807 0.8141 -0.0000
vn -0.6144 0.7890 -0.0076
vn -0.6145 0.7889 -0.0076
vn 0.6144 0.7890 -0.0070
vn 0.6144 0.7890 -0.0076
vn 0.6145 0.7889 -0.0076
vn -0.9976 0.0699 -0.0000
vn -0.5816 0.8135 -0.0000
vn -0.9980 0.0626 -0.0000
vn 0.9981 0.0620 -0.0000
vn -0.0000 -0.5831 -0.8124
vn -0.0000 -0.5841 -0.8117
vn -0.0000 -0.5871 -0.8095
vn -0.0000 0.8189 -0.5739
vn -0.0000 -0.8704 0.4924
vn -0.0000 -0.8682 0.4962
vn -0.0000 0.8641 0.5034
vn -0.0000 0.2132 0.9770
vn -0.0000 0.9669 -0.2552
vn -0.0000 -0.6209 0.7839
vn -0.0000 -0.5811 -0.8139
vn -0.0000 0.5811 0.8139
vn -0.7821 -0.3669 -0.5037
vn -0.7819 -0.3670 -0.5039
vn -0.7817 -0.3671 -0.5041
vn -0.0000 0.8407 -0.5415
vn -0.0000 -0.8660 0.5000
vn -0.0000 -0.8407 0.5415
vn -0.0000 -0.9816 0.1910
vn -0.0000 -0.9753 0.2208
vn -0.0000 0.2591 0.9659
vn -0.0000 0.2590 0.9659
vn -0.0001 0.9348 -0.3552
vn -0.0001 0.9998 -0.0174
vn -0.0002 -0.9891 0.1472
vn -0.0000 0.9986 -0.0531
vn -0.0000 0.9945 -0.1051
vn 0.0002 -0.9737 -0.2277
vn 0.0002 -0.9737 -0.2276
vn 0.0001 -0.6601 -0.7512
vn -0.0000 -0.1419 -0.9899
vn -0.0000 -0.1418 -0.9899
vn -0.0000 0.9205 -0.3908
vn -0.0000 0.5289 -0.8487
vn -0.0000 0.7558 -0.6548
vn -0.0000 -0.9761 0.2174
vn -0.0000 -0.9730 0.2308
vn -0.0000 0.0834 0.9965
vn -0.0000 -0.0948 0.9955
vn -0.0000 0.9998 0.0178
vn -0.0000 -0.9806 0.1958
vn -0.0000 -0.9811 0.1933
vn -0.0000 -0.9797 0.2007
vn 0.0001 -0.9797 0.2007
vn -0.3869 -0.8919 0.2341
vn -0.3876 -0.8965 0.2148
vn -0.4594 -0.8634 0.2084
vn -0.4580 -0.8556 0.2412
vn -0.3884 -0.8965 0.2131
vn -0.3908 -0.8986 0.1995
vn -0.4621 -0.8655 0.1933
vn -0.4591 -0.8642 0.2058
vn -0.5034 -0.8466 0.1726
vn -0.5829 -0.7957 0.1645
vn -0.5592 -0.8116 0.1691
vn -0.4998 -0.8486 0.1735
vn 0.3898 0.0734 0.9180
vn 0.6429 0.0361 0.7651
vn 0.5657 0.0296 0.8241
vn 0.2533 0.0365 0.9667
vn 0.7315 0.0263 0.6813
vn 0.5154 0.0032 0.8570
vn 0.4454 -0.0117 0.8953
vn 0.6867 0.0166 0.7268
vn 0.2092 0.8977 -0.3878
vn 0.0497 0.7249 -0.6871
vn -0.1375 0.7116 -0.6890
vn 0.0332 0.9276 -0.3720
vn -0.0363 0.7029 -0.7104
vn -0.2598 0.6750 -0.6906
vn -0.3201 0.9467 -0.0350
vn -0.3232 0.9430 -0.0790
vn -0.3578 0.9337 0.0120
vn -0.3601 0.9328 0.0115
vn -0.2785 0.9505 -0.1380
vn -0.2138 0.9654 -0.1492
vn -0.0138 0.9581 -0.2861
vn 0.0169 0.8641 -0.5030
vn 0.4242 0.5074 -0.7501
vn 0.0464 0.4370 -0.8983
vn 0.5257 -0.0894 -0.8460
vn 0.0867 -0.1386 -0.9865
vn 0.5940 -0.5379 -0.5982
vn 0.1165 -0.6187 -0.7770
vn 0.5527 -0.6483 -0.5237
vn 0.2209 -0.7595 -0.6119
vn -0.2163 -0.9606 0.1743
vn -0.3246 -0.9152 0.2388
vn -0.3974 -0.8952 0.2016
vn -0.3542 -0.9132 0.2013
vn 0.0808 0.1089 0.9908
vn 0.1340 0.1208 0.9836
vn 0.5109 0.0598 0.8575
vn -0.0001 0.9835 -0.1806
vn -0.0000 0.0621 -0.9981
vn -0.0000 -0.9825 0.1860
vn -0.6182 -0.7690 0.1624
vn -0.6080 -0.7771 0.1627
vn -0.5461 -0.8202 0.1705
vn -0.0183 0.9997 0.0178
vn 0.0639 0.9978 0.0178
vn 0.1230 0.9922 0.0177
vn 0.1564 -0.0375 0.9870
vn -0.1062 0.0420 0.9935
vn -0.0000 0.9436 -0.3312
vn -0.0000 -0.9783 0.2074
vn -0.0000 -0.9825 0.1861
vn -0.1208 0.9497 -0.2888
vn -0.5253 -0.8270 0.2004
vn -0.5148 -0.8264 0.2282
vn -0.5270 -0.8268 0.1966
vn -0.5327 -0.8266 0.1814
vn -0.6201 -0.7679 0.1605
vn 0.2778 -0.0200 0.9604
vn -0.3269 0.6746 -0.6618
vn -0.4034 0.6364 -0.6574
vn -0.3540 0.9339 -0.0504
vn -0.3545 0.9350 0.0125
vn -0.2804 0.8442 -0.4569
vn -0.3353 0.9337 -0.1260
vn -0.4181 0.4275 -0.8015
vn -0.3750 -0.1189 -0.9194
vn -0.4043 -0.5695 -0.7157
vn -0.3565 -0.7273 -0.5864
vn -0.4851 -0.8481 0.2132
vn -0.4410 -0.8768 0.1917
vn 0.6527 0.0275 0.7571
vn -0.4852 -0.8566 0.1754
vn 0.2618 0.9650 0.0172
vn -0.3592 0.9332 0.0120
vn -0.3614 0.9323 0.0117
vn -0.3558 0.9345 0.0123
vn -0.3029 -0.9250 0.2295
vn -0.1511 -0.9641 0.2184
vn -0.3662 -0.9003 0.2353
vn -0.0000 0.5000 0.8660
vn -0.0000 0.8660 0.5000
vn -0.0000 0.8660 -0.5000
vn -0.0000 0.5000 -0.8660
vn -0.0000 -0.5000 -0.8660
vn -0.0000 -0.8660 -0.5000
vn -0.0000 -0.5000 0.8660
vn -0.9708 -0.0000 0.2398
vn -0.9141 -0.0000 0.4055
vn -0.9141 0.2027 0.3512
vn -0.9708 0.1199 0.2077
vn -0.9141 0.3512 0.2027
vn -0.9708 0.2077 0.1199
vn -0.9141 0.4055 -0.0000
vn -0.9708 0.2398 -0.0000
vn -0.9141 0.3512 -0.2027
vn -0.9708 0.2077 -0.1199
vn -0.9141 0.2027 -0.3512
vn -0.9708 0.1199 -0.2077
vn -0.9141 -0.0000 -0.4055
vn -0.9708 -0.0000 -0.2398
vn -0.9141 -0.2027 -0.3512
vn -0.9708 -0.1199 -0.2077
vn -0.9141 -0.3512 -0.2027
vn -0.9708 -0.2077 -0.1199
vn -0.9141 -0.4055 -0.0000
vn -0.9708 -0.2398 -0.0000
vn -0.9141 -0.3512 0.2027
vn -0.9708 -0.2077 0.1199
vn -0.9141 -0.2027 0.3512
vn -0.9708 -0.1199 0.2077
vn -0.9925 -0.1224 -0.0017
vn -0.9933 -0.1157 -0.0006
vn -0.0000 -0.0701 0.9975
vn -0.0000 -0.1019 0.9948
vn -0.8323 -0.5541 -0.0149
vn -0.8337 -0.5520 -0.0148
vn -0.3721 -0.9282 -0.0052
vn -0.3721 -0.9281 -0.0076
vn -0.0000 -1.0000 -0.0014
vn -0.0000 -0.0026 -1.0000
vn -0.0010 -0.0310 -0.9995
vn -0.0000 -0.0259 -0.9997
vn -0.0050 -0.0431 -0.9991
vn -0.0039 -0.0346 -0.9994
vn -0.0102 -0.0893 0.9960
vn -0.0017 -0.0605 0.9982
vn -0.0075 -0.0692 0.9976
vn -0.0000 -0.0750 0.9972
vn -0.0000 -0.1038 0.9946
vn -0.0040 -0.1091 0.9940
vn -0.0000 -0.0263 -0.9997
vn -0.0022 -0.0289 -0.9996
vn -0.0000 0.0056 -1.0000
vn -0.0000 0.0172 -0.9999
vn -0.0000 0.0522 -0.9986
vn -0.0000 -0.0374 -0.9993
vn -0.0000 -0.0557 0.9984
vn -0.0000 -0.0206 0.9998
vn -0.0000 -0.1202 0.9927
vn -0.0000 -0.0324 -0.9995
vn -0.0000 -0.0177 -0.9998
vn -0.0000 -0.7747 -0.6323
vn -0.0000 -0.6382 -0.7699
vn -0.0000 -0.8499 -0.5270
vn -0.0000 -0.8141 -0.5807
vn -0.0000 -0.0702 0.9975
vn -0.0000 0.1269 -0.9919
vn -0.0000 0.2612 -0.9653
vn -0.0000 0.3906 -0.9206
vn 0.9933 -0.1157 -0.0006
vn 0.9925 -0.1223 -0.0017
vn 0.8323 -0.5541 -0.0149
vn 0.8337 -0.5520 -0.0148
vn 0.3721 -0.9282 -0.0052
vn 0.3721 -0.9281 -0.0076
vn 0.0010 -0.0310 -0.9995
vn 0.0039 -0.0346 -0.9994
vn 0.0050 -0.0431 -0.9991
vn 0.0102 -0.0893 0.9960
vn 0.0075 -0.0691 0.9976
vn 0.0017 -0.0605 0.9982
vn 0.0040 -0.1091 0.9940
vn 0.0022 -0.0289 -0.9996
vn -1.0000 0.0005 -0.0011
vn -0.9665 0.2565 -0.0013
vn -0.9663 0.2224 -0.1294
vn -0.9662 0.1287 -0.2232
vn -0.9663 0.0006 -0.2575
vn -0.9665 -0.1274 -0.2230
vn -0.9667 -0.2209 -0.1292
vn -0.9669 -0.2550 -0.0013
vn -0.9671 -0.2206 0.1264
vn -0.9673 -0.1271 0.2197
vn -0.9672 0.0006 0.2540
vn -0.9671 0.1283 0.2199
vn -0.9668 0.2220 0.1265
vn -0.7601 0.6498 -0.0014
vn -0.7588 0.5636 -0.3265
vn -0.7583 0.3258 -0.5647
vn -0.7585 0.0006 -0.6517
vn -0.7595 -0.3242 -0.5640
vn -0.7609 -0.5611 -0.3258
vn -0.7625 -0.6470 -0.0014
vn -0.7637 -0.5596 0.3220
vn -0.7642 -0.3226 0.5585
vn -0.7640 0.0006 0.6452
vn -0.7630 0.3243 0.5591
vn -0.7616 0.5620 0.3227
vn -0.5654 0.8248 -0.0000
vn -0.5632 0.7156 -0.4132
vn -0.5622 0.4135 -0.7162
vn -0.5626 -0.0000 -0.8267
vn -0.5643 -0.4128 -0.7149
vn -0.5670 -0.7134 -0.4119
vn -0.5698 -0.8218 -0.0000
vn -0.5719 -0.7104 0.4101
vn -0.5730 -0.4098 0.7098
vn -0.5725 -0.0000 0.8199
vn -0.5708 0.4106 0.7111
vn -0.5682 0.7127 0.4114
vn -0.9672 -0.2206 0.1263
vn -0.7588 0.5636 -0.3264
vn -0.5644 -0.4128 -0.7149
vn -0.5720 -0.7104 0.4101
vn -0.5730 -0.4098 0.7097
vn -1.0000 0.0005 -0.0012
vn -0.9626 0.2710 -0.0014
vn -0.9624 0.2349 -0.1367
vn -0.9623 0.1359 -0.2358
vn -0.9623 0.0006 -0.2720
vn -0.9625 -0.1346 -0.2356
vn -0.9628 -0.2334 -0.1365
vn -0.9630 -0.2694 -0.0014
vn -0.9633 -0.2330 0.1335
vn -0.9634 -0.1342 0.2322
vn -0.9633 0.0006 0.2683
vn -0.9632 0.1356 0.2323
vn -0.9629 0.2346 0.1337
vn -0.7439 0.6683 -0.0014
vn -0.7427 0.5795 -0.3356
vn -0.7421 0.3350 -0.5806
vn -0.7424 0.0006 -0.6700
vn -0.7433 -0.3334 -0.5799
vn -0.7448 -0.5771 -0.3350
vn -0.7464 -0.6655 -0.0014
vn -0.7476 -0.5756 0.3313
vn -0.7482 -0.3319 0.5745
vn -0.7480 0.0006 0.6637
vn -0.7470 0.3335 0.5752
vn -0.7455 0.5780 0.3319
vn -0.5418 0.8405 -0.0001
vn -0.5396 0.7291 -0.4210
vn -0.5386 0.4213 -0.7297
vn -0.5390 -0.0000 -0.8423
vn -0.5407 -0.4206 -0.7285
vn -0.5433 -0.7270 -0.4198
vn -0.5461 -0.8377 -0.0001
vn -0.5483 -0.7243 0.4181
vn -0.5493 -0.4178 0.7237
vn -0.5489 -0.0000 0.8359
vn -0.5471 0.4186 0.7249
vn -0.5445 0.7264 0.4193
vn -0.9622 0.1359 -0.2358
vn -0.7423 0.0006 -0.6700
vn -0.7470 0.3335 0.5751
vn -0.5385 0.4213 -0.7297
vn 1.0000 0.0005 -0.0011
vn 0.9663 0.2224 -0.1294
vn 0.9665 0.2565 -0.0013
vn 0.9662 0.1287 -0.2232
vn 0.9663 0.0006 -0.2575
vn 0.9665 -0.1274 -0.2230
vn 0.9667 -0.2209 -0.1292
vn 0.9669 -0.2550 -0.0013
vn 0.9671 -0.2206 0.1264
vn 0.9673 -0.1271 0.2197
vn 0.9672 0.0006 0.2540
vn 0.9671 0.1283 0.2199
vn 0.9668 0.2220 0.1265
vn 0.7588 0.5636 -0.3264
vn 0.7601 0.6498 -0.0014
vn 0.7583 0.3258 -0.5647
vn 0.7585 0.0006 -0.6517
vn 0.7595 -0.3242 -0.5640
vn 0.7609 -0.5611 -0.3258
vn 0.7625 -0.6470 -0.0014
vn 0.7637 -0.5596 0.3220
vn 0.7643 -0.3226 0.5584
vn 0.7640 0.0006 0.6452
vn 0.7630 0.3243 0.5591
vn 0.7616 0.5620 0.3227
vn 0.5632 0.7156 -0.4132
vn 0.5654 0.8248 -0.0000
vn 0.5622 0.4135 -0.7162
vn 0.5626 -0.0000 -0.8267
vn 0.5643 -0.4128 -0.7149
vn 0.5670 -0.7133 -0.4119
vn 0.5698 -0.8218 -0.0000
vn 0.5719 -0.7104 0.4101
vn 0.5730 -0.4098 0.7098
vn 0.5725 -0.0000 0.8199
vn 0.5708 0.4106 0.7111
vn 0.5682 0.7127 0.4114
vn 0.7642 -0.3226 0.5585
vn 0.5644 -0.4128 -0.7149
vn 0.5670 -0.7134 -0.4119
vn 0.5720 -0.7104 0.4101
vn 0.5730 -0.4098 0.7097
vn 1.0000 0.0005 -0.0012
vn 0.9624 0.2349 -0.1367
vn 0.9626 0.2710 -0.0014
vn 0.9623 0.1359 -0.2358
vn 0.9623 0.0006 -0.2720
vn 0.9625 -0.1346 -0.2356
vn 0.9628 -0.2334 -0.1365
vn 0.9630 -0.2694 -0.0014
vn 0.9633 -0.2330 0.1335
vn 0.9634 -0.1342 0.2322
vn 0.9633 0.0006 0.2683
vn 0.9631 0.1356 0.2323
vn 0.9629 0.2346 0.1337
vn 0.7427 0.5795 -0.3356
vn 0.7439 0.6683 -0.0014
vn 0.7421 0.3350 -0.5806
vn 0.7424 0.0006 -0.6700
vn 0.7433 -0.3334 -0.5799
vn 0.7448 -0.5771 -0.3350
vn 0.7464 -0.6655 -0.0014
vn 0.7476 -0.5756 0.3313
vn 0.7482 -0.3319 0.5745
vn 0.7480 0.0006 0.6637
vn 0.7470 0.3335 0.5752
vn 0.7455 0.5780 0.3319
vn 0.5396 0.7291 -0.4210
vn 0.5418 0.8405 -0.0001
vn 0.5386 0.4213 -0.7297
vn 0.5390 -0.0000 -0.8423
vn 0.5407 -0.4206 -0.7285
vn 0.5433 -0.7270 -0.4198
vn 0.5461 -0.8377 -0.0001
vn 0.5483 -0.7243 0.4181
vn 0.5493 -0.4178 0.7237
vn 0.5489 -0.0000 0.8359
vn 0.5471 0.4186 0.7249
vn 0.5445 0.7264 0.4193
vn 0.9627 -0.2334 -0.1365
vn 0.7423 0.0006 -0.6700
vn 0.5385 0.4213 -0.7297
vn 0.9990 -0.0452 -0.0000
vn -0.9990 0.0452 -0.0000
vn -0.0318 0.0014 0.9995
vn -0.0000 0.6564 -0.7544
vn -0.9824 0.1866 -0.0000
vn -0.9218 0.3878 -0.0000
vn -0.0000 0.5112 -0.8594
vn -0.0000 0.6358 -0.7719
vn -0.0000 0.4913 -0.8710
vn -0.0000 0.5266 -0.8501
vn -0.8552 0.5184 -0.0000
vn -0.9839 0.1786 -0.0000
vn -0.8552 0.5183 -0.0000
vn 0.8552 -0.5183 -0.0000
vn 0.8211 -0.5707 -0.0000
vn 0.9712 -0.2383 -0.0000
vn 0.9839 -0.1786 -0.0000
vn -0.0000 0.6593 -0.7519
vn -0.0000 0.9247 -0.3807
vn -0.0000 0.9643 -0.2647
vn -0.9998 0.0205 -0.0000
vn -0.8211 0.5707 -0.0000
vn -0.0395 0.0018 0.9992
vn 0.9998 -0.0205 -0.0000
vn 0.8552 -0.5184 -0.0000
vn 0.9218 -0.3878 -0.0000
vn -0.0689 0.0037 0.9976
vn -0.8335 -0.5525 0.0022
vn -0.8430 -0.5379 -0.0000
vn -0.9999 0.0112 -0.0000
vn -0.8079 0.5893 -0.0000
vn -0.6541 0.7564 -0.0000
vn -0.9117 -0.4109 -0.0000
vn -0.9856 -0.1693 -0.0000
vn -0.1348 0.0068 0.9908
vn -0.1376 0.0079 0.9905
vn -0.4185 0.9082 -0.0000
vn -0.1409 0.0070 -0.9900
vn -0.1423 0.0064 -0.9898
vn -0.1375 0.0074 -0.9905
vn -0.1376 0.0079 -0.9905
vn -0.4556 -0.8902 -0.0000
vn -0.1722 0.0105 0.9850
vn -0.1698 0.0100 0.9854
vn -0.2065 0.0128 0.9784
vn -0.2064 0.0128 0.9784
vn -0.1236 0.9923 -0.0000
vn 0.0534 0.9986 -0.0000
vn -0.2064 0.0128 -0.9784
vn -0.1722 0.0105 -0.9850
vn -0.1693 0.0100 -0.9855
vn -0.2063 0.0128 -0.9784
vn -0.1725 -0.9850 -0.0000
vn 0.1078 -0.9942 -0.0000
vn -0.1409 0.0070 0.9900
vn -0.1348 0.0068 -0.9908
vn -0.7219 0.0428 0.6907
vn -0.7267 0.0415 0.6857
vn -0.7254 0.0423 0.6870
vn -0.7203 0.0432 0.6923
vn 0.0820 0.9966 -0.0000
vn 0.0769 0.9970 -0.0000
vn -0.7159 0.0437 -0.6968
vn -0.7143 0.0445 -0.6985
vn -0.7203 0.0432 -0.6923
vn -0.7219 0.0428 -0.6907
vn 0.2655 -0.9641 -0.0000
vn 0.2802 -0.9599 -0.0000
vn -0.2302 0.0077 0.9731
vn -0.2439 0.0104 0.9697
vn -0.1414 0.0068 0.9899
vn -0.1390 0.0073 0.9903
vn 0.2378 0.9713 -0.0000
vn 0.2988 0.9543 -0.0000
vn 0.1574 -0.0040 -0.9875
vn 0.0909 -0.0052 -0.9958
vn 0.0926 -0.0048 -0.9957
vn 0.1556 -0.0052 -0.9878
vn 0.0474 -0.9989 -0.0000
vn 0.0529 -0.9986 -0.0000
vn -0.0048 -0.0001 1.0000
vn 0.0477 0.0120 0.9988
vn 0.0012 -0.0002 1.0000
vn -0.0263 0.9997 -0.0000
vn -0.0247 0.9997 0.0001
vn -0.2781 0.9605 0.0039
vn -0.3006 0.9537 0.0062
vn -0.1517 0.0077 -0.9884
vn -0.1455 0.0381 -0.9886
vn -0.1539 0.0223 -0.9878
vn -0.1070 0.0037 -0.9943
vn -0.4338 -0.9010 0.0055
vn -0.1059 -0.9944 -0.0000
vn -0.1141 -0.9935 0.0002
vn -0.4531 -0.8914 0.0041
vn -0.1390 0.0001 0.9903
vn -0.0305 0.0002 0.9995
vn -0.0297 0.0004 0.9996
vn -0.1723 0.0024 0.9850
vn 0.3015 0.9535 -0.0000
vn 0.2657 0.9641 -0.0000
vn -0.0047 1.0000 -0.0000
vn -0.0049 1.0000 -0.0000
vn 0.0821 -0.0026 -0.9966
vn -0.0532 0.0007 -0.9986
vn -0.0543 0.0008 -0.9985
vn 0.0798 -0.0014 -0.9968
vn 0.0037 -1.0000 -0.0000
vn 0.0358 -0.9994 -0.0000
vn 0.0415 -0.9991 -0.0000
vn 0.0040 -1.0000 -0.0000
vn -0.9218 0.3877 -0.0000
vn -0.9712 0.2383 -0.0000
vn 0.9824 -0.1866 -0.0000
vn -0.2328 0.0060 0.9725
vn 0.1653 -0.0067 -0.9862
vn -0.1065 0.0039 -0.9943
vn -0.7859 0.6183 -0.0000
vn -0.7988 0.6016 0.0023
vn -0.1335 0.0060 -0.9910
vn -0.1693 0.0100 0.9855
vn -0.2063 0.0128 0.9784
vn -0.2065 0.0128 -0.9784
vn -0.1698 0.0100 -0.9854
vn -0.7159 0.0437 0.6968
vn -0.7143 0.0445 0.6985
vn -0.7254 0.0423 -0.6870
vn -0.7267 0.0415 -0.6857
vn -0.1364 0.0078 0.9906
vn 0.0943 -0.0045 -0.9955
vn -0.0291 0.0004 0.9996
vn -0.1753 0.0038 0.9845
vn -0.0556 0.0003 -0.9985
vn 0.0471 -0.0000 -0.9989
vn -0.0044 0.0002 1.0000
vn -0.1087 0.0037 -0.9941
vn 0.0457 -0.0466 0.9979
vn -0.1576 -0.0202 -0.9873
vn -0.1860 -0.0525 -0.9811
vn 0.0567 0.0100 0.9983
vn 0.1187 -0.0364 0.9923
vn 0.0472 -0.0119 0.9988
vn -0.0000 0.9537 0.3009
vn -0.0000 0.9543 0.2987
vn -0.0000 -0.1357 -0.9907
vn -0.0000 0.9770 -0.2134
vn -0.0000 -0.9511 -0.3088
vn -0.0000 -0.6839 0.7296
vn -0.0000 -0.6838 0.7296
vn -0.0000 -0.7347 0.6784
vn -0.0000 0.9550 0.2965
vn -0.0000 -0.2832 -0.9591
vn -0.0000 -0.2222 -0.9750
vn -0.0000 0.9698 -0.2439
vn -0.0000 0.9769 -0.2136
vn -0.0000 -0.6840 0.7295
vn -0.0000 -0.2225 -0.9749
vn -0.0000 -0.5958 0.8031
vn -0.7649 0.6441 -0.0000
vn -0.2684 0.9633 -0.0000
vn 0.2684 0.9633 -0.0000
vn 0.7649 0.6441 -0.0000
vn 0.7650 -0.6441 -0.0000
vn 0.2684 -0.9633 -0.0000
vn -0.2684 -0.9633 -0.0000
vn -0.7650 -0.6441 -0.0000
vn 0.8285 0.5600 -0.0000
vn 0.6394 0.7689 -0.0000
vn 0.0015 1.0000 -0.0000
vn -0.0014 1.0000 -0.0000
vn -0.6394 0.7689 -0.0000
vn -0.8285 0.5600 -0.0000
vn -0.8285 -0.5600 -0.0000
vn -0.4408 -0.8976 -0.0000
vn 0.4408 -0.8976 -0.0000
vn 0.8285 -0.5600 -0.0000
vn 0.4408 0.8976 -0.0000
vn -0.4408 0.8976 -0.0000
vn 0.9997 -0.0264 -0.0000
vn -0.9997 -0.0264 -0.0000
vn 0.9826 -0.0000 -0.1859
vn 0.8127 0.5551 -0.1769
vn 0.8261 0.5568 -0.0872
vn 0.9960 -0.0000 -0.0892
vn 0.4316 0.8874 -0.1618
vn 0.4222 0.9040 -0.0676
vn -0.0323 0.9703 0.2398
vn -0.0176 0.9922 0.1232
vn -0.4006 0.9061 -0.1361
vn -0.4069 0.9100 -0.0797
vn -0.8128 0.5551 -0.1769
vn -0.8265 0.5561 -0.0874
vn -0.9826 -0.0000 -0.1859
vn -0.9958 0.0001 -0.0916
vn -0.8128 -0.5551 -0.1769
vn -0.8264 -0.5562 -0.0875
vn -0.4316 -0.8874 -0.1618
vn -0.4413 -0.8937 -0.0802
vn -0.0000 -0.9878 -0.1554
vn -0.0000 -0.9971 -0.0762
vn 0.4316 -0.8874 -0.1618
vn 0.4417 -0.8936 -0.0798
vn 0.8127 -0.5551 -0.1769
vn 0.8260 -0.5568 -0.0872
vn -0.3567 -0.0000 0.9342
vn -0.2976 -0.2129 0.9306
vn -0.1607 -0.3455 0.9246
vn -0.1607 0.3455 0.9246
vn 0.3567 -0.0000 0.9342
vn 0.1607 -0.3455 0.9246
vn -0.0000 -0.3874 0.9219
vn 0.2976 -0.2129 0.9306
vn 0.1607 0.3455 0.9246
vn 0.2976 0.2129 0.9306
vn -0.0000 0.3874 0.9219
vn -0.2976 0.2129 0.9306
vn 0.8312 0.5560 0.0024
vn 0.9999 -0.0000 0.0110
vn 0.4035 0.9150 0.0012
vn -0.0000 1.0000 0.0042
vn -0.4024 0.9155 0.0011
vn -0.8283 0.5602 0.0003
vn -1.0000 -0.0000 -0.0001
vn -0.8282 -0.5605 0.0005
vn -0.4382 -0.8989 0.0015
vn -0.0001 -1.0000 0.0045
vn 0.4393 -0.8983 0.0015
vn 0.8311 -0.5561 0.0024
vn 0.9264 -0.0000 -0.3765
vn 0.8709 0.4834 -0.0880
vn 0.8283 0.5602 0.0088
vn 1.0000 -0.0000 0.0093
vn 0.3802 0.9227 -0.0642
vn 0.4406 0.8977 0.0081
vn -0.0000 0.9650 -0.2624
vn -0.0000 1.0000 0.0077
vn -0.3802 0.9227 -0.0642
vn -0.4406 0.8977 0.0079
vn -0.8710 0.4834 -0.0880
vn -0.8283 0.5602 0.0079
vn -0.9400 -0.0000 -0.3413
vn -1.0000 -0.0000 0.0093
vn -0.8710 -0.4834 -0.0880
vn -0.8283 -0.5602 0.0088
vn -0.3802 -0.9227 -0.0642
vn -0.4406 -0.8977 0.0081
vn -0.0000 -0.9650 -0.2624
vn -0.0000 -1.0000 0.0077
vn 0.3802 -0.9227 -0.0642
vn 0.4406 -0.8977 0.0079
vn 0.8709 -0.4834 -0.0880
vn 0.8283 -0.5602 0.0079
vn 0.9937 -0.1059 0.0364
vn 0.9925 -0.1224 -0.0004
vn 1.0000 -0.0000 -0.0001
vn 0.9985 0.0042 0.0539
vn 0.3561 0.9329 0.0528
vn 0.2217 0.9751 -0.0026
vn 0.9527 0.3039 0.0013
vn 0.8700 0.4860 0.0830
vn 0.0225 0.9778 0.2082
vn -0.0016 1.0000 -0.0031
vn -0.0600 0.9982 -0.0002
vn -0.0429 0.9979 0.0482
vn -0.0107 0.9883 0.1522
vn 0.0617 0.9981 -0.0023
vn -0.3540 0.9338 0.0511
vn -0.8676 0.4902 0.0834
vn -0.9472 0.3207 -0.0007
vn -0.2176 0.9760 -0.0006
vn -0.9985 0.0007 0.0545
vn -0.9957 -0.0931 -0.0003
vn -0.9976 -0.0457 0.0518
vn -0.9975 0.0408 0.0577
vn -0.9956 0.0933 -0.0005
vn -0.3847 -0.9204 0.0696
vn -0.2059 -0.9785 0.0078
vn -0.8999 -0.4341 0.0421
vn -0.8650 -0.4888 0.1134
vn -0.0225 -0.9778 0.2082
vn 0.0016 -1.0000 -0.0031
vn 0.0596 -0.9982 -0.0002
vn 0.0428 -0.9979 0.0483
vn 0.0107 -0.9883 0.1522
vn -0.0617 -0.9981 -0.0023
vn 0.8703 -0.4854 0.0837
vn 0.9539 -0.3002 -0.0019
vn 0.2224 -0.9750 -0.0004
vn 0.3825 -0.9218 0.0633
vn 0.9925 0.1226 -0.0002
vn 0.9939 0.1008 0.0451
vn 0.9374 -0.0660 -0.3420
vn 0.8636 -0.0005 -0.5042
vn 0.9373 0.0663 -0.3423
vn 0.9581 -0.2861 0.0105
vn 0.9643 0.2649 0.0068
vn 0.9284 0.0280 0.3706
vn 0.9132 -0.0000 0.4075
vn 0.8786 0.0033 0.4775
vn 0.9287 -0.0327 0.3695
vn 0.9692 -0.2464 -0.0018
vn -0.0175 0.9682 -0.2495
vn -0.0180 0.8777 -0.4788
vn 0.2133 0.9769 0.0090
vn -0.1920 0.9814 0.0062
vn -0.0235 0.9749 0.2212
vn -0.0000 0.9739 0.2272
vn 0.0190 0.9015 0.4323
vn 0.0182 0.9760 0.2172
vn 0.1743 0.9847 -0.0047
vn 0.0281 0.9668 -0.2539
vn -0.9408 -0.0113 -0.3389
vn -0.9130 -0.0023 -0.4080
vn -0.9580 0.2867 0.0111
vn -0.9709 -0.2396 0.0057
vn -0.9425 0.0138 0.3340
vn -0.9398 0.0001 0.3418
vn -0.9170 0.0016 0.3988
vn -0.9306 -0.0585 0.3612
vn -0.9977 0.0674 -0.0020
vn -0.9406 0.0120 -0.3394
vn 0.0175 -0.9682 -0.2495
vn 0.0180 -0.8778 -0.4788
vn -0.2153 -0.9765 0.0053
vn 0.1920 -0.9814 0.0058
vn 0.0063 -0.9648 0.2629
vn -0.0000 -0.9602 0.2793
vn -0.0188 -0.8667 0.4985
vn -0.0011 -0.9659 0.2588
vn -0.1743 -0.9847 -0.0047
vn -0.0281 -0.9668 -0.2539
vn 0.9937 -0.1024 -0.0448
vn 0.9982 -0.0007 -0.0606
vn 0.9937 0.1035 -0.0430
vn 0.9922 0.1241 0.0090
vn -0.0024 0.9913 -0.1314
vn -0.0307 0.9786 -0.2036
vn -0.0617 0.9981 0.0072
vn 0.0460 0.9979 -0.0452
vn -0.9969 -0.0498 -0.0607
vn -0.9985 -0.0012 -0.0556
vn -0.9951 -0.0990 0.0087
vn -0.9970 0.0569 -0.0527
vn 0.0024 -0.9913 -0.1314
vn 0.0307 -0.9786 -0.2036
vn 0.0616 -0.9981 0.0069
vn -0.0460 -0.9979 -0.0452
vn 0.9921 -0.1241 0.0163
vn 0.9920 -0.1259 0.0093
vn 1.0000 -0.0000 0.0080
vn 0.9999 -0.0000 0.0167
vn 0.2160 0.9762 0.0178
vn 0.9580 0.2866 0.0110
vn 0.9581 0.2858 0.0206
vn -0.0000 1.0000 0.0070
vn -0.0614 0.9980 0.0139
vn 0.0614 0.9980 0.0138
vn 0.0617 0.9981 0.0072
vn -0.9580 0.2859 0.0204
vn -0.2133 0.9769 0.0091
vn -0.2161 0.9762 0.0179
vn -0.9953 -0.0957 0.0167
vn -0.9999 0.0001 0.0171
vn -0.9999 0.0001 0.0103
vn -0.9953 0.0956 0.0167
vn -0.9950 0.0991 0.0088
vn -0.2161 -0.9763 0.0150
vn -0.9587 -0.2844 0.0004
vn -0.9320 -0.3622 0.0147
vn -0.0000 -0.9999 0.0134
vn -0.0000 -1.0000 0.0067
vn 0.0614 -0.9980 0.0132
vn -0.0614 -0.9980 0.0131
vn -0.0616 -0.9981 0.0069
vn 0.9579 -0.2864 0.0204
vn 0.2133 -0.9769 0.0087
vn 0.2161 -0.9762 0.0172
vn 0.9922 0.1238 0.0164
vn 0.9698 0.2438 -0.0051
vn 0.9642 -0.2646 0.0154
vn 0.9642 -0.2651 0.0056
vn -0.1731 0.9849 -0.0066
vn 0.1922 0.9813 0.0130
vn 0.1920 0.9814 0.0062
vn -0.9790 -0.2038 -0.0053
vn -0.9896 0.1426 0.0164
vn -0.9713 0.2377 0.0021
vn 0.1792 -0.9838 -0.0092
vn -0.1922 -0.9813 0.0123
vn -0.1920 -0.9814 0.0059
vn 0.9642 0.2646 0.0156
vn -0.1922 0.9813 0.0132
vn -0.9708 -0.2395 0.0155
vn 0.2029 -0.9791 0.0137
vn 0.0014 0.0086 1.0000
vn 0.0008 0.0081 1.0000
vn 0.0007 -0.0040 1.0000
vn 0.0003 -0.0030 1.0000
vn 0.0007 -0.0025 1.0000
vn -0.0000 0.0015 1.0000
vn -0.0006 -0.0000 1.0000
vn -0.0007 -0.0000 1.0000
vn 0.0017 -0.0004 1.0000
vn 0.0023 -0.0003 1.0000
vn 0.0018 -0.0003 1.0000
vn -0.0023 -0.0004 1.0000
vn -0.0020 -0.0002 1.0000
vn -0.0008 0.0004 1.0000
vn -0.0009 -0.0001 1.0000
vn 0.0035 0.0059 1.0000
vn 0.0038 0.0047 1.0000
vn 0.0198 0.0144 0.9997
vn 0.0183 0.0161 0.9997
vn 0.0004 -0.0059 1.0000
vn -0.0004 -0.0048 1.0000
vn -0.0008 -0.0127 0.9999
vn -0.0014 -0.0132 0.9999
vn -0.0004 -0.0000 1.0000
vn -0.0014 0.0132 0.9999
vn -0.0007 0.0138 0.9999
vn -0.0014 0.0054 1.0000
vn -0.0005 0.0053 1.0000
vn -0.0018 -0.0044 1.0000
vn -0.0010 -0.0036 1.0000
vn 0.0006 -0.0000 1.0000
vn 0.0007 -0.0000 1.0000
vn -0.0012 0.0002 1.0000
vn -0.0017 0.0004 1.0000
vn -0.0020 0.0002 1.0000
vn -0.0018 0.0003 1.0000
vn 0.0023 0.0003 1.0000
vn 0.0019 0.0001 1.0000
vn 0.0013 0.0004 1.0000
vn 0.0017 0.0004 1.0000
vn 0.0001 -0.0035 1.0000
vn 0.0007 -0.0037 1.0000
vn 0.0007 0.0057 1.0000
vn 0.0015 0.0052 1.0000
vn 0.5794 -0.0000 0.8150
vn 0.5012 0.3263 0.8014
vn 0.2876 0.5642 0.7739
vn -0.0000 0.6495 0.7604
vn -0.2876 0.5642 0.7739
vn -0.5013 0.3263 0.8014
vn -0.5794 -0.0000 0.8150
vn -0.5012 -0.3263 0.8014
vn -0.2876 -0.5642 0.7739
vn -0.0000 -0.6495 0.7604
vn 0.2876 -0.5642 0.7739
vn 0.5012 -0.3263 0.8014
vn 0.7873 0.6166 -0.0000
vn 0.5259 0.8505 -0.0000
vn 0.4493 0.8934 -0.0000
vn 0.0027 1.0000 -0.0000
vn -0.0023 1.0000 -0.0000
vn -0.4493 0.8934 -0.0000
vn -0.5259 0.8505 -0.0000
vn -0.7873 0.6166 -0.0000
vn -0.7873 -0.6166 -0.0000
vn -0.4094 -0.9124 -0.0000
vn 0.4094 -0.9124 -0.0000
vn 0.7873 -0.6166 -0.0000
vn 0.4094 0.9124 -0.0000
vn -0.4094 0.9124 -0.0000
vn -0.4094 0.9123 -0.0000
vn -0.4493 -0.8934 -0.0000
vn 0.4493 -0.8934 -0.0000
vn 0.2637 0.4821 -0.8355
vn -0.2637 0.4821 -0.8355
vn -0.1955 0.8134 0.5478
vn 0.1955 0.8134 0.5478
vn 0.2618 -0.4453 -0.8562
vn -0.2618 -0.4453 -0.8562
vn -0.0000 -0.0598 0.9982
vn 0.0055 -0.0597 0.9982
vn -0.0055 -0.0597 0.9982
vn -0.5259 -0.8505 -0.0000
vn -0.0045 -1.0000 -0.0000
vn 0.0045 -1.0000 -0.0000
vn 0.5260 -0.8505 -0.0000
vn -0.0001 -0.0000 -1.0000
vn 0.0001 -0.0000 -1.0000
vn 0.3673 0.9301 -0.0000
vn -0.3673 0.9301 -0.0000
vn -0.3673 -0.9301 -0.0000
vn 0.3673 -0.9301 -0.0000
vn -0.2175 0.9761 -0.0000
vn 0.2175 0.9761 -0.0000
vn 0.2175 -0.9761 -0.0000
vn -0.2175 -0.9761 -0.0000
vn 0.8215 -0.5702 -0.0000
vn 0.8215 0.5702 -0.0000
vn -0.8215 0.5702 -0.0000
vn -0.8215 -0.5702 -0.0000
vn -0.0000 -0.0890 0.9960
vn -0.0000 -0.0889 -0.9960
vn -0.0000 -0.2589 0.9659
vn -0.0000 -0.2588 -0.9659
vn 0.6759 0.7370 -0.0000
vn -0.0001 1.0000 -0.0000
vn -0.6759 0.7370 -0.0000
vn -0.9054 -0.4246 -0.0000
vn -0.7046 -0.7096 -0.0000
vn 0.5115 -0.8593 -0.0000
vn 0.6394 -0.7689 -0.0000
vn 0.9054 0.4246 -0.0000
vn 0.0045 1.0000 -0.0000
vn 0.0046 1.0000 -0.0000
vn -0.9054 0.4246 -0.0000
vn 0.0558 0.2967 -0.9533
vn 0.0656 0.2946 -0.9534
vn 0.0647 0.2971 -0.9526
vn 0.0548 0.2991 -0.9526
vn -0.0548 0.2991 -0.9526
vn -0.0000 0.3024 -0.9532
vn -0.0000 0.3009 -0.9536
vn -0.0647 0.2971 -0.9526
vn 0.0300 0.2862 -0.9577
vn -0.0000 0.2886 -0.9575
vn -0.0558 0.2967 -0.9533
vn -0.0317 0.2841 -0.9583
vn -0.0300 0.2862 -0.9577
vn -0.0000 0.2712 -0.9625
vn 0.0009 0.2145 -0.9767
vn -0.0015 0.1109 -0.9938
vn -0.0009 0.2144 -0.9767
vn -0.9333 -0.3592 -0.0000
vn 0.9329 -0.3600 -0.0000
vn 0.9330 -0.3600 -0.0000
vn -0.9438 -0.3306 -0.0000
vn -0.0000 -0.2556 0.9668
vn -0.0000 0.0530 -0.9986
vn -0.0046 1.0000 -0.0000
vn -0.0045 1.0000 -0.0000
vn -0.0656 0.2946 -0.9534
vn -0.0044 1.0000 -0.0000
vn 0.0317 0.2841 -0.9583
vn 0.0015 0.1109 -0.9938
vn -0.8468 -0.5319 -0.0000
vn -0.8399 -0.5427 -0.0000
vn -0.8444 -0.5358 -0.0000
vn -0.0001 0.0266 0.9996
vn -0.0001 0.0587 0.9983
vn 0.7494 0.6621 -0.0000
vn 0.8157 0.5785 -0.0000
vn 0.8142 0.5806 -0.0000
vn 0.8114 0.5845 -0.0000
vn -0.0002 0.0727 -0.9974
vn -0.0002 0.1593 -0.9872
vn 0.8456 -0.5338 -0.0000
vn 0.8432 -0.5376 -0.0000
vn 0.9435 -0.3313 -0.0000
vn 0.8388 -0.5445 -0.0000
vn 0.0002 0.0726 -0.9974
vn 0.0002 0.1594 -0.9872
vn -0.7482 0.6634 -0.0000
vn -0.8145 0.5802 -0.0000
vn -0.8102 0.5861 -0.0000
vn -0.8130 0.5823 -0.0000
vn 0.0001 0.0266 0.9996
vn 0.0001 0.0588 0.9983
vn -0.8791 0.4766 -0.0000
vn -0.9959 -0.0907 -0.0000
vn -0.8539 0.5204 -0.0000
vn -0.8600 0.5104 -0.0000
vn -0.9997 -0.0261 -0.0000
vn -0.0000 0.1129 0.9936
vn -0.0001 0.0864 0.9963
vn -0.0001 0.0863 0.9963
vn -0.0000 0.1383 0.9904
vn 0.9130 -0.4079 -0.0000
vn 0.9911 0.1330 -0.0000
vn 0.9937 0.1119 -0.0000
vn 0.9086 -0.4177 -0.0000
vn 0.9268 -0.3756 -0.0000
vn 0.9796 0.2008 -0.0000
vn -0.0000 0.4765 -0.8792
vn -0.0001 0.5173 -0.8558
vn -0.0001 0.3227 -0.9465
vn -0.0002 0.3299 -0.9440
vn 0.8589 0.5122 -0.0000
vn 0.9997 -0.0263 -0.0000
vn 1.0000 -0.0055 -0.0000
vn 0.8528 0.5222 -0.0000
vn 1.0000 -0.0054 -0.0000
vn 0.8780 0.4787 -0.0000
vn 0.9958 -0.0913 -0.0000
vn 0.0001 0.4764 -0.8792
vn 0.0002 0.3299 -0.9440
vn 0.0001 0.3226 -0.9465
vn 0.0001 0.5175 -0.8557
vn -0.9255 -0.3787 -0.0000
vn -0.9796 0.2007 -0.0000
vn -0.9938 0.1113 -0.0000
vn -0.9073 -0.4205 -0.0000
vn -0.9117 -0.4108 -0.0000
vn -0.9912 0.1325 -0.0000
vn -0.0000 0.1128 0.9936
vn -0.0000 0.1382 0.9904
vn 0.0001 0.0863 0.9963
vn -0.0000 0.0861 0.9963
vn -0.0041 -1.0000 -0.0000
vn -0.0046 -1.0000 -0.0000
vn 0.0041 -1.0000 -0.0000
vn 0.1424 -0.9898 -0.0000
vn -0.1424 -0.9898 -0.0000
vn 0.0501 0.9987 -0.0000
vn -0.0501 0.9987 -0.0000
vn -0.7526 0.6585 -0.0000
vn -0.0000 0.1672 0.9859
vn 0.8387 -0.5445 -0.0000
vn -0.0000 0.5720 -0.8202
vn 0.7515 0.6597 -0.0000
vn 0.0001 0.5721 -0.8202
vn -0.8373 -0.5468 -0.0000
vn -0.0000 0.1677 0.9858
vn -1.0000 0.0002 -0.0005
vn -0.9937 0.1124 -0.0006
vn -0.9936 0.0975 -0.0567
vn -0.9936 0.0564 -0.0978
vn -0.9936 0.0003 -0.1128
vn -0.9936 -0.0558 -0.0977
vn -0.9937 -0.0968 -0.0566
vn -0.9937 -0.1117 -0.0006
vn -0.9938 -0.0966 0.0553
vn -0.9938 -0.0556 0.0962
vn -0.9938 0.0003 0.1112
vn -0.9938 0.0562 0.0963
vn -0.9937 0.0972 0.0554
vn -0.9317 0.3632 -0.0011
vn -0.9311 0.3155 -0.1829
vn -0.9309 0.1826 -0.3165
vn -0.9310 0.0005 -0.3651
vn -0.9314 -0.1812 -0.3156
vn -0.9321 -0.3131 -0.1821
vn -0.9328 -0.3604 -0.0010
vn -0.9333 -0.3112 0.1789
vn -0.9336 -0.1793 0.3102
vn -0.9335 0.0005 0.3586
vn -0.9331 0.1807 0.3111
vn -0.9324 0.3136 0.1797
vn -0.8638 0.4365 -0.2518
vn -0.8649 0.5019 0.0002
vn -0.8632 0.2525 -0.4372
vn -0.8634 -0.0001 -0.5045
vn -0.8644 -0.2516 -0.4354
vn -0.8658 -0.4335 -0.2500
vn -0.8673 -0.4978 0.0002
vn -0.8685 -0.4293 0.2480
vn -0.8690 -0.2474 0.4286
vn -0.8688 -0.0001 0.4952
vn -0.8678 0.2483 0.4304
vn -0.8665 0.4322 0.2498
vn -0.0000 0.9997 0.0245
vn -0.0000 0.9997 0.0244
vn -0.5660 0.8240 0.0273
vn -0.6498 0.7598 0.0230
vn -0.9343 0.3555 0.0257
vn -0.8911 0.4528 0.0285
vn -0.9917 0.1257 0.0263
vn -0.9958 0.0838 0.0361
vn -0.9987 -0.0349 0.0380
vn -0.9979 -0.0480 0.0444
vn -0.9916 -0.1189 0.0504
vn -0.9874 -0.1466 0.0600
vn -0.9167 -0.3890 0.0914
vn -0.9008 -0.4190 0.1141
vn -0.6042 -0.7731 0.1931
vn -0.6473 -0.7460 0.1564
vn -0.0000 -0.9780 0.2085
vn -0.0000 -0.9704 0.2417
vn -0.0000 0.9981 0.0613
vn -0.6534 0.7549 0.0559
vn -0.9303 0.3661 0.0210
vn -0.0000 0.9813 0.1922
vn -0.5602 0.8163 0.1408
vn -0.9960 0.0889 -0.0005
vn -0.9057 0.4233 0.0232
vn -0.9990 -0.0424 0.0125
vn -0.9920 0.1173 -0.0473
vn -0.9894 -0.1386 0.0440
vn -0.9970 -0.0568 -0.0535
vn -0.9028 -0.4165 0.1071
vn -0.5839 -0.7876 0.1967
vn -0.0000 -0.9694 0.2453
vn -0.9888 -0.1494 -0.0027
vn -0.9057 -0.4159 0.0816
vn -0.5963 -0.7808 0.1865
vn -0.0000 -0.9711 0.2386
vn -0.0000 0.9758 0.2187
vn -0.5475 0.8283 0.1190
vn -0.8879 0.4601 -0.0062
vn -0.9858 0.1599 -0.0516
vn -0.9969 -0.0463 -0.0629
vn -0.9831 -0.1797 -0.0353
vn -0.8815 -0.4700 0.0449
vn -0.5462 -0.8211 0.1657
vn -0.0000 -0.9735 0.2286
vn -0.8422 0.5356 -0.0617
vn -0.4605 0.8873 -0.0258
vn -0.3078 0.9389 -0.1542
vn -0.0000 0.9925 -0.1223
vn -0.7502 0.6453 -0.1441
vn -0.9807 0.1903 -0.0439
vn -0.9995 -0.0163 -0.0263
vn -0.9846 -0.1738 -0.0205
vn -0.8714 -0.4892 0.0365
vn -0.5017 -0.8515 0.1523
vn -0.4434 -0.8850 0.1421
vn -0.8697 -0.4923 0.0363
vn -0.9912 -0.1327 -0.0024
vn -0.9998 -0.0203 -0.0055
vn -0.9833 0.1756 -0.0479
vn -0.9938 0.0941 -0.0584
vn -0.7208 0.6665 -0.1905
vn -0.0000 -0.7484 0.6633
vn -0.5270 -0.6409 0.5581
vn -0.5682 -0.5788 0.5850
vn -0.0000 -0.7413 0.6712
vn -0.8771 -0.3463 0.3328
vn -0.8796 -0.3385 0.3343
vn -0.9910 -0.1240 -0.0501
vn -0.9950 -0.0930 -0.0375
vn -0.9554 -0.0516 0.2908
vn -0.9548 -0.0481 0.2934
vn -0.9726 0.1150 0.2019
vn -0.9674 0.1412 0.2101
vn -0.7748 0.4222 0.4705
vn -0.7628 0.4295 0.4834
vn -0.3882 0.6172 0.6844
vn -0.3515 0.6227 0.6991
vn -0.0000 0.6529 0.7574
vn -0.0000 0.6420 0.7667
vn -0.9928 -0.1164 0.0279
vn -0.9923 -0.1200 0.0308
vn -0.9995 -0.0323 0.0015
vn -0.9995 -0.0299 -0.0025
vn -0.9922 0.1245 0.0075
vn -0.9914 0.1305 0.0062
vn -0.9482 -0.3175 0.0122
vn -0.9444 -0.3283 0.0164
vn -0.0628 0.0392 -0.9973
vn -0.0189 0.0351 -0.9992
vn -0.0349 0.0378 -0.9987
vn -0.8778 0.4790 -0.0013
vn -0.8802 0.4746 -0.0028
vn -0.0312 0.0328 -0.9990
vn 0.0312 0.0233 -0.9992
vn 0.0402 0.0243 -0.9989
vn -0.0674 0.0386 -0.9970
vn -0.6859 -0.7269 0.0351
vn -0.6805 -0.7318 0.0383
vn -0.5058 0.8627 0.0008
vn -0.5062 0.8624 0.0028
vn -0.0003 0.0253 -0.9997
vn 0.0120 0.0186 -0.9998
vn -0.0050 0.0344 -0.9994
vn -0.0083 0.0333 -0.9994
vn -0.0000 -0.9998 0.0213
vn -0.0000 -0.9996 0.0274
vn -0.0000 0.0152 -0.9999
vn -0.0001 0.0231 -0.9997
vn -0.0000 0.9999 0.0110
vn -0.0000 0.9999 0.0155
vn -0.0004 0.0336 -0.9994
vn -0.0000 0.0328 -0.9995
vn -0.9999 -0.0109 0.0007
vn -0.1315 0.9739 -0.1852
vn -0.0000 0.9873 -0.1586
vn -0.5546 -0.8216 0.1318
vn -0.9602 -0.2779 0.0270
vn -0.0000 -0.9784 0.2067
vn -0.0000 -0.9815 0.1915
vn -0.9988 -0.0491 0.0030
vn -0.0000 -0.9614 -0.2751
vn -0.0000 -0.9776 -0.2105
vn -0.6652 -0.7306 -0.1540
vn -0.6671 -0.7174 -0.2008
vn -0.6405 -0.7632 0.0854
vn -0.0000 -0.9965 0.0840
vn -0.6814 -0.7308 -0.0399
vn -0.0000 -0.9974 -0.0717
vn -0.9223 -0.3830 0.0525
vn -0.9405 -0.3323 -0.0706
vn -0.9372 -0.3389 -0.0823
vn -0.9472 -0.3202 -0.0198
vn -0.9932 -0.1156 -0.0129
vn -0.9924 -0.1222 -0.0130
vn -0.9917 -0.1251 0.0298
vn -0.9947 -0.1024 0.0004
vn -0.9990 -0.0391 0.0225
vn -0.9993 -0.0375 0.0061
vn -0.9995 -0.0325 0.0038
vn -0.9993 -0.0353 0.0114
vn -0.9962 0.0871 0.0093
vn -0.9932 0.1156 0.0124
vn -0.9915 0.1302 0.0064
vn -0.9947 0.1019 0.0112
vn -0.9115 0.4113 0.0072
vn -0.8907 0.4547 0.0019
vn -0.8614 0.5078 -0.0075
vn -0.8957 0.4446 0.0086
vn -0.5204 0.8539 0.0073
vn -0.4624 0.8866 0.0066
vn -0.5586 0.8292 0.0196
vn -0.5506 0.8346 0.0174
vn -0.0000 0.9996 0.0279
vn -0.0000 0.9998 0.0213
vn -0.0000 0.9994 0.0339
vn -0.0000 0.9998 0.0221
vn -0.0000 -0.9751 0.2220
vn 0.6498 0.7598 0.0230
vn 0.5660 0.8240 0.0273
vn 0.9343 0.3555 0.0257
vn 0.8911 0.4528 0.0285
vn 0.9958 0.0841 0.0365
vn 0.9917 0.1259 0.0260
vn 0.9978 -0.0483 0.0448
vn 0.9987 -0.0351 0.0378
vn 0.9874 -0.1466 0.0600
vn 0.9916 -0.1189 0.0504
vn 0.9008 -0.4190 0.1141
vn 0.9167 -0.3890 0.0914
vn 0.6042 -0.7731 0.1931
vn 0.6473 -0.7460 0.1564
vn 0.6534 0.7549 0.0559
vn 0.9303 0.3661 0.0210
vn 0.5602 0.8163 0.1408
vn 0.9960 0.0889 -0.0005
vn 0.9057 0.4233 0.0232
vn 0.9990 -0.0424 0.0125
vn 0.9920 0.1173 -0.0473
vn 0.9894 -0.1386 0.0440
vn 0.9970 -0.0568 -0.0535
vn 0.9028 -0.4165 0.1071
vn 0.5839 -0.7876 0.1967
vn 0.9888 -0.1494 -0.0027
vn 0.9057 -0.4159 0.0816
vn 0.5963 -0.7808 0.1865
vn 0.5475 0.8283 0.1190
vn 0.8879 0.4601 -0.0062
vn 0.9858 0.1599 -0.0516
vn 0.9969 -0.0463 -0.0629
vn 0.9831 -0.1797 -0.0353
vn 0.8815 -0.4700 0.0449
vn 0.5462 -0.8211 0.1657
vn 0.4605 0.8873 -0.0258
vn 0.8422 0.5356 -0.0617
vn 0.3078 0.9388 -0.1544
vn 0.7502 0.6453 -0.1441
vn 0.9807 0.1903 -0.0439
vn 0.9995 -0.0163 -0.0263
vn 0.9846 -0.1738 -0.0205
vn 0.8714 -0.4892 0.0365
vn 0.5018 -0.8515 0.1523
vn 0.8697 -0.4923 0.0363
vn 0.4434 -0.8850 0.1421
vn 0.9912 -0.1327 -0.0024
vn 0.9998 -0.0203 -0.0055
vn 0.9833 0.1756 -0.0479
vn 0.7208 0.6665 -0.1905
vn 0.9938 0.0941 -0.0584
vn 0.5682 -0.5788 0.5850
vn 0.5270 -0.6409 0.5581
vn 0.8796 -0.3385 0.3343
vn 0.8771 -0.3463 0.3328
vn 0.9950 -0.0930 -0.0375
vn 0.9910 -0.1240 -0.0501
vn 0.9548 -0.0481 0.2934
vn 0.9554 -0.0516 0.2908
vn 0.9674 0.1412 0.2101
vn 0.9726 0.1150 0.2019
vn 0.7628 0.4295 0.4834
vn 0.7748 0.4222 0.4705
vn 0.3515 0.6227 0.6991
vn 0.3882 0.6172 0.6844
vn 0.9928 -0.1164 0.0279
vn 0.9995 -0.0299 -0.0025
vn 0.9995 -0.0323 0.0015
vn 0.9923 -0.1200 0.0308
vn 0.9914 0.1305 0.0062
vn 0.9922 0.1245 0.0075
vn 0.9482 -0.3175 0.0122
vn 0.9444 -0.3283 0.0164
vn 0.0349 0.0378 -0.9987
vn 0.0189 0.0351 -0.9992
vn 0.0628 0.0392 -0.9973
vn 0.8802 0.4746 -0.0028
vn 0.8778 0.4790 -0.0013
vn -0.0402 0.0243 -0.9989
vn -0.0312 0.0233 -0.9992
vn 0.0312 0.0328 -0.9990
vn 0.0674 0.0386 -0.9970
vn 0.6859 -0.7269 0.0351
vn 0.6805 -0.7318 0.0383
vn 0.5058 0.8627 0.0008
vn 0.5062 0.8624 0.0028
vn -0.0120 0.0186 -0.9998
vn 0.0004 0.0251 -0.9997
vn 0.0053 0.0346 -0.9994
vn 0.0083 0.0333 -0.9994
vn 0.9999 -0.0109 0.0007
vn 0.1315 0.9739 -0.1852
vn 0.9602 -0.2779 0.0270
vn 0.5546 -0.8216 0.1318
vn 0.9988 -0.0491 0.0030
vn 0.6671 -0.7174 -0.2008
vn 0.6652 -0.7306 -0.1540
vn 0.6405 -0.7632 0.0854
vn 0.6814 -0.7308 -0.0399
vn 0.9223 -0.3830 0.0525
vn 0.9372 -0.3389 -0.0823
vn 0.9405 -0.3323 -0.0706
vn 0.9471 -0.3202 -0.0198
vn 0.9924 -0.1222 -0.0130
vn 0.9932 -0.1156 -0.0129
vn 0.9917 -0.1251 0.0298
vn 0.9947 -0.1024 0.0004
vn 0.9990 -0.0391 0.0225
vn 0.9995 -0.0325 0.0038
vn 0.9993 -0.0375 0.0061
vn 0.9993 -0.0353 0.0114
vn 0.9962 0.0871 0.0093
vn 0.9915 0.1302 0.0064
vn 0.9932 0.1156 0.0124
vn 0.9947 0.1019 0.0112
vn 0.9115 0.4113 0.0072
vn 0.8614 0.5078 -0.0075
vn 0.8907 0.4547 0.0019
vn 0.8957 0.4446 0.0086
vn 0.4624 0.8866 0.0066
vn 0.5204 0.8539 0.0073
vn 0.5586 0.8292 0.0196
vn 0.5506 0.8346 0.0174
vn -0.0286 0.0169 -0.9994
vn -0.0198 0.0137 -0.9997
vn -0.0000 0.0128 -0.9999
vn 0.0198 0.0136 -0.9997
vn 0.0286 0.0169 -0.9994
vn -0.0000 -0.9990 0.0439
vn -0.0000 1.0000 0.0016
vn 1.0000 0.0011 0.0025
vn 0.8957 0.4447 0.0023
vn 0.8951 0.3853 0.2242
vn 0.8949 0.2229 0.3867
vn 0.8950 0.0010 0.4461
vn 0.8954 -0.2209 0.3866
vn 0.8961 -0.3832 0.2241
vn 0.8968 -0.4424 0.0023
vn 0.8974 -0.3829 -0.2194
vn 0.8976 -0.2206 -0.3816
vn 0.8975 0.0010 -0.4410
vn 0.8971 0.2227 -0.3817
vn 0.8964 0.3851 -0.2195
vn 0.5651 0.8250 0.0015
vn 0.5639 0.7147 0.4138
vn 0.5632 0.4130 0.7157
vn 0.5635 0.0007 0.8261
vn 0.5645 -0.4116 0.7155
vn 0.5661 -0.7131 0.4136
vn 0.5677 -0.8232 0.0015
vn 0.5691 -0.7126 -0.4103
vn 0.5696 -0.4111 -0.7117
vn 0.5694 0.0007 -0.8221
vn 0.5683 0.4125 -0.7119
vn 0.5668 0.7143 -0.4105
vn 0.3298 0.9440 0.0006
vn 0.3281 0.8179 0.4726
vn 0.3273 0.4724 0.8184
vn 0.3276 0.0003 0.9448
vn 0.3290 -0.4717 0.8181
vn 0.3310 -0.8169 0.4724
vn 0.3331 -0.9429 0.0006
vn 0.3348 -0.8162 -0.4708
vn 0.3356 -0.4711 -0.8158
vn 0.3353 0.0003 -0.9421
vn 0.3339 0.4717 -0.8161
vn 0.3319 0.8172 -0.4711
vn -1.0000 0.0009 -0.0021
vn -0.8957 0.4447 -0.0023
vn -0.8951 0.3853 -0.2242
vn -0.8949 0.2229 -0.3867
vn -0.8950 0.0010 -0.4461
vn -0.8954 -0.2209 -0.3866
vn -0.8961 -0.3832 -0.2241
vn -0.8968 -0.4424 -0.0023
vn -0.8974 -0.3829 0.2194
vn -0.8976 -0.2206 0.3816
vn -0.8975 0.0010 0.4410
vn -0.8971 0.2227 0.3817
vn -0.8964 0.3851 0.2195
vn -0.5651 0.8250 -0.0015
vn -0.5639 0.7147 -0.4138
vn -0.5632 0.4130 -0.7157
vn -0.5635 0.0007 -0.8261
vn -0.5645 -0.4116 -0.7155
vn -0.5661 -0.7131 -0.4136
vn -0.5677 -0.8232 -0.0015
vn -0.5690 -0.7126 0.4103
vn -0.5696 -0.4111 0.7117
vn -0.5694 0.0007 0.8221
vn -0.5684 0.4125 0.7119
vn -0.5668 0.7143 0.4105
vn -0.3298 0.9440 -0.0006
vn -0.3281 0.8179 -0.4726
vn -0.3273 0.4724 -0.8184
vn -0.3276 0.0003 -0.9448
vn -0.3290 -0.4717 -0.8181
vn -0.3310 -0.8169 -0.4724
vn -0.3331 -0.9429 -0.0006
vn -0.3349 -0.8162 0.4708
vn -0.3356 -0.4711 0.8158
vn -0.3353 0.0003 0.9421
vn -0.3339 0.4717 0.8161
vn -0.3319 0.8172 0.4711
vn -1.0000 0.0005 -0.0013
vn -0.9570 0.2902 -0.0015
vn -0.9567 0.2516 -0.1464
vn -0.9566 0.1456 -0.2525
vn -0.9566 0.0007 -0.2913
vn -0.9568 -0.1442 -0.2524
vn -0.9571 -0.2500 -0.1462
vn -0.9575 -0.2885 -0.0015
vn -0.9577 -0.2496 0.1430
vn -0.9578 -0.1438 0.2487
vn -0.9578 0.0007 0.2874
vn -0.9576 0.1452 0.2489
vn -0.9573 0.2512 0.1432
vn -0.7229 0.6910 -0.0015
vn -0.7216 0.5991 -0.3470
vn -0.7210 0.3463 -0.6002
vn -0.7213 0.0006 -0.6926
vn -0.7223 -0.3447 -0.5996
vn -0.7238 -0.5968 -0.3464
vn -0.7254 -0.6884 -0.0015
vn -0.7266 -0.5955 0.3427
vn -0.7272 -0.3434 0.5944
vn -0.7270 0.0006 0.6867
vn -0.7260 0.3450 0.5949
vn -0.7245 0.5977 0.3433
vn -0.5121 0.8589 -0.0001
vn -0.5099 0.7450 -0.4302
vn -0.5089 0.4304 -0.7455
vn -0.5093 0.0001 -0.8606
vn -0.5110 -0.4297 -0.7445
vn -0.5136 -0.7430 -0.4291
vn -0.5163 -0.8564 -0.0001
vn -0.5185 -0.7406 0.4275
vn -0.5195 -0.4273 0.7400
vn -0.5191 0.0001 0.8547
vn -0.5174 0.4280 0.7410
vn -0.5148 0.7425 0.4285
vn 0.8759 0.3574 -0.3240
vn 0.9989 0.0460 -0.0000
vn 0.9966 0.0821 -0.0000
vn 0.6959 0.5564 -0.4541
vn -0.9966 0.0821 -0.0000
vn -0.9987 0.0505 -0.0000
vn -0.8754 0.3597 -0.3230
vn -0.6959 0.5564 -0.4541
vn -0.0000 -1.0000 -0.0007
vn -0.0000 -1.0000 -0.0013
vn -0.0005 -1.0000 -0.0013
vn -0.0001 0.0254 0.9997
vn -0.0000 0.0253 0.9997
vn -0.0000 0.0252 0.9997
vn 0.0699 0.8175 -0.5716
vn 0.0115 0.7269 -0.6867
vn -0.0061 0.7241 -0.6896
vn -0.0582 0.8122 -0.5805
vn 0.9334 0.3276 -0.1467
vn 0.9834 0.1816 -0.0000
vn 0.8079 0.5893 -0.0000
vn 0.7113 0.6897 -0.1354
vn -0.0014 0.0008 1.0000
vn -0.0000 0.7109 -0.7033
vn -0.0000 0.7505 -0.6609
vn 0.9016 0.4326 -0.0000
vn 0.8665 0.4902 -0.0944
vn -0.0000 0.0126 0.9999
vn -0.0000 0.6461 -0.7632
vn -0.0000 0.6567 -0.7542
vn -0.0000 0.7157 -0.6984
vn 0.7578 0.6449 -0.0991
vn 0.8453 0.5343 -0.0000
vn 0.9811 0.1935 -0.0000
vn 0.9380 0.3194 -0.1346
vn 0.0763 0.5160 0.8532
vn -0.0763 0.5161 0.8531
vn -0.0009 -0.0007 1.0000
vn 0.9656 0.1829 -0.1850
vn 0.4744 0.5903 -0.6530
vn 0.5362 0.6736 -0.5087
vn -0.2733 0.6465 -0.7123
vn -0.2340 0.6584 -0.7154
vn -0.8694 0.4852 -0.0933
vn -0.7279 0.6745 -0.1233
vn -0.2948 0.8192 -0.4920
vn -0.5346 0.6722 -0.5122
vn -0.9418 0.3103 -0.1296
vn -0.4586 0.6939 -0.5552
vn -0.9449 0.3048 -0.1190
vn -0.7659 0.6369 -0.0883
vn -0.4472 0.8067 -0.3863
vn -0.5532 0.6362 -0.5378
vn 0.1430 0.9237 -0.3553
vn -0.1423 0.9238 -0.3555
vn -0.1428 0.9843 -0.1037
vn 0.1484 0.9827 -0.1111
vn 0.4234 0.8126 -0.4006
vn 0.3382 0.8918 -0.3005
vn 0.5069 0.8570 -0.0924
vn 0.4406 0.6978 -0.5647
vn 0.5318 0.6457 -0.5479
vn 0.2803 0.8201 -0.4988
vn -0.0065 -1.0000 -0.0009
vn -0.0193 -0.9998 -0.0000
vn -0.0003 -1.0000 -0.0006
vn -0.0000 -0.9997 -0.0240
vn 0.0013 -1.0000 -0.0022
vn 0.0015 -1.0000 -0.0067
vn -0.0048 0.0003 1.0000
vn 0.1402 0.9384 0.3159
vn 0.1370 0.9906 -0.0000
vn -0.1370 0.9906 -0.0000
vn -0.1402 0.9384 0.3159
vn -0.9221 0.3868 0.0004
vn -0.9833 0.1818 -0.0003
vn -0.9833 0.1820 -0.0000
vn -0.9221 0.3870 -0.0000
vn -0.9133 0.4072 0.0019
vn -0.9134 0.4072 -0.0000
vn -0.5399 0.7954 0.2754
vn -0.4947 0.8691 -0.0000
vn -0.8172 0.5763 -0.0001
vn -0.8457 0.5060 0.1695
vn -0.9875 0.1526 0.0387
vn -0.9633 0.2683 -0.0000
vn 0.7784 0.5624 0.2788
vn 0.4026 0.2959 0.8662
vn 0.5475 0.1431 0.8245
vn 0.9399 0.2433 0.2394
vn 0.1409 0.9534 0.2666
vn -0.1408 0.9535 0.2666
vn -0.2641 0.4277 0.8645
vn -0.5134 0.8027 0.3034
vn -0.8435 0.4618 0.2742
vn -0.4648 0.2348 0.8537
vn 0.0023 -0.9991 0.0422
vn 0.0051 -0.9967 0.0812
vn -0.0000 -0.9967 0.0814
vn -0.0114 -0.9993 0.0355
vn 0.7711 0.5800 0.2628
vn 0.3578 0.2487 0.9001
vn 0.5491 0.2811 0.7871
vn 0.8808 0.4197 0.2192
vn 0.9549 0.1784 0.2375
vn 0.4706 0.0817 0.8786
vn 1.0000 0.0099 -0.0000
vn -0.5320 -0.8467 -0.0000
vn -0.9415 -0.3369 -0.0000
vn -0.5311 -0.8473 -0.0029
vn -0.0000 0.6670 -0.7450
vn -0.0000 0.6671 -0.7450
vn 0.2340 0.6584 -0.7154
vn 0.2731 0.6460 -0.7129
vn -0.9641 0.1908 -0.1845
vn -0.4726 0.5932 -0.6518
vn -0.9966 0.0822 -0.0000
vn -0.9987 0.0506 -0.0000
vn 0.0002 -1.0000 -0.0005
vn 0.9830 0.1837 0.0003
vn 0.9835 0.1809 -0.0010
vn 0.8093 0.5874 -0.0034
vn 0.8072 0.5903 0.0009
vn 0.9017 0.4324 0.0027
vn 0.9009 0.4340 -0.0000
vn 0.5454 0.8204 0.1717
vn 0.8504 0.5157 0.1044
vn 0.8264 0.5630 -0.0076
vn 0.5072 0.8618 -0.0031
vn 0.9851 0.1693 0.0304
vn 0.9699 0.2434 -0.0067
vn 0.1392 0.9903 -0.0044
vn 0.1436 0.9677 -0.2074
vn -0.1436 0.9677 -0.2074
vn -0.1392 0.9903 -0.0044
vn -0.8141 0.5807 0.0040
vn -0.8118 0.5840 0.0007
vn -0.9830 0.1837 0.0003
vn -0.9835 0.1807 0.0013
vn -0.9023 0.4310 -0.0000
vn -0.9032 0.4292 0.0007
vn -0.5438 0.8200 -0.1786
vn -0.8492 0.5159 -0.1123
vn -0.8264 0.5630 -0.0076
vn -0.5072 0.8618 -0.0030
vn -0.9854 0.1673 -0.0326
vn -0.9699 0.2434 -0.0067
vn -0.9998 0.0187 -0.0000
vn 0.1437 0.9688 0.2017
vn -0.1437 0.9688 0.2017
vn -0.8138 0.5811 -0.0033
vn -0.9835 0.1809 -0.0010
vn -0.9032 0.4292 0.0059
vn -0.5454 0.8204 0.1717
vn -0.8504 0.5157 0.1044
vn -0.0020 -1.0000 -0.0001
vn -0.0000 -1.0000 -0.0012
vn -0.9851 0.1694 0.0302
vn 0.9989 0.0461 -0.0000
vn 0.8810 0.4731 -0.0000
vn 0.9833 0.1818 0.0003
vn 0.9833 0.1818 -0.0000
vn 0.9515 0.3076 -0.0000
vn 0.5404 0.7959 -0.2730
vn 0.4947 0.8691 -0.0000
vn 0.8172 0.5763 -0.0001
vn 0.8470 0.5035 -0.1705
vn 0.9870 0.1548 -0.0431
vn 0.9633 0.2686 -0.0000
vn 0.9999 0.0125 -0.0000
vn 0.8095 0.5870 0.0040
vn 0.9835 0.1808 0.0014
vn 0.9017 0.4323 0.0007
vn 0.5438 0.8200 -0.1787
vn 0.8493 0.5158 -0.1125
vn 0.9854 0.1673 -0.0326
vn -0.9961 0.0887 -0.0002
vn -0.9987 0.0508 -0.0001
vn 0.0018 -1.0000 -0.0000
vn 0.8763 0.4816 0.0137
vn 0.9834 0.1817 0.0001
vn 0.9544 0.2980 0.0156
vn 0.5364 0.8440 0.0008
vn 0.8453 0.5343 0.0005
vn 0.9811 0.1934 0.0002
vn 0.9999 0.0116 0.0006
vn 0.1441 0.9896 -0.0020
vn -0.1441 0.9896 -0.0020
vn -0.9833 0.1817 -0.0002
vn -0.8125 0.5829 -0.0002
vn -0.9030 0.4297 -0.0000
vn -0.5364 0.8440 -0.0018
vn -0.8453 0.5343 -0.0010
vn -0.9811 0.1934 -0.0003
vn 0.1404 0.9393 -0.3131
vn -0.1404 0.9393 -0.3131
vn -0.1400 0.9360 -0.3229
vn -0.1368 0.9906 -0.0000
vn 0.1369 0.9906 -0.0000
vn 0.1400 0.9360 -0.3229
vn -0.9833 0.1818 0.0003
vn -0.9948 0.1020 0.0003
vn -0.8125 0.5829 -0.0000
vn -0.9948 0.1016 -0.0000
vn -0.9031 0.4295 -0.0000
vn -0.5405 0.7959 -0.2730
vn -0.8470 0.5035 -0.1705
vn -0.9670 0.2548 -0.0000
vn -0.8509 0.5254 -0.0015
vn -0.8975 0.4228 -0.1252
vn -0.9628 0.2703 0.0032
vn -0.9870 0.1548 -0.0431
vn -0.9852 -0.1712 -0.0012
vn -0.9848 -0.1735 0.0001
vn 0.9832 0.1823 -0.0000
vn 0.9833 0.1819 -0.0004
vn 0.5389 0.7934 -0.2829
vn 0.4936 0.8697 0.0004
vn 0.8292 0.5590 -0.0014
vn 0.8382 0.5280 -0.1366
vn 0.5399 0.7954 0.2754
vn 0.8457 0.5060 0.1695
vn 0.9775 0.2111 -0.0002
vn 0.9666 0.2561 0.0031
vn 0.9875 0.1526 0.0387
vn 0.1441 0.9896 -0.0034
vn -0.1442 0.9895 -0.0034
vn -0.1442 0.9895 0.0064
vn 0.1442 0.9895 0.0064
vn -0.9834 0.1816 -0.0000
vn -0.9833 0.1818 0.0004
vn -0.9222 0.3867 0.0006
vn -0.9136 0.4066 0.0015
vn -0.5366 0.8438 -0.0029
vn -0.8454 0.5341 -0.0018
vn -0.9786 0.2058 0.0012
vn -0.8387 0.5446 0.0035
vn -0.9812 0.1931 -0.0007
vn -0.9415 -0.3369 0.0001
vn -0.9256 -0.3783 -0.0100
vn 0.0027 -1.0000 -0.0018
vn 0.9833 0.1818 0.0001
vn 0.5368 0.8437 0.0054
vn 0.8372 0.5469 -0.0004
vn 0.9812 0.1931 -0.0007
vn 0.8454 0.5341 -0.0018
vn 0.9792 0.2030 -0.0048
vn -0.1441 0.9896 -0.0000
vn 0.1441 0.9896 -0.0000
vn -0.1401 0.9366 0.3213
vn 0.1401 0.9366 0.3213
vn -0.8158 0.5784 -0.0026
vn -0.9951 0.0973 -0.0193
vn -0.9046 0.4261 0.0144
vn -0.9627 0.2705 -0.0038
vn -0.8982 0.4217 0.1242
vn -0.9854 -0.1692 -0.0215
vn -0.9996 0.0190 0.0203
vn -0.9996 0.0187 0.0197
vn 0.5409 0.7931 0.2801
vn 0.8391 0.5270 0.1351
vn 0.9667 0.2559 -0.0036
vn 0.9675 0.2530 0.0003
vn -0.1441 0.9896 0.0013
vn 0.1441 0.9896 0.0013
vn 0.1441 0.9896 -0.0030
vn -0.1442 0.9895 -0.0031
vn -0.9970 0.0587 -0.0498
vn -0.9123 0.4086 -0.0280
vn -0.8130 0.5822 0.0006
vn -0.9949 0.1009 0.0008
vn -0.9490 0.3146 0.0205
vn -0.9040 0.4276 -0.0065
vn -0.8773 0.4800 0.0006
vn -0.9627 0.2704 0.0004
vn -0.5366 0.8439 -0.0026
vn -0.8776 0.4795 -0.0016
vn -0.5389 0.7934 -0.2829
vn -0.9940 -0.1012 -0.0412
vn -0.9849 -0.1733 0.0001
vn -0.9992 0.0119 0.0383
vn -0.9991 0.0130 0.0399
vn -0.9998 0.0211 -0.0036
vn -0.0155 -0.9999 0.0026
vn 0.9016 0.4326 -0.0010
vn 0.8114 0.5845 0.0008
vn 0.5364 0.8439 0.0011
vn 0.8115 0.5844 -0.0018
vn 0.9675 0.2528 -0.0008
vn 0.9999 0.0103 -0.0001
vn 0.9833 0.1817 -0.0002
vn 0.8081 0.5890 -0.0003
vn 0.9017 0.4323 -0.0001
vn 0.8453 0.5343 -0.0010
vn 0.5364 0.8440 -0.0018
vn 0.9811 0.1934 -0.0003
vn -0.9030 0.4296 -0.0000
vn -0.5363 0.8440 -0.0000
vn -0.8453 0.5343 -0.0000
vn -0.9811 0.1935 -0.0000
vn 0.5363 0.8440 -0.0000
vn -0.5081 0.8568 -0.0878
vn 0.1441 0.9896 0.0009
vn -0.1441 0.9896 0.0009
vn -0.9121 0.4094 0.0210
vn -0.9834 0.1817 0.0001
vn -0.9314 0.3606 0.0496
vn -0.8453 0.5343 0.0005
vn -0.5364 0.8440 0.0008
vn -0.9811 0.1934 0.0002
vn -0.9999 0.0113 -0.0033
vn -0.9207 0.3902 0.0028
vn -0.9130 0.4075 0.0195
vn -0.8453 0.5344 -0.0000
vn -0.6873 -0.7263 0.0033
vn -0.9889 -0.1396 0.0503
vn -0.0120 -0.9999 0.0070
vn -0.9239 0.3827 0.0006
vn -0.9907 0.1360 -0.0002
vn -0.9136 0.4065 0.0004
vn -0.8749 0.4842 0.0073
vn -0.5368 0.8437 0.0055
vn -0.9764 0.2158 0.0127
vn 0.9833 0.1821 0.0001
vn 0.8763 0.4818 -0.0045
vn 0.9519 0.3064 -0.0039
vn 0.9674 0.2533 -0.0006
vn 0.9999 0.0124 -0.0001
vn -0.9898 0.1399 0.0253
vn -0.9213 0.3888 0.0054
vn -0.9341 0.3527 0.0554
vn -0.8774 0.4797 -0.0000
vn -0.9876 -0.1572 0.0013
vn -0.9800 0.1974 0.0268
vn 0.8671 0.4980 -0.0095
vn 0.9462 0.3234 -0.0097
vn 0.9674 0.2532 -0.0000
vn 0.9999 0.0121 -0.0001
vn 0.5472 0.0258 0.8366
vn 0.5407 0.0275 0.8408
vn -0.1020 0.8386 -0.5351
vn -0.0078 0.7396 -0.6730
vn -0.0000 0.0040 1.0000
vn -0.0000 0.0155 0.9999
vn -0.1375 0.4554 0.8796
vn -0.2883 0.9511 -0.1111
vn -0.2885 0.8990 -0.3295
vn -0.2852 0.9585 -0.0000
vn -0.2720 0.9141 0.3006
vn -0.2747 0.9175 0.2877
vn 0.2664 0.4271 0.8641
vn 0.5145 0.8015 0.3046
vn -0.0248 -0.9992 0.0305
vn -0.0339 -0.9994 0.0100
vn -0.2852 0.9585 -0.0044
vn -0.2795 0.9395 -0.1981
vn -0.2799 0.9405 0.1927
vn 0.0081 -1.0000 -0.0000
vn -0.2852 0.9585 -0.0020
vn -0.2722 0.9150 -0.2979
vn -0.2714 0.9121 -0.3071
vn -0.2852 0.9585 -0.0033
vn 0.5366 0.8438 -0.0029
vn -0.2852 0.9584 0.0062
vn 0.0080 -1.0000 -0.0039
vn -0.2715 0.9126 0.3055
vn 0.0054 -1.0000 0.0007
vn -0.2852 0.9585 0.0013
vn -0.2852 0.9585 -0.0030
vn 0.5366 0.8439 -0.0026
vn -0.0331 -0.9994 0.0103
vn -0.2852 0.9585 0.0009
vn -0.0349 -0.9990 0.0295
vn 0.9774 0.0157 0.2109
vn -0.9998 0.0206 0.0003
vn -0.4946 -0.8690 -0.0126
vn -0.9532 0.3013 0.0242
vn -0.9518 0.3053 0.0300
vn -0.9992 0.0113 0.0389
vn -0.9992 0.0111 0.0389
vn 0.9845 0.0174 0.1744
vn -0.9974 0.0143 0.0705
vn -0.7050 -0.5675 0.4253
vn -0.5607 -0.4392 0.7019
vn -0.8829 -0.4695 -0.0000
vn -0.3653 0.8888 -0.2767
vn -0.7070 0.1452 0.6922
vn -0.0555 -0.0652 0.9963
vn -0.4936 0.8697 0.0004
vn -0.8772 0.4802 -0.0000
vn -0.5409 0.7931 0.2801
vn -0.5364 0.8439 0.0011
vn -0.9630 0.2697 -0.0010
vn -0.9630 0.2694 -0.0000
vn -0.0249 -0.0135 0.9996
vn -0.1522 -0.9883 0.0015
vn -0.1430 -0.9897 0.0075
vn -0.2911 -0.9567 -0.0000
vn -0.2910 -0.9567 -0.0000
vn -0.2718 -0.9624 -0.0000
vn -0.2663 -0.9636 0.0222
vn -0.2918 -0.9564 0.0128
vn -0.2907 -0.9568 -0.0112
vn -0.2722 -0.9622 -0.0117
vn -0.2527 -0.9675 0.0039
vn -0.2530 -0.9675 0.0034
vn -0.2527 -0.9675 -0.0000
vn -0.2203 -0.8036 0.5529
vn -0.2612 -0.9228 0.2831
vn -0.2659 -0.9201 0.2876
vn -0.2223 -0.8031 0.5528
vn -0.1803 0.0717 0.9810
vn -0.2225 -0.2408 0.9447
vn -0.2177 -0.1939 0.9566
vn -0.1822 0.0756 0.9803
vn -0.2175 -0.4502 0.8660
vn -0.2179 -0.4504 0.8658
vn -0.2660 -0.9640 -0.0006
vn -0.2597 -0.9657 -0.0009
vn -0.2573 -0.9663 -0.0005
vn -0.2645 -0.9644 -0.0027
vn -0.2737 -0.9618 -0.0000
vn -0.2730 -0.9620 -0.0026
vn -0.2930 -0.9561 -0.0045
vn -0.2930 -0.9561 -0.0000
vn -0.2954 -0.9554 -0.0003
vn -0.2930 -0.9477 0.1269
vn -0.3317 -0.9353 0.1235
vn -0.2419 -0.7840 0.5717
vn -0.2421 -0.7851 0.5701
vn -0.9965 0.0751 0.0359
vn -0.6180 -0.3843 0.6858
vn -0.2525 -0.9671 0.0326
vn -0.0287 -0.9993 0.0247
vn -0.1544 -0.9880 -0.0013
vn -0.2529 -0.9674 -0.0122
vn -0.2529 -0.9675 0.0028
vn -0.2657 -0.9259 0.2686
vn -0.2527 -0.9676 -0.0000
vn -0.2366 -0.8085 0.5388
vn -0.2111 -0.1382 0.9676
vn -0.1785 0.0816 0.9805
vn -0.2221 -0.4509 0.8645
vn -0.6766 -0.7319 0.0807
vn -0.0008 -0.9950 0.1001
vn 0.0205 -0.9979 0.0620
vn 0.0396 -0.9970 -0.0661
vn -0.9903 -0.1331 0.0387
vn -0.9571 0.2826 0.0634
vn -0.9338 0.3493 0.0772
vn -0.6439 -0.7647 0.0256
vn -0.9187 0.3944 -0.0197
vn -0.9969 0.0592 -0.0510
vn -0.9627 0.2704 -0.0000
vn -0.9942 -0.0988 -0.0421
vn -0.9991 0.0121 0.0407
vn -0.2914 -0.9566 -0.0013
vn -0.0004 -0.9990 0.0447
vn -0.9235 0.3831 -0.0213
vn -0.9973 0.0571 -0.0471
vn -0.9991 0.0118 0.0407
vn 0.0141 -0.9985 0.0527
vn -0.9945 -0.0961 -0.0411
vn -0.0076 -0.9999 0.0149
vn -0.0094 -1.0000 0.0024
vn -0.4303 -0.5111 -0.7440
vn -0.1232 -0.2845 -0.9507
vn -0.1595 -0.6699 -0.7251
vn -0.2212 -0.0838 0.9716
vn 0.2284 -0.0816 0.9701
vn 0.2272 -0.3764 0.8982
vn -0.2198 -0.3771 0.8997
vn 0.0052 -0.0165 0.9999
vn -0.0055 -0.0164 0.9999
vn -0.0016 -0.0103 0.9999
vn 0.0016 -0.0103 0.9999
vn -0.2186 0.3406 -0.9145
vn 0.2260 0.3400 -0.9129
vn 0.2258 0.3633 -0.9039
vn -0.2184 0.3640 -0.9054
vn 0.9759 0.1189 -0.1831
vn 0.7213 0.2563 -0.6435
vn 0.7409 0.2512 -0.6229
vn 0.9785 0.0833 -0.1889
vn 0.9822 -0.0441 0.1828
vn 0.7823 -0.2053 0.5881
vn 0.7347 -0.2518 0.6300
vn 0.9718 -0.0677 0.2257
vn -0.7635 -0.0440 0.6443
vn -0.7296 -0.2536 0.6351
vn -0.9469 -0.0947 0.3074
vn -0.9405 -0.0625 0.3339
vn -0.7523 0.2285 -0.6180
vn -0.7362 0.2530 -0.6277
vn -0.9636 0.1048 -0.2458
vn -0.9859 0.0651 -0.1542
vn 0.2214 0.3051 -0.9262
vn 0.2438 -0.3472 0.9055
vn 0.9852 0.0630 -0.1597
vn 0.7571 0.2266 -0.6127
vn 0.7823 0.0743 -0.6184
vn 0.9939 0.0196 -0.1089
vn 0.2346 0.1316 -0.9631
vn -0.2268 0.1318 -0.9650
vn -0.7778 0.0751 -0.6240
vn -0.9940 0.0176 -0.1077
vn -0.7771 -0.2073 0.5943
vn -0.8348 -0.2859 0.4704
vn -0.9911 -0.0603 0.1185
vn -0.9825 -0.0440 0.1807
vn -0.2361 -0.3480 0.9073
vn -0.3133 -0.4667 0.8271
vn 0.3229 -0.4649 0.8244
vn 0.8393 -0.2825 0.4645
vn 0.9911 -0.0602 0.1184
vn -0.7983 -0.5256 0.2941
vn -0.9869 -0.1410 0.0789
vn -0.3344 -0.8419 0.4236
vn 0.3442 -0.8387 0.4221
vn 0.8031 -0.5200 0.2910
vn 0.9869 -0.1410 0.0789
vn -0.7966 -0.5999 0.0747
vn -0.9854 -0.1687 0.0242
vn -0.3145 -0.9484 0.0413
vn 0.3234 -0.9454 0.0412
vn 0.8019 -0.5929 0.0737
vn 0.6044 -0.4568 0.6527
vn 0.9854 -0.1687 0.0242
vn 0.7260 -0.1394 0.6734
vn 0.0001 0.0002 1.0000
vn -0.0001 0.0002 1.0000
vn 0.9898 -0.0166 -0.1417
vn 0.9983 0.0043 0.0589
vn 0.9968 0.0131 0.0791
vn 0.7683 -0.1267 -0.6275
vn 0.2277 -0.2063 -0.9516
vn -0.2201 -0.2066 -0.9534
vn -0.7618 -0.1307 -0.6345
vn -0.9901 -0.0191 -0.1390
vn -0.9983 0.0023 0.0590
vn -0.9968 -0.0002 0.0805
vn -0.9999 -0.0004 0.0141
vn 0.9999 -0.0005 0.0137
vn -0.7260 -0.1394 0.6734
vn -0.7072 0.0001 0.7070
vn -0.6014 -0.4632 0.6510
vn -0.2390 -0.7287 0.6418
vn 0.0013 -0.0078 1.0000
vn -0.0013 -0.0078 1.0000
vn 0.2462 -0.7277 0.6402
vn 0.7072 0.0001 0.7070
vn 0.6224 -0.0054 0.7826
vn -0.6224 -0.0054 0.7827
vn -0.6547 -0.0433 0.7547
vn -0.0000 0.0001 1.0000
vn -0.7071 -0.0000 0.7071
vn -0.9767 -0.2140 0.0149
vn -0.9789 -0.1993 0.0448
vn 0.9789 -0.1993 0.0448
vn 0.7071 -0.0000 0.7071
vn -0.9999 -0.0156 0.0008
vn -0.9746 -0.2234 0.0150
vn -0.9686 -0.2216 0.1128
vn -0.9929 -0.0174 0.1178
vn 0.6547 -0.0433 0.7547
vn 0.9686 -0.2216 0.1128
vn 0.9929 -0.0174 0.1179
vn 0.7673 -0.0410 0.6399
vn 0.7006 0.2494 0.6685
vn 0.9558 0.2203 0.1948
vn 0.9677 -0.0294 0.2503
vn 0.1989 0.2083 0.9576
vn -0.1930 0.2052 0.9595
vn -0.6980 0.2431 0.6736
vn -0.9607 0.1878 0.2042
vn -0.9616 0.1371 -0.2376
vn -0.7167 0.2555 -0.6489
vn -0.7192 0.2778 -0.6368
vn -0.9606 0.2467 -0.1282
vn -0.2097 0.2528 -0.9445
vn -0.2150 0.3043 -0.9280
vn 0.2164 0.2559 -0.9422
vn 0.7234 0.2830 -0.6297
vn 0.9589 0.2641 -0.1039
vn 0.9942 -0.1015 -0.0361
vn 0.5853 -0.7558 -0.2936
vn 0.5954 -0.6743 -0.4369
vn 0.9699 0.0499 -0.2385
vn 0.9835 -0.0969 0.1528
vn 0.7112 -0.2936 0.6388
vn 0.4579 -0.8417 0.2861
vn 0.6181 -0.7855 -0.0323
vn 0.2044 -0.2526 0.9457
vn 0.1487 -0.7728 0.6169
vn -0.1971 -0.2567 0.9462
vn -0.1329 -0.7689 0.6254
vn -0.7065 -0.3013 0.6404
vn -0.4637 -0.8327 0.3026
vn -0.9825 -0.1115 0.1491
vn -0.6591 -0.7520 -0.0088
vn -0.6556 -0.7246 -0.2124
vn -0.9977 -0.0629 -0.0242
vn -0.7036 -0.0036 -0.7106
vn -0.6341 -0.6413 -0.4321
vn -0.9692 0.0353 -0.2436
vn -0.2032 0.0283 -0.9787
vn 0.2105 0.0345 -0.9770
vn 0.1414 -0.2963 -0.9446
vn 0.7089 0.0070 -0.7053
vn 0.4050 -0.5618 -0.7214
vn -0.1405 -0.9652 0.2206
vn -0.1955 -0.9719 -0.1311
vn -0.1858 -0.9438 -0.2734
vn 0.1712 -0.7227 -0.6697
vn 0.1092 -0.9245 -0.3652
vn 0.1114 -0.9047 -0.4111
vn 0.1246 -0.9746 0.1860
vn 0.0956 -0.9812 -0.1674
vn 0.1065 -0.9556 -0.2746
vn -0.2023 -0.8699 -0.4499
vn 0.9987 -0.0470 -0.0194
vn 0.9802 0.1898 0.0572
vn -0.9922 -0.1174 -0.0416
vn -0.9931 0.1104 0.0390
vn 0.9668 -0.2222 -0.1261
vn 0.9788 -0.1897 0.0776
vn 0.7207 -0.2253 -0.6556
vn 0.2170 -0.2880 -0.9327
vn -0.2099 -0.2885 -0.9342
vn -0.7126 -0.2259 -0.6642
vn -0.9733 -0.1803 -0.1424
vn -0.9784 -0.2054 0.0248
vn -0.9780 -0.1948 0.0742
vn 0.9782 -0.2060 0.0247
vn 0.9767 -0.2140 0.0149
vn 0.9688 -0.1933 -0.1554
vn 0.9777 -0.1951 0.0775
vn 0.7081 -0.1321 -0.6936
vn 0.2224 -0.1799 -0.9582
vn -0.2152 -0.1802 -0.9598
vn -0.7027 -0.1330 -0.6989
vn -0.9735 -0.1605 -0.1628
vn -0.9756 -0.2179 0.0254
vn -0.9773 -0.1980 0.0748
vn 0.9757 -0.2174 0.0259
vn 0.9746 -0.2234 0.0150
vn 0.9778 -0.0349 -0.2067
vn 0.9981 -0.0037 0.0619
vn 0.7016 -0.0931 -0.7064
vn 0.2215 -0.1276 -0.9668
vn -0.2145 -0.1278 -0.9683
vn -0.6960 -0.0937 -0.7119
vn -0.9778 -0.0348 -0.2068
vn -0.9998 -0.0138 0.0151
vn -0.9981 -0.0084 0.0614
vn 0.9998 -0.0139 0.0150
vn 0.9999 -0.0159 0.0006
vn 0.9983 0.0022 0.0589
vn 0.9967 0.0006 0.0808
vn -0.9983 0.0038 0.0589
vn -0.9968 0.0112 0.0787
vn 0.5980 -0.7693 -0.2249
vn -0.6380 -0.7171 -0.2807
vn -0.1811 -0.9133 -0.3649
vn 0.9823 0.1768 0.0623
vn -0.9917 0.1229 0.0373
vn 0.9757 -0.2067 0.0730
vn -0.9845 -0.1547 0.0827
vn 0.9761 -0.2038 0.0750
vn -0.9830 -0.1642 0.0823
vn 0.9981 -0.0084 0.0613
vn -0.9981 -0.0036 0.0620
vn 0.9994 0.0316 -0.0123
vn 0.9983 0.0190 0.0542
vn 0.9996 0.0222 -0.0183
vn 0.9986 0.0011 0.0534
vn 0.9994 0.0114 0.0336
vn 0.9934 -0.0019 0.1146
vn -0.9925 -0.0475 0.1126
vn -0.9974 -0.0012 -0.0714
vn -0.9894 -0.0246 0.1429
vn -0.9959 0.0477 -0.0763
vn -0.9932 0.0004 0.1166
vn -0.9989 0.0154 0.0437
vt 0.270100 0.362300
vt 0.291000 0.359900
vt 0.291000 0.382200
vt 0.270100 0.382200
vt 0.291000 0.401800
vt 0.270100 0.404300
vt 0.473300 0.401400
vt 0.473300 0.382200
vt 0.483200 0.382200
vt 0.483200 0.400400
vt 0.300900 0.360000
vt 0.300900 0.382200
vt 0.291000 0.414200
vt 0.270100 0.414200
vt 0.329100 0.407200
vt 0.329100 0.414200
vt 0.315000 0.414200
vt 0.315000 0.405400
vt 0.343800 0.382200
vt 0.343800 0.376500
vt 0.366000 0.376500
vt 0.366000 0.382200
vt 0.315000 0.382200
vt 0.315000 0.361000
vt 0.329100 0.363200
vt 0.329100 0.382200
vt 0.300900 0.414200
vt 0.300900 0.403400
vt 0.448700 0.407200
vt 0.448700 0.414200
vt 0.400100 0.414200
vt 0.400100 0.407200
vt 0.448700 0.382200
vt 0.448700 0.363200
vt 0.473300 0.365100
vt 0.473300 0.414200
vt 0.483200 0.366600
vt 0.970700 0.284900
vt 0.977700 0.299300
vt 0.949900 0.299300
vt 0.949900 0.278000
vt 0.918600 0.299300
vt 0.918600 0.278000
vt 0.928300 0.278000
vt 0.928300 0.299300
vt 0.702300 0.299300
vt 0.702300 0.278000
vt 0.716100 0.278000
vt 0.716100 0.299300
vt 0.669500 0.299300
vt 0.669500 0.278000
vt 0.934700 0.278000
vt 0.934700 0.299300
vt 0.736600 0.278000
vt 0.736600 0.299300
vt 0.760700 0.299300
vt 0.760700 0.278000
vt 0.779900 0.278000
vt 0.779900 0.299300
vt 0.448700 0.350400
vt 0.400100 0.363200
vt 0.400100 0.350400
vt 0.746800 0.278000
vt 0.746800 0.299300
vt 0.810600 0.278000
vt 0.810600 0.299300
vt 0.473300 0.350400
vt 0.894100 0.299300
vt 0.894100 0.278000
vt 0.483200 0.350400
vt 0.400100 0.382200
vt 0.400100 0.376500
vt 0.428200 0.376500
vt 0.428200 0.382200
vt 0.366000 0.414200
vt 0.366000 0.407200
vt 0.366000 0.363200
vt 0.366000 0.350400
vt 0.845300 0.278000
vt 0.845300 0.299300
vt 0.483200 0.414200
vt 0.428200 0.392100
vt 0.400100 0.392100
vt 0.366000 0.392100
vt 0.343800 0.392100
vt 0.329100 0.350400
vt 0.291000 0.350400
vt 0.300900 0.350400
vt 0.270100 0.350400
vt 0.657300 0.299300
vt 0.660700 0.285700
vt 0.315000 0.350400
vt 0.291000 0.318800
vt 0.291000 0.338700
vt 0.270100 0.335600
vt 0.270100 0.318800
vt 0.291000 0.296800
vt 0.270100 0.293700
vt 0.473300 0.302800
vt 0.483200 0.304000
vt 0.483200 0.318800
vt 0.473300 0.318800
vt 0.300900 0.318800
vt 0.300900 0.339000
vt 0.270100 0.286900
vt 0.291000 0.286900
vt 0.329100 0.294400
vt 0.315000 0.294000
vt 0.315000 0.286900
vt 0.329100 0.286900
vt 0.345100 0.318800
vt 0.366000 0.318800
vt 0.366000 0.324900
vt 0.345100 0.324900
vt 0.329100 0.338200
vt 0.315000 0.338400
vt 0.315000 0.318800
vt 0.329100 0.318800
vt 0.300900 0.295600
vt 0.300900 0.286900
vt 0.400100 0.286900
vt 0.448700 0.286900
vt 0.448700 0.294400
vt 0.400100 0.294400
vt 0.473300 0.338800
vt 0.448700 0.338200
vt 0.448700 0.318800
vt 0.473300 0.286900
vt 0.483200 0.337600
vt 0.970700 0.313800
vt 0.949900 0.320600
vt 0.928300 0.320600
vt 0.918600 0.320600
vt 0.716100 0.320600
vt 0.702300 0.320600
vt 0.669500 0.320600
vt 0.934700 0.320600
vt 0.736600 0.320600
vt 0.779900 0.320600
vt 0.760700 0.320600
vt 0.400100 0.338200
vt 0.746800 0.320600
vt 0.810600 0.320600
vt 0.894100 0.320600
vt 0.400100 0.318800
vt 0.429300 0.318800
vt 0.429300 0.324900
vt 0.400100 0.324900
vt 0.366000 0.294400
vt 0.366000 0.286900
vt 0.366000 0.338200
vt 0.845300 0.320600
vt 0.483200 0.286900
vt 0.400100 0.309400
vt 0.429300 0.309400
vt 0.345100 0.309400
vt 0.366000 0.309400
vt 0.660700 0.312900
vt 0.943800 0.702300
vt 0.941300 0.702600
vt 0.941000 0.700300
vt 0.943600 0.700000
vt 0.940900 0.719200
vt 0.941100 0.717100
vt 0.943500 0.717300
vt 0.943500 0.719400
vt 0.813300 0.735000
vt 0.811400 0.734600
vt 0.814600 0.720200
vt 0.816100 0.721800
vt 0.940200 0.735200
vt 0.942800 0.735300
vt 0.972900 0.734300
vt 0.970600 0.734900
vt 0.967400 0.720800
vt 0.968600 0.719200
vt 0.969800 0.703900
vt 0.952700 0.717700
vt 0.953300 0.702700
vt 0.924600 0.700100
vt 0.924300 0.702300
vt 0.907300 0.701400
vt 0.907300 0.699200
vt 0.923900 0.716900
vt 0.907100 0.717100
vt 0.924100 0.719000
vt 0.907000 0.719300
vt 0.924400 0.734900
vt 0.907000 0.734900
vt 0.855300 0.735300
vt 0.855300 0.737600
vt 0.845300 0.737400
vt 0.845200 0.735200
vt 0.843600 0.701700
vt 0.853600 0.701000
vt 0.854100 0.716400
vt 0.844700 0.717300
vt 0.854500 0.718600
vt 0.844700 0.719400
vt 0.930400 0.701300
vt 0.930600 0.703400
vt 0.930400 0.718400
vt 0.930500 0.716300
vt 0.930200 0.734900
vt 0.860400 0.734800
vt 0.861800 0.737000
vt 0.860200 0.700800
vt 0.860200 0.715500
vt 0.860000 0.718100
vt 0.935000 0.701100
vt 0.934900 0.703400
vt 0.935100 0.718700
vt 0.935000 0.716300
vt 0.934500 0.735000
vt 0.865200 0.701600
vt 0.861100 0.698100
vt 0.866000 0.699300
vt 0.872000 0.701500
vt 0.871800 0.699300
vt 0.864700 0.715500
vt 0.871600 0.716100
vt 0.865200 0.717900
vt 0.871300 0.718300
vt 0.865200 0.734700
vt 0.870900 0.734700
vt 0.829400 0.737500
vt 0.829300 0.735400
vt 0.829500 0.718200
vt 0.828000 0.703100
vt 0.829600 0.720100
vt 0.813200 0.737100
vt 0.812700 0.705000
vt 0.877800 0.701200
vt 0.877800 0.699000
vt 0.877600 0.716500
vt 0.877500 0.718700
vt 0.877200 0.734700
vt 0.890300 0.701200
vt 0.890300 0.699000
vt 0.890200 0.716900
vt 0.890100 0.719100
vt 0.889900 0.734800
vt 0.952800 0.735300
vt 0.952800 0.737500
vt 0.942800 0.737600
vt 0.952600 0.719600
vt 0.970700 0.736800
vt 0.127200 0.841300
vt 0.127300 0.837400
vt 0.138600 0.837800
vt 0.138500 0.841600
vt 0.135800 0.779100
vt 0.136100 0.782100
vt 0.128100 0.783200
vt 0.127600 0.780400
vt 0.126700 0.778100
vt 0.136500 0.776500
vt 0.145200 0.780700
vt 0.143300 0.782300
vt 0.141400 0.780200
vt 0.142700 0.778300
vt 0.121600 0.807800
vt 0.121300 0.832600
vt 0.114900 0.832500
vt 0.114900 0.808700
vt 0.120800 0.778700
vt 0.122500 0.781000
vt 0.114800 0.779900
vt 0.114800 0.778100
vt 0.122300 0.783700
vt 0.114800 0.783200
vt 0.114900 0.806800
vt 0.123500 0.805200
vt 0.124800 0.807800
vt 0.124200 0.832600
vt 0.124200 0.781300
vt 0.124400 0.783700
vt 0.123600 0.778600
vt 0.125400 0.804800
vt 0.128200 0.808400
vt 0.127400 0.832600
vt 0.129500 0.806000
vt 0.141900 0.809000
vt 0.141000 0.833000
vt 0.148100 0.803900
vt 0.144200 0.804500
vt 0.141300 0.785300
vt 0.144800 0.784700
vt 0.150600 0.803500
vt 0.147100 0.783700
vt 0.121300 0.837300
vt 0.114900 0.837300
vt 0.122300 0.787300
vt 0.114800 0.787200
vt 0.124100 0.837400
vt 0.124500 0.787200
vt 0.128500 0.786900
vt 0.144600 0.833100
vt 0.143100 0.837500
vt 0.138900 0.779200
vt 0.139800 0.782100
vt 0.139900 0.777000
vt 0.145500 0.809100
vt 0.140900 0.805000
vt 0.138300 0.785700
vt 0.121200 0.841100
vt 0.114900 0.841000
vt 0.124000 0.841200
vt 0.147300 0.836600
vt 0.145200 0.839800
vt 0.148900 0.833200
vt 0.149800 0.809300
vt 0.142200 0.841500
vt 0.181200 0.961700
vt 0.170400 0.959400
vt 0.172100 0.958000
vt 0.181600 0.959400
vt 0.185100 0.959900
vt 0.184800 0.962200
vt 0.189200 0.960600
vt 0.188900 0.962800
vt 0.170600 0.952000
vt 0.182500 0.952300
vt 0.186200 0.952600
vt 0.190700 0.953400
vt 0.151200 0.962800
vt 0.150100 0.955000
vt 0.154100 0.954500
vt 0.155500 0.962200
vt 0.157500 0.954100
vt 0.159000 0.961600
vt 0.168400 0.952200
vt 0.170200 0.949900
vt 0.182700 0.950300
vt 0.186400 0.950500
vt 0.191400 0.951000
vt 0.157000 0.951200
vt 0.167600 0.949800
vt 0.149800 0.952100
vt 0.153700 0.951600
vt 0.194300 0.951300
vt 0.193100 0.953600
vt 0.170100 0.948200
vt 0.167300 0.947800
vt 0.168800 0.941100
vt 0.171200 0.941800
vt 0.182800 0.948700
vt 0.182400 0.942200
vt 0.186500 0.948900
vt 0.185800 0.942000
vt 0.191700 0.949100
vt 0.189900 0.941400
vt 0.156600 0.948700
vt 0.156400 0.940500
vt 0.149500 0.949400
vt 0.153400 0.949000
vt 0.149100 0.940700
vt 0.153100 0.940600
vt 0.194900 0.949100
vt 0.192300 0.940500
vt 0.191400 0.961100
vt 0.102400 0.837400
vt 0.102500 0.841300
vt 0.091200 0.841600
vt 0.091100 0.837800
vt 0.093600 0.782200
vt 0.093900 0.779100
vt 0.102100 0.780400
vt 0.101600 0.783300
vt 0.093300 0.776600
vt 0.102900 0.778100
vt 0.084500 0.780800
vt 0.087000 0.778400
vt 0.088300 0.780300
vt 0.086400 0.782400
vt 0.108400 0.832600
vt 0.108100 0.807800
vt 0.107200 0.781000
vt 0.108900 0.778800
vt 0.107400 0.783700
vt 0.106200 0.805200
vt 0.105600 0.832600
vt 0.104900 0.807800
vt 0.105500 0.781300
vt 0.105300 0.783700
vt 0.106000 0.778600
vt 0.104300 0.804900
vt 0.102400 0.832600
vt 0.101500 0.808400
vt 0.100200 0.806000
vt 0.087800 0.809000
vt 0.088700 0.833000
vt 0.085500 0.804600
vt 0.081400 0.803900
vt 0.084900 0.784800
vt 0.088500 0.785300
vt 0.078900 0.803400
vt 0.082700 0.783800
vt 0.108500 0.837300
vt 0.107400 0.787400
vt 0.105700 0.837400
vt 0.105200 0.787300
vt 0.101200 0.786900
vt 0.086600 0.837500
vt 0.085100 0.833100
vt 0.089900 0.782200
vt 0.090800 0.779300
vt 0.089900 0.777000
vt 0.084200 0.809200
vt 0.088800 0.805000
vt 0.091500 0.785700
vt 0.108500 0.841100
vt 0.105700 0.841200
vt 0.084500 0.839800
vt 0.082500 0.836600
vt 0.080800 0.833200
vt 0.079900 0.809300
vt 0.087600 0.841500
vt 0.443800 0.748300
vt 0.443400 0.745900
vt 0.452800 0.744500
vt 0.454500 0.745900
vt 0.439800 0.746600
vt 0.440100 0.748900
vt 0.435600 0.747200
vt 0.435900 0.749500
vt 0.442300 0.738800
vt 0.454300 0.738500
vt 0.438600 0.739200
vt 0.434100 0.739900
vt 0.470700 0.741000
vt 0.474700 0.741500
vt 0.473600 0.749200
vt 0.469400 0.748600
vt 0.467400 0.740500
vt 0.465800 0.748100
vt 0.456500 0.738700
vt 0.442200 0.736800
vt 0.454700 0.736400
vt 0.438400 0.737000
vt 0.433400 0.737600
vt 0.457200 0.736300
vt 0.467900 0.737800
vt 0.471100 0.738100
vt 0.475000 0.738600
vt 0.431700 0.740200
vt 0.430500 0.737900
vt 0.456100 0.727600
vt 0.457500 0.734300
vt 0.454800 0.734700
vt 0.453700 0.728300
vt 0.442100 0.735300
vt 0.442400 0.728800
vt 0.438300 0.735500
vt 0.439000 0.728500
vt 0.433100 0.735700
vt 0.434900 0.727900
vt 0.468200 0.735200
vt 0.468500 0.727100
vt 0.471400 0.735500
vt 0.475300 0.735900
vt 0.475700 0.727300
vt 0.471700 0.727200
vt 0.429900 0.735600
vt 0.432500 0.727100
vt 0.433400 0.747700
vt 0.294600 0.785000
vt 0.273400 0.787600
vt 0.272600 0.780900
vt 0.293500 0.778500
vt 0.308900 0.802500
vt 0.311900 0.799100
vt 0.317600 0.801100
vt 0.315600 0.805900
vt 0.302400 0.783100
vt 0.298000 0.783400
vt 0.297500 0.778000
vt 0.301900 0.777500
vt 0.301100 0.771900
vt 0.296700 0.772200
vt 0.306300 0.755000
vt 0.308600 0.757600
vt 0.311000 0.751200
vt 0.313000 0.754200
vt 0.310000 0.782200
vt 0.316400 0.790000
vt 0.315200 0.793000
vt 0.305800 0.782500
vt 0.305600 0.777100
vt 0.309500 0.776700
vt 0.308600 0.771100
vt 0.304500 0.771800
vt 0.311000 0.759600
vt 0.312900 0.762200
vt 0.314800 0.756600
vt 0.316500 0.758800
vt 0.322900 0.784300
vt 0.320500 0.780600
vt 0.329600 0.778100
vt 0.330000 0.781300
vt 0.319700 0.775400
vt 0.319200 0.770200
vt 0.328700 0.770400
vt 0.329000 0.774300
vt 0.320600 0.765900
vt 0.328400 0.767200
vt 0.325100 0.787500
vt 0.331800 0.784300
vt 0.320600 0.792200
vt 0.338100 0.777200
vt 0.337400 0.776000
vt 0.337000 0.773400
vt 0.337200 0.769200
vt 0.336700 0.770600
vt 0.329400 0.763700
vt 0.338300 0.766900
vt 0.343100 0.774500
vt 0.342700 0.773500
vt 0.343900 0.772500
vt 0.342700 0.770700
vt 0.342500 0.771800
vt 0.344300 0.770800
vt 0.313400 0.795700
vt 0.318700 0.797600
vt 0.319600 0.794600
vt 0.302800 0.752200
vt 0.293100 0.771700
vt 0.308000 0.747500
vt 0.339700 0.779200
vt 0.344700 0.774100
vt 0.322000 0.762100
vt 0.271800 0.774100
vt 0.230600 0.549700
vt 0.168500 0.549700
vt 0.168500 0.491000
vt 0.230600 0.491000
vt 0.336100 0.876400
vt 0.336100 0.888400
vt 0.270600 0.888400
vt 0.270600 0.876400
vt 0.037000 0.491000
vt 0.045300 0.491000
vt 0.045300 0.549700
vt 0.037000 0.549700
vt 0.204700 0.913600
vt 0.204700 0.921500
vt 0.189200 0.921500
vt 0.189200 0.913600
vt 0.159000 0.291800
vt 0.147500 0.291800
vt 0.147500 0.289900
vt 0.159000 0.289900
vt 0.230600 0.397200
vt 0.230600 0.427600
vt 0.168500 0.427600
vt 0.168500 0.397200
vt 0.068400 0.427600
vt 0.052100 0.427600
vt 0.052100 0.397200
vt 0.068400 0.397200
vt 0.037000 0.397200
vt 0.045300 0.397200
vt 0.045300 0.427600
vt 0.037000 0.427600
vt 0.159000 0.455200
vt 0.147500 0.455200
vt 0.147500 0.427600
vt 0.159000 0.427600
vt 0.159000 0.397200
vt 0.147500 0.397200
vt 0.147500 0.358800
vt 0.159000 0.358800
vt 0.230600 0.322100
vt 0.230600 0.358800
vt 0.168500 0.358800
vt 0.168500 0.322100
vt 0.068400 0.358800
vt 0.052100 0.358800
vt 0.052100 0.324700
vt 0.068400 0.324700
vt 0.037000 0.324700
vt 0.045300 0.324700
vt 0.045300 0.358800
vt 0.037000 0.358800
vt 0.168500 0.455200
vt 0.230600 0.455200
vt 0.068400 0.491000
vt 0.052100 0.491000
vt 0.052100 0.455200
vt 0.068400 0.455200
vt 0.037000 0.455200
vt 0.045300 0.455200
vt 0.159000 0.549700
vt 0.147500 0.549700
vt 0.147500 0.491000
vt 0.159000 0.491000
vt 0.449300 0.932900
vt 0.449600 0.920100
vt 0.488800 0.921600
vt 0.488700 0.933000
vt 0.052100 0.291800
vt 0.068400 0.291800
vt 0.037000 0.291800
vt 0.045300 0.291800
vt 0.237600 0.491000
vt 0.237600 0.549700
vt 0.075400 0.491000
vt 0.075400 0.549700
vt 0.068400 0.549700
vt 0.340400 0.878500
vt 0.340400 0.886400
vt 0.270200 0.911600
vt 0.270200 0.923500
vt 0.208700 0.923500
vt 0.208700 0.911600
vt 0.237600 0.358800
vt 0.237600 0.397200
vt 0.075400 0.358800
vt 0.138000 0.358800
vt 0.138000 0.397200
vt 0.075400 0.397200
vt 0.237600 0.322100
vt 0.075400 0.324700
vt 0.138000 0.324700
vt 0.237600 0.427600
vt 0.237600 0.455200
vt 0.075400 0.427600
vt 0.138000 0.427600
vt 0.138000 0.455200
vt 0.075400 0.455200
vt 0.230600 0.291800
vt 0.230600 0.289900
vt 0.237600 0.289900
vt 0.237600 0.291800
vt 0.075400 0.291800
vt 0.068400 0.289900
vt 0.075400 0.289900
vt 0.357100 0.878500
vt 0.357100 0.886400
vt 0.253700 0.358800
vt 0.253700 0.397200
vt 0.253700 0.322100
vt 0.253700 0.427600
vt 0.253700 0.455200
vt 0.138000 0.491000
vt 0.253700 0.491000
vt 0.052100 0.289900
vt 0.037000 0.289900
vt 0.045300 0.289900
vt 0.522100 0.921700
vt 0.521800 0.934100
vt 0.138000 0.291800
vt 0.253700 0.291800
vt 0.168500 0.291800
vt 0.253700 0.549700
vt 0.052100 0.549700
vt 0.253700 0.289900
vt 0.138000 0.289900
vt 0.138000 0.549700
vt 0.168500 0.289900
vt 0.336100 0.898200
vt 0.270600 0.898200
vt 0.270600 0.866700
vt 0.336100 0.866700
vt 0.030300 0.549700
vt 0.030300 0.491000
vt 0.204700 0.928000
vt 0.189200 0.928000
vt 0.189200 0.907100
vt 0.204700 0.907100
vt 0.030300 0.427600
vt 0.030300 0.397200
vt 0.030300 0.358800
vt 0.030300 0.324700
vt 0.030300 0.455200
vt 0.147500 0.324700
vt 0.159000 0.322100
vt 0.030300 0.291800
vt 0.340400 0.892800
vt 0.340400 0.872000
vt 0.270200 0.933300
vt 0.208700 0.933300
vt 0.208700 0.901800
vt 0.270200 0.901800
vt 0.357100 0.892800
vt 0.357100 0.872000
vt 0.030300 0.289900
vt 0.488400 0.915000
vt 0.522500 0.915000
vt 0.529000 0.921800
vt 0.528700 0.934200
vt 0.522000 0.940700
vt 0.488000 0.939500
vt 0.054000 0.721500
vt 0.108100 0.718200
vt 0.125900 0.755400
vt 0.046200 0.756200
vt 0.041700 0.750600
vt 0.047500 0.722700
vt 0.022200 0.741600
vt 0.031000 0.726100
vt 0.110000 0.715000
vt 0.129300 0.753700
vt 0.125500 0.759200
vt 0.044500 0.759200
vt 0.053600 0.719400
vt 0.039300 0.753300
vt 0.046900 0.719100
vt 0.020400 0.744600
vt 0.029300 0.724100
vt 0.019800 0.740300
vt 0.020400 0.706600
vt 0.033400 0.699000
vt 0.034200 0.690300
vt 0.104900 0.680000
vt 0.323500 0.940200
vt 0.306200 0.939800
vt 0.308500 0.930700
vt 0.323400 0.930900
vt 0.358600 0.927800
vt 0.359600 0.936400
vt 0.345900 0.937300
vt 0.344700 0.928900
vt 0.305700 0.930000
vt 0.303200 0.938800
vt 0.344400 0.926100
vt 0.358300 0.924900
vt 0.346900 0.947400
vt 0.360500 0.946900
vt 0.360700 0.952200
vt 0.347100 0.953000
vt 0.303600 0.954700
vt 0.302400 0.949400
vt 0.306500 0.950500
vt 0.306800 0.954600
vt 0.323900 0.953800
vt 0.323700 0.949500
vt 0.338000 0.953200
vt 0.334800 0.953300
vt 0.334700 0.949200
vt 0.338200 0.947700
vt 0.335800 0.930200
vt 0.337200 0.938800
vt 0.334200 0.939500
vt 0.333000 0.930600
vt 0.346500 0.942800
vt 0.360100 0.942000
vt 0.305500 0.944500
vt 0.323600 0.944500
vt 0.301200 0.944400
vt 0.334700 0.943900
vt 0.338300 0.943700
vt 0.327900 0.930900
vt 0.328400 0.940100
vt 0.340200 0.926600
vt 0.340600 0.929500
vt 0.341800 0.937900
vt 0.342600 0.943200
vt 0.328600 0.944300
vt 0.335400 0.927300
vt 0.342800 0.947600
vt 0.342900 0.953000
vt 0.329000 0.953600
vt 0.328800 0.949400
vt 0.512700 0.724000
vt 0.516200 0.719000
vt 0.517500 0.722800
vt 0.515300 0.725800
vt 0.521100 0.720000
vt 0.520500 0.716300
vt 0.525000 0.715600
vt 0.525600 0.719300
vt 0.525100 0.747500
vt 0.525600 0.751200
vt 0.520700 0.749800
vt 0.520900 0.745900
vt 0.516000 0.746100
vt 0.517900 0.743600
vt 0.324700 0.967400
vt 0.325500 0.976600
vt 0.310600 0.978200
vt 0.307500 0.969300
vt 0.360600 0.976700
vt 0.346800 0.976700
vt 0.347200 0.968200
vt 0.360900 0.968100
vt 0.307900 0.979100
vt 0.304700 0.970600
vt 0.346700 0.979600
vt 0.360600 0.979600
vt 0.348100 0.958200
vt 0.361100 0.957500
vt 0.306800 0.958600
vt 0.302800 0.960100
vt 0.324100 0.958100
vt 0.338600 0.958600
vt 0.335100 0.957400
vt 0.337800 0.976200
vt 0.335000 0.976000
vt 0.335500 0.967100
vt 0.338400 0.967600
vt 0.347400 0.962700
vt 0.361100 0.962600
vt 0.306400 0.964700
vt 0.324400 0.963100
vt 0.302100 0.965200
vt 0.335500 0.962700
vt 0.339100 0.962500
vt 0.329900 0.976200
vt 0.329600 0.967100
vt 0.342500 0.979400
vt 0.342700 0.976500
vt 0.343100 0.968000
vt 0.343400 0.962600
vt 0.329500 0.962800
vt 0.343100 0.958300
vt 0.329200 0.957800
vt 0.513100 0.728900
vt 0.509100 0.728800
vt 0.511500 0.733200
vt 0.507800 0.733700
vt 0.508500 0.738200
vt 0.512200 0.737600
vt 0.511100 0.742500
vt 0.514900 0.741300
vt 0.337600 0.979100
vt 0.270300 0.550000
vt 0.270300 0.523300
vt 0.285700 0.523300
vt 0.285700 0.550000
vt 0.285700 0.445300
vt 0.270300 0.445300
vt 0.270300 0.418600
vt 0.285700 0.418600
vt 0.942300 0.568100
vt 0.929000 0.568100
vt 0.929000 0.547100
vt 0.942300 0.547100
vt 0.776600 0.568100
vt 0.769300 0.564900
vt 0.763500 0.555300
vt 0.761900 0.547100
vt 0.797600 0.547100
vt 0.797600 0.568100
vt 0.483200 0.484300
vt 0.483200 0.495700
vt 0.466800 0.495700
vt 0.466800 0.484300
vt 0.979400 0.555300
vt 0.973700 0.564900
vt 0.965000 0.566900
vt 0.981000 0.547100
vt 0.297700 0.550000
vt 0.297700 0.523300
vt 0.297700 0.418600
vt 0.297700 0.445300
vt 0.924600 0.568100
vt 0.924600 0.547100
vt 0.285700 0.495700
vt 0.270300 0.495700
vt 0.270300 0.484300
vt 0.285700 0.484300
vt 0.309500 0.495700
vt 0.297700 0.495700
vt 0.297700 0.484300
vt 0.309500 0.484300
vt 0.309500 0.523300
vt 0.329400 0.523300
vt 0.329400 0.550000
vt 0.309500 0.550000
vt 0.309500 0.445300
vt 0.309500 0.418600
vt 0.329400 0.418600
vt 0.329400 0.445300
vt 0.919600 0.568100
vt 0.899700 0.568100
vt 0.899700 0.547100
vt 0.919600 0.547100
vt 0.329400 0.484300
vt 0.329400 0.495700
vt 0.343300 0.523300
vt 0.343300 0.550000
vt 0.343300 0.445300
vt 0.343300 0.418600
vt 0.894200 0.568100
vt 0.894200 0.547100
vt 0.359800 0.495700
vt 0.343300 0.495700
vt 0.343300 0.484300
vt 0.359800 0.484300
vt 0.359800 0.550000
vt 0.359800 0.523300
vt 0.385100 0.523300
vt 0.385100 0.550000
vt 0.385100 0.445300
vt 0.359800 0.445300
vt 0.359800 0.418600
vt 0.385100 0.418600
vt 0.888500 0.568100
vt 0.857000 0.568100
vt 0.857000 0.547100
vt 0.888500 0.547100
vt 0.385100 0.484300
vt 0.385100 0.495700
vt 0.401600 0.523300
vt 0.401600 0.550000
vt 0.401600 0.418600
vt 0.401600 0.445300
vt 0.851400 0.568100
vt 0.851400 0.547100
vt 0.417600 0.495700
vt 0.401600 0.495700
vt 0.401600 0.484300
vt 0.417600 0.484300
vt 0.417600 0.523300
vt 0.434700 0.523300
vt 0.434700 0.550000
vt 0.417600 0.550000
vt 0.417600 0.445300
vt 0.417600 0.418600
vt 0.434700 0.418600
vt 0.434700 0.445300
vt 0.845100 0.568100
vt 0.830300 0.568100
vt 0.830300 0.547100
vt 0.845100 0.547100
vt 0.434700 0.484300
vt 0.434700 0.495700
vt 0.448500 0.523300
vt 0.448500 0.550000
vt 0.448500 0.445300
vt 0.448500 0.418600
vt 0.823800 0.568100
vt 0.823800 0.547100
vt 0.448500 0.495700
vt 0.448500 0.484300
vt 0.466800 0.523300
vt 0.483200 0.523300
vt 0.483200 0.550000
vt 0.466800 0.550000
vt 0.466800 0.445300
vt 0.466800 0.418600
vt 0.483200 0.418600
vt 0.483200 0.445300
vt 0.817900 0.568100
vt 0.817900 0.547100
vt 0.929000 0.526100
vt 0.942300 0.526100
vt 0.776600 0.526100
vt 0.797600 0.526100
vt 0.763500 0.538900
vt 0.769300 0.529300
vt 0.466800 0.472900
vt 0.483200 0.472900
vt 0.965000 0.527200
vt 0.973700 0.529300
vt 0.979400 0.538900
vt 0.924600 0.526100
vt 0.270300 0.472900
vt 0.285700 0.472900
vt 0.297700 0.472900
vt 0.309500 0.472900
vt 0.899700 0.526100
vt 0.919600 0.526100
vt 0.329400 0.472900
vt 0.894200 0.526100
vt 0.343300 0.472900
vt 0.359800 0.472900
vt 0.857000 0.526100
vt 0.888500 0.526100
vt 0.385100 0.472900
vt 0.851400 0.526100
vt 0.401600 0.472900
vt 0.417600 0.472900
vt 0.830300 0.526100
vt 0.845100 0.526100
vt 0.434700 0.472900
vt 0.823800 0.526100
vt 0.448500 0.472900
vt 0.817900 0.526100
vt 0.270300 0.510900
vt 0.285700 0.510900
vt 0.483200 0.457600
vt 0.466800 0.457600
vt 0.285700 0.457600
vt 0.270300 0.457600
vt 0.466800 0.510900
vt 0.483200 0.510900
vt 0.297700 0.510900
vt 0.309500 0.457600
vt 0.297700 0.457600
vt 0.309500 0.510900
vt 0.329400 0.510900
vt 0.329400 0.457600
vt 0.343300 0.510900
vt 0.359800 0.457600
vt 0.343300 0.457600
vt 0.359800 0.510900
vt 0.385100 0.510900
vt 0.385100 0.457600
vt 0.401600 0.510900
vt 0.417600 0.457600
vt 0.401600 0.457600
vt 0.417600 0.510900
vt 0.434700 0.510900
vt 0.434700 0.457600
vt 0.448500 0.510900
vt 0.448500 0.457600
vt 0.018500 0.903100
vt 0.015600 0.902200
vt 0.018500 0.902900
vt 0.020700 0.903500
vt 0.014400 0.907400
vt 0.017400 0.908100
vt 0.058000 0.908300
vt 0.061000 0.908500
vt 0.058000 0.908500
vt 0.055700 0.908300
vt 0.058000 0.907500
vt 0.061100 0.907600
vt 0.026900 0.904800
vt 0.026900 0.904900
vt 0.018700 0.902000
vt 0.027100 0.904000
vt 0.038100 0.906900
vt 0.038100 0.906800
vt 0.022500 0.896700
vt 0.020500 0.895900
vt 0.028500 0.897600
vt 0.028400 0.897900
vt 0.021600 0.891400
vt 0.029500 0.892900
vt 0.039100 0.899800
vt 0.039100 0.899400
vt 0.029000 0.871100
vt 0.035500 0.868100
vt 0.035000 0.871700
vt 0.029700 0.873900
vt 0.028100 0.870100
vt 0.035300 0.866800
vt 0.043600 0.868000
vt 0.043800 0.866700
vt 0.043000 0.872000
vt 0.016100 0.932300
vt 0.014200 0.924600
vt 0.023700 0.925000
vt 0.021900 0.938200
vt 0.026000 0.910200
vt 0.037300 0.912200
vt 0.035200 0.927300
vt 0.033400 0.940900
vt 0.013700 0.889100
vt 0.012000 0.894000
vt 0.011200 0.893700
vt 0.012900 0.888800
vt 0.057900 0.901100
vt 0.058100 0.896600
vt 0.061100 0.896700
vt 0.060900 0.901800
vt 0.062700 0.896700
vt 0.062700 0.901800
vt 0.039800 0.894600
vt 0.026900 0.905100
vt 0.038100 0.907000
vt 0.011200 0.923800
vt 0.013400 0.935400
vt 0.025800 0.866900
vt 0.026300 0.867600
vt 0.019500 0.875200
vt 0.018800 0.874700
vt 0.057500 0.882800
vt 0.060000 0.882900
vt 0.055200 0.877600
vt 0.056800 0.875200
vt 0.061400 0.882500
vt 0.057900 0.874500
vt 0.026000 0.878300
vt 0.032700 0.881000
vt 0.041600 0.882100
vt 0.015800 0.901300
vt 0.038200 0.905900
vt 0.021200 0.943400
vt 0.032600 0.946200
vt 0.034500 0.863100
vt 0.044300 0.862900
vt 0.044200 0.863700
vt 0.034600 0.863800
vt 0.060700 0.913800
vt 0.057700 0.913700
vt 0.052300 0.937400
vt 0.056200 0.930400
vt 0.059300 0.930400
vt 0.054100 0.941100
vt 0.065300 0.881500
vt 0.067100 0.896400
vt 0.066200 0.896500
vt 0.064600 0.881700
vt 0.067400 0.901500
vt 0.066500 0.901600
vt 0.060300 0.872600
vt 0.061000 0.872100
vt 0.019100 0.900400
vt 0.016200 0.899600
vt 0.016800 0.897600
vt 0.019700 0.898500
vt 0.058100 0.905800
vt 0.061100 0.905800
vt 0.058100 0.903800
vt 0.061100 0.903700
vt 0.027400 0.902400
vt 0.027800 0.900600
vt 0.038400 0.904400
vt 0.038700 0.902500
vt 0.015200 0.889700
vt 0.013600 0.894600
vt 0.017100 0.890300
vt 0.015700 0.895200
vt 0.027200 0.868700
vt 0.020800 0.876000
vt 0.022300 0.876900
vt 0.034900 0.865200
vt 0.044000 0.865100
vt 0.064600 0.896600
vt 0.064800 0.901700
vt 0.059200 0.873500
vt 0.063100 0.882100
vt 0.020200 0.896900
vt 0.017400 0.895800
vt 0.058000 0.902200
vt 0.055900 0.901300
vt 0.028200 0.899000
vt 0.038900 0.900900
vt 0.018700 0.890800
vt 0.023600 0.877600
vt 0.049400 0.908000
vt 0.049400 0.907900
vt 0.049800 0.900900
vt 0.049900 0.900500
vt 0.051900 0.869200
vt 0.051300 0.870400
vt 0.050900 0.874000
vt 0.048800 0.913400
vt 0.047000 0.930200
vt 0.045100 0.941400
vt 0.050100 0.895800
vt 0.049300 0.908200
vt 0.050400 0.883500
vt 0.049400 0.907100
vt 0.044400 0.946600
vt 0.053400 0.866600
vt 0.053800 0.865900
vt 0.049700 0.903600
vt 0.049500 0.905500
vt 0.052700 0.867800
vt 0.049800 0.902000
vt 0.597800 0.854900
vt 0.597400 0.857800
vt 0.594700 0.857400
vt 0.595200 0.854500
vt 0.591200 0.897500
vt 0.594000 0.897500
vt 0.593900 0.900500
vt 0.591200 0.900400
vt 0.595800 0.897600
vt 0.595700 0.900500
vt 0.596300 0.866300
vt 0.599200 0.858000
vt 0.598000 0.866500
vt 0.595000 0.877600
vt 0.592100 0.877300
vt 0.593400 0.866000
vt 0.611800 0.860300
vt 0.610300 0.868300
vt 0.607600 0.867900
vt 0.609200 0.859800
vt 0.635800 0.868400
vt 0.638500 0.874200
vt 0.636200 0.873900
vt 0.634500 0.869400
vt 0.637300 0.867700
vt 0.640200 0.873900
vt 0.639200 0.881300
vt 0.640900 0.881500
vt 0.636800 0.881100
vt 0.562500 0.857200
vt 0.569600 0.855300
vt 0.566700 0.863600
vt 0.557600 0.863200
vt 0.578800 0.855600
vt 0.576800 0.864200
vt 0.575000 0.875800
vt 0.564300 0.874900
vt 0.554600 0.874100
vt 0.615700 0.848100
vt 0.613300 0.847100
vt 0.614000 0.845400
vt 0.616400 0.846400
vt 0.609000 0.901700
vt 0.606400 0.902000
vt 0.606200 0.900400
vt 0.608800 0.900200
vt 0.609000 0.878800
vt 0.606300 0.878500
vt 0.588100 0.856400
vt 0.588600 0.853500
vt 0.579500 0.852600
vt 0.608600 0.897400
vt 0.614600 0.896900
vt 0.614800 0.899500
vt 0.621900 0.895800
vt 0.622100 0.898200
vt 0.615000 0.900900
vt 0.622500 0.899500
vt 0.617600 0.861900
vt 0.616200 0.869400
vt 0.624600 0.864200
vt 0.623800 0.871000
vt 0.615100 0.879300
vt 0.623100 0.880000
vt 0.599600 0.855100
vt 0.596800 0.877700
vt 0.561300 0.855100
vt 0.554600 0.863000
vt 0.551400 0.873800
vt 0.646500 0.872400
vt 0.647300 0.882100
vt 0.646000 0.882000
vt 0.645300 0.872700
vt 0.637200 0.857500
vt 0.643000 0.864100
vt 0.641800 0.864700
vt 0.636100 0.858600
vt 0.629500 0.854200
vt 0.630400 0.852700
vt 0.557900 0.893900
vt 0.559400 0.892000
vt 0.566100 0.895200
vt 0.566600 0.898100
vt 0.575200 0.896500
vt 0.575400 0.899500
vt 0.632300 0.903200
vt 0.633100 0.904400
vt 0.625700 0.908000
vt 0.625100 0.906400
vt 0.610500 0.910200
vt 0.610800 0.912000
vt 0.608300 0.912500
vt 0.607900 0.910700
vt 0.638900 0.898200
vt 0.640000 0.899000
vt 0.603500 0.858700
vt 0.604000 0.855800
vt 0.608300 0.856600
vt 0.607700 0.859500
vt 0.600200 0.897700
vt 0.600200 0.900600
vt 0.604500 0.897600
vt 0.604600 0.900500
vt 0.602100 0.867100
vt 0.606200 0.867700
vt 0.600900 0.878100
vt 0.604900 0.878400
vt 0.614200 0.852100
vt 0.611800 0.851200
vt 0.612900 0.856200
vt 0.610400 0.855400
vt 0.639500 0.866300
vt 0.634200 0.861200
vt 0.632400 0.863700
vt 0.627600 0.857500
vt 0.625800 0.860600
vt 0.642800 0.873300
vt 0.643400 0.881700
vt 0.609600 0.905900
vt 0.607100 0.906400
vt 0.635000 0.894500
vt 0.636900 0.896300
vt 0.630900 0.900400
vt 0.629500 0.897600
vt 0.623700 0.902900
vt 0.609900 0.857000
vt 0.606000 0.897500
vt 0.612400 0.857600
vt 0.631300 0.864700
vt 0.631000 0.866700
vt 0.625200 0.861900
vt 0.591400 0.888700
vt 0.594300 0.888900
vt 0.639000 0.888900
vt 0.637300 0.888300
vt 0.633600 0.893500
vt 0.635000 0.888200
vt 0.632600 0.892300
vt 0.584600 0.888400
vt 0.585200 0.876700
vt 0.584600 0.897200
vt 0.574800 0.887600
vt 0.608500 0.889300
vt 0.605800 0.889200
vt 0.629600 0.888400
vt 0.630900 0.880600
vt 0.628600 0.894300
vt 0.622200 0.888900
vt 0.596100 0.889000
vt 0.555700 0.885300
vt 0.552600 0.884900
vt 0.643700 0.890900
vt 0.644900 0.891400
vt 0.604300 0.889200
vt 0.600200 0.889100
vt 0.641400 0.889900
vt 0.586600 0.865200
vt 0.570600 0.852500
vt 0.628600 0.896400
vt 0.631000 0.872700
vt 0.621700 0.850400
vt 0.622400 0.848800
vt 0.584600 0.900200
vt 0.616700 0.908800
vt 0.617200 0.910600
vt 0.618700 0.858000
vt 0.620100 0.854300
vt 0.615800 0.904800
vt 0.618200 0.859400
vt 0.564700 0.886400
vt 0.614500 0.889200
vt 0.969000 0.848500
vt 0.966800 0.847900
vt 0.969000 0.848200
vt 0.972000 0.848900
vt 0.969800 0.844900
vt 0.972700 0.845500
vt 0.929700 0.845100
vt 0.932000 0.845200
vt 0.929700 0.845400
vt 0.926700 0.845300
vt 0.960600 0.847100
vt 0.960600 0.846900
vt 0.949500 0.845900
vt 0.949500 0.845700
vt 0.965100 0.856300
vt 0.966800 0.857100
vt 0.959200 0.856200
vt 0.959300 0.855600
vt 0.959000 0.859400
vt 0.966900 0.860000
vt 0.948800 0.854500
vt 0.948700 0.855200
vt 0.959200 0.891300
vt 0.953100 0.894400
vt 0.953400 0.891600
vt 0.958100 0.889700
vt 0.960400 0.892900
vt 0.953500 0.896400
vt 0.945600 0.895200
vt 0.945500 0.897200
vt 0.945900 0.892100
vt 0.970300 0.805700
vt 0.972600 0.813100
vt 0.964100 0.810000
vt 0.964200 0.800600
vt 0.972500 0.824500
vt 0.963500 0.822400
vt 0.951500 0.820500
vt 0.952600 0.807500
vt 0.953400 0.797500
vt 0.930000 0.857100
vt 0.926700 0.856700
vt 0.927200 0.853200
vt 0.930500 0.854300
vt 0.924000 0.856400
vt 0.924300 0.852900
vt 0.948500 0.858300
vt 0.960700 0.846700
vt 0.949500 0.845500
vt 0.949800 0.842100
vt 0.961200 0.843400
vt 0.971300 0.836200
vt 0.974400 0.836800
vt 0.975600 0.825200
vt 0.929600 0.865100
vt 0.926300 0.864900
vt 0.930200 0.874900
vt 0.927100 0.874900
vt 0.923800 0.865000
vt 0.924800 0.875400
vt 0.966100 0.867900
vt 0.958200 0.867200
vt 0.964000 0.877600
vt 0.956600 0.877000
vt 0.947900 0.866400
vt 0.947100 0.876400
vt 0.968900 0.849200
vt 0.971900 0.849600
vt 0.929700 0.846100
vt 0.926700 0.846100
vt 0.960500 0.847800
vt 0.949400 0.846600
vt 0.964300 0.797500
vt 0.972300 0.804600
vt 0.953600 0.794100
vt 0.977700 0.860800
vt 0.976900 0.860700
vt 0.977400 0.857200
vt 0.978100 0.857300
vt 0.926500 0.841800
vt 0.929500 0.841700
vt 0.969000 0.889500
vt 0.962800 0.896100
vt 0.962400 0.895600
vt 0.968400 0.889100
vt 0.972900 0.880100
vt 0.973500 0.880300
vt 0.931800 0.809800
vt 0.928900 0.810300
vt 0.933500 0.801400
vt 0.935300 0.802900
vt 0.930100 0.821000
vt 0.927000 0.821300
vt 0.954400 0.899500
vt 0.954500 0.900200
vt 0.945100 0.901100
vt 0.945200 0.900400
vt 0.919900 0.856300
vt 0.919200 0.856300
vt 0.919300 0.852700
vt 0.920100 0.852800
vt 0.924100 0.885600
vt 0.929000 0.892900
vt 0.928500 0.893300
vt 0.923500 0.885900
vt 0.920500 0.876200
vt 0.921200 0.876100
vt 0.968600 0.850800
vt 0.971600 0.851300
vt 0.971100 0.853800
vt 0.968100 0.853000
vt 0.929700 0.847700
vt 0.926700 0.847800
vt 0.929900 0.850000
vt 0.926800 0.850300
vt 0.960300 0.849300
vt 0.960000 0.851400
vt 0.949300 0.848100
vt 0.949100 0.850300
vt 0.975300 0.860500
vt 0.975600 0.857000
vt 0.972900 0.860200
vt 0.973200 0.856800
vt 0.961500 0.894400
vt 0.967100 0.888300
vt 0.965500 0.887200
vt 0.971400 0.879500
vt 0.969300 0.878800
vt 0.954000 0.898200
vt 0.945300 0.899100
vt 0.921700 0.856300
vt 0.921800 0.852800
vt 0.930000 0.891900
vt 0.925500 0.885000
vt 0.927300 0.884100
vt 0.931400 0.890600
vt 0.922700 0.875800
vt 0.967400 0.855400
vt 0.970300 0.856600
vt 0.930200 0.852500
vt 0.932400 0.853700
vt 0.959600 0.853800
vt 0.948900 0.852600
vt 0.970300 0.860000
vt 0.963700 0.886000
vt 0.961000 0.885600
vt 0.967100 0.878100
vt 0.938300 0.845400
vt 0.938300 0.845100
vt 0.938200 0.854000
vt 0.938200 0.854600
vt 0.937600 0.895100
vt 0.938300 0.893200
vt 0.932800 0.889200
vt 0.938500 0.890400
vt 0.934200 0.887800
vt 0.938300 0.841600
vt 0.938500 0.832600
vt 0.950500 0.833100
vt 0.929400 0.832800
vt 0.939300 0.820400
vt 0.938000 0.857700
vt 0.938300 0.845000
vt 0.938200 0.884300
vt 0.946400 0.885500
vt 0.931900 0.883300
vt 0.937600 0.875500
vt 0.938300 0.846100
vt 0.942600 0.795700
vt 0.942100 0.798800
vt 0.936000 0.898700
vt 0.936300 0.898100
vt 0.938200 0.849700
vt 0.938200 0.847600
vt 0.936900 0.896800
vt 0.938200 0.852100
vt 0.962400 0.834500
vt 0.975500 0.814100
vt 0.929300 0.883300
vt 0.954700 0.885600
vt 0.975700 0.869400
vt 0.976400 0.869600
vt 0.926300 0.832900
vt 0.919200 0.865200
vt 0.919900 0.865200
vt 0.971900 0.868700
vt 0.974100 0.869100
vt 0.921600 0.865100
vt 0.969400 0.868300
vt 0.940800 0.808100
vt 0.937600 0.865600
vt 0.926200 0.419800
vt 0.926200 0.437900
vt 0.900300 0.437900
vt 0.895700 0.414700
vt 0.900300 0.478100
vt 0.926200 0.478100
vt 0.926200 0.496200
vt 0.895700 0.501300
vt 0.944300 0.445500
vt 0.975200 0.445500
vt 0.975200 0.470500
vt 0.944300 0.470500
vt 0.835600 0.445500
vt 0.835600 0.470500
vt 0.812400 0.470500
vt 0.812400 0.445500
vt 0.900300 0.445500
vt 0.900300 0.470500
vt 0.860300 0.470500
vt 0.860300 0.445500
vt 0.926200 0.470500
vt 0.926200 0.445500
vt 0.796800 0.445500
vt 0.796800 0.470500
vt 0.775300 0.470500
vt 0.775300 0.445500
vt 0.895700 0.399200
vt 0.857100 0.414700
vt 0.857100 0.399200
vt 0.835600 0.516800
vt 0.835600 0.501300
vt 0.857100 0.501300
vt 0.857100 0.516800
vt 0.990700 0.445500
vt 0.990700 0.470500
vt 0.023600 0.828300
vt 0.018400 0.823900
vt 0.030300 0.794800
vt 0.037200 0.799000
vt 0.541800 0.931000
vt 0.543900 0.924700
vt 0.549100 0.924700
vt 0.550500 0.931000
vt 0.008600 0.831800
vt 0.022100 0.796400
vt 0.051200 0.797900
vt 0.051200 0.774000
vt 0.059800 0.774000
vt 0.059800 0.802400
vt 0.557400 0.919700
vt 0.539600 0.919700
vt 0.536900 0.913200
vt 0.560400 0.911800
vt 0.860300 0.437900
vt 0.835600 0.437900
vt 0.835600 0.414700
vt 0.835600 0.478100
vt 0.860300 0.478100
vt 0.736700 0.470500
vt 0.736700 0.445500
vt 0.835600 0.399200
vt 0.895700 0.516800
vt 0.037400 0.782800
vt 0.043100 0.780700
vt 0.043100 0.789500
vt 0.036500 0.787700
vt 0.586600 0.913000
vt 0.590100 0.918700
vt 0.560000 0.926900
vt 0.028000 0.774800
vt 0.033500 0.778000
vt 0.059800 0.848600
vt 0.051200 0.835800
vt 0.595700 0.905100
vt 0.558900 0.939100
vt 0.563400 0.947600
vt 0.535200 0.947600
vt 0.535200 0.939100
vt 0.533400 0.924200
vt 0.037600 0.773500
vt 0.529400 0.917000
vt 0.032200 0.769100
vt 0.812400 0.478100
vt 0.944300 0.437900
vt 0.796800 0.478100
vt 0.775300 0.478100
vt 0.796800 0.437900
vt 0.812400 0.437900
vt 0.975200 0.437900
vt 0.990700 0.437900
vt 0.990700 0.478100
vt 0.975200 0.478100
vt 0.736700 0.478100
vt 0.775300 0.437900
vt 0.944300 0.478100
vt 0.736700 0.437900
vt 0.596600 0.939100
vt 0.609300 0.947600
vt 0.013600 0.837500
vt 0.600400 0.910800
vt 0.267600 0.968800
vt 0.265700 0.951000
vt 0.287900 0.951900
vt 0.289000 0.965700
vt 0.613300 0.463600
vt 0.602200 0.463000
vt 0.602800 0.430700
vt 0.614100 0.431100
vt 0.607300 0.531800
vt 0.600800 0.531800
vt 0.601100 0.514400
vt 0.605400 0.514100
vt 0.660400 0.435300
vt 0.632800 0.423400
vt 0.638100 0.411800
vt 0.665400 0.424300
vt 0.604200 0.505900
vt 0.606100 0.505800
vt 0.608400 0.513500
vt 0.449300 0.882700
vt 0.461100 0.883800
vt 0.461200 0.886500
vt 0.450300 0.889900
vt 0.668400 0.442700
vt 0.659000 0.438400
vt 0.670000 0.439200
vt 0.608500 0.587800
vt 0.608100 0.615800
vt 0.599400 0.615600
vt 0.599800 0.587600
vt 0.495400 0.863200
vt 0.515200 0.864000
vt 0.511000 0.881300
vt 0.492700 0.881700
vt 0.511100 0.884400
vt 0.492800 0.886300
vt 0.497200 0.904400
vt 0.517400 0.901700
vt 0.615600 0.463800
vt 0.613200 0.480000
vt 0.609700 0.479400
vt 0.635800 0.468600
vt 0.629500 0.485500
vt 0.482400 0.863200
vt 0.482400 0.882600
vt 0.473800 0.882800
vt 0.469600 0.866000
vt 0.482400 0.886200
vt 0.473900 0.887100
vt 0.484200 0.905400
vt 0.471400 0.903500
vt 0.601700 0.487600
vt 0.608000 0.488200
vt 0.606000 0.495500
vt 0.601500 0.495100
vt 0.608900 0.496300
vt 0.611200 0.488900
vt 0.620200 0.502600
vt 0.625000 0.494800
vt 0.643900 0.508700
vt 0.636100 0.519100
vt 0.601800 0.478800
vt 0.649600 0.497100
vt 0.601300 0.505900
vt 0.612200 0.531100
vt 0.655500 0.477700
vt 0.631700 0.425800
vt 0.534100 0.880800
vt 0.549200 0.878300
vt 0.549600 0.883800
vt 0.534100 0.883100
vt 0.261000 0.977200
vt 0.255800 0.943300
vt 0.296500 0.943300
vt 0.301000 0.974000
vt 0.616500 0.431100
vt 0.600100 0.572500
vt 0.607500 0.572600
vt 0.600300 0.562600
vt 0.600400 0.552500
vt 0.607000 0.552600
vt 0.607400 0.562700
vt 0.674800 0.428700
vt 0.160200 0.698100
vt 0.161000 0.720300
vt 0.143300 0.718400
vt 0.146400 0.697000
vt 0.591000 0.463100
vt 0.591500 0.430600
vt 0.594300 0.531500
vt 0.596800 0.514000
vt 0.670400 0.413400
vt 0.643400 0.400200
vt 0.598300 0.505800
vt 0.593800 0.513200
vt 0.596400 0.505700
vt 0.176800 0.861000
vt 0.176700 0.863800
vt 0.164900 0.865000
vt 0.165800 0.857700
vt 0.681300 0.414600
vt 0.679700 0.418100
vt 0.671900 0.410300
vt 0.590600 0.615500
vt 0.591100 0.587500
vt 0.211200 0.884400
vt 0.208400 0.865900
vt 0.226800 0.866300
vt 0.231100 0.883600
vt 0.208600 0.861300
vt 0.226800 0.863200
vt 0.213000 0.843200
vt 0.233100 0.845800
vt 0.590400 0.479600
vt 0.588700 0.463200
vt 0.594000 0.479100
vt 0.573900 0.484400
vt 0.568200 0.467300
vt 0.189500 0.864800
vt 0.198200 0.865000
vt 0.198100 0.884400
vt 0.185400 0.881600
vt 0.198200 0.861400
vt 0.189600 0.860500
vt 0.187300 0.844100
vt 0.200000 0.842300
vt 0.596900 0.495300
vt 0.595300 0.487900
vt 0.594200 0.495900
vt 0.592200 0.488500
vt 0.582500 0.502000
vt 0.566000 0.517800
vt 0.558500 0.507100
vt 0.578000 0.493900
vt 0.553300 0.495200
vt 0.589400 0.530700
vt 0.548100 0.475500
vt 0.536700 0.440000
vt 0.546300 0.436000
vt 0.644500 0.397800
vt 0.265300 0.863600
vt 0.265000 0.869100
vt 0.249900 0.866700
vt 0.249900 0.864400
vt 0.168800 0.730200
vt 0.134800 0.725000
vt 0.168800 0.689500
vt 0.138100 0.685000
vt 0.589100 0.430600
vt 0.592700 0.572300
vt 0.593200 0.562500
vt 0.593900 0.552400
vt 0.365700 0.964700
vt 0.365000 0.967300
vt 0.362100 0.966800
vt 0.362800 0.963900
vt 0.392400 0.968000
vt 0.391800 0.965300
vt 0.394900 0.964700
vt 0.395300 0.967800
vt 0.376600 0.963300
vt 0.378600 0.963500
vt 0.378600 0.967000
vt 0.376300 0.966800
vt 0.301900 0.729900
vt 0.305100 0.729800
vt 0.303700 0.731700
vt 0.302000 0.731700
vt 0.301400 0.716200
vt 0.212700 0.717400
vt 0.212700 0.715100
vt 0.301400 0.713900
vt 0.376200 0.967600
vt 0.378500 0.967900
vt 0.378400 0.972700
vt 0.374900 0.973800
vt 0.212800 0.724000
vt 0.301500 0.721500
vt 0.301700 0.724700
vt 0.213000 0.727200
vt 0.213700 0.743500
vt 0.302300 0.738800
vt 0.302300 0.742000
vt 0.213700 0.746700
vt 0.213400 0.735300
vt 0.213300 0.733200
vt 0.365300 0.974000
vt 0.363700 0.972100
vt 0.365400 0.971100
vt 0.366900 0.972300
vt 0.370300 0.965200
vt 0.365900 0.963900
vt 0.366700 0.961100
vt 0.371000 0.962200
vt 0.386500 0.962400
vt 0.391000 0.961500
vt 0.391600 0.964500
vt 0.387100 0.965500
vt 0.390000 0.973000
vt 0.391500 0.971800
vt 0.393200 0.973100
vt 0.391500 0.974700
vt 0.388100 0.969200
vt 0.392400 0.968100
vt 0.388100 0.969300
vt 0.385700 0.958700
vt 0.385700 0.958600
vt 0.390200 0.957600
vt 0.390200 0.957700
vt 0.371900 0.958600
vt 0.367600 0.957500
vt 0.367600 0.957400
vt 0.372000 0.958500
vt 0.365000 0.967400
vt 0.362100 0.966900
vt 0.369100 0.968800
vt 0.369000 0.968800
vt 0.381000 0.967800
vt 0.378600 0.967200
vt 0.380900 0.967000
vt 0.370000 0.965900
vt 0.365800 0.964100
vt 0.370200 0.965300
vt 0.362900 0.963300
vt 0.366900 0.960300
vt 0.371200 0.961400
vt 0.371100 0.962000
vt 0.366700 0.960900
vt 0.376700 0.962600
vt 0.378600 0.962700
vt 0.378600 0.963300
vt 0.376700 0.963200
vt 0.386300 0.961700
vt 0.390800 0.960700
vt 0.391000 0.961300
vt 0.386400 0.962300
vt 0.391700 0.964700
vt 0.394800 0.964100
vt 0.387300 0.966300
vt 0.387100 0.965700
vt 0.380700 0.963400
vt 0.380900 0.966900
vt 0.305200 0.733400
vt 0.305500 0.738700
vt 0.302100 0.733600
vt 0.304900 0.724500
vt 0.212600 0.712800
vt 0.212600 0.706300
vt 0.301300 0.706300
vt 0.301300 0.711500
vt 0.381900 0.973900
vt 0.385200 0.976300
vt 0.386500 0.978200
vt 0.370100 0.977800
vt 0.371500 0.975900
vt 0.382000 0.974000
vt 0.378000 0.959000
vt 0.378000 0.958900
vt 0.379400 0.958700
vt 0.379100 0.955500
vt 0.384800 0.954300
vt 0.376300 0.966900
vt 0.387100 0.965600
vt 0.380600 0.962600
vt 0.380700 0.963200
vt 0.371000 0.962100
vt 0.371500 0.976000
vt 0.374800 0.973900
vt 0.374800 0.974000
vt 0.378400 0.972800
vt 0.374900 0.973900
vt 0.381900 0.974100
vt 0.381900 0.974000
vt 0.368100 0.955400
vt 0.213500 0.737400
vt 0.392500 0.969700
vt 0.378600 0.967100
vt 0.365900 0.964000
vt 0.362900 0.963200
vt 0.366700 0.961000
vt 0.380700 0.963300
vt 0.378600 0.963400
vt 0.386500 0.962300
vt 0.391000 0.961400
vt 0.391700 0.964600
vt 0.394700 0.963900
vt 0.394800 0.964000
vt 0.362300 0.969000
vt 0.364600 0.968900
vt 0.373000 0.954400
vt 0.378500 0.955800
vt 0.394900 0.970000
vt 0.385200 0.976400
vt 0.379400 0.958800
vt 0.370900 0.953800
vt 0.389800 0.955600
vt 0.387000 0.953800
vt 0.372500 0.977800
vt 0.375900 0.977400
vt 0.378300 0.977100
vt 0.376000 0.977400
vt 0.380700 0.977600
vt 0.380600 0.977600
vt 0.384100 0.978200
vt 0.372600 0.977900
vt 0.375900 0.977600
vt 0.378200 0.977300
vt 0.376000 0.977500
vt 0.380600 0.977800
vt 0.380500 0.977800
vt 0.384000 0.978300
vt 0.251700 0.949400
vt 0.252500 0.954400
vt 0.242300 0.957000
vt 0.241000 0.951300
vt 0.241800 0.959800
vt 0.253500 0.959300
vt 0.253400 0.965400
vt 0.241600 0.966100
vt 0.253900 0.954400
vt 0.253000 0.949100
vt 0.217600 0.952600
vt 0.218500 0.958000
vt 0.214700 0.957000
vt 0.213800 0.953300
vt 0.229100 0.959800
vt 0.229200 0.958300
vt 0.229600 0.966700
vt 0.228200 0.944500
vt 0.239900 0.944400
vt 0.239900 0.945700
vt 0.228300 0.945900
vt 0.212200 0.953900
vt 0.213200 0.959300
vt 0.210000 0.954400
vt 0.210800 0.948800
vt 0.212900 0.950000
vt 0.218200 0.960100
vt 0.215100 0.945200
vt 0.216200 0.947600
vt 0.209200 0.963800
vt 0.211400 0.964800
vt 0.216400 0.966100
vt 0.226400 0.946000
vt 0.227200 0.951800
vt 0.250700 0.944600
vt 0.253300 0.970800
vt 0.241500 0.971900
vt 0.252000 0.944400
vt 0.229200 0.973000
vt 0.210100 0.969900
vt 0.215000 0.972600
vt 0.229100 0.951700
vt 0.244300 0.957500
vt 0.252300 0.956700
vt 0.253600 0.957500
vt 0.527200 0.953200
vt 0.527700 0.964000
vt 0.525200 0.964000
vt 0.524700 0.953200
vt 0.244900 0.958500
vt 0.521500 0.953400
vt 0.521300 0.950900
vt 0.524600 0.950700
vt 0.525300 0.966500
vt 0.522100 0.966700
vt 0.522000 0.964200
vt 0.227000 0.960400
vt 0.227400 0.958200
vt 0.227200 0.966800
vt 0.226800 0.973000
vt 0.226100 0.943300
vt 0.530400 0.953100
vt 0.531000 0.963900
vt 0.250600 0.943300
vt 0.343400 0.835000
vt 0.343500 0.837300
vt 0.329300 0.837100
vt 0.328800 0.835300
vt 0.689800 0.548800
vt 0.688000 0.535600
vt 0.690000 0.535400
vt 0.691700 0.548500
vt 0.687900 0.414200
vt 0.690300 0.413000
vt 0.691200 0.414900
vt 0.689500 0.415600
vt 0.727800 0.527300
vt 0.730200 0.527200
vt 0.729900 0.531200
vt 0.727600 0.530800
vt 0.692600 0.553900
vt 0.690700 0.554200
vt 0.720600 0.550500
vt 0.722600 0.550900
vt 0.721900 0.554500
vt 0.720200 0.554200
vt 0.692600 0.562800
vt 0.694200 0.561900
vt 0.700300 0.566900
vt 0.699500 0.568500
vt 0.708000 0.568800
vt 0.708200 0.570500
vt 0.719400 0.559400
vt 0.720900 0.559900
vt 0.716100 0.567000
vt 0.715000 0.565700
vt 0.726300 0.512200
vt 0.724100 0.512100
vt 0.322600 0.822300
vt 0.324200 0.829000
vt 0.313100 0.826100
vt 0.309400 0.816800
vt 0.689800 0.533100
vt 0.687800 0.533300
vt 0.687500 0.524600
vt 0.689500 0.524600
vt 0.701300 0.442700
vt 0.698100 0.413800
vt 0.704000 0.413100
vt 0.709800 0.442600
vt 0.348200 0.819400
vt 0.344000 0.819300
vt 0.344500 0.815500
vt 0.348800 0.815800
vt 0.359800 0.825300
vt 0.358400 0.825500
vt 0.358000 0.822100
vt 0.357800 0.820300
vt 0.355500 0.832600
vt 0.358600 0.829200
vt 0.358700 0.830200
vt 0.355800 0.834200
vt 0.697800 0.411800
vt 0.704100 0.411000
vt 0.325800 0.821700
vt 0.327200 0.828600
vt 0.316300 0.834900
vt 0.326300 0.835400
vt 0.348300 0.834300
vt 0.347900 0.826100
vt 0.354200 0.825600
vt 0.354300 0.820100
vt 0.716700 0.441900
vt 0.714500 0.442400
vt 0.706700 0.413400
vt 0.707800 0.411700
vt 0.237200 0.823100
vt 0.236400 0.818900
vt 0.238700 0.818500
vt 0.239600 0.822800
vt 0.689300 0.446000
vt 0.687400 0.446000
vt 0.179300 0.929200
vt 0.176700 0.930000
vt 0.176700 0.896400
vt 0.178700 0.896500
vt 0.694700 0.548100
vt 0.693700 0.534900
vt 0.693700 0.532700
vt 0.693500 0.524000
vt 0.694100 0.447700
vt 0.692000 0.445300
vt 0.695800 0.447400
vt 0.709400 0.444900
vt 0.701600 0.446400
vt 0.713700 0.444000
vt 0.715200 0.444800
vt 0.714300 0.446300
vt 0.724800 0.530100
vt 0.725600 0.527700
vt 0.718200 0.553700
vt 0.718800 0.549400
vt 0.717500 0.559400
vt 0.713700 0.564000
vt 0.707700 0.567000
vt 0.701500 0.565200
vt 0.696100 0.561200
vt 0.695400 0.553200
vt 0.329000 0.840200
vt 0.326600 0.840300
vt 0.327200 0.838800
vt 0.329600 0.838800
vt 0.317400 0.840500
vt 0.307800 0.840700
vt 0.307700 0.839300
vt 0.317700 0.839100
vt 0.241300 0.840700
vt 0.239900 0.839200
vt 0.242300 0.839200
vt 0.243700 0.840700
vt 0.238200 0.837400
vt 0.236500 0.838400
vt 0.236000 0.832200
vt 0.237600 0.831900
vt 0.233200 0.819900
vt 0.235000 0.819100
vt 0.236000 0.823400
vt 0.234200 0.824000
vt 0.295200 0.805700
vt 0.308200 0.809700
vt 0.307900 0.810900
vt 0.294900 0.806900
vt 0.321600 0.815400
vt 0.322000 0.817000
vt 0.343700 0.812800
vt 0.344800 0.814100
vt 0.325500 0.816700
vt 0.324800 0.815400
vt 0.349200 0.814600
vt 0.348200 0.813100
vt 0.354400 0.814900
vt 0.355000 0.816400
vt 0.359200 0.818600
vt 0.358700 0.819800
vt 0.362000 0.825000
vt 0.360800 0.825200
vt 0.360600 0.831700
vt 0.359600 0.830700
vt 0.356100 0.836400
vt 0.356400 0.835000
vt 0.348400 0.839200
vt 0.342900 0.840100
vt 0.343900 0.838700
vt 0.349200 0.837700
vt 0.317200 0.837400
vt 0.326900 0.837200
vt 0.348700 0.836400
vt 0.239300 0.836300
vt 0.239500 0.837500
vt 0.238300 0.838900
vt 0.177200 0.888900
vt 0.179100 0.889000
vt 0.186200 0.896400
vt 0.186900 0.929100
vt 0.181300 0.936500
vt 0.178700 0.937200
vt 0.169200 0.930000
vt 0.169200 0.896400
vt 0.717200 0.444300
vt 0.689300 0.448500
vt 0.687400 0.448500
vt 0.238900 0.831700
vt 0.241400 0.831400
vt 0.241800 0.836200
vt 0.247300 0.817000
vt 0.248400 0.821600
vt 0.694100 0.450200
vt 0.717400 0.453800
vt 0.716500 0.454900
vt 0.242000 0.837500
vt 0.251400 0.837500
vt 0.251800 0.839200
vt 0.236600 0.817600
vt 0.238900 0.817200
vt 0.307300 0.812200
vt 0.296800 0.813300
vt 0.294400 0.808100
vt 0.321600 0.818600
vt 0.325300 0.818200
vt 0.354600 0.817300
vt 0.728600 0.501000
vt 0.719400 0.453300
vt 0.730400 0.501200
vt 0.689300 0.515400
vt 0.687300 0.515500
vt 0.687300 0.458000
vt 0.689300 0.458000
vt 0.302000 0.824000
vt 0.306100 0.834600
vt 0.251200 0.835900
vt 0.250500 0.830300
vt 0.694000 0.459500
vt 0.693300 0.514800
vt 0.247600 0.815700
vt 0.307200 0.837700
vt 0.727400 0.500900
vt 0.721800 0.513100
vt 0.236700 0.840100
vt 0.253000 0.840700
vt 0.237900 0.816100
vt 0.240200 0.815700
vt 0.248600 0.814200
vt 0.343400 0.826400
vt 0.615100 0.709400
vt 0.617200 0.709900
vt 0.614700 0.714200
vt 0.613100 0.712600
vt 0.610400 0.716500
vt 0.609800 0.714400
vt 0.605500 0.716300
vt 0.606100 0.714200
vt 0.601400 0.713800
vt 0.603000 0.712300
vt 0.599200 0.709600
vt 0.601300 0.709100
vt 0.599300 0.704800
vt 0.601400 0.705400
vt 0.601800 0.700800
vt 0.603300 0.702300
vt 0.605900 0.698500
vt 0.606400 0.700500
vt 0.610600 0.698500
vt 0.610100 0.700600
vt 0.614800 0.700900
vt 0.613300 0.702400
vt 0.617200 0.705100
vt 0.615100 0.705600
vt 0.549100 0.697800
vt 0.547300 0.701100
vt 0.544000 0.702900
vt 0.547300 0.690900
vt 0.535200 0.694100
vt 0.537100 0.701100
vt 0.540300 0.702900
vt 0.535200 0.697800
vt 0.540300 0.689000
vt 0.537100 0.690900
vt 0.544000 0.689000
vt 0.549100 0.694100
vt 0.613200 0.708900
vt 0.611800 0.711200
vt 0.609400 0.712500
vt 0.606700 0.712400
vt 0.604400 0.711000
vt 0.603100 0.708600
vt 0.603200 0.705900
vt 0.604600 0.703600
vt 0.606900 0.702300
vt 0.609600 0.702400
vt 0.611900 0.703800
vt 0.613300 0.706100
vt 0.612700 0.708700
vt 0.611400 0.710800
vt 0.609300 0.712000
vt 0.606800 0.711900
vt 0.604700 0.710600
vt 0.603600 0.708500
vt 0.603700 0.706100
vt 0.604900 0.704000
vt 0.607000 0.702800
vt 0.609500 0.702900
vt 0.611600 0.704100
vt 0.612700 0.706300
vt 0.611300 0.708300
vt 0.610400 0.709800
vt 0.608900 0.710600
vt 0.607200 0.710500
vt 0.605800 0.709600
vt 0.605000 0.708200
vt 0.605000 0.706500
vt 0.605900 0.705000
vt 0.607400 0.704200
vt 0.609100 0.704300
vt 0.610500 0.705100
vt 0.611300 0.706600
vt 0.608200 0.707400
vt 0.155000 0.885600
vt 0.160000 0.885000
vt 0.160700 0.887400
vt 0.155200 0.888900
vt 0.151100 0.885800
vt 0.151100 0.889300
vt 0.090400 0.889200
vt 0.085400 0.889300
vt 0.085400 0.885200
vt 0.090300 0.885100
vt 0.163600 0.885800
vt 0.162300 0.884100
vt 0.165700 0.880100
vt 0.167200 0.880700
vt 0.166200 0.876700
vt 0.167900 0.876700
vt 0.165000 0.876700
vt 0.163200 0.880500
vt 0.075100 0.888700
vt 0.069900 0.882900
vt 0.073500 0.883400
vt 0.073500 0.878000
vt 0.078500 0.877900
vt 0.078600 0.885300
vt 0.122400 0.877300
vt 0.126300 0.877300
vt 0.126800 0.882600
vt 0.123100 0.883700
vt 0.159500 0.876800
vt 0.159700 0.882100
vt 0.154800 0.882500
vt 0.154600 0.876900
vt 0.151000 0.882600
vt 0.150900 0.876900
vt 0.163100 0.876800
vt 0.085200 0.877900
vt 0.070800 0.878000
vt 0.069100 0.878100
vt 0.090100 0.877800
vt 0.078700 0.889400
vt 0.127500 0.885100
vt 0.124200 0.887700
vt 0.152800 0.750300
vt 0.156300 0.749900
vt 0.157900 0.757200
vt 0.154300 0.757900
vt 0.156400 0.745800
vt 0.156400 0.740400
vt 0.160200 0.742800
vt 0.160000 0.747700
vt 0.181900 0.762000
vt 0.183700 0.759800
vt 0.186300 0.762000
vt 0.184500 0.764200
vt 0.156500 0.770300
vt 0.178800 0.771300
vt 0.178900 0.774200
vt 0.154400 0.774300
vt 0.152700 0.745800
vt 0.152700 0.740400
vt 0.162500 0.752900
vt 0.163400 0.749700
vt 0.181100 0.762900
vt 0.183700 0.765100
vt 0.152400 0.769900
vt 0.148400 0.769600
vt 0.150400 0.765700
vt 0.154500 0.765500
vt 0.147000 0.885900
vt 0.146800 0.889400
vt 0.095300 0.885000
vt 0.095400 0.889000
vt 0.147000 0.882700
vt 0.146900 0.877000
vt 0.095200 0.877700
vt 0.156600 0.760700
vt 0.162700 0.759200
vt 0.161800 0.762200
vt 0.164000 0.745200
vt 0.149800 0.774100
vt 0.145400 0.774000
vt 0.159100 0.752300
vt 0.157700 0.767100
vt 0.179700 0.764600
vt 0.178600 0.767900
vt 0.178700 0.770100
vt 0.182300 0.766800
vt 0.154800 0.868100
vt 0.154900 0.864800
vt 0.160500 0.866200
vt 0.159800 0.868600
vt 0.150800 0.868000
vt 0.150700 0.864500
vt 0.085200 0.870500
vt 0.085100 0.866400
vt 0.090000 0.866400
vt 0.090100 0.870500
vt 0.163400 0.867800
vt 0.162200 0.869400
vt 0.165600 0.873400
vt 0.167100 0.872700
vt 0.163100 0.873000
vt 0.074800 0.867300
vt 0.073400 0.872600
vt 0.069800 0.873200
vt 0.078400 0.870600
vt 0.126600 0.872000
vt 0.122900 0.871000
vt 0.154600 0.871300
vt 0.159600 0.871500
vt 0.150800 0.871200
vt 0.078400 0.866500
vt 0.123900 0.867000
vt 0.127200 0.869500
vt 0.078100 0.952700
vt 0.085400 0.954300
vt 0.085100 0.957700
vt 0.077400 0.956200
vt 0.089500 0.954100
vt 0.087700 0.950600
vt 0.092600 0.950400
vt 0.095000 0.954200
vt 0.073300 0.924300
vt 0.075500 0.926900
vt 0.073300 0.928700
vt 0.071100 0.926100
vt 0.065000 0.954100
vt 0.061100 0.956200
vt 0.061100 0.931700
vt 0.064000 0.931800
vt 0.095000 0.957900
vt 0.089500 0.957900
vt 0.082400 0.948000
vt 0.072400 0.929500
vt 0.085600 0.947100
vt 0.070200 0.926900
vt 0.065400 0.958200
vt 0.069900 0.956100
vt 0.069600 0.960200
vt 0.065800 0.962200
vt 0.146700 0.868100
vt 0.146300 0.864500
vt 0.095100 0.870400
vt 0.095100 0.866400
vt 0.146800 0.871300
vt 0.076100 0.947800
vt 0.074600 0.954000
vt 0.073100 0.948800
vt 0.090100 0.946600
vt 0.061400 0.965200
vt 0.061200 0.960800
vt 0.083000 0.951500
vt 0.068200 0.952900
vt 0.070700 0.930900
vt 0.067400 0.932000
vt 0.065200 0.931900
vt 0.068500 0.928300
vt 0.710000 0.707900
vt 0.709200 0.710900
vt 0.707800 0.710100
vt 0.707000 0.708700
vt 0.707000 0.707100
vt 0.707800 0.705700
vt 0.709200 0.704900
vt 0.710800 0.704900
vt 0.712200 0.705700
vt 0.713000 0.707000
vt 0.713000 0.708700
vt 0.712200 0.710100
vt 0.710800 0.710900
vt 0.708600 0.713200
vt 0.706100 0.711800
vt 0.704700 0.709300
vt 0.704700 0.706400
vt 0.706100 0.703900
vt 0.708600 0.702500
vt 0.711400 0.702500
vt 0.713900 0.704000
vt 0.715400 0.706400
vt 0.715400 0.709200
vt 0.714000 0.711700
vt 0.711500 0.713200
vt 0.708300 0.714600
vt 0.705100 0.712900
vt 0.703300 0.709700
vt 0.703300 0.706000
vt 0.705100 0.702900
vt 0.708300 0.701100
vt 0.711800 0.701200
vt 0.714900 0.703000
vt 0.716700 0.706000
vt 0.716700 0.709600
vt 0.715000 0.712700
vt 0.711900 0.714500
vt 0.180000 0.791300
vt 0.179200 0.794300
vt 0.177800 0.793500
vt 0.177000 0.792100
vt 0.177000 0.790500
vt 0.177800 0.789100
vt 0.179200 0.788300
vt 0.180800 0.788300
vt 0.182200 0.789100
vt 0.183000 0.790500
vt 0.183000 0.792100
vt 0.182200 0.793500
vt 0.180800 0.794300
vt 0.178600 0.796700
vt 0.176100 0.795200
vt 0.174700 0.792800
vt 0.174600 0.789900
vt 0.176100 0.787400
vt 0.178600 0.785900
vt 0.181400 0.786000
vt 0.183900 0.787400
vt 0.185300 0.789800
vt 0.185300 0.792700
vt 0.183900 0.795200
vt 0.181500 0.796600
vt 0.178300 0.798100
vt 0.175100 0.796300
vt 0.173300 0.793100
vt 0.173300 0.789500
vt 0.175100 0.786300
vt 0.178200 0.784600
vt 0.181800 0.784600
vt 0.184900 0.786400
vt 0.186700 0.789500
vt 0.186700 0.793000
vt 0.185000 0.796100
vt 0.181900 0.798000
vt 0.413800 0.985600
vt 0.413300 0.987600
vt 0.412400 0.987100
vt 0.411800 0.986100
vt 0.411800 0.985100
vt 0.412400 0.984100
vt 0.413300 0.983600
vt 0.414400 0.983600
vt 0.415300 0.984100
vt 0.415900 0.985000
vt 0.415900 0.986100
vt 0.415300 0.987100
vt 0.414400 0.987600
vt 0.412900 0.989200
vt 0.411200 0.988300
vt 0.410300 0.986600
vt 0.410300 0.984600
vt 0.411200 0.983000
vt 0.412900 0.982000
vt 0.414800 0.982000
vt 0.416500 0.983000
vt 0.417400 0.984600
vt 0.417400 0.986500
vt 0.416500 0.988200
vt 0.414900 0.989200
vt 0.412700 0.990200
vt 0.410600 0.989000
vt 0.409300 0.986800
vt 0.409300 0.984400
vt 0.410500 0.982200
vt 0.412700 0.981000
vt 0.415100 0.981100
vt 0.417200 0.982300
vt 0.418400 0.984400
vt 0.418400 0.986800
vt 0.417200 0.988900
vt 0.415100 0.990100
vt 0.245800 0.986100
vt 0.245200 0.988100
vt 0.244300 0.987600
vt 0.243800 0.986700
vt 0.243700 0.985600
vt 0.244300 0.984600
vt 0.245200 0.984100
vt 0.246300 0.984100
vt 0.247200 0.984600
vt 0.247800 0.985600
vt 0.247800 0.986600
vt 0.247200 0.987600
vt 0.246300 0.988100
vt 0.244800 0.989700
vt 0.243200 0.988800
vt 0.242200 0.987100
vt 0.242200 0.985200
vt 0.243100 0.983500
vt 0.244800 0.982500
vt 0.246700 0.982500
vt 0.248400 0.983500
vt 0.249300 0.985100
vt 0.249300 0.987000
vt 0.248400 0.988700
vt 0.246800 0.989700
vt 0.244600 0.990700
vt 0.242500 0.989500
vt 0.241200 0.987400
vt 0.241200 0.984900
vt 0.242400 0.982800
vt 0.244600 0.981600
vt 0.247000 0.981600
vt 0.249100 0.982800
vt 0.250300 0.984900
vt 0.250300 0.987300
vt 0.249100 0.989400
vt 0.247100 0.990600
vt 0.213700 0.986200
vt 0.213200 0.988200
vt 0.212300 0.987600
vt 0.211700 0.986700
vt 0.211700 0.985600
vt 0.212300 0.984700
vt 0.213200 0.984200
vt 0.214300 0.984100
vt 0.215200 0.984700
vt 0.215700 0.985600
vt 0.215700 0.986700
vt 0.215200 0.987600
vt 0.214300 0.988200
vt 0.212800 0.989800
vt 0.211100 0.988800
vt 0.210200 0.987100
vt 0.210100 0.985200
vt 0.211100 0.983500
vt 0.212800 0.982600
vt 0.214700 0.982600
vt 0.216400 0.983500
vt 0.217300 0.985200
vt 0.217300 0.987100
vt 0.216400 0.988700
vt 0.214700 0.989700
vt 0.212600 0.990700
vt 0.210400 0.989500
vt 0.209200 0.987400
vt 0.209200 0.984900
vt 0.210400 0.982800
vt 0.212600 0.981600
vt 0.215000 0.981600
vt 0.217100 0.982900
vt 0.218300 0.984900
vt 0.218300 0.987300
vt 0.217100 0.989400
vt 0.215000 0.990700
vt 0.185300 0.986300
vt 0.187600 0.984100
vt 0.188400 0.985500
vt 0.186200 0.983300
vt 0.184500 0.983300
vt 0.183100 0.984100
vt 0.182300 0.985500
vt 0.182300 0.987100
vt 0.183100 0.988500
vt 0.184500 0.989300
vt 0.186100 0.989300
vt 0.187500 0.988500
vt 0.188300 0.987100
vt 0.189300 0.982400
vt 0.190700 0.984900
vt 0.186800 0.981000
vt 0.183900 0.980900
vt 0.181400 0.982400
vt 0.180000 0.984900
vt 0.180000 0.987700
vt 0.181400 0.990200
vt 0.183900 0.991600
vt 0.186700 0.991600
vt 0.189200 0.990200
vt 0.190700 0.987800
vt 0.190300 0.981400
vt 0.192100 0.984600
vt 0.187200 0.979600
vt 0.183500 0.979600
vt 0.180400 0.981400
vt 0.178600 0.984500
vt 0.178600 0.988100
vt 0.180400 0.991200
vt 0.183500 0.993000
vt 0.187100 0.993000
vt 0.190200 0.991300
vt 0.192000 0.988200
vt 0.581900 0.701100
vt 0.584200 0.699000
vt 0.585000 0.700400
vt 0.582800 0.698100
vt 0.581200 0.698100
vt 0.579700 0.698900
vt 0.578900 0.700300
vt 0.578900 0.701900
vt 0.579700 0.703300
vt 0.581100 0.704200
vt 0.582700 0.704200
vt 0.584100 0.703400
vt 0.585000 0.702000
vt 0.585900 0.697300
vt 0.587300 0.699800
vt 0.583400 0.695800
vt 0.580500 0.695800
vt 0.578000 0.697200
vt 0.576600 0.699700
vt 0.576600 0.702600
vt 0.578000 0.705100
vt 0.580500 0.706500
vt 0.583300 0.706500
vt 0.585800 0.705100
vt 0.587300 0.702600
vt 0.586900 0.696300
vt 0.588700 0.699500
vt 0.583800 0.694400
vt 0.580100 0.694400
vt 0.577000 0.696300
vt 0.575200 0.699400
vt 0.575200 0.703000
vt 0.577100 0.706100
vt 0.580100 0.707800
vt 0.583700 0.707900
vt 0.586800 0.706100
vt 0.588600 0.703100
vt 0.425900 0.985600
vt 0.427300 0.984100
vt 0.427900 0.985100
vt 0.426400 0.983600
vt 0.425300 0.983600
vt 0.424400 0.984100
vt 0.423800 0.985100
vt 0.423800 0.986100
vt 0.424400 0.987100
vt 0.425300 0.987600
vt 0.426400 0.987600
vt 0.427300 0.987100
vt 0.427900 0.986200
vt 0.428500 0.983000
vt 0.429500 0.984700
vt 0.426800 0.982000
vt 0.424900 0.982000
vt 0.423200 0.983000
vt 0.422300 0.984600
vt 0.422300 0.986600
vt 0.423200 0.988200
vt 0.424900 0.989200
vt 0.426800 0.989200
vt 0.428400 0.988300
vt 0.429400 0.986600
vt 0.429200 0.982300
vt 0.430400 0.984500
vt 0.427100 0.981000
vt 0.424600 0.981000
vt 0.422500 0.982300
vt 0.421300 0.984400
vt 0.421300 0.986900
vt 0.422500 0.988900
vt 0.424600 0.990100
vt 0.427000 0.990100
vt 0.429100 0.989000
vt 0.430400 0.986900
vt 0.445900 0.984900
vt 0.447300 0.986400
vt 0.446400 0.986900
vt 0.447900 0.985500
vt 0.447900 0.984400
vt 0.447300 0.983500
vt 0.446400 0.982900
vt 0.445300 0.982900
vt 0.444400 0.983400
vt 0.443800 0.984400
vt 0.443800 0.985500
vt 0.444400 0.986400
vt 0.445300 0.986900
vt 0.448400 0.987600
vt 0.446800 0.988500
vt 0.449400 0.985900
vt 0.449400 0.984000
vt 0.448500 0.982300
vt 0.446800 0.981300
vt 0.444900 0.981300
vt 0.443200 0.982300
vt 0.442300 0.983900
vt 0.442300 0.985800
vt 0.443200 0.987500
vt 0.444800 0.988500
vt 0.449100 0.988300
vt 0.447000 0.989500
vt 0.450400 0.986200
vt 0.450400 0.983700
vt 0.449200 0.981600
vt 0.447000 0.980400
vt 0.444600 0.980400
vt 0.442500 0.981600
vt 0.441300 0.983700
vt 0.441300 0.986100
vt 0.442500 0.988200
vt 0.444500 0.989400
vt 0.257800 0.983600
vt 0.259200 0.982100
vt 0.259800 0.983100
vt 0.258300 0.981600
vt 0.257200 0.981600
vt 0.256300 0.982100
vt 0.255800 0.983100
vt 0.255700 0.984100
vt 0.256300 0.985100
vt 0.257200 0.985600
vt 0.258300 0.985600
vt 0.259200 0.985100
vt 0.259800 0.984200
vt 0.260400 0.981000
vt 0.261400 0.982700
vt 0.258700 0.980000
vt 0.256800 0.980000
vt 0.255100 0.981000
vt 0.254200 0.982700
vt 0.254200 0.984600
vt 0.255100 0.986200
vt 0.256800 0.987200
vt 0.258700 0.987200
vt 0.260300 0.986300
vt 0.261300 0.984600
vt 0.261200 0.980300
vt 0.262300 0.982500
vt 0.259000 0.979000
vt 0.256500 0.979000
vt 0.254400 0.980300
vt 0.253200 0.982400
vt 0.253200 0.984900
vt 0.254500 0.986900
vt 0.256500 0.988100
vt 0.258900 0.988200
vt 0.261000 0.987000
vt 0.262300 0.984900
vt 0.169300 0.228000
vt 0.184600 0.228000
vt 0.185600 0.239200
vt 0.169200 0.239200
vt 0.189100 0.239200
vt 0.188000 0.228000
vt 0.204300 0.228000
vt 0.203600 0.239200
vt 0.327600 0.228000
vt 0.327500 0.239200
vt 0.324100 0.239200
vt 0.324200 0.228000
vt 0.188600 0.253200
vt 0.185100 0.253200
vt 0.185400 0.245900
vt 0.188900 0.245900
vt 0.159400 0.239200
vt 0.159500 0.228000
vt 0.229100 0.277200
vt 0.221000 0.277200
vt 0.220900 0.273700
vt 0.229000 0.273700
vt 0.202700 0.253200
vt 0.203200 0.245900
vt 0.213300 0.245900
vt 0.213100 0.253200
vt 0.213900 0.228000
vt 0.204500 0.225100
vt 0.214000 0.225100
vt 0.209300 0.261800
vt 0.211300 0.261800
vt 0.215100 0.268200
vt 0.212900 0.268200
vt 0.325600 0.261800
vt 0.325800 0.268200
vt 0.311700 0.268200
vt 0.311700 0.261800
vt 0.328900 0.261800
vt 0.329300 0.268200
vt 0.151800 0.260900
vt 0.161000 0.260900
vt 0.158600 0.267600
vt 0.149600 0.267600
vt 0.218600 0.277400
vt 0.201800 0.257300
vt 0.311700 0.273700
vt 0.325400 0.273700
vt 0.221100 0.261800
vt 0.328800 0.273700
vt 0.326600 0.253200
vt 0.323600 0.253200
vt 0.152900 0.274000
vt 0.144400 0.274000
vt 0.057800 0.260900
vt 0.044500 0.260900
vt 0.044600 0.253200
vt 0.058800 0.253200
vt 0.169100 0.245900
vt 0.324000 0.245600
vt 0.327300 0.245600
vt 0.159300 0.245900
vt 0.213400 0.239200
vt 0.058900 0.239200
vt 0.044700 0.239200
vt 0.044900 0.228000
vt 0.059000 0.228000
vt 0.311700 0.277200
vt 0.325400 0.277200
vt 0.361200 0.768500
vt 0.361700 0.765800
vt 0.363700 0.765800
vt 0.364300 0.768300
vt 0.311700 0.228000
vt 0.311700 0.225100
vt 0.324200 0.225100
vt 0.242100 0.268200
vt 0.240300 0.261800
vt 0.057400 0.267600
vt 0.044500 0.267600
vt 0.246400 0.273700
vt 0.311700 0.253200
vt 0.056700 0.274000
vt 0.044400 0.274000
vt 0.132300 0.260900
vt 0.138300 0.253200
vt 0.044700 0.245900
vt 0.058800 0.245900
vt 0.311700 0.239200
vt 0.347100 0.734900
vt 0.345500 0.733500
vt 0.352000 0.731600
vt 0.352700 0.733100
vt 0.358800 0.730100
vt 0.359100 0.727900
vt 0.375700 0.727900
vt 0.375900 0.730100
vt 0.382500 0.731800
vt 0.381800 0.733200
vt 0.336500 0.745400
vt 0.334800 0.744100
vt 0.353300 0.734500
vt 0.359100 0.731900
vt 0.361700 0.741700
vt 0.356600 0.743800
vt 0.375700 0.731900
vt 0.373000 0.741600
vt 0.378200 0.743200
vt 0.381100 0.734500
vt 0.385600 0.736500
vt 0.382600 0.744400
vt 0.337700 0.746300
vt 0.348100 0.736300
vt 0.352000 0.745500
vt 0.344800 0.751000
vt 0.386600 0.735300
vt 0.356900 0.745800
vt 0.351600 0.747600
vt 0.363200 0.743500
vt 0.371500 0.743300
vt 0.378000 0.745200
vt 0.346800 0.751200
vt 0.357600 0.748800
vt 0.352700 0.750400
vt 0.364000 0.747200
vt 0.371300 0.747300
vt 0.377700 0.748000
vt 0.348100 0.753500
vt 0.366700 0.757500
vt 0.366700 0.762800
vt 0.360900 0.758600
vt 0.370200 0.757300
vt 0.369400 0.763500
vt 0.373900 0.767600
vt 0.371100 0.766500
vt 0.376100 0.758000
vt 0.357500 0.767000
vt 0.352500 0.762300
vt 0.355800 0.760400
vt 0.359300 0.764800
vt 0.366200 0.751800
vt 0.366300 0.753200
vt 0.359900 0.753900
vt 0.359600 0.752300
vt 0.370300 0.751900
vt 0.370300 0.753300
vt 0.382400 0.752000
vt 0.382300 0.753600
vt 0.376400 0.753100
vt 0.376400 0.751500
vt 0.349800 0.757900
vt 0.348900 0.756500
vt 0.353400 0.754000
vt 0.354000 0.755700
vt 0.186200 0.257300
vt 0.138500 0.239200
vt 0.138600 0.228000
vt 0.246500 0.277200
vt 0.234000 0.239200
vt 0.234100 0.245900
vt 0.130400 0.267600
vt 0.234200 0.253200
vt 0.126100 0.274000
vt 0.159200 0.253200
vt 0.138400 0.245900
vt 0.234100 0.228000
vt 0.223700 0.268200
vt 0.169100 0.253200
vt 0.234100 0.225100
vt 0.190400 0.225100
vt 0.311700 0.245900
vt 0.382500 0.748800
vt 0.381900 0.758700
vt 0.367400 0.766900
vt 0.365600 0.765000
vt 0.388400 0.734400
vt 0.382800 0.746300
vt 0.379300 0.765000
vt 0.376500 0.767300
vt 0.449500 0.964700
vt 0.450300 0.966300
vt 0.444600 0.964100
vt 0.444300 0.963000
vt 0.449000 0.957600
vt 0.449000 0.952400
vt 0.461200 0.952400
vt 0.461200 0.957600
vt 0.448300 0.959400
vt 0.461900 0.959100
vt 0.460100 0.965500
vt 0.460800 0.964100
vt 0.451000 0.971200
vt 0.460000 0.970400
vt 0.460300 0.973800
vt 0.451300 0.974600
vt 0.208000 0.980800
vt 0.208000 0.983100
vt 0.195700 0.983100
vt 0.195700 0.980800
vt 0.195700 0.968900
vt 0.208000 0.968900
vt 0.208000 0.969900
vt 0.195700 0.969900
vt 0.449000 0.944200
vt 0.461200 0.944200
vt 0.465700 0.962300
vt 0.474700 0.959100
vt 0.474600 0.960200
vt 0.465500 0.963300
vt 0.434500 0.961200
vt 0.434300 0.960100
vt 0.460900 0.980300
vt 0.451800 0.981100
vt 0.446000 0.969800
vt 0.445700 0.968700
vt 0.451200 0.970500
vt 0.445400 0.967600
vt 0.445200 0.966400
vt 0.450700 0.968500
vt 0.450400 0.969100
vt 0.444900 0.965300
vt 0.449900 0.967000
vt 0.449400 0.961500
vt 0.443300 0.959500
vt 0.443000 0.958300
vt 0.449000 0.962300
vt 0.449900 0.963900
vt 0.444000 0.961800
vt 0.443700 0.960700
vt 0.459600 0.969700
vt 0.459800 0.967600
vt 0.460300 0.968400
vt 0.460600 0.966300
vt 0.460700 0.960900
vt 0.460400 0.963300
vt 0.461200 0.961800
vt 0.208000 0.966000
vt 0.195700 0.966000
vt 0.195700 0.965100
vt 0.208000 0.965100
vt 0.208000 0.968000
vt 0.195700 0.968000
vt 0.195700 0.967000
vt 0.208000 0.967000
vt 0.195700 0.976000
vt 0.208000 0.976000
vt 0.208000 0.978400
vt 0.195700 0.978400
vt 0.208000 0.973700
vt 0.195700 0.973700
vt 0.472700 0.971800
vt 0.472400 0.974400
vt 0.464600 0.968700
vt 0.464800 0.967600
vt 0.473200 0.966600
vt 0.472900 0.969200
vt 0.465000 0.966600
vt 0.465100 0.965500
vt 0.473500 0.964100
vt 0.465300 0.964500
vt 0.475100 0.955900
vt 0.466500 0.959000
vt 0.466800 0.958000
vt 0.475300 0.954900
vt 0.474900 0.958100
vt 0.466000 0.961200
vt 0.466200 0.960200
vt 0.475000 0.957000
vt 0.433600 0.956600
vt 0.433400 0.955400
vt 0.434100 0.958900
vt 0.433800 0.957700
vt 0.437500 0.973800
vt 0.438000 0.976600
vt 0.436500 0.968300
vt 0.437000 0.971000
vt 0.436000 0.965500
vt 0.442800 0.956500
vt 0.195700 0.963800
vt 0.208000 0.963800
vt 0.466800 0.956300
vt 0.475300 0.953500
vt 0.433300 0.954000
vt 0.113800 0.978000
vt 0.118100 0.963600
vt 0.123900 0.963700
vt 0.128900 0.978000
vt 0.128700 0.960700
vt 0.141200 0.969200
vt 0.130800 0.955500
vt 0.145900 0.955000
vt 0.129400 0.950000
vt 0.141300 0.940700
vt 0.125000 0.946300
vt 0.129100 0.931800
vt 0.119200 0.946100
vt 0.114100 0.931800
vt 0.114300 0.949200
vt 0.101800 0.940700
vt 0.112200 0.954500
vt 0.097100 0.955000
vt 0.113700 0.960000
vt 0.101800 0.969300
vt 0.968300 0.377900
vt 0.968500 0.382900
vt 0.954300 0.382900
vt 0.954300 0.377900
vt 0.968700 0.387900
vt 0.954200 0.387900
vt 0.966900 0.395000
vt 0.969500 0.398200
vt 0.958900 0.398200
vt 0.960100 0.395000
vt 0.969200 0.325700
vt 0.966400 0.329500
vt 0.958400 0.329500
vt 0.956700 0.325700
vt 0.953500 0.338300
vt 0.968800 0.338300
vt 0.968400 0.343300
vt 0.953900 0.343300
vt 0.968200 0.348300
vt 0.954000 0.348300
vt 0.968200 0.353200
vt 0.954000 0.353200
vt 0.968100 0.358100
vt 0.954000 0.358100
vt 0.968100 0.363100
vt 0.954100 0.363100
vt 0.968200 0.368000
vt 0.954100 0.368000
vt 0.968200 0.372900
vt 0.954200 0.372900
vt 0.670900 0.694200
vt 0.675800 0.694200
vt 0.680000 0.696600
vt 0.664200 0.700900
vt 0.675800 0.712500
vt 0.682500 0.705800
vt 0.682500 0.700900
vt 0.680000 0.710000
vt 0.666600 0.710000
vt 0.670900 0.712500
vt 0.664200 0.705800
vt 0.666600 0.696600
vt 0.160000 0.782100
vt 0.164900 0.782100
vt 0.169100 0.784500
vt 0.153300 0.788800
vt 0.164900 0.800400
vt 0.171600 0.793700
vt 0.171600 0.788800
vt 0.169100 0.798000
vt 0.155700 0.798000
vt 0.160000 0.800400
vt 0.153300 0.793700
vt 0.155700 0.784500
vt 0.953300 0.377900
vt 0.953400 0.382900
vt 0.667500 0.382900
vt 0.667500 0.377900
vt 0.953300 0.387900
vt 0.667500 0.387900
vt 0.951200 0.393200
vt 0.667400 0.393200
vt 0.952600 0.338300
vt 0.667300 0.338300
vt 0.667200 0.333200
vt 0.950200 0.333200
vt 0.952900 0.343300
vt 0.667300 0.343300
vt 0.953100 0.348300
vt 0.667400 0.348300
vt 0.953200 0.353200
vt 0.667400 0.353200
vt 0.953100 0.358100
vt 0.667400 0.358100
vt 0.953100 0.363100
vt 0.667400 0.363100
vt 0.953300 0.368000
vt 0.667500 0.368000
vt 0.953300 0.372900
vt 0.667500 0.372900
vt 0.680700 0.710700
vt 0.683400 0.706000
vt 0.683400 0.700600
vt 0.680700 0.696000
vt 0.676000 0.693300
vt 0.670600 0.693300
vt 0.666000 0.696000
vt 0.663300 0.700600
vt 0.663300 0.706000
vt 0.666000 0.710700
vt 0.670600 0.713400
vt 0.676000 0.713400
vt 0.950900 0.333200
vt 0.951900 0.393200
vt 0.972400 0.389700
vt 0.974200 0.335100
vt 0.992900 0.970500
vt 0.992200 0.978200
vt 0.990400 0.978000
vt 0.991100 0.970400
vt 0.991500 0.986000
vt 0.989700 0.985800
vt 0.990900 0.993900
vt 0.989100 0.993600
vt 0.990000 0.901200
vt 0.991800 0.901000
vt 0.992200 0.908900
vt 0.990500 0.909100
vt 0.992800 0.916800
vt 0.991100 0.917000
vt 0.993300 0.924500
vt 0.991600 0.924600
vt 0.993500 0.932200
vt 0.991800 0.932200
vt 0.993600 0.939800
vt 0.991900 0.939800
vt 0.993600 0.947400
vt 0.991900 0.947400
vt 0.993400 0.955000
vt 0.991700 0.955000
vt 0.993200 0.962800
vt 0.991500 0.962700
vt 0.009100 0.967400
vt 0.012700 0.961200
vt 0.018900 0.957600
vt 0.012700 0.980800
vt 0.035800 0.974600
vt 0.032200 0.961200
vt 0.026000 0.957600
vt 0.035800 0.967400
vt 0.026000 0.984400
vt 0.032200 0.980800
vt 0.018900 0.984400
vt 0.009100 0.974600
vt 0.698900 0.703200
vt 0.700800 0.706400
vt 0.700800 0.710000
vt 0.692200 0.701400
vt 0.689100 0.713100
vt 0.695800 0.714900
vt 0.698900 0.713100
vt 0.692200 0.714900
vt 0.687300 0.706400
vt 0.687300 0.710000
vt 0.689100 0.703200
vt 0.695800 0.701400
vt 0.983200 0.977200
vt 0.983900 0.969900
vt 0.982300 0.985200
vt 0.981400 0.993000
vt 0.983000 0.909600
vt 0.982200 0.901800
vt 0.983900 0.917600
vt 0.984600 0.925000
vt 0.984700 0.932300
vt 0.984700 0.940000
vt 0.984800 0.947300
vt 0.984500 0.954700
vt 0.984300 0.962600
vt 0.921700 0.965900
vt 0.922000 0.972300
vt 0.876300 0.967500
vt 0.877200 0.962000
vt 0.921500 0.978800
vt 0.874800 0.973000
vt 0.920400 0.985100
vt 0.872400 0.978900
vt 0.921900 0.915300
vt 0.874900 0.920300
vt 0.872400 0.914400
vt 0.920800 0.908900
vt 0.922400 0.921700
vt 0.876400 0.925800
vt 0.922000 0.928000
vt 0.877300 0.931400
vt 0.923000 0.934300
vt 0.877900 0.936600
vt 0.923200 0.940700
vt 0.878300 0.941700
vt 0.922600 0.947000
vt 0.878400 0.946800
vt 0.923100 0.953300
vt 0.878200 0.951700
vt 0.922900 0.959700
vt 0.877800 0.956700
vt 0.977000 0.970900
vt 0.971200 0.970500
vt 0.971300 0.969000
vt 0.977100 0.969400
vt 0.981100 0.985100
vt 0.970800 0.983700
vt 0.971700 0.976000
vt 0.982000 0.977000
vt 0.974200 0.991600
vt 0.968700 0.990500
vt 0.968900 0.988900
vt 0.974700 0.990100
vt 0.975000 0.903100
vt 0.975500 0.904600
vt 0.969600 0.905700
vt 0.969400 0.904100
vt 0.981800 0.909700
vt 0.982700 0.917700
vt 0.972300 0.918400
vt 0.971500 0.911000
vt 0.976900 0.925400
vt 0.971700 0.925700
vt 0.971600 0.924200
vt 0.977500 0.923900
vt 0.977700 0.926900
vt 0.971800 0.927300
vt 0.983600 0.940000
vt 0.973200 0.940300
vt 0.973000 0.933700
vt 0.983500 0.932300
vt 0.977800 0.947200
vt 0.972100 0.947100
vt 0.972100 0.945500
vt 0.978100 0.945700
vt 0.978000 0.948700
vt 0.972000 0.948700
vt 0.983100 0.962600
vt 0.972700 0.962100
vt 0.973100 0.954300
vt 0.983300 0.954600
vt 0.971400 0.967400
vt 0.977200 0.968000
vt 0.924700 0.969000
vt 0.924900 0.966100
vt 0.925100 0.963100
vt 0.934300 0.960000
vt 0.933800 0.963500
vt 0.980000 0.966600
vt 0.982700 0.969800
vt 0.979400 0.969600
vt 0.979600 0.972600
vt 0.971200 0.972100
vt 0.924700 0.982500
vt 0.924200 0.985300
vt 0.933000 0.979500
vt 0.932400 0.983200
vt 0.976600 0.988900
vt 0.980100 0.992800
vt 0.975900 0.992000
vt 0.977300 0.905800
vt 0.976700 0.902700
vt 0.980900 0.901900
vt 0.969900 0.907000
vt 0.925100 0.911600
vt 0.924600 0.908700
vt 0.924900 0.924900
vt 0.925800 0.927900
vt 0.933800 0.920800
vt 0.933100 0.924400
vt 0.980000 0.922100
vt 0.983500 0.925000
vt 0.979400 0.925300
vt 0.980400 0.928400
vt 0.972100 0.928800
vt 0.925200 0.930900
vt 0.926600 0.944100
vt 0.926400 0.947000
vt 0.934600 0.940300
vt 0.934500 0.944100
vt 0.979600 0.944200
vt 0.983600 0.947300
vt 0.979500 0.947200
vt 0.979500 0.950300
vt 0.972100 0.950100
vt 0.926600 0.949900
vt 0.927600 0.967700
vt 0.927800 0.966300
vt 0.927800 0.964800
vt 0.934100 0.965100
vt 0.926200 0.984000
vt 0.926100 0.985500
vt 0.932500 0.984600
vt 0.926700 0.910000
vt 0.926500 0.908600
vt 0.927800 0.926300
vt 0.928500 0.927700
vt 0.934200 0.925900
vt 0.927900 0.929300
vt 0.928300 0.945500
vt 0.928300 0.947000
vt 0.934700 0.945500
vt 0.928300 0.948500
vt 0.970100 0.970500
vt 0.934000 0.968200
vt 0.934000 0.966600
vt 0.970200 0.968900
vt 0.969800 0.983400
vt 0.933500 0.973200
vt 0.970800 0.976000
vt 0.967600 0.990300
vt 0.932400 0.986100
vt 0.967800 0.988800
vt 0.968600 0.905800
vt 0.933000 0.909500
vt 0.932800 0.908000
vt 0.968400 0.904300
vt 0.971300 0.918600
vt 0.933400 0.914700
vt 0.970500 0.911200
vt 0.970500 0.924200
vt 0.970600 0.925800
vt 0.934800 0.927400
vt 0.970700 0.927400
vt 0.934300 0.929000
vt 0.972200 0.940100
vt 0.934400 0.934100
vt 0.972100 0.933000
vt 0.971000 0.947100
vt 0.934700 0.947000
vt 0.971000 0.945500
vt 0.971000 0.948700
vt 0.934700 0.948600
vt 0.971800 0.961900
vt 0.934600 0.953800
vt 0.972000 0.954400
vt 0.970300 0.967300
vt 0.971600 0.965900
vt 0.970200 0.972200
vt 0.932900 0.969700
vt 0.969200 0.987600
vt 0.968900 0.907300
vt 0.932900 0.911000
vt 0.971600 0.922600
vt 0.971000 0.929100
vt 0.933400 0.930600
vt 0.972200 0.944100
vt 0.971000 0.950300
vt 0.934400 0.950000
vt 0.970600 0.965600
vt 0.968200 0.987300
vt 0.970600 0.922500
vt 0.971100 0.943900
vt 0.869300 0.960900
vt 0.869000 0.965800
vt 0.868000 0.970200
vt 0.866100 0.974100
vt 0.866100 0.919200
vt 0.868100 0.923100
vt 0.869000 0.927600
vt 0.869400 0.932500
vt 0.870300 0.937400
vt 0.871000 0.942100
vt 0.871500 0.946700
vt 0.870900 0.951300
vt 0.870200 0.956100
vt 0.535400 0.815100
vt 0.534600 0.784600
vt 0.540700 0.784400
vt 0.541800 0.815000
vt 0.548000 0.784000
vt 0.549700 0.815100
vt 0.568300 0.786300
vt 0.570800 0.782900
vt 0.571400 0.799800
vt 0.568200 0.798000
vt 0.573500 0.786200
vt 0.574400 0.797800
vt 0.593500 0.815000
vt 0.594400 0.782800
vt 0.601500 0.783000
vt 0.601500 0.814400
vt 0.607900 0.783000
vt 0.608200 0.814300
vt 0.614200 0.783000
vt 0.614800 0.814200
vt 0.621700 0.782900
vt 0.622700 0.813800
vt 0.626500 0.782800
vt 0.627400 0.813100
vt 0.516600 0.814600
vt 0.516400 0.784800
vt 0.521100 0.784800
vt 0.521400 0.815100
vt 0.528400 0.784700
vt 0.529000 0.815200
vt 0.055100 0.961600
vt 0.057600 0.965400
vt 0.059600 0.972000
vt 0.043800 0.960300
vt 0.041600 0.979800
vt 0.052800 0.981100
vt 0.057400 0.977500
vt 0.045900 0.981100
vt 0.037100 0.969400
vt 0.039100 0.976000
vt 0.039200 0.963900
vt 0.050800 0.960300
vt 0.310500 0.905300
vt 0.314800 0.904000
vt 0.321800 0.904000
vt 0.306000 0.915700
vt 0.324000 0.923400
vt 0.328500 0.913000
vt 0.326400 0.907600
vt 0.326500 0.919700
vt 0.312800 0.924700
vt 0.319700 0.924700
vt 0.308200 0.921100
vt 0.308000 0.909000
vt 0.541800 0.821100
vt 0.535500 0.821200
vt 0.549000 0.821300
vt 0.553600 0.821600
vt 0.553600 0.836600
vt 0.549100 0.836700
vt 0.589800 0.821600
vt 0.594300 0.821100
vt 0.594800 0.836700
vt 0.590200 0.836800
vt 0.601800 0.820800
vt 0.608300 0.820700
vt 0.614900 0.820700
vt 0.623500 0.820800
vt 0.628700 0.818800
vt 0.520600 0.822000
vt 0.515600 0.820300
vt 0.529000 0.821400
vt 0.555700 0.788100
vt 0.550800 0.781000
vt 0.557200 0.783500
vt 0.591300 0.779800
vt 0.586500 0.787400
vt 0.584700 0.782800
vt 0.585300 0.802700
vt 0.589000 0.816100
vt 0.581600 0.805900
vt 0.554200 0.816100
vt 0.557500 0.802800
vt 0.561200 0.805900
vt 0.542200 0.836800
vt 0.536400 0.837100
vt 0.601800 0.836700
vt 0.607800 0.836900
vt 0.613900 0.837200
vt 0.620700 0.838000
vt 0.640500 0.829800
vt 0.635300 0.841600
vt 0.633400 0.838700
vt 0.636400 0.830800
vt 0.508300 0.830900
vt 0.511600 0.837900
vt 0.509400 0.840700
vt 0.505000 0.830000
vt 0.530500 0.837500
vt 0.523500 0.838400
vt 0.622000 0.842000
vt 0.522100 0.842000
vt 0.056800 0.205700
vt 0.338200 0.205700
vt 0.338200 0.207200
vt 0.056800 0.207200
vt 0.338200 0.208700
vt 0.056800 0.208700
vt 0.338200 0.210200
vt 0.056800 0.210200
vt 0.338200 0.211700
vt 0.056800 0.211700
vt 0.338200 0.213300
vt 0.056800 0.213300
vt 0.338200 0.214700
vt 0.056800 0.214700
vt 0.338200 0.216200
vt 0.056800 0.216200
vt 0.338200 0.217700
vt 0.056800 0.217700
vt 0.338200 0.219200
vt 0.056800 0.219200
vt 0.056800 0.201100
vt 0.338200 0.201100
vt 0.338200 0.202600
vt 0.056800 0.202600
vt 0.338200 0.204200
vt 0.056800 0.204200
vt 0.473000 0.979500
vt 0.471800 0.980200
vt 0.470300 0.980200
vt 0.473700 0.976800
vt 0.469100 0.975600
vt 0.468400 0.978300
vt 0.469100 0.979500
vt 0.468400 0.976800
vt 0.471800 0.974900
vt 0.470300 0.974900
vt 0.473000 0.975600
vt 0.473700 0.978300
vt 0.063900 0.978800
vt 0.062700 0.978100
vt 0.062000 0.976900
vt 0.066600 0.978100
vt 0.065400 0.973500
vt 0.062700 0.974200
vt 0.062000 0.975400
vt 0.063900 0.973500
vt 0.067300 0.975400
vt 0.066600 0.974200
vt 0.067300 0.976900
vt 0.065400 0.978800
vt 0.056000 0.207200
vt 0.047400 0.207200
vt 0.047400 0.205700
vt 0.056000 0.205700
vt 0.056000 0.208700
vt 0.047400 0.208700
vt 0.056000 0.210200
vt 0.047400 0.210200
vt 0.056000 0.211700
vt 0.047400 0.211700
vt 0.056000 0.213300
vt 0.047400 0.213300
vt 0.056000 0.214700
vt 0.047400 0.214700
vt 0.056000 0.216200
vt 0.047400 0.216200
vt 0.056000 0.217700
vt 0.047400 0.217700
vt 0.056000 0.219200
vt 0.047400 0.219200
vt 0.056000 0.202600
vt 0.047400 0.202600
vt 0.047400 0.201100
vt 0.056000 0.201100
vt 0.056000 0.204200
vt 0.047400 0.204200
vt 0.067200 0.973600
vt 0.065600 0.972600
vt 0.063700 0.972600
vt 0.062000 0.973600
vt 0.061100 0.975200
vt 0.061100 0.977100
vt 0.062000 0.978700
vt 0.063700 0.979700
vt 0.065600 0.979700
vt 0.067200 0.978700
vt 0.068200 0.977100
vt 0.068200 0.975200
vt 0.363100 0.885700
vt 0.363800 0.877900
vt 0.387600 0.879900
vt 0.387000 0.887700
vt 0.364600 0.870500
vt 0.388100 0.872400
vt 0.365400 0.863300
vt 0.388700 0.865100
vt 0.366000 0.856000
vt 0.389200 0.857800
vt 0.366700 0.848600
vt 0.389900 0.850400
vt 0.367400 0.841300
vt 0.390700 0.843000
vt 0.368000 0.834100
vt 0.391400 0.835700
vt 0.368300 0.826400
vt 0.392400 0.828000
vt 0.367300 0.818100
vt 0.394400 0.820300
vt 0.387400 0.911100
vt 0.358800 0.909500
vt 0.361200 0.901100
vt 0.386400 0.903000
vt 0.362400 0.893400
vt 0.386600 0.895300
vt 0.294400 0.930700
vt 0.287500 0.930700
vt 0.281500 0.927200
vt 0.303900 0.921200
vt 0.287500 0.904800
vt 0.278000 0.914300
vt 0.278000 0.921200
vt 0.281500 0.908300
vt 0.300400 0.908300
vt 0.294400 0.904800
vt 0.303900 0.914300
vt 0.300400 0.927200
vt 0.570300 0.705500
vt 0.565200 0.708500
vt 0.559300 0.708500
vt 0.573300 0.694500
vt 0.554200 0.689300
vt 0.551200 0.700400
vt 0.554200 0.705500
vt 0.551200 0.694500
vt 0.565200 0.686400
vt 0.559300 0.686400
vt 0.570300 0.689300
vt 0.573300 0.700400
vt 0.388600 0.887800
vt 0.389000 0.880000
vt 0.443300 0.883600
vt 0.442700 0.889900
vt 0.389500 0.872500
vt 0.445200 0.877100
vt 0.390000 0.865300
vt 0.445700 0.870400
vt 0.390700 0.858000
vt 0.446400 0.863500
vt 0.391300 0.850500
vt 0.445500 0.856700
vt 0.392000 0.843200
vt 0.445900 0.850300
vt 0.392900 0.835800
vt 0.447100 0.844000
vt 0.393900 0.828300
vt 0.450800 0.833800
vt 0.395800 0.821100
vt 0.447000 0.829400
vt 0.388000 0.903000
vt 0.444400 0.903100
vt 0.444500 0.909800
vt 0.388900 0.910500
vt 0.388000 0.895400
vt 0.442800 0.896200
vt 0.361600 0.885600
vt 0.362300 0.877800
vt 0.363200 0.870400
vt 0.364000 0.863200
vt 0.364500 0.855900
vt 0.365200 0.848400
vt 0.366000 0.841200
vt 0.366600 0.834000
vt 0.366700 0.826500
vt 0.365700 0.818700
vt 0.357300 0.908600
vt 0.359700 0.900700
vt 0.360900 0.893200
vt 0.104000 0.915600
vt 0.102900 0.912800
vt 0.108600 0.910900
vt 0.109300 0.913500
vt 0.114600 0.909500
vt 0.115100 0.912500
vt 0.120700 0.909000
vt 0.120900 0.911800
vt 0.127000 0.908900
vt 0.126800 0.912100
vt 0.133400 0.909900
vt 0.132800 0.912800
vt 0.139500 0.911600
vt 0.138700 0.914300
vt 0.145700 0.913900
vt 0.144300 0.916900
vt 0.151500 0.917200
vt 0.149800 0.919800
vt 0.157300 0.921600
vt 0.154600 0.923700
vt 0.090200 0.924900
vt 0.087500 0.923200
vt 0.092500 0.918800
vt 0.094300 0.921100
vt 0.097600 0.915600
vt 0.098900 0.917800
vt 0.411100 0.956200
vt 0.418000 0.956200
vt 0.418000 0.971000
vt 0.411100 0.971000
vt 0.424900 0.956200
vt 0.424900 0.971000
vt 0.455200 0.823700
vt 0.456800 0.830600
vt 0.455900 0.833800
vt 0.467000 0.823000
vt 0.461000 0.829100
vt 0.468500 0.825100
vt 0.465400 0.841900
vt 0.460500 0.834600
vt 0.462900 0.830400
vt 0.451100 0.839000
vt 0.455900 0.836400
vt 0.397300 0.956200
vt 0.403200 0.956200
vt 0.403200 0.971000
vt 0.397300 0.971000
vt 0.409100 0.956200
vt 0.409100 0.971000
vt 0.098700 0.903300
vt 0.105500 0.900700
vt 0.112700 0.898800
vt 0.120200 0.897800
vt 0.127900 0.898000
vt 0.135500 0.899000
vt 0.142900 0.900800
vt 0.150200 0.903400
vt 0.157200 0.906800
vt 0.164100 0.910900
vt 0.081100 0.914300
vt 0.086600 0.910300
vt 0.092400 0.906600
vt 0.593700 0.978000
vt 0.582400 0.988800
vt 0.577200 0.979700
vt 0.592600 0.975800
vt 0.577200 0.969000
vt 0.592700 0.973200
vt 0.582600 0.959600
vt 0.594000 0.971100
vt 0.592100 0.954000
vt 0.596300 0.970000
vt 0.603300 0.954000
vt 0.598800 0.970100
vt 0.613100 0.959700
vt 0.601000 0.971500
vt 0.618700 0.969700
vt 0.602100 0.973700
vt 0.618500 0.981300
vt 0.602000 0.976300
vt 0.612300 0.991300
vt 0.600600 0.978400
vt 0.601500 0.994500
vt 0.598300 0.979500
vt 0.591300 0.994100
vt 0.595800 0.979300
vt 0.445100 0.883900
vt 0.446900 0.878100
vt 0.541000 0.979100
vt 0.540000 0.980800
vt 0.535100 0.975900
vt 0.536800 0.974900
vt 0.533400 0.969200
vt 0.535300 0.969200
vt 0.535100 0.962500
vt 0.536800 0.963400
vt 0.540000 0.957600
vt 0.541000 0.959200
vt 0.446300 0.902100
vt 0.444700 0.896000
vt 0.444400 0.889900
vt 0.448300 0.862700
vt 0.447300 0.856600
vt 0.447900 0.850500
vt 0.448900 0.844500
vt 0.552500 0.959200
vt 0.553400 0.957600
vt 0.558300 0.962500
vt 0.556700 0.963400
vt 0.560100 0.969200
vt 0.558200 0.969200
vt 0.558300 0.975900
vt 0.556700 0.974900
vt 0.553400 0.980800
vt 0.552500 0.979100
vt 0.426900 0.956200
vt 0.426900 0.971000
vt 0.538800 0.973800
vt 0.537500 0.969200
vt 0.538800 0.964600
vt 0.542100 0.961200
vt 0.546700 0.957700
vt 0.546700 0.960000
vt 0.551300 0.961200
vt 0.554700 0.964600
vt 0.555900 0.969200
vt 0.554700 0.973800
vt 0.551300 0.977100
vt 0.546700 0.980600
vt 0.546700 0.978400
vt 0.542100 0.977100
vt 0.107300 0.923500
vt 0.107000 0.922600
vt 0.111300 0.921200
vt 0.111600 0.922300
vt 0.116100 0.920400
vt 0.116200 0.921500
vt 0.121100 0.920000
vt 0.121100 0.921300
vt 0.126100 0.920200
vt 0.126000 0.921400
vt 0.131000 0.921000
vt 0.130700 0.922100
vt 0.135800 0.922300
vt 0.135400 0.923500
vt 0.140600 0.924400
vt 0.140000 0.925500
vt 0.144900 0.927100
vt 0.144200 0.928000
vt 0.148900 0.930800
vt 0.147800 0.931500
vt 0.096500 0.931500
vt 0.095500 0.930900
vt 0.099000 0.927200
vt 0.099800 0.928100
vt 0.102900 0.924500
vt 0.103400 0.925500
vt 0.595300 0.975100
vt 0.595400 0.975100
vt 0.595900 0.976000
vt 0.595800 0.976100
vt 0.595400 0.974100
vt 0.595500 0.974100
vt 0.596000 0.973200
vt 0.596000 0.973300
vt 0.596900 0.972800
vt 0.598000 0.972800
vt 0.597900 0.972900
vt 0.598800 0.973400
vt 0.598800 0.973500
vt 0.599300 0.974300
vt 0.599200 0.974400
vt 0.599200 0.975400
vt 0.599100 0.975400
vt 0.598600 0.976200
vt 0.597700 0.976700
vt 0.597700 0.976600
vt 0.596700 0.976700
vt 0.596700 0.976600
vt 0.595500 0.975100
vt 0.595600 0.974100
vt 0.596100 0.973300
vt 0.597000 0.972900
vt 0.597900 0.973000
vt 0.598700 0.973500
vt 0.599100 0.974400
vt 0.599100 0.975300
vt 0.598500 0.976100
vt 0.596700 0.976500
vt 0.148000 0.980900
vt 0.149700 0.983800
vt 0.149700 0.987200
vt 0.141700 0.991800
vt 0.148000 0.990100
vt 0.145100 0.991800
vt 0.138600 0.981400
vt 0.137100 0.987200
vt 0.138800 0.990100
vt 0.137100 0.983800
vt 0.141700 0.979300
vt 0.138800 0.980900
vt 0.145100 0.979300
vt 0.494100 0.957700
vt 0.494100 0.950600
vt 0.497500 0.950600
vt 0.497500 0.957700
vt 0.490800 0.957700
vt 0.490800 0.950600
vt 0.487400 0.957700
vt 0.487400 0.950600
vt 0.484100 0.957700
vt 0.484100 0.950600
vt 0.480700 0.957700
vt 0.480700 0.950600
vt 0.477300 0.957700
vt 0.477300 0.950600
vt 0.514300 0.957700
vt 0.514300 0.950600
vt 0.517700 0.950600
vt 0.517700 0.957700
vt 0.511000 0.957700
vt 0.511000 0.950600
vt 0.507600 0.957700
vt 0.507600 0.950600
vt 0.504200 0.957700
vt 0.504200 0.950600
vt 0.500900 0.957700
vt 0.500900 0.950600
vt 0.498000 0.950600
vt 0.498000 0.957700
vt 0.567000 0.952300
vt 0.567000 0.958800
vt 0.564600 0.961200
vt 0.564600 0.949900
vt 0.561400 0.962100
vt 0.561400 0.949100
vt 0.497500 0.967200
vt 0.484500 0.967200
vt 0.484500 0.957700
vt 0.567900 0.955600
vt 0.500900 0.967200
vt 0.498000 0.967200
vt 0.514300 0.967200
vt 0.517700 0.967200
vt 0.511000 0.967200
vt 0.507600 0.967200
vt 0.504200 0.967200
vt 0.397200 0.993200
vt 0.393900 0.993200
vt 0.391000 0.991500
vt 0.391000 0.982300
vt 0.389300 0.988600
vt 0.389300 0.985200
vt 0.400400 0.982700
vt 0.397200 0.980600
vt 0.393900 0.980600
vt 0.400200 0.982300
vt 0.401800 0.988600
vt 0.401800 0.985200
vt 0.400200 0.991500
vt 0.497500 0.983800
vt 0.494100 0.983800
vt 0.494100 0.976700
vt 0.497500 0.976700
vt 0.490800 0.983800
vt 0.490800 0.976700
vt 0.487400 0.983800
vt 0.487400 0.976700
vt 0.484100 0.983800
vt 0.484100 0.976700
vt 0.480700 0.983800
vt 0.480700 0.976700
vt 0.477300 0.983800
vt 0.477300 0.976700
vt 0.517700 0.983800
vt 0.514300 0.983800
vt 0.514300 0.976700
vt 0.517700 0.976700
vt 0.511000 0.983800
vt 0.511000 0.976700
vt 0.507600 0.983800
vt 0.507600 0.976700
vt 0.504200 0.983800
vt 0.504200 0.976700
vt 0.500900 0.983800
vt 0.500900 0.976700
vt 0.498000 0.983800
vt 0.498000 0.976700
vt 0.165100 0.806200
vt 0.167400 0.808600
vt 0.167400 0.815100
vt 0.165100 0.817500
vt 0.161800 0.818400
vt 0.161800 0.805400
vt 0.484500 0.976700
vt 0.168300 0.811900
vt 0.759800 0.724200
vt 0.765400 0.723000
vt 0.768700 0.737200
vt 0.762300 0.737900
vt 0.770900 0.721500
vt 0.776000 0.736300
vt 0.709300 0.733600
vt 0.714700 0.720600
vt 0.717400 0.721800
vt 0.711900 0.735300
vt 0.714800 0.737300
vt 0.720100 0.722800
vt 0.725000 0.724300
vt 0.722000 0.737800
vt 0.730300 0.725300
vt 0.728200 0.738400
vt 0.735700 0.726100
vt 0.734000 0.738900
vt 0.741000 0.726700
vt 0.739600 0.739200
vt 0.750600 0.739000
vt 0.748700 0.725900
vt 0.754300 0.725100
vt 0.756300 0.738500
vt 0.087900 0.969900
vt 0.090900 0.974900
vt 0.090900 0.977800
vt 0.077100 0.967000
vt 0.069100 0.977800
vt 0.077100 0.988700
vt 0.087900 0.985800
vt 0.090900 0.980800
vt 0.082900 0.988700
vt 0.069100 0.980800
vt 0.072000 0.985800
vt 0.070600 0.972400
vt 0.069100 0.974900
vt 0.072000 0.969900
vt 0.082900 0.967000
vt 0.658100 0.708100
vt 0.653000 0.711000
vt 0.647200 0.711000
vt 0.661000 0.700200
vt 0.653000 0.689300
vt 0.639200 0.700200
vt 0.642200 0.708100
vt 0.640700 0.705600
vt 0.642200 0.692200
vt 0.639200 0.697200
vt 0.647200 0.689300
vt 0.659500 0.694700
vt 0.658100 0.692200
vt 0.661000 0.697200
vt 0.661000 0.703100
vt 0.769000 0.742600
vt 0.762700 0.743000
vt 0.775400 0.742600
vt 0.409700 0.943500
vt 0.409700 0.940700
vt 0.412500 0.940700
vt 0.412400 0.943600
vt 0.389500 0.938600
vt 0.389400 0.935800
vt 0.390900 0.935800
vt 0.390900 0.938600
vt 0.721700 0.743200
vt 0.715300 0.743300
vt 0.727900 0.743500
vt 0.733800 0.743700
vt 0.739500 0.743900
vt 0.745200 0.739200
vt 0.745200 0.743900
vt 0.742400 0.743900
vt 0.742400 0.739200
vt 0.750900 0.743800
vt 0.748000 0.743900
vt 0.747800 0.739100
vt 0.756700 0.743400
vt 0.781900 0.776400
vt 0.782200 0.779200
vt 0.774600 0.778500
vt 0.774100 0.775700
vt 0.782100 0.768300
vt 0.781600 0.773600
vt 0.773700 0.772900
vt 0.774100 0.767200
vt 0.784800 0.741700
vt 0.779000 0.734400
vt 0.786800 0.739400
vt 0.704300 0.740200
vt 0.702400 0.738100
vt 0.706300 0.742400
vt 0.707000 0.747000
vt 0.709400 0.773800
vt 0.717300 0.773100
vt 0.716800 0.775900
vt 0.709100 0.776600
vt 0.796900 0.775300
vt 0.796900 0.778100
vt 0.801600 0.746600
vt 0.788700 0.737200
vt 0.803000 0.744200
vt 0.691300 0.749700
vt 0.689800 0.747300
vt 0.693800 0.771100
vt 0.708900 0.768600
vt 0.694300 0.775500
vt 0.694300 0.778200
vt 0.708800 0.779300
vt 0.694300 0.780900
vt 0.819600 0.778100
vt 0.819300 0.780900
vt 0.824400 0.753500
vt 0.823300 0.756100
vt 0.669500 0.759100
vt 0.668500 0.756600
vt 0.671600 0.774900
vt 0.672000 0.778200
vt 0.672700 0.783600
vt 0.672300 0.780900
vt 0.768300 0.766900
vt 0.762500 0.766700
vt 0.409800 0.933600
vt 0.412600 0.933600
vt 0.389300 0.932400
vt 0.390800 0.932400
vt 0.722600 0.767200
vt 0.716900 0.767500
vt 0.728300 0.767000
vt 0.734000 0.766800
vt 0.739700 0.766700
vt 0.745400 0.766700
vt 0.742600 0.766700
vt 0.751100 0.766600
vt 0.748300 0.766700
vt 0.756800 0.766600
vt 0.784000 0.746400
vt 0.691800 0.753400
vt 0.821800 0.761500
vt 0.820900 0.768300
vt 0.798400 0.762100
vt 0.799500 0.752900
vt 0.669900 0.761800
vt 0.670800 0.768600
vt 0.692900 0.762500
vt 0.768000 0.772600
vt 0.762400 0.772400
vt 0.409800 0.926900
vt 0.409800 0.923500
vt 0.412500 0.923500
vt 0.412600 0.926900
vt 0.389200 0.928400
vt 0.389000 0.925000
vt 0.390400 0.924900
vt 0.390600 0.928300
vt 0.722900 0.772900
vt 0.728500 0.772700
vt 0.734200 0.772500
vt 0.739800 0.772400
vt 0.745500 0.772400
vt 0.742600 0.772400
vt 0.751100 0.772300
vt 0.748300 0.772300
vt 0.756800 0.772300
vt 0.797400 0.770800
vt 0.820000 0.774800
vt 0.487500 0.830300
vt 0.487500 0.814000
vt 0.498800 0.814000
vt 0.498800 0.830300
vt 0.487500 0.848600
vt 0.487500 0.839700
vt 0.498800 0.839700
vt 0.498800 0.848600
vt 0.487500 0.792400
vt 0.487500 0.776500
vt 0.498800 0.776500
vt 0.498800 0.792400
vt 0.407000 0.943500
vt 0.406900 0.940700
vt 0.716300 0.778600
vt 0.688400 0.745000
vt 0.667400 0.754100
vt 0.407000 0.926800
vt 0.406900 0.933600
vt 0.407100 0.923400
vt 0.773700 0.720500
vt 0.776500 0.719400
vt 0.781700 0.732700
vt 0.796900 0.780800
vt 0.800100 0.749000
vt 0.818900 0.783600
vt 0.822200 0.758600
vt 0.428800 0.932700
vt 0.429100 0.928600
vt 0.430600 0.928700
vt 0.430300 0.932700
vt 0.429400 0.925200
vt 0.430800 0.925300
vt 0.374000 0.943900
vt 0.373900 0.941100
vt 0.378100 0.941000
vt 0.378100 0.943800
vt 0.373600 0.934300
vt 0.377800 0.934100
vt 0.373400 0.927800
vt 0.373300 0.924400
vt 0.377500 0.924300
vt 0.377600 0.927600
vt 0.402800 0.923100
vt 0.401600 0.920500
vt 0.405700 0.921100
vt 0.402600 0.926700
vt 0.402600 0.933600
vt 0.402800 0.943700
vt 0.402600 0.940800
vt 0.405500 0.945800
vt 0.401300 0.946100
vt 0.446600 0.925100
vt 0.446400 0.928500
vt 0.442200 0.928200
vt 0.442400 0.924900
vt 0.446000 0.935000
vt 0.441800 0.934700
vt 0.445600 0.941800
vt 0.445500 0.944600
vt 0.441300 0.944400
vt 0.441400 0.941600
vt 0.416600 0.943800
vt 0.418000 0.946200
vt 0.413900 0.945900
vt 0.416800 0.940900
vt 0.417000 0.933700
vt 0.416900 0.923100
vt 0.417000 0.926700
vt 0.413900 0.921100
vt 0.418100 0.920400
vt 0.385200 0.941100
vt 0.381700 0.942900
vt 0.381600 0.940700
vt 0.385200 0.938300
vt 0.381400 0.934000
vt 0.385000 0.933200
vt 0.384700 0.924600
vt 0.384800 0.927900
vt 0.381100 0.927700
vt 0.381000 0.924400
vt 0.394600 0.921600
vt 0.398000 0.920400
vt 0.398500 0.923000
vt 0.394400 0.923700
vt 0.398600 0.926800
vt 0.394700 0.927400
vt 0.394900 0.933000
vt 0.398600 0.933600
vt 0.394800 0.941300
vt 0.394900 0.938300
vt 0.398700 0.940700
vt 0.398700 0.943200
vt 0.394300 0.943300
vt 0.397700 0.945600
vt 0.435200 0.925000
vt 0.438800 0.924900
vt 0.438600 0.928200
vt 0.434900 0.928400
vt 0.434600 0.933600
vt 0.438300 0.934500
vt 0.434200 0.941600
vt 0.434400 0.938800
vt 0.437900 0.941200
vt 0.437800 0.943400
vt 0.425000 0.943500
vt 0.421700 0.945700
vt 0.420700 0.943400
vt 0.424600 0.941500
vt 0.420800 0.940900
vt 0.424600 0.938500
vt 0.420900 0.933800
vt 0.424700 0.933200
vt 0.425400 0.923900
vt 0.425000 0.927600
vt 0.421100 0.926900
vt 0.421200 0.923000
vt 0.425200 0.921700
vt 0.421800 0.920400
vt 0.430100 0.936100
vt 0.430000 0.939000
vt 0.428600 0.938900
vt 0.428700 0.936100
vt 0.213800 0.797100
vt 0.211300 0.803000
vt 0.208400 0.800000
vt 0.212700 0.794100
vt 0.212900 0.765900
vt 0.209900 0.767800
vt 0.206500 0.762400
vt 0.208400 0.760000
vt 0.214000 0.762900
vt 0.210800 0.757200
vt 0.228900 0.754100
vt 0.227200 0.761400
vt 0.232800 0.756800
vt 0.229100 0.764600
vt 0.229100 0.795500
vt 0.232600 0.793800
vt 0.235600 0.800800
vt 0.232800 0.803200
vt 0.229100 0.805900
vt 0.227200 0.798600
vt 0.215700 0.786100
vt 0.210000 0.792200
vt 0.212400 0.784300
vt 0.226100 0.773400
vt 0.232400 0.766400
vt 0.229900 0.775200
vt 0.217100 0.782300
vt 0.215200 0.780100
vt 0.215600 0.774000
vt 0.218500 0.775200
vt 0.218400 0.776500
vt 0.217100 0.777900
vt 0.223300 0.775200
vt 0.223400 0.776500
vt 0.224900 0.777600
vt 0.227100 0.780000
vt 0.226300 0.786600
vt 0.223300 0.785100
vt 0.223500 0.783800
vt 0.224900 0.782400
vt 0.218600 0.784700
vt 0.218600 0.783500
vt 0.206500 0.797600
vt 0.230200 0.784700
vt 0.745000 0.739200
vt 0.235600 0.759300
vt 0.212200 0.775900
vt 0.390700 0.923500
vt 0.390600 0.940000
vt 0.428800 0.940300
vt 0.429100 0.923700
vt 0.175400 0.988200
vt 0.172000 0.987000
vt 0.175700 0.979700
vt 0.177800 0.979400
vt 0.165400 0.983000
vt 0.163000 0.980200
vt 0.169700 0.975300
vt 0.170900 0.977000
vt 0.159600 0.988200
vt 0.157200 0.985400
vt 0.159500 0.974000
vt 0.169400 0.969600
vt 0.175900 0.971300
vt 0.176600 0.972400
vt 0.173900 0.974300
vt 0.173100 0.973200
vt 0.175600 0.979100
vt 0.177400 0.978900
vt 0.171400 0.976600
vt 0.170200 0.974900
vt 0.170000 0.970400
vt 0.176600 0.975800
vt 0.178000 0.976200
vt 0.172300 0.970000
vt 0.527700 0.985500
vt 0.528500 0.982400
vt 0.529900 0.983200
vt 0.530700 0.984600
vt 0.530700 0.986300
vt 0.529900 0.987700
vt 0.528500 0.988600
vt 0.526800 0.988600
vt 0.525400 0.987700
vt 0.524600 0.986300
vt 0.524600 0.984600
vt 0.525400 0.983200
vt 0.526800 0.982400
vt 0.529100 0.980200
vt 0.531500 0.981600
vt 0.533000 0.984100
vt 0.533000 0.986900
vt 0.531500 0.989400
vt 0.529100 0.990800
vt 0.526200 0.990800
vt 0.523800 0.989400
vt 0.522400 0.986900
vt 0.522400 0.984100
vt 0.523800 0.981600
vt 0.526200 0.980200
vt 0.532300 0.980800
vt 0.529300 0.979200
vt 0.534000 0.983800
vt 0.534000 0.987200
vt 0.532300 0.990100
vt 0.529300 0.991800
vt 0.526000 0.991800
vt 0.523000 0.990100
vt 0.521400 0.987200
vt 0.521300 0.983800
vt 0.523000 0.980900
vt 0.525900 0.979200
vt 0.686700 0.142000
vt 0.861200 0.142000
vt 0.861200 0.151800
vt 0.686700 0.151800
vt 0.686700 0.166500
vt 0.861200 0.166500
vt 0.861200 0.187100
vt 0.686700 0.187100
vt 0.861200 0.205500
vt 0.686700 0.205500
vt 0.861200 0.228500
vt 0.686700 0.228500
vt 0.861200 0.245700
vt 0.686700 0.245700
vt 0.686700 0.259500
vt 0.861200 0.259500
vt 0.861200 0.271300
vt 0.686700 0.271300
vt 0.632000 0.142000
vt 0.632000 0.151800
vt 0.632000 0.166500
vt 0.611200 0.142000
vt 0.611200 0.151800
vt 0.632000 0.187100
vt 0.611200 0.166500
vt 0.632000 0.205500
vt 0.611200 0.187100
vt 0.632000 0.228500
vt 0.611200 0.205500
vt 0.632000 0.245700
vt 0.632000 0.259500
vt 0.632000 0.271300
vt 0.611200 0.228500
vt 0.611200 0.245700
vt 0.611200 0.259500
vt 0.611200 0.271300
vt 0.589300 0.142000
vt 0.589300 0.151800
vt 0.589300 0.166500
vt 0.589300 0.187100
vt 0.589300 0.205500
vt 0.589300 0.228500
vt 0.589300 0.245700
vt 0.589300 0.259500
vt 0.589300 0.271300
vt 0.551200 0.166500
vt 0.551200 0.151800
vt 0.551200 0.142000
vt 0.515300 0.151800
vt 0.515300 0.142000
vt 0.515300 0.166500
vt 0.551200 0.187100
vt 0.551200 0.205500
vt 0.551200 0.228500
vt 0.551200 0.245700
vt 0.551200 0.259500
vt 0.515300 0.259500
vt 0.515300 0.245700
vt 0.515300 0.228500
vt 0.515300 0.205500
vt 0.515300 0.187100
vt 0.457200 0.187100
vt 0.457200 0.166500
vt 0.966500 0.271300
vt 0.966500 0.259500
vt 0.969100 0.259500
vt 0.969100 0.271300
vt 0.966500 0.245700
vt 0.969100 0.245700
vt 0.966500 0.228500
vt 0.969100 0.228500
vt 0.966500 0.205500
vt 0.969100 0.205500
vt 0.966500 0.187100
vt 0.969100 0.187100
vt 0.966500 0.166500
vt 0.969100 0.166500
vt 0.966500 0.151800
vt 0.969100 0.151800
vt 0.966500 0.142000
vt 0.969100 0.142000
vt 0.982300 0.228500
vt 0.982300 0.205500
vt 0.982300 0.187100
vt 0.982300 0.245700
vt 0.870200 0.792600
vt 0.843000 0.786500
vt 0.870300 0.787400
vt 0.982300 0.166500
vt 0.893600 0.788200
vt 0.920400 0.788400
vt 0.920400 0.791300
vt 0.893000 0.792700
vt 0.982300 0.259500
vt 0.982300 0.151800
vt 0.892900 0.777300
vt 0.920500 0.778700
vt 0.870300 0.777000
vt 0.829600 0.776300
vt 0.982300 0.271300
vt 0.920500 0.768900
vt 0.893000 0.768800
vt 0.982300 0.142000
vt 0.870400 0.768700
vt 0.827400 0.768600
vt 0.457200 0.205500
vt 0.457200 0.151800
vt 0.457200 0.142000
vt 0.457200 0.259500
vt 0.457200 0.245700
vt 0.515300 0.271300
vt 0.457200 0.271300
vt 0.457200 0.228500
vt 0.951300 0.271300
vt 0.951300 0.259500
vt 0.900600 0.259500
vt 0.900600 0.271300
vt 0.926300 0.259500
vt 0.926300 0.271300
vt 0.900600 0.245700
vt 0.951300 0.245700
vt 0.926300 0.245700
vt 0.951300 0.228500
vt 0.900600 0.228500
vt 0.926300 0.228500
vt 0.900600 0.205500
vt 0.951300 0.205500
vt 0.926300 0.205500
vt 0.900600 0.187100
vt 0.951300 0.187100
vt 0.926300 0.187100
vt 0.900600 0.166500
vt 0.951300 0.166500
vt 0.926300 0.166500
vt 0.951300 0.151800
vt 0.900600 0.151800
vt 0.926300 0.151800
vt 0.926300 0.142000
vt 0.951300 0.142000
vt 0.900600 0.142000
vt 0.551200 0.271300
vt 0.686700 0.132200
vt 0.861200 0.132200
vt 0.686700 0.117500
vt 0.861200 0.117500
vt 0.686700 0.096900
vt 0.861200 0.096900
vt 0.686700 0.078300
vt 0.861200 0.078300
vt 0.686700 0.055300
vt 0.861200 0.055300
vt 0.686700 0.038100
vt 0.861200 0.038100
vt 0.686700 0.024300
vt 0.861200 0.024300
vt 0.686700 0.012400
vt 0.861200 0.012400
vt 0.632000 0.132200
vt 0.632000 0.117500
vt 0.611200 0.132200
vt 0.632000 0.096900
vt 0.611200 0.117500
vt 0.632000 0.078300
vt 0.611200 0.096900
vt 0.632000 0.055300
vt 0.611200 0.078300
vt 0.632000 0.038100
vt 0.632000 0.024300
vt 0.632000 0.012400
vt 0.611200 0.055300
vt 0.611200 0.038100
vt 0.611200 0.024300
vt 0.611200 0.012400
vt 0.589300 0.132200
vt 0.589300 0.117500
vt 0.589300 0.096900
vt 0.589300 0.078300
vt 0.589300 0.055300
vt 0.589300 0.038100
vt 0.589300 0.024300
vt 0.589300 0.012400
vt 0.551200 0.132200
vt 0.551200 0.117500
vt 0.515300 0.132200
vt 0.515300 0.117500
vt 0.551200 0.096900
vt 0.551200 0.078300
vt 0.551200 0.055300
vt 0.551200 0.038100
vt 0.551200 0.024300
vt 0.515300 0.038100
vt 0.515300 0.024300
vt 0.515300 0.055300
vt 0.515300 0.078300
vt 0.515300 0.096900
vt 0.457200 0.117500
vt 0.457200 0.096900
vt 0.966500 0.012400
vt 0.969100 0.012400
vt 0.969100 0.024300
vt 0.966500 0.024300
vt 0.969100 0.038100
vt 0.966500 0.038100
vt 0.969100 0.055300
vt 0.966500 0.055300
vt 0.969100 0.078300
vt 0.966500 0.078300
vt 0.969100 0.096900
vt 0.966500 0.096900
vt 0.969100 0.117500
vt 0.966500 0.117500
vt 0.969100 0.132200
vt 0.966500 0.132200
vt 0.982300 0.055300
vt 0.982300 0.078300
vt 0.982300 0.096900
vt 0.982300 0.038100
vt 0.870400 0.750000
vt 0.843100 0.750700
vt 0.870400 0.744900
vt 0.982300 0.117500
vt 0.920500 0.746400
vt 0.920500 0.749400
vt 0.893700 0.749400
vt 0.893100 0.744900
vt 0.982300 0.024300
vt 0.982300 0.132200
vt 0.920500 0.759000
vt 0.893000 0.760300
vt 0.870400 0.760500
vt 0.829700 0.760900
vt 0.982300 0.012400
vt 0.457200 0.078300
vt 0.457200 0.132200
vt 0.457200 0.038100
vt 0.457200 0.024300
vt 0.457200 0.012400
vt 0.515300 0.012400
vt 0.457200 0.055300
vt 0.951300 0.024300
vt 0.951300 0.012400
vt 0.900600 0.024300
vt 0.900600 0.012400
vt 0.926300 0.012400
vt 0.926300 0.024300
vt 0.900600 0.038100
vt 0.951300 0.038100
vt 0.926300 0.038100
vt 0.951300 0.055300
vt 0.900600 0.055300
vt 0.926300 0.055300
vt 0.900600 0.078300
vt 0.951300 0.078300
vt 0.926300 0.078300
vt 0.900600 0.096900
vt 0.951300 0.096900
vt 0.926300 0.096900
vt 0.900600 0.117500
vt 0.951300 0.117500
vt 0.926300 0.117500
vt 0.951300 0.132200
vt 0.900600 0.132200
vt 0.926300 0.132200
vt 0.551200 0.012400
vt 0.942100 0.749400
vt 0.959400 0.757300
vt 0.966100 0.769000
vt 0.959400 0.780700
vt 0.941900 0.788500
vt 0.379200 0.100800
vt 0.379200 0.154600
vt 0.050500 0.154600
vt 0.050500 0.100800
vt 0.050500 0.079300
vt 0.379200 0.079300
vt 0.400900 0.154600
vt 0.400900 0.100800
vt 0.050500 0.176100
vt 0.379200 0.176100
vt 0.029300 0.154600
vt 0.029300 0.100800
vt 0.050500 0.003700
vt 0.379200 0.003700
vt 0.379200 0.057700
vt 0.050500 0.057700
vt 0.422300 0.100800
vt 0.422300 0.154600
vt 0.379200 0.197600
vt 0.050500 0.197600
vt 0.007900 0.100800
vt 0.007900 0.154600
vt 0.097900 0.981800
vt 0.097400 0.983500
vt 0.096700 0.983100
vt 0.096200 0.982300
vt 0.096200 0.981400
vt 0.096600 0.980600
vt 0.097400 0.980100
vt 0.098300 0.980100
vt 0.099100 0.980500
vt 0.099500 0.981300
vt 0.099600 0.982200
vt 0.099100 0.983000
vt 0.098400 0.983500
vt 0.097100 0.985000
vt 0.095600 0.984200
vt 0.094700 0.982700
vt 0.094600 0.981000
vt 0.095500 0.979500
vt 0.097000 0.978600
vt 0.098700 0.978600
vt 0.100200 0.979400
vt 0.101100 0.980900
vt 0.101100 0.982500
vt 0.100300 0.984000
vt 0.098800 0.985000
vt 0.096900 0.986600
vt 0.094600 0.985400
vt 0.093100 0.983200
vt 0.093100 0.980500
vt 0.094400 0.978300
vt 0.096600 0.977100
vt 0.099100 0.977200
vt 0.101200 0.978400
vt 0.102400 0.980500
vt 0.102500 0.982800
vt 0.101400 0.985000
vt 0.099400 0.986400
vt 0.566100 0.978700
vt 0.565700 0.980400
vt 0.564900 0.980000
vt 0.564400 0.979200
vt 0.564400 0.978300
vt 0.564800 0.977500
vt 0.565600 0.977000
vt 0.566500 0.977000
vt 0.567300 0.977400
vt 0.567800 0.978200
vt 0.567800 0.979100
vt 0.567400 0.979900
vt 0.566600 0.980400
vt 0.565400 0.981900
vt 0.563800 0.981100
vt 0.562900 0.979600
vt 0.562900 0.977900
vt 0.563700 0.976400
vt 0.565200 0.975500
vt 0.566900 0.975500
vt 0.568400 0.976300
vt 0.569300 0.977800
vt 0.569300 0.979400
vt 0.568500 0.980900
vt 0.567100 0.981800
vt 0.565100 0.983400
vt 0.562800 0.982300
vt 0.561400 0.980100
vt 0.561400 0.977400
vt 0.562700 0.975200
vt 0.564900 0.974000
vt 0.567400 0.974100
vt 0.569500 0.975300
vt 0.570700 0.977400
vt 0.570700 0.979700
vt 0.569700 0.981900
vt 0.567600 0.983300
vt 0.465700 0.986500
vt 0.465200 0.988300
vt 0.464300 0.987800
vt 0.463800 0.987000
vt 0.463800 0.986000
vt 0.464300 0.985100
vt 0.465100 0.984600
vt 0.466200 0.984600
vt 0.467000 0.985100
vt 0.467500 0.985900
vt 0.467500 0.986900
vt 0.467000 0.987800
vt 0.466200 0.988300
vt 0.464800 0.989800
vt 0.463200 0.989000
vt 0.462300 0.987400
vt 0.462300 0.985600
vt 0.463200 0.984000
vt 0.464800 0.983100
vt 0.466600 0.983100
vt 0.468100 0.984000
vt 0.469000 0.985500
vt 0.469000 0.987300
vt 0.468200 0.988900
vt 0.466600 0.989800
vt 0.464600 0.990800
vt 0.462500 0.989700
vt 0.461300 0.987700
vt 0.461300 0.985300
vt 0.462500 0.983300
vt 0.464500 0.982100
vt 0.466800 0.982100
vt 0.468800 0.983300
vt 0.470000 0.985300
vt 0.470000 0.987500
vt 0.468900 0.989600
vt 0.466900 0.990800
vt 0.469600 0.561400
vt 0.448400 0.561400
vt 0.448400 0.560700
vt 0.469600 0.560700
vt 0.448400 0.715200
vt 0.448400 0.714500
vt 0.469600 0.714100
vt 0.469600 0.714800
vt 0.507500 0.310500
vt 0.507500 0.289300
vt 0.516400 0.289300
vt 0.516500 0.310500
vt 0.416800 0.176700
vt 0.417600 0.191800
vt 0.400500 0.192700
vt 0.399700 0.177600
vt 0.591100 0.400700
vt 0.589600 0.383400
vt 0.605600 0.383200
vt 0.604800 0.400500
vt 0.469600 0.602400
vt 0.448400 0.602400
vt 0.448400 0.592400
vt 0.469600 0.592400
vt 0.416700 0.213300
vt 0.416200 0.225400
vt 0.405300 0.225900
vt 0.403600 0.213900
vt 0.609000 0.326100
vt 0.606200 0.339200
vt 0.587200 0.339400
vt 0.583200 0.326400
vt 0.448400 0.582700
vt 0.469600 0.582700
vt 0.418300 0.206400
vt 0.401300 0.207200
vt 0.582700 0.302800
vt 0.582200 0.279600
vt 0.608200 0.279300
vt 0.608600 0.302500
vt 0.589200 0.360500
vt 0.605100 0.360400
vt 0.469600 0.619900
vt 0.448400 0.619900
vt 0.448400 0.613600
vt 0.469600 0.613600
vt 0.416700 0.248200
vt 0.415600 0.257400
vt 0.409200 0.257700
vt 0.407200 0.248700
vt 0.469600 0.572800
vt 0.476200 0.572800
vt 0.476200 0.582700
vt 0.476200 0.713100
vt 0.476200 0.713700
vt 0.469600 0.691700
vt 0.469600 0.683300
vt 0.476200 0.681800
vt 0.476200 0.691000
vt 0.469600 0.673000
vt 0.476200 0.672100
vt 0.469600 0.665400
vt 0.469600 0.657500
vt 0.476200 0.657500
vt 0.476200 0.665400
vt 0.476200 0.636200
vt 0.476200 0.641100
vt 0.469600 0.641100
vt 0.469600 0.636200
vt 0.476200 0.619900
vt 0.476200 0.627700
vt 0.469600 0.627700
vt 0.476200 0.602400
vt 0.476200 0.613600
vt 0.476200 0.592400
vt 0.531200 0.289300
vt 0.532600 0.290500
vt 0.532600 0.310500
vt 0.492800 0.289300
vt 0.500800 0.289300
vt 0.500600 0.310500
vt 0.491300 0.310500
vt 0.491300 0.290400
vt 0.405900 0.239600
vt 0.417100 0.240800
vt 0.212000 0.636200
vt 0.217200 0.636200
vt 0.217200 0.641100
vt 0.212100 0.641100
vt 0.212900 0.685300
vt 0.212900 0.675300
vt 0.217400 0.675300
vt 0.217500 0.685300
vt 0.213200 0.700700
vt 0.217700 0.700700
vt 0.212400 0.649700
vt 0.217200 0.649700
vt 0.217300 0.657500
vt 0.212600 0.657500
vt 0.212700 0.665400
vt 0.217300 0.665400
vt 0.030600 0.618900
vt 0.027200 0.619000
vt 0.027200 0.613800
vt 0.030600 0.613800
vt 0.027200 0.635100
vt 0.030700 0.635100
vt 0.030700 0.640000
vt 0.027200 0.640000
vt 0.027200 0.648600
vt 0.030800 0.648700
vt 0.030700 0.656200
vt 0.027200 0.656200
vt 0.516500 0.624600
vt 0.516700 0.627800
vt 0.507300 0.627800
vt 0.507400 0.624600
vt 0.029500 0.591400
vt 0.027200 0.591600
vt 0.027200 0.583100
vt 0.030200 0.583100
vt 0.029800 0.601800
vt 0.027200 0.601900
vt 0.448400 0.572800
vt 0.685800 0.657800
vt 0.685900 0.656400
vt 0.692000 0.656600
vt 0.691900 0.658000
vt 0.582100 0.278200
vt 0.608200 0.277900
vt 0.476200 0.560700
vt 0.476200 0.561400
vt 0.469600 0.702800
vt 0.476200 0.702200
vt 0.350600 0.560700
vt 0.350600 0.561400
vt 0.345000 0.561400
vt 0.345000 0.560700
vt 0.350800 0.715200
vt 0.350800 0.715900
vt 0.345200 0.715900
vt 0.345200 0.715200
vt 0.516500 0.401500
vt 0.516500 0.405500
vt 0.507400 0.405500
vt 0.507400 0.401500
vt 0.350300 0.602400
vt 0.345100 0.602400
vt 0.345100 0.592400
vt 0.350400 0.592400
vt 0.345100 0.582700
vt 0.350500 0.582700
vt 0.345000 0.627700
vt 0.345100 0.619900
vt 0.350100 0.619900
vt 0.350000 0.627700
vt 0.532600 0.401500
vt 0.532600 0.405500
vt 0.345100 0.613600
vt 0.350300 0.613600
vt 0.350100 0.636200
vt 0.355100 0.636200
vt 0.355100 0.641100
vt 0.350000 0.641100
vt 0.355100 0.684300
vt 0.350600 0.684400
vt 0.350500 0.674500
vt 0.355100 0.674400
vt 0.350700 0.692400
vt 0.355200 0.692400
vt 0.355000 0.649700
vt 0.355000 0.657500
vt 0.350200 0.657500
vt 0.350100 0.649700
vt 0.491300 0.401500
vt 0.491300 0.398500
vt 0.500500 0.398500
vt 0.500500 0.401500
vt 0.355000 0.665400
vt 0.350400 0.665400
vt 0.350600 0.572800
vt 0.345100 0.572800
vt 0.350700 0.703900
vt 0.355200 0.703900
vt 0.344800 0.636200
vt 0.344900 0.641100
vt 0.345300 0.684300
vt 0.345200 0.674500
vt 0.345400 0.692400
vt 0.345000 0.649700
vt 0.345100 0.657500
vt 0.491300 0.405500
vt 0.500500 0.405500
vt 0.345200 0.665400
vt 0.345300 0.703900
vt 0.221300 0.560700
vt 0.221300 0.561400
vt 0.216800 0.561400
vt 0.216800 0.560700
vt 0.516500 0.492200
vt 0.516500 0.495500
vt 0.507400 0.495500
vt 0.507400 0.492200
vt 0.221500 0.592400
vt 0.221500 0.602400
vt 0.216900 0.602400
vt 0.216900 0.592400
vt 0.221400 0.582700
vt 0.216800 0.582700
vt 0.222000 0.627700
vt 0.217100 0.627700
vt 0.217000 0.619900
vt 0.221700 0.619900
vt 0.532600 0.495500
vt 0.532600 0.492300
vt 0.221600 0.613600
vt 0.217000 0.613600
vt 0.221400 0.572800
vt 0.216800 0.572800
vt 0.355000 0.560700
vt 0.355000 0.561400
vt 0.355100 0.715300
vt 0.355100 0.716000
vt 0.516500 0.398500
vt 0.507400 0.398500
vt 0.355000 0.592400
vt 0.355000 0.602400
vt 0.355000 0.582700
vt 0.355000 0.627700
vt 0.354900 0.619900
vt 0.532600 0.398500
vt 0.354900 0.613600
vt 0.355000 0.572800
vt 0.326600 0.560700
vt 0.326600 0.561400
vt 0.326300 0.715600
vt 0.326500 0.714900
vt 0.507400 0.418400
vt 0.516500 0.418400
vt 0.308900 0.592400
vt 0.308900 0.602400
vt 0.308900 0.582700
vt 0.308900 0.627700
vt 0.308900 0.619900
vt 0.532600 0.418400
vt 0.308900 0.613600
vt 0.319000 0.572800
vt 0.371400 0.636200
vt 0.371400 0.641100
vt 0.377200 0.674300
vt 0.378600 0.684200
vt 0.380300 0.692400
vt 0.371400 0.649700
vt 0.373300 0.657500
vt 0.491300 0.377100
vt 0.500500 0.377100
vt 0.375400 0.665400
vt 0.382800 0.703900
vt 0.222300 0.636200
vt 0.222300 0.641100
vt 0.088700 0.641100
vt 0.084200 0.641100
vt 0.084300 0.636200
vt 0.088700 0.636200
vt 0.222000 0.675200
vt 0.222100 0.685200
vt 0.861500 0.646300
vt 0.857600 0.634400
vt 0.862300 0.632900
vt 0.866200 0.644700
vt 0.222300 0.700700
vt 0.854400 0.624700
vt 0.859000 0.623100
vt 0.222100 0.649700
vt 0.222000 0.657500
vt 0.084200 0.665400
vt 0.084200 0.657500
vt 0.088300 0.657500
vt 0.088200 0.665400
vt 0.222000 0.665400
vt 0.863900 0.652600
vt 0.868300 0.651100
vt 0.679800 0.657600
vt 0.679800 0.656300
vt 0.845800 0.597000
vt 0.850600 0.595500
vt 0.854800 0.609200
vt 0.850100 0.610800
vt 0.087300 0.560700
vt 0.087300 0.561400
vt 0.083400 0.561400
vt 0.083400 0.560700
vt 0.212200 0.561400
vt 0.212200 0.560700
vt 0.516500 0.585500
vt 0.516500 0.588300
vt 0.507400 0.588300
vt 0.507400 0.585500
vt 0.516500 0.498700
vt 0.507400 0.498700
vt 0.087900 0.592400
vt 0.088000 0.602400
vt 0.084100 0.602400
vt 0.084000 0.592400
vt 0.212400 0.602400
vt 0.212300 0.592400
vt 0.087900 0.582700
vt 0.083900 0.582700
vt 0.212300 0.582700
vt 0.088500 0.627700
vt 0.084200 0.627700
vt 0.084200 0.619900
vt 0.088200 0.619900
vt 0.212200 0.627700
vt 0.212300 0.619900
vt 0.532600 0.586200
vt 0.532600 0.589000
vt 0.532600 0.498700
vt 0.084200 0.613600
vt 0.088200 0.613600
vt 0.212300 0.613600
vt 0.083700 0.572800
vt 0.087600 0.572800
vt 0.212200 0.572800
vt 0.239100 0.636200
vt 0.239100 0.641100
vt 0.203200 0.641100
vt 0.203100 0.636200
vt 0.239200 0.685100
vt 0.239200 0.675100
vt 0.206400 0.675300
vt 0.206500 0.685300
vt 0.239000 0.700600
vt 0.208900 0.700800
vt 0.239100 0.649700
vt 0.239100 0.657500
vt 0.203600 0.665400
vt 0.203500 0.657500
vt 0.239100 0.665400
vt 0.657800 0.657000
vt 0.657900 0.655700
vt 0.697700 0.656800
vt 0.692100 0.641400
vt 0.697700 0.641400
vt 0.208000 0.560700
vt 0.208000 0.561400
vt 0.238500 0.560700
vt 0.238500 0.561400
vt 0.516500 0.501600
vt 0.507400 0.501600
vt 0.507400 0.480200
vt 0.516500 0.480200
vt 0.205800 0.592400
vt 0.205900 0.602400
vt 0.238700 0.592400
vt 0.238700 0.602400
vt 0.208000 0.582700
vt 0.238600 0.582700
vt 0.203200 0.627700
vt 0.203200 0.619900
vt 0.238800 0.613600
vt 0.238900 0.619900
vt 0.532600 0.501600
vt 0.532600 0.480200
vt 0.203200 0.613600
vt 0.208000 0.572800
vt 0.238600 0.572800
vt 0.033500 0.641100
vt 0.033500 0.636200
vt 0.079700 0.641100
vt 0.079700 0.636200
vt 0.866900 0.631400
vt 0.870800 0.643100
vt 0.863700 0.621600
vt 0.080200 0.665400
vt 0.080200 0.657500
vt 0.872600 0.649700
vt 0.855400 0.594000
vt 0.859500 0.607700
vt 0.079400 0.561400
vt 0.079400 0.560700
vt 0.516500 0.591000
vt 0.507400 0.591000
vt 0.080200 0.602400
vt 0.080100 0.592400
vt 0.080000 0.582700
vt 0.080000 0.627700
vt 0.080100 0.619900
vt 0.532600 0.591700
vt 0.080200 0.613600
vt 0.034800 0.613600
vt 0.034800 0.602400
vt 0.079700 0.572800
vt 0.034800 0.641100
vt 0.034800 0.636200
vt 0.108100 0.636200
vt 0.108100 0.641100
vt 0.925900 0.625000
vt 0.922100 0.613500
vt 0.834100 0.642100
vt 0.838000 0.654000
vt 0.919500 0.605700
vt 0.830900 0.632400
vt 0.034800 0.657500
vt 0.034800 0.665400
vt 0.108100 0.649700
vt 0.108100 0.657500
vt 0.088500 0.649700
vt 0.928800 0.633400
vt 0.840000 0.660300
vt 0.915700 0.591800
vt 0.911800 0.577500
vt 0.826300 0.618600
vt 0.034800 0.561400
vt 0.034800 0.560700
vt 0.107200 0.560700
vt 0.107200 0.561400
vt 0.516500 0.623700
vt 0.507400 0.623700
vt 0.507400 0.571700
vt 0.516500 0.571700
vt 0.034800 0.592400
vt 0.107700 0.592400
vt 0.107800 0.602400
vt 0.034800 0.582700
vt 0.107600 0.582700
vt 0.034800 0.619900
vt 0.034800 0.627700
vt 0.107900 0.619900
vt 0.107900 0.613600
vt 0.532600 0.623800
vt 0.532600 0.572300
vt 0.034800 0.572800
vt 0.107400 0.572800
vt 0.385200 0.561400
vt 0.385300 0.560700
vt 0.385300 0.715200
vt 0.385400 0.715900
vt 0.516500 0.377100
vt 0.507400 0.377100
vt 0.377200 0.602400
vt 0.378500 0.592400
vt 0.380200 0.582700
vt 0.373300 0.619900
vt 0.371400 0.627700
vt 0.532600 0.377100
vt 0.375300 0.613600
vt 0.382700 0.572800
vt 0.448400 0.673700
vt 0.448400 0.683500
vt 0.448400 0.691700
vt 0.448400 0.649700
vt 0.448400 0.657500
vt 0.448400 0.665400
vt 0.448400 0.703300
vt 0.448400 0.627700
vt 0.448400 0.636200
vt 0.448400 0.641100
vt 0.469600 0.649700
vt 0.308900 0.636200
vt 0.309000 0.641100
vt 0.309300 0.684800
vt 0.309200 0.674800
vt 0.308900 0.700200
vt 0.309100 0.657500
vt 0.309000 0.649700
vt 0.309100 0.665400
vt 0.318900 0.703400
vt 0.302100 0.674800
vt 0.302100 0.684800
vt 0.301800 0.700300
vt 0.301900 0.649700
vt 0.302000 0.657500
vt 0.302000 0.665400
vt 0.576900 0.654400
vt 0.566900 0.651200
vt 0.317700 0.560700
vt 0.317700 0.561400
vt 0.507400 0.424700
vt 0.516500 0.424700
vt 0.301800 0.592400
vt 0.301800 0.602400
vt 0.301700 0.582700
vt 0.301800 0.613600
vt 0.301800 0.619900
vt 0.532600 0.424700
vt 0.310800 0.572800
vt 0.184900 0.685500
vt 0.184800 0.675500
vt 0.194000 0.700900
vt 0.174100 0.657500
vt 0.174000 0.649700
vt 0.203400 0.649700
vt 0.174300 0.665400
vt 0.192900 0.561400
vt 0.192900 0.560700
vt 0.184200 0.602400
vt 0.184100 0.592400
vt 0.193000 0.582700
vt 0.173700 0.613600
vt 0.173800 0.619900
vt 0.532600 0.512200
vt 0.516500 0.512100
vt 0.193000 0.572800
vt 0.767300 0.675700
vt 0.762500 0.665400
vt 0.742900 0.654200
vt 0.162700 0.649700
vt 0.162800 0.657500
vt 0.777200 0.679900
vt 0.741600 0.650700
vt 0.178400 0.560700
vt 0.178400 0.561400
vt 0.507400 0.522100
vt 0.507400 0.512100
vt 0.516500 0.522100
vt 0.171100 0.592400
vt 0.171100 0.602400
vt 0.178500 0.582700
vt 0.162500 0.613600
vt 0.162500 0.619900
vt 0.532600 0.522300
vt 0.178500 0.572800
vt 0.388900 0.193300
vt 0.388000 0.178200
vt 0.445300 0.175500
vt 0.445900 0.190400
vt 0.615300 0.399900
vt 0.617800 0.383000
vt 0.577700 0.415900
vt 0.568100 0.399700
vt 0.593700 0.417700
vt 0.397800 0.226300
vt 0.394600 0.214400
vt 0.438500 0.212100
vt 0.434500 0.224400
vt 0.620600 0.339000
vt 0.628400 0.325900
vt 0.555700 0.339700
vt 0.540400 0.326900
vt 0.389800 0.207800
vt 0.446500 0.204900
vt 0.627900 0.279100
vt 0.628200 0.302300
vt 0.539700 0.303300
vt 0.617200 0.360200
vt 0.563000 0.383700
vt 0.562800 0.360800
vt 0.404300 0.256500
vt 0.399900 0.248300
vt 0.435400 0.239800
vt 0.432400 0.245700
vt 0.469600 0.645100
vt 0.476200 0.645100
vt 0.217200 0.645100
vt 0.212100 0.645100
vt 0.030600 0.644000
vt 0.027200 0.644000
vt 0.027200 0.626700
vt 0.030900 0.626600
vt 0.500800 0.627800
vt 0.500700 0.625400
vt 0.628000 0.277600
vt 0.539000 0.280100
vt 0.538900 0.278700
vt 0.350000 0.645100
vt 0.355100 0.645100
vt 0.344900 0.645100
vt 0.499400 0.495400
vt 0.499400 0.492200
vt 0.371400 0.645100
vt 0.222300 0.645100
vt 0.084200 0.645100
vt 0.088800 0.645100
vt 0.499400 0.586200
vt 0.499400 0.589000
vt 0.499400 0.498600
vt 0.239100 0.645100
vt 0.239000 0.627700
vt 0.203200 0.645100
vt 0.499400 0.501600
vt 0.499400 0.480500
vt 0.033500 0.627700
vt 0.079700 0.645100
vt 0.499400 0.591700
vt 0.034800 0.645100
vt 0.108100 0.645100
vt 0.108000 0.627700
vt 0.500700 0.624400
vt 0.499400 0.572200
vt 0.448400 0.645100
vt 0.309000 0.645100
vt 0.301900 0.641100
vt 0.301900 0.645100
vt 0.301800 0.636200
vt 0.301800 0.627700
vt 0.499000 0.426300
vt 0.173900 0.636200
vt 0.173800 0.627700
vt 0.499400 0.512100
vt 0.162700 0.641100
vt 0.173900 0.641100
vt 0.174000 0.645100
vt 0.162700 0.645100
vt 0.162600 0.636200
vt 0.162500 0.627700
vt 0.499400 0.522300
vt 0.686100 0.641300
vt 0.027200 0.572000
vt 0.029400 0.571900
vt 0.680200 0.641200
vt 0.658300 0.640700
vt 0.698000 0.658400
vt 0.925300 0.604000
vt 0.921200 0.605200
vt 0.917300 0.591400
vt 0.921500 0.590200
vt 0.028900 0.560500
vt 0.033500 0.561400
vt 0.033500 0.572800
vt 0.821800 0.604900
vt 0.557500 0.639300
vt 0.557400 0.651600
vt 0.544600 0.642200
vt 0.719700 0.656800
vt 0.717500 0.640300
vt 0.737100 0.635700
vt 0.651400 0.325700
vt 0.651400 0.302000
vt 0.602900 0.417600
vt 0.476200 0.649700
vt 0.030100 0.665700
vt 0.027200 0.665700
vt 0.084200 0.649700
vt 0.033500 0.649700
vt 0.033500 0.657500
vt 0.080000 0.649700
vt 0.033500 0.613600
vt 0.033500 0.619900
vt 0.034800 0.649700
vt 0.108300 0.665400
vt 0.163000 0.665400
vt 0.618900 0.415400
vt 0.610300 0.416600
vt 0.627700 0.399000
vt 0.391300 0.247800
vt 0.388000 0.235800
vt 0.397300 0.235500
vt 0.426000 0.253600
vt 0.932700 0.642000
vt 0.936800 0.640600
vt 0.937200 0.641800
vt 0.933100 0.643200
vt 0.872700 0.664200
vt 0.872300 0.663000
vt 0.877100 0.661400
vt 0.877500 0.662600
vt 0.867900 0.665800
vt 0.867600 0.664600
vt 0.844100 0.673400
vt 0.843800 0.672300
vt 0.778600 0.691900
vt 0.778700 0.693100
vt 0.751000 0.687900
vt 0.764800 0.693000
vt 0.764600 0.694100
vt 0.750400 0.688800
vt 0.739200 0.682900
vt 0.740000 0.682000
vt 0.716500 0.674700
vt 0.717000 0.673600
vt 0.696800 0.672700
vt 0.696900 0.671400
vt 0.685300 0.670900
vt 0.691300 0.671100
vt 0.691300 0.672400
vt 0.685300 0.672100
vt 0.679300 0.670700
vt 0.679300 0.671900
vt 0.657500 0.670000
vt 0.657400 0.671300
vt 0.575000 0.667400
vt 0.574800 0.668700
vt 0.565400 0.666300
vt 0.565100 0.667900
vt 0.551400 0.663600
vt 0.551900 0.662400
vt 0.535600 0.653800
vt 0.535400 0.652900
vt 0.931200 0.642600
vt 0.765900 0.682600
vt 0.756600 0.679900
vt 0.748700 0.673200
vt 0.721600 0.658900
vt 0.568200 0.654000
vt 0.027200 0.560400
vt 0.532600 0.624700
vt 0.532600 0.627200
vt 0.532300 0.627800
vt 0.632200 0.382900
vt 0.637700 0.338800
vt 0.651300 0.278800
vt 0.631500 0.360000
vt 0.398500 0.255000
vt 0.651400 0.277300
vt 0.923700 0.612900
vt 0.927500 0.624500
vt 0.033500 0.665400
vt 0.930400 0.632900
vt 0.913400 0.577000
vt 0.033500 0.560700
vt 0.033500 0.602400
vt 0.033500 0.592400
vt 0.033500 0.582700
vt 0.033500 0.645100
vt 0.931600 0.643700
vt 0.927800 0.611600
vt 0.931700 0.623100
vt 0.917600 0.575800
vt 0.934600 0.631700
vt 0.498400 0.420100
vt 0.491300 0.418800
vt 0.753400 0.816800
vt 0.745800 0.817000
vt 0.748800 0.812000
vt 0.817900 0.824900
vt 0.829700 0.820900
vt 0.831800 0.832100
vt 0.820600 0.835800
vt 0.859900 0.821800
vt 0.898600 0.821800
vt 0.904100 0.835700
vt 0.854400 0.835700
vt 0.749100 0.921000
vt 0.736500 0.921000
vt 0.734700 0.843800
vt 0.745200 0.844500
vt 0.713300 0.835500
vt 0.725700 0.835300
vt 0.725000 0.843900
vt 0.712100 0.844900
vt 0.677400 0.922600
vt 0.661300 0.924700
vt 0.670400 0.841100
vt 0.682400 0.843100
vt 0.806900 0.828200
vt 0.810200 0.839000
vt 0.798100 0.841500
vt 0.795100 0.831000
vt 0.761100 0.920800
vt 0.755200 0.845000
vt 0.768200 0.844700
vt 0.777000 0.921900
vt 0.735000 0.834800
vt 0.651400 0.924300
vt 0.659700 0.839900
vt 0.709200 0.922700
vt 0.724800 0.921100
vt 0.724300 0.933200
vt 0.707500 0.935300
vt 0.736500 0.932300
vt 0.749700 0.932100
vt 0.762400 0.932500
vt 0.779400 0.934200
vt 0.825700 0.922000
vt 0.828500 0.938600
vt 0.813000 0.938400
vt 0.809200 0.920600
vt 0.835800 0.920200
vt 0.840300 0.934100
vt 0.849400 0.929700
vt 0.845700 0.917200
vt 0.660100 0.940700
vt 0.649700 0.937100
vt 0.675100 0.940200
vt 0.836300 0.950500
vt 0.828100 0.957300
vt 0.845600 0.943400
vt 0.854100 0.936900
vt 0.652500 0.951700
vt 0.645300 0.944800
vt 0.660200 0.958700
vt 0.842600 0.955500
vt 0.838400 0.965300
vt 0.849000 0.946600
vt 0.856600 0.939900
vt 0.646100 0.955700
vt 0.641900 0.946700
vt 0.639000 0.958700
vt 0.649200 0.965600
vt 0.641800 0.968200
vt 0.904100 0.846000
vt 0.854400 0.846000
vt 0.712200 0.953000
vt 0.702100 0.954500
vt 0.696000 0.937000
vt 0.725800 0.952200
vt 0.737400 0.951300
vt 0.749300 0.951200
vt 0.761200 0.951500
vt 0.775200 0.951900
vt 0.800900 0.956200
vt 0.803000 0.936900
vt 0.811800 0.958500
vt 0.825300 0.966400
vt 0.676400 0.959800
vt 0.662400 0.967800
vt 0.845500 0.969000
vt 0.843300 0.975300
vt 0.835900 0.972300
vt 0.651100 0.972600
vt 0.849900 0.834100
vt 0.856300 0.817500
vt 0.871100 0.806500
vt 0.872600 0.812400
vt 0.886400 0.812400
vt 0.888000 0.806500
vt 0.902200 0.817500
vt 0.908600 0.834100
vt 0.908600 0.845900
vt 0.854400 0.866700
vt 0.904100 0.866700
vt 0.908600 0.871000
vt 0.849900 0.871000
vt 0.849900 0.856300
vt 0.854400 0.854800
vt 0.849900 0.845900
vt 0.854400 0.849900
vt 0.849900 0.850400
vt 0.849500 0.959800
vt 0.855200 0.951600
vt 0.861900 0.945100
vt 0.635300 0.949800
vt 0.824300 0.969800
vt 0.835100 0.974900
vt 0.643500 0.974900
vt 0.651700 0.975300
vt 0.644100 0.977500
vt 0.820400 0.983100
vt 0.823000 0.974000
vt 0.833700 0.978700
vt 0.831400 0.986800
vt 0.647000 0.989300
vt 0.645000 0.980900
vt 0.652800 0.979200
vt 0.655100 0.987400
vt 0.672300 0.830300
vt 0.672100 0.821400
vt 0.686800 0.822100
vt 0.684600 0.831900
vt 0.661000 0.828700
vt 0.660900 0.819800
vt 0.827000 0.811500
vt 0.815300 0.815900
vt 0.805600 0.819200
vt 0.791800 0.821300
vt 0.766800 0.836000
vt 0.754500 0.836300
vt 0.754600 0.828700
vt 0.765100 0.827300
vt 0.744900 0.827700
vt 0.745000 0.835500
vt 0.734900 0.827300
vt 0.725200 0.827800
vt 0.715100 0.826500
vt 0.708000 0.818400
vt 0.710500 0.810800
vt 0.719800 0.814000
vt 0.717200 0.820600
vt 0.685400 0.815700
vt 0.673200 0.813600
vt 0.675500 0.806900
vt 0.686300 0.808200
vt 0.662200 0.810500
vt 0.667200 0.803000
vt 0.822200 0.802100
vt 0.811700 0.809000
vt 0.807800 0.802900
vt 0.815000 0.795400
vt 0.803400 0.811800
vt 0.800600 0.806100
vt 0.792400 0.814600
vt 0.790900 0.807600
vt 0.783700 0.808000
vt 0.784900 0.816300
vt 0.755100 0.821700
vt 0.759900 0.815400
vt 0.762800 0.821700
vt 0.746000 0.820600
vt 0.734600 0.819100
vt 0.735700 0.814800
vt 0.724800 0.820500
vt 0.726600 0.815000
vt 0.802100 0.799500
vt 0.790600 0.798800
vt 0.782000 0.798500
vt 0.733800 0.807900
vt 0.716600 0.793700
vt 0.729100 0.799900
vt 0.673500 0.797200
vt 0.808200 0.790200
vt 0.792400 0.787400
vt 0.780800 0.787200
vt 0.739200 0.807800
vt 0.748200 0.800600
vt 0.755400 0.808200
vt 0.687200 0.790400
vt 0.693500 0.817000
vt 0.692600 0.823400
vt 0.771600 0.818800
vt 0.773000 0.825300
vt 0.904100 0.849900
vt 0.713200 0.958600
vt 0.701900 0.960300
vt 0.727000 0.956600
vt 0.737800 0.956100
vt 0.749100 0.955900
vt 0.760100 0.955900
vt 0.774300 0.956200
vt 0.810300 0.965200
vt 0.799700 0.962400
vt 0.677700 0.966600
vt 0.663200 0.971100
vt 0.842500 0.977800
vt 0.908600 0.850400
vt 0.904100 0.854800
vt 0.713800 0.963900
vt 0.703100 0.965200
vt 0.728200 0.963600
vt 0.738200 0.963200
vt 0.748900 0.963000
vt 0.759100 0.962900
vt 0.773900 0.962700
vt 0.809100 0.969500
vt 0.798600 0.967100
vt 0.678600 0.971000
vt 0.664300 0.975300
vt 0.841500 0.981000
vt 0.908600 0.856300
vt 0.715400 0.975800
vt 0.705700 0.976600
vt 0.729200 0.975200
vt 0.738800 0.975000
vt 0.748800 0.974700
vt 0.758500 0.974500
vt 0.772400 0.974700
vt 0.806600 0.979200
vt 0.796200 0.977100
vt 0.680600 0.980700
vt 0.666600 0.984300
vt 0.839100 0.989300
vt 0.687100 0.957700
vt 0.684800 0.938600
vt 0.785500 0.953100
vt 0.791300 0.935400
vt 0.694300 0.808300
vt 0.768400 0.811300
vt 0.764900 0.802600
vt 0.697200 0.790400
vt 0.760500 0.792000
vt 0.707000 0.824900
vt 0.786200 0.822600
vt 0.688300 0.964200
vt 0.785800 0.957900
vt 0.689400 0.968600
vt 0.784600 0.963800
vt 0.691600 0.978700
vt 0.782100 0.975200
vt 0.704700 0.834400
vt 0.690000 0.833200
vt 0.703400 0.844200
vt 0.688200 0.843800
vt 0.700000 0.922900
vt 0.686500 0.921600
vt 0.789500 0.832400
vt 0.775400 0.834400
vt 0.791900 0.841800
vt 0.777200 0.843200
vt 0.800300 0.920100
vt 0.787500 0.920400
s 1
usemtl default.003
f 1/1/1 2/2/2 3/3/3 4/4/4
f 4/4/4 3/3/3 5/5/5 6/6/5
f 7/7/5 8/8/6 9/9/7 10/10/5
f 3/3/3 2/2/2 11/11/8 12/12/9
f 6/6/5 5/5/5 13/13/5 14/14/5
f 15/15/10 16/16/5 17/17/5 18/18/5
f 19/19/11 20/20/12 21/21/13 22/22/14
f 23/23/15 24/24/16 25/25/17 26/26/18
f 18/18/5 17/17/5 27/27/5 28/28/5
f 29/29/19 30/30/5 31/31/5 32/32/20
f 33/33/21 34/34/22 35/35/23 8/8/6
f 7/7/5 36/36/5 30/30/5 29/29/19
f 8/8/6 35/35/23 37/37/24 9/9/7
f 37/38/25 38/39/25 39/40/25 9/41/25
f 40/42/26 36/43/26 41/44/26 42/45/26
f 43/46/27 6/47/27 14/48/27 44/49/27
f 43/46/27 45/50/27 4/51/27 6/47/27
f 42/45/25 41/44/25 10/52/25 46/53/25
f 44/49/28 14/48/28 13/54/29 47/55/29
f 48/56/26 17/57/26 16/58/30 49/59/30
f 50/60/31 34/34/22 51/61/32 52/62/33
f 47/55/29 13/54/29 27/63/26 53/64/26
f 49/59/30 16/58/30 54/65/26 55/66/26
f 34/34/22 50/60/31 56/67/34 35/35/23
f 40/42/26 57/68/26 30/69/26 36/43/26
f 38/70/35 37/37/24 35/35/23 56/67/34
f 58/71/36 59/72/37 60/73/38 61/74/39
f 31/31/5 54/75/5 62/76/40 32/32/20
f 51/61/32 63/77/41 64/78/42 52/62/33
f 31/79/43 30/69/26 57/68/26 65/80/43
f 10/10/5 41/81/5 36/36/5 7/7/5
f 26/26/18 15/15/10 18/18/5 23/23/15
f 12/12/9 28/28/5 5/5/5 3/3/3
f 66/82/44 67/83/45 58/71/36 61/74/39
f 8/8/6 7/7/5 29/29/19 33/33/21
f 10/52/25 9/41/25 39/40/25 46/53/25
f 22/22/14 68/84/46 69/85/47 19/19/11
f 20/20/12 25/25/17 63/77/41 21/21/13
f 60/73/38 59/72/37 51/61/32 34/34/22
f 66/82/44 29/29/19 32/32/20 67/83/45
f 68/84/46 67/83/45 32/32/20 62/76/40
f 69/85/47 15/15/10 26/26/18 19/19/11
f 33/33/21 61/74/39 60/73/38 34/34/22
f 26/26/18 25/25/17 20/20/12 19/19/11
f 33/33/21 29/29/19 66/82/44 61/74/39
f 22/22/14 21/21/13 59/72/37 58/71/36
f 54/65/26 31/79/43 65/80/43 55/66/26
f 62/76/40 54/75/5 16/16/5 15/15/10
f 63/77/41 25/25/17 70/86/48 64/78/42
f 68/84/46 22/22/14 58/71/36 67/83/45
f 63/77/41 51/61/32 59/72/37 21/21/13
f 69/85/47 68/84/46 62/76/40 15/15/10
f 12/12/9 11/11/8 24/24/16 23/23/15
f 28/28/5 27/27/5 13/13/5 5/5/5
f 71/87/49 72/88/50 11/11/8 2/2/2
f 27/63/26 17/57/26 48/56/26 53/64/26
f 28/28/5 12/12/9 23/23/15 18/18/5
f 73/89/51 71/87/49 2/2/2 1/1/1
f 45/50/27 73/90/27 1/91/27 4/51/27
f 11/11/8 72/88/50 74/92/52 24/24/16
f 24/24/16 74/92/52 70/86/48 25/25/17
f 75/93/53 76/94/54 77/95/55 78/96/56
f 79/97/57 75/93/53 78/96/56 80/98/57
f 81/99/57 82/100/57 83/101/58 84/102/59
f 75/93/53 85/103/60 86/104/61 76/94/54
f 80/98/57 87/105/57 88/106/57 79/97/57
f 89/107/62 90/108/57 91/109/57 92/110/57
f 93/111/63 94/112/64 95/113/65 96/114/66
f 97/115/67 98/116/68 99/117/69 100/118/70
f 90/108/57 101/119/57 102/120/57 91/109/57
f 103/121/57 104/122/57 105/123/71 106/124/72
f 107/125/73 108/126/74 109/127/75 84/102/59
f 104/122/57 110/128/57 81/99/57 105/123/71
f 111/129/76 107/125/73 84/102/59 83/101/58
f 111/130/25 83/131/25 39/40/25 38/39/25
f 112/132/26 110/133/26 40/42/26 42/45/26
f 87/134/27 80/135/27 43/46/27 44/49/27
f 78/136/27 45/50/27 43/46/27 80/135/27
f 82/137/25 112/132/25 42/45/25 46/53/25
f 88/138/29 87/134/28 44/49/28 47/55/29
f 92/139/30 91/140/26 48/56/26 49/59/30
f 113/141/77 108/126/74 50/60/31 52/62/33
f 102/142/26 88/138/29 47/55/29 53/64/26
f 114/143/26 92/139/30 49/59/30 55/66/26
f 108/126/74 107/125/73 56/67/34 50/60/31
f 104/144/26 57/68/26 40/42/26 110/133/26
f 107/125/73 111/129/76 38/70/35 56/67/34
f 115/145/78 116/146/79 117/147/80 118/148/81
f 119/149/82 114/150/57 103/121/57 106/124/72
f 64/78/42 120/151/83 113/141/77 52/62/33
f 57/68/26 104/144/26 103/152/43 65/80/43
f 110/128/57 112/153/57 82/100/57 81/99/57
f 100/118/70 99/117/69 90/108/57 89/107/62
f 85/103/60 75/93/53 79/97/57 101/119/57
f 115/145/78 121/154/84 122/155/85 116/146/79
f 84/102/59 109/127/75 105/123/71 81/99/57
f 39/40/25 83/131/25 82/137/25 46/53/25
f 94/112/64 93/111/63 123/156/86 124/157/87
f 120/151/83 97/115/67 96/114/66 95/113/65
f 117/147/80 108/126/74 113/141/77 118/148/81
f 122/155/85 121/154/84 106/124/72 105/123/71
f 124/157/87 119/149/82 106/124/72 121/154/84
f 123/156/86 93/111/63 100/118/70 89/107/62
f 117/147/80 116/146/79 109/127/75 108/126/74
f 100/118/70 93/111/63 96/114/66 97/115/67
f 122/155/85 105/123/71 109/127/75 116/146/79
f 94/112/64 115/145/78 118/148/81 95/113/65
f 65/80/43 103/152/43 114/143/26 55/66/26
f 119/149/82 89/107/62 92/110/57 114/150/57
f 120/151/83 64/78/42 70/86/48 97/115/67
f 124/157/87 121/154/84 115/145/78 94/112/64
f 118/148/81 113/141/77 120/151/83 95/113/65
f 123/156/86 89/107/62 119/149/82 124/157/87
f 85/103/60 99/117/69 98/116/68 86/104/61
f 101/119/57 79/97/57 88/106/57 102/120/57
f 71/87/49 76/94/54 86/104/61 72/88/50
f 48/56/26 91/140/26 102/142/26 53/64/26
f 101/119/57 90/108/57 99/117/69 85/103/60
f 73/89/51 77/95/55 76/94/54 71/87/49
f 45/50/27 78/136/27 77/158/27 73/90/27
f 86/104/61 98/116/68 74/92/52 72/88/50
f 98/116/68 97/115/67 70/86/48 74/92/52
f 125/159/5 126/160/5 127/161/5 128/162/5
f 129/163/57 130/164/57 131/165/57 132/166/57
f 133/167/88 134/168/88 135/169/88 136/170/88
f 127/171/89 129/163/89 132/166/90 128/172/90
f 137/173/91 138/174/91 139/175/91 140/176/91
f 137/177/92 140/176/92 141/178/92 142/179/92
f 143/180/5 144/181/5 145/182/5 146/183/5
f 145/182/93 144/181/94 147/184/94 148/185/93
f 148/185/57 147/184/57 149/186/57 150/187/57
f 150/187/95 149/186/96 143/188/96 146/189/95
f 151/190/5 152/191/5 153/192/5 154/193/5
f 153/194/97 152/195/98 155/196/98 156/197/97
f 156/197/57 155/196/57 157/198/57 158/199/57
f 158/199/99 157/198/100 151/190/100 154/193/99
f 144/181/5 143/180/5 159/200/5 160/201/5
f 161/202/57 149/186/57 147/184/57 162/203/57
f 147/184/94 144/181/94 160/201/101 162/203/101
f 143/188/96 149/186/96 161/202/102 159/204/102
f 152/191/5 151/190/5 163/205/5 164/206/5
f 155/196/98 152/195/98 164/207/103 165/208/103
f 166/209/57 157/198/57 155/196/57 165/208/57
f 151/190/100 157/198/100 166/209/104 163/205/104
f 160/201/5 159/200/5 167/210/5 168/211/5
f 126/160/5 168/211/5 167/210/5 127/161/5
f 169/212/57 161/202/57 162/203/57 170/213/57
f 169/212/57 170/213/57 130/164/57 129/163/57
f 162/203/101 160/201/101 168/211/105 170/213/105
f 170/213/105 168/211/105 126/160/106 130/164/106
f 159/204/102 161/202/102 169/212/107 167/214/107
f 167/214/107 169/212/107 129/163/89 127/171/89
f 171/215/5 164/207/5 163/216/5 172/217/5
f 173/218/5 171/215/5 172/217/5 174/219/5
f 165/208/103 164/207/103 171/215/108 175/220/108
f 175/220/108 171/215/108 173/218/109 176/221/109
f 166/209/57 165/208/57 175/220/57 177/222/57
f 177/222/57 175/220/57 176/221/57 178/223/57
f 163/205/104 166/209/104 177/222/110 172/224/110
f 172/224/110 177/222/110 178/223/111 174/225/111
f 154/193/5 153/192/5 179/226/5 180/227/5
f 153/194/97 156/197/97 181/228/97 179/229/97
f 158/199/57 182/230/57 181/228/57 156/197/57
f 154/193/99 180/227/112 182/230/112 158/199/99
f 180/227/5 179/226/5 134/231/5 133/167/5
f 181/228/57 182/230/57 136/170/57 135/169/57
f 181/228/97 135/169/97 134/232/97 179/229/97
f 182/230/112 180/227/112 133/167/112 136/170/112
f 183/233/5 173/218/5 174/219/5 184/234/5
f 183/233/93 185/235/93 176/221/109 173/218/109
f 185/235/57 186/236/57 178/223/57 176/221/57
f 186/236/95 184/237/95 174/225/111 178/223/111
f 187/238/5 183/233/5 184/234/5 188/239/5
f 189/240/93 185/235/93 183/233/93 187/238/93
f 190/241/57 186/236/57 185/235/57 189/240/57
f 188/242/95 184/237/95 186/236/95 190/241/95
f 145/182/5 187/238/5 188/239/5 146/183/5
f 148/185/93 189/240/93 187/238/93 145/182/93
f 150/187/57 190/241/57 189/240/57 148/185/57
f 146/189/95 188/242/95 190/241/95 150/187/95
f 128/172/5 191/243/5 142/244/5 125/245/5
f 132/166/57 131/165/57 141/178/57 192/246/57
f 132/166/90 192/246/90 191/243/90 128/172/90
f 131/165/92 130/164/106 126/160/106 125/159/92
f 141/178/92 131/165/92 125/159/92 142/179/92
f 142/244/5 191/243/5 138/174/5 137/247/5
f 192/246/57 141/178/57 140/176/57 139/175/57
f 192/246/90 139/175/90 138/174/90 191/243/90
f 193/248/113 194/249/113 195/250/57 196/251/57
f 197/252/5 198/253/5 199/254/114 200/255/114
f 193/256/115 196/257/116 197/252/117 200/255/115
f 201/258/118 202/259/118 203/260/119 204/261/120
f 205/262/121 206/263/121 207/264/25 208/265/25
f 209/266/115 210/267/115 211/268/115 212/269/115
f 213/270/122 214/271/27 211/268/27 210/267/123
f 205/262/91 208/265/91 215/272/91 216/273/91
f 205/262/121 217/274/124 218/275/124 206/263/121
f 219/276/125 220/277/125 213/270/122 210/267/123
f 221/278/115 219/276/115 210/267/115 209/266/115
f 216/273/91 222/279/91 217/274/91 205/262/91
f 217/274/124 223/280/126 224/281/113 218/275/124
f 200/255/114 199/254/114 220/277/125 219/276/125
f 221/278/115 193/256/115 200/255/115 219/276/115
f 225/282/91 223/280/91 217/274/91 222/279/91
f 224/281/113 223/280/126 226/283/127 227/284/57
f 228/285/128 229/286/129 230/287/130 231/288/130
f 232/289/131 228/285/132 231/288/133 233/290/133
f 206/263/121 234/291/121 235/292/25 207/264/25
f 236/293/122 216/273/123 215/272/27 237/294/27
f 218/275/124 238/295/124 234/291/121 206/263/121
f 239/296/125 222/279/125 216/273/123 236/293/122
f 224/281/113 194/249/113 238/295/124 218/275/124
f 240/297/114 225/282/134 222/279/125 239/296/125
f 227/284/57 241/298/57 242/299/57 195/250/57
f 243/300/5 244/301/130 198/253/5 197/252/5
f 196/257/116 245/302/135 243/300/136 197/252/117
f 226/283/127 246/303/137 241/298/57 227/284/57
f 247/304/138 225/282/134 240/297/114 248/305/5
f 195/250/57 194/249/113 224/281/113 227/284/57
f 198/253/5 248/305/5 240/297/114 199/254/114
f 233/290/133 231/288/133 202/259/118 201/258/118
f 213/270/122 236/293/122 237/294/27 214/271/27
f 220/277/125 239/296/125 236/293/122 213/270/122
f 199/254/114 240/297/114 239/296/125 220/277/125
f 234/291/121 209/306/121 212/307/25 235/292/25
f 238/295/124 221/308/124 209/306/121 234/291/121
f 194/249/113 193/248/113 221/308/124 238/295/124
f 242/299/57 201/309/57 204/310/57
f 202/259/130 231/288/130 230/287/130 244/301/130
f 229/286/129 247/304/138 248/305/5 230/287/130
f 241/298/57 233/311/57 201/309/57 242/299/57
f 244/301/130 243/300/5 203/260/130
f 245/302/135 204/261/120 203/260/119 243/300/136
f 246/303/137 232/312/139 233/311/57 241/298/57
f 245/313/57 196/251/57 195/250/57 242/299/57
f 244/301/130 230/287/130 248/305/5 198/253/5
f 244/301/130 203/260/130 202/259/130
f 242/299/57 204/310/57 245/313/57
f 249/314/5 250/315/5 251/316/5 252/317/5
f 253/318/5 254/319/5 249/314/5 252/317/5
f 254/319/5 253/318/5 255/320/5 256/321/5
f 251/316/140 257/322/141 258/323/141 252/317/140
f 252/317/140 258/323/141 259/324/141 253/318/140
f 259/324/141 260/325/141 255/320/142 253/318/140
f 256/326/143 261/327/144 262/328/145 254/329/143
f 254/329/143 262/328/145 263/330/146 249/331/143
f 249/331/143 263/330/146 264/332/144 250/315/143
f 257/322/147 251/316/148 250/315/149 264/332/150
f 265/333/151 266/334/151 258/323/141 257/322/141
f 266/334/151 267/335/151 259/324/141 258/323/141
f 267/335/151 268/336/151 260/325/141 259/324/141
f 263/330/146 269/337/152 270/338/153 264/332/144
f 261/327/144 271/339/154 272/340/155 262/328/145
f 262/328/145 272/340/155 269/337/152 263/330/146
f 268/336/156 271/341/156 261/342/156 260/325/156
f 273/343/157 274/344/158 223/345/159 225/346/160
f 273/343/161 275/347/162 266/334/151 265/333/151
f 273/343/161 225/346/134 247/348/138 275/347/162
f 275/347/162 276/349/163 267/335/151 266/334/151
f 275/347/162 247/348/138 229/350/129 276/349/163
f 276/349/163 277/351/164 268/336/151 267/335/151
f 276/349/163 229/350/129 228/352/128 277/351/164
f 269/337/152 278/353/165 274/344/166 270/338/153
f 226/354/127 223/345/126 274/344/166 278/353/165
f 271/339/154 279/355/167 280/356/168 272/340/155
f 232/357/139 246/358/137 280/356/168 279/355/167
f 272/340/155 280/356/168 278/353/165 269/337/152
f 246/358/137 226/354/127 278/353/165 280/356/168
f 277/351/169 279/359/170 271/341/156 268/336/156
f 277/351/169 228/352/132 232/360/131 279/359/170
f 273/343/157 265/333/171 270/338/172 274/344/158
f 265/333/171 257/322/147 264/332/150 270/338/172
f 260/325/156 261/342/156 256/361/156 255/320/156
f 281/362/173 282/363/173 283/364/5 284/365/5
f 285/366/57 286/367/57 287/368/174 288/369/174
f 286/367/175 283/370/176 282/371/115 287/368/115
f 289/372/118 290/373/120 291/374/177 292/375/118
f 207/264/25 293/376/178 294/377/178 208/265/25
f 211/268/115 295/378/115 296/379/115 212/269/115
f 297/380/179 295/378/180 211/268/27 214/271/27
f 294/377/91 298/381/91 215/272/91 208/265/91
f 299/382/181 300/383/181 294/377/178 293/376/178
f 301/384/182 295/378/180 297/380/179 302/385/182
f 295/378/115 301/384/115 303/386/115 296/379/115
f 300/383/91 304/387/91 298/381/91 294/377/91
f 305/388/173 306/389/183 300/383/181 299/382/181
f 287/368/174 301/384/182 302/385/182 288/369/174
f 287/368/115 282/371/115 303/386/115 301/384/115
f 300/383/91 306/389/91 307/390/91 304/387/91
f 308/391/184 306/389/183 305/388/173 309/392/5
f 310/393/185 311/394/186 312/395/187 313/396/187
f 314/397/188 315/398/133 312/395/133 311/394/132
f 235/292/25 316/399/178 293/376/178 207/264/25
f 215/272/27 298/381/180 317/400/179 237/294/27
f 316/399/178 318/401/181 299/382/181 293/376/178
f 298/381/180 304/387/182 319/402/182 317/400/179
f 318/401/181 281/362/173 305/388/173 299/382/181
f 304/387/182 307/390/189 320/403/174 319/402/182
f 321/404/5 322/405/5 309/392/5 284/365/5
f 285/366/57 323/406/187 324/407/57 286/367/57
f 324/407/190 325/408/191 283/370/176 286/367/175
f 322/405/5 326/409/192 308/391/184 309/392/5
f 320/403/174 307/390/189 327/410/193 328/411/57
f 284/365/5 309/392/5 305/388/173 281/362/173
f 320/403/174 328/411/57 285/366/57 288/369/174
f 315/398/133 289/372/118 292/375/118 312/395/133
f 237/294/27 317/400/179 297/380/179 214/271/27
f 317/400/179 319/402/182 302/385/182 297/380/179
f 319/402/182 320/403/174 288/369/174 302/385/182
f 316/399/178 235/292/25 212/307/25 296/412/178
f 318/401/181 316/399/178 296/412/178 303/413/181
f 281/362/173 318/401/181 303/413/181 282/363/173
f 290/414/5 289/415/5 321/404/5
f 313/396/187 312/395/187 292/375/187 323/406/187
f 328/411/57 327/410/193 310/393/185 313/396/187
f 289/415/5 315/416/5 322/405/5 321/404/5
f 291/374/187 324/407/57 323/406/187
f 291/374/177 290/373/120 325/408/191 324/407/190
f 326/409/192 322/405/5 315/416/5 314/417/194
f 284/365/5 283/364/5 325/418/5 321/404/5
f 323/406/187 285/366/57 328/411/57 313/396/187
f 292/375/187 291/374/187 323/406/187
f 325/418/5 290/414/5 321/404/5
f 329/419/57 330/420/57 331/421/57 332/422/57
f 333/423/57 330/420/57 329/419/57 334/424/57
f 335/425/57 333/423/57 334/424/57 336/426/57
f 337/427/195 338/428/195 331/421/140 330/420/140
f 339/429/195 337/427/195 330/420/140 333/423/140
f 339/429/195 333/423/140 335/425/142 340/430/196
f 341/431/197 342/432/198 336/433/199 334/434/143
f 343/435/200 341/431/197 334/434/143 329/436/143
f 344/437/198 343/435/200 329/436/143 332/422/143
f 338/428/201 344/437/202 332/422/203 331/421/204
f 337/427/195 345/438/205 346/439/205 338/428/195
f 339/429/195 347/440/205 345/438/205 337/427/195
f 347/440/205 339/429/195 340/430/196 348/441/205
f 343/435/200 344/437/198 349/442/206 350/443/207
f 351/444/208 352/445/209 342/432/198 341/431/197
f 341/431/197 343/435/200 350/443/207 351/444/208
f 342/446/210 352/447/210 348/441/210 340/430/210
f 306/448/211 353/449/212 354/450/213 307/451/214
f 345/438/205 355/452/215 354/450/216 346/439/205
f 354/450/216 355/452/215 327/453/193 307/451/189
f 347/440/205 356/454/217 355/452/215 345/438/205
f 355/452/215 356/454/217 310/455/185 327/453/193
f 356/454/217 347/440/205 348/441/205 357/456/218
f 311/457/186 310/455/185 356/454/217 357/456/218
f 350/443/207 349/442/206 353/449/219 358/458/220
f 353/449/219 306/448/183 308/459/184 358/458/220
f 359/460/221 360/461/222 352/445/209 351/444/208
f 314/462/194 360/461/222 359/460/221 326/463/192
f 351/444/208 350/443/207 358/458/220 359/460/221
f 358/458/220 308/459/184 326/463/192 359/460/221
f 352/447/210 360/464/223 357/456/224 348/441/210
f 314/465/188 311/457/132 357/456/224 360/464/223
f 349/442/225 346/439/226 354/450/213 353/449/212
f 344/437/202 338/428/201 346/439/226 349/442/225
f 340/430/210 335/425/227 336/466/227 342/446/210
f 361/467/91 362/468/91 363/469/91 364/470/91
f 362/471/228 365/472/229 366/473/230 363/474/228
f 367/475/231 368/476/232 369/477/232 370/478/233
f 371/479/234 372/480/235 373/481/236 374/482/237
f 374/482/238 373/481/239 366/483/230 375/484/240
f 376/485/241 377/486/242 378/487/243 379/488/244
f 376/485/245 379/488/246 380/489/247 381/490/248
f 382/491/249 383/492/250 384/493/251 385/494/252
f 385/494/253 384/493/254 386/495/255 387/496/253
f 388/497/256 389/498/257 390/499/258 391/500/259
f 392/501/260 393/502/261 394/503/262 395/504/263
f 393/502/264 396/505/265 397/506/266 394/503/267
f 398/507/268 388/497/269 391/500/270 399/508/271
f 377/486/242 376/485/241 389/498/257 388/497/256
f 382/491/245 393/502/261 392/501/260 381/490/248
f 393/502/264 382/491/249 385/494/252 396/505/265
f 377/486/272 388/497/269 398/507/268 387/509/272
f 400/510/273 391/500/259 390/499/258 401/511/274
f 401/511/275 390/499/262 395/504/263 402/512/276
f 394/503/267 397/506/266 403/513/277 404/514/278
f 403/513/279 397/506/270 399/515/271 405/516/280
f 406/517/281 400/510/273 401/511/274 407/518/282
f 407/518/283 401/511/275 402/512/276 408/519/284
f 404/514/278 403/513/277 409/520/285 410/521/286
f 409/520/287 403/513/279 405/516/280 411/522/288
f 412/523/289 367/475/290 379/488/244 378/487/243
f 370/478/233 371/479/291 383/492/292 380/489/247
f 383/492/250 371/479/234 374/482/237 384/493/251
f 375/524/240 412/523/293 378/487/294 386/525/255
f 369/477/295 368/476/295 361/467/295 364/470/295
f 413/526/296 373/481/236 372/480/235 414/527/297
f 366/483/230 373/481/239 413/526/228 363/528/228
f 366/473/230 365/472/229 412/523/293 375/524/240
f 377/486/253 387/509/253 386/525/255 378/487/294
f 392/501/260 395/504/263 390/499/262 389/498/261
f 392/501/260 389/498/261 376/485/245 381/490/248
f 399/508/271 391/500/270 400/510/298 405/529/280
f 405/529/280 400/510/298 406/517/299 411/530/288
f 369/477/232 372/480/232 371/479/291 370/478/233
f 382/491/245 381/490/248 380/489/247 383/492/292
f 398/531/268 399/515/271 397/506/270 396/505/269
f 398/531/268 396/505/269 385/494/272 387/496/272
f 395/504/263 394/503/262 404/514/300 402/512/276
f 402/512/276 404/514/300 410/521/301 408/519/284
f 411/522/302 408/519/302 410/521/286 409/520/285
f 364/470/91 363/469/91 413/532/91 414/527/91
f 370/478/233 380/489/247 379/488/246 367/475/231
f 375/484/240 386/495/255 384/493/254 374/482/238
f 369/477/295 364/470/295 414/527/295 372/480/295
f 407/518/282 408/519/303 411/530/303 406/517/281
f 365/472/304 368/476/305 367/475/290 412/523/289
f 362/471/306 361/467/307 368/476/305 365/472/304
f 415/533/57 416/534/57 417/535/57 418/536/57
f 419/537/308 420/538/308 421/539/309 422/540/309
f 423/541/310 424/542/310 425/543/311 426/544/311
f 427/545/91 428/546/91 429/547/91 430/548/91
f 431/549/312 432/550/312 433/551/313 434/552/313
f 435/553/57 436/554/57 437/555/57 438/556/57
f 439/557/5 440/558/5 441/559/5 442/560/5
f 443/561/314 444/562/314 445/563/315 446/564/315
f 447/565/316 448/566/316 449/567/317 450/568/317
f 451/569/318 452/570/318 453/571/319 454/572/319
f 455/573/57 456/574/57 457/575/57 458/576/57
f 459/577/5 460/578/5 461/579/5 462/580/5
f 463/581/320 464/582/320 465/583/321 466/584/321
f 418/536/57 417/535/57 467/585/57 468/586/57
f 469/587/5 470/588/5 471/589/5 472/590/5
f 473/591/322 474/592/322 424/542/310 423/541/310
f 422/593/323 421/594/323 475/595/324 476/596/324
f 454/597/319 453/598/319 477/599/325 478/600/325
f 462/580/5 461/579/5 479/601/5 480/602/5
f 481/603/326 482/604/326 464/582/320 463/581/320
f 418/536/327 483/605/328 484/606/329 415/533/330
f 485/607/331 486/608/332 487/609/333 469/587/334
f 488/610/335 489/611/335 420/538/308 419/537/308
f 434/612/91 433/613/91 490/614/91 491/615/91
f 435/553/336 456/574/337 492/616/338 493/617/339
f 494/618/5 495/619/5 496/620/5 497/621/5
f 456/574/337 455/573/340 498/622/341 492/616/338
f 499/623/5 500/624/5 495/619/5 494/618/5
f 468/586/342 436/554/343 501/625/344 502/626/345
f 503/627/5 504/628/5 505/629/5 506/630/5
f 507/631/346 508/632/347 509/633/348 510/634/349
f 491/615/91 490/614/91 428/546/91 427/545/91
f 497/621/350 442/560/351 459/577/352 494/618/353
f 494/618/353 459/577/352 462/580/354 499/623/355
f 506/630/356 472/590/357 439/557/358 503/627/359
f 511/635/360 480/602/361 512/636/362 513/637/363
f 426/638/335 425/639/335 489/611/335 488/610/335
f 493/617/57 492/616/57 514/640/57 515/641/57
f 492/616/57 498/622/57 516/642/57 514/640/57
f 502/626/57 501/625/57 517/643/57 518/644/57
f 456/574/57 435/553/57 438/556/57 457/575/57
f 442/560/5 441/559/5 460/578/5 459/577/5
f 466/584/321 465/583/321 444/562/314 443/561/314
f 450/568/317 449/567/317 452/570/318 451/569/318
f 436/554/343 435/553/336 493/617/339 501/625/344
f 497/621/5 496/620/5 504/628/5 503/627/5
f 442/560/351 497/621/350 503/627/359 439/557/358
f 501/625/57 493/617/57 515/641/57 517/643/57
f 476/596/324 475/595/324 448/566/316 447/565/316
f 436/554/57 468/586/57 467/585/57 437/555/57
f 472/590/5 471/589/5 440/558/5 439/557/5
f 446/564/315 445/563/315 474/592/322 473/591/322
f 502/626/345 483/605/328 418/536/327 468/586/342
f 506/630/5 505/629/5 519/645/5 485/607/5
f 506/630/356 485/607/331 469/587/334 472/590/357
f 518/644/57 520/646/57 483/605/57 502/626/57
f 480/602/5 479/601/5 521/647/5 512/636/5
f 430/648/364 429/649/364 482/604/326 481/603/326
f 478/600/325 477/599/325 522/650/365 523/651/365
f 510/634/349 498/622/341 455/573/340 507/631/346
f 511/635/5 524/652/5 500/624/5 499/623/5
f 511/635/360 499/623/355 462/580/354 480/602/361
f 498/622/57 510/634/57 525/653/57 516/642/57
f 458/576/57 526/654/57 507/631/57 455/573/57
f 483/605/57 520/646/57 527/655/57 484/606/57
f 528/656/5 470/588/5 469/587/5 487/609/5
f 529/657/57 525/653/57 510/634/57 509/633/57
f 513/637/5 530/658/5 524/652/5 511/635/5
f 486/608/5 485/607/5 519/645/5 531/659/5
f 508/632/57 507/631/57 526/654/57 532/660/57
f 421/539/309 420/538/308 486/661/366 531/662/309
f 422/540/309 416/663/309 415/664/366 419/537/308
f 425/543/311 424/542/310 470/588/310 528/656/311
f 426/544/311 527/665/311 520/666/310 423/541/310
f 428/546/91 512/667/91 521/668/91 429/547/91
f 430/548/91 529/669/91 509/670/91 427/545/91
f 432/550/312 524/652/367 530/658/313 433/551/313
f 434/552/313 532/660/313 526/654/367 431/549/312
f 444/562/314 441/559/314 440/558/315 445/563/315
f 446/564/315 517/671/315 515/672/314 443/561/314
f 448/566/316 505/629/316 504/628/317 449/567/317
f 450/568/317 437/555/317 467/585/316 447/565/316
f 452/570/318 496/620/318 495/619/368 453/571/319
f 454/572/319 457/575/368 438/556/318 451/569/318
f 464/582/320 461/579/320 460/578/321 465/583/321
f 466/584/321 514/673/321 516/674/320 463/581/320
f 474/592/322 471/589/322 470/588/310 424/542/310
f 423/541/310 520/666/310 518/675/322 473/591/322
f 421/594/323 531/659/323 519/645/324 475/595/324
f 476/596/324 417/535/324 416/534/323 422/593/323
f 453/571/319 495/619/368 500/624/369 533/676/369
f 534/677/369 458/576/369 457/575/368 454/572/319
f 464/582/320 482/604/326 479/601/326 461/579/320
f 481/603/326 463/581/320 516/674/320 525/678/326
f 420/538/308 489/611/335 487/679/335 486/661/366
f 484/680/335 488/610/335 419/537/308 415/664/366
f 433/613/91 530/681/91 513/682/91 490/614/91
f 491/615/91 508/683/91 532/684/91 434/612/91
f 512/667/91 428/546/91 490/614/91 513/682/91
f 491/615/91 427/545/91 509/670/91 508/683/91
f 425/639/335 528/685/335 487/679/335 489/611/335
f 488/610/335 484/680/335 527/686/335 426/638/335
f 465/583/321 460/578/321 441/559/314 444/562/314
f 443/561/314 515/672/314 514/673/321 466/584/321
f 449/567/317 504/628/317 496/620/318 452/570/318
f 451/569/318 438/556/318 437/555/317 450/568/317
f 475/595/324 519/645/324 505/629/316 448/566/316
f 447/565/316 467/585/316 417/535/324 476/596/324
f 445/563/315 440/558/315 471/589/322 474/592/322
f 473/591/322 518/675/322 517/671/315 446/564/315
f 429/649/364 521/647/364 479/601/326 482/604/326
f 481/603/326 525/678/326 529/687/364 430/648/364
f 432/550/312 533/676/369 500/624/369 524/652/367
f 534/677/369 431/549/312 526/654/367 458/576/369
f 533/688/5 477/599/5 453/598/5
f 533/688/5 432/689/5 522/650/5 477/599/5
f 522/650/370 432/690/370 431/691/370 523/651/370
f 523/651/57 431/692/57 534/693/57 478/600/57
f 534/693/57 454/597/57 478/600/57
f 535/694/371 536/695/371 537/696/371 538/697/371
f 535/694/372 538/697/372 539/698/372 540/699/372
f 540/699/372 539/698/372 541/700/372 542/701/372
f 537/696/373 536/695/373 543/702/373 544/703/373
f 538/697/5 537/696/5 544/704/5 545/705/5
f 543/702/57 536/695/57 535/694/57 546/706/57
f 539/698/374 538/697/374 545/705/374 547/707/374
f 546/706/375 535/694/375 540/699/375 548/708/375
f 541/700/5 539/698/5 547/707/5 549/709/5
f 542/701/57 550/710/57 548/708/57 540/699/57
f 542/701/376 541/700/376 549/711/376 550/710/376
f 548/708/335 550/710/335 549/712/335 547/713/335
f 547/713/335 545/714/335 546/706/335 548/708/335
f 545/714/377 544/715/377 543/702/377 546/706/377
f 551/716/378 552/717/379 553/718/380 554/719/381
f 555/720/382 556/721/383 557/722/384 558/723/385
f 555/724/386 553/718/386 552/717/387 556/725/387
f 554/726/388 553/727/389 555/720/389 558/723/388
f 559/728/390 560/729/391 561/730/392 562/731/393
f 561/732/394 560/733/395 563/734/396 564/735/386
f 565/736/397 564/735/398 563/734/399 566/737/400
f 567/738/401 568/739/402 569/740/403 570/741/404
f 571/742/402 572/743/402 573/744/402 574/745/402
f 575/746/405 557/722/384 556/721/383 576/747/406
f 566/737/400 563/734/399 577/748/407 578/749/408
f 556/725/387 552/717/387 577/748/409 576/750/410
f 570/741/404 569/740/403 579/751/411 580/752/412
f 559/728/390 575/746/413 576/747/414 560/729/391
f 578/749/415 577/748/416 552/717/379 551/716/378
f 560/733/395 576/750/410 577/748/409 563/734/396
f 572/743/402 580/752/412 579/751/411 573/744/402
f 581/753/417 582/754/418 551/716/378 554/719/381
f 581/755/27 554/726/388 558/723/388 583/756/27
f 583/756/419 558/723/385 557/722/384 584/757/420
f 584/757/420 557/722/384 575/746/405 585/758/421
f 582/754/418 586/759/422 578/749/415 551/716/378
f 582/754/418 581/753/417 574/745/423 573/744/424
f 583/756/27 571/742/27 574/760/27 581/755/27
f 571/742/425 583/756/419 584/757/420 572/743/426
f 585/758/421 580/752/421 572/743/426 584/757/420
f 587/761/427 570/741/428 580/752/429 585/758/430
f 588/762/25 567/738/25 570/741/428 587/761/427
f 568/739/27 589/763/27 590/764/431 569/740/432
f 590/764/431 586/759/433 579/751/433 569/740/432
f 586/759/422 582/754/418 573/744/424 579/751/422
f 588/765/434 587/766/435 590/767/436 589/768/437
f 586/769/438 590/767/436 587/766/435 585/770/439
f 586/769/440 585/770/441 575/771/441 578/772/441
f 578/773/442 575/774/443 559/775/404 566/776/403
f 566/776/403 559/775/404 562/777/401 565/778/402
f 591/779/444 592/780/445 593/781/446 594/782/447
f 595/783/448 596/784/449 597/785/450 598/786/451
f 594/782/387 593/781/386 595/787/386 598/788/387
f 592/789/388 596/784/388 595/783/389 593/790/389
f 599/791/452 562/731/393 561/730/392 600/792/453
f 601/793/454 600/794/455 561/732/394 564/735/386
f 565/736/397 602/795/456 601/793/457 564/735/398
f 567/738/401 603/796/458 604/797/459 568/739/402
f 605/798/402 606/799/402 607/800/402 608/801/402
f 609/802/460 610/803/461 598/786/451 597/785/450
f 611/804/462 601/793/457 602/795/456 612/805/463
f 611/804/464 594/782/387 598/788/387 610/806/465
f 613/807/466 604/797/459 603/796/458 614/808/467
f 599/791/452 600/792/453 610/803/468 609/802/469
f 594/782/447 611/804/470 612/805/471 591/779/444
f 600/794/455 601/793/454 611/804/464 610/806/465
f 608/801/402 607/800/402 613/807/466 614/808/467
f 615/809/472 592/780/445 591/779/444 616/810/473
f 596/784/388 592/789/388 615/811/27 617/812/27
f 597/785/450 596/784/449 617/812/474 618/813/475
f 618/813/475 619/814/476 609/802/460 597/785/450
f 616/810/473 591/779/444 612/805/471 620/815/477
f 606/799/478 615/809/472 616/810/473 607/800/479
f 605/798/423 608/801/480 618/813/475 617/812/474
f 619/814/476 618/813/475 608/801/480 614/808/476
f 621/816/481 619/814/482 614/808/483 603/796/484
f 588/762/25 621/816/481 603/796/484 567/738/25
f 568/739/27 604/797/485 622/817/486 589/763/27
f 613/807/487 620/815/487 622/817/486 604/797/485
f 607/800/479 616/810/473 620/815/477 613/807/477
f 588/765/434 589/768/437 622/818/488 621/819/489
f 620/820/490 619/821/491 621/819/489 622/818/488
f 609/822/492 619/821/492 620/820/492 612/823/493
f 599/824/458 609/822/494 612/823/495 602/825/459
f 562/777/401 599/824/458 602/825/459 565/778/402
f 605/798/27 617/812/27 615/811/27 606/826/27
f 623/827/496 624/828/497 625/829/498 626/830/499
f 627/831/500 628/832/501 629/833/502 630/834/5
f 623/835/503 626/836/503 631/837/503 632/838/503
f 633/839/25 634/840/25 635/841/25 636/842/25
f 633/839/25 636/842/25 637/843/25 638/844/25
f 636/845/504 635/846/505 639/847/506 640/848/507
f 641/849/508 642/850/509 624/851/510 632/838/511
f 624/851/510 623/835/512 632/838/511
f 641/849/508 632/838/511 643/852/513
f 644/853/57 626/830/499 625/829/498 645/854/514
f 627/831/500 630/834/5 646/855/5 647/856/515
f 626/836/516 644/857/517 648/858/517 631/837/516
f 649/859/518 641/860/519 643/861/520 650/862/521
f 651/863/522 652/864/523 653/865/524 654/866/525
f 655/867/526 656/868/527 657/869/57 658/870/57
f 659/871/528 660/872/5 661/873/5 662/874/529
f 658/875/530 657/876/531 663/877/531 664/878/530
f 665/879/532 666/880/533 651/863/522 654/866/525
f 657/869/57 656/868/527 667/881/534 668/882/57
f 669/883/535 662/874/529 661/873/5 670/884/5
f 657/876/531 668/885/536 671/886/536 663/877/531
f 672/887/537 673/888/538 674/889/539 675/890/540
f 676/891/57 677/892/541 678/893/542 679/894/57
f 680/895/543 681/896/544 682/897/5 683/898/5
f 676/899/545 679/900/546 684/901/546 685/902/545
f 686/903/547 687/904/548 672/887/537 675/890/540
f 678/893/542 688/905/549 689/906/57 679/894/57
f 683/898/5 690/907/5 691/908/550 680/895/543
f 679/900/546 689/909/551 692/910/551 684/901/546
f 693/911/552 694/912/553 695/913/554 696/914/555
f 697/915/556 698/916/557 699/917/57 700/918/57
f 701/919/558 702/920/5 703/921/5 704/922/559
f 700/923/560 699/924/561 705/925/561 706/926/560
f 707/927/562 708/928/563 693/911/552 696/914/555
f 699/917/57 698/916/557 709/929/564 710/930/57
f 711/931/565 704/922/559 703/921/5 712/932/5
f 699/924/561 710/933/566 713/934/566 705/925/561
f 639/847/506 714/935/567 715/936/568 640/848/507
f 716/937/569 633/938/570 638/939/57 717/940/57
f 718/941/571 719/942/5 720/943/5 721/944/572
f 717/945/573 638/844/574 637/843/574 722/946/573
f 658/870/57 644/853/57 645/854/514 655/867/526
f 647/856/515 646/855/5 660/872/5 659/871/528
f 644/857/517 658/875/530 664/878/530 648/858/517
f 652/864/523 649/859/518 650/862/521 653/865/524
f 668/882/57 667/881/534 677/892/541 676/891/57
f 681/896/544 669/883/535 670/884/5 682/897/5
f 668/885/536 676/899/575 685/902/575 671/886/536
f 673/888/538 666/880/533 665/879/532 674/889/539
f 700/918/57 689/906/57 688/905/549 697/915/556
f 691/908/550 690/907/5 702/920/5 701/919/558
f 689/909/551 700/923/560 706/926/560 692/910/551
f 694/912/553 687/904/548 686/903/547 695/913/554
f 709/929/564 716/937/569 717/940/57 710/930/57
f 711/931/565 712/932/5 719/942/5 718/941/571
f 710/933/566 717/945/573 722/946/573 713/934/566
f 714/935/567 708/928/563 707/927/562 715/936/568
f 631/837/503 630/947/503 629/948/503 632/838/503
f 721/949/25 720/950/25 637/843/25 723/951/25
f 637/843/25 636/842/25 723/951/25
f 721/949/25 723/951/25 724/952/25
f 636/845/504 640/848/507 725/953/576 723/954/577
f 628/955/578 726/956/579 727/957/580 643/852/513
f 628/955/578 643/852/513 632/838/511 629/948/581
f 648/858/517 646/958/517 630/947/516 631/837/516
f 643/861/520 727/959/582 728/960/583 650/862/521
f 653/865/524 729/961/584 730/962/585 654/866/525
f 663/877/531 661/963/531 660/964/530 664/878/530
f 665/879/532 654/866/525 730/962/585 731/965/586
f 671/886/536 670/966/536 661/963/531 663/877/531
f 674/889/539 732/967/587 733/968/588 675/890/540
f 684/901/546 683/969/546 682/970/545 685/902/545
f 686/903/547 675/890/540 733/968/588 734/971/589
f 692/910/551 690/972/551 683/969/546 684/901/546
f 695/913/554 735/973/590 736/974/591 696/914/555
f 705/925/561 703/975/561 702/976/560 706/926/560
f 707/927/562 696/914/555 736/974/591 737/977/592
f 713/934/566 712/978/566 703/975/561 705/925/561
f 715/936/568 738/979/593 725/953/576 640/848/507
f 637/843/574 720/950/574 719/980/573 722/946/573
f 664/878/530 660/964/530 646/958/517 648/858/517
f 650/862/521 728/960/583 729/961/584 653/865/524
f 685/902/575 682/970/575 670/966/536 671/886/536
f 665/879/532 731/965/586 732/967/587 674/889/539
f 706/926/560 702/976/560 690/972/551 692/910/551
f 686/903/547 734/971/589 735/973/590 695/913/554
f 722/946/573 719/980/573 712/978/566 713/934/566
f 707/927/562 737/977/592 738/979/593 715/936/568
f 624/828/497 642/981/594 739/982/595 625/829/498
f 721/944/572 724/983/596 740/984/597 718/941/571
f 741/985/598 726/986/599 628/832/501 627/831/500
f 742/987/600 634/988/601 633/938/570 716/937/569
f 625/829/498 739/982/595 743/989/602 645/854/514
f 659/871/528 744/990/603 745/991/604 647/856/515
f 655/867/526 746/992/605 747/993/606 656/868/527
f 748/994/607 744/990/603 659/871/528 662/874/529
f 656/868/527 747/993/606 749/995/608 667/881/534
f 681/896/544 750/996/609 751/997/610 669/883/535
f 677/892/541 752/998/611 753/999/612 678/893/542
f 754/1000/613 750/996/609 681/896/544 680/895/543
f 678/893/542 753/999/612 755/1001/614 688/905/549
f 701/919/558 756/1002/615 757/1003/616 691/908/550
f 758/1004/617 759/1005/618 698/916/557 697/915/556
f 760/1006/619 756/1002/615 701/919/558 704/922/559
f 759/1005/618 761/1007/620 709/929/564 698/916/557
f 718/941/571 740/984/597 762/1008/621 711/931/565
f 743/989/602 746/992/605 655/867/526 645/854/514
f 745/991/604 741/985/598 627/831/500 647/856/515
f 749/995/608 752/998/611 677/892/541 667/881/534
f 751/997/610 748/994/607 662/874/529 669/883/535
f 757/1003/616 754/1000/613 680/895/543 691/908/550
f 755/1001/614 758/1004/617 697/915/556 688/905/549
f 761/1007/620 742/987/600 716/937/569 709/929/564
f 711/931/565 762/1008/621 760/1006/619 704/922/559
f 642/981/594 641/860/519 649/859/518 739/982/595
f 723/954/577 725/953/576 740/984/597 724/983/596
f 728/960/583 727/959/582 726/986/599 741/985/598
f 742/987/600 639/847/506 635/846/505 634/988/601
f 739/982/595 649/859/518 652/864/523 743/989/602
f 744/990/603 730/962/585 729/961/584 745/991/604
f 746/992/605 651/863/522 666/880/533 747/993/606
f 731/965/586 730/962/585 744/990/603 748/994/607
f 747/993/606 666/880/533 673/888/538 749/995/608
f 750/996/609 733/968/588 732/967/587 751/997/610
f 752/998/611 672/887/537 687/904/548 753/999/612
f 734/971/589 733/968/588 750/996/609 754/1000/613
f 753/999/612 687/904/548 694/912/553 755/1001/614
f 756/1002/615 736/974/591 735/973/590 757/1003/616
f 758/1004/617 693/911/552 708/928/563 759/1005/618
f 737/977/592 736/974/591 756/1002/615 760/1006/619
f 708/928/563 714/935/567 761/1007/620 759/1005/618
f 740/984/597 725/953/576 738/979/593 762/1008/621
f 652/864/523 651/863/522 746/992/605 743/989/602
f 729/961/584 728/960/583 741/985/598 745/991/604
f 673/888/538 672/887/537 752/998/611 749/995/608
f 732/967/587 731/965/586 748/994/607 751/997/610
f 735/973/590 734/971/589 754/1000/613 757/1003/616
f 694/912/553 693/911/552 758/1004/617 755/1001/614
f 714/935/567 639/847/506 742/987/600 761/1007/620
f 738/979/593 737/977/592 760/1006/619 762/1008/621
f 763/1009/622 764/1010/623 765/1011/624 766/1012/625
f 767/1013/626 764/1010/623 763/1009/622 768/1014/627
f 769/1015/628 770/1016/629 771/1017/630 772/1018/631
f 770/1016/629 769/1015/628 773/1019/632 774/1020/633
f 766/1012/625 765/1011/624 775/1021/634 776/1022/635
f 775/1021/634 765/1011/624 777/1023/636 778/1024/637
f 779/1025/638 776/1022/635 775/1021/634 780/1026/639
f 781/1027/640 782/1028/641 783/1029/642 784/1030/643
f 783/1029/642 782/1028/641 785/1031/644 786/1032/645
f 787/1033/646 784/1030/643 783/1029/642 788/1034/647
f 789/1035/648 790/1036/649 791/1037/650 792/1038/651
f 793/1039/652 794/1040/653 790/1036/649 789/1035/648
f 795/1041/654 790/1036/649 794/1040/653 796/1042/91
f 797/1043/655 791/1037/650 790/1036/649 795/1041/654
f 798/1044/656 799/1045/657 800/1046/658 801/1047/659
f 768/1014/627 802/1048/660 800/1046/658 799/1045/657
f 803/1049/27 804/1050/661 800/1046/658 802/1048/660
f 804/1050/661 805/1051/662 801/1047/659 800/1046/658
f 806/1052/663 807/1053/664 764/1054/623 767/1055/626
f 808/1056/665 809/1057/666 810/1058/667 811/1059/668
f 812/1060/669 813/1061/633 811/1059/668 810/1058/667
f 786/1032/645 814/1062/25 788/1034/647 783/1029/642
f 766/1012/625 776/1022/635 815/1063/670 763/1009/622
f 816/1064/671 815/1063/670 776/1022/635 779/1025/638
f 802/1048/660 815/1063/670 816/1064/671 803/1049/27
f 815/1063/670 802/1048/660 768/1014/627 763/1009/622
f 768/1014/627 799/1045/657 817/1065/672 767/1013/626
f 798/1044/656 818/1066/673 817/1065/672 799/1045/657
f 818/1067/673 819/1068/652 820/1069/674 817/1070/672
f 809/1057/666 821/1071/675 822/1072/676 810/1058/667
f 823/1073/677 824/1074/678 822/1072/676 821/1071/675
f 825/1075/679 822/1072/676 824/1074/678 826/1076/680
f 812/1060/669 810/1058/667 822/1072/676 825/1075/679
f 785/1031/644 827/1077/681 828/1078/682 786/1032/645
f 792/1038/651 791/1037/650 828/1078/682 827/1077/681
f 829/1079/683 828/1078/682 791/1037/650 797/1043/655
f 814/1062/25 786/1032/645 828/1078/682 829/1079/683
f 777/1023/636 765/1011/624 764/1010/623 807/1080/664
f 830/1081/115 780/1026/639 775/1021/634 778/1024/637
f 818/1066/673 798/1044/656 801/1047/659 831/1082/684
f 805/1051/662 832/1083/685 831/1082/684 801/1047/659
f 831/1084/684 832/1085/685 833/1086/91 834/1087/653
f 771/1017/630 770/1016/629 835/1088/686 836/1089/687
f 806/1052/663 767/1055/626 817/1070/672 820/1069/674
f 837/1090/688 838/1091/689 839/1092/690 840/1093/691
f 836/1089/687 835/1088/686 839/1092/690 838/1091/689
f 839/1094/690 835/1095/686 841/1096/669 842/1097/679
f 834/1087/653 819/1068/652 818/1067/673 831/1084/684
f 841/1096/669 835/1095/686 770/1098/629 774/1099/633
f 843/1100/680 840/1101/691 839/1094/690 842/1097/679
f 844/1102/636 845/1103/692 846/1104/664 847/1105/693
f 777/1023/636 807/1080/664 845/1103/692 844/1102/636
f 848/1106/632 849/1107/633 774/1020/633 773/1019/632
f 850/1108/632 813/1109/633 849/1107/633 848/1106/632
f 844/1102/636 851/1110/637 778/1024/637 777/1023/636
f 847/1105/693 852/1111/637 851/1110/637 844/1102/636
f 853/1112/115 851/1110/637 852/1111/637 854/1113/115
f 830/1081/115 778/1024/637 851/1110/637 853/1112/115
f 806/1052/663 855/1114/663 845/1115/692 807/1053/664
f 845/1115/692 855/1114/663 856/1116/663 846/1117/664
f 857/1118/652 858/1119/674 820/1069/674 819/1068/652
f 793/1039/652 859/1120/674 858/1119/674 857/1118/652
f 855/1114/663 858/1119/674 859/1120/674 856/1116/663
f 806/1052/663 820/1069/674 858/1119/674 855/1114/663
f 857/1118/652 860/1121/653 794/1040/653 793/1039/652
f 819/1068/652 834/1087/653 860/1121/653 857/1118/652
f 861/1122/91 860/1121/653 834/1087/653 833/1086/91
f 796/1042/91 794/1040/653 860/1121/653 861/1122/91
f 812/1060/669 862/1123/669 849/1124/633 813/1061/633
f 849/1124/633 862/1123/669 841/1096/669 774/1099/633
f 863/1125/680 864/1126/679 825/1075/679 826/1076/680
f 843/1100/680 842/1097/679 864/1126/679 863/1125/680
f 862/1123/669 864/1126/679 842/1097/679 841/1096/669
f 812/1060/669 825/1075/679 864/1126/679 862/1123/669
f 865/1127/694 866/1128/695 782/1028/641 781/1027/640
f 847/1105/693 846/1104/664 866/1128/695 865/1127/694
f 867/1129/696 811/1059/668 813/1109/633 850/1108/632
f 867/1129/696 868/1130/697 808/1056/665 811/1059/668
f 865/1127/694 869/1131/698 852/1111/637 847/1105/693
f 781/1027/640 784/1030/643 869/1131/698 865/1127/694
f 870/1132/699 869/1131/698 784/1030/643 787/1033/646
f 854/1113/115 852/1111/637 869/1131/698 870/1132/699
f 856/1116/663 871/1133/700 866/1128/695 846/1117/664
f 782/1028/641 866/1128/695 871/1133/700 785/1031/644
f 789/1035/648 872/1134/701 859/1120/674 793/1039/652
f 792/1038/651 827/1077/681 872/1134/701 789/1035/648
f 785/1031/644 871/1133/700 872/1134/701 827/1077/681
f 856/1116/663 859/1120/674 872/1134/701 871/1133/700
f 772/1018/631 873/1135/702 874/1136/703 769/1015/628
f 779/1025/638 780/1026/639 874/1136/703 873/1135/702
f 868/1130/697 875/1137/704 876/1138/705 808/1056/665
f 787/1033/646 788/1034/647 876/1138/705 875/1137/704
f 877/1139/706 878/1140/707 795/1041/654 796/1042/91
f 826/1076/680 824/1074/678 878/1140/707 877/1139/706
f 879/1141/708 878/1140/707 824/1074/678 823/1073/677
f 797/1043/655 795/1041/654 878/1140/707 879/1141/708
f 880/1142/709 881/1143/710 804/1050/661 803/1049/27
f 880/1142/709 836/1089/687 838/1091/689 881/1143/710
f 837/1090/688 882/1144/711 881/1143/710 838/1091/689
f 805/1051/662 804/1050/661 881/1143/710 882/1144/711
f 788/1034/647 814/1062/25 883/1145/712 876/1138/705
f 876/1138/705 883/1145/712 809/1057/666 808/1056/665
f 873/1135/702 884/1146/713 816/1064/671 779/1025/638
f 772/1018/631 771/1017/630 884/1146/713 873/1135/702
f 836/1089/687 880/1142/709 884/1146/713 771/1017/630
f 816/1064/671 884/1146/713 880/1142/709 803/1049/27
f 879/1141/708 885/1147/714 829/1079/683 797/1043/655
f 823/1073/677 821/1071/675 885/1147/714 879/1141/708
f 809/1057/666 883/1145/712 885/1147/714 821/1071/675
f 814/1062/25 829/1079/683 885/1147/714 883/1145/712
f 830/1081/115 886/1148/715 874/1136/703 780/1026/639
f 874/1136/703 886/1148/715 773/1019/632 769/1015/628
f 805/1051/662 882/1144/711 887/1149/716 832/1083/685
f 882/1144/711 837/1090/688 840/1093/691 887/1149/716
f 843/1100/680 888/1150/706 887/1151/716 840/1101/691
f 887/1151/716 888/1150/706 833/1086/91 832/1085/685
f 889/1152/715 890/1153/715 853/1112/115 854/1113/115
f 850/1108/632 848/1106/632 890/1153/715 889/1152/715
f 886/1148/715 890/1153/715 848/1106/632 773/1019/632
f 830/1081/115 853/1112/115 890/1153/715 886/1148/715
f 888/1150/706 891/1154/706 861/1122/91 833/1086/91
f 843/1100/680 863/1125/680 891/1154/706 888/1150/706
f 877/1139/706 891/1154/706 863/1125/680 826/1076/680
f 796/1042/91 861/1122/91 891/1154/706 877/1139/706
f 875/1137/704 892/1155/717 870/1132/699 787/1033/646
f 868/1130/697 867/1129/696 892/1155/717 875/1137/704
f 889/1152/715 892/1155/717 867/1129/696 850/1108/632
f 854/1113/115 870/1132/699 892/1155/717 889/1152/715
f 893/1156/718 894/1157/719 895/1158/720 896/1159/721
f 897/1160/722 898/1161/723 899/1162/724 900/1163/725
f 899/1162/724 898/1161/723 901/1164/726 902/1165/727
f 903/1166/728 894/1157/719 904/1167/729 905/1168/715
f 906/1169/730 907/1170/731 908/1171/732 903/1166/728
f 909/1172/733 910/1173/734 911/1174/735 912/1175/736
f 913/1176/737 914/1177/738 915/1178/739 916/1179/740
f 917/1180/741 918/1181/742 914/1177/738 913/1176/737
f 919/1182/743 914/1177/738 918/1181/742 920/1183/744
f 921/1184/745 915/1178/739 914/1177/738 919/1182/743
f 922/1185/746 923/1186/747 924/1187/748 925/1188/749
f 923/1186/747 926/1189/750 927/1190/751 924/1187/748
f 928/1191/25 929/1192/752 924/1187/748 927/1190/751
f 929/1192/752 930/1193/753 925/1188/749 924/1187/748
f 931/1194/754 932/1195/755 893/1196/718 896/1197/721
f 933/1198/756 934/1199/727 935/1200/757 936/1201/758
f 937/1202/759 938/1203/760 911/1174/735 910/1173/734
f 908/1171/732 895/1158/720 894/1157/719 903/1166/728
f 895/1158/720 939/1204/761 940/1205/762 896/1159/721
f 939/1204/761 926/1189/750 941/1206/763 940/1205/762
f 942/1207/764 943/1208/765 944/1209/766 936/1201/758
f 943/1208/765 945/1210/767 946/1211/768 944/1209/766
f 947/1212/769 944/1209/766 946/1211/768 948/1213/770
f 933/1198/756 936/1201/758 944/1209/766 947/1212/769
f 949/1214/771 950/1215/772 910/1173/734 909/1172/733
f 951/1216/773 952/1217/774 950/1215/772 949/1214/771
f 953/1218/27 950/1215/772 952/1217/774 954/1219/27
f 937/1202/759 910/1173/734 950/1215/772 953/1218/27
f 904/1167/729 894/1157/719 893/1156/718 932/1220/755
f 955/1221/115 906/1169/730 903/1166/728 905/1168/715
f 956/1222/775 922/1185/746 925/1188/749 957/1223/776
f 930/1193/753 958/1224/777 957/1223/776 925/1188/749
f 957/1225/776 958/1226/777 959/1227/778 960/1228/779
f 961/1229/780 956/1230/775 962/1231/781 963/1232/782
f 963/1232/782 964/1233/783 941/1234/763 961/1229/780
f 965/1235/784 966/1236/785 967/1237/786 968/1238/787
f 969/1239/788 970/1240/789 968/1238/787 967/1237/786
f 971/1241/790 968/1242/787 970/1243/789 972/1244/791
f 960/1228/779 962/1231/781 956/1230/775 957/1225/776
f 973/1245/756 900/1246/725 899/1247/724 902/1248/727
f 974/1249/792 965/1250/784 968/1242/787 971/1241/790
f 975/1251/729 976/1252/793 977/1253/793 978/1254/729
f 904/1167/729 932/1220/755 976/1252/793 975/1251/729
f 979/1255/726 980/1256/727 902/1165/727 901/1164/726
f 981/1257/726 934/1258/727 980/1256/727 979/1255/726
f 975/1251/729 982/1259/715 905/1168/715 904/1167/729
f 978/1254/729 983/1260/715 982/1259/715 975/1251/729
f 984/1261/115 982/1259/715 983/1260/715 985/1262/115
f 955/1221/115 905/1168/715 982/1259/715 984/1261/115
f 931/1194/754 986/1263/794 976/1264/793 932/1195/755
f 976/1264/793 986/1263/794 987/1265/794 977/1266/793
f 962/1231/781 988/1267/795 989/1268/796 963/1232/782
f 917/1180/741 990/1269/797 989/1268/796 988/1267/795
f 991/1270/798 989/1268/796 990/1269/797 992/1271/799
f 964/1233/783 963/1232/782 989/1268/796 991/1270/798
f 988/1267/795 993/1272/800 918/1181/742 917/1180/741
f 962/1231/781 960/1228/779 993/1272/800 988/1267/795
f 994/1273/801 993/1272/800 960/1228/779 959/1227/778
f 920/1183/744 918/1181/742 993/1272/800 994/1273/801
f 933/1198/756 995/1274/756 980/1275/727 934/1199/727
f 980/1275/727 995/1274/756 973/1245/756 902/1248/727
f 996/1276/802 997/1277/803 998/1278/804 999/1279/805
f 974/1249/792 971/1241/790 998/1278/804 997/1277/803
f 972/1244/791 1000/1280/806 998/1278/804 971/1241/790
f 1000/1280/806 948/1213/770 999/1279/805 998/1278/804
f 978/1254/729 977/1253/793 1001/1281/807 912/1175/736
f 1002/1282/808 935/1200/757 934/1258/727 981/1257/726
f 935/1200/757 1002/1282/808 942/1207/764 936/1201/758
f 912/1175/736 911/1174/735 983/1260/715 978/1254/729
f 985/1262/115 983/1260/715 911/1174/735 938/1203/760
f 987/1265/794 1003/1283/809 1001/1281/807 977/1266/793
f 1001/1281/807 1003/1283/809 909/1172/733 912/1175/736
f 913/1176/737 1004/1284/810 990/1269/797 917/1180/741
f 913/1176/737 916/1179/740 1005/1285/811 1004/1284/810
f 951/1216/773 1006/1286/812 1004/1284/810 1005/1285/811
f 992/1271/799 990/1269/797 1004/1284/810 1006/1286/812
f 898/1161/723 897/1160/722 1007/1287/813 1008/1288/814
f 1008/1288/814 1007/1287/813 907/1170/731 906/1169/730
f 1009/1289/815 1010/1290/816 919/1182/743 920/1183/744
f 996/1276/802 1011/1291/817 1010/1290/816 1009/1289/815
f 1012/1292/818 1010/1290/816 1011/1291/817 1013/1293/819
f 921/1184/745 919/1182/743 1010/1290/816 1012/1292/818
f 907/1170/731 1007/1287/813 1014/1294/820 1015/1295/25
f 1007/1287/813 897/1160/722 1016/1296/821 1014/1294/820
f 969/1239/788 1017/1297/822 1014/1294/820 1016/1296/821
f 1017/1297/822 928/1191/25 1015/1295/25 1014/1294/820
f 937/1202/759 1018/1298/823 1019/1299/824 938/1203/760
f 1018/1298/823 942/1207/764 1002/1282/808 1019/1299/824
f 1012/1292/818 1020/1300/825 1021/1301/826 921/1184/745
f 1013/1293/819 1022/1302/827 1020/1300/825 1012/1292/818
f 1023/1303/828 1020/1300/825 1022/1302/827 945/1210/767
f 954/1219/27 1021/1301/826 1020/1300/825 1023/1303/828
f 955/1221/115 1024/1304/637 1008/1288/814 906/1169/730
f 1008/1288/814 1024/1304/637 901/1164/726 898/1161/723
f 930/1193/753 1025/1305/829 1026/1306/830 958/1224/777
f 1025/1305/829 966/1236/785 965/1235/784 1026/1306/830
f 965/1250/784 974/1249/792 1027/1307/831 1026/1308/830
f 1026/1308/830 1027/1307/831 959/1227/778 958/1226/777
f 1028/1309/637 1029/1310/637 984/1261/115 985/1262/115
f 981/1257/726 979/1255/726 1029/1310/637 1028/1309/637
f 1024/1304/637 1029/1310/637 979/1255/726 901/1164/726
f 955/1221/115 984/1261/115 1029/1310/637 1024/1304/637
f 1027/1307/831 1030/1311/832 994/1273/801 959/1227/778
f 974/1249/792 997/1277/803 1030/1311/832 1027/1307/831
f 1009/1289/815 1030/1311/832 997/1277/803 996/1276/802
f 920/1183/744 994/1273/801 1030/1311/832 1009/1289/815
f 1028/1309/637 1019/1299/824 1002/1282/808 981/1257/726
f 985/1262/115 938/1203/760 1019/1299/824 1028/1309/637
f 926/1189/750 939/1204/761 1031/1312/833 927/1190/751
f 939/1204/761 895/1158/720 908/1171/732 1031/1312/833
f 907/1170/731 1015/1295/25 1031/1312/833 908/1171/732
f 1015/1295/25 928/1191/25 927/1190/751 1031/1312/833
f 926/1189/750 923/1186/747 961/1313/780 941/1206/763
f 923/1186/747 922/1185/746 956/1222/775 961/1313/780
f 945/1210/767 1022/1302/827 1032/1314/834 946/1211/768
f 1022/1302/827 1013/1293/819 1011/1291/817 1032/1314/834
f 999/1279/805 1032/1314/834 1011/1291/817 996/1276/802
f 948/1213/770 946/1211/768 1032/1314/834 999/1279/805
f 1005/1285/811 1033/1315/835 952/1217/774 951/1216/773
f 916/1179/740 915/1178/739 1033/1315/835 1005/1285/811
f 1021/1301/826 1033/1315/835 915/1178/739 921/1184/745
f 954/1219/27 952/1217/774 1033/1315/835 1021/1301/826
f 964/1233/783 1034/1316/836 940/1317/762 941/1234/763
f 940/1317/762 1034/1316/836 931/1194/754 896/1197/721
f 1016/1296/821 1035/1318/837 970/1240/789 969/1239/788
f 897/1160/722 900/1163/725 1035/1318/837 1016/1296/821
f 973/1245/756 1036/1319/838 1035/1320/837 900/1246/725
f 1035/1320/837 1036/1319/838 972/1244/791 970/1243/789
f 992/1271/799 1037/1321/839 1038/1322/840 991/1270/798
f 987/1265/794 986/1263/794 1038/1322/840 1037/1321/839
f 1034/1316/836 1038/1322/840 986/1263/794 931/1194/754
f 1034/1316/836 964/1233/783 991/1270/798 1038/1322/840
f 1036/1319/838 1039/1323/841 1000/1280/806 972/1244/791
f 973/1245/756 995/1274/756 1039/1323/841 1036/1319/838
f 947/1212/769 1039/1323/841 995/1274/756 933/1198/756
f 948/1213/770 1000/1280/806 1039/1323/841 947/1212/769
f 949/1214/771 1040/1324/842 1006/1286/812 951/1216/773
f 909/1172/733 1003/1283/809 1040/1324/842 949/1214/771
f 1037/1321/839 1040/1324/842 1003/1283/809 987/1265/794
f 1037/1321/839 992/1271/799 1006/1286/812 1040/1324/842
f 967/1237/786 1041/1325/843 1017/1297/822 969/1239/788
f 966/1236/785 1025/1305/829 1041/1325/843 967/1237/786
f 929/1192/752 1041/1325/843 1025/1305/829 930/1193/753
f 928/1191/25 1017/1297/822 1041/1325/843 929/1192/752
f 945/1210/767 943/1208/765 1042/1326/844 1023/1303/828
f 943/1208/765 942/1207/764 1018/1298/823 1042/1326/844
f 937/1202/759 953/1218/27 1042/1326/844 1018/1298/823
f 953/1218/27 954/1219/27 1023/1303/828 1042/1326/844
f 1043/1327/845 1044/1328/846 1045/1329/847 1046/1330/848
f 1046/1330/848 1045/1329/847 1047/1331/849 1048/1332/850
f 1049/1333/851 1050/1334/852 1051/1335/853 1052/1336/854
f 1053/1337/855 1054/1338/856 1044/1328/846 1043/1327/845
f 1055/1339/857 1056/1340/858 1054/1338/856 1053/1337/855
f 1057/1341/859 1058/1342/860 1059/1343/861 1060/1344/862
f 1061/1345/863 1059/1343/861 1058/1342/860 1062/1346/864
f 1063/1347/865 1060/1344/862 1059/1343/861 1064/1348/866
f 1065/1349/867 1066/1350/868 1067/1351/869 1068/1352/870
f 1069/1353/871 1070/1354/872 1066/1350/868 1065/1349/867
f 1071/1355/873 1066/1350/868 1070/1354/872 1072/1356/874
f 1073/1357/875 1067/1351/869 1066/1350/868 1071/1355/873
f 1074/1358/876 1075/1359/877 1076/1360/878 1077/1361/879
f 1075/1359/877 1078/1362/880 1079/1363/881 1076/1360/878
f 1080/1364/27 1081/1365/882 1076/1360/878 1079/1363/881
f 1081/1365/882 1082/1366/883 1077/1361/879 1076/1360/878
f 1083/1367/884 1084/1368/885 1085/1369/886 1086/1370/887
f 1087/1371/888 1088/1372/889 1085/1369/886 1084/1368/885
f 1089/1373/25 1064/1348/866 1059/1343/861 1061/1345/863
f 1044/1328/846 1054/1338/856 1090/1374/890 1045/1329/847
f 1091/1375/891 1090/1374/890 1054/1338/856 1056/1340/858
f 1090/1374/890 1091/1375/891 1092/1376/27 1093/1377/709
f 1093/1377/709 1047/1331/849 1045/1329/847 1090/1374/890
f 1048/1332/850 1047/1331/849 1094/1378/892 1095/1379/893
f 1096/1380/894 1095/1379/893 1094/1378/892 1078/1362/880
f 1097/1381/895 1098/1382/896 1084/1368/885 1083/1367/884
f 1097/1381/895 1099/1383/897 1100/1384/898 1098/1382/896
f 1101/1385/899 1098/1382/896 1100/1384/898 1102/1386/900
f 1087/1371/888 1084/1368/885 1098/1382/896 1101/1385/899
f 1103/1387/901 1104/1388/902 1061/1345/863 1062/1346/864
f 1105/1389/903 1106/1390/904 1104/1388/902 1103/1387/901
f 1107/1391/25 1104/1388/902 1106/1390/904 1108/1392/25
f 1089/1373/25 1061/1345/863 1104/1388/902 1107/1391/25
f 1109/1393/905 1043/1327/845 1046/1330/848 1110/1394/906
f 1052/1336/854 1051/1335/853 1111/1395/907 1112/1396/889
f 1053/1337/855 1043/1327/845 1109/1393/905 1113/1397/908
f 1114/1398/91 1055/1339/857 1053/1337/855 1113/1397/908
f 1077/1361/879 1115/1399/909 1116/1400/910 1074/1358/876
f 1082/1366/883 1117/1401/911 1115/1399/909 1077/1361/879
f 1048/1402/850 1118/1403/912 1110/1404/906 1046/1405/848
f 1052/1336/854 1119/1406/913 1120/1407/914 1049/1333/851
f 1121/1408/915 1116/1409/910 1122/1410/916 1123/1411/917
f 1124/1412/918 1096/1413/894 1121/1408/915 1123/1411/917
f 1125/1414/919 1126/1415/920 1127/1416/921 1128/1417/922
f 1129/1418/923 1130/1419/924 1126/1415/920 1125/1414/919
f 1131/1420/925 1122/1410/916 1116/1409/910 1115/1421/909
f 1117/1422/911 1132/1423/115 1131/1420/925 1115/1421/909
f 1133/1424/888 1119/1425/913 1052/1426/854 1112/1427/889
f 1134/1428/926 1135/1429/927 1127/1430/921 1126/1431/920
f 1130/1432/924 1136/1433/900 1134/1428/926 1126/1431/920
f 1137/1434/905 1138/1435/906 1139/1436/906 1140/1437/905
f 1109/1393/905 1110/1394/906 1138/1435/906 1137/1434/905
f 1141/1438/907 1142/1439/889 1112/1396/889 1111/1395/907
f 1143/1440/907 1088/1441/889 1142/1439/889 1141/1438/907
f 1137/1434/905 1144/1442/908 1113/1397/908 1109/1393/905
f 1140/1437/905 1145/1443/908 1144/1442/908 1137/1434/905
f 1146/1444/91 1144/1442/908 1145/1443/908 1147/1445/91
f 1114/1398/91 1113/1397/908 1144/1442/908 1146/1444/91
f 1118/1403/912 1148/1446/912 1138/1447/906 1110/1404/906
f 1138/1447/906 1148/1446/912 1149/1448/912 1139/1449/906
f 1150/1450/928 1151/1451/917 1123/1411/917 1122/1410/916
f 1069/1353/871 1152/1452/929 1151/1451/917 1150/1450/928
f 1153/1453/918 1151/1451/917 1152/1452/929 1154/1454/918
f 1124/1412/918 1123/1411/917 1151/1451/917 1153/1453/918
f 1150/1450/928 1155/1455/930 1070/1354/872 1069/1353/871
f 1122/1410/916 1131/1420/925 1155/1455/930 1150/1450/928
f 1156/1456/931 1155/1455/930 1131/1420/925 1132/1423/115
f 1072/1356/874 1070/1354/872 1155/1455/930 1156/1456/931
f 1087/1371/888 1157/1457/888 1142/1458/889 1088/1372/889
f 1142/1458/889 1157/1457/888 1133/1424/888 1112/1427/889
f 1158/1459/932 1159/1460/933 1160/1461/934 1161/1462/935
f 1135/1429/927 1134/1428/926 1159/1460/933 1158/1459/932
f 1162/1463/900 1159/1460/933 1134/1428/926 1136/1433/900
f 1102/1386/900 1160/1461/934 1159/1460/933 1162/1463/900
f 1163/1464/936 1164/1465/937 1058/1342/860 1057/1341/859
f 1140/1437/905 1139/1436/906 1164/1465/937 1163/1464/936
f 1165/1466/938 1085/1369/886 1088/1441/889 1143/1440/907
f 1165/1466/938 1166/1467/939 1086/1370/887 1085/1369/886
f 1163/1464/936 1167/1468/940 1145/1443/908 1140/1437/905
f 1057/1341/859 1060/1344/862 1167/1468/940 1163/1464/936
f 1168/1469/941 1167/1468/940 1060/1344/862 1063/1347/865
f 1147/1445/91 1145/1443/908 1167/1468/940 1168/1469/941
f 1149/1448/912 1169/1470/942 1164/1465/937 1139/1449/906
f 1164/1465/937 1169/1470/942 1062/1346/864 1058/1342/860
f 1065/1349/867 1170/1471/943 1152/1452/929 1069/1353/871
f 1065/1349/867 1068/1352/870 1171/1472/944 1170/1471/943
f 1105/1389/903 1172/1473/945 1170/1471/943 1171/1472/944
f 1154/1454/918 1152/1452/929 1170/1471/943 1172/1473/945
f 1056/1340/858 1055/1339/857 1173/1474/946 1174/1475/947
f 1173/1474/946 1051/1335/853 1050/1334/852 1174/1475/947
f 1166/1467/939 1175/1476/948 1176/1477/949 1086/1370/887
f 1063/1347/865 1064/1348/866 1176/1477/949 1175/1476/948
f 1177/1478/950 1178/1479/951 1071/1355/873 1072/1356/874
f 1161/1462/935 1179/1480/952 1178/1479/951 1177/1478/950
f 1180/1481/953 1178/1479/951 1179/1480/952 1181/1482/954
f 1073/1357/875 1071/1355/873 1178/1479/951 1180/1481/953
f 1092/1376/27 1182/1483/660 1183/1484/660 1184/1485/27
f 1182/1483/660 1120/1407/914 1185/1486/955 1183/1484/660
f 1129/1418/923 1186/1487/956 1183/1484/660 1185/1486/955
f 1186/1487/956 1080/1364/27 1184/1485/27 1183/1484/660
f 1089/1373/25 1187/1488/957 1176/1477/949 1064/1348/866
f 1086/1370/887 1176/1477/949 1187/1488/957 1083/1367/884
f 1174/1475/947 1188/1489/958 1091/1375/891 1056/1340/858
f 1050/1334/852 1049/1333/851 1188/1489/958 1174/1475/947
f 1049/1333/851 1120/1407/914 1182/1483/660 1188/1489/958
f 1188/1489/958 1182/1483/660 1092/1376/27 1091/1375/891
f 1180/1481/953 1189/1490/959 1190/1491/960 1073/1357/875
f 1181/1482/954 1191/1492/961 1189/1490/959 1180/1481/953
f 1192/1493/962 1189/1490/959 1191/1492/961 1099/1383/897
f 1108/1392/25 1190/1491/960 1189/1490/959 1192/1493/962
f 1055/1339/857 1114/1398/91 1193/1494/963 1173/1474/946
f 1193/1494/963 1111/1395/907 1051/1335/853 1173/1474/946
f 1194/1495/964 1117/1401/911 1082/1366/883 1195/1496/965
f 1195/1496/965 1128/1417/922 1127/1416/921 1194/1495/964
f 1132/1423/115 1117/1422/911 1194/1497/964 1196/1498/966
f 1194/1497/964 1127/1430/921 1135/1429/927 1196/1498/966
f 1197/1499/963 1198/1500/963 1146/1444/91 1147/1445/91
f 1143/1440/907 1141/1438/907 1198/1500/963 1197/1499/963
f 1193/1494/963 1198/1500/963 1141/1438/907 1111/1395/907
f 1114/1398/91 1146/1444/91 1198/1500/963 1193/1494/963
f 1196/1498/966 1199/1501/967 1156/1456/931 1132/1423/115
f 1135/1429/927 1158/1459/932 1199/1501/967 1196/1498/966
f 1177/1478/950 1199/1501/967 1158/1459/932 1161/1462/935
f 1072/1356/874 1156/1456/931 1199/1501/967 1177/1478/950
f 1175/1476/948 1200/1502/968 1168/1469/941 1063/1347/865
f 1166/1467/939 1165/1466/938 1200/1502/968 1175/1476/948
f 1197/1499/963 1200/1502/968 1165/1466/938 1143/1440/907
f 1147/1445/91 1168/1469/941 1200/1502/968 1197/1499/963
f 1078/1362/880 1094/1378/892 1201/1503/709 1079/1363/881
f 1094/1378/892 1047/1331/849 1093/1377/709 1201/1503/709
f 1092/1376/27 1184/1485/27 1201/1503/709 1093/1377/709
f 1184/1485/27 1080/1364/27 1079/1363/881 1201/1503/709
f 1121/1504/915 1096/1380/894 1078/1362/880 1075/1359/877
f 1075/1359/877 1074/1358/876 1116/1400/910 1121/1504/915
f 1099/1383/897 1191/1492/961 1202/1505/969 1100/1384/898
f 1191/1492/961 1181/1482/954 1179/1480/952 1202/1505/969
f 1160/1461/934 1202/1505/969 1179/1480/952 1161/1462/935
f 1102/1386/900 1100/1384/898 1202/1505/969 1160/1461/934
f 1171/1472/944 1203/1506/970 1106/1390/904 1105/1389/903
f 1068/1352/870 1067/1351/869 1203/1506/970 1171/1472/944
f 1190/1491/960 1203/1506/970 1067/1351/869 1073/1357/875
f 1108/1392/25 1106/1390/904 1203/1506/970 1190/1491/960
f 1096/1413/894 1124/1412/918 1204/1507/971 1095/1508/893
f 1204/1507/971 1118/1403/912 1048/1402/850 1095/1508/893
f 1130/1419/924 1129/1418/923 1185/1486/955 1205/1509/972
f 1185/1486/955 1120/1407/914 1119/1406/913 1205/1509/972
f 1136/1433/900 1130/1432/924 1205/1510/972 1206/1511/899
f 1205/1510/972 1119/1425/913 1133/1424/888 1206/1511/899
f 1207/1512/971 1208/1513/971 1153/1453/918 1154/1454/918
f 1149/1448/912 1148/1446/912 1208/1513/971 1207/1512/971
f 1204/1507/971 1208/1513/971 1148/1446/912 1118/1403/912
f 1124/1412/918 1153/1453/918 1208/1513/971 1204/1507/971
f 1206/1511/899 1209/1514/899 1162/1463/900 1136/1433/900
f 1133/1424/888 1157/1457/888 1209/1514/899 1206/1511/899
f 1101/1385/899 1209/1514/899 1157/1457/888 1087/1371/888
f 1102/1386/900 1162/1463/900 1209/1514/899 1101/1385/899
f 1103/1387/901 1210/1515/973 1172/1473/945 1105/1389/903
f 1062/1346/864 1169/1470/942 1210/1515/973 1103/1387/901
f 1207/1512/971 1210/1515/973 1169/1470/942 1149/1448/912
f 1154/1454/918 1172/1473/945 1210/1515/973 1207/1512/971
f 1125/1414/919 1211/1516/974 1186/1487/956 1129/1418/923
f 1128/1417/922 1195/1496/965 1211/1516/974 1125/1414/919
f 1081/1365/882 1211/1516/974 1195/1496/965 1082/1366/883
f 1080/1364/27 1186/1487/956 1211/1516/974 1081/1365/882
f 1099/1383/897 1097/1381/895 1212/1517/975 1192/1493/962
f 1097/1381/895 1083/1367/884 1187/1488/957 1212/1517/975
f 1089/1373/25 1107/1391/25 1212/1517/975 1187/1488/957
f 1107/1391/25 1108/1392/25 1192/1493/962 1212/1517/975
f 1213/1518/57 1214/1519/57 1215/1520/57 1216/1521/57
f 1217/1522/5 1218/1523/5 1219/1524/5 1220/1525/5
f 1221/1526/976 1222/1527/976 1223/1528/976 1224/1529/976
f 1225/1530/25 1226/1531/25 1227/1532/25 1228/1533/25
f 1229/1534/91 1230/1535/977 1231/1536/91 1232/1537/91
f 1221/1526/27 1224/1529/27 1233/1538/27 1234/1539/27
f 1235/1540/115 1236/1541/115 1237/1542/115 1238/1543/115
f 1229/1534/91 1234/1539/91 1233/1538/91 1230/1535/977
f 1239/1544/57 1216/1521/57 1240/1545/57 1241/1546/57
f 1228/1533/25 1227/1532/25 1236/1541/25 1235/1540/25
f 1242/1547/5 1243/1548/5 1244/1549/5 1245/1550/5
f 1223/1528/27 1222/1527/27 1246/1551/27 1247/1552/27
f 1248/1553/978 1249/1554/979 1250/1555/91 1251/1556/91
f 1252/1557/91 1253/1558/91 1254/1559/91 1255/1560/91
f 1249/1554/5 1217/1561/5 1256/1562/5 1250/1555/5
f 1251/1563/980 1257/1564/980 1226/1565/980 1231/1566/980
f 1258/1567/57 1259/1568/57 1260/1569/57 1261/1570/57
f 1231/1536/91 1226/1531/91 1225/1530/91 1232/1537/91
f 1240/1545/57 1261/1571/57 1260/1572/57 1262/1573/57
f 1263/1574/5 1256/1575/5 1244/1549/5 1243/1548/5
f 1237/1542/115 1247/1576/115 1246/1577/115 1238/1543/115
f 1241/1546/57 1240/1545/57 1262/1573/57 1264/1578/57
f 1245/1550/5 1244/1549/5 1220/1525/5 1265/1579/5
f 1266/1580/91 1267/1581/91 1268/1582/91 1269/1583/91
f 1270/1584/91 1271/1585/91 1272/1586/91 1258/1567/91
f 1250/1555/5 1256/1562/5 1263/1587/5 1273/1588/5
f 1231/1566/980 1230/1589/980 1248/1590/980 1251/1563/980
f 1270/1584/57 1258/1567/57 1261/1570/57 1215/1591/57
f 1272/1592/981 1232/1593/981 1225/1594/981 1274/1595/981
f 1274/1596/982 1259/1568/982 1253/1558/982 1252/1557/982
f 1254/1559/57 1253/1558/57 1259/1568/57 1258/1567/57
f 1258/1567/983 1272/1586/983 1255/1560/983 1254/1559/983
f 1255/1560/5 1272/1592/5 1274/1595/5 1252/1557/5
f 1273/1588/982 1257/1597/982 1267/1581/982 1266/1580/982
f 1268/1582/57 1267/1581/57 1257/1564/57 1251/1563/57
f 1251/1556/983 1250/1555/983 1269/1583/983 1268/1582/983
f 1269/1583/5 1250/1555/5 1273/1588/5 1266/1580/5
f 1216/1521/57 1215/1520/57 1261/1571/57 1240/1545/57
f 1256/1575/5 1217/1522/5 1220/1525/5 1244/1549/5
f 1274/1596/25 1225/1598/25 1260/1569/25 1259/1568/25
f 1257/1597/25 1273/1588/25 1263/1587/25 1226/1599/25
f 1227/1532/25 1226/1531/25 1263/1574/25 1243/1600/25
f 1221/1526/27 1234/1539/27 1214/1519/27 1213/1601/27
f 1236/1541/115 1242/1602/115 1245/1603/115 1237/1542/115
f 1227/1532/25 1243/1600/25 1242/1602/25 1236/1541/25
f 1228/1533/25 1235/1540/25 1264/1604/25 1262/1605/25
f 1222/1527/27 1216/1606/27 1239/1607/27 1246/1551/27
f 1223/1528/27 1247/1552/27 1265/1608/27 1220/1609/27
f 1237/1542/115 1245/1603/115 1265/1610/115 1247/1576/115
f 1238/1543/115 1241/1611/115 1264/1604/115 1235/1540/115
f 1222/1527/976 1221/1526/976 1213/1601/976 1216/1606/976
f 1224/1529/976 1223/1528/976 1220/1609/976 1219/1612/976
f 1234/1539/91 1229/1534/91 1215/1520/91 1214/1519/91
f 1225/1530/25 1228/1533/25 1262/1605/25 1260/1572/25
f 1233/1538/27 1224/1529/27 1219/1612/27 1218/1523/27
f 1246/1577/115 1239/1613/115 1241/1611/115 1238/1543/115
f 1232/1593/981 1272/1592/981 1271/1614/981 1229/1615/981
f 1248/1553/978 1230/1616/977 1217/1561/979 1249/1554/979
f 1215/1591/984 1229/1617/984 1271/1585/984 1270/1584/984
f 1230/1535/977 1233/1538/91 1218/1523/91 1217/1522/979
f 1275/1618/57 1276/1619/57 1277/1620/57 1278/1621/57
f 1279/1622/115 1280/1623/115 1281/1624/115 1282/1625/115
f 1283/1626/25 1284/1627/25 1285/1628/25 1286/1629/25
f 1287/1630/27 1282/1631/27 1281/1632/27 1288/1633/27
f 1289/1634/25 1290/1635/25 1291/1636/25 1286/1629/25
f 1292/1637/25 1293/1638/25 1294/1639/25 1283/1640/25
f 1295/1641/27 1296/1642/27 1287/1630/27 1297/1643/27
f 1298/1644/985 1297/1645/985 1299/1646/985 1300/1647/985
f 1301/1648/57 1302/1649/57 1303/1650/57 1304/1651/57
f 1304/1651/986 1303/1650/986 1305/1652/986 1306/1653/986
f 1307/1654/987 1306/1653/987 1305/1652/987 1298/1655/987
f 1279/1622/115 1308/1656/115 1309/1657/115 1310/1658/115
f 1308/1656/57 1311/1659/57 1312/1660/57 1309/1657/57
f 1313/1661/57 1314/1662/57 1315/1663/57 1316/1664/57
f 1317/1665/988 1318/1666/988 1315/1663/988 1314/1662/988
f 1318/1666/989 1317/1665/989 1319/1667/989 1320/1668/989
f 1321/1669/115 1322/1670/115 1323/1671/115 1324/1672/115
f 1325/1673/115 1323/1671/115 1322/1670/115 1326/1674/115
f 1327/1675/57 1328/1676/57 1313/1677/57 1316/1678/57
f 1313/1661/57 1301/1648/57 1304/1651/57 1314/1662/57
f 1306/1653/990 1317/1665/990 1314/1662/990 1304/1651/990
f 1306/1653/991 1307/1654/991 1319/1667/991 1317/1665/991
f 1329/1679/115 1310/1658/115 1322/1670/115 1321/1669/115
f 1326/1674/115 1322/1670/115 1310/1658/115 1309/1657/115
f 1328/1676/57 1312/1660/57 1301/1680/57 1313/1677/57
f 1316/1664/57 1315/1663/57 1293/1638/57 1292/1637/57
f 1294/1639/992 1293/1638/992 1315/1663/992 1318/1666/992
f 1294/1639/5 1318/1666/5 1320/1668/5 1283/1640/5
f 1323/1671/115 1289/1634/115 1330/1681/115 1324/1672/115
f 1290/1635/115 1289/1634/115 1323/1671/115 1325/1673/115
f 1291/1636/57 1327/1675/57 1316/1678/57 1292/1682/57
f 1302/1683/57 1311/1659/57 1296/1642/57 1295/1641/57
f 1283/1626/25 1286/1629/25 1291/1636/25 1292/1682/25
f 1282/1631/27 1287/1630/27 1296/1642/27 1331/1684/27
f 1312/1660/57 1311/1659/57 1302/1683/57 1301/1680/57
f 1327/1675/57 1325/1673/57 1326/1674/57 1328/1676/57
f 1328/1676/57 1326/1674/57 1309/1657/57 1312/1660/57
f 1291/1636/57 1290/1635/57 1325/1673/57 1327/1675/57
f 1332/1685/27 1295/1686/27 1297/1687/27 1333/1688/27
f 1298/1655/5 1305/1652/5 1333/1688/5 1297/1687/5
f 1302/1649/57 1295/1686/57 1332/1685/57 1303/1650/57
f 1332/1685/993 1333/1688/993 1305/1652/993 1303/1650/993
f 1275/1618/27 1331/1689/27 1296/1690/27 1276/1619/27
f 1276/1619/994 1296/1690/994 1311/1691/994 1277/1620/994
f 1277/1620/25 1311/1691/25 1308/1692/25 1278/1621/25
f 1308/1692/115 1331/1689/115 1275/1618/115 1278/1621/115
f 1279/1622/115 1282/1625/115 1331/1693/115 1308/1656/115
f 1300/1647/995 1334/1694/995 1307/1695/995 1298/1644/995
f 1310/1658/115 1329/1679/115 1280/1623/115 1279/1622/115
f 1335/1696/996 1336/1697/996 1320/1698/996 1319/1699/996
f 1334/1694/997 1335/1696/997 1319/1699/997 1307/1695/997
f 1284/1627/998 1283/1626/998 1320/1698/998 1336/1697/998
f 1288/1633/27 1299/1700/27 1297/1643/27 1287/1630/27
f 1330/1681/25 1289/1634/25 1286/1629/25 1285/1628/25
f 1337/1701/5 1338/1702/5 1339/1703/5 1340/1704/5
f 1281/1624/115 1280/1623/115 1341/1705/115 1342/1706/115
f 1285/1628/25 1284/1627/25 1343/1707/25 1344/1708/25
f 1345/1709/27 1288/1633/27 1281/1632/27 1342/1710/27
f 1346/1711/25 1344/1708/25 1347/1712/25 1348/1713/25
f 1349/1714/25 1350/1715/25 1351/1716/25 1343/1717/25
f 1352/1718/27 1353/1719/27 1345/1709/27 1354/1720/27
f 1299/1646/985 1353/1721/985 1355/1722/985 1300/1647/985
f 1356/1723/5 1357/1724/5 1358/1725/5 1359/1726/5
f 1357/1724/986 1360/1727/986 1361/1728/986 1358/1725/986
f 1362/1729/999 1355/1730/999 1361/1728/999 1360/1727/999
f 1363/1731/115 1364/1732/115 1341/1705/115 1365/1733/115
f 1366/1734/5 1367/1735/5 1364/1732/5 1363/1731/5
f 1368/1736/5 1369/1737/5 1370/1738/5 1371/1739/5
f 1372/1740/988 1369/1737/988 1368/1736/988 1373/1741/988
f 1373/1741/1000 1374/1742/1000 1375/1743/1000 1372/1740/1000
f 1321/1669/115 1324/1672/115 1376/1744/115 1377/1745/115
f 1377/1745/115 1376/1744/115 1378/1746/115 1379/1747/115
f 1380/1748/5 1371/1749/5 1370/1750/5 1381/1751/5
f 1370/1738/5 1369/1737/5 1357/1724/5 1356/1723/5
f 1360/1727/990 1357/1724/990 1369/1737/990 1372/1740/990
f 1360/1727/1001 1372/1740/1001 1375/1743/1001 1362/1729/1001
f 1377/1745/115 1365/1733/115 1329/1679/115 1321/1669/115
f 1365/1733/115 1377/1745/115 1379/1747/115 1363/1731/115
f 1381/1751/5 1370/1750/5 1356/1752/5 1366/1734/5
f 1350/1715/5 1368/1736/5 1371/1739/5 1351/1716/5
f 1368/1736/992 1350/1715/992 1349/1714/992 1373/1741/992
f 1349/1714/57 1343/1717/57 1374/1742/57 1373/1741/57
f 1330/1681/115 1346/1711/115 1376/1744/115 1324/1672/115
f 1376/1744/115 1346/1711/115 1348/1713/115 1378/1746/115
f 1347/1712/5 1351/1753/5 1371/1749/5 1380/1748/5
f 1359/1754/5 1352/1755/5 1354/1756/5 1367/1735/5
f 1347/1712/25 1344/1708/25 1343/1707/25 1351/1753/25
f 1354/1720/27 1345/1709/27 1342/1710/27 1382/1757/27
f 1366/1734/5 1356/1752/5 1359/1754/5 1367/1735/5
f 1379/1747/5 1378/1746/5 1380/1748/5 1381/1751/5
f 1363/1731/5 1379/1747/5 1381/1751/5 1366/1734/5
f 1378/1746/5 1348/1713/5 1347/1712/5 1380/1748/5
f 1353/1758/27 1352/1759/27 1383/1760/27 1384/1761/27
f 1384/1761/57 1361/1728/57 1355/1730/57 1353/1758/57
f 1383/1760/5 1352/1759/5 1359/1726/5 1358/1725/5
f 1361/1728/993 1384/1761/993 1383/1760/993 1358/1725/993
f 1354/1762/27 1382/1763/27 1339/1703/27 1338/1702/27
f 1367/1764/994 1354/1762/994 1338/1702/994 1337/1701/994
f 1364/1765/25 1367/1764/25 1337/1701/25 1340/1704/25
f 1339/1703/115 1382/1763/115 1364/1765/115 1340/1704/115
f 1382/1766/115 1342/1706/115 1341/1705/115 1364/1732/115
f 1300/1647/995 1355/1722/995 1362/1767/995 1334/1694/995
f 1365/1733/115 1341/1705/115 1280/1623/115 1329/1679/115
f 1335/1696/996 1375/1768/996 1374/1769/996 1336/1697/996
f 1334/1694/997 1362/1767/997 1375/1768/997 1335/1696/997
f 1374/1769/998 1343/1707/998 1284/1627/998 1336/1697/998
f 1288/1633/27 1345/1709/27 1353/1719/27 1299/1700/27
f 1330/1681/25 1285/1628/25 1344/1708/25 1346/1711/25
f 1385/1770/57 1386/1771/57 1387/1772/57 1388/1773/57
f 1389/1774/5 1390/1775/5 1391/1776/5 1392/1777/5
f 1393/1778/115 1394/1779/115 1395/1780/115 1396/1781/115
f 1397/1782/25 1398/1783/25 1399/1784/25 1400/1785/25
f 1398/1786/1002 1401/1787/1003 1402/1788/1004 1399/1789/1005
f 1403/1790/27 1404/1791/27 1405/1792/27 1406/1793/27
f 1407/1794/1006 1408/1795/1006 1409/1796/1006 1410/1797/1006
f 1411/1798/1007 1412/1799/1007 1413/1800/1007 1414/1801/1007
f 1397/1782/1008 1400/1785/1008 1415/1802/1008 1416/1803/1008
f 1417/1804/91 1418/1805/91 1419/1806/91 1420/1807/91
f 1421/1808/115 1422/1809/115 1423/1810/115 1424/1811/115
f 1425/1812/115 1426/1813/115 1427/1814/115 1428/1815/115
f 1429/1816/91 1430/1817/91 1431/1818/91 1432/1819/91
f 1433/1820/27 1389/1774/27 1434/1821/27 1435/1822/27
f 1389/1774/5 1392/1777/5 1436/1777/5 1434/1821/5
f 1414/1823/25 1437/1824/25 1436/1825/25 1392/1826/25
f 1407/1827/25 1387/1828/25 1438/1829/25 1439/1830/25
f 1387/1772/57 1386/1771/57 1440/1831/57 1438/1832/57
f 1386/1771/27 1441/1833/27 1442/1834/27 1440/1831/27
f 1443/1835/27 1404/1791/27 1444/1836/27 1445/1837/27
f 1446/1838/27 1385/1770/27 1447/1839/27 1448/1840/27
f 1385/1770/57 1388/1773/57 1449/1841/57 1447/1839/57
f 1388/1842/25 1410/1843/25 1450/1844/25 1449/1845/25
f 1416/1846/25 1415/1847/25 1451/1848/25 1452/1849/25
f 1411/1850/25 1391/1851/25 1453/1852/25 1454/1853/25
f 1391/1776/5 1390/1775/5 1455/1854/5 1453/1855/5
f 1456/1856/27 1457/1857/27 1455/1854/27 1390/1775/27
f 1458/1858/115 1425/1812/115 1428/1815/115 1459/1859/115
f 1396/1781/115 1421/1808/115 1424/1811/115 1393/1778/115
f 1460/1860/25 1413/1861/25 1412/1799/25 1461/1862/25
f 1398/1783/25 1397/1782/25 1409/1796/25 1408/1863/25
f 1462/1864/1009 1414/1865/1010 1413/1866/1011 1460/1867/1012
f 1433/1820/27 1463/1868/27 1443/1835/27 1456/1856/27
f 1403/1790/27 1406/1793/27 1441/1833/27 1446/1838/27
f 1416/1803/1008 1410/1797/1008 1409/1796/1008 1397/1782/1008
f 1464/1869/91 1429/1816/91 1432/1819/91 1465/1870/91
f 1466/1871/91 1417/1804/91 1420/1807/91 1467/1872/91
f 1463/1868/27 1433/1820/27 1435/1822/27 1468/1873/27
f 1401/1874/25 1407/1827/25 1439/1830/25 1469/1875/25
f 1470/1876/1013 1465/1877/1013 1432/1878/1013 1437/1824/1013
f 1403/1790/27 1446/1838/27 1448/1840/27 1471/1879/27
f 1459/1859/27 1428/1815/27 1472/1880/27 1473/1837/27
f 1474/1881/25 1411/1850/25 1454/1853/25 1475/1882/25
f 1393/1778/25 1424/1811/25 1476/1883/25 1477/1778/25
f 1478/1884/1014 1467/1872/1014 1479/1885/1015 1480/1886/1016
f 1406/1793/1017 1405/1792/1018 1481/1887/1018 1482/1888/1017
f 1463/1868/57 1468/1873/1019 1483/1889/1019 1484/1890/57
f 1439/1830/1020 1438/1829/1021 1485/1891/1020
f 1408/1795/1011 1407/1794/1022 1401/1787/1003 1398/1786/1002
f 1420/1807/27 1442/1834/27 1479/1885/27 1467/1872/27
f 1412/1799/1008 1411/1798/1008 1474/1892/1008 1461/1862/1008
f 1435/1822/27 1434/1821/27 1486/1893/27
f 1487/1879/27 1396/1781/27 1395/1780/27 1488/1894/27
f 1489/1840/27 1490/1895/27 1422/1809/27 1421/1808/27
f 1491/1841/57 1423/1896/57 1422/1809/57 1490/1895/57
f 1491/1897/25 1476/1883/25 1424/1811/25 1423/1810/25
f 1492/1898/25 1458/1858/25 1394/1779/25 1493/1899/25
f 1494/1900/25 1495/1901/25 1426/1813/25 1425/1812/25
f 1496/1902/5 1427/1814/5 1426/1903/5 1495/1904/5
f 1472/1880/27 1428/1815/27 1427/1814/27 1496/1902/27
f 1487/1879/27 1489/1840/27 1421/1808/27 1396/1781/27
f 1472/1880/27 1457/1857/27 1445/1837/27 1473/1837/27
f 1492/1898/25 1494/1900/25 1425/1812/25 1458/1858/25
f 1476/1883/25 1450/1844/25 1452/1849/25 1477/1778/25
f 1471/1879/27 1487/1879/27 1488/1894/27 1444/1836/27
f 1447/1839/27 1490/1895/27 1489/1840/27 1448/1840/27
f 1449/1841/57 1491/1841/57 1490/1895/57 1447/1839/57
f 1450/1844/25 1476/1883/25 1491/1897/25 1449/1845/25
f 1475/1882/25 1492/1898/25 1493/1899/25 1451/1848/25
f 1454/1853/25 1453/1852/25 1495/1901/25 1494/1900/25
f 1455/1854/5 1496/1902/5 1495/1904/5 1453/1855/5
f 1457/1857/27 1472/1880/27 1496/1902/27 1455/1854/27
f 1448/1840/27 1489/1840/27 1487/1879/27 1471/1879/27
f 1454/1853/25 1494/1900/25 1492/1898/25 1475/1882/25
f 1445/1837/27 1457/1857/27 1456/1856/27 1443/1835/27
f 1452/1849/25 1450/1844/25 1410/1843/25 1416/1846/25
f 1386/1771/27 1385/1770/27 1446/1838/27 1441/1833/27
f 1391/1851/25 1411/1850/25 1414/1823/25 1392/1826/25
f 1485/1905/57 1438/1832/57 1440/1831/57 1497/1906/57
f 1479/1885/27 1442/1834/27 1441/1833/27 1406/1793/27
f 1479/1885/1015 1406/1793/5 1482/1888/5 1480/1886/1016
f 1469/1875/1023 1439/1830/1023 1417/1907/1023 1466/1908/1023
f 1434/1821/5 1436/1777/5 1498/1909/5 1486/1893/5
f 1468/1873/27 1435/1822/27 1429/1816/27 1464/1869/27
f 1468/1873/1019 1464/1869/1024 1499/1910/1024 1483/1889/1019
f 1470/1876/25 1437/1824/25 1414/1823/25 1462/1911/25
f 1388/1842/25 1387/1828/25 1407/1827/25 1410/1843/25
f 1390/1775/27 1389/1774/27 1433/1820/27 1456/1856/27
f 1394/1779/115 1458/1858/115 1459/1859/115 1395/1780/115
f 1399/1784/25 1460/1860/25 1461/1862/25 1400/1785/25
f 1402/1788/1004 1462/1864/1009 1460/1867/1012 1399/1789/1005
f 1405/1792/27 1404/1791/27 1443/1835/27 1463/1868/27
f 1415/1802/1008 1400/1785/1008 1461/1862/1008 1474/1892/1008
f 1404/1791/27 1403/1790/27 1471/1879/27 1444/1836/27
f 1415/1847/25 1474/1881/25 1475/1882/25 1451/1848/25
f 1405/1792/1018 1463/1868/1025 1484/1890/1025 1481/1887/1018
f 1395/1780/27 1459/1859/27 1473/1837/27 1488/1894/27
f 1394/1779/25 1393/1778/25 1477/1778/25 1493/1899/25
f 1488/1894/27 1473/1837/27 1445/1837/27 1444/1836/27
f 1493/1899/25 1477/1778/25 1452/1849/25 1451/1848/25
f 1431/1818/1026 1430/1817/1026 1486/1893/1026 1498/1909/1027
f 1497/1906/1028 1419/1806/1029 1418/1805/1029 1485/1905/1030
f 1497/1906/27 1440/1831/27 1442/1834/27
f 1419/1806/27 1497/1906/27 1442/1834/27
f 1439/1830/1020 1485/1891/1020 1418/1912/1020
f 1439/1830/1020 1418/1912/1020 1417/1907/1020
f 1435/1822/27 1486/1893/27 1430/1817/27
f 1435/1822/27 1430/1817/27 1429/1816/27
f 1498/1913/1020 1436/1825/1021 1437/1824/1020
f 1442/1834/27 1420/1807/27 1419/1806/27
f 1437/1824/1020 1431/1914/1020 1498/1913/1020
f 1437/1824/1020 1432/1878/1020 1431/1914/1020
f 1500/1915/1014 1478/1884/1014 1480/1886/1016 1501/1916/1031
f 1481/1887/1018 1502/1917/1018 1503/1918/1032 1482/1888/1017
f 1483/1889/1019 1504/1919/1019 1505/1920/57 1484/1890/57
f 1482/1888/5 1503/1918/5 1501/1916/1031 1480/1886/1016
f 1483/1889/1019 1499/1910/1024 1506/1921/1024 1504/1919/1019
f 1484/1890/1025 1505/1920/1025 1502/1917/1018 1481/1887/1018
f 1466/1922/1014 1500/1915/1014 1501/1916/1031 1469/1923/1033
f 1502/1917/1018 1402/1924/1018 1401/1925/1032 1503/1918/1032
f 1504/1919/1019 1470/1926/1034 1462/1927/57 1505/1920/57
f 1503/1918/5 1401/1925/5 1469/1923/1033 1501/1916/1031
f 1504/1919/1019 1506/1921/1024 1465/1928/1024 1470/1926/1034
f 1505/1920/1025 1462/1927/1025 1402/1924/1018 1502/1917/1018
f 1507/1929/57 1508/1930/57 1509/1931/57 1510/1932/57
f 1511/1933/5 1512/1934/5 1513/1935/5 1514/1936/5
f 1512/1937/1035 1508/1930/1036 1507/1929/1037 1513/1938/1037
f 1515/1939/57 1516/1940/57 1517/1941/57 1518/1942/57
f 1509/1931/1038 1511/1933/1038 1519/1943/1038 1520/1944/1038
f 1519/1943/5 1511/1933/5 1514/1936/5 1521/1945/5
f 1522/1946/1039 1523/1947/1040 1524/1948/1040 1525/1949/1039
f 1526/1950/1041 1517/1941/1041 1527/1951/1041 1528/1952/1041
f 1526/1950/1042 1528/1952/1042 1529/1953/1042 1530/1954/1042
f 1527/1951/1043 1517/1941/1043 1516/1940/1043 1531/1955/1043
f 1530/1954/1044 1529/1953/1044 1532/1956/1044 1533/1957/1044
f 1528/1958/5 1527/1951/5 1534/1959/5
f 1535/1960/5 1534/1959/5 1527/1951/5 1531/1955/5
f 1517/1941/57 1526/1950/57 1518/1942/57
f 1515/1939/57 1533/1957/57 1536/1961/57 1537/1962/57
f 1538/1963/57 1507/1929/57 1510/1932/57 1524/1948/57
f 1514/1936/5 1513/1935/5 1539/1964/5 1523/1965/5
f 1513/1938/1037 1507/1929/1037 1538/1963/1037 1539/1966/1037
f 1515/1939/57 1518/1942/57 1530/1954/57 1533/1957/57
f 1521/1945/5 1514/1936/5 1523/1965/5 1522/1967/5
f 1529/1968/5 1534/1959/5 1535/1960/5 1532/1969/5
f 1520/1944/57 1540/1970/57 1510/1932/57 1509/1931/57
f 1526/1950/57 1530/1954/57 1518/1942/57
f 1534/1959/5 1529/1968/5 1528/1958/5
f 1541/1971/57 1509/1931/57 1508/1930/57 1542/1972/57
f 1508/1930/1036 1512/1937/1035 1543/1973/1045 1542/1972/1045
f 1544/1974/5 1545/1975/5 1546/1976/5 1547/1977/5
f 1511/1933/1046 1509/1931/1046 1541/1971/1046 1548/1978/1046
f 1547/1977/1046 1511/1979/1046 1548/1980/1046 1544/1981/1046
f 1545/1982/1045 1543/1983/1045 1512/1984/1035 1546/1976/1045
f 1549/1985/1038 1531/1955/1038 1516/1940/1038 1550/1986/1038
f 1531/1955/5 1549/1985/5 1551/1987/5 1535/1960/5
f 1537/1962/57 1536/1961/57 1525/1949/57 1540/1970/57
f 1535/1960/5 1551/1987/5 1552/1988/5 1532/1969/5
f 1537/1962/57 1550/1986/57 1516/1940/57 1515/1939/57
f 1550/1986/1038 1520/1944/1038 1519/1943/1038 1549/1985/1038
f 1549/1985/1047 1519/1943/1047 1521/1945/1048 1551/1987/1048
f 1522/1946/1039 1525/1949/1039 1536/1961/1039 1552/1989/1039
f 1551/1987/1048 1521/1945/1048 1522/1967/1049 1552/1988/1049
f 1540/1970/57 1520/1944/57 1550/1986/57 1537/1962/57
f 1540/1970/57 1525/1949/57 1524/1948/57 1510/1932/57
f 1548/1990/1050 1543/1991/1050 1545/1975/1050 1544/1974/1050
f 1538/1963/1051 1524/1948/1040 1523/1947/1040 1539/1992/1051
f 1511/1979/1052 1547/1977/1052 1546/1976/1052 1512/1984/1052
f 1542/1972/1050 1543/1973/1050 1548/1978/1050 1541/1971/1050
f 1533/1957/1039 1532/1956/1039 1552/1989/1039 1536/1961/1039
f 1553/1993/5 1554/1994/5 1555/1995/5 1556/1996/5
f 1557/1997/1053 1558/1998/1054 1559/1999/1054 1560/2000/1053
f 1561/2001/1055 1562/2002/1056 1563/2003/1056 1564/2004/1056
f 1565/2005/1057 1566/2006/1057 1567/2007/1058 1568/2008/1058
f 1557/1997/1053 1560/2000/1053 1569/2009/1059 1570/2010/1059
f 1571/2011/1060 1572/2012/1060 1573/2013/1061 1574/2014/1061
f 1575/2015/1062 1576/2016/1063 1577/2017/1064 1578/2018/1064
f 1578/2018/1064 1577/2017/1064 1579/2019/1065 1580/2020/1066
f 1581/2021/1067 1582/2022/1067 1583/2023/1068 1584/2024/1068
f 1584/2024/1068 1583/2023/1068 1580/2020/1066 1579/2019/1065
f 1585/2025/1069 1566/2006/1057 1565/2005/1057 1586/2026/1069
f 1587/2027/5 1588/2028/5 1589/2029/5 1590/2030/5
f 1591/2031/1070 1592/2032/1070 1593/2033/1071 1594/2034/1071
f 1595/2035/5 1596/2036/5 1597/2037/5 1598/2038/5
f 1599/2039/5 1600/2040/5 1601/2041/5 1602/2042/5
f 1603/2043/5 1604/2044/5 1605/2045/5 1606/2046/5
f 1607/2047/5 1608/2048/5 1609/2049/5 1610/2050/5
f 1596/2036/1072 1611/2051/1072 1612/2052/1073 1597/2037/1073
f 1613/2053/5 1614/2054/5 1588/2028/5 1587/2027/5
f 1615/2055/5 1589/2029/5 1588/2028/5 1616/2056/5
f 1617/2057/5 1618/2058/5 1619/2059/5 1607/2047/5
f 1605/2045/5 1604/2044/5 1619/2059/5 1620/2060/5
f 1603/2043/5 1609/2049/5 1608/2048/5 1604/2044/5
f 1621/2061/1074 1622/2062/1074 1623/2063/1074 1624/2064/1074
f 1625/2065/5 1626/2066/5 1627/2067/5 1628/2068/5
f 1629/2069/1075 1630/2070/1076 1561/2001/1077 1564/2004/1078
f 1631/2071/5 1632/2072/5 1633/2073/5 1634/2074/5
f 1635/2075/5 1560/2000/5 1559/1999/5 1636/2076/5
f 1637/2077/5 1591/2031/5 1594/2034/5 1638/2078/5
f 1639/2079/5 1629/2069/5 1640/2080/5 1641/2081/5
f 1642/2082/5 1643/2083/5 1595/2035/5 1598/2038/5
f 1644/2084/5 1622/2062/5 1645/2085/5 1646/2086/5
f 1647/2087/5 1648/2088/5 1565/2005/5 1568/2008/5
f 1649/2089/5 1650/2090/5 1571/2011/5 1574/2014/5
f 1651/2091/5 1581/2021/5 1584/2024/5 1652/2092/5
f 1652/2092/5 1584/2024/5 1579/2019/5 1653/2093/5
f 1653/2093/5 1579/2019/5 1577/2017/5 1654/2094/5
f 1655/2095/5 1654/2094/5 1577/2017/5 1576/2016/5
f 1655/2095/5 1576/2016/5 1569/2009/5 1656/2096/5
f 1636/2097/1079 1637/2098/1080 1657/2099/1081 1658/2100/1082
f 1638/2101/1083 1659/2102/1084 1660/2103/1085 1661/2104/1086
f 1639/2105/1087 1662/2106/1088 1663/2107/1089 1664/2108/1090
f 1665/2109/1091 1641/2110/1092 1643/2111/1093 1666/2112/1094
f 1644/2113/1095 1667/2114/1096 1668/2115/1097 1642/2116/1098
f 1669/2117/1099 1670/2118/1100 1671/2119/1101 1672/2120/1102
f 1671/2119/1101 1670/2118/1100 1648/2121/1103 1673/2122/1104
f 1650/2123/1105 1674/2124/1106 1675/2125/1107 1647/2126/1108
f 1676/2127/1109 1649/2128/1110 1651/2129/1111 1677/2130/1112
f 1677/2130/1112 1651/2129/1111 1652/2131/1113 1678/2132/1114
f 1653/2133/1115 1679/2134/1116 1678/2132/1114 1652/2131/1113
f 1653/2133/1115 1654/2135/1117 1680/2136/1118 1679/2134/1116
f 1654/2135/1117 1655/2137/1119 1681/2138/1120 1680/2136/1118
f 1656/2139/1121 1635/2140/1122 1682/2141/1123 1683/2142/1124
f 1614/2054/5 1556/1996/5 1616/2056/5 1588/2028/5
f 1562/2002/1056 1611/2051/1072 1596/2036/1072 1563/2003/1056
f 1608/2048/5 1607/2047/5 1619/2059/5 1604/2044/5
f 1684/2143/5 1615/2055/5 1616/2056/5 1685/2144/5
f 1607/2047/5 1610/2050/5 1686/2145/5 1617/2057/5
f 1641/2081/5 1640/2080/5 1595/2035/5 1643/2083/5
f 1665/2109/1091 1687/2146/1125 1688/2147/1126 1662/2148/1127
f 1633/2073/1056 1564/2149/1056 1563/2150/1056 1634/2074/1056
f 1634/2074/1128 1563/2151/1128 1640/2152/1128 1631/2071/1128
f 1631/2071/1129 1640/2153/1129 1629/2154/1129 1632/2072/1129
f 1632/2072/1078 1629/2155/1075 1564/2156/1078 1633/2073/1078
f 1689/2157/1074 1645/2085/1074 1622/2062/1074 1621/2061/1074
f 1690/2158/1130 1691/2159/1130 1630/2070/1076 1629/2069/1075
f 1692/2160/5 1693/2161/5 1694/2162/5 1687/2146/5
f 1628/2068/5 1627/2067/5 1695/2163/5 1696/2164/5
f 1639/2079/5 1664/2165/5 1690/2158/5 1629/2069/5
f 1646/2086/5 1645/2085/5 1697/2166/5 1698/2167/5
f 1663/2107/1089 1699/2168/1131 1700/2169/1132 1701/2170/1133
f 1627/2067/1134 1626/2066/1134 1667/2171/1135 1702/2172/1136
f 1694/2162/5 1699/2168/5 1688/2147/5 1687/2146/5
f 1703/2173/5 1590/2030/5 1704/2174/5 1705/2175/5
f 1598/2038/5 1597/2037/5 1623/2063/5 1622/2062/5
f 1599/2039/5 1620/2060/5 1619/2059/5 1618/2058/5
f 1597/2037/1073 1612/2052/1073 1624/2064/1073 1623/2063/1073
f 1613/2053/5 1587/2027/5 1706/2176/5 1707/2177/5
f 1606/2046/5 1605/2045/5 1620/2060/5 1708/2178/5
f 1692/2160/5 1625/2065/5 1628/2068/5 1693/2161/5
f 1644/2084/5 1642/2082/5 1598/2038/5 1622/2062/5
f 1668/2115/1097 1625/2065/1137 1692/2160/1138 1666/2112/1094
f 1709/2179/1139 1697/2166/1074 1710/2180/1074 1711/2181/1139
f 1712/2182/1140 1713/2183/1140 1714/2184/1141 1715/2185/1141
f 1716/2186/5 1717/2187/5 1718/2188/5 1719/2189/5
f 1720/2190/5 1659/2191/5 1712/2182/5 1715/2185/5
f 1721/2192/1136 1672/2120/1102 1705/2175/1142 1695/2163/1134
f 1717/2187/5 1722/2193/5 1700/2169/5 1718/2188/5
f 1669/2194/5 1709/2179/5 1586/2026/5 1670/2195/5
f 1704/2174/5 1716/2186/5 1719/2189/5 1696/2164/5
f 1563/2003/5 1596/2036/5 1595/2035/5 1640/2080/5
f 1657/2099/1081 1685/2144/1143 1555/1995/1144 1658/2100/1082
f 1684/2143/1145 1661/2104/1086 1660/2103/1085 1722/2193/1146
f 1662/2106/1088 1688/2147/1147 1699/2168/1131 1663/2107/1089
f 1687/2146/1125 1665/2109/1091 1666/2112/1094 1692/2160/1138
f 1668/2115/1097 1667/2114/1096 1626/2066/1148 1625/2065/1137
f 1672/2120/1102 1671/2119/1101 1703/2173/1149 1705/2175/1142
f 1703/2173/1149 1671/2119/1101 1673/2122/1104 1706/2176/1150
f 1675/2125/1107 1674/2124/1106 1601/2041/1151 1707/2177/1152
f 1676/2127/1109 1677/2130/1112 1708/2178/1153 1602/2042/1154
f 1708/2178/1153 1677/2130/1112 1678/2132/1114 1606/2046/1155
f 1678/2132/1114 1679/2134/1116 1603/2043/1156 1606/2046/1155
f 1680/2136/1118 1609/2049/1157 1603/2043/1156 1679/2134/1116
f 1680/2136/1118 1681/2138/1120 1610/2050/1158 1609/2049/1157
f 1682/2141/1123 1554/1994/1159 1686/2145/1160 1683/2142/1124
f 1641/2110/1092 1665/2109/1091 1662/2148/1127 1639/2196/1161
f 1660/2103/1085 1659/2102/1084 1720/2197/1162 1701/2170/1133
f 1702/2172/1136 1667/2171/1135 1644/2198/1163 1646/2199/1163
f 1666/2112/1094 1643/2111/1093 1642/2116/1098 1668/2115/1097
f 1721/2192/1136 1702/2172/1136 1646/2199/1163 1698/2200/1163
f 1556/1996/5 1555/1995/5 1685/2144/5 1616/2056/5
f 1558/1998/1054 1592/2032/1070 1591/2031/1070 1559/1999/1054
f 1567/2007/1058 1572/2012/1060 1571/2011/1060 1568/2008/1058
f 1723/2201/5 1614/2054/5 1613/2053/5 1600/2040/5
f 1636/2076/5 1559/1999/5 1591/2031/5 1637/2077/5
f 1650/2090/5 1647/2087/5 1568/2008/5 1571/2011/5
f 1658/2100/1082 1682/2141/1123 1635/2140/1122 1636/2097/1079
f 1647/2126/1108 1675/2125/1107 1673/2122/1164 1648/2121/1165
f 1556/1996/5 1614/2054/5 1723/2201/5 1553/1993/5
f 1600/2040/5 1613/2053/5 1707/2177/5 1601/2041/5
f 1658/2100/1082 1555/1995/1144 1554/1994/1159 1682/2141/1123
f 1707/2177/1152 1706/2176/1166 1673/2122/1164 1675/2125/1107
f 1569/2009/1059 1576/2016/1063 1575/2015/1062 1570/2010/1059
f 1573/2013/1061 1582/2022/1067 1581/2021/1067 1574/2014/1061
f 1620/2060/5 1599/2039/5 1602/2042/5 1708/2178/5
f 1723/2201/5 1618/2058/5 1617/2057/5 1553/1993/5
f 1649/2089/5 1574/2014/5 1581/2021/5 1651/2091/5
f 1656/2096/5 1569/2009/5 1560/2000/5 1635/2075/5
f 1649/2128/1110 1676/2127/1109 1674/2124/1106 1650/2123/1105
f 1683/2142/1124 1681/2138/1167 1655/2137/1168 1656/2139/1121
f 1553/1993/5 1617/2057/5 1686/2145/5 1554/1994/5
f 1600/2040/5 1599/2039/5 1618/2058/5 1723/2201/5
f 1602/2042/1154 1601/2041/1151 1674/2124/1106 1676/2127/1109
f 1683/2142/1124 1686/2145/1160 1610/2050/1169 1681/2138/1167
f 1586/2026/1069 1709/2179/1139 1711/2181/1139 1585/2025/1069
f 1590/2030/5 1589/2029/5 1716/2186/5 1704/2174/5
f 1593/2033/1071 1713/2183/1140 1712/2182/1140 1594/2034/1071
f 1589/2029/5 1615/2055/5 1717/2187/5 1716/2186/5
f 1638/2078/5 1594/2034/5 1712/2182/5 1659/2191/5
f 1670/2195/5 1586/2026/5 1565/2005/5 1648/2088/5
f 1661/2104/1086 1657/2099/1081 1637/2098/1080 1638/2101/1083
f 1615/2055/5 1684/2143/5 1722/2193/5 1717/2187/5
f 1590/2030/5 1703/2173/5 1706/2176/5 1587/2027/5
f 1661/2104/1086 1684/2143/1145 1685/2144/1143 1657/2099/1081
f 1696/2164/5 1695/2163/5 1705/2175/5 1704/2174/5
f 1698/2167/5 1697/2166/5 1709/2179/5 1669/2194/5
f 1701/2170/1133 1700/2169/1132 1722/2193/1146 1660/2103/1085
f 1710/2180/1074 1697/2166/1074 1645/2085/1074 1689/2157/1074
f 1714/2184/1141 1691/2159/1130 1690/2158/1130 1715/2185/1141
f 1719/2189/5 1718/2188/5 1694/2162/5 1693/2161/5
f 1664/2165/5 1720/2190/5 1715/2185/5 1690/2158/5
f 1702/2172/1136 1721/2192/1136 1695/2163/1134 1627/2067/1134
f 1718/2188/5 1700/2169/5 1699/2168/5 1694/2162/5
f 1696/2164/5 1719/2189/5 1693/2161/5 1628/2068/5
f 1701/2170/1133 1720/2197/1162 1664/2108/1090 1663/2107/1089
f 1698/2200/1163 1669/2117/1099 1672/2120/1102 1721/2192/1136
f 1724/2202/25 1725/2203/25 1726/2204/1170 1727/2205/1170
f 1727/2205/1170 1726/2204/1170 1728/2206/1171 1729/2207/1171
f 1729/2207/1171 1728/2206/1171 1730/2208/91 1731/2209/91
f 1731/2209/91 1730/2208/91 1732/2210/1172 1733/2211/1172
f 1733/2211/1172 1732/2210/1172 1734/2212/1173 1735/2213/1173
f 1735/2213/1173 1734/2212/1173 1736/2214/27 1737/2215/27
f 1737/2215/27 1736/2214/27 1738/2216/1174 1739/2217/1174
f 1739/2217/1174 1738/2216/1174 1740/2218/1175 1741/2219/1175
f 1741/2219/1175 1740/2218/1175 1742/2220/115 1743/2221/115
f 1743/2221/115 1742/2220/115 1744/2222/1051 1745/2223/1051
f 1745/2223/1051 1744/2222/1051 1746/2224/1176 1747/2225/1176
f 1747/2225/1176 1746/2224/1176 1725/2203/25 1724/2202/25
f 1734/2226/57 1732/2227/57 1730/2228/57 1738/2229/57
f 1746/2230/57 1738/2229/57 1730/2228/57 1726/2231/57
f 1730/2228/57 1728/2232/57 1726/2231/57
f 1726/2231/57 1725/2233/57 1746/2230/57
f 1742/2234/57 1738/2229/57 1746/2230/57 1744/2235/57
f 1742/2234/57 1740/2236/57 1738/2229/57
f 1734/2226/57 1738/2229/57 1736/2237/57
f 1748/2238/5 1724/2202/5 1727/2205/5 1749/2239/5
f 1749/2239/5 1727/2205/5 1729/2207/5 1750/2240/5
f 1750/2240/5 1729/2207/5 1731/2209/5 1751/2241/5
f 1751/2241/5 1731/2209/5 1733/2211/5 1752/2242/5
f 1752/2242/5 1733/2211/5 1735/2213/5 1753/2243/5
f 1753/2243/5 1735/2213/5 1737/2215/5 1754/2244/5
f 1754/2244/5 1737/2215/5 1739/2217/5 1755/2245/5
f 1755/2245/5 1739/2217/5 1741/2219/5 1756/2246/5
f 1756/2246/5 1741/2219/5 1743/2221/5 1757/2247/5
f 1757/2247/5 1743/2221/5 1745/2223/5 1758/2248/5
f 1758/2248/5 1745/2223/5 1747/2225/5 1759/2249/5
f 1759/2249/5 1747/2225/5 1724/2202/5 1748/2238/5
f 1760/2250/25 1748/2238/25 1749/2239/1170 1761/2251/1170
f 1761/2251/1170 1749/2239/1170 1750/2240/1171 1762/2252/1171
f 1762/2252/1171 1750/2240/1171 1751/2241/91 1763/2253/91
f 1763/2253/91 1751/2241/91 1752/2242/1172 1764/2254/1172
f 1764/2254/1172 1752/2242/1172 1753/2243/1173 1765/2255/1173
f 1765/2255/1173 1753/2243/1173 1754/2244/27 1766/2256/27
f 1766/2256/27 1754/2244/27 1755/2245/1174 1767/2257/1174
f 1767/2257/1174 1755/2245/1174 1756/2246/1175 1768/2258/1175
f 1768/2258/1175 1756/2246/1175 1757/2247/115 1769/2259/115
f 1769/2259/115 1757/2247/115 1758/2248/1051 1770/2260/1051
f 1770/2260/1051 1758/2248/1051 1759/2249/1176 1771/2261/1176
f 1771/2261/1176 1759/2249/1176 1748/2238/25 1760/2250/25
f 1772/2262/1177 1760/2250/1178 1761/2251/1179 1773/2263/1180
f 1773/2263/1180 1761/2251/1179 1762/2252/1181 1774/2264/1182
f 1774/2264/1182 1762/2252/1181 1763/2253/1183 1775/2265/1184
f 1775/2265/1184 1763/2253/1183 1764/2254/1185 1776/2266/1186
f 1776/2266/1186 1764/2254/1185 1765/2255/1187 1777/2267/1188
f 1777/2267/1188 1765/2255/1187 1766/2256/1189 1778/2268/1190
f 1778/2268/1190 1766/2256/1189 1767/2257/1191 1779/2269/1192
f 1779/2269/1192 1767/2257/1191 1768/2258/1193 1780/2270/1194
f 1780/2270/1194 1768/2258/1193 1769/2259/1195 1781/2271/1196
f 1781/2271/1196 1769/2259/1195 1770/2260/1197 1782/2272/1198
f 1782/2272/1198 1770/2260/1197 1771/2261/1199 1783/2273/1200
f 1783/2273/1200 1771/2261/1199 1760/2250/1178 1772/2262/1177
f 1772/2262/1177 1773/2263/1180 1784/2274/5
f 1773/2263/1180 1774/2264/1182 1784/2274/5
f 1774/2264/1182 1775/2265/1184 1784/2274/5
f 1775/2265/1184 1776/2266/1186 1784/2274/5
f 1776/2266/1186 1777/2267/1188 1784/2274/5
f 1777/2267/1188 1778/2268/1190 1784/2274/5
f 1778/2268/1190 1779/2269/1192 1784/2274/5
f 1779/2269/1192 1780/2270/1194 1784/2274/5
f 1780/2270/1194 1781/2271/1196 1784/2274/5
f 1781/2271/1196 1782/2272/1198 1784/2274/5
f 1782/2272/1198 1783/2273/1200 1784/2274/5
f 1783/2273/1200 1772/2262/1177 1784/2274/5
f 1785/2275/5 1786/2276/1201 1787/2277/1202 1788/2278/5
f 1789/2279/5 1785/2275/5 1788/2278/5 1790/2280/5
f 1790/2281/1203 1788/2282/1204 1791/2283/1204 1792/2284/1203
f 1793/2285/1205 1787/2277/1202 1786/2276/1201 1794/2286/1206
f 1793/2285/1205 1794/2286/1206 1795/2287/1207 1796/2288/1208
f 1796/2288/1208 1795/2287/1207 1797/2289/115 1798/2290/1209
f 1797/2289/1210 1795/2287/1211 1799/2291/1212
f 1795/2287/1211 1794/2286/1213 1800/2292/1214
f 1793/2293/1215 1796/2294/1216 1801/2295/1217
f 1801/2295/1217 1802/2296/1218 1803/2297/1219 1804/2298/1220
f 1805/2299/91 1806/2300/91 1807/2301/91 1808/2302/91
f 1809/2303/1221 1810/2304/1222 1811/2305/1223 1812/2306/1224
f 1812/2306/1224 1811/2305/1223 1813/2307/1225 1814/2308/1225
f 1809/2303/1221 1815/2309/1226 1800/2292/1214 1810/2304/1222
f 1816/2310/1204 1791/2283/1204 1804/2298/1220 1803/2297/1219
f 1817/2311/1227 1796/2294/1216 1798/2312/1228
f 1791/2283/1204 1816/2310/1204 1818/2313/1203 1792/2284/1203
f 1800/2292/1214 1815/2309/1226 1799/2291/1212 1795/2287/1211
f 1801/2295/1217 1796/2294/1216 1817/2311/1227 1802/2296/1218
f 1793/2293/1215 1801/2295/1217 1804/2298/1220 1787/2314/1229
f 1807/2301/91 1819/2315/91 1820/2316/91 1808/2302/91
f 1810/2304/1222 1786/2276/1230 1785/2275/1231 1811/2305/1223
f 1821/2317/1232 1822/2318/1232 1823/2319/1233 1824/2320/1233
f 1810/2304/1222 1800/2292/1214 1794/2286/1213 1786/2276/1230
f 1791/2283/1204 1788/2282/1204 1787/2314/1229 1804/2298/1220
f 1825/2321/5 1785/2322/5 1789/2323/5 1826/2324/5
f 1827/2325/91 1819/2326/91 1807/2327/91 1828/2328/91
f 1829/2329/57 1828/2330/57 1807/2331/57 1830/2332/57
f 1831/2333/1234 1811/2334/1235 1785/2322/1235 1825/2321/1234
f 1832/2335/5 1833/2336/5 1827/2325/5 1834/2337/5
f 1827/2325/91 1828/2328/91 1835/2338/91 1834/2337/91
f 1836/2339/57 1831/2340/57 1821/2341/57 1837/2342/57
f 1831/2333/1234 1825/2321/1234 1822/2318/1232 1821/2317/1232
f 1838/2343/5 1789/2279/5 1790/2280/5 1839/2344/5
f 1790/2281/1203 1792/2284/1203 1840/2345/1236 1839/2346/1236
f 1813/2307/1225 1830/2347/1225 1841/2348/1225 1814/2308/1225
f 1818/2313/1203 1842/2349/1236 1840/2345/1236 1792/2284/1203
f 1824/2350/1237 1823/2319/1237 1843/2351/1238 1844/2352/1238
f 1826/2324/5 1789/2323/5 1838/2353/5 1833/2336/5
f 1831/2340/57 1836/2339/57 1813/2354/57 1811/2355/57
f 1823/2319/5 1822/2318/5 1845/2356/5
f 1846/2357/57 1837/2342/57 1824/2350/57 1844/2352/57
f 1836/2339/57 1829/2329/57 1830/2332/57 1813/2354/57
f 1832/2335/5 1843/2351/5 1823/2319/5 1845/2356/5
f 1839/2346/1236 1840/2345/1236 1808/2302/1236 1820/2316/1236
f 1830/2347/1225 1807/2301/1225 1806/2300/1225 1841/2348/1225
f 1842/2349/1236 1805/2299/1236 1808/2302/1236 1840/2345/1236
f 1844/2352/1238 1843/2351/1238 1847/2358/1239 1848/2359/1239
f 1833/2336/5 1838/2353/5 1819/2326/5 1827/2325/5
f 1835/2360/57 1846/2357/57 1844/2352/57 1848/2359/57
f 1843/2351/5 1832/2335/5 1834/2337/5 1847/2358/5
f 1834/2337/91 1835/2338/91 1848/2361/91 1847/2358/91
f 1821/2341/57 1824/2350/57 1837/2342/57
f 1826/2324/5 1845/2356/5 1822/2318/5 1825/2321/5
f 1837/2342/57 1846/2357/57 1829/2329/57 1836/2339/57
f 1833/2336/5 1832/2335/5 1845/2356/5 1826/2324/5
f 1846/2357/57 1835/2360/57 1828/2330/57 1829/2329/57
f 1839/2344/5 1820/2316/5 1819/2315/5 1838/2343/5
f 1849/2362/57 1850/2363/57 1851/2364/1240 1852/2365/1241
f 1850/2363/57 1849/2362/57 1853/2366/57 1854/2367/57
f 1855/2368/1204 1850/2369/1204 1854/2370/1203 1856/2371/1203
f 1857/2372/1242 1858/2373/1243 1852/2365/1241 1851/2364/1240
f 1859/2374/1244 1858/2373/1243 1857/2372/1242 1860/2375/1245
f 1797/2289/115 1859/2374/1244 1860/2375/1245 1798/2290/1209
f 1797/2289/1210 1799/2291/1212 1859/2374/1246
f 1859/2374/1246 1861/2376/1247 1858/2373/1248
f 1857/2377/1249 1862/2378/1250 1860/2379/1251
f 1862/2378/1250 1863/2380/1252 1803/2297/1219 1802/2296/1218
f 1864/2381/91 1806/2300/91 1805/2299/91 1865/2382/91
f 1866/2383/1223 1867/2384/1253 1809/2303/1221 1812/2306/1224
f 1868/2385/1225 1866/2383/1223 1812/2306/1224 1814/2308/1225
f 1809/2303/1221 1867/2384/1253 1861/2376/1247 1815/2309/1226
f 1863/2380/1252 1855/2368/1204 1816/2310/1204 1803/2297/1219
f 1817/2311/1227 1798/2312/1228 1860/2379/1251
f 1818/2313/1203 1816/2310/1204 1855/2368/1204 1856/2371/1203
f 1799/2291/1212 1815/2309/1226 1861/2376/1247 1859/2374/1246
f 1817/2311/1227 1860/2379/1251 1862/2378/1250 1802/2296/1218
f 1857/2377/1249 1851/2386/1229 1863/2380/1252 1862/2378/1250
f 1869/2387/91 1870/2388/91 1864/2381/91 1865/2382/91
f 1849/2362/1231 1852/2365/1230 1867/2384/1253 1866/2383/1223
f 1871/2389/1233 1872/2390/1232 1873/2391/1232 1874/2392/1233
f 1867/2384/1253 1852/2365/1230 1858/2373/1248 1861/2376/1247
f 1851/2386/1229 1850/2369/1204 1855/2368/1204 1863/2380/1252
f 1875/2393/57 1876/2394/57 1853/2395/57 1849/2396/57
f 1864/2397/91 1870/2398/91 1877/2399/91 1878/2400/91
f 1879/2401/5 1880/2402/5 1864/2403/5 1878/2404/5
f 1849/2396/1235 1866/2405/1235 1881/2406/1234 1875/2393/1234
f 1882/2407/57 1883/2408/57 1877/2399/57 1884/2409/57
f 1885/2410/91 1878/2400/91 1877/2399/91 1883/2408/91
f 1886/2411/5 1887/2412/5 1873/2413/5 1881/2414/5
f 1872/2390/1232 1875/2393/1234 1881/2406/1234 1873/2391/1232
f 1888/2415/57 1889/2416/57 1854/2367/57 1853/2366/57
f 1890/2417/1236 1856/2371/1203 1854/2370/1203 1889/2418/1236
f 1841/2348/1225 1880/2419/1225 1868/2385/1225 1814/2308/1225
f 1890/2417/1236 1842/2349/1236 1818/2313/1203 1856/2371/1203
f 1891/2420/1238 1871/2389/1237 1874/2421/1237 1892/2422/1238
f 1876/2394/57 1884/2409/57 1888/2423/57 1853/2395/57
f 1881/2414/5 1866/2424/5 1868/2425/5 1886/2411/5
f 1871/2389/57 1893/2426/57 1872/2390/57
f 1894/2427/5 1892/2422/5 1874/2421/5 1887/2412/5
f 1886/2411/5 1868/2425/5 1880/2402/5 1879/2401/5
f 1882/2407/57 1893/2426/57 1871/2389/57 1891/2420/57
f 1865/2382/1236 1890/2417/1236 1889/2418/1236 1869/2387/1236
f 1806/2300/1225 1864/2381/1225 1880/2419/1225 1841/2348/1225
f 1865/2382/1236 1805/2299/1236 1842/2349/1236 1890/2417/1236
f 1895/2428/1239 1891/2420/1238 1892/2422/1238 1896/2429/1239
f 1870/2398/57 1888/2423/57 1884/2409/57 1877/2399/57
f 1885/2430/5 1896/2429/5 1892/2422/5 1894/2427/5
f 1891/2420/57 1895/2428/57 1883/2408/57 1882/2407/57
f 1896/2431/91 1885/2410/91 1883/2408/91 1895/2428/91
f 1873/2413/5 1887/2412/5 1874/2421/5
f 1876/2394/57 1875/2393/57 1872/2390/57 1893/2426/57
f 1887/2412/5 1886/2411/5 1879/2401/5 1894/2427/5
f 1884/2409/57 1876/2394/57 1893/2426/57 1882/2407/57
f 1878/2404/5 1885/2430/5 1894/2427/5 1879/2401/5
f 1889/2416/57 1888/2415/57 1870/2388/57 1869/2387/57
f 1897/2432/1254 1898/2433/1255 1899/2434/1256
f 1897/2432/1254 1899/2434/1256 1900/2435/1257
f 1897/2432/1254 1900/2435/1257 1901/2436/1258
f 1897/2432/1254 1901/2436/1258 1902/2437/1259
f 1897/2432/1254 1902/2437/1259 1903/2438/1260
f 1897/2432/1254 1903/2438/1260 1904/2439/1261
f 1897/2432/1254 1904/2439/1261 1905/2440/1262
f 1897/2432/1254 1905/2440/1262 1906/2441/1263
f 1897/2432/1254 1906/2441/1263 1907/2442/1264
f 1897/2432/1254 1907/2442/1264 1908/2443/1265
f 1897/2432/1254 1908/2443/1265 1909/2444/1266
f 1897/2432/1254 1909/2444/1266 1898/2433/1255
f 1910/2445/1267 1911/2446/1268 1899/2434/1256 1898/2433/1255
f 1911/2446/1268 1912/2447/1269 1900/2435/1257 1899/2434/1256
f 1912/2447/1269 1913/2448/1270 1901/2436/1258 1900/2435/1257
f 1913/2448/1270 1914/2449/1271 1902/2437/1259 1901/2436/1258
f 1914/2449/1271 1915/2450/1272 1903/2438/1260 1902/2437/1259
f 1915/2450/1272 1916/2451/1273 1904/2439/1261 1903/2438/1260
f 1916/2451/1273 1917/2452/1274 1905/2440/1262 1904/2439/1261
f 1917/2452/1274 1918/2453/1275 1906/2441/1263 1905/2440/1262
f 1918/2453/1275 1919/2454/1276 1907/2442/1264 1906/2441/1263
f 1919/2454/1276 1920/2455/1277 1908/2443/1265 1907/2442/1264
f 1920/2455/1277 1921/2456/1278 1909/2444/1266 1908/2443/1265
f 1921/2456/1278 1910/2445/1267 1898/2433/1255 1909/2444/1266
f 1922/2457/1279 1923/2458/1280 1911/2446/1268 1910/2445/1267
f 1923/2458/1280 1924/2459/1281 1912/2447/1269 1911/2446/1268
f 1924/2459/1281 1925/2460/1282 1913/2448/1270 1912/2447/1269
f 1925/2460/1282 1926/2461/1283 1914/2449/1271 1913/2448/1270
f 1926/2461/1283 1927/2462/1284 1915/2450/1272 1914/2449/1271
f 1927/2462/1284 1928/2463/1285 1916/2451/1273 1915/2450/1272
f 1928/2463/1285 1929/2464/1286 1917/2452/1274 1916/2451/1273
f 1929/2464/1286 1930/2465/1287 1918/2453/1275 1917/2452/1274
f 1930/2465/1287 1931/2466/1288 1919/2454/1276 1918/2453/1275
f 1931/2466/1288 1932/2467/1289 1920/2455/1277 1919/2454/1276
f 1920/2455/1277 1932/2467/1289 1933/2468/1290 1921/2456/1278
f 1921/2456/1278 1933/2468/1290 1922/2457/1279 1910/2445/1267
f 1934/2469/1254 1935/2470/1255 1936/2471/1256
f 1934/2469/1254 1936/2471/1256 1937/2472/1257
f 1934/2469/1254 1937/2472/1257 1938/2473/1258
f 1934/2469/1254 1938/2473/1258 1939/2474/1259
f 1934/2469/1254 1939/2474/1259 1940/2475/1260
f 1934/2469/1254 1940/2475/1260 1941/2476/1261
f 1934/2469/1254 1941/2476/1261 1942/2477/1291
f 1934/2469/1254 1942/2477/1291 1943/2478/1263
f 1934/2469/1254 1943/2478/1263 1944/2479/1264
f 1934/2469/1254 1944/2479/1264 1945/2480/1265
f 1934/2469/1254 1945/2480/1265 1946/2481/1266
f 1934/2469/1254 1946/2481/1266 1935/2470/1255
f 1947/2482/1267 1948/2483/1292 1936/2471/1256 1935/2470/1255
f 1948/2483/1292 1949/2484/1269 1937/2472/1257 1936/2471/1256
f 1949/2484/1269 1950/2485/1270 1938/2473/1258 1937/2472/1257
f 1950/2485/1270 1951/2486/1271 1939/2474/1259 1938/2473/1258
f 1951/2486/1271 1952/2487/1272 1940/2475/1260 1939/2474/1259
f 1952/2487/1272 1953/2488/1273 1941/2476/1261 1940/2475/1260
f 1953/2488/1273 1954/2489/1274 1942/2477/1291 1941/2476/1261
f 1954/2489/1274 1955/2490/1275 1943/2478/1263 1942/2477/1291
f 1955/2490/1275 1956/2491/1276 1944/2479/1264 1943/2478/1263
f 1956/2491/1276 1957/2492/1277 1945/2480/1265 1944/2479/1264
f 1957/2492/1277 1958/2493/1278 1946/2481/1266 1945/2480/1265
f 1958/2493/1278 1947/2482/1267 1935/2470/1255 1946/2481/1266
f 1959/2494/1279 1960/2495/1280 1948/2483/1292 1947/2482/1267
f 1960/2495/1280 1961/2496/1281 1949/2484/1269 1948/2483/1292
f 1961/2496/1281 1962/2497/1282 1950/2485/1270 1949/2484/1269
f 1962/2497/1282 1963/2498/1293 1951/2486/1271 1950/2485/1270
f 1963/2498/1293 1964/2499/1284 1952/2487/1272 1951/2486/1271
f 1964/2499/1284 1965/2500/1285 1953/2488/1273 1952/2487/1272
f 1965/2500/1285 1966/2501/1294 1954/2489/1274 1953/2488/1273
f 1966/2501/1294 1967/2502/1295 1955/2490/1275 1954/2489/1274
f 1967/2502/1295 1968/2503/1288 1956/2491/1276 1955/2490/1275
f 1968/2503/1288 1969/2504/1289 1957/2492/1277 1956/2491/1276
f 1957/2492/1277 1969/2504/1289 1970/2505/1290 1958/2493/1278
f 1958/2493/1278 1970/2505/1290 1959/2494/1279 1947/2482/1267
f 1971/2506/1296 1972/2507/1297 1973/2508/1298
f 1971/2506/1296 1973/2508/1298 1974/2509/1299
f 1971/2506/1296 1974/2509/1299 1975/2510/1300
f 1971/2506/1296 1975/2510/1300 1976/2511/1301
f 1971/2506/1296 1976/2511/1301 1977/2512/1302
f 1971/2506/1296 1977/2512/1302 1978/2513/1303
f 1971/2506/1296 1978/2513/1303 1979/2514/1304
f 1971/2506/1296 1979/2514/1304 1980/2515/1305
f 1971/2506/1296 1980/2515/1305 1981/2516/1306
f 1971/2506/1296 1981/2516/1306 1982/2517/1307
f 1971/2506/1296 1982/2517/1307 1983/2518/1308
f 1971/2506/1296 1983/2518/1308 1972/2507/1297
f 1984/2519/1309 1985/2520/1310 1973/2508/1298 1972/2507/1297
f 1985/2520/1310 1986/2521/1311 1974/2509/1299 1973/2508/1298
f 1986/2521/1311 1987/2522/1312 1975/2510/1300 1974/2509/1299
f 1987/2522/1312 1988/2523/1313 1976/2511/1301 1975/2510/1300
f 1988/2523/1313 1989/2524/1314 1977/2512/1302 1976/2511/1301
f 1989/2524/1314 1990/2525/1315 1978/2513/1303 1977/2512/1302
f 1990/2525/1315 1991/2526/1316 1979/2514/1304 1978/2513/1303
f 1991/2526/1316 1992/2527/1317 1980/2515/1305 1979/2514/1304
f 1992/2527/1317 1993/2528/1318 1981/2516/1306 1980/2515/1305
f 1993/2528/1318 1994/2529/1319 1982/2517/1307 1981/2516/1306
f 1994/2529/1319 1995/2530/1320 1983/2518/1308 1982/2517/1307
f 1995/2530/1320 1984/2519/1309 1972/2507/1297 1983/2518/1308
f 1996/2531/1321 1997/2532/1322 1985/2520/1310 1984/2519/1309
f 1997/2532/1322 1998/2533/1323 1986/2521/1311 1985/2520/1310
f 1998/2533/1323 1999/2534/1324 1987/2522/1312 1986/2521/1311
f 1999/2534/1324 2000/2535/1325 1988/2523/1313 1987/2522/1312
f 2000/2535/1325 2001/2536/1326 1989/2524/1314 1988/2523/1313
f 2001/2536/1326 2002/2537/1327 1990/2525/1315 1989/2524/1314
f 2002/2537/1327 2003/2538/1328 1991/2526/1316 1990/2525/1315
f 2003/2538/1328 2004/2539/1329 1992/2527/1317 1991/2526/1316
f 2004/2539/1329 2005/2540/1330 1993/2528/1318 1992/2527/1317
f 2005/2540/1330 2006/2541/1331 1994/2529/1319 1993/2528/1318
f 1994/2529/1319 2006/2541/1331 2007/2542/1332 1995/2530/1320
f 1995/2530/1320 2007/2542/1332 1996/2531/1321 1984/2519/1309
f 2008/2543/1296 2009/2544/1297 2010/2545/1298
f 2008/2543/1296 2010/2545/1298 2011/2546/1333
f 2008/2543/1296 2011/2546/1333 2012/2547/1300
f 2008/2543/1296 2012/2547/1300 2013/2548/1301
f 2008/2543/1296 2013/2548/1301 2014/2549/1302
f 2008/2543/1296 2014/2549/1302 2015/2550/1303
f 2008/2543/1296 2015/2550/1303 2016/2551/1304
f 2008/2543/1296 2016/2551/1304 2017/2552/1305
f 2008/2543/1296 2017/2552/1305 2018/2553/1306
f 2008/2543/1296 2018/2553/1306 2019/2554/1307
f 2008/2543/1296 2019/2554/1307 2020/2555/1308
f 2008/2543/1296 2020/2555/1308 2009/2544/1297
f 2021/2556/1309 2022/2557/1310 2010/2545/1298 2009/2544/1297
f 2022/2557/1310 2023/2558/1311 2011/2546/1333 2010/2545/1298
f 2023/2558/1311 2024/2559/1334 2012/2547/1300 2011/2546/1333
f 2024/2559/1334 2025/2560/1313 2013/2548/1301 2012/2547/1300
f 2025/2560/1313 2026/2561/1314 2014/2549/1302 2013/2548/1301
f 2026/2561/1314 2027/2562/1315 2015/2550/1303 2014/2549/1302
f 2027/2562/1315 2028/2563/1316 2016/2551/1304 2015/2550/1303
f 2028/2563/1316 2029/2564/1317 2017/2552/1305 2016/2551/1304
f 2029/2564/1317 2030/2565/1318 2018/2553/1306 2017/2552/1305
f 2030/2565/1318 2031/2566/1335 2019/2554/1307 2018/2553/1306
f 2031/2566/1335 2032/2567/1320 2020/2555/1308 2019/2554/1307
f 2032/2567/1320 2021/2556/1309 2009/2544/1297 2020/2555/1308
f 2033/2568/1321 2034/2569/1322 2022/2557/1310 2021/2556/1309
f 2034/2569/1322 2035/2570/1336 2023/2558/1311 2022/2557/1310
f 2035/2570/1336 2036/2571/1324 2024/2559/1334 2023/2558/1311
f 2036/2571/1324 2037/2572/1325 2025/2560/1313 2024/2559/1334
f 2037/2572/1325 2038/2573/1326 2026/2561/1314 2025/2560/1313
f 2038/2573/1326 2039/2574/1327 2027/2562/1315 2026/2561/1314
f 2039/2574/1327 2040/2575/1328 2028/2563/1316 2027/2562/1315
f 2040/2575/1328 2041/2576/1329 2029/2564/1317 2028/2563/1316
f 2041/2576/1329 2042/2577/1330 2030/2565/1318 2029/2564/1317
f 2042/2577/1330 2043/2578/1331 2031/2566/1335 2030/2565/1318
f 2043/2578/1331 2044/2579/1332 2032/2567/1320 2031/2566/1335
f 2032/2567/1320 2044/2579/1332 2033/2568/1321 2021/2556/1309
f 2045/2580/1296 2046/2581/1297 2047/2582/1298
f 2045/2580/1296 2047/2582/1298 2048/2583/1299
f 2045/2580/1296 2048/2583/1299 2049/2584/1300
f 2045/2580/1296 2049/2584/1300 2050/2585/1301
f 2045/2580/1296 2050/2585/1301 2051/2586/1302
f 2045/2580/1296 2051/2586/1302 2052/2587/1303
f 2045/2580/1296 2052/2587/1303 2053/2588/1304
f 2045/2580/1296 2053/2588/1304 2054/2589/1305
f 2045/2580/1296 2054/2589/1305 2055/2590/1306
f 2045/2580/1296 2055/2590/1306 2056/2591/1307
f 2045/2580/1296 2056/2591/1307 2057/2592/1308
f 2045/2580/1296 2057/2592/1308 2046/2581/1297
f 2058/2593/1309 2059/2594/1310 2047/2582/1298 2046/2581/1297
f 2059/2594/1310 2060/2595/1311 2048/2583/1299 2047/2582/1298
f 2060/2595/1311 2061/2596/1334 2049/2584/1300 2048/2583/1299
f 2061/2596/1334 2062/2597/1313 2050/2585/1301 2049/2584/1300
f 2062/2597/1313 2063/2598/1314 2051/2586/1302 2050/2585/1301
f 2063/2598/1314 2064/2599/1315 2052/2587/1303 2051/2586/1302
f 2064/2599/1315 2065/2600/1316 2053/2588/1304 2052/2587/1303
f 2065/2600/1316 2066/2601/1317 2054/2589/1305 2053/2588/1304
f 2066/2601/1317 2067/2602/1318 2055/2590/1306 2054/2589/1305
f 2067/2602/1318 2068/2603/1335 2056/2591/1307 2055/2590/1306
f 2068/2603/1335 2069/2604/1320 2057/2592/1308 2056/2591/1307
f 2069/2604/1320 2058/2593/1309 2046/2581/1297 2057/2592/1308
f 2070/2605/1321 2071/2606/1322 2059/2594/1310 2058/2593/1309
f 2071/2606/1322 2072/2607/1336 2060/2595/1311 2059/2594/1310
f 2072/2607/1336 2073/2608/1324 2061/2596/1334 2060/2595/1311
f 2073/2608/1324 2074/2609/1325 2062/2597/1313 2061/2596/1334
f 2074/2609/1325 2075/2610/1326 2063/2598/1314 2062/2597/1313
f 2075/2610/1326 2076/2611/1327 2064/2599/1315 2063/2598/1314
f 2076/2611/1327 2077/2612/1328 2065/2600/1316 2064/2599/1315
f 2077/2612/1328 2078/2613/1329 2066/2601/1317 2065/2600/1316
f 2078/2613/1329 2079/2614/1330 2067/2602/1318 2066/2601/1317
f 2079/2614/1330 2080/2615/1331 2068/2603/1335 2067/2602/1318
f 2080/2615/1331 2081/2616/1332 2069/2604/1320 2068/2603/1335
f 2069/2604/1320 2081/2616/1332 2070/2605/1321 2058/2593/1309
f 2082/2617/1337 2083/2618/1338 2084/2619/1339
f 2082/2617/1337 2085/2620/1340 2083/2618/1338
f 2082/2617/1337 2086/2621/1341 2085/2620/1340
f 2082/2617/1337 2087/2622/1342 2086/2621/1341
f 2082/2617/1337 2088/2623/1343 2087/2622/1342
f 2082/2617/1337 2089/2624/1344 2088/2623/1343
f 2082/2617/1337 2090/2625/1345 2089/2624/1344
f 2082/2617/1337 2091/2626/1346 2090/2625/1345
f 2082/2617/1337 2092/2627/1347 2091/2626/1346
f 2082/2617/1337 2093/2628/1348 2092/2627/1347
f 2082/2617/1337 2094/2629/1349 2093/2628/1348
f 2082/2617/1337 2084/2619/1339 2094/2629/1349
f 2083/2618/1338 2095/2630/1350 2096/2631/1351 2084/2619/1339
f 2085/2620/1340 2097/2632/1352 2095/2630/1350 2083/2618/1338
f 2086/2621/1341 2098/2633/1353 2097/2632/1352 2085/2620/1340
f 2087/2622/1342 2099/2634/1354 2098/2633/1353 2086/2621/1341
f 2088/2623/1343 2100/2635/1355 2099/2634/1354 2087/2622/1342
f 2089/2624/1344 2101/2636/1356 2100/2635/1355 2088/2623/1343
f 2090/2625/1345 2102/2637/1357 2101/2636/1356 2089/2624/1344
f 2091/2626/1346 2103/2638/1358 2102/2637/1357 2090/2625/1345
f 2092/2627/1347 2104/2639/1359 2103/2638/1358 2091/2626/1346
f 2093/2628/1348 2105/2640/1360 2104/2639/1359 2092/2627/1347
f 2094/2629/1349 2106/2641/1361 2105/2640/1360 2093/2628/1348
f 2084/2619/1339 2096/2631/1351 2106/2641/1361 2094/2629/1349
f 2095/2630/1350 2107/2642/1362 2108/2643/1363 2096/2631/1351
f 2097/2632/1352 2109/2644/1364 2107/2642/1362 2095/2630/1350
f 2098/2633/1353 2110/2645/1365 2109/2644/1364 2097/2632/1352
f 2099/2634/1354 2111/2646/1366 2110/2645/1365 2098/2633/1353
f 2100/2635/1355 2112/2647/1367 2111/2646/1366 2099/2634/1354
f 2101/2636/1356 2113/2648/1368 2112/2647/1367 2100/2635/1355
f 2102/2637/1357 2114/2649/1369 2113/2648/1368 2101/2636/1356
f 2103/2638/1358 2115/2650/1370 2114/2649/1369 2102/2637/1357
f 2104/2639/1359 2116/2651/1371 2115/2650/1370 2103/2638/1358
f 2105/2640/1360 2117/2652/1372 2116/2651/1371 2104/2639/1359
f 2105/2640/1360 2106/2641/1361 2118/2653/1373 2117/2652/1372
f 2106/2641/1361 2096/2631/1351 2108/2643/1363 2118/2653/1373
f 2119/2654/1337 2120/2655/1338 2121/2656/1339
f 2119/2654/1337 2122/2657/1340 2120/2655/1338
f 2119/2654/1337 2123/2658/1341 2122/2657/1340
f 2119/2654/1337 2124/2659/1342 2123/2658/1341
f 2119/2654/1337 2125/2660/1343 2124/2659/1342
f 2119/2654/1337 2126/2661/1344 2125/2660/1343
f 2119/2654/1337 2127/2662/1345 2126/2661/1344
f 2119/2654/1337 2128/2663/1346 2127/2662/1345
f 2119/2654/1337 2129/2664/1347 2128/2663/1346
f 2119/2654/1337 2130/2665/1348 2129/2664/1347
f 2119/2654/1337 2131/2666/1349 2130/2665/1348
f 2119/2654/1337 2121/2656/1339 2131/2666/1349
f 2120/2655/1338 2132/2667/1350 2133/2668/1351 2121/2656/1339
f 2122/2657/1340 2134/2669/1352 2132/2667/1350 2120/2655/1338
f 2123/2658/1341 2135/2670/1353 2134/2669/1352 2122/2657/1340
f 2124/2659/1342 2136/2671/1354 2135/2670/1353 2123/2658/1341
f 2125/2660/1343 2137/2672/1355 2136/2671/1354 2124/2659/1342
f 2126/2661/1344 2138/2673/1356 2137/2672/1355 2125/2660/1343
f 2127/2662/1345 2139/2674/1357 2138/2673/1356 2126/2661/1344
f 2128/2663/1346 2140/2675/1374 2139/2674/1357 2127/2662/1345
f 2129/2664/1347 2141/2676/1359 2140/2675/1374 2128/2663/1346
f 2130/2665/1348 2142/2677/1360 2141/2676/1359 2129/2664/1347
f 2131/2666/1349 2143/2678/1361 2142/2677/1360 2130/2665/1348
f 2121/2656/1339 2133/2668/1351 2143/2678/1361 2131/2666/1349
f 2132/2667/1350 2144/2679/1362 2145/2680/1363 2133/2668/1351
f 2134/2669/1352 2146/2681/1364 2144/2679/1362 2132/2667/1350
f 2135/2670/1353 2147/2682/1365 2146/2681/1364 2134/2669/1352
f 2136/2671/1354 2148/2683/1375 2147/2682/1365 2135/2670/1353
f 2137/2672/1355 2149/2684/1376 2148/2683/1375 2136/2671/1354
f 2138/2673/1356 2150/2685/1368 2149/2684/1376 2137/2672/1355
f 2139/2674/1357 2151/2686/1377 2150/2685/1368 2138/2673/1356
f 2140/2675/1374 2152/2687/1378 2151/2686/1377 2139/2674/1357
f 2141/2676/1359 2153/2688/1371 2152/2687/1378 2140/2675/1374
f 2142/2677/1360 2154/2689/1372 2153/2688/1371 2141/2676/1359
f 2142/2677/1360 2143/2678/1361 2155/2690/1373 2154/2689/1372
f 2143/2678/1361 2133/2668/1351 2145/2680/1363 2155/2690/1373
f 2156/2691/1379 2157/2692/1380 2158/2693/1381
f 2156/2691/1379 2159/2694/1382 2157/2692/1380
f 2156/2691/1379 2160/2695/1383 2159/2694/1382
f 2156/2691/1379 2161/2696/1384 2160/2695/1383
f 2156/2691/1379 2162/2697/1385 2161/2696/1384
f 2156/2691/1379 2163/2698/1386 2162/2697/1385
f 2156/2691/1379 2164/2699/1387 2163/2698/1386
f 2156/2691/1379 2165/2700/1388 2164/2699/1387
f 2156/2691/1379 2166/2701/1389 2165/2700/1388
f 2156/2691/1379 2167/2702/1390 2166/2701/1389
f 2156/2691/1379 2168/2703/1391 2167/2702/1390
f 2156/2691/1379 2158/2693/1381 2168/2703/1391
f 2157/2692/1380 2169/2704/1392 2170/2705/1393 2158/2693/1381
f 2159/2694/1382 2171/2706/1394 2169/2704/1392 2157/2692/1380
f 2160/2695/1383 2172/2707/1395 2171/2706/1394 2159/2694/1382
f 2161/2696/1384 2173/2708/1396 2172/2707/1395 2160/2695/1383
f 2162/2697/1385 2174/2709/1397 2173/2708/1396 2161/2696/1384
f 2163/2698/1386 2175/2710/1398 2174/2709/1397 2162/2697/1385
f 2164/2699/1387 2176/2711/1399 2175/2710/1398 2163/2698/1386
f 2165/2700/1388 2177/2712/1400 2176/2711/1399 2164/2699/1387
f 2166/2701/1389 2178/2713/1401 2177/2712/1400 2165/2700/1388
f 2167/2702/1390 2179/2714/1402 2178/2713/1401 2166/2701/1389
f 2168/2703/1391 2180/2715/1403 2179/2714/1402 2167/2702/1390
f 2158/2693/1381 2170/2705/1393 2180/2715/1403 2168/2703/1391
f 2169/2704/1392 2181/2716/1404 2182/2717/1405 2170/2705/1393
f 2171/2706/1394 2183/2718/1406 2181/2716/1404 2169/2704/1392
f 2172/2707/1395 2184/2719/1407 2183/2718/1406 2171/2706/1394
f 2173/2708/1396 2185/2720/1408 2184/2719/1407 2172/2707/1395
f 2174/2709/1397 2186/2721/1409 2185/2720/1408 2173/2708/1396
f 2175/2710/1398 2187/2722/1410 2186/2721/1409 2174/2709/1397
f 2176/2711/1399 2188/2723/1411 2187/2722/1410 2175/2710/1398
f 2177/2712/1400 2189/2724/1412 2188/2723/1411 2176/2711/1399
f 2178/2713/1401 2190/2725/1413 2189/2724/1412 2177/2712/1400
f 2179/2714/1402 2191/2726/1414 2190/2725/1413 2178/2713/1401
f 2180/2715/1403 2192/2727/1415 2191/2726/1414 2179/2714/1402
f 2180/2715/1403 2170/2705/1393 2182/2717/1405 2192/2727/1415
f 2193/2728/1379 2194/2729/1380 2195/2730/1381
f 2193/2728/1379 2196/2731/1382 2194/2729/1380
f 2193/2728/1379 2197/2732/1383 2196/2731/1382
f 2193/2728/1379 2198/2733/1384 2197/2732/1383
f 2193/2728/1379 2199/2734/1416 2198/2733/1384
f 2193/2728/1379 2200/2735/1386 2199/2734/1416
f 2193/2728/1379 2201/2736/1387 2200/2735/1386
f 2193/2728/1379 2202/2737/1388 2201/2736/1387
f 2193/2728/1379 2203/2738/1389 2202/2737/1388
f 2193/2728/1379 2204/2739/1390 2203/2738/1389
f 2193/2728/1379 2205/2740/1391 2204/2739/1390
f 2193/2728/1379 2195/2730/1381 2205/2740/1391
f 2194/2729/1380 2206/2741/1392 2207/2742/1393 2195/2730/1381
f 2196/2731/1382 2208/2743/1394 2206/2741/1392 2194/2729/1380
f 2197/2732/1383 2209/2744/1417 2208/2743/1394 2196/2731/1382
f 2198/2733/1384 2210/2745/1396 2209/2744/1417 2197/2732/1383
f 2199/2734/1416 2211/2746/1397 2210/2745/1396 2198/2733/1384
f 2200/2735/1386 2212/2747/1398 2211/2746/1397 2199/2734/1416
f 2201/2736/1387 2213/2748/1399 2212/2747/1398 2200/2735/1386
f 2202/2737/1388 2214/2749/1400 2213/2748/1399 2201/2736/1387
f 2203/2738/1389 2215/2750/1401 2214/2749/1400 2202/2737/1388
f 2204/2739/1390 2216/2751/1402 2215/2750/1401 2203/2738/1389
f 2205/2740/1391 2217/2752/1403 2216/2751/1402 2204/2739/1390
f 2195/2730/1381 2207/2742/1393 2217/2752/1403 2205/2740/1391
f 2206/2741/1392 2218/2753/1404 2219/2754/1405 2207/2742/1393
f 2208/2743/1394 2220/2755/1418 2218/2753/1404 2206/2741/1392
f 2209/2744/1417 2221/2756/1407 2220/2755/1418 2208/2743/1394
f 2210/2745/1396 2222/2757/1408 2221/2756/1407 2209/2744/1417
f 2211/2746/1397 2223/2758/1409 2222/2757/1408 2210/2745/1396
f 2212/2747/1398 2224/2759/1410 2223/2758/1409 2211/2746/1397
f 2213/2748/1399 2225/2760/1411 2224/2759/1410 2212/2747/1398
f 2214/2749/1400 2226/2761/1412 2225/2760/1411 2213/2748/1399
f 2215/2750/1401 2227/2762/1413 2226/2761/1412 2214/2749/1400
f 2216/2751/1402 2228/2763/1414 2227/2762/1413 2215/2750/1401
f 2217/2752/1403 2229/2764/1415 2228/2763/1414 2216/2751/1402
f 2217/2752/1403 2207/2742/1393 2219/2754/1405 2229/2764/1415
f 2230/2765/1379 2231/2766/1380 2232/2767/1381
f 2230/2765/1379 2233/2768/1382 2231/2766/1380
f 2230/2765/1379 2234/2769/1383 2233/2768/1382
f 2230/2765/1379 2235/2770/1384 2234/2769/1383
f 2230/2765/1379 2236/2771/1416 2235/2770/1384
f 2230/2765/1379 2237/2772/1386 2236/2771/1416
f 2230/2765/1379 2238/2773/1387 2237/2772/1386
f 2230/2765/1379 2239/2774/1388 2238/2773/1387
f 2230/2765/1379 2240/2775/1389 2239/2774/1388
f 2230/2765/1379 2241/2776/1390 2240/2775/1389
f 2230/2765/1379 2242/2777/1391 2241/2776/1390
f 2230/2765/1379 2232/2767/1381 2242/2777/1391
f 2231/2766/1380 2243/2778/1392 2244/2779/1393 2232/2767/1381
f 2233/2768/1382 2245/2780/1394 2243/2778/1392 2231/2766/1380
f 2234/2769/1383 2246/2781/1417 2245/2780/1394 2233/2768/1382
f 2235/2770/1384 2247/2782/1396 2246/2781/1417 2234/2769/1383
f 2236/2771/1416 2248/2783/1397 2247/2782/1396 2235/2770/1384
f 2237/2772/1386 2249/2784/1398 2248/2783/1397 2236/2771/1416
f 2238/2773/1387 2250/2785/1399 2249/2784/1398 2237/2772/1386
f 2239/2774/1388 2251/2786/1400 2250/2785/1399 2238/2773/1387
f 2240/2775/1389 2252/2787/1401 2251/2786/1400 2239/2774/1388
f 2241/2776/1390 2253/2788/1402 2252/2787/1401 2240/2775/1389
f 2242/2777/1391 2254/2789/1403 2253/2788/1402 2241/2776/1390
f 2232/2767/1381 2244/2779/1393 2254/2789/1403 2242/2777/1391
f 2243/2778/1392 2255/2790/1404 2256/2791/1405 2244/2779/1393
f 2245/2780/1394 2257/2792/1418 2255/2790/1404 2243/2778/1392
f 2246/2781/1417 2258/2793/1407 2257/2792/1418 2245/2780/1394
f 2247/2782/1396 2259/2794/1408 2258/2793/1407 2246/2781/1417
f 2248/2783/1397 2260/2795/1409 2259/2794/1408 2247/2782/1396
f 2249/2784/1398 2261/2796/1410 2260/2795/1409 2248/2783/1397
f 2250/2785/1399 2262/2797/1411 2261/2796/1410 2249/2784/1398
f 2251/2786/1400 2263/2798/1412 2262/2797/1411 2250/2785/1399
f 2252/2787/1401 2264/2799/1413 2263/2798/1412 2251/2786/1400
f 2253/2788/1402 2265/2800/1414 2264/2799/1413 2252/2787/1401
f 2254/2789/1403 2266/2801/1415 2265/2800/1414 2253/2788/1402
f 2254/2789/1403 2244/2779/1393 2256/2791/1405 2266/2801/1415
f 2267/2802/1419 2268/2803/1419 2269/2804/1419 2270/2805/1419
f 2271/2806/1420 2272/2807/1420 2273/2808/1420 2274/2809/1420
f 2275/2810/25 2276/2811/25 2277/2812/1421 2278/2813/25
f 2279/2814/1422 2280/2815/1422 2281/2816/1422 2282/2817/1422
f 2267/2802/1419 2270/2805/1419 2283/2818/1419 2284/2819/1419
f 2285/2820/91 2286/2821/91 2287/2822/91 2288/2823/91
f 2289/2824/1423 2290/2825/1420 2291/2826/1420 2292/2827/1424
f 2293/2828/115 2273/2808/115 2267/2829/115 2284/2830/115
f 2294/2831/1425 2295/2832/1426 2296/2833/1427 2297/2834/1428
f 2298/2835/1429 2299/2836/1430 2300/2837/1430 2301/2838/1431
f 2302/2839/25 2303/2840/25 2299/2836/25 2298/2835/25
f 2304/2841/1432 2294/2842/1433 2297/2843/1434 2305/2844/1435
f 2297/2834/1428 2296/2833/1427 2287/2822/1436 2286/2845/1436
f 2295/2832/1426 2294/2831/1425 2306/2846/1437 2289/2824/1438
f 2307/2847/1439 2300/2837/1430 2299/2836/1430 2308/2848/1439
f 2292/2827/1424 2309/2849/1431 2295/2832/1440 2289/2824/1423
f 2308/2848/25 2299/2836/25 2303/2840/25 2310/2850/25
f 2311/2851/25 2302/2839/25 2298/2835/25 2312/2852/1441
f 2305/2844/1435 2297/2843/1434 2286/2853/1442 2285/2854/1442
f 2313/2855/1432 2302/2856/1443 2311/2857/1444 2314/2858/1444
f 2270/2805/1419 2269/2804/1419 2281/2816/1419 2315/2859/1419
f 2282/2817/1420 2271/2806/1420 2274/2809/1420 2290/2825/1420
f 2316/2860/1445 2277/2812/1421 2276/2811/25 2317/2861/25
f 2271/2806/1422 2269/2804/1422 2268/2803/1422 2272/2807/1422
f 2270/2805/1419 2315/2859/1419 2318/2862/1419 2283/2818/1419
f 2274/2809/1420 2273/2808/1420 2293/2828/1420 2319/2863/1420
f 2320/2864/1419 2276/2865/1419 2275/2866/1419 2321/2867/1419
f 2322/2868/91 2307/2847/91 2308/2848/91 2310/2869/91
f 2323/2870/1446 2324/2871/1447 2325/2872/1448 2326/2873/1448
f 2327/2874/115 2321/2875/115 2275/2876/115 2278/2813/115
f 2301/2838/1431 2300/2837/1430 2328/2877/1430 2329/2878/1429
f 2302/2856/1443 2313/2855/1432 2330/2879/1435 2303/2880/1435
f 2300/2837/1430 2307/2847/1439 2331/2881/1439 2328/2877/1430
f 2301/2838/1431 2332/2882/1449 2312/2852/1450 2298/2835/1429
f 2322/2883/1442 2310/2884/1442 2303/2880/1435 2330/2879/1435
f 2333/2885/1443 2313/2855/1432 2314/2858/1444 2334/2886/1444
f 2314/2858/1444 2311/2857/1444 2317/2887/1419 2335/2888/1419
f 2327/2874/1420 2278/2813/1420 2277/2812/1451 2336/2889/1452
f 2337/2890/1453 2277/2891/1421 2316/2892/1445 2338/2893/1454
f 2339/2894/1455 2312/2895/1450 2332/2896/1449 2340/2897/1455
f 2340/2897/1456 2332/2896/1457 2341/2898/1458 2342/2899/1459
f 2343/2900/1460 2336/2901/1452 2277/2891/1451 2337/2890/1460
f 2344/2902/1461 2345/2903/1462 2346/2904/1463 2347/2905/1464
f 2345/2903/1465 2348/2906/1465 2349/2907/1466 2346/2904/1466
f 2350/2908/1467 2351/2909/1468 2352/2910/1469 2353/2911/1470
f 2352/2912/1471 2354/2913/1471 2355/2914/1472 2353/2915/1472
f 2338/2893/1454 2339/2894/1473 2345/2903/1462 2344/2902/1461
f 2339/2894/1455 2340/2897/1455 2348/2906/1465 2345/2903/1465
f 2342/2899/1459 2343/2916/1474 2352/2910/1469 2351/2909/1468
f 2343/2900/1460 2337/2890/1460 2354/2913/1471 2352/2912/1471
f 2356/2917/1475 2357/2918/1476 2355/2914/1477 2347/2905/1478
f 2358/2919/1479 2346/2904/1466 2349/2907/1466 2359/2920/1480
f 2359/2920/1481 2349/2907/1482 2350/2908/1483 2360/2921/1484
f 2361/2922/1485 2353/2915/1472 2355/2914/1472 2357/2918/1486
f 2362/2923/1487 2363/2924/1488 2357/2918/1489 2356/2917/1490
f 2364/2925/1491 2358/2919/1479 2359/2920/1480 2365/2926/1492
f 2365/2926/1493 2359/2920/1494 2360/2921/1495 2366/2927/1496
f 2363/2924/1497 2367/2928/1498 2361/2922/1485 2357/2918/1486
f 2368/2929/1499 2369/2930/1500 2370/2931/1501
f 2368/2929/1502 2371/2932/1503 2372/2933/1504 2369/2930/1505
f 2326/2934/1506 2373/2935/1507 2372/2933/1508 2374/2936/1509
f 2375/2937/1510 2376/2938/1511 2377/2939/1512 2378/2940/1513
f 2379/2941/1514 2380/2942/1515 2381/2943/1516 2382/2944/1517
f 2379/2941/1518 2383/2945/1519 2384/2946/1520 2380/2942/1521
f 2385/2947/1522 2386/2948/1523 2387/2949/1524 2388/2950/1525
f 2386/2951/1526 2385/2952/1527 2389/2953/1528 2390/2954/1529
f 2306/2846/1437 2280/2955/91 2279/2814/91 2289/2824/1438
f 2283/2818/1419 2391/2956/1419 2392/2957/1419 2284/2819/1419
f 2285/2820/91 2288/2823/91 2331/2881/91 2393/2958/91
f 2319/2863/1420 2394/2959/1420 2395/2960/1420 2291/2826/1420
f 2333/2885/1443 2304/2841/1432 2305/2844/1435 2396/2961/1435
f 2309/2849/1431 2292/2827/1424 2397/2962/1530 2329/2878/1429
f 2396/2961/1435 2305/2844/1435 2285/2854/1442 2393/2963/1442
f 2398/2964/1444 2334/2886/1444 2399/2965/1419 2318/2862/1419
f 2293/2828/1420 2400/2966/1420 2394/2959/1420 2319/2863/1420
f 2309/2849/1431 2401/2967/1430 2296/2833/1531 2295/2832/1440
f 2401/2967/1430 2288/2823/1439 2287/2822/1439 2296/2833/1531
f 2294/2842/1433 2304/2841/1432 2398/2964/1444 2306/2968/1532
f 2284/2830/115 2392/2969/115 2400/2966/115 2293/2828/115
f 2268/2970/115 2267/2829/115 2273/2808/115 2272/2807/115
f 2329/2878/1429 2328/2877/1430 2401/2967/1430 2309/2849/1431
f 2328/2877/1430 2331/2881/1439 2288/2823/1439 2401/2967/1430
f 2304/2841/1432 2333/2885/1443 2334/2886/1444 2398/2964/1444
f 2391/2956/1419 2320/2864/1419 2321/2867/1419 2392/2957/1419
f 2393/2958/91 2331/2881/91 2307/2847/91 2322/2868/91
f 2394/2959/1420 2336/2889/1452 2341/2971/1420 2395/2960/1420
f 2313/2855/1432 2333/2885/1443 2396/2961/1435 2330/2879/1435
f 2329/2878/1429 2397/2962/1530 2332/2882/1449 2301/2838/1431
f 2330/2879/1435 2396/2961/1435 2393/2963/1442 2322/2883/1442
f 2334/2886/1444 2314/2858/1444 2335/2888/1419 2399/2965/1419
f 2400/2966/1420 2327/2874/1420 2336/2889/1452 2394/2959/1420
f 2392/2969/115 2321/2875/115 2327/2874/115 2400/2966/115
f 2382/2944/1517 2362/2923/1487 2364/2925/1533 2379/2941/1514
f 2379/2941/1518 2364/2925/1491 2365/2926/1492 2383/2945/1519
f 2366/2927/1496 2367/2972/1534 2385/2947/1522 2388/2950/1525
f 2367/2928/1498 2363/2924/1497 2389/2953/1528 2385/2952/1527
f 2381/2943/1516 2380/2942/1515 2368/2929/1499 2370/2931/1501
f 2380/2942/1521 2384/2946/1520 2371/2932/1503 2368/2929/1502
f 2374/2936/1509 2387/2949/1524 2386/2948/1523 2376/2973/1535
f 2390/2954/1529 2377/2939/1512 2376/2938/1511 2386/2951/1526
f 2378/2940/1513 2324/2871/1447 2323/2870/1446 2375/2937/1510
f 2373/2974/1536 2402/2975/1537 2369/2930/1505 2372/2933/1504
f 2282/2817/1422 2281/2816/1422 2269/2804/1422 2271/2806/1422
f 2290/2825/1420 2274/2809/1420 2319/2863/1420 2291/2826/1420
f 2315/2859/1419 2281/2816/1419 2280/2815/1419 2306/2968/1532
f 2279/2814/1420 2282/2817/1420 2290/2825/1420 2289/2824/1423
f 2312/2852/1441 2316/2860/1445 2317/2861/25 2311/2851/25
f 2315/2859/1419 2306/2968/1532 2398/2964/1444 2318/2862/1419
f 2317/2887/1419 2276/2865/1419 2320/2864/1419 2335/2888/1419
f 2339/2894/1473 2338/2893/1454 2316/2892/1445 2312/2895/1441
f 2343/2916/1474 2342/2899/1459 2341/2898/1458 2336/2976/1538
f 2354/2913/1539 2344/2902/1461 2347/2905/1464 2355/2914/1540
f 2351/2909/1468 2350/2908/1467 2349/2907/1541 2348/2906/1542
f 2338/2893/1454 2344/2902/1461 2354/2913/1539 2337/2890/1453
f 2342/2899/1459 2351/2909/1468 2348/2906/1542 2340/2897/1456
f 2358/2919/1543 2356/2917/1475 2347/2905/1478 2346/2904/1544
f 2360/2921/1484 2350/2908/1483 2353/2911/1545 2361/2977/1546
f 2364/2925/1533 2362/2923/1487 2356/2917/1490 2358/2919/1547
f 2366/2927/1496 2360/2921/1495 2361/2977/1548 2367/2972/1534
f 2381/2943/1516 2390/2954/1549 2389/2953/1550 2382/2944/1517
f 2387/2949/1524 2384/2946/1551 2383/2945/1552 2388/2950/1525
f 2395/2960/1420 2397/2962/1530 2292/2827/1424 2291/2826/1420
f 2399/2965/1419 2391/2956/1419 2283/2818/1419 2318/2862/1419
f 2341/2971/1420 2332/2882/1449 2397/2962/1530 2395/2960/1420
f 2335/2888/1419 2320/2864/1419 2391/2956/1419 2399/2965/1419
f 2362/2923/1487 2382/2944/1517 2389/2953/1550 2363/2924/1488
f 2365/2926/1493 2366/2927/1496 2388/2950/1525 2383/2945/1552
f 2390/2954/1549 2381/2943/1516 2370/2931/1501 2377/2939/1553
f 2387/2949/1524 2374/2936/1509 2371/2932/1554 2384/2946/1551
f 2325/2872/1448 2402/2975/1537 2373/2974/1536 2326/2873/1448
f 2378/2940/1555 2377/2939/1553 2370/2931/1501
f 2326/2934/1506 2374/2936/1509 2375/2978/1556 2323/2979/1557
f 2325/2872/1558 2370/2931/1501 2369/2930/1500 2402/2975/1559
f 2325/2872/1558 2324/2871/1560 2378/2940/1555 2370/2931/1501
f 2372/2933/1508 2371/2932/1554 2374/2936/1509
f 2374/2936/1509 2376/2973/1535 2375/2978/1556
f 2403/2980/5 2404/2981/5 2405/2982/5 2406/2983/5
f 2407/2984/1561 2408/2985/1562 2409/2986/1562 2410/2987/1561
f 2411/2988/1563 2407/2984/1563 2410/2987/1563 2412/2989/1563
f 2413/2990/1564 2404/2981/1564 2403/2980/1564 2414/2991/1564
f 2415/2992/1565 2416/2993/1565 2417/2994/1565 2418/2995/1565
f 2419/2996/1566 2420/2997/1567 2421/2998/1567 2422/2999/1566
f 2423/3000/1566 2424/3001/1566 2425/3002/1568 2426/3003/1568
f 2408/2985/1562 2427/3004/1569 2428/3005/1569 2409/2986/1562
f 2429/3006/57 2423/3007/57 2426/3008/57 2430/3009/57
f 2425/3010/5 2424/3011/5 2406/2983/5 2405/2982/5
f 2417/2994/1570 2421/3012/1570 2420/3013/1570 2418/2995/1570
f 2430/3009/57 2413/2990/57 2414/2991/57 2429/3006/57
f 2418/3014/5 2431/3015/5 2432/3016/5 2415/2992/5
f 2433/3017/5 2434/3018/5 2435/3019/5 2436/3020/5
f 2437/3021/5 2405/2982/5 2404/2981/5 2438/3022/5
f 2411/2988/5 2439/3023/5 2440/3024/5 2441/3025/5
f 2442/3026/5 2443/3027/5 2444/3028/5 2445/3029/5
f 2432/3016/318 2446/3030/318 2416/2993/318 2415/2992/318
f 2435/3019/1571 2447/3031/1571 2448/3032/1571 2436/3020/1571
f 2404/2981/1571 2413/2990/1571 2449/3033/1571 2438/3022/1571
f 2450/3034/1572 2439/3023/1572 2411/2988/1572 2412/2989/1572
f 2451/3035/1573 2443/3027/1573 2442/3026/1573 2452/3036/1573
f 2453/3037/1566 2454/3038/1566 2455/3039/233 2456/3040/233
f 2457/3041/1574 2458/3042/1574 2459/3043/1574 2460/3044/1574
f 2461/3045/1566 2462/3046/1566 2463/3047/1566 2464/3048/1566
f 2426/3003/1568 2425/3002/1568 2465/3049/1568 2466/3050/1568
f 2422/3051/57 2421/3052/57 2417/3053/57 2467/3054/57
f 2461/3055/57 2464/3056/57 2468/3057/57 2469/3058/57
f 2430/3009/57 2426/3008/57 2466/3059/57 2470/3060/57
f 2454/3061/57 2471/3062/57 2472/3063/57 2455/3064/57
f 2458/3065/57 2473/3066/57 2474/3067/57 2459/3068/57
f 2441/3025/5 2440/3024/5 2453/3069/5 2456/3070/5
f 2445/3029/5 2444/3028/5 2457/3071/5 2460/3072/5
f 2419/3073/5 2431/3015/5 2418/3014/5 2420/3074/5
f 2462/3075/5 2434/3018/5 2433/3017/5 2463/3076/5
f 2465/3077/5 2425/3010/5 2405/2982/5 2437/3021/5
f 2471/3062/57 2450/3034/57 2412/2989/57 2472/3063/57
f 2473/3066/57 2451/3035/57 2452/3036/57 2474/3067/57
f 2446/3030/57 2467/3054/57 2417/3053/57 2416/2993/57
f 2447/3031/57 2469/3058/57 2468/3057/57 2448/3032/57
f 2413/2990/57 2430/3009/57 2470/3060/57 2449/3033/57
f 2431/3015/5 2433/3017/5 2436/3020/5 2432/3016/5
f 2434/3018/5 2437/3021/5 2438/3022/5 2435/3019/5
f 2411/2988/5 2441/3025/5 2408/3078/5 2407/2984/5
f 2439/3023/5 2442/3026/5 2445/3029/5 2440/3024/5
f 2443/3027/5 2403/2980/5 2406/2983/5 2444/3028/5
f 2436/3020/1564 2448/3032/1564 2446/3030/1564 2432/3016/1564
f 2438/3022/1573 2449/3033/1573 2447/3031/1573 2435/3019/1573
f 2452/3036/1571 2442/3026/1571 2439/3023/1571 2450/3034/1571
f 2414/2991/1575 2403/2980/1575 2443/3027/1575 2451/3035/1575
f 2456/3040/233 2455/3039/233 2428/3079/1576 2427/3080/1576
f 2460/3044/1574 2459/3043/1574 2454/3038/1566 2453/3037/1566
f 2424/3001/1566 2423/3000/1566 2458/3042/1574 2457/3041/1574
f 2464/3048/1566 2463/3047/1566 2419/2996/1566 2422/2999/1566
f 2466/3050/1568 2465/3049/1568 2462/3046/1566 2461/3045/1566
f 2464/3056/57 2422/3051/57 2467/3054/57 2468/3057/57
f 2470/3060/57 2466/3059/57 2461/3055/57 2469/3058/57
f 2455/3064/57 2472/3063/57 2409/3081/57 2428/3082/57
f 2459/3068/57 2474/3067/57 2471/3062/57 2454/3061/57
f 2423/3007/57 2429/3006/57 2473/3066/57 2458/3065/57
f 2408/3078/5 2441/3025/5 2456/3070/5 2427/3083/5
f 2440/3024/5 2445/3029/5 2460/3072/5 2453/3069/5
f 2444/3028/5 2406/2983/5 2424/3011/5 2457/3071/5
f 2463/3076/5 2433/3017/5 2431/3015/5 2419/3073/5
f 2462/3075/5 2465/3077/5 2437/3021/5 2434/3018/5
f 2412/2989/57 2410/2987/57 2409/3081/57 2472/3063/57
f 2474/3067/57 2452/3036/57 2450/3034/57 2471/3062/57
f 2429/3006/57 2414/2991/57 2451/3035/57 2473/3066/57
f 2448/3032/57 2468/3057/57 2467/3054/57 2446/3030/57
f 2449/3033/57 2470/3060/57 2469/3058/57 2447/3031/57
f 2475/3084/5 2476/3085/5 2477/3086/1577 2478/3087/1577
f 2478/3087/1577 2477/3086/1577 2479/3088/1578 2480/3089/1578
f 2480/3089/1578 2479/3088/1578 2481/3090/1579 2482/3091/1579
f 2482/3091/1579 2481/3090/1579 2483/3092/1580 2484/3093/1580
f 2484/3093/1580 2483/3092/1580 2485/3094/57 2486/3095/57
f 2486/3095/57 2485/3094/57 2487/3096/1581 2488/3097/1581
f 2488/3097/1581 2487/3096/1581 2489/3098/1582 2490/3099/1582
f 2490/3099/1582 2489/3098/1582 2491/3100/1583 2492/3101/1583
f 2492/3101/1583 2491/3100/1583 2493/3102/1584 2494/3103/1584
f 2494/3103/1584 2493/3102/1584 2476/3085/5 2475/3084/5
f 2495/3104/57 2496/3105/1585 2497/3106/1585 2498/3107/57
f 2497/3106/1585 2496/3105/1585 2499/3108/1586 2500/3109/1586
f 2501/3110/1587 2502/3111/91 2503/3112/91 2504/3113/1587
f 2502/3114/91 2505/3115/1588 2506/3116/1588 2503/3117/91
f 2507/3118/1589 2508/3119/1589 2509/3120/1590 2510/3121/1590
f 2510/3121/1590 2509/3120/1590 2511/3122/5 2512/3123/5
f 2512/3123/5 2511/3122/5 2513/3124/1591 2514/3125/1591
f 2514/3125/1591 2513/3124/1591 2515/3126/1592 2516/3127/1592
f 2516/3127/1592 2515/3126/1592 2517/3128/115 2518/3129/115
f 2518/3129/115 2517/3128/115 2519/3130/1593 2520/3131/1593
f 2520/3131/1593 2519/3130/1593 2521/3132/1594 2522/3133/1594
f 2522/3133/1594 2521/3132/1594 2495/3104/57 2498/3107/57
f 2523/3134/27 2524/3135/27 2525/3136/27 2526/3137/27
f 2527/3138/27 2526/3137/27 2525/3136/27 2528/3139/27
f 2525/3136/27 2529/3140/27 2528/3139/27
f 2528/3139/27 2530/3141/27 2527/3138/27
f 2531/3142/27 2526/3137/27 2527/3138/27 2532/3143/27
f 2531/3142/27 2533/3144/27 2526/3137/27
f 2523/3134/27 2526/3137/27 2534/3145/27
f 2535/3146/25 2536/3147/25 2537/3148/25 2538/3149/25
f 2539/3150/25 2538/3149/25 2537/3148/25 2540/3151/25
f 2537/3148/25 2541/3152/25 2540/3151/25
f 2540/3151/25 2542/3153/25 2539/3150/25
f 2543/3154/25 2538/3149/25 2539/3150/25 2544/3155/25
f 2543/3154/25 2545/3156/25 2538/3149/25
f 2535/3146/25 2538/3149/25 2546/3157/25
f 2547/3158/57 2548/3159/1585 2544/3160/1585 2539/3161/57
f 2549/3162/1595 2543/3163/1595 2544/3160/1585 2548/3159/1585
f 2550/3164/91 2545/3165/91 2543/3163/1595 2549/3162/1595
f 2551/3166/1596 2538/3167/1596 2545/3168/91 2550/3169/91
f 2552/3170/1590 2546/3171/1590 2538/3167/1596 2551/3166/1596
f 2553/3172/5 2535/3173/5 2546/3171/1590 2552/3170/1590
f 2554/3174/1591 2536/3175/1591 2535/3173/5 2553/3172/5
f 2555/3176/1592 2537/3177/1592 2536/3175/1591 2554/3174/1591
f 2556/3178/115 2541/3179/115 2537/3177/1592 2555/3176/1592
f 2557/3180/1593 2540/3181/1593 2541/3179/115 2556/3178/115
f 2558/3182/1594 2542/3183/1594 2540/3181/1593 2557/3180/1593
f 2547/3158/57 2539/3161/57 2542/3183/1594 2558/3182/1594
f 2495/3184/27 2530/3141/27 2528/3139/27 2496/3185/27
f 2496/3185/27 2528/3139/27 2529/3140/27 2499/3186/27
f 2529/3140/27 2525/3136/27 2559/3187/27 2499/3186/27
f 2525/3136/27 2524/3135/27 2508/3188/27 2559/3187/27
f 2508/3188/27 2524/3135/27 2523/3134/27 2509/3189/27
f 2509/3189/27 2523/3134/27 2534/3145/27 2511/3190/27
f 2511/3190/27 2534/3145/27 2526/3137/27 2513/3191/27
f 2513/3191/27 2526/3137/27 2533/3144/27 2515/3192/27
f 2515/3192/27 2533/3144/27 2531/3142/27 2517/3193/27
f 2517/3193/27 2531/3142/27 2532/3143/27 2519/3194/27
f 2519/3194/27 2532/3143/27 2527/3138/27 2521/3195/27
f 2521/3195/27 2527/3138/27 2530/3141/27 2495/3184/27
f 2497/3106/25 2548/3159/25 2547/3158/25 2498/3107/25
f 2498/3107/25 2547/3158/25 2558/3182/25 2522/3133/25
f 2522/3133/25 2558/3182/25 2557/3180/25 2520/3131/25
f 2520/3131/25 2557/3180/25 2556/3178/25 2518/3129/25
f 2518/3129/25 2556/3178/25 2555/3176/25 2516/3127/25
f 2516/3127/25 2555/3176/25 2554/3174/25 2514/3125/25
f 2514/3125/25 2554/3174/25 2553/3172/25 2512/3123/25
f 2512/3123/25 2553/3172/25 2552/3170/25 2510/3121/25
f 2510/3121/25 2552/3170/25 2551/3166/25 2507/3118/25
f 2551/3166/25 2550/3169/25 2560/3196/25 2507/3118/25
f 2550/3164/25 2549/3162/25 2500/3109/25 2560/3197/25
f 2500/3109/25 2549/3162/25 2548/3159/25 2497/3106/25
f 2500/3109/1597 2499/3108/1597 2501/3110/1597 2504/3113/1597
f 2501/3110/27 2499/3108/27 2559/3198/27 2502/3111/27
f 2559/3199/27 2508/3119/27 2505/3115/27 2502/3114/27
f 2506/3116/25 2507/3118/25 2560/3196/25 2503/3117/25
f 2560/3197/25 2500/3109/25 2504/3113/25 2503/3112/25
f 2506/3116/1598 2505/3115/1598 2508/3119/1598 2507/3118/1598
f 2561/3200/1599 2562/3201/1600 2563/3202/1601 2564/3203/1602
f 2562/3201/1600 2565/3204/1603 2566/3205/1604 2563/3202/1601
f 2565/3204/1603 2567/3206/1605 2568/3207/1606 2566/3205/1604
f 2568/3208/1606 2567/3209/1605 2569/3210/1607 2570/3211/1608
f 2569/3210/1607 2571/3212/1609 2572/3213/1610 2570/3211/1608
f 2571/3212/1609 2573/3214/1611 2574/3215/1612 2572/3213/1610
f 2573/3214/1611 2575/3216/1613 2576/3217/1614 2574/3215/1612
f 2575/3216/1613 2577/3218/1615 2578/3219/1616 2576/3217/1614
f 2577/3218/1615 2579/3220/1617 2580/3221/1618 2578/3219/1616
f 2579/3220/1617 2581/3222/1619 2582/3223/1620 2580/3221/1618
f 2581/3222/1619 2583/3224/1621 2584/3225/1622 2582/3223/1620
f 2583/3224/1621 2561/3200/1599 2564/3203/1602 2584/3225/1622
f 2571/3226/27 2569/3227/27 2567/3228/27 2575/3229/27
f 2583/3230/27 2575/3229/27 2567/3228/27 2562/3231/27
f 2567/3228/27 2565/3232/27 2562/3231/27
f 2562/3231/27 2561/3233/27 2583/3230/27
f 2579/3234/27 2575/3229/27 2583/3230/27 2581/3235/27
f 2579/3234/27 2577/3236/27 2575/3229/27
f 2571/3226/27 2575/3229/27 2573/3237/27
f 2585/3238/1623 2586/3239/1624 2587/3240/1625 2588/3241/1626
f 2589/3242/1627 2588/3241/1626 2587/3240/1625 2590/3243/1628
f 2587/3240/1625 2591/3244/1629 2590/3243/1628
f 2590/3243/1628 2592/3245/1630 2589/3242/1627
f 2593/3246/1631 2588/3241/1626 2589/3242/1627 2594/3247/1632
f 2593/3246/1631 2595/3248/1633 2588/3241/1626
f 2585/3238/1623 2588/3241/1626 2596/3249/1634
f 2564/3203/1602 2563/3202/1601 2597/3250/1635 2598/3251/1636
f 2566/3205/1604 2599/3252/1637 2597/3250/1635 2563/3202/1601
f 2599/3252/1637 2566/3205/1604 2568/3207/1606 2600/3253/1638
f 2568/3208/1606 2570/3211/1608 2601/3254/1639 2600/3255/1638
f 2570/3211/1608 2572/3213/1610 2602/3256/1640 2601/3254/1639
f 2574/3215/1612 2603/3257/1641 2602/3256/1640 2572/3213/1610
f 2576/3217/1614 2604/3258/1642 2603/3257/1641 2574/3215/1612
f 2604/3258/1642 2576/3217/1614 2578/3219/1616 2605/3259/1643
f 2605/3259/1643 2578/3219/1616 2580/3221/1618 2606/3260/1644
f 2580/3221/1618 2582/3223/1620 2607/3261/1645 2606/3260/1644
f 2584/3225/1622 2608/3262/1646 2607/3261/1645 2582/3223/1620
f 2608/3262/1646 2584/3225/1622 2564/3203/1602 2598/3251/1636
f 2609/3263/1647 2610/3264/1648 2611/3265/1649 2612/3266/1650
f 2613/3267/1651 2614/3268/1652 2611/3265/1649 2610/3264/1648
f 2615/3269/1653 2616/3270/1654 2614/3268/1652 2613/3267/1651
f 2617/3271/1655 2618/3272/1656 2616/3273/1654 2615/3274/1653
f 2619/3275/1657 2620/3276/1658 2618/3272/1656 2617/3271/1655
f 2621/3277/1659 2622/3278/1660 2620/3276/1658 2619/3275/1657
f 2623/3279/1661 2624/3280/1662 2622/3278/1660 2621/3277/1659
f 2625/3281/1663 2626/3282/1664 2624/3280/1662 2623/3279/1661
f 2627/3283/1665 2628/3284/1666 2626/3282/1664 2625/3281/1663
f 2629/3285/1667 2630/3286/1668 2628/3284/1666 2627/3283/1665
f 2631/3287/1669 2632/3288/1670 2630/3286/1668 2629/3285/1667
f 2609/3263/1647 2612/3266/1650 2632/3288/1670 2631/3287/1669
f 2633/3289/1671 2634/3290/1672 2635/3291/1673 2636/3292/1674
f 2637/3293/1675 2638/3294/1676 2639/3295/1677 2640/3296/1678
f 2641/3297/1679 2642/3298/1680 2643/3299/1681 2644/3300/1682
f 2641/3301/1679 2645/3302/1683 2646/3303/1684 2642/3304/1680
f 2647/3305/1685 2648/3306/1686 2649/3307/1687 2650/3308/1688
f 2651/3309/1689 2652/3310/5 2653/3311/1690 2654/3312/1691
f 2651/3309/1689 2655/3313/1692 2656/3314/1693 2652/3310/5
f 2657/3315/1694 2658/3316/1695 2659/3317/1696 2660/3318/1697
f 2661/3319/1698 2662/3320/1699 2663/3321/1700 2664/3322/1701
f 2661/3319/1698 2665/3323/1702 2666/3324/1703 2662/3320/1699
f 2667/3325/1704 2668/3326/1705 2669/3327/1706 2670/3328/1707
f 2636/3292/1674 2635/3291/1673 2671/3329/1708 2672/3330/1709
f 2673/3331/1710 2610/3264/1648 2609/3263/1647 2674/3332/1711
f 2675/3333/1712 2674/3332/1711 2609/3263/1647 2631/3287/1669
f 2675/3333/1712 2631/3287/1669 2676/3334/1713 2677/3335/1714
f 2678/3336/1715 2667/3325/1704 2679/3337/1716 2680/3338/1717
f 2681/3339/1718 2680/3338/1717 2679/3337/1716 2640/3296/1678
f 2681/3339/1718 2640/3296/1678 2639/3295/1677 2682/3340/1719
f 2683/3341/1720 2684/3342/1721 2615/3269/1653 2613/3267/1651
f 2683/3341/1720 2613/3267/1651 2685/3343/1722 2686/3344/1723
f 2687/3345/1724 2637/3293/1675 2688/3346/1725 2689/3347/1726
f 2690/3348/1727 2689/3349/1726 2688/3350/1725 2647/3305/1685
f 2690/3348/1727 2647/3305/1685 2650/3308/1688 2691/3351/1728
f 2692/3352/1729 2617/3271/1655 2615/3274/1653 2684/3353/1721
f 2693/3354/1730 2694/3355/1731 2621/3277/1659 2619/3275/1657
f 2693/3354/1730 2619/3275/1657 2695/3356/1732 2696/3357/1733
f 2697/3358/1734 2648/3306/1686 2698/3359/1735 2699/3360/1736
f 2700/3361/1737 2699/3360/1736 2698/3359/1735 2660/3318/1697
f 2700/3361/1737 2660/3318/1697 2659/3317/1696 2701/3362/1738
f 2702/3363/1739 2623/3279/1661 2621/3277/1659 2694/3355/1731
f 2703/3364/1740 2704/3365/1741 2627/3283/1665 2625/3281/1663
f 2703/3364/1740 2625/3281/1663 2705/3366/1742 2706/3367/1743
f 2707/3368/1744 2657/3315/1694 2708/3369/1745 2709/3370/1746
f 2710/3371/1747 2709/3370/1746 2708/3369/1745 2670/3328/1707
f 2710/3371/1747 2670/3328/1707 2669/3327/1706 2711/3372/1748
f 2712/3373/1749 2629/3285/1667 2627/3283/1665 2704/3365/1741
f 2713/3374/1750 2673/3331/1710 2674/3332/1711 2714/3375/1751
f 2715/3376/1752 2714/3375/1751 2674/3332/1711 2675/3333/1712
f 2715/3376/1752 2675/3333/1712 2677/3335/1714 2716/3377/1753
f 2672/3330/1709 2678/3336/1715 2680/3338/1717 2636/3292/1674
f 2633/3289/1671 2636/3292/1674 2680/3338/1717 2681/3339/1718
f 2633/3289/1671 2681/3339/1718 2682/3340/1719 2634/3290/1672
f 2717/3378/1754 2718/3379/1755 2684/3342/1721 2683/3341/1720
f 2717/3378/1754 2683/3341/1720 2686/3344/1723 2719/3380/1756
f 2644/3300/1682 2687/3345/1724 2689/3347/1726 2641/3297/1679
f 2645/3302/1683 2641/3301/1679 2689/3349/1726 2690/3348/1727
f 2645/3302/1683 2690/3348/1727 2691/3351/1728 2646/3303/1684
f 2720/3381/1757 2692/3352/1729 2684/3353/1721 2718/3382/1755
f 2721/3383/1758 2722/3384/1759 2694/3355/1731 2693/3354/1730
f 2721/3383/1758 2693/3354/1730 2696/3357/1733 2723/3385/1760
f 2654/3312/1691 2697/3358/1734 2699/3360/1736 2651/3309/1689
f 2655/3313/1692 2651/3309/1689 2699/3360/1736 2700/3361/1737
f 2655/3313/1692 2700/3361/1737 2701/3362/1738 2656/3314/1693
f 2724/3386/1761 2702/3363/1739 2694/3355/1731 2722/3384/1759
f 2725/3387/1762 2726/3388/1763 2704/3365/1741 2703/3364/1740
f 2725/3387/1762 2703/3364/1740 2706/3367/1743 2727/3389/1764
f 2664/3322/1701 2707/3368/1744 2709/3370/1746 2661/3319/1698
f 2665/3323/1702 2661/3319/1698 2709/3370/1746 2710/3371/1747
f 2665/3323/1702 2710/3371/1747 2711/3372/1748 2666/3324/1703
f 2728/3390/1765 2712/3373/1749 2704/3365/1741 2726/3388/1763
f 2729/3391/1766 2730/3392/1767 2731/3393/1768 2732/3394/1769
f 2733/3395/1770 2685/3343/1722 2734/3396/1771 2735/3397/1772
f 2736/3398/30 2737/3399/1773 2719/3380/1756 2738/3400/1774
f 2739/3401/1775 2740/3402/1776 2737/3403/1773 2736/3404/30
f 2741/3405/1777 2695/3356/1732 2742/3406/1778 2743/3407/1779
f 2744/3408/1780 2745/3409/1781 2746/3410/1782 2723/3385/1760
f 2747/3411/1783 2748/3412/1784 2746/3410/1782 2745/3409/1781
f 2749/3413/1785 2705/3366/1742 2750/3414/1786 2751/3415/1787
f 2752/3416/1788 2753/3417/1789 2727/3389/1764 2754/3418/1790
f 2755/3419/1791 2756/3420/1792 2753/3417/1789 2752/3416/1788
f 2757/3421/1793 2676/3334/1713 2758/3422/1794 2759/3423/1795
f 2732/3394/1769 2731/3393/1768 2716/3377/1753 2760/3424/1796
f 2668/3326/1705 2667/3325/1704 2678/3336/1715 2761/3425/1797
f 2762/3426/1798 2735/3397/1772 2734/3396/1771 2763/3427/1799
f 2638/3294/1676 2637/3293/1675 2687/3345/1724 2764/3428/1800
f 2765/3429/1801 2743/3407/1779 2742/3406/1778 2766/3430/1802
f 2697/3358/1734 2767/3431/1803 2649/3307/1687 2648/3306/1686
f 2768/3432/1804 2751/3415/1787 2750/3414/1786 2769/3433/1805
f 2658/3316/1695 2657/3315/1694 2707/3368/1744 2770/3434/1806
f 2771/3435/1807 2759/3423/1795 2758/3422/1794 2772/3436/1808
f 2672/3330/1709 2671/3329/1708 2761/3425/1797 2678/3336/1715
f 2730/3392/1767 2729/3391/1766 2762/3426/1798 2763/3427/1799
f 2644/3300/1682 2643/3299/1681 2764/3428/1800 2687/3345/1724
f 2740/3402/1776 2739/3401/1775 2765/3429/1801 2766/3430/1802
f 2654/3312/1691 2653/3311/1690 2767/3431/1803 2697/3358/1734
f 2748/3412/1784 2747/3411/1783 2768/3432/1804 2769/3433/1805
f 2664/3322/1701 2663/3321/1700 2770/3434/1806 2707/3368/1744
f 2756/3420/1792 2755/3419/1791 2771/3435/1807 2772/3436/1808
f 2773/3437/1809 2677/3335/1714 2676/3334/1713 2757/3421/1793
f 2774/3438/1810 2686/3344/1723 2685/3343/1722 2733/3395/1770
f 2695/3356/1732 2741/3405/1777 2775/3439/1811 2696/3357/1733
f 2776/3440/1812 2706/3367/1743 2705/3366/1742 2749/3413/1785
f 2716/3377/1753 2677/3335/1714 2773/3437/1809 2760/3424/1796
f 2719/3380/1756 2686/3344/1723 2774/3438/1810 2738/3400/1774
f 2723/3385/1760 2696/3357/1733 2775/3439/1811 2744/3408/1780
f 2727/3389/1764 2706/3367/1743 2776/3440/1812 2754/3418/1790
f 2730/3392/1767 2713/3374/1750 2714/3375/1751 2731/3393/1768
f 2685/3343/1722 2613/3267/1651 2610/3264/1648 2734/3396/1771
f 2737/3399/1773 2718/3379/1755 2717/3378/1754 2719/3380/1756
f 2740/3402/1776 2720/3381/1757 2718/3382/1755 2737/3403/1773
f 2695/3356/1732 2619/3275/1657 2617/3271/1655 2742/3406/1778
f 2723/3385/1760 2746/3410/1782 2722/3384/1759 2721/3383/1758
f 2748/3412/1784 2724/3386/1761 2722/3384/1759 2746/3410/1782
f 2705/3366/1742 2625/3281/1663 2623/3279/1661 2750/3414/1786
f 2753/3417/1789 2726/3388/1763 2725/3387/1762 2727/3389/1764
f 2756/3420/1792 2728/3390/1765 2726/3388/1763 2753/3417/1789
f 2676/3334/1713 2631/3287/1669 2629/3285/1667 2758/3422/1794
f 2731/3393/1768 2714/3375/1751 2715/3376/1752 2716/3377/1753
f 2673/3331/1710 2763/3427/1799 2734/3396/1771 2610/3264/1648
f 2692/3352/1729 2766/3430/1802 2742/3406/1778 2617/3271/1655
f 2702/3363/1739 2769/3433/1805 2750/3414/1786 2623/3279/1661
f 2712/3373/1749 2772/3436/1808 2758/3422/1794 2629/3285/1667
f 2713/3374/1750 2730/3392/1767 2763/3427/1799 2673/3331/1710
f 2720/3381/1757 2740/3402/1776 2766/3430/1802 2692/3352/1729
f 2724/3386/1761 2748/3412/1784 2769/3433/1805 2702/3363/1739
f 2728/3390/1765 2756/3420/1792 2772/3436/1808 2712/3373/1749
f 2732/3394/25 2635/3291/25 2634/3290/1813 2729/3391/1814
f 2732/3394/25 2760/3424/1815 2671/3329/1815 2635/3291/25
f 2773/3437/1816 2761/3425/1817 2671/3329/1815 2760/3424/1815
f 2757/3421/1818 2668/3326/1818 2761/3425/1817 2773/3437/1816
f 2759/3423/1819 2669/3327/1820 2668/3326/1818 2757/3421/1818
f 2759/3423/1819 2771/3435/1501 2711/3372/1821 2669/3327/1820
f 2755/3419/1822 2666/3324/1823 2711/3372/1821 2771/3435/1501
f 2752/3416/25 2662/3320/25 2666/3324/1823 2755/3419/1822
f 2752/3416/25 2754/3418/1824 2663/3321/1825 2662/3320/25
f 2754/3418/1824 2776/3440/1826 2770/3434/1827 2663/3321/1825
f 2749/3413/1828 2658/3316/1829 2770/3434/1827 2776/3440/1826
f 2749/3413/1828 2751/3415/1830 2659/3317/1831 2658/3316/1829
f 2701/3362/1832 2659/3317/1831 2751/3415/1830 2768/3432/1833
f 2768/3432/1833 2747/3411/1834 2656/3314/1835 2701/3362/1832
f 2745/3409/1836 2652/3310/1836 2656/3314/1835 2747/3411/1834
f 2745/3409/1836 2744/3408/1837 2653/3311/1838 2652/3310/1836
f 2775/3439/1839 2767/3431/1840 2653/3311/1838 2744/3408/1837
f 2767/3431/1840 2775/3439/1839 2741/3405/1841 2649/3307/1842
f 2743/3407/1843 2650/3308/1844 2649/3307/1842 2741/3405/1841
f 2743/3407/1843 2765/3429/1845 2691/3351/1846 2650/3308/1844
f 2739/3401/1847 2646/3303/1848 2691/3351/1846 2765/3429/1845
f 2736/3404/25 2642/3304/25 2646/3303/1848 2739/3401/1847
f 2736/3398/25 2738/3400/1849 2643/3299/1850 2642/3298/25
f 2774/3438/1851 2764/3428/1852 2643/3299/1850 2738/3400/1849
f 2733/3395/1819 2638/3294/1820 2764/3428/1852 2774/3438/1851
f 2735/3397/1853 2639/3295/1854 2638/3294/1820 2733/3395/1819
f 2735/3397/1853 2762/3426/1855 2682/3340/1856 2639/3295/1854
f 2762/3426/1855 2729/3391/1814 2634/3290/1813 2682/3340/1856
f 2598/3251/1636 2597/3250/1635 2640/3296/1678 2679/3337/1716
f 2599/3252/1637 2637/3293/1675 2640/3296/1678 2597/3250/1635
f 2637/3293/1675 2599/3252/1637 2600/3253/1638 2688/3346/1725
f 2600/3255/1638 2601/3254/1639 2647/3305/1685 2688/3350/1725
f 2602/3256/1640 2648/3306/1686 2647/3305/1685 2601/3254/1639
f 2603/3257/1641 2698/3359/1735 2648/3306/1686 2602/3256/1640
f 2604/3258/1642 2660/3318/1697 2698/3359/1735 2603/3257/1641
f 2605/3259/1643 2657/3315/1694 2660/3318/1697 2604/3258/1642
f 2657/3315/1694 2605/3259/1643 2606/3260/1644 2708/3369/1745
f 2606/3260/1644 2607/3261/1645 2670/3328/1707 2708/3369/1745
f 2608/3262/1646 2667/3325/1704 2670/3328/1707 2607/3261/1645
f 2667/3325/1704 2608/3262/1646 2598/3251/1636 2679/3337/1716
f 2589/3441/1627 2612/3266/1857 2611/3265/1858 2594/3442/1632
f 2594/3442/1632 2611/3265/1858 2614/3268/1859 2593/3443/1631
f 2593/3443/1631 2614/3268/1859 2616/3270/1860 2595/3444/1633
f 2595/3445/1633 2616/3273/1860 2618/3272/1861 2588/3446/1626
f 2588/3446/1626 2618/3272/1861 2620/3276/1862 2596/3447/1634
f 2596/3447/1634 2620/3276/1862 2622/3278/1863 2585/3448/1623
f 2585/3448/1623 2622/3278/1863 2624/3280/1864 2586/3449/1624
f 2586/3449/1624 2624/3280/1864 2626/3282/1865 2587/3450/1625
f 2587/3450/1625 2626/3282/1865 2628/3284/1866 2591/3451/1629
f 2591/3451/1629 2628/3284/1866 2630/3286/1867 2590/3452/1628
f 2590/3452/1628 2630/3286/1867 2632/3288/1868 2592/3453/1630
f 2592/3453/1630 2632/3288/1868 2612/3266/1857 2589/3441/1627
f 2777/3454/57 2778/3455/57 2779/3456/1869 2780/3457/1869
f 2780/3457/1869 2779/3456/1869 2781/3458/1870 2782/3459/1871
f 2783/3460/1872 2784/3461/91 2785/3462/91 2786/3463/1872
f 2785/3462/91 2784/3461/91 2787/3464/1873 2788/3465/1873
f 2789/3466/1874 2790/3467/1875 2791/3468/1876 2792/3469/1876
f 2792/3469/1876 2791/3468/1876 2793/3470/5 2794/3471/5
f 2794/3471/5 2793/3470/5 2795/3472/1877 2796/3473/1877
f 2796/3473/1877 2795/3472/1877 2797/3474/1878 2798/3475/1878
f 2798/3475/1878 2797/3474/1878 2799/3476/115 2800/3477/115
f 2800/3478/115 2799/3479/115 2801/3480/1879 2802/3481/1879
f 2802/3481/1879 2801/3480/1879 2803/3482/1880 2804/3483/1880
f 2804/3483/1880 2803/3482/1880 2778/3455/57 2777/3454/57
f 2799/3484/27 2797/3485/27 2795/3486/27 2803/3487/27
f 2805/3488/27 2803/3487/27 2795/3486/27 2791/3489/27
f 2795/3486/27 2793/3490/27 2791/3489/27
f 2791/3489/27 2790/3491/27 2805/3488/27
f 2779/3492/27 2803/3487/27 2805/3488/27 2781/3493/27
f 2779/3492/27 2778/3494/27 2803/3487/27
f 2799/3484/27 2803/3487/27 2801/3495/27
f 2806/3496/25 2807/3497/25 2808/3498/25 2809/3499/25
f 2810/3500/25 2809/3499/25 2808/3498/25 2811/3501/25
f 2808/3498/25 2812/3502/25 2811/3501/25
f 2811/3501/25 2813/3503/25 2810/3500/25
f 2814/3504/25 2809/3499/25 2810/3500/25 2815/3505/25
f 2814/3504/25 2816/3506/25 2809/3499/25
f 2806/3496/25 2809/3499/25 2817/3507/25
f 2780/3457/1869 2818/3508/1869 2819/3509/57 2777/3454/57
f 2782/3459/1871 2820/3510/1881 2818/3508/1869 2780/3457/1869
f 2820/3510/1881 2821/3511/91 2810/3512/91 2813/3513/1881
f 2821/3514/91 2822/3515/1882 2815/3516/1883 2810/3517/91
f 2792/3469/1876 2823/3518/1876 2822/3515/1882 2789/3466/1874
f 2794/3471/5 2824/3519/5 2823/3518/1876 2792/3469/1876
f 2796/3473/1877 2825/3520/1877 2824/3519/5 2794/3471/5
f 2798/3475/1878 2826/3521/1884 2825/3520/1877 2796/3473/1877
f 2800/3477/115 2827/3522/115 2826/3521/1884 2798/3475/1878
f 2802/3481/1879 2828/3523/1885 2827/3524/115 2800/3478/115
f 2804/3483/1880 2829/3525/1880 2828/3523/1885 2802/3481/1879
f 2777/3454/57 2819/3509/57 2829/3525/1880 2804/3483/1880
f 2830/3526/1886 2781/3458/1886 2805/3527/1886 2831/3528/1886
f 2805/3529/1887 2790/3467/1887 2832/3530/1887 2831/3531/1887
f 2833/3532/1888 2789/3466/1888 2834/3533/1888 2835/3534/1888
f 2834/3535/1889 2782/3459/1889 2836/3536/1889 2835/3537/1889
f 2836/3536/57 2782/3459/57 2781/3458/57 2830/3526/57
f 2831/3528/1890 2784/3461/1890 2783/3460/1890 2830/3526/1890
f 2787/3464/1891 2784/3461/1891 2831/3531/1891 2832/3530/1891
f 2832/3530/5 2833/3532/5 2788/3465/5 2787/3464/5
f 2835/3534/1892 2785/3462/1892 2788/3465/1893 2833/3532/1893
f 2786/3463/1894 2785/3462/1892 2835/3537/1892 2836/3536/1894
f 2786/3463/57 2836/3536/57 2830/3526/57 2783/3460/57
f 2790/3467/5 2789/3466/5 2833/3532/5 2832/3530/5
f 2819/3509/57 2818/3508/1869 2811/3538/1869 2812/3539/57
f 2820/3510/1881 2813/3513/1881 2811/3538/1869 2818/3508/1869
f 2820/3510/1881 2782/3459/1871 2834/3535/91 2821/3511/91
f 2821/3514/91 2834/3533/91 2789/3466/1874 2822/3515/1882
f 2823/3518/1876 2814/3540/1876 2815/3516/1883 2822/3515/1882
f 2824/3519/5 2816/3541/5 2814/3540/1876 2823/3518/1876
f 2825/3520/1877 2809/3542/1877 2816/3541/5 2824/3519/5
f 2826/3521/1884 2817/3543/1895 2809/3542/1877 2825/3520/1877
f 2837/3544/115 2838/3545/115 2839/3546/1896 2840/3547/1896
f 2841/3548/1897 2842/3549/1897 2838/3550/115 2837/3551/115
f 2829/3525/1880 2808/3552/1880 2807/3553/1898 2828/3523/1885
f 2819/3509/57 2812/3539/57 2808/3552/1880 2829/3525/1880
f 2839/3546/25 2838/3545/25 2806/3554/25 2817/3543/25
f 2839/3546/5 2817/3543/5 2826/3521/5 2840/3547/5
f 2840/3547/27 2826/3521/27 2827/3522/27 2837/3544/27
f 2841/3548/27 2837/3551/27 2827/3524/27 2828/3523/27
f 2828/3523/57 2807/3553/57 2842/3549/57 2841/3548/57
f 2842/3549/25 2807/3553/25 2806/3555/25 2838/3550/25
f 2843/3556/57 2844/3557/57 2845/3558/1585 2846/3559/1585
f 2846/3559/1585 2845/3558/1585 2847/3560/1595 2848/3561/1595
f 2848/3561/1595 2847/3560/1595 2849/3562/91 2850/3563/91
f 2850/3563/91 2849/3562/91 2851/3564/1596 2852/3565/1596
f 2852/3565/1596 2851/3564/1596 2853/3566/1590 2854/3567/1590
f 2854/3567/1590 2853/3566/1590 2855/3568/5 2856/3569/5
f 2856/3569/5 2855/3568/5 2857/3570/1591 2858/3571/1591
f 2858/3571/1591 2857/3570/1591 2859/3572/1592 2860/3573/1592
f 2860/3573/1592 2859/3572/1592 2861/3574/115 2862/3575/115
f 2862/3576/115 2861/3577/115 2863/3578/1593 2864/3579/1593
f 2864/3579/1593 2863/3578/1593 2865/3580/1594 2866/3581/1594
f 2866/3581/1594 2865/3580/1594 2844/3557/57 2843/3556/57
f 2853/3582/27 2851/3583/27 2849/3584/27 2857/3585/27
f 2865/3586/27 2857/3585/27 2849/3584/27 2845/3587/27
f 2849/3584/27 2847/3588/27 2845/3587/27
f 2845/3587/27 2844/3589/1899 2865/3586/27
f 2861/3590/27 2857/3585/27 2865/3586/27 2863/3591/27
f 2861/3590/27 2859/3592/27 2857/3585/27
f 2853/3582/27 2857/3585/27 2855/3593/1900
f 2867/3594/25 2868/3595/25 2869/3596/25 2870/3597/25
f 2871/3598/25 2870/3597/25 2869/3596/25 2872/3599/25
f 2869/3596/25 2873/3600/25 2872/3599/25
f 2872/3599/25 2874/3601/25 2871/3598/25
f 2875/3602/25 2870/3597/25 2871/3598/25 2876/3603/25
f 2875/3602/25 2877/3604/25 2870/3597/25
f 2867/3594/25 2870/3597/25 2878/3605/25
f 2879/3606/1585 2880/3607/1585 2881/3608/57 2882/3609/57
f 2883/3610/1595 2884/3611/1595 2880/3607/1585 2879/3606/1585
f 2885/3612/91 2886/3613/91 2884/3611/1595 2883/3610/1595
f 2887/3614/1596 2888/3615/1596 2886/3613/91 2885/3612/91
f 2889/3616/1590 2890/3617/1590 2888/3615/1596 2887/3614/1596
f 2891/3618/5 2892/3619/5 2890/3617/1590 2889/3616/1590
f 2893/3620/1591 2894/3621/1591 2892/3619/5 2891/3618/5
f 2895/3622/1592 2896/3623/1592 2894/3621/1591 2893/3620/1591
f 2897/3624/115 2898/3625/115 2896/3623/1592 2895/3622/1592
f 2899/3626/1593 2900/3627/1593 2898/3628/115 2897/3629/115
f 2901/3630/1594 2902/3631/1594 2900/3627/1593 2899/3626/1593
f 2882/3609/57 2881/3608/57 2902/3631/1594 2901/3630/1594
f 2880/3632/25 2876/3603/25 2871/3598/25 2881/3633/25
f 2881/3633/25 2871/3598/25 2874/3601/25 2902/3634/25
f 2902/3634/25 2874/3601/25 2872/3599/25 2900/3635/25
f 2900/3635/25 2872/3599/25 2873/3600/25 2898/3636/25
f 2898/3636/25 2873/3600/25 2869/3596/25 2896/3637/25
f 2896/3637/25 2869/3596/25 2868/3595/25 2894/3638/25
f 2894/3638/25 2868/3595/25 2867/3594/25 2892/3639/25
f 2892/3639/25 2867/3594/25 2878/3605/25 2890/3640/25
f 2890/3640/25 2878/3605/25 2870/3597/25 2888/3641/25
f 2888/3641/25 2870/3597/25 2877/3604/25 2886/3642/25
f 2886/3642/25 2877/3604/25 2875/3602/25 2884/3643/25
f 2884/3643/25 2875/3602/25 2876/3603/25 2880/3632/25
f 2843/3556/27 2846/3559/27 2879/3606/27 2882/3609/27
f 2846/3559/27 2848/3561/27 2883/3610/27 2879/3606/27
f 2848/3561/27 2850/3563/27 2885/3612/27 2883/3610/27
f 2850/3563/27 2852/3565/27 2887/3614/27 2885/3612/27
f 2852/3565/27 2854/3567/27 2889/3616/27 2887/3614/27
f 2854/3567/27 2856/3569/27 2891/3618/27 2889/3616/27
f 2856/3569/27 2858/3571/27 2893/3620/27 2891/3618/27
f 2858/3571/27 2860/3573/27 2895/3622/27 2893/3620/27
f 2860/3573/27 2862/3575/27 2897/3624/27 2895/3622/27
f 2862/3576/27 2864/3579/27 2899/3626/27 2897/3629/27
f 2864/3579/27 2866/3581/27 2901/3630/27 2899/3626/27
f 2866/3581/27 2843/3556/27 2882/3609/27 2901/3630/27
f 2903/3644/57 2904/3645/1585 2905/3646/1585 2906/3647/57
f 2905/3646/1585 2904/3645/1585 2907/3648/1595 2908/3649/1595
f 2908/3649/1595 2907/3648/1595 2909/3650/91 2910/3651/91
f 2909/3650/91 2911/3652/1596 2912/3653/1596 2910/3651/91
f 2912/3653/1596 2911/3652/1596 2913/3654/1590 2914/3655/1590
f 2914/3655/1590 2913/3654/1590 2915/3656/5 2916/3657/5
f 2916/3657/5 2915/3656/5 2917/3658/1591 2918/3659/1591
f 2918/3659/1591 2917/3658/1591 2919/3660/1592 2920/3661/1592
f 2920/3661/1592 2919/3660/1592 2921/3662/115 2922/3663/115
f 2922/3664/115 2921/3665/115 2923/3666/1593 2924/3667/1593
f 2924/3667/1593 2923/3666/1593 2925/3668/1594 2926/3669/1594
f 2926/3669/1594 2925/3668/1594 2903/3644/57 2906/3647/57
f 2927/3670/27 2928/3671/27 2929/3672/27 2930/3673/27
f 2931/3674/27 2930/3673/27 2929/3672/27 2932/3675/27
f 2929/3672/27 2933/3676/27 2932/3675/27
f 2932/3675/27 2934/3677/27 2931/3674/27
f 2935/3678/27 2930/3673/27 2931/3674/27 2936/3679/27
f 2935/3678/27 2937/3680/27 2930/3673/27
f 2927/3670/27 2930/3673/27 2938/3681/27
f 2939/3682/25 2940/3683/25 2941/3684/25 2942/3685/25
f 2943/3686/25 2942/3685/25 2941/3684/25 2944/3687/25
f 2941/3684/25 2945/3688/25 2944/3687/25
f 2944/3687/25 2946/3689/25 2943/3686/25
f 2947/3690/25 2942/3685/25 2943/3686/25 2948/3691/25
f 2947/3690/25 2949/3692/25 2942/3685/25
f 2939/3682/25 2942/3685/25 2950/3693/25
f 2951/3694/57 2952/3695/1585 2953/3696/1585 2954/3697/57
f 2955/3698/1595 2956/3699/1901 2953/3696/1585 2952/3695/1585
f 2957/3700/91 2958/3701/91 2956/3699/1901 2955/3698/1595
f 2957/3700/91 2959/3702/1596 2960/3703/1902 2958/3701/91
f 2961/3704/1590 2962/3705/1590 2960/3703/1902 2959/3702/1596
f 2963/3706/5 2964/3707/5 2962/3705/1590 2961/3704/1590
f 2965/3708/1591 2966/3709/1591 2964/3707/5 2963/3706/5
f 2967/3710/1592 2968/3711/1903 2966/3709/1591 2965/3708/1591
f 2969/3712/115 2970/3713/115 2968/3711/1903 2967/3710/1592
f 2971/3714/1593 2972/3715/1904 2970/3716/115 2969/3717/115
f 2973/3718/1594 2974/3719/1594 2972/3715/1904 2971/3714/1593
f 2951/3694/57 2954/3697/57 2974/3719/1594 2973/3718/1594
f 2903/3644/27 2934/3720/27 2932/3721/27 2904/3645/27
f 2904/3645/27 2932/3721/27 2933/3722/27 2907/3648/27
f 2907/3648/27 2933/3722/27 2929/3723/27 2909/3650/27
f 2929/3723/27 2928/3724/27 2911/3652/27 2909/3650/27
f 2911/3652/27 2928/3724/27 2927/3725/27 2913/3654/27
f 2913/3654/27 2927/3725/27 2938/3726/27 2915/3656/27
f 2915/3656/27 2938/3726/27 2930/3727/27 2917/3658/27
f 2917/3658/27 2930/3727/27 2937/3728/27 2919/3660/27
f 2919/3660/27 2937/3728/27 2935/3729/27 2921/3662/27
f 2921/3665/27 2935/3730/27 2936/3731/27 2923/3666/27
f 2923/3666/27 2936/3731/27 2931/3732/27 2925/3668/27
f 2925/3668/27 2931/3732/27 2934/3720/27 2903/3644/27
f 2905/3646/25 2952/3695/25 2951/3694/25 2906/3647/25
f 2906/3647/25 2951/3694/25 2973/3718/25 2926/3669/25
f 2926/3669/25 2973/3718/25 2971/3714/25 2924/3667/25
f 2924/3667/25 2971/3714/25 2969/3717/25 2922/3664/25
f 2922/3663/25 2969/3712/25 2967/3710/25 2920/3661/25
f 2920/3661/25 2967/3710/25 2965/3708/25 2918/3659/25
f 2918/3659/25 2965/3708/25 2963/3706/25 2916/3657/25
f 2916/3657/25 2963/3706/25 2961/3704/25 2914/3655/25
f 2914/3655/25 2961/3704/25 2959/3702/25 2912/3653/25
f 2959/3702/25 2957/3700/25 2910/3651/25 2912/3653/25
f 2910/3651/25 2957/3700/25 2955/3698/25 2908/3649/25
f 2908/3649/25 2955/3698/25 2952/3695/25 2905/3646/25
f 2975/3733/25 2976/3734/25 2977/3735/25 2978/3736/25
f 2978/3736/25 2977/3735/25 2979/3737/25 2980/3738/25
f 2980/3738/25 2979/3737/25 2981/3739/25 2982/3740/25
f 2981/3739/25 2983/3741/25 2984/3742/25 2982/3740/25
f 2984/3742/25 2983/3741/25 2985/3743/25 2986/3744/25
f 2986/3744/25 2985/3743/25 2987/3745/25 2988/3746/25
f 2988/3746/25 2987/3745/25 2989/3747/25 2990/3748/25
f 2990/3748/25 2989/3747/25 2991/3749/25 2992/3750/25
f 2992/3750/25 2991/3749/25 2993/3751/25 2994/3752/25
f 2994/3753/25 2993/3754/25 2995/3755/25 2996/3756/25
f 2996/3756/25 2995/3755/25 2997/3757/25 2998/3758/25
f 2998/3758/25 2997/3757/25 2976/3734/25 2975/3733/25
f 2956/3759/1901 2958/3760/91 2999/3761/91 3000/3762/1901
f 2958/3760/91 2960/3763/1902 3001/3764/1902 2999/3761/91
f 2968/3711/1903 2970/3765/115 3002/3766/115 3003/3767/1903
f 3002/3766/115 2970/3765/115 2972/3768/1904 3004/3769/1904
f 2944/3770/1905 2945/3771/91 3005/3772/91 3006/3773/1905
f 3005/3772/91 2945/3771/91 2941/3774/1906 3007/3775/1906
f 2942/3776/1907 2949/3777/115 3008/3778/115 3009/3779/1907
f 3008/3778/115 2949/3777/115 2947/3780/1908 3010/3781/1908
f 2976/3734/57 3011/3782/57 3012/3783/1585 2977/3735/1585
f 2977/3735/1585 3012/3783/1585 3000/3784/1901 2979/3737/1595
f 2979/3737/1595 3000/3784/1901 2999/3785/91 2981/3739/91
f 2999/3785/91 3001/3786/1902 2983/3741/1596 2981/3739/91
f 2983/3741/1596 3001/3786/1902 3013/3787/1590 2985/3743/1590
f 2985/3743/1590 3013/3787/1590 3014/3788/5 2987/3745/5
f 2987/3745/5 3014/3788/5 3015/3789/1591 2989/3747/1591
f 2989/3747/1591 3015/3789/1591 3003/3790/1903 2991/3749/1592
f 2991/3749/1592 3003/3790/1903 3002/3791/115 2993/3751/115
f 2993/3754/115 3002/3792/115 3004/3793/1904 2995/3755/1593
f 2995/3755/1593 3004/3793/1904 3016/3794/1594 2997/3757/1594
f 2997/3757/1594 3016/3794/1594 3011/3782/57 2976/3734/57
f 3017/3795/1591 3018/3796/1591 3019/3797/5 3020/3798/5
f 3020/3798/5 3019/3797/5 3021/3799/1590 3022/3800/1590
f 3022/3800/1590 3021/3799/1590 3023/3801/1596 3024/3802/1596
f 3024/3802/1596 3023/3801/1596 3025/3803/91 3026/3804/91
f 3026/3804/91 3025/3803/91 3027/3805/1595 3028/3806/1595
f 3028/3806/1595 3027/3805/1595 3029/3807/1585 3030/3808/1585
f 3030/3808/1585 3029/3807/1585 3031/3809/57 3032/3810/57
f 3032/3810/57 3031/3809/57 3033/3811/1594 3034/3812/1594
f 3034/3812/1594 3033/3811/1594 3035/3813/1593 3036/3814/1593
f 3035/3813/1593 3037/3815/115 3038/3816/115 3036/3814/1593
f 3038/3816/115 3037/3815/115 3039/3817/1592 3040/3818/1592
f 3040/3818/1592 3039/3817/1592 3018/3796/1591 3017/3795/1591
f 2948/3819/25 2953/3696/25 2956/3699/25 2947/3820/25
f 2956/3759/1909 3000/3762/1909 3010/3781/1909 2947/3780/1909
f 3010/3821/27 3000/3822/27 3012/3823/27 3041/3824/27
f 3041/3824/27 3012/3823/27 3011/3825/27 3042/3826/27
f 3042/3826/27 3011/3825/27 3016/3827/27 3043/3828/27
f 3043/3828/27 3016/3827/27 3004/3829/27 3006/3830/27
f 3004/3769/1910 2972/3768/1910 2944/3770/1910 3006/3773/1910
f 2944/3831/25 2972/3715/25 2974/3719/25 2946/3832/25
f 2946/3832/25 2974/3719/25 2954/3697/25 2943/3833/25
f 2943/3833/25 2954/3697/25 2953/3696/25 2948/3819/25
f 2942/3834/25 2960/3703/25 2962/3705/25 2950/3835/25
f 2950/3835/25 2962/3705/25 2964/3707/25 2939/3836/25
f 2939/3836/25 2964/3707/25 2966/3709/25 2940/3837/25
f 2940/3837/25 2966/3709/25 2968/3711/25 2941/3774/25
f 2968/3711/1911 3003/3767/1911 3007/3775/1911 2941/3774/1911
f 3007/3838/27 3003/3839/27 3015/3840/27 3044/3841/27
f 3044/3841/27 3015/3840/27 3014/3842/27 3045/3843/27
f 3045/3843/27 3014/3842/27 3013/3844/27 3046/3845/27
f 3046/3845/27 3013/3844/27 3001/3846/27 3009/3847/27
f 3001/3764/1912 2960/3763/1912 2942/3848/1912 3009/3849/1912
f 3018/3850/27 3041/3824/27 3042/3826/27 3019/3851/27
f 3019/3851/27 3042/3826/27 3043/3828/27 3021/3852/27
f 3021/3852/27 3043/3828/27 3006/3830/27 3023/3853/27
f 3023/3853/27 3006/3830/27 3005/3854/27 3025/3855/27
f 3025/3855/27 3005/3854/27 3007/3838/27 3027/3856/27
f 3027/3856/27 3007/3838/27 3044/3841/27 3029/3857/27
f 3029/3857/27 3044/3841/27 3045/3843/27 3031/3858/27
f 3031/3858/27 3045/3843/27 3046/3845/27 3033/3859/27
f 3033/3859/27 3046/3845/27 3009/3847/27 3035/3860/27
f 3009/3847/27 3008/3861/27 3037/3862/27 3035/3860/27
f 3037/3862/27 3008/3861/27 3010/3821/27 3039/3863/27
f 3039/3863/27 3010/3821/27 3041/3824/27 3018/3850/27
f 3047/3864/25 3048/3865/25 3049/3866/25 3050/3867/25
f 3050/3867/25 3049/3866/25 3051/3868/25 3052/3869/25
f 3052/3869/25 3051/3868/25 3053/3870/25 3054/3871/25
f 3054/3871/25 3053/3870/25 3055/3872/25 3056/3873/25
f 3056/3873/25 3055/3872/25 3057/3874/25 3058/3875/25
f 3058/3875/25 3057/3874/25 3059/3876/25 3060/3877/25
f 3060/3877/25 3059/3876/25 3061/3878/25 3062/3879/25
f 3062/3879/25 3061/3878/25 3063/3880/25 3064/3881/25
f 3064/3881/25 3063/3880/25 3065/3882/25 3066/3883/25
f 3066/3884/25 3065/3885/25 3067/3886/25 3068/3887/25
f 3068/3887/25 3067/3886/25 3069/3888/25 3070/3889/25
f 3070/3889/25 3069/3888/25 3048/3865/25 3047/3864/25
f 2978/3736/1585 3049/3866/1585 3048/3865/57 2975/3733/57
f 2980/3738/1595 3051/3868/1595 3049/3866/1585 2978/3736/1585
f 2982/3740/91 3053/3870/91 3051/3868/1595 2980/3738/1595
f 2984/3742/1596 3055/3872/1596 3053/3870/91 2982/3740/91
f 2986/3744/1590 3057/3874/1590 3055/3872/1596 2984/3742/1596
f 2988/3746/5 3059/3876/5 3057/3874/1590 2986/3744/1590
f 2990/3748/1591 3061/3878/1591 3059/3876/5 2988/3746/5
f 2992/3750/1592 3063/3880/1592 3061/3878/1591 2990/3748/1591
f 2994/3752/115 3065/3882/115 3063/3880/1592 2992/3750/1592
f 2996/3756/1593 3067/3886/1593 3065/3885/115 2994/3753/115
f 2998/3758/1594 3069/3888/1594 3067/3886/1593 2996/3756/1593
f 2975/3733/57 3048/3865/57 3069/3888/1594 2998/3758/1594
f 3071/3890/5 3072/3891/5 3073/3892/1591 3074/3893/1591
f 3075/3894/1590 3076/3895/1590 3072/3891/5 3071/3890/5
f 3077/3896/1596 3078/3897/1596 3076/3895/1590 3075/3894/1590
f 3079/3898/91 3080/3898/91 3078/3897/1596 3077/3896/1596
f 3081/3899/1595 3082/3900/1595 3080/3898/91 3079/3898/91
f 3083/3901/1585 3084/3902/1585 3082/3900/1595 3081/3899/1595
f 3085/3903/57 3086/3904/57 3084/3902/1585 3083/3901/1585
f 3087/3905/1594 3088/3906/1594 3086/3904/57 3085/3903/57
f 3089/3907/1593 3090/3907/1593 3088/3906/1594 3087/3905/1594
f 3091/3908/115 3092/3909/115 3090/3907/1593 3089/3907/1593
f 3093/3910/1592 3094/3911/1592 3092/3909/115 3091/3908/115
f 3074/3893/1591 3073/3892/1591 3094/3911/1592 3093/3910/1592
f 3072/3891/5 3047/3912/5 3050/3892/1591 3073/3892/1591
f 3074/3893/1591 3017/3795/1591 3020/3798/5 3071/3890/5
f 3076/3895/1590 3070/3913/1590 3047/3912/5 3072/3891/5
f 3071/3890/5 3020/3798/5 3022/3800/1590 3075/3894/1590
f 3078/3897/1596 3068/3914/1596 3070/3913/1590 3076/3895/1590
f 3075/3894/1590 3022/3800/1590 3024/3802/1596 3077/3896/1596
f 3080/3898/91 3066/3915/91 3068/3914/1596 3078/3897/1596
f 3077/3896/1596 3024/3802/1596 3026/3804/91 3079/3898/91
f 3082/3900/1595 3064/3916/1595 3066/3915/91 3080/3898/91
f 3079/3898/91 3026/3804/91 3028/3806/1595 3081/3899/1595
f 3084/3902/1585 3062/3917/1585 3064/3916/1595 3082/3900/1595
f 3081/3899/1595 3028/3806/1595 3030/3808/1585 3083/3901/1585
f 3086/3904/57 3060/3918/57 3062/3917/1585 3084/3902/1585
f 3083/3901/1585 3030/3808/1585 3032/3810/57 3085/3903/57
f 3088/3906/1594 3058/3919/1594 3060/3918/57 3086/3904/57
f 3085/3903/57 3032/3810/57 3034/3812/1594 3087/3905/1594
f 3090/3907/1593 3056/3920/1593 3058/3919/1594 3088/3906/1594
f 3087/3905/1594 3034/3812/1594 3036/3814/1593 3089/3907/1593
f 3090/3907/1593 3092/3909/115 3054/3909/115 3056/3920/1593
f 3091/3908/115 3089/3907/1593 3036/3814/1593 3038/3816/115
f 3094/3911/1592 3052/3921/1592 3054/3909/115 3092/3909/115
f 3091/3908/115 3038/3816/115 3040/3818/1592 3093/3910/1592
f 3073/3892/1591 3050/3892/1591 3052/3921/1592 3094/3911/1592
f 3093/3910/1592 3040/3818/1592 3017/3795/1591 3074/3893/1591
f 3095/3922/5 3096/3923/5 3097/3924/5 3098/3925/5
f 3098/3925/5 3097/3924/5 3099/3926/5 3100/3927/5
f 3101/3928/5 3095/3922/5 3098/3925/5 3102/3929/5
f 3098/3925/5 3103/3930/5 3102/3929/5
f 3102/3929/5 3104/3931/5 3101/3928/5
f 3105/3932/5 3095/3922/5 3101/3928/5 3106/3933/5
f 3095/3922/5 3105/3932/5 3107/3934/5
f 3108/3935/1170 3105/3936/1170 3106/3937/25 3109/3938/1913
f 3110/3939/1171 3107/3940/1171 3105/3936/1170 3108/3935/1170
f 3111/3941/91 3095/3942/91 3107/3940/1171 3110/3939/1171
f 3112/3943/1172 3096/3944/1172 3095/3942/91 3111/3941/91
f 3113/3945/1173 3097/3946/1173 3096/3944/1172 3112/3943/1172
f 3114/3947/1914 3099/3948/27 3097/3946/1173 3113/3945/1173
f 3115/3949/1174 3100/3950/1174 3099/3951/27 3114/3952/1914
f 3116/3953/1175 3098/3954/1175 3100/3950/1174 3115/3949/1174
f 3117/3955/115 3103/3956/115 3098/3954/1175 3116/3953/1175
f 3118/3957/1051 3102/3958/1051 3103/3956/115 3117/3955/115
f 3119/3959/1176 3104/3960/1176 3102/3958/1051 3118/3957/1051
f 3109/3938/1913 3106/3937/25 3101/3961/1915 3120/3962/1915
f 3112/3963/57 3110/3964/57 3108/3965/57 3113/3966/57
f 3108/3965/57 3109/3967/57 3114/3968/57 3113/3966/57
f 3109/3938/91 3121/3969/91 3122/3970/91 3114/3971/91
f 3110/3964/57 3112/3963/57 3111/3972/57
f 3120/3962/1915 3101/3961/1915 3104/3960/1176 3119/3959/1176
f 3120/3962/1915 3119/3959/1176 3123/3973/1176 3124/3974/1915
f 3125/3975/1174 3115/3949/1174 3114/3952/1914 3122/3976/1916
f 3126/3977/1175 3116/3953/1175 3115/3949/1174 3125/3975/1174
f 3127/3978/115 3117/3955/115 3116/3953/1175 3126/3977/1175
f 3128/3979/1051 3118/3957/1051 3117/3955/115 3127/3978/115
f 3123/3973/1176 3119/3959/1176 3118/3957/1051 3128/3979/1051
f 3121/3969/1915 3109/3938/1913 3120/3962/1915 3124/3974/1915
f 3129/3980/57 3130/3981/57 3131/3982/57 3132/3983/57
f 3132/3983/57 3131/3982/57 3133/3984/57 3134/3985/57
f 3135/3986/57 3129/3980/57 3132/3983/57 3136/3987/57
f 3132/3983/57 3137/3988/57 3136/3987/57
f 3136/3987/57 3138/3989/57 3135/3986/57
f 3139/3990/57 3129/3980/57 3135/3986/57 3140/3991/57
f 3129/3980/57 3139/3990/57 3141/3992/57
f 3138/3993/25 3136/3994/1170 3142/3995/1170 3143/3996/1913
f 3136/3994/1170 3137/3997/1171 3144/3998/1171 3142/3995/1170
f 3137/3997/1171 3132/3999/91 3145/4000/91 3144/3998/1171
f 3132/3999/91 3134/4001/1172 3146/4002/1172 3145/4000/91
f 3134/4001/1172 3133/4003/1173 3147/4004/1173 3146/4002/1172
f 3133/4003/1173 3131/4005/27 3148/4006/1914 3147/4004/1173
f 3131/4007/27 3130/4008/1174 3149/4009/1174 3148/4010/1914
f 3130/4008/1174 3129/4011/1175 3150/4012/1175 3149/4009/1174
f 3129/4011/1175 3141/4013/115 3151/4014/115 3150/4012/1175
f 3141/4013/115 3139/4015/1051 3152/4016/1051 3151/4014/115
f 3139/4015/1051 3140/4017/1176 3153/4018/1176 3152/4016/1051
f 3135/4019/1915 3138/3993/25 3143/3996/1913 3154/4020/1915
f 3142/4021/5 3144/4022/5 3146/4023/5 3147/4024/5
f 3148/4025/5 3143/4026/5 3142/4021/5 3147/4024/5
f 3122/3970/91 3121/3969/91 3143/3996/91 3148/4027/91
f 3144/4022/5 3145/4028/5 3146/4023/5
f 3140/4017/1176 3135/4019/1915 3154/4020/1915 3153/4018/1176
f 3123/3973/1176 3153/4018/1176 3154/4020/1915 3124/3974/1915
f 3148/4010/1914 3149/4009/1174 3125/3975/1174 3122/3976/1916
f 3149/4009/1174 3150/4012/1175 3126/3977/1175 3125/3975/1174
f 3150/4012/1175 3151/4014/115 3127/3978/115 3126/3977/1175
f 3151/4014/115 3152/4016/1051 3128/3979/1051 3127/3978/115
f 3152/4016/1051 3153/4018/1176 3123/3973/1176 3128/3979/1051
f 3154/4020/1915 3143/3996/1913 3121/3969/1915 3124/3974/1915
f 3155/4029/57 3156/4030/1585 3157/4031/1585 3158/4032/57
f 3157/4031/1585 3156/4030/1585 3159/4033/1595 3160/4034/1917
f 3161/4035/1918 3162/4036/1918 3163/4037/1905 3164/4038/1905
f 3165/4039/1919 3166/4040/1596 3167/4041/1590 3168/4042/1590
f 3168/4042/1590 3167/4041/1590 3169/4043/5 3170/4044/5
f 3170/4044/5 3169/4043/5 3171/4045/1591 3172/4046/1591
f 3172/4046/1591 3171/4045/1591 3173/4047/1920 3174/4048/1921
f 3175/4049/1922 3176/4050/1923 3177/4051/1594 3178/4052/1594
f 3178/4052/1594 3177/4051/1594 3155/4029/57 3158/4032/57
f 3167/4053/27 3166/4054/27 3163/4055/27 3171/4056/27
f 3179/4057/27 3171/4056/27 3163/4055/27 3155/4058/27
f 3159/4059/27 3155/4058/27 3163/4055/27 3162/4060/27
f 3159/4059/27 3156/4061/27 3155/4058/27
f 3176/4062/27 3179/4057/27 3155/4058/27 3177/4063/27
f 3180/4064/27 3171/4056/27 3179/4057/27 3181/4065/27
f 3180/4064/27 3173/4066/27 3171/4056/27
f 3167/4053/27 3171/4056/27 3169/4067/27
f 3182/4068/25 3183/4069/25 3184/4070/25 3185/4071/25
f 3186/4072/25 3185/4071/25 3184/4070/25 3187/4073/25
f 3187/4073/25 3184/4070/25 3188/4074/25 3189/4075/25
f 3190/4076/25 3186/4072/25 3187/4073/25 3191/4077/25
f 3190/4076/25 3192/4078/25 3186/4072/25
f 3193/4079/25 3185/4071/25 3186/4072/25 3194/4080/25
f 3193/4079/25 3195/4081/25 3185/4071/25
f 3182/4068/25 3185/4071/25 3196/4082/25
f 3157/4031/1585 3197/4083/1585 3198/4084/57 3158/4032/57
f 3160/4034/1917 3199/4085/1924 3197/4083/1585 3157/4031/1585
f 3200/4086/91 3201/4087/91 3202/4088/1925 3203/4089/1926
f 3204/4090/91 3205/4091/91 3206/4092/91 3207/4093/91
f 3168/4042/1590 3208/4094/1590 3209/4095/1927 3165/4039/1919
f 3170/4044/5 3210/4096/5 3208/4094/1590 3168/4042/1590
f 3172/4046/1591 3211/4097/1591 3210/4096/5 3170/4044/5
f 3174/4048/1921 3212/4098/1592 3211/4097/1591 3172/4046/1591
f 3213/4099/115 3214/4100/115 3215/4101/1908 3216/4102/1908
f 3175/4049/1922 3217/4103/1593 3218/4104/1907 3219/4105/1907
f 3178/4052/1594 3220/4106/1594 3217/4103/1593 3175/4049/1922
f 3158/4032/57 3198/4084/57 3220/4106/1594 3178/4052/1594
f 3221/4107/25 3222/4108/25 3195/4109/25 3193/4110/25
f 3223/4111/57 3224/4112/57 3194/4113/1924 3225/4114/1924
f 3226/4115/1928 3160/4034/1929 3227/4116/1930 3228/4117/1931
f 3229/4118/1932 3230/4119/1933 3161/4035/1934 3164/4038/1935
f 3231/4120/5 3165/4039/1919 3209/4095/1927 3232/4121/5
f 3233/4122/25 3196/4123/25 3185/4124/25 3234/4125/25
f 3221/4107/25 3224/4112/25 3235/4126/25 3236/4127/25
f 3237/4128/1936 3228/4117/1931 3230/4129/1933 3238/4130/1937
f 3229/4118/1932 3231/4120/1938 3239/4131/1939 3240/4132/1940
f 3241/4133/5 3242/4134/5 3233/4122/5 3243/4135/5
f 3244/4136/25 3234/4125/25 3222/4137/25 3245/4138/25
f 3236/4127/25 3235/4126/25 3246/4139/25 3247/4140/25
f 3238/4130/1937 3200/4141/1941 3203/4142/1942 3237/4128/1936
f 3240/4132/1940 3239/4131/1939 3248/4143/1943 3249/4144/1944
f 3250/4145/1945 3241/4133/5 3243/4135/5 3251/4146/1945
f 3245/4138/25 3252/4147/25 3253/4148/25 3244/4136/25
f 3197/4083/1585 3254/4149/1585 3255/4150/57 3198/4084/57
f 3199/4085/1924 3225/4114/1924 3254/4149/1585 3197/4083/1585
f 3201/4087/91 3256/4151/91 3257/4152/1925 3202/4088/1925
f 3205/4091/91 3258/4153/91 3259/4154/91 3206/4092/91
f 3208/4094/1590 3260/4155/1590 3261/4156/1927 3209/4095/1927
f 3210/4096/5 3262/4157/5 3260/4155/1590 3208/4094/1590
f 3211/4097/1591 3263/4158/1591 3262/4157/5 3210/4096/5
f 3212/4098/1592 3264/4159/1592 3263/4158/1591 3211/4097/1591
f 3214/4100/115 3265/4160/115 3266/4161/1908 3215/4101/1908
f 3217/4103/1593 3267/4162/1593 3268/4163/1907 3218/4104/1907
f 3220/4106/1594 3269/4164/1594 3267/4162/1593 3217/4103/1593
f 3198/4084/57 3255/4150/57 3269/4164/1594 3220/4106/1594
f 3226/4115/57 3270/4165/57 3199/4085/1924 3160/4034/1917
f 3232/4121/5 3209/4095/1927 3261/4156/1927 3242/4134/5
f 3232/4121/5 3271/4166/5 3239/4131/5 3231/4120/5
f 3272/4167/1946 3273/4168/1947 3274/4169/57 3275/4170/57
f 3271/4166/5 3276/4171/1945 3248/4143/1948 3239/4131/5
f 3270/4165/57 3223/4111/57 3225/4114/1924 3199/4085/1924
f 3241/4133/5 3250/4145/1945 3277/4172/1945 3278/4173/5
f 3254/4149/1585 3186/4174/1585 3192/4175/57 3255/4150/57
f 3225/4114/1924 3194/4113/1924 3186/4174/1585 3254/4149/1585
f 3279/4176/91 3252/4177/91 3247/4178/1925 3280/4179/1925
f 3281/4180/91 3282/4181/91 3283/4182/91 3284/4183/91
f 3260/4155/1590 3182/4184/1590 3196/4123/1927 3261/4156/1927
f 3262/4157/5 3183/4185/5 3182/4184/1590 3260/4155/1590
f 3263/4158/1591 3184/4186/1591 3183/4185/5 3262/4157/5
f 3264/4159/1592 3188/4187/1592 3184/4186/1591 3263/4158/1591
f 3265/4160/115 3285/4188/115 3189/4189/1908 3266/4161/1908
f 3267/4162/1593 3191/4190/1593 3187/4191/1907 3268/4163/1907
f 3269/4164/1594 3190/4192/1594 3191/4190/1593 3267/4162/1593
f 3255/4150/57 3192/4175/57 3190/4192/1594 3269/4164/1594
f 3242/4134/5 3261/4156/1927 3196/4123/1927 3233/4122/5
f 3224/4112/57 3223/4111/57 3286/4193/57 3235/4126/57
f 3287/4194/1946 3246/4139/1947 3235/4126/57 3286/4193/57
f 3271/4195/1949 3232/4196/1949 3270/4197/1949 3275/4198/1949
f 3241/4199/115 3278/4200/115 3274/4201/115 3286/4202/115
f 3242/4203/1950 3241/4204/1950 3286/4205/1950 3223/4206/1950
f 3232/4196/91 3242/4203/91 3223/4206/91 3270/4197/91
f 3249/4207/1951 3288/4208/1952 3201/4087/91 3200/4086/91
f 3231/4120/1938 3229/4118/1932 3164/4038/1935 3165/4039/1953
f 3234/4125/25 3185/4124/25 3195/4209/25 3222/4137/25
f 3230/4119/1933 3229/4118/1932 3240/4132/1940 3238/4210/1937
f 3234/4125/25 3244/4136/25 3243/4135/25 3233/4122/25
f 3249/4144/1944 3200/4211/1941 3238/4210/1937 3240/4132/1940
f 3244/4136/25 3253/4148/25 3251/4146/25 3243/4135/25
f 3289/4212/1951 3279/4176/91 3256/4151/91 3290/4213/1952
f 3289/4212/1951 3253/4214/1954 3252/4177/91 3279/4176/91
f 3227/4116/1906 3291/4215/1906 3162/4216/91 3161/4217/91
f 3224/4112/25 3221/4107/25 3193/4110/25 3194/4113/25
f 3228/4117/1931 3227/4116/1930 3161/4217/1934 3230/4129/1933
f 3222/4108/25 3221/4107/25 3236/4127/25 3245/4218/25
f 3228/4117/1931 3237/4128/1936 3292/4219/1955 3226/4115/1928
f 3247/4140/25 3252/4220/25 3245/4218/25 3236/4127/25
f 3237/4128/1936 3203/4142/1942 3293/4221/1956 3292/4219/1955
f 3294/4222/91 3295/4223/91 3296/4224/91 3297/4225/91
f 3298/4226/91 3299/4227/91 3296/4224/91 3295/4223/91
f 3248/4228/1948 3276/4229/1945 3300/4230/1957 3301/4231/1958
f 3276/4229/1945 3277/4232/1945 3302/4233/1957 3300/4230/1957
f 3250/4234/1945 3251/4235/1945 3303/4236/1959 3304/4237/1957
f 3305/4238/1960 3303/4239/1961 3251/4240/25 3253/4214/25
f 3253/4214/1962 3289/4212/1962 3306/4241/1963 3305/4238/1964
f 3289/4212/1962 3290/4213/1962 3307/4242/1963 3306/4241/1963
f 3288/4208/1962 3249/4207/1962 3308/4243/1965 3309/4244/1963
f 3308/4243/1966 3249/4207/1944 3248/4245/1943 3301/4246/1967
f 3246/4247/1947 3287/4248/1946 3310/4249/1968 3311/4250/1969
f 3287/4248/1946 3273/4251/1947 3312/4252/1968 3310/4249/1968
f 3272/4253/1946 3293/4254/1970 3313/4255/1971 3314/4256/1968
f 3315/4257/1972 3313/4258/1973 3293/4259/1956 3203/4089/1942
f 3203/4089/1974 3202/4088/1974 3316/4260/1975 3315/4257/1976
f 3202/4088/1974 3257/4152/1974 3317/4261/1975 3316/4260/1975
f 3280/4179/1974 3247/4178/1974 3318/4262/1977 3319/4263/1975
f 3318/4262/1978 3247/4178/25 3246/4264/25 3311/4265/1979
f 3320/4266/1980 3321/4267/1981 3322/4268/794 3323/4269/1982
f 3323/4269/1982 3322/4268/794 3324/4270/794 3325/4271/1982
f 3326/4272/1983 3327/4273/1982 3328/4274/794 3329/4275/1984
f 3326/4276/1985 3329/4277/1986 3330/4278/1987 3331/4279/1988
f 3331/4279/1989 3330/4278/1990 3332/4280/1991 3333/4281/1992
f 3334/4282/1992 3333/4281/1992 3332/4280/1991 3335/4283/1991
f 3336/4284/1993 3337/4285/1992 3338/4286/1991 3339/4287/1994
f 3320/4288/1995 3336/4284/1996 3339/4287/1997 3321/4289/1998
f 3340/4290/1999 3341/4291/2000 3342/4292/2001 3343/4293/2002
f 3344/4294/2002 3343/4293/2002 3342/4292/2001 3345/4295/2003
f 3346/4296/2004 3347/4297/2002 3348/4298/2003 3349/4299/2005
f 3346/4300/2006 3349/4301/2007 3350/4302/2008 3351/4303/2009
f 3351/4303/2010 3350/4302/2011 3352/4304/2012 3353/4305/2013
f 3353/4305/2013 3352/4304/2012 3354/4306/2012 3355/4307/2013
f 3356/4308/2014 3357/4309/2013 3358/4310/2012 3359/4311/2015
f 3340/4312/2016 3356/4308/2017 3359/4311/2018 3341/4313/2019
f 3163/4037/1905 3166/4040/1596 3165/4039/1919 3164/4038/1905
f 3291/4215/1906 3227/4116/1906 3160/4034/1917 3159/4033/1595
f 3360/4314/91 3361/4315/91 3362/4316/91 3363/4317/91
f 3293/4221/1970 3272/4167/1946 3275/4170/57 3292/4219/57
f 3256/4151/91 3279/4176/91 3280/4179/1925 3257/4152/1925
f 3258/4153/91 3281/4180/91 3284/4183/91 3259/4154/91
f 3286/4193/57 3274/4169/57 3273/4168/1947 3287/4194/1946
f 3278/4173/5 3277/4172/1945 3276/4171/1945 3271/4166/5
f 3274/4201/115 3278/4200/115 3271/4195/115 3275/4198/115
f 3256/4151/91 3201/4087/91 3288/4208/1952 3290/4213/1952
f 3294/4222/91 3297/4225/91 3360/4314/91 3363/4317/91
f 3277/4232/1945 3250/4234/1945 3304/4237/1957 3302/4233/1957
f 3290/4213/1962 3288/4208/1962 3309/4244/1963 3307/4242/1963
f 3273/4251/1947 3272/4253/1946 3314/4256/1968 3312/4252/1968
f 3257/4152/1974 3280/4179/1974 3319/4263/1975 3317/4261/1975
f 3325/4271/1982 3324/4270/794 3328/4274/794 3327/4273/1982
f 3337/4285/1992 3334/4282/1992 3335/4283/1991 3338/4286/1991
f 3347/4297/2002 3344/4294/2002 3345/4295/2003 3348/4298/2003
f 3355/4307/2013 3354/4306/2012 3358/4310/2012 3357/4309/2013
f 3292/4219/57 3275/4170/57 3270/4165/57 3226/4115/57
f 3364/4318/27 3173/4319/27 3180/4320/27 3365/4321/27
f 3366/4322/27 3367/4323/27 3181/4324/27 3179/4325/27
f 3368/4326/57 3176/4327/57 3175/4328/57 3369/4329/57
f 3369/4329/25 3175/4328/25 3219/4330/25 3370/4331/25
f 3371/4332/25 3372/4333/25 3213/4334/25 3216/4335/25
f 3174/4336/1921 3173/4319/1920 3364/4318/5 3373/4337/5
f 3374/4338/27 3365/4321/27 3367/4339/27 3375/4340/27
f 3376/4341/25 3370/4331/25 3372/4342/25 3377/4343/25
f 3378/4344/27 3374/4338/27 3375/4340/27 3379/4345/27
f 3380/4346/27 3381/4347/27 3382/4348/27 3383/4349/27
f 3381/4347/57 3384/4350/57 3385/4351/57 3382/4348/57
f 3386/4352/25 3376/4341/25 3377/4343/25 3387/4353/25
f 3388/4354/25 3389/4355/25 3390/4356/25 3391/4357/25
f 3389/4355/5 3392/4358/5 3393/4359/5 3390/4356/5
f 3378/4344/2020 3379/4345/115 3387/4353/115 3391/4357/2020
f 3215/4101/1908 3212/4098/1592 3174/4048/1921 3216/4102/1908
f 3266/4161/1908 3264/4159/1592 3212/4098/1592 3215/4101/1908
f 3189/4189/1908 3188/4187/1592 3264/4159/1592 3266/4161/1908
f 3391/4357/2020 3390/4356/2021 3393/4359/2021 3378/4344/2020
f 3365/4321/27 3180/4320/27 3181/4360/27 3367/4339/27
f 3373/4337/25 3371/4332/25 3216/4335/25 3174/4336/25
f 3388/4354/25 3377/4361/25 3372/4333/25 3371/4332/25
f 3374/4338/27 3378/4344/27 3393/4359/27 3392/4358/27
f 3377/4361/25 3388/4354/25 3391/4357/25 3387/4353/25
f 3218/4104/1907 3214/4100/115 3213/4362/115 3219/4105/1907
f 3268/4163/1907 3265/4160/115 3214/4100/115 3218/4104/1907
f 3187/4191/1907 3285/4188/115 3265/4160/115 3268/4163/1907
f 3383/4349/2022 3386/4352/2022 3387/4353/115 3379/4345/115
f 3368/4326/27 3366/4322/27 3179/4325/27 3176/4327/27
f 3370/4331/25 3219/4330/25 3213/4363/25 3372/4342/25
f 3380/4346/27 3375/4364/27 3367/4323/27 3366/4322/27
f 3375/4364/27 3380/4346/27 3383/4349/27 3379/4345/27
f 3376/4341/25 3386/4352/25 3385/4351/25 3384/4350/25
f 3370/4331/57 3376/4341/57 3380/4346/57 3366/4322/57
f 3368/4326/2023 3369/4329/2023 3370/4331/2023 3366/4322/2023
f 3364/4318/2024 3365/4321/2024 3371/4332/2024 3373/4337/2024
f 3389/4355/2025 3388/4354/2025 3374/4338/2025 3392/4358/2025
f 3371/4332/5 3365/4321/5 3374/4338/5 3388/4354/5
f 3383/4349/2022 3382/4348/2022 3385/4351/2022 3386/4352/2022
f 3381/4347/2026 3380/4346/2026 3376/4341/2026 3384/4350/2026
f 3300/4230/1957 3322/4268/794 3321/4267/1981 3301/4231/1958
f 3302/4233/1957 3324/4270/794 3322/4268/794 3300/4230/1957
f 3304/4237/1957 3303/4236/1959 3329/4275/1984 3328/4274/794
f 3303/4239/1961 3305/4238/1960 3330/4278/1987 3329/4277/1986
f 3306/4241/1963 3332/4280/1991 3330/4278/1990 3305/4238/1964
f 3307/4242/1963 3335/4283/1991 3332/4280/1991 3306/4241/1963
f 3309/4244/1963 3308/4243/1965 3339/4287/1994 3338/4286/1991
f 3339/4287/1997 3308/4243/1966 3301/4246/1967 3321/4289/1998
f 3310/4249/1968 3342/4292/2001 3341/4291/2000 3311/4250/1969
f 3312/4252/1968 3345/4295/2003 3342/4292/2001 3310/4249/1968
f 3314/4256/1968 3313/4255/1971 3349/4299/2005 3348/4298/2003
f 3313/4258/1973 3315/4257/1972 3350/4302/2008 3349/4301/2007
f 3316/4260/1975 3352/4304/2012 3350/4302/2011 3315/4257/1976
f 3317/4261/1975 3354/4306/2012 3352/4304/2012 3316/4260/1975
f 3319/4263/1975 3318/4262/1977 3359/4311/2015 3358/4310/2012
f 3359/4311/2018 3318/4262/1978 3311/4265/1979 3341/4313/2019
f 3204/4090/2027 3320/4266/1980 3323/4269/1982 3205/4091/2027
f 3205/4091/2027 3323/4269/1982 3325/4271/1982 3258/4153/2027
f 3327/4273/1982 3326/4272/1983 3282/4181/2027 3281/4180/2027
f 3282/4365/2028 3326/4276/1985 3331/4279/1988 3283/4182/2028
f 3283/4182/1971 3331/4279/1989 3333/4281/1992 3284/4183/1971
f 3333/4281/1992 3334/4282/1992 3259/4154/1971 3284/4183/1971
f 3337/4285/1992 3336/4284/1993 3207/4093/1971 3206/4092/2029
f 3336/4284/1996 3320/4288/1995 3204/4366/2030 3207/4093/2030
f 3299/4227/2031 3340/4290/1999 3343/4293/2002 3296/4224/2031
f 3343/4293/2002 3344/4294/2002 3297/4225/2031 3296/4224/2031
f 3347/4297/2002 3346/4296/2004 3361/4315/2031 3360/4314/2031
f 3361/4367/2032 3346/4300/2006 3351/4303/2009 3362/4316/2032
f 3362/4316/2033 3351/4303/2010 3353/4305/2013 3363/4317/2033
f 3363/4317/2033 3353/4305/2013 3355/4307/2013 3294/4222/2033
f 3357/4309/2013 3356/4308/2014 3298/4226/2033 3295/4223/2033
f 3356/4308/2017 3340/4312/2016 3299/4368/2034 3298/4226/2034
f 3302/4233/1957 3304/4237/1957 3328/4274/794 3324/4270/794
f 3307/4242/1963 3309/4244/1963 3338/4286/1991 3335/4283/1991
f 3312/4252/1968 3314/4256/1968 3348/4298/2003 3345/4295/2003
f 3317/4261/1975 3319/4263/1975 3358/4310/2012 3354/4306/2012
f 3258/4153/2027 3325/4271/1982 3327/4273/1982 3281/4180/2027
f 3334/4282/1992 3337/4285/1992 3206/4092/2029 3259/4154/1971
f 3344/4294/2002 3347/4297/2002 3360/4314/2031 3297/4225/2031
f 3294/4222/2033 3355/4307/2013 3357/4309/2013 3295/4223/2033
f 3394/4369/27 3395/4370/27 3396/4371/27 3397/4372/27
f 3398/4373/25 3399/4374/25 3400/4375/25 3401/4376/25
f 3395/4377/115 3394/4378/115 3399/4374/115 3398/4373/115
f 3394/4379/57 3397/4380/57 3400/4375/57 3399/4374/57
f 3402/4381/91 3403/4382/91 3404/4383/91 3405/4384/91
f 3396/4371/5 3395/4370/5 3398/4373/5 3401/4376/5
f 3397/4372/91 3396/4371/91 3406/4385/91 3407/4386/91
f 3396/4371/91 3401/4376/91 3408/4387/91 3406/4385/91
f 3401/4376/91 3400/4375/91 3409/4388/91 3408/4387/91
f 3400/4375/91 3397/4380/91 3407/4389/91 3409/4388/91
f 3407/4386/27 3406/4385/27 3403/4390/27 3402/4391/27
f 3406/4385/5 3408/4387/5 3404/4383/5 3403/4390/5
f 3408/4387/25 3409/4388/25 3405/4384/25 3404/4383/25
f 3409/4388/57 3407/4389/57 3402/4392/57 3405/4384/57
f 3410/4393/2035 3411/4394/2036 3412/4395/2037
f 3410/4393/2035 3412/4395/2037 3413/4396/2038
f 3410/4393/2035 3413/4396/2038 3414/4397/2039
f 3410/4393/2035 3414/4397/2039 3415/4398/2040
f 3410/4393/2035 3415/4398/2040 3416/4399/2041
f 3410/4393/2035 3416/4399/2041 3417/4400/2042
f 3410/4393/2035 3417/4400/2042 3418/4401/2043
f 3410/4393/2035 3418/4401/2043 3419/4402/2044
f 3410/4393/2035 3419/4402/2044 3420/4403/2045
f 3410/4393/2035 3420/4403/2045 3421/4404/2046
f 3410/4393/2035 3421/4404/2046 3422/4405/2047
f 3410/4393/2035 3422/4405/2047 3411/4394/2036
f 3412/4395/2037 3411/4394/2036 3423/4406/2048 3424/4407/2049
f 3412/4395/2037 3424/4407/2049 3425/4408/2050 3413/4396/2038
f 3413/4396/2038 3425/4408/2050 3426/4409/2051 3414/4397/2039
f 3414/4397/2039 3426/4409/2051 3427/4410/2052 3415/4398/2040
f 3415/4398/2040 3427/4410/2052 3428/4411/2053 3416/4399/2041
f 3416/4399/2041 3428/4411/2053 3429/4412/2054 3417/4400/2042
f 3417/4400/2042 3429/4412/2054 3430/4413/2055 3418/4401/2043
f 3418/4401/2043 3430/4413/2055 3431/4414/2056 3419/4402/2044
f 3419/4402/2044 3431/4414/2056 3432/4415/2057 3420/4403/2045
f 3420/4403/2045 3432/4415/2057 3433/4416/2058 3421/4404/2046
f 3421/4404/2046 3433/4416/2058 3434/4417/2059 3422/4405/2047
f 3422/4405/2047 3434/4417/2059 3423/4406/2048 3411/4394/2036
f 3435/4418/2060 3424/4407/2049 3423/4406/2048 3436/4419/2061
f 3424/4407/2049 3435/4418/2060 3437/4420/2062 3425/4408/2050
f 3425/4408/2050 3437/4420/2062 3438/4421/2063 3426/4409/2051
f 3426/4409/2051 3438/4421/2063 3439/4422/2064 3427/4410/2052
f 3428/4411/2053 3427/4410/2052 3439/4422/2064 3440/4423/2065
f 3429/4412/2054 3428/4411/2053 3440/4423/2065 3441/4424/2066
f 3430/4413/2055 3429/4412/2054 3441/4424/2066 3442/4425/2067
f 3430/4413/2055 3442/4425/2067 3443/4426/2068 3431/4414/2056
f 3431/4414/2056 3443/4426/2068 3444/4427/2069 3432/4415/2057
f 3432/4415/2057 3444/4427/2069 3445/4428/2070 3433/4416/2058
f 3433/4416/2058 3445/4428/2070 3446/4429/2071 3434/4417/2059
f 3434/4417/2059 3446/4429/2071 3436/4419/2061 3423/4406/2048
f 3447/4430/2072 3448/4431/2073 3449/4432/2074 3450/4433/2075
f 3451/4434/2076 3450/4433/2075 3449/4432/2074 3452/4435/2077
f 3452/4435/2077 3453/4436/2078 3454/4437/2079 3451/4434/2076
f 3454/4437/2079 3453/4436/2078 3455/4438/2080 3456/4439/2081
f 3455/4438/2080 3457/4440/2082 3458/4441/2083 3456/4439/2081
f 3457/4440/2082 3459/4442/2084 3460/4443/2085 3458/4441/2083
f 3461/4444/2086 3460/4443/2085 3459/4442/2084 3462/4445/2087
f 3462/4445/2087 3463/4446/2088 3464/4447/2089 3461/4444/2086
f 3465/4448/2090 3447/4430/2072 3450/4433/2075 3466/4449/2091
f 3466/4449/2091 3450/4433/2075 3451/4434/2076 3467/4450/2092
f 3468/4451/2093 3465/4448/2090 3466/4449/2091 3469/4452/2094
f 3467/4450/2092 3451/4434/2076 3454/4437/2079 3470/4453/2095
f 3469/4452/2094 3466/4449/2091 3467/4450/2092 3471/4454/2096
f 3454/4437/2079 3456/4439/2081 3472/4455/2097 3470/4453/2095
f 3471/4454/2096 3467/4450/2092 3470/4453/2095 3473/4456/2098
f 3456/4439/2081 3458/4441/2083 3474/4457/2099 3472/4455/2097
f 3475/4458/2100 3473/4456/2098 3470/4453/2095 3472/4455/2097
f 3458/4441/2083 3460/4443/2085 3476/4459/2101 3474/4457/2099
f 3460/4443/2085 3461/4444/2086 3477/4460/2102 3476/4459/2101
f 3477/4460/2102 3461/4444/2086 3464/4447/2089 3478/4461/2103
f 3479/4462/2104 3475/4458/2100 3472/4455/2097 3474/4457/2099
f 3480/4463/2105 3479/4462/2104 3474/4457/2099 3476/4459/2101
f 3481/4464/2106 3480/4463/2105 3476/4459/2101 3477/4460/2102
f 3481/4464/2106 3477/4460/2102 3478/4461/2103 3482/4465/2107
f 3483/4466/2108 3468/4451/2093 3469/4452/2094 3484/4467/2109
f 3484/4467/2109 3469/4452/2094 3471/4454/2096 3485/4468/2110
f 3485/4468/2110 3471/4454/2096 3473/4456/2098 3486/4469/2111
f 3473/4456/2098 3475/4458/2100 3487/4470/2112 3486/4469/2111
f 3475/4458/2100 3479/4462/2104 3488/4471/2113 3487/4470/2112
f 3489/4472/2114 3488/4471/2113 3479/4462/2104 3480/4463/2105
f 3490/4473/2115 3489/4472/2114 3480/4463/2105 3481/4464/2106
f 3491/4474/2116 3490/4473/2115 3481/4464/2106 3482/4465/2107
f 3484/4467/2109 3485/4468/2110 3492/4475/2117 3493/4476/2118
f 3494/4477/1638 3483/4466/2108 3484/4467/2109 3493/4476/2118
f 3493/4476/2118 3495/4478/2119 3496/4479/2120 3494/4477/1638
f 3495/4478/2119 3493/4476/2118 3492/4475/2117 3497/4480/2121
f 3498/4481/2122 3492/4475/2117 3485/4468/2110 3486/4469/2111
f 3499/4482/2123 3498/4481/2122 3486/4469/2111 3487/4470/2112
f 3500/4483/2124 3499/4482/2123 3487/4470/2112 3488/4471/2113
f 3501/4484/2125 3500/4483/2124 3488/4471/2113 3489/4472/2114
f 3502/4485/2126 3501/4484/2125 3489/4472/2114 3490/4473/2115
f 3501/4484/2125 3502/4485/2126 3503/4486/2127 3504/4487/2128
f 3500/4483/2124 3501/4484/2125 3504/4487/2128 3505/4488/2129
f 3499/4482/2123 3500/4483/2124 3505/4488/2129 3506/4489/2130
f 3498/4481/2122 3499/4482/2123 3506/4489/2130 3507/4490/2131
f 3492/4475/2117 3498/4481/2122 3507/4490/2131 3497/4480/2121
f 3497/4480/2121 3507/4490/2131 3508/4491/2132 3509/4492/2133
f 3510/4493/2134 3511/4494/2135 3512/4495/2136 3513/4496/2137
f 3514/4497/2138 3515/4498/2139 3512/4495/2136 3511/4494/2135
f 3515/4498/2139 3514/4497/2138 3516/4499/2140 3517/4500/2141
f 3517/4500/2141 3516/4499/2140 3518/4501/2142 3519/4502/2143
f 3519/4502/2143 3518/4501/2142 3520/4503/2144 3521/4504/2145
f 3521/4504/2145 3520/4503/2144 3522/4505/2146 3523/4506/2147
f 3523/4506/2147 3522/4505/2146 3524/4507/2148 3525/4508/2149
f 3525/4508/2149 3524/4507/2148 3526/4509/2150 3527/4510/2151
f 3528/4511/2152 3517/4500/2153 3519/4502/2154 3529/4512/2155
f 3529/4512/2155 3519/4502/2154 3521/4504/2156 3530/4513/2157
f 3517/4500/2153 3528/4511/2152 3531/4514/2158 3515/4498/2159
f 3530/4515/2160 3532/4516/2161 3533/4517/2162
f 3530/4513/2157 3521/4504/2156 3523/4506/2163 3532/4518/2164
f 3534/4519/2165 3535/4520/2166 3528/4521/2167 3529/4522/2168
f 3536/4523/2169 3512/4495/2170 3515/4498/2159 3531/4514/2158
f 3537/4524/2171 3532/4518/2164 3523/4506/2163 3525/4508/2172
f 3534/4519/2165 3538/4525/2173 3539/4526/2174 3535/4520/2166
f 3540/4527/2175 3533/4517/2162 3532/4516/2161 3537/4528/2176
f 3513/4496/2177 3512/4495/2170 3536/4523/2169 3541/4529/2178
f 3542/4530/2179 3539/4526/2174 3538/4525/2173 3543/4531/2180
f 3544/4532/2181 3537/4524/2171 3525/4508/2172 3527/4510/2182
f 3545/4533/2183 3540/4527/2175 3537/4528/2176 3544/4534/2184
f 3507/4490/2131 3506/4489/2130 3546/4535/2185 3508/4491/2132
f 3497/4480/2121 3509/4492/2133 3547/4536/2186 3495/4478/2119
f 3495/4478/2119 3547/4536/2186 3548/4537/2187 3496/4479/2120
f 3504/4487/2128 3503/4486/2127 3549/4538/2188 3550/4539/2189
f 3503/4486/2127 3551/4540/2190 3552/4541/2191 3549/4538/2188
f 3505/4488/2129 3504/4487/2128 3550/4539/2189 3553/4542/2192
f 3506/4489/2130 3505/4488/2129 3553/4542/2192 3546/4535/2185
f 3510/4493/2193 3554/4543/2194 3555/4544/2195 3511/4494/2196
f 3556/4545/2197 3557/4546/2198 3463/4446/2088 3462/4445/2087
f 3557/4546/2198 3556/4545/2197 3558/4547/2199 3559/4548/2200
f 3559/4548/2200 3558/4547/2199 3555/4544/2195 3554/4543/2194
f 3560/4549/2201 3556/4545/2197 3462/4445/2087 3459/4442/2084
f 3511/4494/2196 3555/4544/2195 3561/4550/2202 3514/4497/2203
f 3562/4551/2204 3561/4550/2202 3555/4544/2195 3558/4547/2199
f 3558/4547/2199 3556/4545/2197 3560/4549/2201 3562/4551/2204
f 3514/4497/2203 3561/4550/2202 3563/4552/2205 3516/4499/2206
f 3564/4553/2207 3560/4549/2201 3459/4442/2084 3457/4440/2082
f 3562/4551/2204 3560/4549/2201 3564/4553/2207 3565/4554/2208
f 3561/4550/2202 3562/4551/2204 3565/4554/2208 3563/4552/2205
f 3566/4555/2209 3564/4553/2207 3457/4440/2082 3455/4438/2080
f 3516/4499/2206 3563/4552/2205 3567/4556/2210 3518/4501/2211
f 3568/4557/2212 3567/4556/2210 3563/4552/2205 3565/4554/2208
f 3565/4554/2208 3564/4553/2207 3566/4555/2209 3568/4557/2212
f 3569/4558/2213 3566/4555/2209 3455/4438/2080 3453/4436/2078
f 3518/4501/2211 3567/4556/2210 3570/4559/2214 3520/4503/2215
f 3568/4557/2212 3566/4555/2209 3569/4558/2213 3571/4560/2216
f 3568/4557/2212 3571/4560/2216 3570/4559/2214 3567/4556/2210
f 3572/4561/2217 3569/4558/2213 3453/4436/2078 3452/4435/2077
f 3520/4503/2215 3570/4559/2214 3573/4562/2218 3522/4505/2219
f 3574/4563/2220 3573/4562/2218 3570/4559/2214 3571/4560/2216
f 3571/4560/2216 3569/4558/2213 3572/4561/2217 3574/4563/2220
f 3522/4505/2219 3573/4562/2218 3575/4564/2221 3524/4507/2222
f 3576/4565/2223 3572/4561/2217 3452/4435/2077 3449/4432/2074
f 3573/4562/2218 3574/4563/2220 3577/4566/2224 3575/4564/2221
f 3574/4563/2220 3572/4561/2217 3576/4565/2223 3577/4566/2224
f 3575/4564/2221 3577/4566/2224 3578/4567/2225 3579/4568/2226
f 3524/4507/2222 3575/4564/2221 3579/4568/2226 3526/4509/2227
f 3580/4569/2228 3578/4567/2225 3577/4566/2224 3576/4565/2223
f 3576/4565/2223 3449/4432/2074 3448/4431/2073 3580/4569/2228
f 3490/4473/2115 3491/4474/2116 3581/4570/2229 3502/4485/2126
f 3502/4485/2126 3581/4570/2229 3551/4540/2190 3503/4486/2127
f 3447/4430/2072 3582/4571/2230 3583/4572/2231 3448/4431/2073
f 3584/4573/2232 3585/4574/2233 3583/4572/2231 3582/4571/2230
f 3586/4575/2234 3587/4576/2235 3585/4574/2233 3584/4573/2232
f 3586/4575/2234 3588/4577/2236 3589/4578/2237 3587/4576/2235
f 3590/4579/2238 3591/4580/2239 3589/4578/2237 3588/4577/2236
f 3591/4580/2239 3590/4579/2238 3592/4581/2240 3593/4582/2241
f 3594/4583/2242 3595/4584/2243 3593/4582/2241 3592/4581/2240
f 3464/4585/2089 3463/4586/2088 3595/4584/2243 3594/4583/2242
f 3465/4448/2090 3596/4587/2244 3582/4571/2230 3447/4430/2072
f 3596/4587/2244 3597/4588/2245 3584/4573/2232 3582/4571/2230
f 3468/4451/2093 3598/4589/2246 3596/4587/2244 3465/4448/2090
f 3597/4588/2245 3599/4590/2247 3586/4575/2234 3584/4573/2232
f 3598/4589/2246 3600/4591/2248 3597/4588/2245 3596/4587/2244
f 3586/4575/2234 3599/4590/2247 3601/4592/2249 3588/4577/2236
f 3600/4591/2248 3602/4593/2250 3599/4590/2247 3597/4588/2245
f 3588/4577/2236 3601/4592/2249 3603/4594/2251 3590/4579/2238
f 3604/4595/2252 3601/4592/2249 3599/4590/2247 3602/4593/2250
f 3590/4579/2238 3603/4594/2251 3605/4596/2253 3592/4581/2240
f 3592/4581/2240 3605/4596/2253 3606/4597/2254 3594/4583/2242
f 3606/4597/2254 3478/4598/2103 3464/4585/2089 3594/4583/2242
f 3607/4599/2255 3603/4594/2251 3601/4592/2249 3604/4595/2252
f 3608/4600/2256 3605/4596/2253 3603/4594/2251 3607/4599/2255
f 3609/4601/2257 3606/4597/2254 3605/4596/2253 3608/4600/2256
f 3609/4601/2257 3482/4602/2107 3478/4598/2103 3606/4597/2254
f 3483/4466/2108 3610/4603/2258 3598/4589/2246 3468/4451/2093
f 3610/4603/2258 3611/4604/2259 3600/4591/2248 3598/4589/2246
f 3611/4604/2259 3612/4605/2260 3602/4593/2250 3600/4591/2248
f 3602/4593/2250 3612/4605/2260 3613/4606/2261 3604/4595/2252
f 3604/4595/2252 3613/4606/2261 3614/4607/2262 3607/4599/2255
f 3615/4608/2263 3608/4600/2256 3607/4599/2255 3614/4607/2262
f 3616/4609/2264 3609/4601/2257 3608/4600/2256 3615/4608/2263
f 3491/4610/2116 3482/4602/2107 3609/4601/2257 3616/4609/2264
f 3610/4603/2258 3617/4611/2265 3618/4612/2266 3611/4604/2259
f 3494/4477/1638 3617/4611/2265 3610/4603/2258 3483/4466/2108
f 3617/4611/2265 3494/4477/1638 3496/4479/2120 3619/4613/2267
f 3619/4613/2267 3620/4614/2268 3618/4612/2266 3617/4611/2265
f 3621/4615/2269 3612/4605/2260 3611/4604/2259 3618/4612/2266
f 3622/4616/2270 3613/4606/2261 3612/4605/2260 3621/4615/2269
f 3623/4617/2271 3614/4607/2262 3613/4606/2261 3622/4616/2270
f 3624/4618/2272 3615/4608/2263 3614/4607/2262 3623/4617/2271
f 3625/4619/2273 3616/4609/2264 3615/4608/2263 3624/4618/2272
f 3624/4618/2272 3626/4620/2274 3627/4621/2275 3625/4619/2273
f 3623/4617/2271 3628/4622/2276 3626/4620/2274 3624/4618/2272
f 3622/4616/2270 3629/4623/2277 3628/4622/2276 3623/4617/2271
f 3621/4615/2269 3630/4624/2278 3629/4623/2277 3622/4616/2270
f 3618/4612/2266 3620/4614/2268 3630/4624/2278 3621/4615/2269
f 3620/4614/2268 3631/4625/2279 3632/4626/2280 3630/4624/2278
f 3510/4627/2134 3513/4628/2137 3633/4629/2281 3634/4630/2282
f 3633/4629/2281 3635/4631/2283 3636/4632/2284 3634/4630/2282
f 3635/4631/2283 3637/4633/2285 3638/4634/2286 3636/4632/2284
f 3637/4633/2285 3639/4635/2287 3640/4636/2288 3638/4634/2286
f 3639/4635/2287 3641/4637/2289 3642/4638/2290 3640/4636/2288
f 3641/4637/2289 3643/4639/2291 3644/4640/2292 3642/4638/2290
f 3643/4639/2291 3645/4641/2293 3646/4642/2294 3644/4640/2292
f 3645/4641/2293 3527/4510/2151 3526/4509/2150 3646/4642/2294
f 3647/4643/2295 3648/4644/2296 3639/4635/2297 3637/4633/2298
f 3648/4644/2296 3649/4645/2299 3641/4637/2300 3639/4635/2297
f 3650/4646/2301 3647/4643/2295 3637/4633/2298 3635/4631/2302
f 3651/4647/2303 3652/4648/2304 3649/4649/2305
f 3649/4645/2299 3652/4650/2306 3643/4639/2307 3641/4637/2300
f 3647/4651/2308 3653/4652/2309 3654/4653/2310 3648/4654/2311
f 3655/4655/2312 3650/4646/2301 3635/4631/2302 3633/4629/2313
f 3656/4656/2314 3645/4641/2315 3643/4639/2307 3652/4650/2306
f 3657/4657/2316 3658/4658/2317 3654/4653/2310 3653/4652/2309
f 3652/4648/2304 3651/4647/2303 3659/4659/2318 3656/4660/2319
f 3655/4655/2312 3633/4629/2313 3513/4628/2177 3541/4661/2178
f 3658/4658/2317 3657/4657/2316 3542/4530/2179 3543/4531/2180
f 3544/4532/2181 3527/4510/2182 3645/4641/2315 3656/4656/2314
f 3656/4660/2319 3659/4659/2318 3545/4533/2183 3544/4534/2184
f 3630/4624/2278 3632/4626/2280 3660/4662/2320 3629/4623/2277
f 3620/4614/2268 3619/4613/2267 3661/4663/2321 3631/4625/2279
f 3619/4613/2267 3496/4479/2120 3548/4537/2187 3661/4663/2321
f 3626/4620/2274 3662/4664/2322 3663/4665/2323 3627/4621/2275
f 3627/4621/2275 3663/4665/2323 3552/4666/2191 3551/4667/2190
f 3628/4622/2276 3664/4668/2324 3662/4664/2322 3626/4620/2274
f 3629/4623/2277 3660/4662/2320 3664/4668/2324 3628/4622/2276
f 3510/4627/2193 3634/4630/2325 3665/4669/2326 3554/4670/2194
f 3666/4671/2327 3595/4584/2243 3463/4586/2088 3557/4672/2198
f 3557/4672/2198 3559/4673/2200 3667/4674/2328 3666/4671/2327
f 3665/4669/2326 3667/4674/2328 3559/4673/2200 3554/4670/2194
f 3668/4675/2329 3593/4582/2241 3595/4584/2243 3666/4671/2327
f 3634/4630/2325 3636/4632/2330 3669/4676/2331 3665/4669/2326
f 3670/4677/2332 3667/4674/2328 3665/4669/2326 3669/4676/2331
f 3667/4674/2328 3670/4677/2332 3668/4675/2329 3666/4671/2327
f 3636/4632/2330 3638/4634/2333 3671/4678/2334 3669/4676/2331
f 3672/4679/2335 3591/4580/2239 3593/4582/2241 3668/4675/2329
f 3670/4677/2332 3673/4680/2336 3672/4679/2335 3668/4675/2329
f 3669/4676/2331 3671/4678/2334 3673/4680/2336 3670/4677/2332
f 3674/4681/2337 3589/4578/2237 3591/4580/2239 3672/4679/2335
f 3638/4634/2333 3640/4636/2338 3675/4682/2339 3671/4678/2334
f 3676/4683/2340 3673/4680/2336 3671/4678/2334 3675/4682/2339
f 3673/4680/2336 3676/4683/2340 3674/4681/2337 3672/4679/2335
f 3677/4684/2341 3587/4576/2235 3589/4578/2237 3674/4681/2337
f 3640/4636/2338 3642/4638/2342 3678/4685/2343 3675/4682/2339
f 3676/4683/2340 3679/4686/2344 3677/4684/2341 3674/4681/2337
f 3678/4685/2343 3679/4686/2344 3676/4683/2340 3675/4682/2339
f 3680/4687/2345 3585/4574/2233 3587/4576/2235 3677/4684/2341
f 3642/4638/2342 3644/4640/2346 3681/4688/2347 3678/4685/2343
f 3682/4689/2348 3679/4686/2344 3678/4685/2343 3681/4688/2347
f 3679/4686/2344 3682/4689/2348 3680/4687/2345 3677/4684/2341
f 3644/4640/2346 3646/4642/2349 3683/4690/2350 3681/4688/2347
f 3684/4691/2351 3583/4572/2231 3585/4574/2233 3680/4687/2345
f 3681/4688/2347 3683/4690/2350 3685/4692/2352 3682/4689/2348
f 3682/4689/2348 3685/4692/2352 3684/4691/2351 3680/4687/2345
f 3683/4690/2350 3579/4568/2226 3578/4567/2225 3685/4692/2352
f 3646/4642/2349 3526/4509/2227 3579/4568/2226 3683/4690/2350
f 3580/4569/2228 3684/4691/2351 3685/4692/2352 3578/4567/2225
f 3684/4691/2351 3580/4569/2228 3448/4431/2073 3583/4572/2231
f 3616/4609/2264 3625/4619/2273 3581/4693/2229 3491/4610/2116
f 3625/4619/2273 3627/4621/2275 3551/4667/2190 3581/4693/2229
f 3647/4651/2308 3650/4694/2353 3653/4652/2309
f 3657/4657/2316 3653/4652/2309 3650/4694/2353 3655/4695/2354
f 3542/4530/2179 3657/4657/2316 3655/4695/2354 3541/4696/2355
f 3536/4697/2356 3539/4526/2174 3542/4530/2179 3541/4696/2355
f 3531/4698/2357 3535/4520/2166 3539/4526/2174 3536/4697/2356
f 3535/4520/2166 3531/4698/2357 3528/4521/2167
f 3651/4647/2303 3649/4649/2305 3648/4654/2311 3654/4653/2310
f 3658/4658/2317 3659/4659/2318 3651/4647/2303 3654/4653/2310
f 3659/4659/2318 3658/4658/2317 3543/4531/2180 3545/4533/2183
f 3545/4533/2183 3543/4531/2180 3538/4525/2173 3540/4527/2175
f 3533/4517/2162 3540/4527/2175 3538/4525/2173 3534/4519/2165
f 3529/4522/2168 3530/4515/2160 3533/4517/2162 3534/4519/2165
f 3686/4699/5 3687/4700/5 3688/4701/5 3689/4702/5
f 3690/4703/2358 3691/4704/2358 3686/4699/2358 3689/4702/2358
f 3692/4705/25 3687/4700/25 3686/4699/25 3691/4706/25
f 3693/4707/2359 3688/4701/2359 3687/4700/2359 3692/4708/2359
f 3693/4709/27 3690/4710/27 3689/4702/27 3688/4701/27
f 3694/4711/57 3695/4712/57 3696/4713/57 3697/4714/57
f 3696/4713/2358 3691/4704/2358 3690/4703/2358 3697/4714/2358
f 3696/4715/25 3695/4716/25 3692/4705/25 3691/4706/25
f 3695/4717/2359 3694/4718/2359 3693/4707/2359 3692/4708/2359
f 3697/4719/27 3690/4710/27 3693/4709/27 3694/4720/27
f 3698/4721/2360 3699/4722/2361 3700/4723/2362
f 3698/4721/2360 3700/4723/2362 3701/4724/2363
f 3698/4721/2360 3701/4724/2363 3702/4725/2364
f 3698/4721/2360 3702/4725/2364 3703/4726/2365
f 3698/4721/2360 3703/4726/2365 3704/4727/2366
f 3698/4721/2360 3704/4727/2366 3705/4728/2367
f 3698/4721/2360 3705/4728/2367 3706/4729/2368
f 3698/4721/2360 3706/4729/2368 3707/4730/2369
f 3698/4721/2360 3707/4730/2369 3708/4731/2370
f 3698/4721/2360 3708/4731/2370 3709/4732/2371
f 3698/4721/2360 3709/4732/2371 3710/4733/2372
f 3698/4721/2360 3710/4733/2372 3699/4722/2361
f 3711/4734/2373 3712/4735/2374 3700/4723/2362 3699/4722/2361
f 3712/4735/2374 3713/4736/2375 3701/4724/2363 3700/4723/2362
f 3713/4736/2375 3714/4737/2376 3702/4725/2364 3701/4724/2363
f 3714/4737/2376 3715/4738/2377 3703/4726/2365 3702/4725/2364
f 3715/4738/2377 3716/4739/2378 3704/4727/2366 3703/4726/2365
f 3716/4739/2378 3717/4740/2379 3705/4728/2367 3704/4727/2366
f 3717/4740/2379 3718/4741/2380 3706/4729/2368 3705/4728/2367
f 3718/4741/2380 3719/4742/2381 3707/4730/2369 3706/4729/2368
f 3719/4742/2381 3720/4743/2382 3708/4731/2370 3707/4730/2369
f 3720/4743/2382 3721/4744/2383 3709/4732/2371 3708/4731/2370
f 3721/4744/2383 3722/4745/2384 3710/4733/2372 3709/4732/2371
f 3722/4745/2384 3711/4734/2373 3699/4722/2361 3710/4733/2372
f 3723/4746/2385 3724/4747/2386 3712/4735/2374 3711/4734/2373
f 3724/4747/2386 3725/4748/2387 3713/4736/2375 3712/4735/2374
f 3725/4748/2387 3726/4749/2388 3714/4737/2376 3713/4736/2375
f 3726/4749/2388 3727/4750/2389 3715/4738/2377 3714/4737/2376
f 3727/4750/2389 3728/4751/2390 3716/4739/2378 3715/4738/2377
f 3728/4751/2390 3729/4752/2391 3717/4740/2379 3716/4739/2378
f 3729/4752/2391 3730/4753/2392 3718/4741/2380 3717/4740/2379
f 3730/4753/2392 3731/4754/2393 3719/4742/2381 3718/4741/2380
f 3731/4754/2393 3732/4755/2394 3720/4743/2382 3719/4742/2381
f 3732/4755/2394 3733/4756/2395 3721/4744/2383 3720/4743/2382
f 3733/4756/2395 3734/4757/2396 3722/4745/2384 3721/4744/2383
f 3734/4757/2396 3723/4746/2385 3711/4734/2373 3722/4745/2384
f 3735/4758/2397 3736/4759/2398 3737/4760/2399
f 3735/4758/2397 3737/4760/2399 3738/4761/2400
f 3735/4758/2397 3738/4761/2400 3739/4762/2401
f 3735/4758/2397 3739/4762/2401 3740/4763/2402
f 3735/4758/2397 3740/4763/2402 3741/4764/2403
f 3735/4758/2397 3741/4764/2403 3742/4765/2404
f 3735/4758/2397 3742/4765/2404 3743/4766/2405
f 3735/4758/2397 3743/4766/2405 3744/4767/2406
f 3735/4758/2397 3744/4767/2406 3745/4768/2407
f 3735/4758/2397 3745/4768/2407 3746/4769/2408
f 3735/4758/2397 3746/4769/2408 3747/4770/2409
f 3735/4758/2397 3747/4770/2409 3736/4759/2398
f 3748/4771/2410 3749/4772/2411 3737/4760/2399 3736/4759/2398
f 3749/4772/2411 3750/4773/2412 3738/4761/2400 3737/4760/2399
f 3750/4773/2412 3751/4774/2413 3739/4762/2401 3738/4761/2400
f 3751/4774/2413 3752/4775/2414 3740/4763/2402 3739/4762/2401
f 3752/4775/2414 3753/4776/2415 3741/4764/2403 3740/4763/2402
f 3753/4776/2415 3754/4777/2416 3742/4765/2404 3741/4764/2403
f 3754/4777/2416 3755/4778/2417 3743/4766/2405 3742/4765/2404
f 3755/4778/2417 3756/4779/2418 3744/4767/2406 3743/4766/2405
f 3756/4779/2418 3757/4780/2419 3745/4768/2407 3744/4767/2406
f 3757/4780/2419 3758/4781/2420 3746/4769/2408 3745/4768/2407
f 3758/4781/2420 3759/4782/2421 3747/4770/2409 3746/4769/2408
f 3759/4782/2421 3748/4771/2410 3736/4759/2398 3747/4770/2409
f 3760/4783/2422 3761/4784/2423 3749/4772/2411 3748/4771/2410
f 3761/4784/2423 3762/4785/2424 3750/4773/2412 3749/4772/2411
f 3762/4785/2424 3763/4786/2425 3751/4774/2413 3750/4773/2412
f 3763/4786/2425 3764/4787/2426 3752/4775/2414 3751/4774/2413
f 3764/4787/2426 3765/4788/2427 3753/4776/2415 3752/4775/2414
f 3765/4788/2427 3766/4789/2428 3754/4777/2416 3753/4776/2415
f 3766/4789/2428 3767/4790/2429 3755/4778/2417 3754/4777/2416
f 3767/4790/2429 3768/4791/2430 3756/4779/2418 3755/4778/2417
f 3768/4791/2430 3769/4792/2431 3757/4780/2419 3756/4779/2418
f 3769/4792/2431 3770/4793/2432 3758/4781/2420 3757/4780/2419
f 3770/4793/2432 3771/4794/2433 3759/4782/2421 3758/4781/2420
f 3771/4794/2433 3760/4783/2422 3748/4771/2410 3759/4782/2421
f 3772/4795/2434 3773/4796/2435 3774/4797/2436
f 3772/4795/2434 3774/4797/2436 3775/4798/2437
f 3772/4795/2434 3775/4798/2437 3776/4799/2438
f 3772/4795/2434 3776/4799/2438 3777/4800/2439
f 3772/4795/2434 3777/4800/2439 3778/4801/2440
f 3772/4795/2434 3778/4801/2440 3779/4802/2441
f 3772/4795/2434 3779/4802/2441 3780/4803/2442
f 3772/4795/2434 3780/4803/2442 3781/4804/2443
f 3772/4795/2434 3781/4804/2443 3782/4805/2444
f 3772/4795/2434 3782/4805/2444 3783/4806/2445
f 3772/4795/2434 3783/4806/2445 3784/4807/2446
f 3772/4795/2434 3784/4807/2446 3773/4796/2435
f 3785/4808/2447 3786/4809/2448 3774/4797/2436 3773/4796/2435
f 3786/4809/2448 3787/4810/2449 3775/4798/2437 3774/4797/2436
f 3787/4810/2449 3788/4811/2450 3776/4799/2438 3775/4798/2437
f 3788/4811/2450 3789/4812/2451 3777/4800/2439 3776/4799/2438
f 3789/4812/2451 3790/4813/2452 3778/4801/2440 3777/4800/2439
f 3790/4813/2452 3791/4814/2453 3779/4802/2441 3778/4801/2440
f 3791/4814/2453 3792/4815/2454 3780/4803/2442 3779/4802/2441
f 3792/4815/2454 3793/4816/2455 3781/4804/2443 3780/4803/2442
f 3793/4816/2455 3794/4817/2456 3782/4805/2444 3781/4804/2443
f 3794/4817/2456 3795/4818/2457 3783/4806/2445 3782/4805/2444
f 3795/4818/2457 3796/4819/2458 3784/4807/2446 3783/4806/2445
f 3796/4819/2458 3785/4808/2447 3773/4796/2435 3784/4807/2446
f 3797/4820/2459 3798/4821/2460 3786/4809/2448 3785/4808/2447
f 3798/4821/2460 3799/4822/2461 3787/4810/2449 3786/4809/2448
f 3799/4822/2461 3800/4823/2462 3788/4811/2450 3787/4810/2449
f 3800/4823/2462 3801/4824/2463 3789/4812/2451 3788/4811/2450
f 3801/4824/2463 3802/4825/2464 3790/4813/2452 3789/4812/2451
f 3802/4825/2464 3803/4826/2465 3791/4814/2453 3790/4813/2452
f 3803/4826/2465 3804/4827/2466 3792/4815/2454 3791/4814/2453
f 3804/4827/2466 3805/4828/2467 3793/4816/2455 3792/4815/2454
f 3805/4828/2467 3806/4829/2468 3794/4817/2456 3793/4816/2455
f 3806/4829/2468 3807/4830/2469 3795/4818/2457 3794/4817/2456
f 3807/4830/2469 3808/4831/2470 3796/4819/2458 3795/4818/2457
f 3796/4819/2458 3808/4831/2470 3797/4820/2459 3785/4808/2447
f 3809/4832/2471 3810/4833/2472 3811/4834/2473 3812/4835/2474
f 3813/4836/2475 3814/4837/2476 3815/4838/2477 3816/4839/2478
f 3817/4840/2479 3818/4841/2480 3819/4842/2481 3820/4843/2479
f 3821/4844/2482 3822/4845/2483 3823/4846/2484 3824/4847/2483
f 3825/4848/2485 3826/4849/2486 3827/4850/2487 3828/4851/2488
f 3829/4852/2489 3830/4853/2490 3831/4854/2491 3832/4855/2492
f 3833/4856/25 3834/4857/25 3835/4858/2493 3836/4859/25
f 3837/4860/2494 3838/4861/2495 3839/4862/2495 3840/4863/2494
f 3832/4855/2492 3831/4854/2491 3841/4864/2496 3842/4865/2497
f 3843/4866/2498 3833/4856/25 3836/4859/25 3844/4867/2498
f 3845/4868/2499 3846/4869/2500 3847/4870/2500 3848/4871/2499
f 3826/4849/2486 3849/4872/2501 3850/4873/2501 3827/4850/2487
f 3851/4874/2502 3852/4875/2503 3853/4876/2504 3854/4877/2505
f 3855/4878/25 3856/4879/2506 3857/4880/2507 3858/4881/2508
f 3859/4882/2509 3860/4883/2510 3861/4884/2511 3842/4865/2497
f 3816/4839/2478 3815/4838/2477 3862/4885/2512 3863/4886/2513
f 3864/4887/2514 3865/4888/2515 3866/4889/2516 3867/4890/2517
f 3865/4888/2515 3868/4891/2518 3869/4892/2519 3866/4889/2516
f 3870/4893/2520 3871/4894/2521 3872/4895/2522 3873/4896/2523
f 3874/4897/2524 3875/4898/2525 3876/4899/2526 3877/4900/2527
f 3851/4874/2502 3878/4901/2528 3879/4902/2529 3880/4903/2530
f 3829/4852/2489 3881/4904/2531 3882/4905/2532 3854/4877/2505
f 3842/4865/2497 3861/4884/2511 3883/4906/2533 3832/4855/2492
f 3819/4842/2481 3884/4907/2534 3812/4908/2535 3811/4909/2536
f 3819/4842/2481 3811/4909/2536 3820/4843/2479
f 3863/4910/2537 3885/4911/2538 3886/4912/2479 3813/4913/115
f 3863/4910/2537 3813/4913/115 3816/4914/2539
f 3854/4877/2505 3853/4876/2504 3830/4853/2490 3829/4852/2489
f 3887/4915/2540 3835/4858/2493 3834/4857/25 3888/4916/25
f 3849/4872/2501 3839/4862/2495 3838/4861/2495 3850/4873/2501
f 3868/4891/2518 3870/4893/2520 3873/4896/2523 3869/4892/2519
f 3832/4855/2492 3883/4906/2533 3881/4904/2531 3829/4852/2489
f 3889/4917/2541 3890/4918/2542 3891/4919/2543 3892/4920/2544
f 3893/4921/2545 3894/4922/2546 3895/4923/2547 3896/4924/2548
f 3897/4925/2549 3893/4921/2545 3896/4924/2548 3898/4926/2550
f 3899/4927/2551 3900/4928/2552 3901/4929/2553 3902/4930/2554
f 3895/4923/2547 3894/4922/2546 3903/4931/2555 3904/4932/2556
f 3905/4933/2557 3906/4934/2558 3907/4935/2559 3908/4936/2560
f 3856/4937/2506 3909/4938/2561 3910/4939/2562 3857/4940/2507
f 3911/4941/2563 3912/4942/2564 3913/4943/2565 3914/4944/2566
f 3915/4945/2567 3821/4946/2568 3824/4947/2569 3916/4948/2570
f 3917/4949/2571 3918/4950/2572 3919/4951/2573 3920/4952/2574
f 3921/4953/2575 3922/4954/2576 3918/4950/2572 3917/4949/2571
f 3907/4935/2559 3922/4954/2576 3921/4953/2575 3908/4936/2560
f 3859/4882/2509 3923/4955/2577 3810/4833/2472 3809/4832/2471
f 3924/4956/2578 3925/4957/2579 3926/4958/2579 3927/4959/2580
f 3822/4845/2483 3843/4866/2498 3844/4867/2498 3823/4846/2484
f 3846/4869/2500 3819/4960/2581 3818/4961/2582 3847/4870/2500
f 3812/4835/2474 3884/4962/2583 3928/4963/2584 3809/4832/2471
f 3815/4838/2477 3929/4964/2585 3930/4965/2586 3862/4885/2512
f 3931/4966/2473 3932/4967/2472 3933/4968/2472 3934/4969/2473
f 3935/4970/2476 3936/4971/2475 3937/4972/2587 3938/4973/2588
f 3939/4974/115 3940/4975/115 3941/4976/2589 3942/4977/115
f 3943/4978/2590 3944/4979/2591 3945/4980/2592 3946/4981/2593
f 3946/4981/2593 3945/4980/2592 3947/4982/2594 3948/4983/2595
f 3949/4984/2596 3950/4985/2597 3951/4986/2598 3952/4987/2599
f 3931/4988/115 3934/4989/115 3940/4975/115 3939/4974/115
f 3953/4990/2600 3944/4979/2591 3943/4978/2590 3954/4991/2601
f 3955/4992/2602 3956/4993/2603 3957/4994/2604 3958/4995/2605
f 3959/4996/2606 3960/4997/2607 3961/4998/2608 3962/4999/2609
f 3963/5000/2610 3960/4997/2607 3959/4996/2606 3964/5001/2611
f 3965/5002/2612 3966/5003/2613 3967/5004/2614 3968/5005/2615
f 3936/5006/115 3969/5007/115 3970/5008/115 3971/5009/115
f 3972/5010/2616 3962/4999/2609 3961/4998/2608 3973/5011/2617
f 3974/5012/2577 3948/4983/2595 3947/4982/2594 3975/5013/2577
f 3976/5014/2618 3963/5000/2610 3964/5001/2611 3977/5015/2618
f 3978/5016/2619 3955/4992/2602 3958/4995/2605 3979/5017/2620
f 3961/4998/2608 3960/4997/2607 3980/5018/2621 3981/5019/2622
f 3960/4997/2607 3963/5000/2610 3982/5020/2623 3980/5018/2621
f 3983/5021/2624 3968/5005/2615 3967/5004/2614 3984/5022/2625
f 3937/5023/2626 3936/5006/115 3971/5009/115 3985/5024/2627
f 3961/4998/2608 3981/5019/2622 3986/5025/2628 3973/5011/2617
f 3987/5026/2618 3982/5020/2623 3963/5000/2610 3976/5014/2618
f 3988/5027/2473 3989/5028/2629 3990/5029/2629 3991/5030/2473
f 3992/5031/115 3993/5032/115 3994/5033/2022 3995/5034/2022
f 3996/5035/2630 3997/5036/2631 3998/5037/2632 3999/5038/2630
f 4000/5039/2633 3996/5035/2630 3999/5038/2630 4001/5040/2633
f 4002/5041/2634 4003/5042/2635 4004/5043/2636 4005/5044/2637
f 3991/5045/115 3993/5032/115 3992/5031/115 3988/5046/115
f 3998/5037/2632 3997/5036/2631 4006/5047/2638 4007/5048/2639
f 4008/5049/2640 4000/5039/2633 4001/5040/2633 4009/5050/2640
f 3931/4966/2473 4010/5051/2473 4011/5052/2629 3932/4967/2472
f 4012/5053/2476 3969/5054/2475 3936/4971/2475 3935/4970/2476
f 4013/5055/115 3939/4974/115 3942/4977/115 4014/5056/115
f 3943/4978/2590 3946/4981/2593 4015/5057/2641 4016/5058/2642
f 3948/4983/2595 4017/5059/2643 4015/5057/2641 3946/4981/2593
f 4018/5060/2644 3952/4987/2599 3951/4986/2598 4019/5061/2645
f 4010/5062/115 3931/4988/115 3939/4974/115 4013/5055/115
f 4020/5063/2646 3954/4991/2601 3943/4978/2590 4016/5058/2642
f 4021/5064/2577 4017/5059/2643 3948/4983/2595 3974/5012/2577
f 4022/5065/2473 3934/4969/2473 3933/4968/2472 4023/5066/2629
f 3937/4972/2587 4024/5067/2647 4025/5068/2648 3938/4973/2588
f 4026/5069/2649 3941/4976/2589 3940/4975/115 4027/5070/115
f 4028/5071/2650 3945/4980/2592 3944/4979/2591 4029/5072/2651
f 4028/5071/2650 4030/5073/2652 3947/4982/2594 3945/4980/2592
f 3950/4985/2597 3949/4984/2596 4031/5074/2653 4032/5075/2654
f 3934/4989/115 4022/5076/115 4027/5070/115 3940/4975/115
f 4029/5072/2651 3944/4979/2591 3953/4990/2600 4033/5077/2655
f 4034/5078/2656 3975/5013/2577 3947/4982/2594 4030/5073/2652
f 3956/4993/2603 4035/5079/2657 4036/5080/2658 3957/4994/2604
f 4037/5081/2659 4038/5082/2660 3959/4996/2606 3962/4999/2609
f 4038/5082/2660 4039/5083/2661 3964/5001/2611 3959/4996/2606
f 4040/5084/2662 4041/5085/2663 3966/5003/2613 3965/5002/2612
f 3969/5007/115 4042/5086/115 4043/5087/115 3970/5008/115
f 4044/5088/2664 4037/5081/2659 3962/4999/2609 3972/5010/2616
f 4039/5083/2661 4045/5089/2618 3977/5015/2618 3964/5001/2611
f 3890/4918/2542 4046/5090/2665 4047/5091/2666 3891/4919/2543
f 4048/5092/2667 4049/5093/2668 4050/5094/2669 4051/5095/2670
f 3896/4924/2548 3895/4923/2547 4052/5096/2671 4053/5097/2548
f 4054/5098/2672 4055/5099/2673 4056/5100/2673 4057/5101/2674
f 3898/4926/2550 3896/4924/2548 4053/5097/2548 4058/5102/2550
f 4055/5099/2673 4059/5103/2675 4060/5104/2675 4056/5100/2673
f 4061/5105/2676 4062/5106/2677 3901/4929/2553 3900/4928/2552
f 4063/5107/2678 4064/5108/2679 4065/5109/2680 4066/5110/2681
f 4067/5111/2682 4052/5096/2671 3895/4923/2547 3904/4932/2556
f 4068/5112/2683 4054/5098/2672 4057/5101/2674 4069/5113/2684
f 4070/5114/2578 4071/5115/2579 3925/4957/2579 3924/4956/2578
f 4072/5116/2618 4073/5117/2618 4074/5118/2618 4075/5119/2618
f 4076/5120/2473 4077/5121/2629 4078/5122/2629 4079/5123/2473
f 3991/5030/2473 3990/5029/2629 4080/5124/2629 4081/5125/2473
f 4082/5126/115 4083/5127/115 4084/5128/2022 4085/5129/2022
f 3993/5032/115 4086/5130/115 4087/5131/2022 3994/5033/2022
f 4088/5132/2491 4089/5133/2685 4090/5134/2685 4091/5135/2491
f 3999/5038/2630 3998/5037/2632 4092/5136/2686 4093/5137/2630
f 4094/5138/2496 4088/5132/2491 4091/5135/2491 4095/5139/2496
f 4001/5040/2633 3999/5038/2630 4093/5137/2630 4096/5140/2633
f 4097/5141/2687 4098/5142/2688 4099/5143/2689 4100/5144/2690
f 4101/5145/2691 4102/5146/2692 4004/5043/2636 4003/5042/2635
f 4076/5147/115 4079/5148/115 4083/5127/115 4082/5126/115
f 3993/5032/115 3991/5045/115 4081/5149/115 4086/5130/115
f 4103/5150/2693 4090/5134/2685 4089/5133/2685 4104/5151/2694
f 4105/5152/2695 4092/5136/2686 3998/5037/2632 4007/5048/2639
f 4095/5139/2496 4106/5153/2577 4107/5154/2577 4094/5138/2496
f 4009/5050/2640 4001/5040/2633 4096/5140/2633 4108/5155/2640
f 4046/5090/2665 4109/5156/2696 4110/5157/2697 4047/5091/2666
f 3892/4920/2544 4111/5158/2698 4112/5159/2699 3889/4917/2541
f 4113/5160/2548 4053/5097/2548 4052/5096/2671 4114/5161/2700
f 4115/5162/2701 3894/4922/2546 3893/4921/2545 4116/5163/2702
f 4117/5164/2550 4058/5102/2550 4053/5097/2548 4113/5160/2548
f 4118/5165/2703 4116/5163/2702 3893/4921/2545 3897/4925/2549
f 4062/5106/2677 4061/5105/2676 4119/5166/2704 4120/5167/2705
f 4121/5168/2706 4122/5169/2707 3902/4930/2554 3903/4931/2555
f 4052/5096/2671 4067/5111/2682 4123/5170/2708 4114/5161/2700
f 4115/5162/2701 4121/5168/2706 3903/4931/2555 3894/4922/2546
f 4124/5171/2578 4125/5172/2709 4071/5115/2579 4070/5114/2578
f 4126/5173/2710 3926/4958/2579 4127/5174/2618 4128/5175/2618
f 4129/5176/2473 4081/5125/2473 4080/5124/2629 4130/5177/2629
f 3989/5028/2629 3988/5027/2473 4131/5178/2473 4132/5179/2629
f 4086/5130/115 4133/5180/115 4134/5181/2022 4087/5131/2022
f 3995/5034/2022 4135/5182/2711 4136/5183/115 3992/5031/115
f 4137/5184/2630 4093/5137/2630 4092/5136/2686 4138/5185/2712
f 3997/5036/2631 3996/5035/2630 4139/5186/2630 4140/5187/2490
f 4093/5137/2630 4137/5184/2630 4141/5188/2633 4096/5140/2633
f 3996/5035/2630 4000/5039/2633 4142/5189/2633 4139/5186/2630
f 4143/5190/2713 4144/5191/2714 4102/5146/2692 4101/5145/2691
f 4005/5044/2637 4006/5047/2638 4145/5192/2715 4146/5193/2716
f 4086/5130/115 4081/5149/115 4129/5194/115 4133/5180/115
f 4131/5195/115 3988/5046/115 3992/5031/115 4136/5183/115
f 4105/5152/2695 4147/5196/2717 4138/5185/2712 4092/5136/2686
f 4006/5047/2638 3997/5036/2631 4140/5187/2490 4145/5192/2715
f 4108/5155/2640 4096/5140/2633 4141/5188/2633 4148/5197/2640
f 4008/5049/2640 3989/5028/2629 4132/5179/2629 4149/5198/2640
f 4150/5199/2718 3910/4939/2562 3909/4938/2561 4151/5200/2719
f 4049/5093/2668 4152/5201/2720 4153/5202/2721 4050/5094/2669
f 4057/5101/2674 4056/5100/2673 4154/5203/2722 4155/5204/2723
f 4056/5100/2673 4060/5104/2675 4156/5205/2724 4154/5203/2722
f 4063/5107/2678 4157/5206/2725 4158/5207/2726 4064/5108/2679
f 4057/5101/2674 4155/5204/2723 4159/5208/2727 4069/5113/2684
f 4073/5117/2618 4160/5209/2728 4161/5210/2729 4074/5118/2618
f 4079/5123/2473 4078/5122/2629 4162/5211/2629 4163/5212/2473
f 4083/5127/115 4164/5213/115 4165/5214/2022 4084/5128/2022
f 4091/5135/2491 4090/5134/2685 4166/5215/2685 4167/5216/2491
f 4095/5139/2496 4091/5135/2491 4167/5216/2491 4168/5217/2496
f 4169/5218/2730 4170/5219/2731 4099/5143/2689 4098/5142/2688
f 4164/5213/115 4083/5127/115 4079/5148/115 4163/5220/115
f 4166/5215/2685 4171/5221/2732 4172/5222/2733 4173/5223/2685
f 4166/5215/2685 4090/5134/2685 4103/5150/2693 4171/5221/2732
f 4168/5217/2496 4174/5224/2577 4106/5153/2577 4095/5139/2496
f 4152/5201/2720 4175/5225/2734 4176/5226/2735 4153/5202/2721
f 4051/5095/2670 4177/5227/2736 4178/5228/2737 4048/5092/2667
f 4179/5229/2738 4155/5204/2723 4154/5203/2722 4180/5230/2739
f 4181/5231/2740 4055/5099/2673 4054/5098/2672 4182/5232/2741
f 4183/5233/2742 4180/5230/2739 4154/5203/2722 4156/5205/2724
f 4059/5103/2675 4055/5099/2673 4181/5231/2740 4184/5234/2743
f 4185/5235/2744 4158/5207/2726 4157/5206/2725 4186/5236/2745
f 4187/5237/2746 4188/5238/2747 4065/5109/2680 4189/5239/2748
f 4155/5204/2723 4179/5229/2738 4190/5240/2749 4159/5208/2727
f 4191/5241/2750 4182/5232/2741 4054/5098/2672 4068/5112/2683
f 4192/5242/2751 4161/5210/2729 4160/5209/2728 4193/5243/2752
f 4059/5103/2675 4184/5234/2743 4194/5244/2753 4075/5119/2618
f 4163/5212/2473 4162/5211/2629 4195/5245/2472 4196/5246/2473
f 4077/5121/2629 4076/5120/2473 4197/5247/2473 4198/5248/2629
f 4164/5213/115 4199/5249/115 4200/5250/2754 4165/5214/2022
f 4085/5129/2022 4201/5251/2022 4202/5252/115 4082/5126/115
f 4167/5216/2491 4166/5215/2685 4173/5223/2685 4203/5253/2491
f 4089/5133/2685 4088/5132/2491 4204/5254/2491 4205/5255/2685
f 4168/5217/2496 4167/5216/2491 4203/5253/2491 4206/5256/2496
f 4088/5132/2491 4094/5138/2496 4207/5257/2755 4204/5254/2491
f 4208/5258/2756 4170/5219/2731 4169/5218/2730 4209/5259/2757
f 4210/5260/2758 4100/5144/2690 4104/5151/2694 4211/5261/2759
f 4199/5249/115 4164/5213/115 4163/5220/115 4196/5262/115
f 4197/5263/115 4076/5147/115 4082/5126/115 4202/5252/115
f 4104/5151/2694 4089/5133/2685 4205/5255/2685 4211/5261/2759
f 4206/5256/2496 4212/5264/2577 4174/5224/2577 4168/5217/2496
f 4198/5248/2629 4213/5265/2760 4107/5154/2577 4077/5121/2629
f 4214/5266/2629 4011/5052/2629 4010/5051/2473 4215/5267/2473
f 3969/5054/2475 4012/5053/2476 4216/5268/2476 4042/5269/2475
f 4217/5270/115 4013/5055/115 4014/5056/115 4218/5271/115
f 4219/5272/2761 4016/5058/2642 4015/5057/2641 4220/5273/2762
f 4220/5273/2762 4015/5057/2641 4017/5059/2643 4221/5274/2763
f 4019/5061/2645 4222/5275/2764 4223/5276/2765 4018/5060/2644
f 4215/5277/115 4010/5062/115 4013/5055/115 4217/5270/115
f 4224/5278/2766 4020/5063/2646 4016/5058/2642 4219/5272/2761
f 4021/5064/2577 4225/5279/2577 4221/5274/2763 4017/5059/2643
f 4226/5280/2700 4227/5281/2673 4038/5082/2660 4037/5081/2659
f 4227/5281/2673 4228/5282/2767 4039/5083/2661 4038/5082/2660
f 4229/5283/2768 4230/5284/2769 4041/5085/2663 4040/5084/2662
f 4042/5086/115 3813/4913/115 3886/4912/2479 4043/5087/115
f 4231/5285/2770 4226/5280/2700 4037/5081/2659 4044/5088/2664
f 4228/5282/2767 4232/5286/2618 4045/5089/2618 4039/5083/2661
f 3810/4833/2472 4214/5266/2629 4215/5267/2473 3811/4834/2473
f 4042/5269/2475 4216/5268/2476 3814/4837/2476 3813/4836/2475
f 3820/4843/2479 4217/5270/115 4218/5271/115 3817/4840/2479
f 3830/4853/2490 4219/5272/2761 4220/5273/2762 3831/4854/2491
f 3831/4854/2491 4220/5273/2762 4221/5274/2763 3841/4864/2496
f 4233/5287/2771 4223/5276/2765 4222/5275/2764 3852/4875/2503
f 3811/4909/2536 4215/5277/115 4217/5270/115 3820/4843/2479
f 3853/4876/2504 4224/5278/2766 4219/5272/2761 3830/4853/2490
f 3841/4864/2496 4221/5274/2763 4225/5279/2577 3923/4955/2577
f 4234/5288/2719 3877/4900/2527 3876/4899/2526 4235/5289/2718
f 3868/4891/2518 3865/4888/2515 4227/5281/2673 4226/5280/2700
f 3865/4888/2515 3864/4887/2514 4228/5282/2767 4227/5281/2673
f 4236/5290/2772 3871/4894/2521 4230/5284/2769 4229/5283/2768
f 3870/4893/2520 3868/4891/2518 4226/5280/2700 4231/5285/2770
f 3864/4887/2514 3929/4964/2585 4232/5286/2618 4228/5282/2767
f 4237/5291/2773 3978/5016/2619 3979/5017/2620 4238/5292/2774
f 3980/5018/2621 4239/5293/2775 4240/5294/2776 3981/5019/2622
f 4239/5293/2775 3980/5018/2621 3982/5020/2623 4241/5295/2777
f 4242/5296/2778 4243/5297/2779 3983/5021/2624 3984/5022/2625
f 4240/5294/2776 4244/5298/2780 3986/5025/2628 3981/5019/2622
f 3982/5020/2623 3987/5026/2618 4245/5299/2781 4241/5295/2777
f 4113/5160/2548 4114/5161/2700 4246/5300/2700 4247/5301/2782
f 4113/5160/2548 4247/5301/2782 4248/5302/2783 4117/5164/2550
f 4120/5167/2705 4119/5166/2704 4249/5303/2768 4250/5304/2784
f 4114/5161/2700 4123/5170/2708 4251/5305/2770 4246/5300/2700
f 4252/5306/2785 4253/5307/2786 4125/5172/2709 4124/5171/2578
f 4132/5179/2629 4131/5178/2473 4254/5308/2473 4255/5309/2629
f 4256/5310/2787 4026/5069/2649 4027/5070/115 4257/5311/115
f 4140/5187/2490 4139/5186/2630 4258/5312/2630 4259/5313/2490
f 4139/5186/2630 4142/5189/2633 4260/5314/2633 4258/5312/2630
f 4146/5193/2716 4145/5192/2715 4261/5315/2504 4262/5316/2503
f 4254/5317/115 4131/5195/115 4136/5183/115 4257/5311/115
f 4145/5192/2715 4140/5187/2490 4259/5313/2490 4261/5315/2504
f 4132/5179/2629 4255/5309/2629 4263/5318/2640 4149/5198/2640
f 4264/5319/2788 4265/5320/2789 4115/5162/2701 4116/5163/2702
f 4116/5163/2702 4118/5165/2703 4266/5321/2790 4264/5319/2788
f 4267/5322/2791 4268/5323/2768 4269/5324/2792 4122/5169/2707
f 4121/5168/2706 4115/5162/2701 4265/5320/2789 4270/5325/2793
f 4271/5326/2629 4272/5327/2473 4129/5176/2473 4130/5177/2629
f 4273/5328/2794 4274/5329/2795 4137/5184/2630 4138/5185/2712
f 4275/5330/2796 4141/5188/2633 4137/5184/2630 4274/5329/2795
f 4276/5331/2797 4147/5196/2717 4144/5191/2714 4277/5332/1965
f 4272/5333/115 4278/5334/115 4133/5180/115 4129/5194/115
f 4273/5328/2794 4138/5185/2712 4147/5196/2717 4276/5331/2797
f 4279/5335/2798 4271/5326/2629 4130/5177/2629 4148/5197/2640
f 4181/5231/2740 4182/5232/2741 4280/5336/2799 4281/5337/2800
f 4281/5337/2800 4282/5338/2801 4184/5234/2743 4181/5231/2740
f 4188/5238/2747 4187/5237/2746 4283/5339/2768 4284/5340/2802
f 4285/5341/2803 4280/5336/2799 4182/5232/2741 4191/5241/2750
f 4282/5338/2801 4286/5342/2804 4194/5244/2753 4184/5234/2743
f 4198/5248/2629 4197/5247/2473 4287/5343/2473 4288/5344/2629
f 4289/5345/2022 4290/5346/2022 4278/5334/115 4291/5347/115
f 4205/5255/2685 4204/5254/2491 4292/5348/2805 4293/5349/2685
f 4207/5257/2755 4294/5350/2806 4292/5348/2805 4204/5254/2491
f 4210/5260/2758 4211/5261/2759 4295/5351/2807 4296/5352/1965
f 4287/5353/115 4197/5263/115 4202/5252/115 4291/5347/115
f 4205/5255/2685 4293/5349/2685 4295/5351/2807 4211/5261/2759
f 4213/5265/2760 4198/5248/2629 4288/5344/2629 4297/5354/2808
f 3818/4841/2480 3817/4840/2479 3886/4912/2479 3885/4911/2538
f 4298/5355/2484 4299/5356/2483 3824/4847/2483 3823/4846/2484
f 3822/4845/2483 3821/4844/2482 4300/5357/2809 4301/5358/2810
f 4302/5359/2811 3828/4851/2488 3827/4850/2487 4303/5360/2812
f 3879/5361/2529 3878/5362/2528 3825/4848/2485 3874/5363/2524
f 4304/5364/2813 4305/5365/25 3836/4859/25 3835/4858/2493
f 3833/4856/25 3918/5366/2572 3922/5367/2576 3834/4857/25
f 4306/5368/2495 3838/4861/2495 3837/4860/2494 4307/5369/2494
f 3883/5370/2533 3861/5371/2511 3840/4863/2494 3839/4862/2495
f 4305/5365/25 4308/5372/2814 3844/4867/2498 3836/4859/25
f 3843/4866/2498 3919/5373/2573 3918/5366/2572 3833/4856/25
f 3848/4871/2499 3847/4870/2500 4309/5374/2500 4310/5375/2499
f 3845/4868/2499 3840/4863/2494 3861/5371/2511 3860/5376/2510
f 3827/4850/2487 3850/4873/2501 4311/5377/2501 4303/5360/2812
f 3849/4872/2501 3826/4849/2486 3882/5378/2532 3881/5379/2531
f 3858/4881/2508 3857/4880/2507 4312/5380/2815 4313/5381/1816
f 3888/4916/25 3907/5382/2559 3906/5383/2558 3855/4878/25
f 3877/4900/2527 3880/4903/2530 3879/4902/2529 3874/4897/2524
f 4314/5384/2816 3876/4899/2526 3875/4898/2525 4315/5385/2817
f 3907/5382/2559 3888/4916/25 3834/4857/25 3922/5367/2576
f 4311/5377/2501 3850/4873/2501 3838/4861/2495 4306/5368/2495
f 3881/5379/2531 3883/5370/2533 3839/4862/2495 3849/4872/2501
f 3892/4920/2544 3891/4919/2543 4316/5386/2818 4317/5387/2819
f 4003/5042/2635 3890/4918/2542 3889/4917/2541 4101/5145/2691
f 3857/4940/2507 3910/4939/2562 4318/5388/2820 4312/5389/2815
f 4319/5390/2821 4320/5391/2822 3909/4938/2561 3856/4937/2506
f 3824/4947/2569 4299/5392/2823 4321/5393/2824 3916/4948/2570
f 4308/5372/2814 4298/5355/2484 3823/4846/2484 3844/4867/2498
f 3847/4870/2500 3818/4961/2582 3885/5394/2582 4309/5374/2500
f 3819/4960/2581 3846/4869/2500 3928/5395/2584 3884/5396/2583
f 3942/4977/115 3941/4976/2589 3985/5024/2627 3971/5009/115
f 4322/5397/2825 3958/4995/2605 3957/4994/2604 4323/5398/2826
f 3952/4987/2599 4018/5060/2644 3956/4993/2603 3955/4992/2602
f 3979/5017/2620 3958/4995/2605 4322/5397/2825 4324/5399/2827
f 3952/4987/2599 3955/4992/2602 3978/5016/2619 3949/4984/2596
f 3995/5034/2022 3994/5033/2022 4325/5400/2828 4326/5401/2828
f 4014/5056/115 3942/4977/115 3971/5009/115 3970/5008/115
f 3957/4994/2604 4036/5080/2658 4327/5402/2829 4323/5398/2826
f 4035/5079/2657 3956/4993/2603 4018/5060/2644 4223/5276/2765
f 4316/5386/2818 3891/4919/2543 4047/5091/2666 4328/5403/2830
f 4003/5042/2635 4002/5041/2634 4046/5090/2665 3890/4918/2542
f 4098/5142/2688 4097/5141/2687 4051/5095/2670 4050/5094/2669
f 4329/5404/2818 4049/5093/2668 4048/5092/2667 4330/5405/2831
f 4072/5406/2828 4085/5129/2022 4084/5128/2022 4073/5407/2828
f 3994/5033/2022 4087/5131/2022 4127/5408/2828 4325/5400/2828
f 4047/5091/2666 4110/5157/2697 4331/5409/2832 4328/5403/2830
f 4332/5410/2833 4109/5156/2696 4046/5090/2665 4002/5041/2634
f 4101/5145/2691 3889/4917/2541 4112/5159/2699 4143/5190/2713
f 4111/5158/2698 3892/4920/2544 4317/5387/2819 4333/5411/2834
f 4087/5131/2022 4134/5181/2022 4128/5412/2828 4127/5408/2828
f 4334/5413/2835 4135/5182/2711 3995/5034/2022 4326/5401/2828
f 4151/5200/2719 3909/4938/2561 4320/5391/2822 4335/5414/2771
f 4098/5142/2688 4050/5094/2669 4153/5202/2721 4169/5218/2730
f 4152/5201/2720 4049/5093/2668 4329/5404/2818 4336/5415/2836
f 4073/5407/2828 4084/5128/2022 4165/5214/2022 4160/5416/2837
f 4169/5218/2730 4153/5202/2721 4176/5226/2735 4209/5259/2757
f 4175/5225/2734 4152/5201/2720 4336/5415/2836 4337/5417/2838
f 4048/5092/2667 4178/5228/2737 4338/5418/2839 4330/5405/2831
f 4339/5419/2840 4177/5227/2736 4051/5095/2670 4097/5141/2687
f 4160/5416/2837 4165/5214/2022 4200/5250/2754 4193/5420/2841
f 4340/5421/2828 4201/5251/2022 4085/5129/2022 4072/5406/2828
f 4218/5271/115 4014/5056/115 3970/5008/115 4043/5087/115
f 4036/5080/2658 4235/5289/2718 4341/5422/2818 4327/5402/2829
f 4234/5288/2719 4035/5079/2657 4223/5276/2765 4233/5287/2771
f 3817/4840/2479 4218/5271/115 4043/5087/115 3886/4912/2479
f 4235/5289/2718 3876/4899/2526 4314/5384/2816 4341/5422/2818
f 3877/4900/2527 4234/5288/2719 4233/5287/2771 3880/4903/2530
f 4238/5292/2774 3979/5017/2620 4324/5399/2827 4342/5423/2842
f 3978/5016/2619 4237/5291/2773 4031/5074/2653 3949/4984/2596
f 4343/5424/2718 4238/5292/2774 4342/5423/2842 4344/5425/2818
f 4345/5426/2719 4109/5156/2696 4332/5410/2833 4346/5427/2771
f 4257/5311/115 4027/5070/115 4022/5076/115 4254/5317/115
f 4347/5428/2843 4256/5310/2787 4135/5182/2711 4334/5413/2835
f 4112/5159/2699 4348/5429/2719 4349/5430/2771 4143/5190/2713
f 4134/5181/2022 4290/5346/2022 4350/5431/2828 4128/5412/2828
f 4351/5432/2718 4352/5433/2718 4353/5434/2818 4354/5435/2818
f 4355/5436/2719 4177/5227/2736 4339/5419/2840 4356/5437/2771
f 4272/5333/115 4287/5353/115 4291/5347/115 4278/5334/115
f 4357/5438/2828 4289/5345/2022 4201/5251/2022 4340/5421/2828
f 4036/5080/2658 4035/5079/2657 4234/5288/2719 4235/5289/2718
f 4237/5291/2773 4238/5292/2774 4343/5424/2718 4345/5426/2719
f 4348/5429/2719 4352/5433/2718 4351/5432/2718 4355/5436/2719
f 3845/4868/2499 3848/4871/2499 3837/4860/2494 3840/4863/2494
f 3809/4832/2471 3928/4963/2584 3860/4883/2510 3859/4882/2509
f 3842/4865/2497 3841/4864/2496 3923/4955/2577 3859/4882/2509
f 3926/4958/2579 3925/4957/2579 4325/5439/2618 4127/5174/2618
f 3929/4964/2585 3864/4887/2514 3867/4890/2517 3930/4965/2586
f 3919/4951/2573 4301/5440/2810 4358/5441/2844 3920/4952/2574
f 3974/5012/2577 3975/5013/2577 3933/4968/2472 3932/4967/2472
f 3976/5014/2618 3977/5015/2618 4012/5053/2476 3935/4970/2476
f 3987/5026/2618 3976/5014/2618 3935/4970/2476 3938/4973/2588
f 4008/5049/2640 4009/5050/2640 3990/5029/2629 3989/5028/2629
f 4021/5064/2577 3974/5012/2577 3932/4967/2472 4011/5052/2629
f 4023/5066/2629 3933/4968/2472 3975/5013/2577 4034/5078/2656
f 4045/5089/2618 4216/5268/2476 4012/5053/2476 3977/5015/2618
f 3925/4957/2579 4071/5115/2579 4326/5442/2618 4325/5439/2618
f 4060/5104/2675 4059/5103/2675 4075/5119/2618 4074/5118/2618
f 4106/5153/2577 4078/5122/2629 4077/5121/2629 4107/5154/2577
f 4009/5050/2640 4108/5155/2640 4080/5124/2629 3990/5029/2629
f 4071/5115/2579 4125/5172/2709 4334/5443/2845 4326/5442/2618
f 3927/4959/2580 3926/4958/2579 4126/5173/2710 4359/5444/2846
f 4108/5155/2640 4148/5197/2640 4130/5177/2629 4080/5124/2629
f 4008/5049/2640 4149/5198/2640 4142/5189/2633 4000/5039/2633
f 4308/5445/2847 4360/5446/2848 4361/5447/2849 4298/5448/2850
f 4156/5205/2724 4060/5104/2675 4074/5118/2618 4161/5210/2729
f 4358/5441/2844 4362/5449/2851 4363/5450/2629 4364/5451/2577
f 4174/5224/2577 4162/5211/2629 4078/5122/2629 4106/5153/2577
f 4161/5210/2729 4192/5242/2751 4183/5233/2742 4156/5205/2724
f 4340/5452/2618 4072/5116/2618 4075/5119/2618 4194/5244/2753
f 4212/5264/2577 4195/5245/2472 4162/5211/2629 4174/5224/2577
f 4213/5265/2760 4207/5257/2755 4094/5138/2496 4107/5154/2577
f 4011/5052/2629 4214/5266/2629 4225/5279/2577 4021/5064/2577
f 4232/5286/2618 3814/4837/2476 4216/5268/2476 4045/5089/2618
f 4214/5266/2629 3810/4833/2472 3923/4955/2577 4225/5279/2577
f 3929/4964/2585 3815/4838/2477 3814/4837/2476 4232/5286/2618
f 4025/5068/2648 4245/5299/2781 3987/5026/2618 3938/4973/2588
f 4347/5453/2852 4253/5307/2786 4365/5454/2853 4366/5455/2854
f 4030/5073/2652 4260/5314/2633 4263/5318/2640 4034/5078/2656
f 4286/5342/2804 4367/5456/2855 4350/5457/2618 4357/5458/2618
f 4275/5330/2796 4294/5350/2806 4297/5354/2808 4279/5335/2798
f 3867/5459/2517 4307/5369/2494 4310/5375/2499 3930/5460/2586
f 3845/4868/2499 3860/5376/2510 3928/5395/2584 3846/4869/2500
f 3822/4845/2483 4301/5358/2810 3919/5373/2573 3843/4866/2498
f 3825/4848/2485 3828/4851/2488 3875/5461/2525 3874/5363/2524
f 3880/4903/2530 4233/5287/2771 3852/4875/2503 3851/4874/2502
f 3888/4916/25 3855/4878/25 3858/4881/2508 3887/4915/2540
f 3871/4894/2521 4236/5290/2772 4368/5462/2856 3872/4895/2522
f 3854/4877/2505 3882/4905/2532 3878/4901/2528 3851/4874/2502
f 3904/4932/2556 3903/4931/2555 3902/4930/2554 3901/4929/2553
f 3906/4934/2558 3905/4933/2557 4320/5391/2822 4319/5390/2821
f 4369/5463/2857 4370/5464/2858 3914/4944/2566 3913/4943/2565
f 3950/4985/2597 3953/4990/2600 3954/4991/2601 3951/4986/2598
f 3966/5003/2613 3972/5010/2616 3973/5011/2617 3967/5004/2614
f 3973/5011/2617 3986/5025/2628 3984/5022/2625 3967/5004/2614
f 4007/5048/2639 4006/5047/2638 4005/5044/2637 4004/5043/2636
f 3954/4991/2601 4020/5063/2646 4019/5061/2645 3951/4986/2598
f 3953/4990/2600 3950/4985/2597 4032/5075/2654 4033/5077/2655
f 3972/5010/2616 3966/5003/2613 4041/5085/2663 4044/5088/2664
f 4062/5106/2677 4067/5111/2682 3904/4932/2556 3901/4929/2553
f 4064/5108/2679 4371/5465/2859 4189/5239/2748 4065/5109/2680
f 4103/5150/2693 4104/5151/2694 4100/5144/2690 4099/5143/2689
f 4102/5146/2692 4105/5152/2695 4007/5048/2639 4004/5043/2636
f 4062/5106/2677 4120/5167/2705 4123/5170/2708 4067/5111/2682
f 4269/5324/2792 3899/4927/2551 3902/4930/2554 4122/5169/2707
f 4147/5196/2717 4105/5152/2695 4102/5146/2692 4144/5191/2714
f 4005/5044/2637 4146/5193/2716 4332/5410/2833 4002/5041/2634
f 3913/4943/2565 3912/4942/2564 4372/5466/2768 4373/5467/2860
f 4374/5468/2861 4371/5465/2859 4064/5108/2679 4158/5207/2726
f 3908/4936/2560 4375/5469/2807 4376/5470/1965 3905/4933/2557
f 4170/5219/2731 4171/5221/2732 4103/5150/2693 4099/5143/2689
f 4158/5207/2726 4185/5235/2744 4377/5471/2862 4374/5468/2861
f 4066/5110/2681 4065/5109/2680 4188/5238/2747 4378/5472/2863
f 4171/5221/2732 4170/5219/2731 4208/5258/2756 4172/5222/2733
f 4339/5419/2840 4097/5141/2687 4100/5144/2690 4210/5260/2758
f 4020/5063/2646 4224/5278/2766 4222/5275/2764 4019/5061/2645
f 4230/5284/2769 4231/5285/2770 4044/5088/2664 4041/5085/2663
f 4224/5278/2766 3853/4876/2504 3852/4875/2503 4222/5275/2764
f 3871/4894/2521 3870/4893/2520 4231/5285/2770 4230/5284/2769
f 4242/5296/2778 3984/5022/2625 3986/5025/2628 4244/5298/2780
f 4250/5304/2784 4242/5296/2778 4244/5298/2780 4251/5305/2770
f 4262/5316/2503 4032/5075/2654 4031/5074/2653 4346/5427/2771
f 4267/5322/2791 4270/5325/2793 4379/5473/2864 4284/5340/2802
f 4296/5352/1965 4277/5332/1965 4349/5430/2771 4356/5437/2771
f 4368/5474/2856 4315/5475/2817 4302/5359/2811 3872/5476/2522
f 3878/5362/2528 3882/5378/2532 3826/4849/2486 3825/4848/2485
f 3914/5477/2566 4370/5478/2858 4380/5479/2865 4313/5381/1816
f 4319/5480/2821 3856/4879/2506 3855/4878/25 3906/5383/2558
f 3837/4860/2494 3848/4871/2499 4310/5375/2499 4307/5369/2494
f 4315/5475/2817 3875/5461/2525 3828/4851/2488 4302/5359/2811
f 3887/4915/2540 3858/4881/2508 4313/5381/1816 4380/5479/2865
f 4381/5481/2866 4370/5482/2867 4369/5483/2868 4382/5484/2868
f 4063/5485/2869 4383/5486/2870 4384/5487/2871 4157/5488/2872
f 4063/5485/2869 4066/5489/2873 4385/5490/2874 4383/5486/2870
f 4385/5490/2874 4066/5489/2873 4378/5491/2875 4386/5492/2876
f 4387/5493/2877 4386/5492/2876 4378/5491/2875 4379/5494/2877
f 4388/5495/2878 4389/5496/2879 4270/5497/2880 4265/5498/2881
f 4265/5498/2882 4264/5499/2883 4390/5500/2884 4388/5495/2885
f 4264/5499/2883 4266/5501/2886 4391/5502/2887 4390/5500/2884
f 4266/5501/2888 4118/5503/2889 4392/5504/2890 4391/5502/2891
f 4393/5505/2892 4394/5506/2893 3897/5507/2894 3898/5508/2895
f 4395/5509/2892 4393/5505/2892 3898/5508/2895 4058/5510/2895
f 4396/5511/2892 4395/5509/2892 4058/5510/2895 4117/5512/2895
f 4397/5513/2892 4396/5511/2892 4117/5512/2895 4248/5514/2896
f 4398/5515/2897 4241/5516/2898 4245/5517/2899 4399/5518/2900
f 4025/5519/2901 4024/5520/2902 4399/5518/2900 4245/5517/2899
f 4384/5487/2871 4159/5208/2903 4190/5240/2904 4400/5521/2905
f 4383/5486/2870 4069/5113/2877 4159/5208/2903 4384/5487/2871
f 4068/5112/2906 4069/5113/2877 4383/5486/2870 4385/5490/2874
f 4191/5241/2907 4068/5112/2906 4385/5490/2874 4386/5492/2876
f 4401/5522/2908 4285/5341/2909 4387/5493/2877 4389/5496/2879
f 4401/5522/2908 4389/5496/2879 4388/5495/2878 4402/5523/2910
f 4403/5524/2911 4402/5523/2912 4388/5495/2885 4390/5500/2884
f 4404/5525/2913 4403/5524/2911 4390/5500/2884 4391/5502/2887
f 4392/5504/2890 4394/5506/2893 3927/4959/2580 4359/5444/2846
f 4394/5506/2893 4393/5505/2892 3924/4956/2578 3927/4959/2580
f 4393/5505/2892 4395/5509/2892 4070/5114/2578 3924/4956/2578
f 4395/5509/2892 4396/5511/2892 4124/5171/2578 4070/5114/2578
f 4405/5526/2914 4252/5306/2785 4397/5513/2892 4398/5515/2897
f 4365/5454/2853 4405/5526/2914 4398/5515/2897 4399/5518/2900
f 4366/5455/2854 4365/5454/2853 4399/5518/2900 4024/5520/2902
f 4301/5440/2810 4300/5527/2809 4362/5449/2851 4358/5441/2844
f 3915/4945/2567 4406/5528/2915 4362/5529/2916 3821/4946/2568
f 4362/5529/2916 4300/5530/2917 3821/4946/2568
f 4303/5360/2812 3873/5531/2523 3872/5476/2522 4302/5359/2811
f 4307/5369/2494 3867/5459/2517 3866/5532/2516 4306/5368/2495
f 4309/5374/2500 3862/5533/2512 3930/5460/2586 4310/5375/2499
f 4303/5360/2812 4311/5377/2501 3869/5534/2519 3873/5531/2523
f 3911/5535/2563 3914/5477/2566 4313/5381/1816 4312/5380/2815
f 4368/5462/2856 4236/5290/2772 4314/5384/2816 4315/5385/2817
f 4306/5368/2495 3866/5532/2516 3869/5534/2519 4311/5377/2501
f 3900/4928/2552 3899/4927/2551 4317/5387/2819 4316/5386/2818
f 3911/4941/2563 4312/5389/2815 4318/5388/2820 3912/4942/2564
f 3885/5394/2582 3863/5536/2513 3862/5533/2512 4309/5374/2500
f 4323/5398/2826 3965/5002/2612 3968/5005/2615 4322/5397/2825
f 3968/5005/2615 3983/5021/2624 4324/5399/2827 4322/5397/2825
f 4323/5398/2826 4327/5402/2829 4040/5084/2662 3965/5002/2612
f 4328/5403/2830 4061/5105/2676 3900/4928/2552 4316/5386/2818
f 4330/5405/2831 4189/5239/2748 4371/5465/2859 4329/5404/2818
f 4328/5403/2830 4331/5409/2832 4119/5166/2704 4061/5105/2676
f 4333/5411/2834 4317/5387/2819 3899/4927/2551 4269/5324/2792
f 4371/5465/2859 4374/5468/2861 4336/5415/2836 4329/5404/2818
f 4377/5471/2862 4337/5417/2838 4336/5415/2836 4374/5468/2861
f 4330/5405/2831 4338/5418/2839 4187/5237/2746 4189/5239/2748
f 4327/5402/2829 4341/5422/2818 4229/5283/2768 4040/5084/2662
f 4341/5422/2818 4314/5384/2816 4236/5290/2772 4229/5283/2768
f 4342/5423/2842 4324/5399/2827 3983/5021/2624 4243/5297/2779
f 4344/5425/2818 4342/5423/2842 4243/5297/2779 4249/5303/2768
f 4354/5435/2818 4353/5434/2818 4268/5323/2768 4283/5339/2768
f 4401/5522/2918 4402/5523/2919 4280/5336/2799 4285/5341/2803
f 4402/5523/2919 4403/5524/2920 4281/5337/2800 4280/5336/2799
f 4405/5526/2914 4365/5454/2853 4253/5307/2786 4252/5306/2785
f 4284/5340/2802 4283/5339/2768 4268/5323/2768 4267/5322/2791
f 4403/5524/2920 4404/5525/2921 4282/5338/2801 4281/5337/2800
f 4288/5344/2629 4287/5343/2473 4272/5327/2473 4271/5326/2629
f 4289/5345/2022 4291/5347/115 4202/5252/115 4201/5251/2022
f 4293/5349/2685 4292/5348/2805 4274/5329/2795 4273/5328/2794
f 4294/5350/2806 4275/5330/2796 4274/5329/2795 4292/5348/2805
f 4296/5352/1965 4295/5351/2807 4276/5331/2797 4277/5332/1965
f 4293/5349/2685 4273/5328/2794 4276/5331/2797 4295/5351/2807
f 4297/5354/2808 4288/5344/2629 4271/5326/2629 4279/5335/2798
f 4338/5418/2839 4178/5228/2737 4351/5432/2718 4354/5435/2818
f 4355/5436/2719 4356/5437/2771 4349/5430/2771 4348/5429/2719
f 4350/5431/2828 4290/5346/2022 4289/5345/2022 4357/5438/2828
f 4355/5436/2719 4351/5432/2718 4178/5228/2737 4177/5227/2736
f 4286/5342/2804 4357/5458/2618 4340/5452/2618 4194/5244/2753
f 4297/5354/2808 4294/5350/2806 4207/5257/2755 4213/5265/2760
f 4284/5340/2802 4379/5473/2864 4378/5472/2863 4188/5238/2747
f 4296/5352/1965 4356/5437/2771 4339/5419/2840 4210/5260/2758
f 4379/5494/2877 4270/5497/2880 4389/5496/2879 4387/5493/2877
f 4285/5341/2909 4191/5241/2907 4386/5492/2876 4387/5493/2877
f 4354/5435/2818 4283/5339/2768 4187/5237/2746 4338/5418/2839
f 4112/5159/2699 4111/5158/2698 4352/5433/2718 4348/5429/2719
f 4134/5181/2022 4133/5180/115 4278/5334/115 4290/5346/2022
f 4353/5434/2818 4352/5433/2718 4111/5158/2698 4333/5411/2834
f 4126/5173/2710 4128/5175/2618 4350/5457/2618 4367/5456/2855
f 4148/5197/2640 4141/5188/2633 4275/5330/2796 4279/5335/2798
f 4267/5322/2791 4122/5169/2707 4121/5168/2706 4270/5325/2793
f 4144/5191/2714 4143/5190/2713 4349/5430/2771 4277/5332/1965
f 4118/5503/2889 3897/5507/2894 4394/5506/2893 4392/5504/2890
f 4359/5444/2846 4404/5525/2921 4391/5502/2891 4392/5504/2890
f 4333/5411/2834 4269/5324/2792 4268/5323/2768 4353/5434/2818
f 4247/5301/2782 4246/5300/2700 4240/5294/2776 4239/5293/2775
f 4247/5301/2782 4239/5293/2775 4241/5295/2777 4248/5302/2783
f 4250/5304/2784 4249/5303/2768 4243/5297/2779 4242/5296/2778
f 4246/5300/2700 4251/5305/2770 4244/5298/2780 4240/5294/2776
f 4255/5309/2629 4254/5308/2473 4022/5065/2473 4023/5066/2629
f 4256/5310/2787 4257/5311/115 4136/5183/115 4135/5182/2711
f 4259/5313/2490 4258/5312/2630 4028/5071/2650 4029/5072/2651
f 4258/5312/2630 4260/5314/2633 4030/5073/2652 4028/5071/2650
f 4262/5316/2503 4261/5315/2504 4033/5077/2655 4032/5075/2654
f 4261/5315/2504 4259/5313/2490 4029/5072/2651 4033/5077/2655
f 4255/5309/2629 4023/5066/2629 4034/5078/2656 4263/5318/2640
f 4331/5409/2832 4110/5157/2697 4343/5424/2718 4344/5425/2818
f 4345/5426/2719 4346/5427/2771 4031/5074/2653 4237/5291/2773
f 4345/5426/2719 4343/5424/2718 4110/5157/2697 4109/5156/2696
f 4334/5443/2845 4125/5172/2709 4253/5307/2786 4347/5453/2852
f 4260/5314/2633 4142/5189/2633 4149/5198/2640 4263/5318/2640
f 4250/5304/2784 4251/5305/2770 4123/5170/2708 4120/5167/2705
f 4262/5316/2503 4346/5427/2771 4332/5410/2833 4146/5193/2716
f 4248/5514/2896 4241/5516/2898 4398/5515/2897 4397/5513/2892
f 4252/5306/2785 4124/5171/2578 4396/5511/2892 4397/5513/2892
f 4344/5425/2818 4249/5303/2768 4119/5166/2704 4331/5409/2832
f 4179/5229/2738 4180/5230/2739 4407/5537/2922 4408/5538/2923
f 4360/5446/2848 4407/5537/2922 4180/5230/2739 4183/5233/2742
f 4185/5235/2744 4186/5236/2745 4382/5539/2924 4373/5467/2860
f 4190/5240/2749 4179/5229/2738 4408/5538/2923 4409/5540/2925
f 4192/5242/2751 4193/5243/2752 4321/5541/2926 4361/5447/2849
f 4363/5450/2629 4406/5542/2473 4196/5246/2473 4195/5245/2472
f 4203/5253/2491 4173/5223/2685 4410/5543/2685 4411/5544/2491
f 4206/5256/2496 4203/5253/2491 4411/5544/2491 4412/5545/2496
f 4208/5258/2756 4209/5259/2757 4335/5414/2771 4376/5470/1965
f 4196/5262/115 4406/5528/2915 3915/4945/2567 4199/5249/115
f 4173/5223/2685 4172/5222/2733 4375/5469/2807 4410/5543/2685
f 4212/5264/2577 4206/5256/2496 4412/5545/2496 4364/5451/2577
f 4413/5546/2818 4150/5199/2718 4175/5225/2734 4337/5417/2838
f 4384/5487/2871 4400/5521/2905 4186/5547/2927 4157/5488/2872
f 4190/5240/2904 4409/5540/2928 4381/5481/2866 4400/5521/2905
f 4337/5417/2838 4377/5471/2862 4372/5466/2768 4413/5546/2818
f 4150/5199/2718 4151/5200/2719 4176/5226/2735 4175/5225/2734
f 3915/4945/2567 3916/4948/2570 4200/5250/2754 4199/5249/115
f 4151/5200/2719 4335/5414/2771 4209/5259/2757 4176/5226/2735
f 4193/5420/2841 4200/5250/2754 3916/4948/2570 4321/5393/2824
f 4361/5447/2849 4360/5446/2848 4183/5233/2742 4192/5242/2751
f 4364/5451/2577 4363/5450/2629 4195/5245/2472 4212/5264/2577
f 4373/5467/2860 4372/5466/2768 4377/5471/2862 4185/5235/2744
f 4375/5469/2807 4172/5222/2733 4208/5258/2756 4376/5470/1965
f 4400/5521/2905 4381/5481/2866 4382/5484/2868 4186/5547/2927
f 4408/5538/2923 4407/5537/2922 4305/5548/2929 4304/5549/2930
f 4308/5445/2847 4305/5548/2929 4407/5537/2922 4360/5446/2848
f 4373/5467/2860 4382/5539/2924 4369/5463/2857 3913/4943/2565
f 4321/5541/2926 4299/5550/2931 4298/5448/2850 4361/5447/2849
f 4363/5450/2629 4362/5449/2851 4406/5542/2473
f 4411/5544/2491 4410/5543/2685 3921/4953/2575 3917/4949/2571
f 4412/5545/2496 4411/5544/2491 3917/4949/2571 3920/4952/2574
f 4335/5414/2771 4320/5391/2822 3905/4933/2557 4376/5470/1965
f 4410/5543/2685 4375/5469/2807 3908/4936/2560 3921/4953/2575
f 3920/4952/2574 4358/5441/2844 4364/5451/2577 4412/5545/2496
f 4318/5388/2820 3910/4939/2562 4150/5199/2718 4413/5546/2818
f 4409/5540/2928 4380/5551/2932 4370/5482/2867 4381/5481/2866
f 4413/5546/2818 4372/5466/2768 3912/4942/2564 4318/5388/2820
f 4304/5549/2930 4380/5551/2933 4409/5540/2925 4408/5538/2923
f 3835/4858/2493 3887/4915/2540 4380/5479/2865 4304/5364/2813
f 4366/5552/2934 4026/5069/2649 4256/5310/2787 4347/5428/2843
f 4026/5069/2649 4366/5552/2934 3985/5024/2627 3941/4976/2589
f 4024/5553/2935 3937/5023/2626 3985/5024/2627 4366/5552/2934
f 4286/5342/2804 4282/5338/2801 4404/5525/2921 4367/5456/2855
f 4367/5456/2855 4404/5525/2921 4359/5444/2846 4126/5173/2710
f 4414/5554/2936 4415/5555/2937 4416/5556/2938
f 4417/5557/2939 4418/5558/2940 4419/5559/2941 4420/5560/2942
f 4421/5561/2943 4422/5562/2944 4423/5563/2945 4424/5564/2946
f 4425/5565/2947 4426/5566/2948 4427/5567/2949 4428/5568/2950
f 4429/5569/2951 4430/5570/2952 4431/5571/2953 4432/5572/2954
f 4433/5573/2955 4434/5574/2956 4435/5575/2957 4436/5576/2958
f 4437/5577/2959 4438/5578/2960 4439/5579/2961 4440/5580/2962
f 4441/5581/2963 4442/5582/2964 4443/5583/2965 4444/5584/2966
f 4430/5570/2952 4445/5585/2967 4427/5567/2949 4431/5571/2953
f 4434/5574/2956 4446/5586/2968 4419/5587/2941 4435/5575/2957
f 4417/5557/2939 4420/5560/2942 4438/5578/2960 4437/5577/2959
f 4425/5565/2947 4428/5568/2950 4442/5582/2964 4441/5581/2963
f 4447/5588/2969 4448/5589/2970 4449/5590/2971 4450/5591/2972
f 4448/5589/2970 4426/5566/2948 4451/5592/2973 4449/5590/2971
f 4451/5592/2973 4426/5566/2948 4425/5565/2947 4452/5593/2974
f 4441/5581/2963 4453/5594/2975 4452/5593/2974 4425/5565/2947
f 4444/5584/2966 4454/5595/2976 4453/5594/2975 4441/5581/2963
f 4455/5596/2977 4456/5597/2978 4457/5598/2979 4458/5599/2980
f 4455/5596/2977 4459/5600/2981 4460/5601/2982 4456/5597/2978
f 4461/5602/2983 4460/5601/2982 4459/5600/2981 4446/5603/2968
f 4434/5574/2956 4462/5604/2984 4461/5605/2983 4446/5586/2968
f 4463/5606/2985 4462/5604/2984 4434/5574/2956 4433/5573/2955
f 4456/5597/2978 4464/5607/2986 4465/5608/2987 4457/5598/2979
f 4464/5607/2986 4456/5597/2978 4460/5601/2982 4466/5609/2988
f 4466/5609/2988 4460/5601/2982 4461/5602/2983 4467/5610/2989
f 4468/5611/2990 4467/5612/2989 4461/5605/2983 4462/5604/2984
f 4462/5604/2984 4463/5606/2985 4469/5613/2991 4468/5611/2990
f 4470/5614/2992 4471/5615/2993 4465/5608/2987 4464/5607/2986
f 4466/5609/2988 4472/5616/2994 4470/5614/2992 4464/5607/2986
f 4466/5609/2988 4467/5610/2989 4473/5617/2995 4472/5616/2994
f 4474/5618/2996 4473/5619/2995 4467/5612/2989 4468/5611/2990
f 4475/5620/2997 4474/5618/2996 4476/5621/2998 4477/5622/2999
f 4424/5564/2946 4423/5563/2945 4478/5623/3000 4479/5624/3001
f 4450/5591/2972 4480/5625/3002 4481/5626/3003 4482/5627/3004
f 4449/5590/2971 4483/5628/3005 4480/5625/3002 4450/5591/2972
f 4451/5592/2973 4484/5629/3006 4483/5628/3005 4449/5590/2971
f 4451/5592/2973 4452/5593/2974 4485/5630/3007 4484/5629/3006
f 4486/5631/3008 4485/5630/3007 4452/5593/2974 4453/5594/2975
f 4487/5632/3009 4486/5631/3008 4453/5594/2975 4454/5595/2976
f 4488/5633/3010 4489/5634/3011 4457/5598/2979 4490/5635/3012
f 4465/5608/2987 4491/5636/5 4490/5635/3012 4457/5598/2979
f 4492/5637/3013 4493/5638/57 4469/5613/2991 4463/5606/2985
f 4494/5639/3014 4495/5640/3015 4496/5641/5 4471/5615/2993
f 4493/5638/57 4497/5642/57 4476/5621/2998 4469/5613/2991
f 4494/5643/3014 4498/5644/3016 4421/5561/2943 4424/5564/2946
f 4498/5644/3016 4499/5645/3017 4500/5646/3018 4421/5561/2943
f 4501/5647/3019 4500/5646/3018 4499/5645/3017 4502/5648/3020
f 4475/5649/2997 4422/5562/2944 4501/5647/3019 4502/5648/3020
f 4477/5650/2999 4423/5563/2945 4422/5562/2944 4475/5649/2997
f 4503/5651/3021 4478/5623/3000 4423/5563/2945 4477/5650/2999
f 4504/5652/25 4505/5653/25 4506/5654/3022 4507/5655/3023
f 4508/5656/3024 4509/5657/25 4504/5652/25 4507/5655/3023
f 4495/5658/3015 4479/5624/3001 4510/5659/3025 4511/5660/3026
f 4498/5661/3016 4494/5639/3014 4471/5615/2993 4470/5614/2992
f 4499/5662/3017 4498/5661/3016 4470/5614/2992 4472/5616/2994
f 4472/5616/2994 4473/5617/2995 4502/5663/3020 4499/5662/3017
f 4502/5664/3020 4473/5619/2995 4474/5618/2996 4475/5620/2997
f 4474/5618/2996 4468/5611/2990 4469/5613/2991 4476/5621/2998
f 4512/5665/3027 4491/5636/5 4496/5641/5 4513/5666/3028
f 4503/5667/3021 4497/5642/57 4514/5668/3029 4515/5669/3030
f 4516/5670/3031 4517/5671/3032 4518/5672/3033 4519/5673/3034
f 4506/5674/3022 4520/5675/3035 4521/5676/3036 4522/5677/3037
f 4523/5678/3038 4524/5679/3039 4525/5680/3040 4526/5681/3041
f 4418/5682/2940 4527/5683/3042 4524/5679/3039 4523/5678/3038
f 4527/5684/3042 4418/5558/2940 4417/5557/2939 4528/5685/3043
f 4417/5557/2939 4437/5577/2959 4529/5686/3044 4528/5685/3043
f 4437/5577/2959 4440/5580/2962 4530/5687/3045 4529/5686/3044
f 4531/5688/3046 4532/5689/3047 4533/5690/3048 4534/5691/3049
f 4535/5692/3050 4533/5690/3048 4532/5689/3047 4536/5693/3051
f 4535/5692/3050 4536/5693/3051 4445/5585/2967 4537/5694/3052
f 4430/5570/2952 4538/5695/3053 4537/5694/3052 4445/5585/2967
f 4429/5569/2951 4539/5696/3054 4538/5695/3053 4430/5570/2952
f 4540/5697/3055 4541/5698/3056 4542/5699/3057 4543/5700/3058
f 4544/5701/3059 4545/5702/3060 4546/5703/3061 4547/5704/3062
f 4548/5705/3063 4549/5706/3064 4546/5703/3061 4545/5702/3060
f 4548/5707/3063 4550/5708/3065 4551/5709/3066 4549/5710/3064
f 4550/5708/3065 4552/5711/3067 4553/5712/3068 4551/5709/3066
f 4554/5713/3069 4555/5714/3070 4553/5712/3068 4552/5711/3067
f 4556/5715/3071 4555/5714/3070 4554/5713/3069 4557/5716/3072
f 4558/5717/3073 4414/5554/2936 4559/5718/3074 4560/5719/3075
f 4561/5720/3076 4415/5555/2937 4414/5554/2936 4558/5717/3073
f 4562/5721/3077 4563/5722/3078 4415/5555/2937 4561/5720/3076
f 4562/5721/3077 4564/5723/3079 4565/5724/3080 4563/5722/3078
f 4564/5723/3079 4543/5700/3058 4542/5699/3057 4565/5724/3080
f 4551/5709/3066 4553/5712/3068 4566/5725/3081
f 4567/5726/3082 4555/5714/3070 4556/5715/3071 4568/5727/3083
f 4563/5722/3078 4565/5724/3080 4569/5728/3084
f 4541/5698/3056 4570/5729/3085 4571/5730/3086 4542/5699/3057
f 4546/5703/3061 4549/5706/3064 4572/5731/3087
f 4551/5709/3066 4566/5725/3081 4572/5732/3087 4549/5710/3064
f 4573/5733/3088 4567/5726/3082 4568/5727/3083 4574/5734/3089
f 4415/5555/2937 4563/5722/3078 4569/5735/3084 4416/5556/2938
f 4565/5724/3080 4542/5699/3057 4571/5730/3086 4569/5728/3084
f 4571/5736/3086 4575/5737/3090 4416/5556/2938 4569/5735/3084
f 4575/5737/3090 4559/5718/3074 4414/5554/2936 4416/5556/2938
f 4553/5712/3068 4555/5714/3070 4567/5726/3082 4566/5725/3081
f 4566/5725/3081 4567/5726/3082 4573/5733/3088 4572/5732/3087
f 4546/5703/3061 4572/5731/3087 4573/5738/3088 4547/5704/3062
f 4525/5680/3040 4544/5701/3059 4576/5739/3091 4577/5740/3092
f 4524/5679/3039 4545/5702/3060 4544/5701/3059 4525/5680/3040
f 4548/5705/3063 4545/5702/3060 4524/5679/3039 4527/5683/3042
f 4550/5708/3065 4548/5707/3063 4527/5684/3042 4528/5685/3043
f 4550/5708/3065 4528/5685/3043 4529/5686/3044 4552/5711/3067
f 4554/5713/3069 4552/5711/3067 4529/5686/3044 4530/5687/3045
f 4578/5741/3093 4579/5742/3094 4534/5691/3049 4560/5719/3075
f 4558/5717/3073 4560/5719/3075 4534/5691/3049 4533/5690/3048
f 4561/5720/3076 4558/5717/3073 4533/5690/3048 4535/5692/3050
f 4561/5720/3076 4535/5692/3050 4537/5694/3052 4562/5721/3077
f 4562/5721/3077 4537/5694/3052 4538/5695/3053 4564/5723/3079
f 4539/5696/3054 4543/5700/3058 4564/5723/3079 4538/5695/3053
f 4420/5560/2942 4419/5559/2941 4446/5603/2968 4459/5600/2981
f 4428/5568/2950 4427/5567/2949 4445/5585/2967 4536/5693/3051
f 4448/5589/2970 4447/5588/2969 4432/5572/2954 4431/5571/2953
f 4523/5678/3038 4526/5681/3041 4436/5576/2958 4435/5575/2957
f 4438/5578/2960 4455/5596/2977 4458/5599/2980 4439/5579/2961
f 4442/5582/2964 4532/5689/3047 4531/5688/3046 4443/5583/2965
f 4426/5566/2948 4448/5589/2970 4431/5571/2953 4427/5567/2949
f 4418/5682/2940 4523/5678/3038 4435/5575/2957 4419/5587/2941
f 4420/5560/2942 4459/5600/2981 4455/5596/2977 4438/5578/2960
f 4428/5568/2950 4536/5693/3051 4532/5689/3047 4442/5582/2964
f 4479/5624/3001 4478/5623/3000 4580/5743/3025 4510/5659/3025
f 4581/5744/3095 4582/5745/3096 4481/5626/3003 4480/5625/3002
f 4483/5628/3005 4583/5746/3097 4581/5744/3095 4480/5625/3002
f 4484/5629/3006 4584/5747/3098 4583/5746/3097 4483/5628/3005
f 4484/5629/3006 4485/5630/3007 4585/5748/3099 4584/5747/3098
f 4586/5749/3100 4585/5748/3099 4485/5630/3007 4486/5631/3008
f 4587/5750/3101 4586/5749/3100 4486/5631/3008 4487/5632/3009
f 4490/5635/3012 4588/5751/3102 4589/5752/3103 4488/5633/3010
f 4491/5636/5 4512/5665/3027 4588/5751/3102 4490/5635/3012
f 4590/5753/3104 4591/5754/3105 4493/5638/57 4492/5637/3013
f 4513/5666/3028 4496/5641/5 4495/5640/3015 4511/5755/3026
f 4591/5754/3105 4514/5668/3029 4497/5642/57 4493/5638/57
f 4580/5743/3025 4478/5623/3000 4503/5651/3021 4515/5756/3030
f 4495/5658/3015 4494/5643/3014 4424/5564/2946 4479/5624/3001
f 4491/5636/5 4465/5608/2987 4471/5615/2993 4496/5641/5
f 4477/5622/2999 4476/5621/2998 4497/5642/57 4503/5667/3021
f 4511/5660/3026 4510/5659/3025 4509/5657/25 4508/5656/3024
f 4509/5657/25 4510/5659/3025 4580/5743/3025 4592/5757/25
f 4581/5744/3095 4593/5758/3106 4594/5759/3107 4582/5745/3096
f 4583/5746/3097 4595/5760/3108 4593/5758/3106 4581/5744/3095
f 4584/5747/3098 4596/5761/3109 4595/5760/3108 4583/5746/3097
f 4584/5747/3098 4585/5748/3099 4597/5762/3110 4596/5761/3109
f 4598/5763/3111 4597/5762/3110 4585/5748/3099 4586/5749/3100
f 4599/5764/3112 4598/5763/3111 4586/5749/3100 4587/5750/3101
f 4589/5752/3103 4588/5751/3102 4600/5765/3113 4601/5766/3114
f 4512/5665/3027 4517/5671/3032 4600/5765/3113 4588/5751/3102
f 4602/5767/3115 4603/5768/3116 4591/5754/3105 4590/5753/3104
f 4508/5769/3024 4518/5672/3033 4513/5666/3028 4511/5755/3026
f 4603/5768/3116 4521/5676/3036 4514/5668/3029 4591/5754/3105
f 4592/5757/25 4580/5743/3025 4515/5756/3030 4520/5770/3035
f 4513/5666/3028 4518/5672/3033 4517/5671/3032 4512/5665/3027
f 4514/5668/3029 4521/5676/3036 4520/5675/3035 4515/5669/3030
f 4509/5657/25 4592/5757/25 4505/5653/25 4504/5652/25
f 4593/5758/3106 4604/5771/3117 4605/5772/3118 4594/5759/3107
f 4595/5760/3108 4606/5773/3119 4604/5771/3117 4593/5758/3106
f 4596/5761/3109 4607/5774/3120 4606/5773/3119 4595/5760/3108
f 4596/5761/3109 4597/5762/3110 4608/5775/3121 4607/5774/3120
f 4609/5776/3122 4608/5775/3121 4597/5762/3110 4598/5763/3111
f 4610/5777/3123 4609/5776/3122 4598/5763/3111 4599/5764/3112
f 4611/5778/3124 4612/5779/3125 4601/5766/3114 4600/5765/3113
f 4517/5671/3032 4516/5670/3031 4611/5778/3124 4600/5765/3113
f 4613/5780/3126 4614/5781/3127 4603/5768/3116 4602/5767/3115
f 4507/5782/3023 4519/5673/3034 4518/5672/3033 4508/5769/3024
f 4614/5781/3127 4522/5677/3037 4521/5676/3036 4603/5768/3116
f 4520/5770/3035 4506/5654/3022 4505/5653/25 4592/5757/25
f 4615/5783/3128 4616/5784/3129 4482/5627/3004 4481/5626/3003
f 4617/5785/3130 4487/5632/3009 4454/5595/2976 4618/5786/3131
f 4576/5739/3091 4619/5787/3132 4541/5698/3056 4540/5697/3055
f 4578/5741/3093 4560/5719/3075 4559/5718/3074 4620/5788/3133
f 4575/5737/3090 4621/5789/3134 4620/5788/3133 4559/5718/3074
f 4570/5729/3085 4541/5698/3056 4619/5787/3132 4574/5790/3089
f 4575/5737/3090 4571/5736/3086 4570/5791/3085 4621/5789/3134
f 4539/5696/3054 4622/5792/3135 4540/5697/3055 4543/5700/3058
f 4578/5741/3093 4557/5716/3072 4623/5793/3136 4579/5742/3094
f 4615/5783/3128 4481/5626/3003 4582/5745/3096 4624/5794/3137
f 4587/5750/3101 4487/5632/3009 4617/5785/3130 4625/5795/3138
f 4626/5796/3139 4624/5794/3137 4582/5745/3096 4594/5759/3107
f 4587/5750/3101 4625/5795/3138 4627/5797/3140 4599/5764/3112
f 4628/5798/3141 4626/5796/3139 4594/5759/3107 4605/5772/3118
f 4629/5799/3142 4610/5777/3123 4599/5764/3112 4627/5797/3140
f 4488/5633/3010 4617/5785/3130 4618/5786/3131 4489/5634/3011
f 4620/5788/3133 4556/5715/3071 4557/5716/3072 4578/5741/3093
f 4620/5788/3133 4621/5789/3134 4568/5727/3083 4556/5715/3071
f 4621/5789/3134 4570/5791/3085 4574/5734/3089 4568/5727/3083
f 4540/5697/3055 4622/5792/3135 4577/5740/3092 4576/5739/3091
f 4625/5795/3138 4617/5785/3130 4488/5633/3010 4589/5752/3103
f 4627/5797/3140 4625/5795/3138 4589/5752/3103 4601/5766/3114
f 4627/5797/3140 4601/5766/3114 4612/5779/3125 4629/5799/3142
f 4463/5606/2985 4616/5784/3129 4615/5783/3128 4492/5637/3013
f 4544/5701/3059 4547/5704/3062 4619/5787/3132 4576/5739/3091
f 4573/5738/3088 4574/5790/3089 4619/5787/3132 4547/5704/3062
f 4557/5716/3072 4554/5713/3069 4530/5687/3045 4623/5793/3136
f 4624/5794/3137 4590/5753/3104 4492/5637/3013 4615/5783/3128
f 4602/5767/3115 4590/5753/3104 4624/5794/3137 4626/5796/3139
f 4613/5780/3126 4602/5767/3115 4626/5796/3139 4628/5798/3141
f 4539/5696/3054 4429/5569/2951 4630/5800/3143 4622/5792/3135
f 4577/5740/3092 4622/5792/3135 4630/5800/3143 4631/5801/3144
f 4525/5680/3040 4577/5740/3092 4631/5801/3144 4526/5681/3041
f 4432/5572/2954 4632/5802/3145 4630/5800/3143 4429/5569/2951
f 4632/5802/3145 4633/5803/3146 4631/5801/3144 4630/5800/3143
f 4633/5803/3146 4436/5576/2958 4526/5681/3041 4631/5801/3144
f 4447/5588/2969 4634/5804/3147 4632/5802/3145 4432/5572/2954
f 4634/5804/3147 4635/5805/3148 4633/5803/3146 4632/5802/3145
f 4635/5805/3148 4433/5573/2955 4436/5576/2958 4633/5803/3146
f 4450/5591/2972 4482/5627/3004 4634/5804/3147 4447/5588/2969
f 4482/5627/3004 4616/5784/3129 4635/5805/3148 4634/5804/3147
f 4616/5784/3129 4463/5606/2985 4433/5573/2955 4635/5805/3148
f 4530/5687/3045 4440/5580/2962 4636/5806/3149 4623/5793/3136
f 4623/5793/3136 4636/5806/3149 4637/5807/3150 4579/5742/3094
f 4534/5691/3049 4579/5742/3094 4637/5807/3150 4531/5688/3046
f 4440/5580/2962 4439/5579/2961 4638/5808/3151 4636/5806/3149
f 4636/5806/3149 4638/5808/3151 4639/5809/3152 4637/5807/3150
f 4639/5809/3152 4443/5583/2965 4531/5688/3046 4637/5807/3150
f 4439/5579/2961 4458/5599/2980 4640/5810/3153 4638/5808/3151
f 4638/5808/3151 4640/5810/3153 4641/5811/3154 4639/5809/3152
f 4639/5809/3152 4641/5811/3154 4444/5584/2966 4443/5583/2965
f 4458/5599/2980 4457/5598/2979 4489/5634/3011 4640/5810/3153
f 4640/5810/3153 4489/5634/3011 4618/5786/3131 4641/5811/3154
f 4641/5811/3154 4618/5786/3131 4454/5595/2976 4444/5584/2966
f 4500/5646/3018 4501/5647/3019 4422/5562/2944 4421/5561/2943
