# Blender 5.2.2 LTS
# www.blender.org
mtllib model.mtl
o RenderMesh_131372486049138
v 32.441723 146.417664 -210.427994
v 32.452435 146.244690 -212.420456
v 32.441696 127.470795 -208.436951
v 32.452461 127.297836 -210.429443
v 18.924400 155.333923 -210.932770
v 18.931225 155.172760 -212.926239
v 18.716167 114.006645 -207.674255
v 18.721111 113.847450 -209.667908
v -0.000473 157.792740 -211.071945
v 0.000473 157.639297 -213.066055
v -0.000476 108.084984 -207.338852
v 0.000476 107.931694 -209.332962
v -18.716167 114.006645 -207.674255
v -18.721111 113.847450 -209.667908
v -18.924400 155.333923 -210.932770
v -18.931225 155.172760 -212.926239
v -32.441692 127.470795 -208.436951
v -32.452465 127.297836 -210.429443
v -32.441723 146.417664 -210.427994
v -32.452435 146.244690 -212.420456
v 17.620890 219.984024 -165.550858
v 17.590631 220.938370 -167.308212
v -0.000487 209.582916 -170.892822
v 0.000487 210.537445 -172.650360
v -0.000487 221.866959 -163.654938
v 0.000487 222.821426 -165.412506
v 32.462219 209.583008 -170.892899
v 32.431938 210.537384 -172.650253
v -17.620890 219.984024 -165.550858
v -17.590631 220.938370 -167.308212
v -32.462219 209.583008 -170.892899
v -32.431938 210.537384 -172.650253
v 32.314770 156.409164 -187.597961
v 32.579388 158.076004 -188.671112
v 31.924160 145.559311 -211.062592
v 32.969997 147.103043 -211.785858
v 18.681820 154.301483 -211.746597
v 19.173805 156.205200 -212.112411
v -0.000482 157.517044 -188.165848
v 0.000482 159.271255 -189.126419
v -0.000489 156.716431 -212.040192
v 0.000489 158.715607 -212.097809
v 32.438759 175.290207 -174.051010
v 32.455399 176.211411 -175.826157
v -18.681820 154.301483 -211.746597
v -19.173805 156.205200 -212.112411
v -32.314770 156.409164 -187.597961
v -32.579388 158.076004 -188.671112
v -31.924160 145.559311 -211.062592
v -32.969997 147.103043 -211.785858
v -32.438759 175.290207 -174.051010
v -32.455399 176.211411 -175.826157
v -0.000489 175.276505 -174.082428
v 0.000489 176.197769 -175.857605
v -0.000474 191.067139 -168.920166
v 0.000474 191.283112 -170.908478
v 32.447582 191.215027 -168.929916
v 32.446575 191.428925 -170.918442
v -32.447586 191.215027 -168.929916
v -32.446571 191.428925 -170.918442
v -0.000429 210.158340 -170.776428
v 0.000429 209.962021 -172.766754
v 32.446606 210.158386 -170.776413
v 32.447552 209.962006 -172.766739
v -32.446606 210.158386 -170.776413
v -32.447552 209.962006 -172.766739
v -0.000489 101.035881 473.877289
v 0.000489 99.554008 475.220428
v 32.421188 102.000519 474.104309
v 32.472969 100.530334 475.459229
v 17.581785 110.667114 484.059052
v 17.629736 109.191330 485.408051
v 32.421188 106.623810 478.710571
v 32.472969 105.153610 480.065491
v -0.000467 112.782455 486.987183
v 0.000467 111.292252 488.321106
v -17.581814 110.667137 484.059082
v -17.629707 109.191307 485.408020
v -32.421185 102.000526 474.104309
v -32.472973 100.530327 475.459229
v -32.421192 106.623802 478.710571
v -32.472965 105.153618 480.065491
v 22.987761 6.322857 511.198639
v 22.988760 6.321858 509.198639
v 22.987915 -24.125500 505.142212
v 22.988598 -23.360294 503.294373
v -22.988758 6.322856 511.198639
v -22.987762 6.321859 509.198639
v -22.988598 -24.125500 505.142212
v -22.987915 -23.360294 503.294373
v -22.988733 36.770199 505.142212
v -22.987791 36.005054 503.294373
v 22.988255 -49.938118 487.894836
v 22.988255 -48.523903 486.480591
v 22.987921 36.770229 505.142212
v 22.988604 36.005024 503.294373
v -22.988255 -49.938118 487.894806
v -22.988255 -48.523903 486.480621
v -22.988264 62.582844 487.894836
v -22.988264 61.168629 486.480591
v 22.987785 -67.185532 462.082123
v 22.988724 -65.337677 461.316986
v 22.988264 62.582844 487.894806
v 22.988264 61.168629 486.480621
v -22.988726 -67.185532 462.082123
v -22.987783 -65.337677 461.316986
v -22.988607 79.830254 462.082153
v -22.987925 77.982430 461.316956
v 22.987757 -73.241959 431.633820
v 22.988752 -71.241959 431.634796
v 22.987925 79.830254 462.082153
v 22.988607 77.982430 461.316956
v -22.988754 -73.241959 431.633820
v -22.987755 -71.241959 431.634796
v -22.988766 85.886696 431.634827
v -22.987766 83.886696 431.633850
v 22.987913 -67.185509 401.186462
v 22.988596 -65.337685 401.951660
v 22.987768 85.886696 431.634827
v 22.988764 83.886696 431.633850
v -22.988255 -67.185478 401.186371
v -22.988255 -65.337715 401.951752
v -22.988737 79.830269 401.186493
v -22.987795 77.982414 401.951630
v 22.988255 -49.938114 375.373810
v 22.988255 -48.523899 376.787994
v 22.987925 79.830254 401.186462
v 22.988607 77.982430 401.951660
v -22.988255 -49.938114 375.373779
v -22.988255 -48.523899 376.788025
v -22.988264 62.582851 375.373840
v -22.988264 61.168636 376.788025
v 22.988256 -24.125576 358.126465
v 22.988256 -23.360210 359.974243
v 22.988264 62.582851 375.373810
v 22.988264 61.168636 376.788055
v -22.988598 -24.125494 358.126434
v -22.987915 -23.360292 359.974274
v -22.988731 36.770218 358.126434
v -22.987793 36.005074 359.974274
v 22.987762 6.322875 352.070007
v 22.988758 6.321878 354.070007
v 22.987921 36.770248 358.126434
v 22.988604 36.005043 359.974274
v -22.988760 6.322876 352.070007
v -22.987761 6.321877 354.070007
v -20.668257 193.278580 -212.378021
v -21.507090 194.035355 -214.028351
v -9.285746 191.227005 -219.136322
v -10.421713 192.167618 -220.487183
v -19.923023 175.840424 -220.810257
v -21.145741 176.831848 -222.043961
v 0.733445 187.596786 -234.726181
v -0.733445 188.676743 -235.551987
v -19.105709 159.937729 -237.491714
v -20.639385 161.025681 -238.173019
v 0.818814 162.468857 -297.768616
v -0.818814 163.495163 -298.283264
v -17.716928 138.158340 -284.558411
v -19.352701 139.188583 -285.071106
v -15.570616 101.274529 -356.699554
v -17.226332 102.213203 -357.313934
v 0.827038 121.055725 -372.246429
v -0.827038 121.990738 -372.870758
v 0.803357 65.658394 -441.090576
v -0.803357 66.520805 -441.911987
v -13.056289 49.556072 -432.063507
v -14.651633 50.407024 -432.918365
v 0.742505 -2.758252 -496.843018
v -0.742505 -2.016253 -497.958435
v -10.765036 -10.264679 -485.063354
v -12.253111 -9.519175 -486.172363
v -8.098801 -90.278542 -534.537903
v -9.396852 -89.681770 -535.937561
v 0.616917 -90.704895 -541.849060
v -0.616917 -90.152939 -543.323181
v 0.431422 -164.210190 -561.267029
v -0.431422 -163.849564 -563.034973
v -3.291028 -164.798859 -560.205200
v -4.132606 -164.447906 -561.985229
v 0.289679 -234.024780 -570.052185
v -0.289679 -233.783569 -571.951233
v 20.668257 193.278580 -212.378021
v 21.507090 194.035355 -214.028351
v 19.923023 175.840424 -220.810257
v 21.145741 176.831848 -222.043961
v 9.285746 191.227005 -219.136322
v 10.421713 192.167618 -220.487183
v -0.733446 187.596786 -234.726181
v 0.733446 188.676743 -235.551987
v 19.105709 159.937729 -237.491714
v 20.639385 161.025681 -238.173019
v -0.818814 162.468857 -297.768616
v 0.818814 163.495163 -298.283264
v 17.716928 138.158340 -284.558411
v 19.352701 139.188583 -285.071106
v 15.570615 101.274529 -356.699554
v 17.226332 102.213203 -357.313934
v -0.827038 121.055725 -372.246429
v 0.827038 121.990738 -372.870758
v -0.803356 65.658394 -441.090576
v 0.803356 66.520805 -441.911987
v 13.056289 49.556072 -432.063507
v 14.651633 50.407024 -432.918365
v -0.742505 -2.758250 -496.843018
v 0.742505 -2.016255 -497.958435
v 10.765037 -10.264682 -485.063354
v 12.253110 -9.519172 -486.172363
v 8.098800 -90.278542 -534.537903
v 9.396853 -89.681770 -535.937561
v -0.616918 -90.704895 -541.849060
v 0.616918 -90.152939 -543.323181
v -0.431426 -164.210190 -561.267029
v 0.431426 -163.849564 -563.034973
v 3.291025 -164.798859 -560.205200
v 4.132609 -164.447906 -561.985229
v -0.289679 -234.024780 -570.052185
v 0.289679 -233.783569 -571.951233
v 18.177738 114.742592 -208.465378
v 19.259541 113.111504 -208.876785
v -0.000555 103.312492 -188.348969
v 0.000555 101.406105 -188.953674
v -0.000490 108.971413 -208.066681
v 0.000490 107.045265 -208.605133
v -18.177738 114.742592 -208.465378
v -19.259541 113.111504 -208.876785
v 31.733198 128.067902 -209.281235
v 33.160961 126.700737 -209.585159
v 31.731266 123.354301 -183.427353
v 33.162891 122.018486 -183.834824
v 18.193483 108.992004 -187.272110
v 19.243795 107.367172 -187.778824
v 18.204239 100.384819 -162.975998
v 19.233040 98.840218 -163.721481
v 31.755804 111.715729 -156.143646
v 33.138355 110.432831 -156.809021
v 31.819517 96.834969 -135.125275
v 33.074638 95.681435 -136.171234
v -0.000611 94.758186 -164.328125
v 0.000611 92.948158 -165.178894
v 18.267582 86.569229 -139.384857
v 19.169697 85.248856 -140.586029
v 31.967049 72.095192 -117.449837
v 32.927109 71.307030 -119.017342
v 0.000459 80.900246 -140.729385
v -0.000459 79.399147 -142.051010
v -18.193483 108.992004 -187.272110
v -19.243795 107.367172 -187.778824
v -31.731266 123.354301 -183.427353
v -33.162891 122.018486 -183.834824
v -31.733198 128.067902 -209.281235
v -33.160957 126.700737 -209.585159
v -18.204239 100.384819 -162.975998
v -19.233040 98.840218 -163.721481
v -31.755804 111.715729 -156.143646
v -33.138355 110.432831 -156.809021
v -31.819517 96.834969 -135.125275
v -33.074642 95.681435 -136.171234
v -18.267582 86.569229 -139.384857
v -19.169697 85.248856 -140.586029
v -31.967049 72.095192 -117.449837
v -32.927109 71.307030 -119.017342
v -18.401611 68.177246 -125.476280
v -19.035667 67.224716 -127.116600
v -18.501343 40.259949 -112.960121
v -18.935936 39.669052 -114.820763
v -32.084255 20.625744 -103.811615
v -32.809902 20.204807 -105.627167
v -18.583315 8.446888 -106.611702
v -18.853964 8.078593 -108.558784
v -0.000487 65.580612 -126.739487
v 0.000487 64.504547 -128.425323
v -0.000488 40.279552 -112.941368
v 0.000488 39.649448 -114.839516
v -0.000489 3.501738 -106.601814
v 0.000489 3.139252 -108.568687
v 18.583315 8.446888 -106.611702
v 18.853964 8.078593 -108.558784
v 18.501343 40.259953 -112.960121
v 18.935936 39.669048 -114.820763
v 32.084255 20.625742 -103.811615
v 32.809902 20.204809 -105.627167
v 18.401613 68.177246 -125.476280
v 19.035666 67.224716 -127.116600
v -22.443521 205.316727 -153.116669
v -22.424982 207.270096 -153.545654
v -9.868856 190.720490 -219.598221
v -9.838602 192.674133 -220.025284
v -21.137138 192.679565 -212.997681
v -21.038208 194.634369 -213.408691
v -0.000442 205.364090 -153.080795
v 0.000442 207.317154 -153.511581
v -0.000477 187.160248 -234.923660
v 0.000477 189.113281 -235.354507
v 22.443521 205.316727 -153.116669
v 22.424982 207.270096 -153.545654
v 21.137138 192.679565 -212.997681
v 21.038208 194.634369 -213.408691
v 9.868856 190.720490 -219.598206
v 9.838602 192.674133 -220.025299
v -0.000371 205.364059 -153.080933
v 0.000371 207.317184 -153.511444
v -0.000489 187.160248 -234.923645
v 0.000489 189.113281 -235.354523
v -0.000478 18.721479 336.187195
v 0.000478 18.052084 338.071838
v 18.581053 1.303897 331.945862
v 18.597803 0.849549 333.893494
v 32.416306 18.948219 334.762604
v 32.477852 18.224178 336.625946
v -0.000492 -6.158817 329.171204
v 0.000492 -6.613259 331.118896
v -18.581053 1.303897 331.945862
v -18.597803 0.849549 333.893494
v -32.416306 18.948221 334.762604
v -32.477852 18.224176 336.625946
v -0.000488 47.664520 350.270325
v 0.000488 46.561226 351.938477
v 32.405537 49.388351 349.532257
v 32.488621 48.276970 351.192963
v -32.405537 49.388351 349.532257
v -32.488621 48.276970 351.192963
v -0.000476 75.452728 374.156158
v 0.000476 73.896057 375.411835
v 32.407478 76.636856 374.123230
v 32.486679 75.076065 375.371277
v -32.407478 76.636856 374.123230
v -32.486679 75.076065 375.371277
v 32.402634 97.826813 412.080444
v 32.491524 95.946274 412.755493
v -32.402634 97.826813 412.080444
v -32.491524 95.946274 412.755493
v -0.000481 96.578712 412.879333
v 0.000481 94.694618 413.550293
v 32.400665 105.054253 450.031464
v 32.493492 103.058296 450.118439
v -32.400684 105.054253 450.031494
v -32.493473 103.058296 450.118408
v -0.000491 103.234955 450.049438
v 0.000491 101.236847 450.136353
v -0.000489 101.290298 474.645111
v 0.000489 99.299591 474.452606
v 32.403595 102.259926 474.877075
v 32.490562 100.270927 474.686462
v -32.403591 102.259926 474.877075
v -32.490566 100.270927 474.686462
v -4.957095 42.932659 -144.646515
v -6.217009 42.222027 -146.027679
v -17.873339 16.072741 -123.191422
v -19.017378 15.421106 -124.696930
v -18.462410 51.154087 -136.303116
v -19.781738 50.412907 -137.610794
v 0.571989 18.156403 -136.492783
v -0.571989 17.504726 -137.998306
v -13.213229 78.686455 -162.053894
v -14.808349 77.882545 -162.953522
v -18.760605 84.336288 -156.245285
v -20.381866 83.533981 -157.098404
v -16.901838 99.908005 -184.014435
v -18.737902 99.183945 -184.337860
v -18.609922 104.614883 -181.571045
v -20.441713 103.887131 -181.910034
v -17.996359 107.189629 -218.566406
v -19.887632 106.543556 -218.641693
v 17.873339 16.072741 -123.191422
v 19.017378 15.421107 -124.696930
v 4.957095 42.932655 -144.646515
v 6.217009 42.222031 -146.027679
v 18.462410 51.154087 -136.303116
v 19.781738 50.412907 -137.610794
v -0.571991 18.156406 -136.492783
v 0.571991 17.504723 -137.998306
v 13.213229 78.686455 -162.053894
v 14.808349 77.882545 -162.953522
v 18.760605 84.336288 -156.245285
v 20.381866 83.533981 -157.098404
v 16.901838 99.908005 -184.014435
v 18.737902 99.183945 -184.337860
v 18.609922 104.614891 -181.571045
v 20.441713 103.887123 -181.910034
v 17.996359 107.189629 -218.566406
v 19.887632 106.543556 -218.641693
v 17.299349 222.634888 -133.628738
v 17.912172 224.527679 -133.833023
v -0.000487 221.350357 -164.422882
v 0.000487 223.338028 -164.644562
v -0.000489 225.375275 -132.894241
v 0.000489 227.362946 -133.116013
v -17.299349 222.634888 -133.628738
v -17.912172 224.527679 -133.833023
v 17.236811 219.537064 -166.330338
v 17.974710 221.385330 -166.528732
v 31.906368 212.781509 -139.785645
v 32.987789 214.455032 -139.958527
v 31.906345 209.223450 -171.685120
v 32.987812 210.896942 -171.858032
v -17.236811 219.537064 -166.330338
v -17.974710 221.385330 -166.528732
v -31.906368 212.781509 -139.785645
v -32.987789 214.455032 -139.958527
v -31.906345 209.223450 -171.685120
v -32.987812 210.896942 -171.858032
v 31.896290 211.801025 161.296387
v 32.997868 213.453888 161.529999
v 17.220173 230.241226 58.919872
v 17.991348 232.080002 59.075314
v 17.239937 221.537201 162.725342
v 17.971584 223.380493 162.984192
v 31.895477 220.942062 54.883110
v 32.998680 222.604263 55.024803
v 31.892784 190.098145 271.827332
v 33.001373 191.710693 272.240479
v 0.000448 232.907532 61.341118
v -0.000448 234.900696 61.506454
v 17.234871 199.206741 274.611084
v 17.976650 201.006149 275.071472
v 31.875313 157.260391 374.103180
v 33.018845 158.812424 374.635712
v 0.000474 224.415878 163.940430
v -0.000474 226.395859 164.222717
v -17.239939 221.537201 162.725342
v -17.971582 223.380493 162.984192
v -17.220173 230.241226 58.919872
v -17.991348 232.080002 59.075314
v -31.896290 211.801025 161.296387
v -32.997868 213.453888 161.529999
v -31.895477 220.942062 54.883110
v -32.998680 222.604263 55.024803
v -31.892784 190.098145 271.827332
v -33.001373 191.710693 272.240479
v -17.234873 199.206741 274.611084
v -17.976648 201.006149 275.071472
v -31.875313 157.260391 374.103180
v -33.018845 158.812424 374.635712
v 0.000338 202.084900 275.819397
v -0.000338 204.022064 276.316742
v -17.222403 166.658905 378.328705
v -17.989119 168.406372 378.927521
v -31.871855 126.240265 456.679932
v -33.022301 127.603745 457.584045
v 17.222403 166.658905 378.328705
v 17.989119 168.406372 378.927521
v 31.871857 126.240265 456.679932
v 33.022301 127.603745 457.584045
v 0.000450 169.532959 379.532806
v -0.000450 171.426361 380.177032
v 17.232149 134.773773 465.263214
v 17.979372 136.267120 466.363922
v 17.241737 109.340446 484.011871
v 17.969784 110.517998 485.455231
v 31.910303 105.330383 478.755463
v 32.983852 106.447037 480.020599
v -0.000489 111.431969 486.858215
v 0.000489 112.642738 488.450073
v -0.000487 137.658569 466.452423
v 0.000487 139.276367 467.628326
v -17.232147 134.773773 465.263214
v -17.979374 136.267120 466.363922
v -17.241737 109.340446 484.011871
v -17.969784 110.517998 485.455231
v -31.910301 105.330376 478.755463
v -32.983856 106.447044 480.020599
v 17.188358 212.158035 -118.459114
v 18.023163 213.732956 -117.552055
v -0.000504 225.538940 -133.562637
v 0.000504 227.199280 -132.447617
v -0.000624 214.579788 -117.119469
v 0.000624 216.317703 -116.129707
v 17.205729 222.824692 -134.248123
v 18.005793 224.337875 -133.213638
v 31.816227 201.645386 -124.704964
v 33.077930 202.985260 -123.922142
v 31.818163 212.981537 -140.318222
v 33.075996 214.255005 -139.425949
v 31.835886 189.703934 -99.180473
v 33.058273 191.196030 -98.651833
v 17.192928 199.653839 -92.916954
v 18.018593 201.376251 -92.323982
v 31.886871 183.000763 -66.177696
v 33.007286 184.646698 -65.989174
v -17.188358 212.158035 -118.459114
v -18.023163 213.732956 -117.552055
v -17.205729 222.824692 -134.248123
v -18.005793 224.337875 -133.213638
v -31.816227 201.645386 -124.704964
v -33.077930 202.985260 -123.922142
v -31.818161 212.981537 -140.318222
v -33.075996 214.255005 -139.425949
v -31.835886 189.703934 -99.180473
v -33.058273 191.196030 -98.651833
v -17.192972 199.653839 -92.916977
v -18.018549 201.376251 -92.323959
v -31.886871 183.000763 -66.177696
v -33.007286 184.646698 -65.989174
v -0.000487 202.962753 -91.844467
v 0.000487 204.846024 -91.171173
v -17.226301 192.858063 -64.789337
v -17.985220 194.693176 -64.551910
v -31.938417 183.134277 -30.534876
v -32.955738 184.849365 -30.688261
v 17.226324 192.858047 -64.789291
v 17.985197 194.693192 -64.551956
v 31.938417 183.134277 -30.534876
v 32.955738 184.849365 -30.688261
v -0.000507 195.893906 -63.878136
v 0.000507 197.874435 -63.599754
v 17.267342 191.807877 -31.049591
v 17.944180 193.684067 -31.197063
v -17.267340 191.807877 -31.049591
v -17.944181 193.684067 -31.197063
v -0.000489 194.170166 -31.537941
v 0.000489 196.166077 -31.665928
v 17.306252 197.391830 1.293055
v 17.905270 199.220169 0.746801
v -0.000469 199.712250 -0.084069
v 0.000469 201.637909 -0.624235
v 32.007881 190.282166 3.510424
v 32.886276 191.997009 2.973984
v -17.306252 197.391830 1.293054
v -17.905270 199.220169 0.746802
v -32.007881 190.282166 3.510424
v -32.886276 191.997009 2.973983
v -0.000488 212.279419 31.641079
v 0.000488 214.031494 30.676594
v 17.365948 209.894897 32.617569
v 17.845573 211.578003 31.649521
v 32.087051 204.061905 32.367550
v 32.807106 205.686661 31.450138
v 32.137756 221.011414 55.523216
v 32.756401 222.534912 54.384697
v 17.430382 230.365738 59.578472
v 17.781139 231.955490 58.416714
v -0.000488 233.092834 62.008446
v 0.000488 234.715393 60.839127
v -17.430382 230.365738 59.578472
v -17.781139 231.955490 58.416714
v -17.365948 209.894897 32.617569
v -17.845573 211.578003 31.649521
v -32.137756 221.011414 55.523212
v -32.756401 222.534912 54.384701
v -32.087051 204.061905 32.367550
v -32.807106 205.686661 31.450138
v -18.456579 16.740135 -123.828400
v -18.434137 14.753712 -124.059952
v -0.000506 13.512509 -94.343063
v 0.000506 11.525960 -94.574615
v -18.892336 13.655373 -94.768272
v -18.869848 11.668953 -94.999855
v -0.000483 18.823839 -137.129761
v 0.000483 16.837290 -137.361328
v 18.456579 16.740135 -123.828400
v 18.434137 14.753712 -124.059952
v -0.000466 13.512510 -94.343063
v 0.000466 11.525959 -94.574615
v -0.000476 18.823837 -137.129745
v 0.000476 16.837292 -137.361343
v 18.892336 13.655373 -94.768272
v 18.869848 11.668953 -94.999855
v -0.000487 -4.001182 -70.657661
v 0.000487 -5.981708 -70.379250
v 18.215837 6.453796 -60.856377
v 19.221441 4.859868 -60.186935
v -0.000489 0.414508 -60.592579
v 0.000489 -1.411541 -59.776775
v -18.215837 6.453796 -60.856377
v -19.221441 4.859869 -60.186935
v 18.240559 1.651706 -71.292503
v 19.196720 -0.087737 -71.047371
v 31.790804 18.053568 -61.945908
v 33.103355 16.649168 -61.393753
v 31.778328 14.456164 -72.773399
v 33.115829 12.983827 -72.565300
v 31.786898 15.504412 -89.854378
v 33.107262 14.037445 -90.177879
v -18.240559 1.651706 -71.292503
v -19.196720 -0.087737 -71.047371
v -31.790804 18.053568 -61.945908
v -33.103352 16.649168 -61.393753
v -31.778326 14.456164 -72.773399
v -33.115829 12.983827 -72.565300
v -31.786896 15.504411 -89.854378
v -33.107262 14.037446 -90.177879
v 18.248363 4.338706 -91.868256
v 19.188915 2.616786 -92.255997
v 31.792812 21.130144 -104.472618
v 33.101345 19.700407 -104.966164
v 18.245144 9.098822 -107.308167
v 19.192135 7.426660 -107.862320
v -0.000527 -0.870528 -91.866196
v 0.000527 -2.822250 -92.302979
v 0.000488 4.272727 -107.279877
v -0.000488 2.368263 -107.890625
v -18.245144 9.098822 -107.308167
v -19.192135 7.426660 -107.862320
v -18.248363 4.338706 -91.868256
v -19.188915 2.616786 -92.255997
v -31.792812 21.130144 -104.472618
v -33.101345 19.700407 -104.966164
v 31.447079 42.686825 -62.043396
v 33.447079 42.687771 -62.042450
v 31.447079 14.770453 -90.016602
v 33.447079 14.771403 -90.015656
v 31.447079 71.700706 -118.233994
v 33.447079 71.701515 -118.233185
v 31.447079 20.414801 -104.719864
v 33.447079 20.415751 -104.718918
v 31.447079 13.719521 -72.668877
v 33.447079 13.720470 -72.669823
v 31.447079 17.350893 -61.670303
v 33.447079 17.351843 -61.669357
v 31.447079 65.151543 -55.678402
v 33.447079 65.152489 -55.677456
v 31.447079 84.620995 -45.194862
v 33.447079 84.621941 -45.193916
v 31.447079 96.257729 -135.648727
v 33.447079 96.258675 -135.647781
v 31.447079 110.942169 -29.162523
v 33.447079 110.943115 -29.161573
v 31.447079 190.449509 -98.916626
v 33.447079 190.450455 -98.915680
v 31.447079 183.823257 -66.082962
v 33.447079 183.824203 -66.083908
v 31.447079 138.274216 -4.884702
v 33.447079 138.275162 -4.885651
v 31.447079 183.991348 -30.611094
v 33.447079 183.992294 -30.612043
v 31.447079 158.750809 29.179304
v 33.447079 158.751755 29.178354
v 31.447079 191.139114 3.242678
v 33.447079 191.140060 3.241729
v 31.447079 204.873810 31.909319
v 33.447079 204.874756 31.908369
v 31.447079 163.644363 60.322933
v 33.447079 163.645309 60.321987
v 31.447079 221.772690 54.954430
v 33.447079 221.773636 54.953484
v 31.447079 157.938324 88.208252
v 33.447079 157.939270 88.209198
v 31.447079 212.626984 161.412720
v 33.447079 212.627930 161.413666
v 31.447079 141.036865 156.344666
v 33.447079 141.037811 156.345612
v 31.447079 137.638336 100.109962
v 33.447079 137.639282 100.110909
v 31.447079 147.147766 189.187378
v 33.447079 147.148712 189.188324
v 31.447199 117.491226 120.854111
v 33.446957 117.460953 120.861023
v 31.447079 190.903946 272.033417
v 33.447079 190.904892 272.034393
v 31.449625 108.241852 96.506447
v 33.444534 108.102081 96.534798
v 29.639025 90.290230 98.625854
v 31.515852 89.603523 98.548721
v 29.729750 92.283310 85.396034
v 31.497442 91.357971 85.258186
v 31.447079 138.629883 212.120087
v 33.447079 138.630829 212.121033
v 31.447079 116.854813 310.483429
v 33.447079 116.855759 310.484406
v 31.447079 158.035934 374.368958
v 33.447079 158.036880 374.369934
v 31.447079 113.324188 280.288483
v 33.447079 113.325134 280.287506
v 31.447079 117.569221 227.752747
v 33.447079 117.570168 227.751801
v 31.447079 106.644691 333.695312
v 33.447079 106.645638 333.696289
v 31.447407 96.697945 251.668610
v 33.446751 96.653984 251.694916
v 31.449152 96.469635 228.466415
v 33.445007 96.361191 228.535721
v 29.434019 77.143661 229.501541
v 31.408487 76.857422 229.641342
v 31.465504 78.431831 222.247559
v 33.428654 78.081017 222.399109
v 28.749609 66.413589 221.783463
v 30.642134 65.789261 221.614426
v 29.441710 70.933975 213.135025
v 31.310129 70.266876 212.882065
v 25.296921 57.338913 219.552795
v 26.849335 56.316154 218.815247
v 24.189980 66.997742 204.014236
v 25.709362 65.947418 203.247238
v 31.447079 96.886070 412.417480
v 33.447079 96.887016 412.418457
v 31.447079 126.921532 457.131500
v 33.447079 126.922478 457.132477
v 31.447079 75.855988 374.747742
v 33.447079 75.856934 374.746765
v 31.447079 104.055801 450.074463
v 33.447079 104.056747 450.075439
v 31.447079 101.264954 474.781281
v 33.447079 101.265900 474.782257
v 31.447079 105.888237 479.387543
v 33.447079 105.889183 479.388519
v 31.447079 85.122620 344.112701
v 33.447079 85.123566 344.111725
v 31.447079 57.663242 341.760376
v 33.447079 57.664188 341.761353
v 31.447083 48.833149 350.365051
v 33.447075 48.832172 350.360168
v 31.447332 36.843643 331.338013
v 33.446823 36.827019 331.296143
v 31.447235 18.590601 335.711395
v 33.446922 18.581797 335.677155
v 30.991867 24.448689 329.583160
v 32.991253 24.430115 329.537201
v 31.068779 32.393444 326.246094
v 33.065582 32.333668 326.150146
v 31.447079 146.330704 -211.423752
v 33.447079 146.331650 -211.424698
v 31.447079 122.685921 -183.630615
v 33.447079 122.686867 -183.631561
v 31.447079 127.383842 -209.432724
v 33.447079 127.384789 -209.433670
v 31.447079 157.242111 -188.134064
v 33.447079 157.243057 -188.135010
v 31.447079 111.073875 -156.476746
v 33.447079 111.074684 -156.475922
v 31.447079 175.750336 -174.939056
v 33.447079 175.751282 -174.938110
v 31.447079 202.314850 -124.314026
v 33.447079 202.315796 -124.313080
v 31.447079 191.321503 -169.924652
v 33.447079 191.322449 -169.923706
v 31.447079 213.617798 -139.872559
v 33.447079 213.618744 -139.871613
v 31.447079 210.059723 -171.772049
v 33.447079 210.060669 -171.771103
v -31.447079 42.686825 -62.042450
v -33.447079 42.687771 -62.043396
v -31.447079 14.770453 -90.016602
v -33.447079 14.771403 -90.015656
v -31.447079 13.719521 -72.668877
v -33.447079 13.720470 -72.669823
v -31.447079 17.350893 -61.670303
v -33.447079 17.351843 -61.669357
v -31.447079 71.700706 -118.233994
v -33.447079 71.701515 -118.233185
v -31.447079 20.414801 -104.719864
v -33.447079 20.415751 -104.718918
v -31.447079 65.151543 -55.678402
v -33.447079 65.152489 -55.677456
v -31.447079 84.620995 -45.194862
v -33.447079 84.621941 -45.193916
v -31.447079 96.257729 -135.648727
v -33.447079 96.258675 -135.647781
v -31.447079 106.898514 -30.779985
v -33.447079 106.899460 -30.779036
v -31.447079 190.449509 -98.916626
v -33.447079 190.450455 -98.915680
v -31.447079 183.823257 -66.083908
v -33.447079 183.824203 -66.082962
v -31.447079 127.491158 -12.433800
v -33.447079 127.492104 -12.432850
v -31.447079 111.073875 -156.476746
v -33.447079 111.074684 -156.475922
v -31.447079 183.991348 -30.612043
v -33.447079 183.992294 -30.611094
v -31.447079 154.167999 25.944387
v -33.447079 154.168945 25.943438
v -31.447079 191.139114 3.241729
v -33.447079 191.140060 3.242678
v -31.447079 204.873810 31.909319
v -33.447079 204.874756 31.908369
v -31.447079 164.183517 65.444885
v -33.447079 164.184464 65.443939
v -31.447079 221.772690 54.954430
v -33.447079 221.773636 54.953484
v -31.447079 202.314850 -124.314026
v -33.447079 202.315796 -124.313080
v -31.447079 212.627045 161.412781
v -33.447079 212.627869 161.413605
v -31.447079 156.320862 90.904007
v -33.447079 156.321808 90.904953
v -31.447079 141.036865 156.344666
v -33.447079 141.037811 156.345612
v -31.447079 133.762558 102.623085
v -33.447079 133.763504 102.624031
v -31.447079 147.147766 189.187378
v -33.447079 147.148712 189.188324
v -31.447199 117.491226 120.854111
v -33.446957 117.460953 120.861023
v -31.447079 190.903946 272.033417
v -33.447079 190.904892 272.034393
v -31.449776 108.243797 96.505486
v -33.444382 108.100136 96.535759
v -29.639025 90.290230 98.625885
v -31.515852 89.603523 98.548691
v -29.729750 92.283318 85.395988
v -31.497442 91.357964 85.258232
v -31.447079 138.629883 212.120087
v -33.447079 138.630829 212.121033
v -31.447079 116.854813 310.483429
v -33.447079 116.855759 310.484406
v -31.447079 158.035934 374.368958
v -33.447079 158.036880 374.369934
v -31.447079 113.130089 284.830322
v -33.447079 113.131035 284.829346
v -31.447079 117.569221 227.752747
v -33.447079 117.570168 227.751801
v -31.447079 106.644691 333.695312
v -33.447079 106.645638 333.696289
v -31.447386 96.696968 251.668594
v -33.446770 96.654961 251.694931
v -31.449152 96.469635 228.466415
v -33.445007 96.361191 228.535721
v -29.434021 77.143669 229.501541
v -31.408485 76.857414 229.641342
v -31.465502 78.431824 222.247559
v -33.428654 78.081024 222.399109
v -28.749599 66.413574 221.783401
v -30.642143 65.789276 221.614487
v -29.441690 70.933929 213.134995
v -31.310148 70.266922 212.882095
v -31.447079 96.886070 412.417480
v -33.447079 96.887016 412.418457
v -31.447079 126.921532 457.131500
v -33.447079 126.922478 457.132477
v -31.447079 75.855988 374.746765
v -33.447079 75.856934 374.747742
v -31.447079 104.055801 450.074463
v -33.447079 104.056747 450.075439
v -31.447079 101.264954 474.781281
v -33.447079 101.265900 474.782257
v -31.447079 105.888237 479.387543
v -33.447079 105.889183 479.388519
v -31.447079 85.122620 344.111725
v -33.447079 85.123566 344.112701
v -31.447079 57.663242 341.760376
v -33.447079 57.664188 341.761353
v -31.447083 48.833149 350.365051
v -33.447075 48.832172 350.360168
v -31.447332 36.843643 331.338013
v -33.446823 36.827019 331.296143
v -31.447235 18.590603 335.711395
v -33.446922 18.581795 335.677155
v -30.991867 24.448689 329.583160
v -32.991253 24.430115 329.537201
v -31.068779 32.393444 326.246094
v -33.065582 32.333668 326.150146
v -31.447079 146.330704 -211.423752
v -33.447079 146.331650 -211.424698
v -31.447079 122.685921 -183.630615
v -33.447079 122.686867 -183.631561
v -31.447079 157.242111 -188.134064
v -33.447079 157.243057 -188.135010
v -31.447079 127.383774 -209.432648
v -33.447079 127.384857 -209.433746
v -31.447079 175.750336 -174.939056
v -33.447079 175.751282 -174.938110
v -31.447079 191.321503 -169.924652
v -33.447079 191.322449 -169.923706
v -31.447079 213.617798 -139.872559
v -33.447079 213.618744 -139.871613
v -31.447079 210.059647 -171.772125
v -33.447079 210.060745 -171.771027
v -7.748259 -89.956184 -535.220703
v -9.747395 -90.004128 -535.254761
v -10.465881 -14.244836 -482.183319
v -12.465017 -14.292773 -482.217377
v -10.509505 -9.868102 -485.600647
v -12.508641 -9.915751 -485.635071
v -12.792428 38.185638 -420.054382
v -14.791564 38.137817 -420.088623
v -12.854393 50.005371 -432.473724
v -14.853529 49.957726 -432.508148
v -15.398906 101.767487 -356.989258
v -17.398041 101.720245 -357.024231
v -15.064494 78.552299 -344.749023
v -17.063629 78.504646 -344.783447
v -17.535248 138.697083 -284.797272
v -19.534382 138.649841 -284.832245
v -16.835039 100.285500 -272.937317
v -18.834173 100.238258 -272.972290
v -18.872980 160.505325 -237.814865
v -20.872114 160.458084 -237.849869
v -17.942429 106.890503 -218.586929
v -19.941563 106.842682 -218.621170
v -19.534815 176.360046 -221.409988
v -21.533949 176.312225 -221.444229
v -18.526260 104.273888 -181.721481
v -20.525375 104.228127 -181.759598
v -21.434668 206.316544 -153.313904
v -23.433836 206.270279 -153.348419
v -20.088106 193.680878 -213.186081
v -22.087240 193.633057 -213.220291
v -18.571629 83.958084 -156.655701
v -20.570843 83.912186 -156.687988
v -18.122458 50.806576 -136.941696
v -20.121691 50.760418 -136.972214
v -17.881531 12.686912 -94.867813
v -19.880653 12.637414 -94.900314
v -17.445850 15.772816 -123.926437
v -19.444866 15.721031 -123.961914
v 7.748259 -89.956184 -535.220703
v 9.747395 -90.004128 -535.254761
v 10.509505 -9.868102 -485.600647
v 12.508641 -9.915751 -485.635071
v 10.465881 -14.244836 -482.183319
v 12.465017 -14.292773 -482.217377
v 12.792428 38.185638 -420.054382
v 14.791564 38.137817 -420.088623
v 12.854393 50.005459 -432.473816
v 14.853529 49.957638 -432.508057
v 15.398906 101.767487 -356.989258
v 17.398041 101.720245 -357.024231
v 15.064494 78.552299 -344.749023
v 17.063629 78.504646 -344.783447
v 17.535248 138.697083 -284.797272
v 19.534382 138.649841 -284.832245
v 16.835039 100.285500 -272.937317
v 18.834173 100.238258 -272.972290
v 18.872980 160.505325 -237.814865
v 20.872114 160.458084 -237.849869
v 17.942429 106.890503 -218.586929
v 19.941563 106.842682 -218.621170
v 19.534815 176.360046 -221.409988
v 21.533949 176.312225 -221.444229
v 18.526260 104.273888 -181.721481
v 20.525375 104.228127 -181.759598
v 21.434668 206.316544 -153.313904
v 23.433836 206.270279 -153.348419
v 20.088106 193.680878 -213.186081
v 22.087240 193.633057 -213.220291
v 18.571629 83.958084 -156.655701
v 20.570843 83.912186 -156.687988
v 18.122458 50.806576 -136.941696
v 20.121691 50.760418 -136.972214
v 17.881531 12.686912 -94.867813
v 19.880653 12.637414 -94.900314
v 17.445850 15.772816 -123.926437
v 19.444866 15.721031 -123.961914
v 21.988255 -64.441460 502.398102
v 23.988255 -64.442406 502.399078
v 21.988256 -23.742422 504.217804
v 23.988256 -23.743372 504.218781
v 21.988256 -33.139103 531.855591
v 23.988256 -33.140049 531.856567
v 21.988255 -49.230537 487.187225
v 23.988255 -49.231483 487.188202
v 21.988253 -86.135155 469.931183
v 23.988253 -86.136101 469.932159
v 21.988260 6.322832 510.198151
v 23.988260 6.321883 510.199127
v 21.988255 -66.261131 461.699066
v 23.988255 -66.262077 461.700043
v 21.988253 -93.752960 431.633820
v 23.988253 -93.753906 431.634796
v 21.988255 -72.241486 431.633820
v 23.988255 -72.242432 431.634796
v 21.988255 -66.261124 401.568573
v 23.988255 -66.262070 401.569550
v 21.988253 -86.135147 393.336426
v 23.988253 -86.136093 393.337402
v 21.988255 -49.230534 376.080414
v 23.988255 -49.231480 376.081390
v 21.988255 -64.441437 360.869507
v 23.988255 -64.442383 360.870483
v 21.988256 -32.757450 339.317230
v 23.988256 -32.758396 339.318207
v 21.988256 -23.742418 359.049866
v 23.988256 -23.743368 359.050842
v 21.988260 4.523175 333.283783
v 23.988260 4.522226 333.282806
v 21.988260 6.322851 353.070496
v 23.988260 6.321902 353.069519
v 21.988262 44.152195 339.175812
v 23.988262 44.151249 339.176788
v 21.988262 36.388119 359.049866
v 23.988262 36.387173 359.050842
v 21.988264 74.435059 363.678589
v 23.988264 74.434113 363.677612
v 21.988264 61.876217 376.081421
v 23.988264 61.875271 376.080444
v 21.988266 78.906815 401.569550
v 23.988266 78.905869 401.568573
v 21.988268 95.972763 393.961487
v 23.988268 95.971817 393.960510
v 21.988266 84.887169 431.633850
v 23.988266 84.886223 431.634827
v 21.988268 106.757477 431.633850
v 23.988268 106.756531 431.634827
v 21.988266 78.906815 461.700043
v 23.988266 78.905869 461.699066
v 21.988268 107.361115 473.207306
v 23.988268 107.360168 473.208282
v 21.988266 98.459816 495.221954
v 23.988266 98.458870 495.222931
v 21.988264 61.876209 487.187225
v 23.988264 61.875263 487.188202
v 21.988266 79.895226 504.738190
v 23.988266 79.894279 504.739166
v 21.988262 44.651398 524.294678
v 23.988262 44.650452 524.295654
v 21.988262 36.388100 504.217804
v 23.988262 36.387154 504.218781
v 21.988260 11.714369 550.355347
v 23.988260 11.713419 550.356323
v 21.988258 -20.717962 567.569214
v 23.988258 -20.717012 567.570190
v 21.988256 -10.265614 569.285156
v 23.988256 -10.264664 569.286133
v 21.988256 -16.193806 571.001221
v 23.988256 -16.192856 571.002197
v -21.988255 -64.441460 502.398102
v -23.988255 -64.442406 502.399078
v -21.988256 -33.139103 531.855591
v -23.988256 -33.140049 531.856567
v -21.988256 -23.742422 504.217804
v -23.988256 -23.743372 504.218781
v -21.988255 -49.230537 487.187225
v -23.988255 -49.231483 487.188202
v -21.988253 -86.135155 469.931183
v -23.988253 -86.136101 469.932159
v -21.988260 6.322832 510.198151
v -23.988260 6.321883 510.199127
v -21.988255 -66.261131 461.699066
v -23.988255 -66.262077 461.700043
v -21.988253 -93.752960 431.633820
v -23.988253 -93.753906 431.634796
v -21.988255 -72.241486 431.633820
v -23.988255 -72.242432 431.634796
v -21.988255 -66.261124 401.568573
v -23.988255 -66.262070 401.569550
v -21.988253 -86.135147 393.336426
v -23.988253 -86.136093 393.337402
v -21.988255 -49.230534 376.080414
v -23.988255 -49.231480 376.081390
v -21.988255 -64.441437 360.869507
v -23.988255 -64.442383 360.870483
v -21.988256 -32.757450 339.317230
v -23.988256 -32.758396 339.318207
v -21.988256 -23.742418 359.049866
v -23.988256 -23.743368 359.050842
v -21.988260 4.523175 333.283783
v -23.988260 4.522226 333.282806
v -21.988260 6.322851 353.070496
v -23.988260 6.321902 353.069519
v -21.988262 44.152195 339.176788
v -23.988262 44.151249 339.175812
v -21.988262 36.388119 359.050842
v -23.988262 36.387173 359.049866
v -21.988264 74.435059 363.678589
v -23.988264 74.434113 363.677612
v -21.988264 61.876217 376.081421
v -23.988264 61.875271 376.080444
v -21.988266 78.906815 401.568573
v -23.988266 78.905869 401.569550
v -21.988268 95.972763 393.960510
v -23.988268 95.971817 393.961487
v -21.988266 84.887169 431.633850
v -23.988266 84.886223 431.634827
v -21.988268 106.757477 431.633850
v -23.988268 106.756531 431.634827
v -21.988266 78.906815 461.699066
v -23.988266 78.905869 461.700043
v -21.988268 107.361115 473.207306
v -23.988268 107.360168 473.208282
v -21.988266 98.459816 495.221954
v -23.988266 98.458870 495.222931
v -21.988264 61.876209 487.187225
v -23.988264 61.875263 487.188202
v -21.988266 79.895226 504.738190
v -23.988266 79.894279 504.739166
v -21.988262 44.651398 524.294678
v -23.988262 44.650452 524.295654
v -21.988262 36.388100 504.217804
v -23.988262 36.387154 504.218781
v -21.988260 11.714369 550.355347
v -23.988260 11.713419 550.356323
v -21.988258 -20.717962 567.569214
v -23.988258 -20.717012 567.570190
v -21.988256 -10.265614 569.285156
v -23.988256 -10.264664 569.286133
v -21.988256 -16.193806 571.001221
v -23.988256 -16.192856 571.002197
v 19.725363 104.901062 191.317459
v 21.725363 104.901733 191.318130
v 19.845985 114.788177 219.907898
v 21.604740 114.459076 219.014313
v 19.847263 87.532455 216.784210
v 21.603462 87.893082 215.897797
v 24.296600 65.986565 204.211502
v 25.602741 66.958595 203.049973
v 29.722849 70.114410 213.589310
v 31.028990 71.086441 212.427780
v 19.770235 65.760025 199.095657
v 21.680490 66.140121 198.641281
v 31.811558 77.862213 222.987198
v 33.082600 78.650635 221.659470
v 19.725363 73.749847 182.331436
v 21.725363 73.750793 182.332382
v 31.812393 96.310349 229.266663
v 33.081764 96.520477 227.735474
v 31.740303 117.811493 228.417099
v 33.153854 117.327896 227.087448
v 31.752008 139.200378 212.558685
v 33.142151 138.060333 211.682434
v 19.725363 83.578171 155.810593
v 21.725363 83.579117 155.811539
v 19.830776 134.550781 195.413727
v 21.619949 133.697723 195.146973
v 31.717571 147.831787 189.211792
v 33.176586 146.464691 189.163910
v 31.741943 141.717087 156.143326
v 33.152214 140.357590 156.546951
v 19.725363 112.114662 150.587585
v 21.725363 112.115471 150.588409
v 19.725363 85.606232 126.325645
v 21.725363 85.607178 126.326591
v 19.863295 126.652611 145.841370
v 21.587431 125.778358 146.354248
v 31.759632 117.993507 120.347961
v 33.134525 116.958672 121.367172
v 19.890455 83.484367 105.173409
v 21.560270 82.736885 105.981483
v 29.858889 90.419235 98.076836
v 31.295988 89.474518 99.097740
v 25.387363 84.123306 98.377007
v 26.824463 83.178589 99.397911
v -19.845985 114.788177 219.907898
v -21.604740 114.459076 219.014313
v -19.725363 104.901062 191.317459
v -21.725363 104.901733 191.318130
v -19.847263 87.532455 216.784210
v -21.603462 87.893082 215.897797
v -29.722849 70.114418 213.589310
v -31.028990 71.086433 212.427780
v -24.296600 65.986565 204.211502
v -25.602741 66.958595 203.049973
v -31.811558 77.862213 222.987198
v -33.082600 78.650635 221.659470
v -19.770235 65.760025 199.095657
v -21.680490 66.140121 198.641281
v -31.812395 96.310349 229.266663
v -33.081764 96.520477 227.735474
v -19.725363 73.749847 182.331436
v -21.725363 73.750793 182.332382
v -31.740303 117.811493 228.417099
v -33.153854 117.327896 227.087448
v -19.725363 83.578171 155.810593
v -21.725363 83.579117 155.811539
v -31.752008 139.200378 212.558685
v -33.142151 138.060333 211.682434
v -19.830774 134.550781 195.413727
v -21.619951 133.697723 195.146973
v -31.717571 147.831787 189.211792
v -33.176586 146.464691 189.163910
v -31.741943 141.717087 156.143326
v -33.152214 140.357590 156.546951
v -19.725363 112.114662 150.587585
v -21.725363 112.115471 150.588409
v -19.725363 85.606232 126.325645
v -21.725363 85.607178 126.326591
v -19.863295 126.652611 145.841370
v -21.587431 125.778358 146.354248
v -31.759632 117.993507 120.347961
v -33.134525 116.958672 121.367172
v -19.890434 83.484360 105.173439
v -21.560291 82.736893 105.981453
v -29.858889 90.419235 98.076828
v -31.295988 89.474518 99.097748
v -25.387363 84.123306 98.377007
v -26.824463 83.178589 99.397911
v 31.743053 36.457676 331.918518
v 33.151104 37.212986 330.715637
v 22.900784 59.778145 332.472534
v 24.580406 59.994133 331.408508
v 31.710928 57.482483 342.412964
v 33.183231 57.844948 341.108765
v 22.945396 38.985355 323.242859
v 24.535793 39.613873 322.205750
v 31.413797 31.864595 326.767456
v 32.720566 32.862518 325.628784
v 22.962284 28.993557 315.285309
v 24.518906 29.797764 314.320831
v 12.194003 41.845135 304.052460
v 14.096128 42.031788 303.463348
v 22.879143 82.395798 335.522430
v 24.602047 82.152466 334.536346
v 31.645660 85.262276 344.693909
v 33.248497 84.983910 343.530518
v 31.625557 107.051277 334.096008
v 33.268600 106.239052 333.295593
v 12.175014 72.168724 308.008301
v 14.115117 71.913643 307.594849
v 8.856202 54.007057 275.847137
v 10.848252 53.832230 275.881317
v 22.852152 101.839943 317.973846
v 24.629038 101.026237 317.548920
v 31.593672 117.374550 310.529358
v 33.300488 116.336021 310.438477
v 31.599194 113.838287 280.156525
v 33.294964 112.811035 280.419464
v 12.198129 82.992096 280.527283
v 14.092002 82.371857 280.696289
v 12.248572 53.327038 246.005737
v 14.041558 52.640194 246.565613
v 22.882811 98.702744 275.412659
v 24.598379 97.747650 275.792969
v 31.625233 97.143326 251.355972
v 33.268925 96.208603 252.007553
v 22.904667 69.042725 235.088608
v 24.576523 68.209244 235.802872
v 19.888212 49.282383 219.779922
v 21.562513 48.483852 220.527634
v 29.602501 77.437057 229.198486
v 31.240005 76.564026 229.944397
v 25.275482 57.247116 218.750763
v 26.870773 56.407951 219.617279
v 28.898226 66.521011 221.265686
v 30.493517 65.681839 222.132202
v -22.900784 59.778145 332.472534
v -24.580406 59.994133 331.408508
v -31.743046 36.457642 331.918488
v -33.151112 37.213020 330.715668
v -31.710926 57.482483 342.412964
v -33.183231 57.844948 341.108765
v -22.945396 38.985355 323.242859
v -24.535793 39.613873 322.205750
v -31.413795 31.864597 326.767426
v -32.720566 32.862514 325.628815
v -22.962284 28.993559 315.285309
v -24.518906 29.797762 314.320831
v -12.193993 41.845169 304.052460
v -14.096138 42.031754 303.463348
v -22.879143 82.395798 335.522430
v -24.602047 82.152466 334.536346
v -31.645662 85.262283 344.693909
v -33.248497 84.983902 343.530518
v -31.625557 107.051277 334.096008
v -33.268600 106.239052 333.295593
v -12.175014 72.168724 308.008301
v -14.115117 71.913643 307.594849
v -8.856202 54.007057 275.847137
v -10.848252 53.832230 275.881317
v -22.852884 101.842010 317.972931
v -24.628305 101.024170 317.549835
v -31.596979 117.380188 310.526398
v -33.297180 116.330383 310.441437
v -31.608110 113.662697 284.716003
v -33.286049 112.598427 284.943665
v -12.198129 82.992096 280.527283
v -14.092002 82.371857 280.696289
v -12.248572 53.327038 246.005737
v -14.041558 52.640194 246.565613
v -22.899431 98.728531 275.405090
v -24.581758 97.721863 275.800537
v -31.631483 97.155357 251.357758
v -33.262676 96.196571 252.005768
v -22.904665 69.042725 235.088608
v -24.576525 68.209244 235.802872
v -19.888212 49.282379 219.779922
v -21.562513 48.483856 220.527634
v -29.602501 77.437057 229.198471
v -31.240005 76.564026 229.944412
v -25.275484 57.247116 218.750763
v -26.870771 56.407951 219.617279
v -28.898226 66.521004 221.265686
v -30.493517 65.681847 222.132202
v 31.881594 85.032501 -45.909428
v 33.012566 84.210434 -44.479351
v 21.769411 84.425461 -38.467369
v 22.980005 83.619339 -37.094551
v 31.886755 65.544449 -56.407333
v 33.007404 64.759583 -54.948524
v 17.390358 105.271637 -21.166653
v 19.003223 104.557526 -20.223942
v 14.459389 100.907898 -15.412782
v 16.324038 100.459549 -14.845275
v 31.818075 111.428932 -29.768576
v 33.076084 110.456352 -28.555521
v 10.125491 109.914322 13.463174
v 12.037206 109.424896 13.788457
v 31.765369 138.838135 -5.351865
v 33.128788 137.711243 -4.418489
v 17.350241 134.546188 13.745703
v 19.043341 133.628830 14.285938
v 8.287823 103.889839 41.501110
v 10.283728 103.767723 41.463017
v 31.678616 159.360443 28.982924
v 33.215542 158.142120 29.374735
v 17.350626 150.773514 73.012794
v 19.042955 149.772537 72.646614
v 31.704313 164.312424 60.271194
v 33.189842 162.977249 60.373726
v 31.768480 158.530426 88.644012
v 33.125679 157.347168 87.773438
v 8.293794 121.514534 60.105804
v 10.277757 121.337761 59.925125
v 17.394207 133.006485 91.337227
v 18.999374 132.726089 90.177559
v 31.791233 137.848297 100.835678
v 33.102924 137.429321 99.385193
v 31.892584 107.895935 97.305695
v 33.001572 108.447998 95.735550
v 17.401812 109.385078 87.673424
v 18.991770 109.804375 86.534904
v 17.393757 93.759705 76.633957
v 18.999825 94.540756 75.733673
v 17.323536 88.622383 70.093002
v 19.070045 89.381752 69.482208
v 30.059971 91.354996 86.017525
v 31.167221 92.286285 84.636696
v 24.782772 86.566719 77.406937
v 25.952774 87.597954 76.154877
v -31.890455 85.041252 -45.911297
v -33.003704 84.201683 -44.477482
v -31.886755 65.544449 -56.407333
v -33.007404 64.759583 -54.948524
v -21.782768 84.439384 -38.470692
v -22.966648 83.605415 -37.091228
v -17.407875 105.298042 -21.175472
v -18.985706 104.531120 -20.215122
v -31.871136 107.409477 -31.418016
v -33.023022 106.388496 -30.141005
v -14.459389 100.907898 -15.412781
v -16.324038 100.459549 -14.845276
v -31.850428 128.093170 -12.964508
v -33.043728 126.890091 -11.902142
v -10.125489 109.914314 13.463178
v -12.037208 109.424904 13.788453
v -17.387066 134.590347 13.713336
v -19.006516 133.584671 14.318305
v -31.738134 154.829529 25.698153
v -33.156021 153.507416 26.189672
v -8.287823 103.889839 41.501110
v -10.283728 103.767723 41.463017
v -17.348312 150.773712 73.001152
v -19.045269 149.772339 72.658257
v -31.735325 164.886017 65.420479
v -33.158833 163.481964 65.468346
v -31.752960 156.867935 91.372917
v -33.141197 155.774734 90.436043
v -8.293712 121.514565 60.104858
v -10.277839 121.337730 59.926071
v -17.382822 130.924179 92.588173
v -19.010759 130.698624 91.448463
v -31.771509 133.905167 103.347023
v -33.122646 133.620895 101.900093
v -31.884855 107.858856 97.286041
v -33.009304 108.485077 95.755203
v -17.395197 109.368561 87.657600
v -18.998384 109.820892 86.550728
v -17.393757 93.759705 76.633957
v -18.999825 94.540756 75.733673
v -17.323536 88.622383 70.093002
v -19.070045 89.381752 69.482208
v -30.059971 91.354996 86.017525
v -31.167221 92.286285 84.636696
v -24.782774 86.566719 77.406937
v -25.952772 87.597954 76.154877
v 24.190002 66.997772 204.014252
v 25.709339 65.947388 203.247223
v 25.296957 57.338959 219.552811
v 26.849298 56.316109 218.815231
v 19.998957 49.504055 220.448349
v 21.451769 48.262180 219.859207
v 20.125933 66.619873 199.306702
v 21.324793 65.280273 198.430237
v 8.861433 36.808929 221.578262
v 10.267246 35.424530 221.250961
v 8.997192 52.128914 206.020096
v 10.131487 50.836281 204.999069
v -0.000489 32.409042 216.064255
v 0.000489 30.739395 214.963211
v 0.000484 47.328571 202.476135
v -0.000484 45.772823 201.219299
v -8.861434 36.808929 221.578262
v -10.267247 35.424530 221.250961
v 8.984399 67.047569 182.670441
v 10.144280 65.571053 181.981537
v 20.160101 74.505157 182.664627
v 21.290625 72.995483 181.999191
v 20.164801 84.387527 155.988495
v 21.285925 82.769760 155.633636
v -8.997193 52.128914 206.020096
v -10.131488 50.836281 204.999069
v -19.998945 49.504059 220.448318
v -21.451780 48.262177 219.859238
v 8.961999 77.609825 151.458069
v 10.166680 76.035789 151.191315
v 20.150690 86.424545 126.296341
v 21.300035 84.788864 126.355896
v -0.000489 60.558262 180.748367
v 0.000489 58.751980 179.889664
v -8.984399 67.047569 182.670441
v -10.144282 65.571053 181.981537
v -20.125933 66.619873 199.306702
v -21.324793 65.280273 198.430237
v -24.190016 66.997772 204.014267
v -25.709326 65.947388 203.247208
v -20.160101 74.505157 182.664627
v -21.290625 72.995483 181.999191
v -25.296947 57.338947 219.552795
v -26.849308 56.316120 218.815247
v -29.441713 70.933975 213.135056
v -31.310125 70.266876 212.882034
v -28.749609 66.413589 221.783463
v -30.642134 65.789261 221.614426
v -20.164764 84.387505 155.988480
v -21.285961 82.769783 155.633652
v -8.962000 77.609825 151.458069
v -10.166681 76.035789 151.191315
v -20.150690 86.424545 126.296341
v -21.300035 84.788864 126.355896
v -0.000488 69.060608 152.618225
v 0.000488 67.098175 152.232422
v -8.936573 78.407837 123.770699
v -10.192108 76.855240 123.885048
v -20.163158 83.896538 105.320030
v -21.287567 82.324715 105.834862
v -0.000487 70.385101 123.685555
v 0.000487 68.394577 123.880074
v 8.936572 78.407837 123.770699
v 10.192107 76.855240 123.885048
v 20.163157 83.896538 105.320030
v 21.287569 82.324715 105.834862
v -8.931904 74.310196 101.173172
v -10.196777 72.865601 101.732849
v -0.000488 64.503723 102.791885
v 0.000488 62.669178 103.588409
v -25.407776 84.366684 98.869385
v -26.804050 82.935211 98.905533
v 8.931905 74.310196 101.173172
v 10.196774 72.865601 101.732849
v 25.393183 84.348999 98.818581
v 26.818644 82.952896 98.956337
v 29.729769 92.283348 85.396019
v 31.497423 91.357933 85.258202
v 29.639063 90.290329 98.625893
v 31.515814 89.603424 98.548683
v 24.689930 87.725990 77.136215
v 26.045616 86.438683 76.425598
v 8.819655 66.701416 87.522430
v 10.309024 65.378082 87.347610
v -29.729769 92.283356 85.396011
v -31.497423 91.357925 85.258209
v -29.639063 90.290329 98.625885
v -31.515814 89.603424 98.548691
v -24.687616 87.725357 77.132919
v -26.047930 86.439316 76.428894
v -8.816423 66.698868 87.513641
v -10.312258 65.380630 87.356400
v 0.000485 54.995514 89.981415
v -0.000485 53.082382 90.564438
v -0.000441 54.783176 85.582275
v 0.000441 52.920300 84.854477
v -0.000476 65.464653 76.508224
v 0.000476 63.984665 75.162994
v -8.877086 78.701714 72.953987
v -10.251595 77.504906 72.130348
v -17.474459 89.481209 70.286263
v -18.919123 88.522926 69.288948
v 8.922680 78.701996 73.021591
v 10.205999 77.504623 72.062744
v 17.474459 89.481209 70.286263
v 18.919123 88.522926 69.288948
v 0.000489 79.839500 58.659996
v -0.000489 78.095100 57.681709
v 8.708577 97.414032 36.756744
v 10.420102 96.443451 36.398041
v 8.338695 104.091034 41.667168
v 10.232856 103.566528 41.296959
v 10.095690 109.808876 13.530517
v 12.067007 109.530342 13.721114
v 0.000493 90.375916 35.343678
v -0.000493 88.465851 34.750668
v -8.708579 97.414024 36.756756
v -10.420102 96.443459 36.398029
v -8.338693 104.091034 41.667152
v -10.232858 103.566528 41.296974
v -10.095689 109.808868 13.530520
v -12.067008 109.530350 13.721110
v 8.674812 101.274864 11.361439
v 10.453867 100.382881 11.559750
v 14.670972 101.278397 -15.485250
v 16.112453 100.089050 -14.772807
v 0.000489 92.104431 13.467200
v -0.000489 90.107056 13.569758
v -8.674812 101.274864 11.361440
v -10.453869 100.382881 11.559749
v -14.670972 101.278397 -15.485250
v -16.112455 100.089050 -14.772807
v -0.000494 85.999695 -8.289456
v 0.000494 84.230606 -7.356553
v -0.000489 75.336288 -27.440342
v 0.000489 73.926956 -26.021263
v 21.846739 84.604034 -38.399788
v 22.902678 83.440765 -37.162132
v -21.846741 84.604034 -38.399788
v -22.902676 83.440765 -37.162132
v 32.066509 65.600922 -56.486412
v 32.827648 64.703110 -54.869446
v -32.066513 65.600922 -56.486416
v -32.827644 64.703110 -54.869442
v -0.000483 58.662205 -45.191456
v 0.000483 57.652782 -43.464878
v 32.196369 42.898895 -62.987579
v 32.697788 42.475700 -61.098267
v -32.196373 42.898895 -62.987579
v -32.697784 42.475700 -61.098267
v -0.000486 33.766956 -57.484959
v 0.000486 33.398731 -55.519146
v 32.297047 17.366495 -62.658398
v 32.597111 17.336241 -60.681263
v -32.297047 17.366495 -62.658398
v -32.597111 17.336241 -60.681263
v 18.613644 5.714935 -61.514431
v 18.823635 5.598730 -59.528881
v -18.613646 5.714935 -61.514431
v -18.823633 5.598730 -59.528881
v -0.000514 -0.391539 -61.178940
v 0.000514 -0.605494 -59.190414
v 0.975393 18.051037 -137.244751
v -0.975393 17.610092 -137.246338
v -4.612570 42.801811 -145.337784
v -6.561533 42.352875 -145.336411
v 0.978396 18.315807 -214.650024
v -0.978396 17.902592 -214.635345
v -13.033987 78.498100 -162.488480
v -14.987591 78.070900 -162.518936
v -16.841679 99.752777 -184.156784
v -18.798061 99.339172 -184.195511
v -17.962770 107.069267 -218.610413
v -19.921221 106.663918 -218.597687
v -16.853785 100.454926 -272.981659
v -18.815428 100.068832 -272.927948
v 0.982145 4.318460 -288.282227
v -0.982145 3.950205 -288.205078
v -15.081097 78.705811 -344.814514
v -17.047028 78.351135 -344.717957
v 0.984575 -18.530432 -358.186829
v -0.984575 -18.852098 -358.049072
v -12.807187 38.318443 -420.146301
v -14.776805 38.005013 -419.996704
v 0.985551 -60.944397 -430.420624
v -0.985551 -61.219002 -430.222260
v -10.479820 -14.133438 -482.301392
v -12.451078 -14.404171 -482.099304
v 0.985203 -115.931778 -494.730408
v -0.985203 -116.167206 -494.481262
v -7.762625 -89.862434 -535.362305
v -9.733028 -90.097878 -535.113159
v 0.986489 -174.185760 -539.460693
v -0.986489 -174.370453 -539.190063
v -2.725420 -164.530075 -561.230530
v -4.698214 -164.716690 -560.959900
v 0.987992 -233.831284 -571.137939
v -0.987992 -233.977066 -570.865479
v -0.975393 18.051037 -137.244751
v 0.975393 17.610092 -137.246338
v -0.978396 18.315807 -214.650024
v 0.978396 17.902592 -214.635345
v 4.612570 42.801811 -145.337784
v 6.561533 42.352875 -145.336411
v 13.033987 78.498100 -162.488480
v 14.987591 78.070900 -162.518936
v 16.841679 99.752777 -184.156784
v 18.798061 99.339172 -184.195511
v 17.962770 107.069267 -218.610413
v 19.921221 106.663918 -218.597687
v 16.853785 100.454926 -272.981659
v 18.815428 100.068832 -272.927948
v -0.982145 4.318460 -288.282227
v 0.982145 3.950205 -288.205078
v 15.081131 78.706062 -344.814301
v 17.046993 78.350883 -344.718170
v -0.984575 -18.530432 -358.186829
v 0.984575 -18.852098 -358.049072
v 12.807187 38.318443 -420.146301
v 14.776805 38.005013 -419.996704
v -0.985551 -60.944397 -430.420624
v 0.985551 -61.219002 -430.222260
v 10.479825 -14.133442 -482.301453
v 12.451074 -14.404167 -482.099243
v -0.985203 -115.931778 -494.730408
v 0.985203 -116.167206 -494.481262
v 7.762625 -89.862434 -535.362305
v 9.733028 -90.097878 -535.113159
v -0.986489 -174.185760 -539.460693
v 0.986489 -174.370453 -539.190063
v 2.725420 -164.530075 -561.230530
v 4.698214 -164.716690 -560.959900
v -0.987992 -233.831284 -571.137939
v 0.987992 -233.977066 -570.865479
v 31.223875 24.836655 330.063019
v 32.759247 24.042149 329.057343
v 31.736061 19.067562 336.206848
v 33.158096 18.104836 335.181702
v 18.049660 1.689792 333.496552
v 19.129196 0.463654 332.342804
v 22.985844 29.668711 315.399567
v 24.495346 29.122610 314.206573
v 31.254158 32.597523 326.731262
v 32.880203 32.129589 325.664978
v 18.002487 19.147512 314.077454
v 19.176369 18.165201 312.790161
v -0.000466 2.032724 321.807343
v 0.000466 0.610727 320.400970
v -0.000426 -5.625389 330.794220
v 0.000426 -7.146688 329.495880
v -18.049660 1.689792 333.496552
v -19.129196 0.463654 332.342804
v 8.856601 31.336546 300.794342
v 10.272079 30.413363 299.724701
v 12.241644 42.084560 304.161011
v 14.048487 41.792362 303.354797
v -0.000479 15.071621 312.351654
v 0.000479 13.780661 310.824127
v -18.002487 19.147511 314.077454
v -19.176369 18.165203 312.790161
v -31.223875 24.836655 330.063019
v -32.759247 24.042149 329.057343
v -31.736061 19.067562 336.206848
v -33.158096 18.104836 335.181702
v -22.985847 29.668713 315.399567
v -24.495342 29.122608 314.206573
v -31.254158 32.597523 326.731262
v -32.880203 32.129589 325.664978
v -8.856602 31.336546 300.794342
v -10.272079 30.413363 299.724701
v -12.241644 42.084560 304.161011
v -14.048487 41.792362 303.354797
v 0.000495 26.018444 297.348663
v -0.000495 24.399967 296.173676
v -8.679896 44.435993 274.302887
v -10.448785 43.522755 274.110504
v -8.868249 54.094906 275.896942
v -10.836205 53.744381 275.831512
v -12.222135 53.339790 246.139587
v -14.067996 52.627441 246.431763
v 8.679895 44.435993 274.302887
v 10.448784 43.522755 274.110504
v 8.868249 54.094910 275.896942
v 10.836205 53.744377 275.831512
v 12.222135 53.339790 246.139587
v 14.067996 52.627441 246.431763
v -8.766249 43.627399 244.729630
v -10.362432 42.459293 245.025803
v 0.000489 37.421204 272.700073
v -0.000489 35.461937 272.298462
v 8.766247 43.627399 244.729630
v 10.362432 42.459293 245.025803
v 0.000488 35.402088 243.108017
v -0.000488 33.437412 243.482254
v 0.000287 29.765564 224.466003
v -0.000287 27.766697 224.533264
v 22.987762 79.424454 503.856171
v 22.988770 80.365051 505.621185
v -22.988703 79.424393 503.856201
v -22.987829 80.365112 505.621155
v -22.988262 44.096245 523.463074
v -22.988262 45.205605 525.127258
v 22.987810 97.721207 494.547791
v 22.988722 99.197479 495.897095
v 22.987766 44.096340 523.463013
v 22.988758 45.205509 525.127319
v -22.988266 97.721336 494.547638
v -22.988266 99.197350 495.897247
v -22.988554 11.077336 549.584595
v -22.987967 12.350451 551.127075
v 22.988268 106.377678 473.023987
v 22.988268 108.343605 473.391602
v 22.987967 11.077336 549.584595
v 22.988554 12.350451 551.127075
v -22.988672 106.377724 473.023773
v -22.987864 108.343559 473.391815
v -22.988758 -10.741632 568.406494
v -22.987755 -9.788645 570.164795
v 22.987766 105.767731 431.780396
v 22.988770 107.746277 431.488281
v 22.987942 -10.741542 568.406433
v 22.988571 -9.788735 570.164856
v -22.988268 105.767738 431.780487
v -22.988268 107.746269 431.488190
v -22.988735 -16.011129 570.018433
v -22.987778 -16.375532 571.984985
v 22.987860 95.071060 394.394348
v 22.988676 96.873520 393.527649
v 22.987778 -16.011127 570.018433
v 22.988735 -16.375534 571.984985
v -22.988672 95.071060 394.394348
v -22.987864 96.873520 393.527649
v -22.988661 -19.908298 566.982178
v -22.987856 -21.526676 568.157227
v 22.988264 73.705879 364.362946
v 22.988264 75.163292 362.993256
v 22.987844 -19.908293 566.982178
v 22.988672 -21.526682 568.157227
v -22.988762 73.705826 364.362854
v -22.987766 75.163345 362.993347
v -22.988592 -32.300472 531.312134
v -22.987921 -33.978680 532.400024
v 22.987780 43.749798 340.091980
v 22.988745 44.553646 338.260620
v 22.987923 -32.300472 531.312134
v 22.988590 -33.978680 532.400024
v -22.988529 43.749668 340.091919
v -22.987995 44.553776 338.260681
v -22.988255 -63.678642 501.752533
v -22.988255 -65.205223 503.044647
v 22.987907 4.529071 334.283264
v 22.988613 4.516330 332.283325
v 22.987904 -63.678654 501.752533
v 22.988605 -65.205215 503.044647
v -22.988764 4.529049 334.283264
v -22.987757 4.516352 332.283325
v -22.988253 -85.211746 469.548981
v -22.988253 -87.059509 470.314362
v 22.987789 -32.387970 340.246765
v 22.988724 -33.127876 338.388672
v 22.987900 -85.211716 469.549072
v 22.988605 -87.059540 470.314270
v -22.988621 -32.387978 340.246765
v -22.987892 -33.127869 338.388672
v -22.988728 -92.753433 431.634796
v -22.987778 -94.753433 431.633820
v 22.988255 -63.731888 361.574158
v 22.988255 -65.151932 360.165833
v 22.987774 -92.753433 431.634796
v 22.988731 -94.753433 431.633820
v -22.988617 -63.731880 361.574158
v -22.987892 -65.151939 360.165833
v -22.988707 -85.211693 393.719482
v -22.987799 -87.059547 392.954346
v 22.988253 -85.211746 393.719604
v 22.988253 -87.059494 392.954224
v 31.447584 145.799240 -211.336365
v 31.447582 131.729568 -209.857849
v 21.408365 152.424713 -211.711578
v 19.905779 150.946396 -211.568039
v 31.234699 127.592621 -209.476181
v 19.730495 116.315651 -208.837540
v 17.743050 118.751938 -209.048615
v 1.606000 156.501724 -211.977905
v 17.923376 154.378693 -211.857651
v 0.999982 152.833374 -211.696472
v 17.366982 114.545654 -208.725433
v 0.999983 109.370514 -208.432373
v -0.999982 152.833374 -211.696472
v -0.999983 109.370514 -208.432373
v -17.366982 114.545654 -208.725433
v -17.743050 118.751938 -209.048615
v -17.923376 154.378693 -211.857651
v -1.606000 156.501724 -211.977905
v -19.905779 150.946396 -211.568039
v -19.730495 116.315651 -208.837540
v -31.234699 127.592621 -209.476181
v -21.408365 152.424713 -211.711578
v -31.447582 131.729568 -209.857849
v -31.447584 145.799240 -211.336365
v 14.876480 219.882309 -166.648727
v 0.999260 211.684021 -170.859436
v 0.999261 221.366531 -165.154404
v 3.313241 210.949707 -171.314713
v 17.555748 219.363815 -166.993164
v 29.561911 210.949722 -171.314713
v -14.876480 219.882309 -166.648727
v -0.999261 221.366531 -165.154404
v -0.999260 211.684021 -170.859436
v -3.313241 210.949707 -171.314713
v -29.561911 210.949722 -171.314713
v -17.555748 219.363815 -166.993164
v 31.594696 156.383179 -191.201431
v 31.594696 147.327209 -210.530823
v 20.374315 154.732208 -210.950180
v 18.782993 155.443237 -210.167145
v 2.069901 158.216553 -189.608139
v 30.720388 157.199722 -189.156403
v 0.991622 157.615936 -211.062103
v 0.991622 158.183868 -191.445892
v 16.843315 155.553497 -210.945282
v 3.154286 159.096603 -188.015747
v 31.447638 174.231339 -176.062988
v 31.447638 158.092453 -187.569656
v -0.991622 157.615936 -211.062103
v -16.843315 155.553497 -210.945282
v -0.991622 158.183868 -191.445892
v -2.069901 158.216553 -189.608139
v -18.782993 155.443237 -210.167145
v -30.720388 157.199722 -189.156403
v -31.594696 156.383179 -191.201431
v -20.374315 154.732208 -210.950180
v -31.594696 147.327209 -210.530823
v -31.447638 174.231339 -176.062988
v -3.154286 159.096603 -188.015747
v -31.447638 158.092453 -187.569656
v 29.200081 174.964218 -175.560928
v 1.000000 159.879364 -187.474304
v 1.000000 174.952332 -175.588257
v -1.000000 159.879364 -187.474304
v -29.200081 174.964218 -175.560928
v -1.000000 174.952332 -175.588257
v 1.000000 189.637268 -170.417114
v 28.216579 176.699371 -174.631454
v 1.000000 176.687897 -174.657822
v -28.216579 176.699371 -174.631454
v -1.000000 189.637268 -170.417114
v -1.000000 176.687897 -174.657822
v 4.201053 190.242264 -170.222137
v 31.447081 190.365585 -170.230408
v 31.447081 177.290375 -174.441040
v -4.201053 190.242264 -170.222137
v -31.447081 177.290375 -174.441040
v -31.447081 190.365585 -170.230408
v 1.000000 208.332047 -171.601501
v 28.760241 192.300491 -170.020935
v 1.000000 192.174866 -170.012497
v -28.760241 192.300491 -170.020935
v -1.000000 208.332047 -171.601501
v -1.000000 192.174866 -170.012497
v 31.447079 193.050079 -170.094559
v 3.715622 209.065002 -171.673477
v 31.447079 209.065018 -171.673462
v -3.715622 209.065002 -171.673477
v -31.447079 193.050079 -170.094559
v -31.447079 209.065018 -171.673462
v 2.956268 101.054794 475.311584
v 29.889666 101.860359 475.504913
v 17.570311 109.051933 483.765594
v 31.449057 102.794052 476.393524
v 31.449057 105.384689 478.974609
v 23.132793 107.648773 481.969971
v 0.999769 111.236656 486.728271
v 0.999769 101.694893 476.079041
v 15.306034 109.523605 484.355011
v -0.999769 111.236656 486.728271
v -15.306034 109.523605 484.355011
v -0.999769 101.694893 476.079041
v -2.956268 101.054794 475.311584
v -17.570311 109.051933 483.765594
v -29.889666 101.860359 475.504913
v -31.449057 102.794052 476.393524
v -23.132793 107.648773 481.969971
v -31.449057 105.384689 478.974609
v 21.988260 5.341572 510.003540
v 21.988256 -21.910175 504.582855
v -19.685776 5.341572 510.003540
v -21.988260 4.489635 509.834076
v 19.685772 -22.762112 504.413391
v -21.988256 -22.762112 504.413391
v -21.988262 34.554905 504.582855
v 19.685778 7.303143 510.003540
v -21.988260 7.303143 510.003540
v -19.685774 -24.574368 503.662720
v 21.988256 -24.574368 503.662720
v 21.988255 -47.677303 488.225861
v 21.988260 8.155080 509.834076
v -19.685780 35.406841 504.413391
v 21.988262 35.406841 504.413391
v -21.988256 -25.296606 503.180145
v 19.685772 -48.399540 487.743286
v -21.988255 -48.399540 487.743286
v -21.988264 60.322029 488.225861
v 19.685778 37.219097 503.662720
v -21.988262 37.219097 503.662720
v -19.685776 -49.786579 486.356232
v 21.988255 -49.786579 486.356232
v 21.988255 -65.223450 463.253265
v 21.988262 37.941334 503.180145
v -19.685780 61.044266 487.743286
v 21.988264 61.044266 487.743286
v -21.988255 -50.269161 485.634003
v 19.685776 -65.706032 462.531036
v -21.988255 -65.706032 462.531036
v -21.988266 77.868187 463.253265
v 19.685785 62.431305 486.356232
v -21.988264 62.431305 486.356232
v 21.988255 -66.456696 460.718781
v 21.988255 -71.877411 433.467041
v -19.685770 -66.456696 460.718781
v -19.685787 78.350769 462.531036
v 21.988266 78.350769 462.531036
v 21.988264 62.913891 485.634003
v -21.988255 -66.626152 459.866821
v 19.685770 -72.046867 432.615082
v -21.988255 -72.046867 432.615082
v -21.988266 84.522141 433.467072
v 19.685780 79.101433 460.718781
v -21.988266 79.101433 460.718781
v 21.988255 -72.046867 430.653534
v 21.988255 -66.626152 403.401794
v -19.685770 -72.046867 430.653534
v 21.988266 84.691605 432.615112
v 21.988266 79.270897 459.866821
v -19.685780 84.691605 432.615112
v -21.988255 -71.877403 429.801575
v 19.685770 -66.456688 402.549835
v -21.988255 -66.456688 402.549835
v -21.988266 79.270889 403.401794
v 19.685783 84.691605 430.653564
v -21.988266 84.691605 430.653564
v 21.988255 -50.269157 377.634613
v -19.685776 -65.706024 400.737579
v 21.988255 -65.706024 400.737579
v 21.988266 79.101433 402.549835
v 21.988266 84.522148 429.801605
v -19.685783 79.101433 402.549835
v -21.988255 -65.223442 400.015350
v 19.685776 -49.786575 376.912384
v -21.988255 -49.786575 376.912384
v -21.988264 62.913898 377.634644
v 19.685783 78.350769 400.737579
v -21.988266 78.350769 400.737579
v 21.988256 -25.296602 360.088501
v -19.685770 -48.399536 375.525330
v 21.988255 -48.399536 375.525330
v -19.685783 62.431313 376.912415
v 21.988264 62.431313 376.912415
v 21.988266 77.868187 400.015350
v 19.685772 -24.574364 359.605927
v -21.988256 -24.574364 359.605927
v -21.988255 -47.677299 375.042755
v 19.685780 61.044273 375.525360
v -21.988264 61.044273 375.525360
v -21.988262 37.941353 360.088501
v 21.988260 4.489654 353.434570
v -19.685774 -22.762108 358.855255
v 21.988256 -22.762108 358.855255
v 21.988264 60.322037 375.042786
v -19.685778 37.219116 359.605927
v 21.988262 37.219116 359.605927
v 19.685778 5.341591 353.265106
v -21.988260 5.341591 353.265106
v -21.988256 -21.910172 358.685791
v 19.685780 35.406860 358.855255
v -21.988262 35.406860 358.855255
v -21.988260 8.155099 353.434570
v 21.988262 34.554924 358.685791
v -19.685778 7.303162 353.265106
v 21.988260 7.303162 353.265106
v -20.137613 192.523117 -214.206024
v -11.353708 190.990845 -219.373306
v -19.704990 178.979828 -220.636368
v -1.872047 187.786880 -233.200516
v -18.584675 178.182526 -222.040543
v -9.891851 190.684769 -220.725830
v -2.000535 186.273376 -234.505005
v -19.180233 162.365738 -236.833328
v -19.752384 176.071808 -222.651093
v -0.627215 186.863495 -236.225159
v -0.627215 163.646713 -294.267090
v -18.968742 161.339035 -238.710953
v -18.002865 139.826889 -284.303589
v -19.225166 159.753372 -241.375168
v -1.067362 162.037933 -296.374817
v -0.796781 161.446915 -298.329742
v -15.974260 104.768440 -352.918976
v -17.951534 138.948334 -286.102264
v -15.645224 103.142838 -356.839447
v -0.550859 159.510941 -302.549164
v -0.550860 121.349220 -371.154510
v -0.546035 69.220680 -436.270203
v -15.638060 102.034409 -358.507263
v -0.546034 120.237976 -372.820099
v -13.280536 51.246845 -432.056274
v -15.574422 97.910721 -364.007080
v -0.791151 65.768303 -440.179138
v -0.628032 2.955692 -492.034576
v -13.089333 50.060154 -433.649811
v -0.628031 64.548958 -441.754395
v -12.942743 43.531986 -439.242859
v -0.852762 -2.168863 -495.887878
v -10.896422 -8.717992 -485.605286
v -0.739231 -3.738121 -497.140381
v -8.419595 -80.642380 -530.360291
v -10.843895 -10.327029 -486.795349
v -7.869948 -89.083290 -535.491760
v -0.810029 -18.391569 -504.955475
v -0.810025 -89.445457 -541.422241
v -0.781382 -91.375832 -542.192078
v -0.781386 -150.572281 -557.927917
v -7.817164 -91.014893 -536.281860
v -5.215536 -128.092407 -548.763428
v -1.062612 -163.246597 -561.540161
v -2.824756 -163.528366 -561.038940
v -0.957258 -198.107193 -566.175781
v -2.706269 -165.461517 -561.507751
v -0.957224 -165.181839 -562.005249
v 20.137613 192.523117 -214.206024
v 19.704990 178.979828 -220.636368
v 11.353708 190.990845 -219.373306
v 1.872047 187.786880 -233.200516
v 9.891851 190.684769 -220.725830
v 18.584675 178.182526 -222.040543
v 2.000535 186.273376 -234.505005
v 19.752384 176.071808 -222.651093
v 19.180233 162.365738 -236.833328
v 0.627215 163.646713 -294.267090
v 0.627215 186.863495 -236.225159
v 18.968742 161.339035 -238.710953
v 18.002865 139.826889 -284.303589
v 1.067362 162.037933 -296.374817
v 19.225166 159.753372 -241.375168
v 15.974260 104.768440 -352.918976
v 0.796781 161.446915 -298.329742
v 17.951534 138.948334 -286.102264
v 0.550859 159.510941 -302.549164
v 15.645224 103.142838 -356.839447
v 0.550860 121.349220 -371.154510
v 0.546035 69.220680 -436.270203
v 0.546034 120.237976 -372.820099
v 15.638060 102.034409 -358.507263
v 15.574422 97.910721 -364.007080
v 13.280536 51.246845 -432.056274
v 0.791151 65.768303 -440.179138
v 0.628032 2.955692 -492.034576
v 0.628031 64.548958 -441.754395
v 13.089333 50.060154 -433.649811
v 12.942743 43.531986 -439.242859
v 10.896422 -8.717992 -485.605286
v 0.852762 -2.168863 -495.887878
v 8.419595 -80.642380 -530.360291
v 0.739231 -3.738121 -497.140381
v 10.843895 -10.327029 -486.795349
v 0.810029 -18.391569 -504.955475
v 7.869948 -89.083290 -535.491760
v 0.810025 -89.445457 -541.422241
v 7.817164 -91.014893 -536.281860
v 0.781386 -150.572281 -557.927917
v 0.781382 -91.375832 -542.192078
v 1.062612 -163.246597 -561.540161
v 5.215536 -128.092407 -548.763428
v 2.824756 -163.528366 -561.038940
v 0.957258 -198.107193 -566.175781
v 0.957224 -165.181839 -562.005249
v 2.706269 -165.461517 -561.507751
v 16.408276 112.919304 -207.663712
v 0.958093 103.371399 -191.139603
v 0.958093 108.034058 -207.387054
v -0.958093 103.371399 -191.139603
v -16.408276 112.919304 -207.663712
v -0.958093 108.034058 -207.387054
v 31.723688 126.493614 -208.395660
v 31.723688 122.506775 -186.498978
v 20.073193 115.073250 -207.748901
v 2.149019 103.289856 -189.487305
v 17.765066 112.940269 -206.188812
v 17.765066 108.145439 -188.548050
v 19.393290 109.154778 -188.299072
v 19.393290 113.972496 -206.024078
v 30.900948 121.314888 -185.034668
v 31.024435 120.848526 -183.090500
v 19.394415 101.301544 -165.908371
v 19.394413 108.559120 -186.389618
v 20.005653 101.081993 -163.628082
v 31.727303 120.782982 -180.945587
v 31.727303 110.868301 -157.760254
v 31.729465 97.375778 -138.420792
v 20.129608 100.210007 -161.826340
v 31.729465 109.894630 -156.019501
v 1.948846 94.786949 -165.550262
v 17.764862 106.891830 -184.791077
v 17.764862 99.653221 -164.363327
v 16.746922 107.230835 -186.700989
v 0.954316 95.143875 -167.488663
v 0.954316 102.320358 -187.650848
v 19.495670 87.002548 -140.605606
v 19.495670 98.532166 -160.262665
v 31.046297 95.709969 -136.956451
v 20.004522 86.012794 -138.965347
v 31.625452 94.773209 -135.293976
v 31.625452 73.985985 -120.552719
v 16.795284 98.512894 -162.627243
v 0.956936 82.044876 -144.047531
v 0.956935 93.639755 -163.815857
v 1.923356 81.249321 -142.111694
v 17.761703 97.717339 -160.691406
v 17.761703 86.122459 -140.923096
v -0.954316 95.143875 -167.488663
v -16.746922 107.230835 -186.700989
v -0.954316 102.320358 -187.650848
v -17.765066 112.940269 -206.188812
v -2.149019 103.289856 -189.487305
v -17.765066 108.145439 -188.548050
v -30.900948 121.314888 -185.034668
v -19.393290 113.972496 -206.024078
v -19.393290 109.154778 -188.299072
v -31.723688 122.506775 -186.498978
v -31.723688 126.493614 -208.395660
v -20.073193 115.073250 -207.748901
v -17.764862 106.891830 -184.791077
v -1.948846 94.786949 -165.550262
v -17.764862 99.653221 -164.363327
v -19.394415 101.301544 -165.908371
v -31.024435 120.848526 -183.090500
v -19.394413 108.559120 -186.389618
v -0.956936 82.044876 -144.047531
v -16.795284 98.512894 -162.627243
v -0.956935 93.639755 -163.815857
v -31.727303 120.782982 -180.945587
v -20.005653 101.081993 -163.628082
v -31.727303 110.868301 -157.760254
v -31.729465 97.375778 -138.420792
v -31.729465 109.894630 -156.019501
v -20.129608 100.210007 -161.826340
v -19.495670 98.532166 -160.262665
v -19.495670 87.002548 -140.605606
v -31.046297 95.709969 -136.956451
v -17.761703 97.717339 -160.691406
v -1.923356 81.249321 -142.111694
v -17.761703 86.122459 -140.923096
v -31.625452 73.985985 -120.552719
v -31.625452 94.773209 -135.293976
v -20.004522 86.012794 -138.965347
v -17.747337 84.795822 -139.446075
v -1.991745 79.948143 -140.628479
v -17.747337 69.469986 -127.923965
v -30.757109 72.012054 -119.830101
v -19.559175 83.601097 -137.572525
v -19.559175 68.749252 -126.406761
v -19.555132 43.836666 -115.022087
v -31.035713 70.376808 -118.654099
v -19.555130 67.031647 -125.396767
v -31.484900 67.114899 -117.306816
v -19.815100 40.137325 -113.614937
v -31.484901 23.519590 -105.819122
v -31.169292 20.524527 -105.232826
v -19.654222 36.921928 -112.925278
v -19.654222 10.331285 -107.636635
v -1.735272 64.371544 -127.052826
v -17.725845 42.948357 -115.356331
v -17.725845 66.642509 -125.954277
v -0.989435 78.435211 -139.626770
v -0.989435 65.922470 -128.190216
v -16.493488 68.124336 -127.125092
v -1.734703 38.983711 -113.695374
v -17.718639 11.913424 -108.311333
v -17.718639 38.983711 -113.695374
v -16.868017 40.842205 -114.369644
v -1.000000 62.101196 -125.976494
v -1.000000 40.842205 -114.369644
v -17.194939 8.878710 -107.760452
v -0.998999 36.308044 -113.215904
v -0.998999 4.602528 -107.760460
v 0.998999 36.308044 -113.215904
v 17.194939 8.878710 -107.760452
v 0.998999 4.602528 -107.760460
v 17.718639 11.913424 -108.311333
v 1.734703 38.983711 -113.695374
v 17.718639 38.983711 -113.695374
v 1.000000 62.101196 -125.976494
v 16.868017 40.842205 -114.369644
v 1.000000 40.842205 -114.369644
v 31.169292 20.524527 -105.232826
v 19.654222 10.331285 -107.636635
v 19.654222 36.921928 -112.925278
v 19.815100 40.137325 -113.614937
v 31.484900 67.114899 -117.306816
v 31.484901 23.519590 -105.819122
v 17.725845 42.948357 -115.356331
v 1.735272 64.371544 -127.052826
v 17.725845 66.642509 -125.954277
v 31.035713 70.376808 -118.654099
v 19.555132 43.836666 -115.022087
v 19.555130 67.031647 -125.396767
v 0.989435 78.435211 -139.626770
v 16.493488 68.124336 -127.125092
v 0.989435 65.922470 -128.190216
v 19.559175 83.601097 -137.572525
v 30.757109 72.012054 -119.830101
v 19.559175 68.749252 -126.406761
v 17.747337 84.795822 -139.446075
v 17.747337 69.469986 -127.923965
v 1.991745 79.948143 -140.628479
v -21.162970 203.689575 -165.426987
v -11.243098 192.180405 -217.847641
v -20.101183 193.725601 -212.636719
v -9.973998 193.018417 -213.802658
v -21.232920 206.081177 -154.305954
v -1.155418 206.123428 -154.274658
v -0.999890 203.338562 -166.862274
v -0.999887 188.907104 -231.744751
v -8.811617 191.729797 -219.593719
v 21.162970 203.689575 -165.426987
v 20.101183 193.725601 -212.636719
v 11.243098 192.180405 -217.847641
v 9.973998 193.018417 -213.802658
v 1.155418 206.123428 -154.274658
v 21.232920 206.081177 -154.305954
v 0.999887 188.907104 -231.744751
v 0.999890 203.338562 -166.862274
v 8.811617 191.729797 -219.593719
v 2.496334 17.420502 336.828247
v 18.482771 2.534289 333.207886
v 30.400000 17.591993 335.593994
v 16.804466 1.406558 332.948273
v 0.999398 16.123884 336.527557
v 0.999398 -4.938416 330.589233
v -0.999398 16.123884 336.527557
v -16.804466 1.406558 332.948273
v -0.999398 -4.938416 330.589233
v -18.482771 2.534289 333.207886
v -2.496334 17.420502 336.828247
v -30.400000 17.591993 335.593994
v 29.996655 19.470459 336.240173
v 0.999100 44.964397 350.012024
v 0.999100 19.292242 337.522827
v -0.999100 44.964397 350.012024
v -29.996655 19.470459 336.240173
v -0.999100 19.292242 337.522827
v 2.329168 46.335915 350.614502
v 31.448032 20.735323 336.785034
v 31.448032 47.879295 349.948792
v -2.329168 46.335915 350.614502
v -31.448032 47.879295 349.948792
v -31.448032 20.735323 336.785034
v 30.230917 49.473942 351.065155
v 0.998657 72.755302 373.066895
v 0.998657 47.924549 351.733459
v -0.998657 72.755302 373.066895
v -30.230917 49.473942 351.065155
v -0.998657 47.924549 351.733459
v 2.213743 74.012352 374.111328
v 31.447397 50.729881 352.108551
v 31.447397 75.077354 374.078217
v -2.213743 74.012352 374.111328
v -31.447397 75.077354 374.078217
v -31.447397 50.729881 352.108551
v 31.447601 95.385086 409.794800
v 2.013106 75.235245 375.654999
v 31.447601 76.307564 375.621674
v -2.013106 75.235245 375.654999
v -31.447601 95.385086 409.794800
v -31.447601 76.307564 375.621674
v 0.998963 76.160675 377.413757
v 30.463810 96.331291 411.588776
v 0.998963 95.196289 412.312378
v -30.463810 96.331291 411.588776
v -0.998963 76.160675 377.413757
v -0.998963 95.196289 412.312378
v 31.447977 103.510078 447.432892
v 2.145133 95.906357 414.144623
v 31.447977 97.035118 413.424988
v -2.145133 95.906357 414.144623
v -31.447977 103.510078 447.432892
v -31.447977 97.035118 413.424988
v 0.998474 96.165825 415.858307
v 30.253077 103.757027 449.091766
v 0.998473 102.115761 449.107941
v -30.253077 103.757027 449.091766
v -0.998474 96.165825 415.858307
v -0.998473 102.115761 449.107941
v 0.998442 102.212799 451.089233
v 29.463337 103.809761 451.073486
v 0.998442 100.510056 472.543732
v -0.998442 100.510056 472.543732
v -29.463337 103.809761 451.073486
v -0.998442 102.212799 451.089233
v 31.447544 103.799278 452.078247
v 31.447544 101.347778 473.780914
v 2.945798 100.495300 473.576324
v -31.447544 103.799278 452.078247
v -2.945798 100.495300 473.576324
v -31.447544 101.347778 473.780914
v -6.717165 42.297546 -144.263077
v -17.736031 19.305347 -125.930511
v -18.315939 49.329773 -137.081757
v -16.844107 16.884918 -125.555992
v -5.814403 39.899738 -143.906586
v -1.021895 18.672241 -136.965744
v -13.844998 74.635796 -160.011063
v -6.621200 44.015026 -145.289780
v -18.228195 51.052235 -138.103363
v -18.638042 57.008167 -141.611404
v -18.983055 82.472832 -156.754944
v -14.711926 78.132431 -161.234558
v -18.928352 83.850876 -158.185989
v -17.596907 95.718765 -179.095688
v -14.701114 79.555077 -162.619568
v -18.181730 99.898506 -182.869949
v -19.242462 90.443642 -166.211685
v -19.214956 102.748161 -181.394806
v -19.177162 103.413094 -183.292877
v -18.832012 104.959389 -205.086151
v -18.168625 100.631531 -184.732773
v 17.736031 19.305347 -125.930511
v 6.717165 42.297546 -144.263077
v 18.315939 49.329773 -137.081757
v 5.814403 39.899738 -143.906586
v 16.844107 16.884918 -125.555992
v 1.021895 18.672241 -136.965744
v 13.844998 74.635796 -160.011063
v 18.228195 51.052235 -138.103363
v 6.621200 44.015026 -145.289780
v 18.638042 57.008167 -141.611404
v 14.711926 78.132431 -161.234558
v 18.983055 82.472832 -156.754944
v 17.596907 95.718765 -179.095688
v 18.928352 83.850876 -158.185989
v 14.701114 79.555077 -162.619568
v 19.242462 90.443642 -166.211685
v 18.181730 99.898506 -182.869949
v 19.214956 102.748161 -181.394806
v 19.177162 103.413094 -183.292877
v 18.168625 100.631531 -184.732773
v 18.832012 104.959389 -205.086151
v 15.946581 223.717148 -134.656235
v 0.988666 222.666107 -160.826431
v 0.988666 226.085693 -134.039627
v -0.988666 222.666107 -160.826431
v -15.946581 223.717148 -134.656235
v -0.988666 226.085693 -134.039627
v 1.615452 222.267044 -163.705429
v 16.610359 223.320679 -137.470505
v 16.610359 220.663300 -165.320099
v 31.156391 214.382309 -140.411163
v 18.452248 220.239853 -163.144287
v 18.452248 222.910629 -135.154297
v 18.909929 219.665192 -165.841339
v 31.611162 213.808990 -143.113419
v 31.611162 210.763992 -170.413071
v -16.610359 223.320679 -137.470505
v -1.615452 222.267044 -163.705429
v -16.610359 220.663300 -165.320099
v -18.452248 220.239853 -163.144287
v -31.156391 214.382309 -140.411163
v -18.452248 222.910629 -135.154297
v -31.611162 213.808990 -143.113419
v -18.909929 219.665192 -165.841339
v -31.611162 210.763992 -170.413071
v 31.465876 213.360977 160.511398
v 18.437206 229.630585 70.604385
v 18.437210 221.991608 161.776901
v 18.570560 230.463364 59.747406
v 31.609993 214.180328 149.728653
v 31.609983 222.215652 56.194714
v 18.582569 221.619019 163.741501
v 31.615822 193.908752 259.619751
v 31.615824 212.985352 162.475555
v 1.150517 233.640717 62.269211
v 16.619387 223.584610 151.389053
v 16.619387 231.230194 60.137493
v 31.473522 191.704071 271.235992
v 18.446093 219.401947 175.400620
v 18.446096 199.781433 273.700256
v 18.595360 199.187057 275.606201
v 31.607935 162.300888 362.870544
v 31.607935 191.118912 273.144775
v 16.443674 222.735992 161.937653
v 0.985439 232.785187 72.879066
v 0.985435 225.323547 163.014816
v 1.145491 225.018265 164.983017
v 16.621206 202.779724 262.342285
v 16.621201 222.427795 163.904633
v -0.985435 225.323547 163.014816
v -0.985439 232.785187 72.879066
v -16.443674 222.735992 161.937653
v -16.619387 223.584610 151.389053
v -1.150517 233.640717 62.269211
v -16.619387 231.230194 60.137493
v -18.437206 229.630585 70.604385
v -31.465876 213.360977 160.511398
v -18.437210 221.991608 161.776901
v -31.609993 214.180328 149.728653
v -18.570560 230.463364 59.747406
v -31.609983 222.215652 56.194714
v -31.615822 193.908752 259.619751
v -18.582569 221.619019 163.741501
v -31.615824 212.985352 162.475555
v -18.446093 219.401947 175.400620
v -31.473522 191.704071 271.235992
v -18.446096 199.781433 273.700256
v -16.621206 202.779724 262.342285
v -1.145491 225.018265 164.983017
v -16.621201 222.427795 163.904633
v -31.607935 162.300888 362.870544
v -18.595360 199.187057 275.606201
v -31.607935 191.118912 273.144775
v 16.460270 200.494049 273.939850
v 0.984562 222.732590 176.580521
v 0.984560 203.084534 275.018188
v -0.984560 203.084534 275.018188
v -0.984562 222.732590 176.580521
v -16.460270 200.494049 273.939850
v -18.426373 195.974411 286.098358
v -31.487532 158.950500 373.688507
v -18.426373 167.307693 377.436371
v -16.621672 171.358536 367.031464
v -1.156605 202.560394 276.941681
v -16.621675 199.971680 275.864075
v -31.627806 130.904785 448.167480
v -18.604160 166.541687 379.278259
v -31.627810 158.208496 375.541168
v 1.156605 202.560394 276.941681
v 16.621672 171.358536 367.031464
v 16.621675 199.971680 275.864075
v 31.487532 158.950500 373.688507
v 18.426373 195.974411 286.098358
v 18.426373 167.307693 377.436371
v 18.604160 166.541687 379.278259
v 31.627806 130.904785 448.167480
v 31.627810 158.208496 375.541168
v 16.449156 168.025726 377.754486
v 0.984092 199.227585 287.664734
v 0.984085 170.614426 378.832123
v -0.984085 170.614426 378.832123
v -0.984092 199.227585 287.664734
v -16.449156 168.025726 377.754486
v 31.507477 127.824318 456.706757
v 18.407501 163.670090 387.413788
v 18.407497 135.413895 464.369720
v 1.190231 169.935745 380.710724
v 16.621778 139.293808 456.053955
v 16.621775 167.352661 379.635437
v 18.381004 134.263840 465.957062
v 18.381004 112.314217 482.184753
v 31.110416 126.888939 458.510864
v 31.533543 124.368843 460.425781
v 19.155043 110.195892 483.447052
v 31.533543 106.825882 478.988586
v 16.626051 132.576660 468.239197
v 1.679397 112.640366 486.781067
v 16.626051 110.850639 484.301575
v 16.415529 136.064362 464.957764
v 0.983982 166.706299 389.614532
v 0.983985 138.647446 466.033051
v 0.987763 114.973366 485.166473
v 16.000347 134.997604 466.542816
v 0.987764 137.510544 467.588928
v -16.621778 139.293808 456.053955
v -1.190231 169.935745 380.710724
v -16.621775 167.352661 379.635437
v -0.983985 138.647446 466.033051
v -0.983982 166.706299 389.614532
v -16.415529 136.064362 464.957764
v -16.000347 134.997604 466.542816
v -0.987763 114.973366 485.166473
v -0.987764 137.510544 467.588928
v -18.407501 163.670090 387.413788
v -31.507477 127.824318 456.706757
v -18.407497 135.413895 464.369720
v -1.679397 112.640366 486.781067
v -16.626051 132.576660 468.239197
v -16.626051 110.850639 484.301575
v -18.381004 134.263840 465.957062
v -31.110416 126.888939 458.510864
v -18.381004 112.314217 482.184753
v -31.533543 124.368843 460.425781
v -31.533543 106.825882 478.988586
v -19.155043 110.195892 483.447052
v 15.370467 213.818069 -118.662376
v 0.987159 224.784698 -130.916489
v 0.987160 215.863144 -117.534149
v 2.320909 225.440552 -132.271271
v 16.617451 214.540070 -120.091072
v 16.617451 223.176727 -132.860611
v 30.547251 204.236725 -124.334999
v 18.374708 221.678635 -132.058899
v 18.374708 212.955368 -119.161331
v 19.506128 221.717163 -133.707306
v 31.660992 204.300598 -125.994621
v 31.660992 213.557571 -138.736877
v 31.677156 192.342163 -101.458702
v 31.677155 202.442673 -123.078514
v 19.043324 211.491714 -117.708786
v 18.388294 200.425049 -93.852402
v 31.006565 191.867615 -99.205070
v 18.388294 210.993561 -115.435143
v 1.785978 214.755020 -115.866547
v 16.618660 202.173523 -95.643311
v 16.618660 212.646057 -117.030022
v 31.646578 185.094131 -69.348640
v 31.646578 190.790070 -97.571739
v 18.888937 199.442032 -92.159950
v -15.370467 213.818069 -118.662376
v -0.987160 215.863144 -117.534149
v -0.987159 224.784698 -130.916489
v -16.617451 214.540070 -120.091072
v -2.320909 225.440552 -132.271271
v -16.617451 223.176727 -132.860611
v -18.374708 221.678635 -132.058899
v -30.547251 204.236725 -124.334999
v -18.374708 212.955368 -119.161331
v -31.660992 204.300598 -125.994621
v -19.506128 221.717163 -133.707306
v -31.660992 213.557571 -138.736877
v -31.677155 202.442673 -123.078514
v -31.677156 192.342163 -101.458702
v -19.043324 211.491714 -117.708786
v -18.388294 200.425049 -93.852402
v -18.388294 210.993561 -115.435143
v -31.006565 191.867615 -99.205070
v -16.618660 202.173523 -95.643311
v -1.785978 214.755020 -115.866547
v -16.618660 212.646057 -117.030022
v -31.646578 190.790070 -97.571739
v -31.646578 185.094131 -69.348640
v -18.888937 199.442032 -92.159950
v -15.787584 201.282806 -93.414413
v -0.980332 204.133392 -92.478622
v -0.980332 213.842728 -113.602974
v 15.787584 201.282806 -93.414413
v 0.980332 213.842728 -113.602974
v 0.980332 204.133392 -92.478622
v -18.434923 193.454361 -65.723091
v -18.434923 199.128281 -89.254051
v -30.929823 185.075882 -66.912537
v -16.625551 194.778793 -67.986450
v -1.759905 203.331146 -90.646782
v -16.625551 200.469315 -91.586258
v -31.616344 184.529266 -34.668453
v -18.925287 192.895569 -63.792912
v -31.616344 184.385529 -65.001030
v 1.759905 203.331146 -90.646782
v 16.625551 194.778793 -67.986450
v 16.625551 200.469315 -91.586258
v 18.434923 193.454361 -65.723091
v 30.929823 185.075882 -66.912537
v 18.434923 199.128281 -89.254051
v 31.616344 184.529266 -34.668453
v 31.616344 184.385529 -65.001030
v 18.925287 192.895569 -63.792912
v 15.835431 194.333298 -65.546471
v 0.983464 202.877792 -88.185944
v 0.983464 196.955627 -64.760521
v -15.835431 194.333298 -65.546471
v -0.983464 196.955627 -64.760521
v -0.983464 202.877792 -88.185944
v 18.467590 193.139038 -60.462914
v 18.467590 192.268326 -32.094166
v 31.017920 184.865524 -31.661404
v 1.619085 196.567581 -62.824005
v 16.621254 193.041351 -35.031681
v 16.621254 193.918732 -63.617905
v -16.621254 193.041351 -35.031681
v -1.619085 196.567581 -62.824005
v -16.621254 193.918732 -63.617905
v -18.467590 193.139038 -60.462914
v -31.017920 184.865524 -31.661404
v -18.467590 192.268326 -32.094166
v 15.910118 193.032608 -32.168583
v 0.990887 196.539337 -59.807259
v 0.990887 195.085144 -32.574158
v -0.990887 195.085144 -32.574158
v -0.990887 196.539337 -59.807259
v -15.910118 193.032608 -32.168583
v 18.468124 197.100311 -2.979920
v 30.993170 185.020142 -29.674713
v 18.468124 192.408035 -30.106602
v 0.990314 199.874435 -4.097203
v 15.917105 193.151855 -30.184406
v 0.990314 195.205444 -30.590185
v -15.917105 193.151855 -30.184406
v -0.990314 199.874435 -4.097203
v -0.990314 195.205444 -30.590185
v 16.616236 193.539627 -27.382149
v 1.642406 200.283386 -1.212738
v 16.616236 198.268463 -0.044073
v 31.553864 185.322769 -26.484392
v 19.009825 197.421265 0.250884
v 31.553865 191.364136 2.129175
v -30.993170 185.020142 -29.674713
v -18.468124 197.100311 -2.979920
v -18.468124 192.408035 -30.106602
v -1.642406 200.283386 -1.212738
v -16.616236 193.539627 -27.382149
v -16.616236 198.268463 -0.044073
v -19.009825 197.421265 0.250884
v -31.553864 185.322769 -26.484392
v -31.553865 191.364136 2.129175
v 0.988373 211.537720 27.487019
v 15.980091 198.893066 1.823031
v 0.988372 200.910385 0.652969
v -15.980091 198.893066 1.823031
v -0.988373 211.537720 27.487019
v -0.988372 200.910385 0.652969
v 18.498768 208.710464 28.275518
v 30.992767 192.213074 3.953667
v 18.498768 198.246033 2.082869
v 16.616554 199.931046 4.692477
v 1.645379 212.558380 30.321299
v 16.616554 210.501358 31.150148
v 31.503124 193.428513 7.255675
v 19.206177 209.665726 31.193932
v 31.503124 204.808563 31.007753
v 31.491806 219.944733 51.960411
v 31.491806 205.859024 32.751656
v 19.121145 210.745316 32.938950
v 18.552931 229.865463 57.824013
v 31.116840 221.918518 54.400875
v 18.552931 212.575394 35.082268
v 16.615814 228.870743 55.751995
v 16.615814 211.478149 32.875389
v 1.623284 213.538101 32.045357
v 0.998722 233.171677 60.444790
v 16.094620 230.819275 58.364471
v 0.998723 215.380920 34.494385
v -0.998722 233.171677 60.444790
v -0.998723 215.380920 34.494385
v -16.094620 230.819275 58.364471
v -1.645379 212.558380 30.321299
v -16.616554 199.931046 4.692477
v -16.616554 210.501358 31.150148
v -16.615814 228.870743 55.751995
v -1.623284 213.538101 32.045357
v -16.615814 211.478149 32.875389
v -30.992767 192.213074 3.953667
v -18.498768 208.710464 28.275518
v -18.498768 198.246033 2.082869
v -18.552931 229.865463 57.824013
v -18.552931 212.575394 35.082268
v -31.116840 221.918518 54.400875
v -19.206177 209.665726 31.193932
v -31.503124 193.428513 7.255675
v -31.503124 204.808563 31.007753
v -31.491806 219.944733 51.960411
v -19.121145 210.745316 32.938950
v -31.491806 205.859024 32.751656
v -17.496252 15.380811 -120.543983
v -1.825948 12.638719 -95.494637
v -17.866430 12.760144 -95.855888
v -0.999730 12.927387 -97.935646
v -17.105927 15.745755 -123.681778
v -0.999729 17.565159 -135.296326
v 17.105927 15.745755 -123.681778
v 0.999730 12.927387 -97.935646
v 0.999729 17.565159 -135.296326
v 1.825948 12.638719 -95.494637
v 17.496252 15.380811 -120.543983
v 17.866430 12.760144 -95.855888
v 0.955496 -3.964670 -68.896729
v 15.034261 4.044170 -61.377880
v 0.955496 -0.585424 -61.124432
v -15.034261 4.044170 -61.377880
v -0.955496 -3.964670 -68.896729
v -0.955496 -0.585424 -61.124432
v 17.759485 4.604795 -62.140072
v 3.549779 -3.478533 -69.728851
v 17.759485 0.904197 -70.223404
v 19.495949 2.274524 -69.421097
v 29.686440 14.573821 -62.369259
v 19.495949 5.893078 -61.516979
v 21.403046 3.628407 -70.504211
v 31.714499 13.346169 -71.630424
v 31.714499 16.073696 -63.368668
v 20.657780 2.670394 -72.387215
v 31.716301 13.938756 -87.568184
v 31.716301 13.092209 -73.595024
v -3.549779 -3.478533 -69.728851
v -17.759485 4.604795 -62.140072
v -17.759485 0.904197 -70.223404
v -29.686440 14.573821 -62.369259
v -19.495949 2.274524 -69.421097
v -19.495949 5.893078 -61.516979
v -21.403046 3.628407 -70.504211
v -31.714499 16.073696 -63.368668
v -31.714499 13.346169 -71.630424
v -31.716301 13.938756 -87.568184
v -20.657780 2.670394 -72.387215
v -31.716301 13.092209 -73.595024
v 30.804193 13.291431 -89.268669
v 19.486261 1.758735 -73.731583
v 19.486261 3.981162 -90.955421
v 20.833542 5.578458 -92.687241
v 31.674334 18.953341 -102.682167
v 31.674334 14.496227 -91.071602
v 30.451735 18.354103 -104.179314
v 19.459194 4.792003 -94.044479
v 19.459194 8.623410 -106.474037
v 17.756239 0.832331 -73.682724
v 2.177040 -1.355219 -91.089630
v 17.756239 3.075966 -91.070930
v 17.753736 7.341950 -105.489586
v 17.753736 3.498807 -93.021950
v 2.719568 -0.777356 -93.039986
v 0.957779 -1.920056 -89.587105
v 16.618427 0.278930 -72.089203
v 0.957779 -4.551317 -71.544151
v -16.618427 0.278930 -72.089203
v -0.957779 -1.920056 -89.587105
v -0.957779 -4.551317 -71.544151
v 0.970033 3.259348 -106.633461
v 16.006548 7.229410 -106.633453
v 0.970033 -0.891163 -94.181915
v -0.970033 3.259348 -106.633461
v -0.970033 -0.891163 -94.181915
v -16.006548 7.229410 -106.633453
v -2.177040 -1.355219 -91.089630
v -17.756239 0.832331 -73.682724
v -17.756239 3.075966 -91.070930
v -17.753736 7.341950 -105.489586
v -2.719568 -0.777356 -93.039986
v -17.753736 3.498807 -93.021950
v -19.486261 1.758735 -73.731583
v -30.804193 13.291431 -89.268669
v -19.486261 3.981162 -90.955421
v -19.459194 4.792003 -94.044479
v -30.451735 18.354103 -104.179314
v -19.459194 8.623410 -106.474037
v -31.674334 18.953341 -102.682167
v -20.833542 5.578458 -92.687241
v -31.674334 14.496227 -91.071602
v 32.447079 42.427330 -63.719074
v 32.447079 16.461369 -89.737900
v 32.447079 69.414062 -115.983917
v 32.447079 21.165310 -103.882896
v 32.447079 62.438580 -114.758705
v 32.447079 16.622913 -92.050163
v 32.447079 15.634568 -87.735077
v 32.447079 38.781689 -64.540825
v 32.447079 14.763176 -73.351830
v 32.447079 15.318304 -71.017860
v 32.447079 37.274704 -62.963326
v 32.447079 18.070782 -62.680534
v 32.447079 70.153709 -113.057137
v 32.447079 64.281197 -56.964024
v 32.447079 44.137280 -62.671459
v 32.447079 83.276962 -47.054108
v 32.447079 66.216385 -56.240562
v 32.447079 71.955185 -111.056480
v 32.447079 94.975197 -133.512482
v 32.447079 84.465317 -51.817867
v 32.447079 72.796135 -117.784195
v 32.447079 96.292603 -128.078506
v 32.447079 109.664337 -31.111568
v 32.447079 85.696129 -45.710709
v 32.447079 188.553314 -98.582451
v 32.447079 111.679512 -31.138824
v 32.447079 97.481461 -134.097870
v 32.447079 182.939392 -66.756432
v 32.447079 117.554718 -33.632706
v 32.447079 188.884079 -96.212036
v 32.447079 112.705246 -28.933979
v 32.447079 180.483276 -63.270168
v 32.447079 138.123535 -6.356950
v 32.447079 182.989044 -31.194738
v 32.447079 141.889175 -8.066612
v 32.447079 182.837936 -63.084084
v 32.447079 139.661957 -4.518370
v 32.447079 181.932846 -28.305460
v 32.447079 158.594986 26.977827
v 32.447079 190.033981 2.846448
v 32.447079 161.208115 25.930264
v 32.447079 183.672409 -27.283691
v 32.447079 203.239105 30.810307
v 32.447079 161.405807 28.334200
v 32.447079 190.781815 4.809835
v 32.447079 201.912796 32.735306
v 32.447079 164.386017 58.597198
v 32.447079 159.931931 30.250462
v 32.447079 167.362534 58.974854
v 32.447079 204.642120 33.283310
v 32.447079 219.922058 54.120663
v 32.447079 216.799225 56.417583
v 32.447079 159.339554 86.351433
v 32.447079 164.475769 61.249973
v 32.447079 159.443710 88.552292
v 32.447079 220.621048 56.681713
v 32.447079 211.856018 158.709717
v 32.447079 142.294250 155.431610
v 32.447079 158.401123 90.498444
v 32.447079 210.518753 160.261414
v 32.447079 156.396667 90.272057
v 32.447079 141.641052 149.757751
v 32.447079 138.674011 100.662704
v 32.447079 208.407486 162.116959
v 32.447079 147.903671 187.781174
v 32.447079 142.257095 157.433990
v 32.447079 136.777283 102.431793
v 32.447079 139.814987 152.696121
v 32.447079 118.755211 120.976227
v 32.447079 211.283066 163.069687
v 32.447079 190.468048 269.066467
v 32.447079 148.540863 189.683380
v 32.447079 109.698799 97.714020
v 32.447079 135.516602 100.859291
v 32.447079 117.850739 119.037201
v 30.793985 92.426399 99.312187
v 32.342392 107.520142 97.600601
v 32.342392 115.225677 117.756088
v 32.150082 105.394173 95.829483
v 30.684948 91.112175 97.449013
v 30.713282 92.580544 87.057747
v 32.447079 147.307602 191.630798
v 32.447079 186.003204 264.895355
v 32.447079 139.774857 211.911255
v 32.447079 139.178711 214.270111
v 32.447079 189.314499 271.732697
v 32.447079 118.294350 308.609894
v 32.447079 157.731049 372.050018
v 32.447079 118.290863 310.865265
v 32.447079 189.209549 274.040741
v 32.447079 134.517349 226.073349
v 32.447079 117.160126 304.480255
v 32.447079 114.345818 280.410645
v 32.447079 136.519852 214.932373
v 32.447079 114.903824 273.160736
v 32.447079 118.529915 228.284927
v 32.447079 117.022072 312.588379
v 32.447079 153.929169 369.843475
v 32.447079 107.871620 333.391174
v 32.447079 97.901192 251.798950
v 32.447079 116.328735 230.693954
v 32.447079 112.584770 277.028656
v 32.447079 115.298264 228.833298
v 32.447079 97.646446 249.049850
v 32.447079 97.426323 229.465912
v 30.641459 79.122177 230.455978
v 32.343357 95.432610 229.556763
v 32.343357 95.651497 249.030869
v 32.178524 91.388191 227.808273
v 30.801792 78.194016 228.535690
v 32.178524 79.047508 223.609940
v 30.187292 69.296127 222.835846
v 31.953791 77.100624 223.236755
v 30.653048 76.294250 227.890625
v 31.912052 76.060326 221.209534
v 30.014841 67.678329 220.778961
v 30.483797 70.780807 214.786133
v 29.405182 65.645630 220.539276
v 27.101812 59.749214 218.940262
v 29.837563 68.506134 215.013840
v 26.412327 59.063992 217.205429
v 25.572681 66.272469 205.581268
v 29.628132 69.357529 212.590027
v 32.447079 156.301147 374.271362
v 32.447079 98.136620 410.462372
v 32.447079 107.418823 335.583405
v 32.447079 126.669319 454.962433
v 32.447079 98.294060 412.719971
v 32.447079 156.063873 376.774567
v 32.447079 77.046425 374.827301
v 32.447079 105.190468 337.302063
v 32.447079 96.270088 409.262207
v 32.447079 98.783699 417.035675
v 32.447079 124.515442 455.342712
v 32.447079 104.926094 449.296875
v 32.447079 124.653877 457.478516
v 32.447079 102.505234 472.715118
v 32.447079 104.914497 451.386353
v 32.447079 102.824219 474.923218
v 32.447079 119.710762 463.306549
v 32.447079 105.867149 477.954926
v 32.447079 103.374832 336.389557
v 32.447079 78.452271 369.619537
v 32.447079 85.953339 344.821350
v 32.447079 83.808800 345.003326
v 32.447079 75.586250 372.186676
v 32.447079 59.443306 342.916901
v 32.447079 57.421654 343.392609
v 32.447079 72.104279 370.014587
v 32.447079 50.294472 350.334717
v 32.447079 55.959396 342.024963
v 32.447079 49.020134 348.784027
v 32.447079 39.592880 333.818451
v 32.447079 46.122887 347.937073
v 32.447079 21.538322 336.014557
v 32.447079 36.371361 332.456726
v 32.348530 21.638834 333.938721
v 32.101936 24.807411 330.618073
v 32.348530 31.517836 331.569153
v 32.078987 28.138327 329.075378
v 32.116661 32.086090 327.400421
v 32.305923 34.313900 329.950653
v 32.447079 143.949951 -210.168488
v 32.447079 124.337112 -187.114685
v 32.447079 128.233932 -208.516968
v 32.447079 125.127945 -184.957733
v 32.447079 146.085297 -209.591949
v 32.447079 155.756531 -188.949326
v 32.447079 153.243637 -186.604919
v 32.447079 113.346733 -159.247101
v 32.447079 123.381485 -182.713211
v 32.447079 116.701813 -159.122681
v 32.447079 157.231415 -186.914352
v 32.447079 173.479156 -175.330078
v 32.447079 114.366432 -156.376144
v 32.447079 175.243225 -173.753738
v 32.447079 200.247070 -126.102928
v 32.447079 199.453369 -131.919876
v 32.447079 177.773117 -173.236771
v 32.447079 190.481308 -169.144333
v 32.447079 190.056595 -100.436676
v 32.447079 117.234268 -153.244598
v 32.447079 200.942322 -123.737228
v 32.447079 183.562500 -102.675415
v 32.447079 97.816612 -136.113861
v 32.447079 111.304184 -155.074356
v 32.447079 193.444748 -165.384689
v 32.447079 212.377716 -139.865860
v 32.447079 202.779785 -126.654282
v 32.447079 212.213715 -143.443527
v 32.447079 193.176971 -169.102219
v 32.447079 209.175797 -170.679535
v -32.447079 38.781689 -64.540825
v -32.447079 15.634568 -87.735077
v -32.447079 14.763176 -73.351830
v -32.447079 15.318304 -71.017860
v -32.447079 18.070782 -62.680534
v -32.447079 37.274704 -62.963326
v -32.447079 16.461369 -89.737900
v -32.447079 42.427330 -63.719074
v -32.447079 69.414062 -115.983917
v -32.447079 21.165310 -103.882896
v -32.447079 16.622913 -92.050163
v -32.447079 62.438580 -114.758705
v -32.447079 70.153709 -113.057137
v -32.447079 44.137280 -62.671459
v -32.447079 64.281197 -56.964024
v -32.447079 83.276962 -47.054108
v -32.447079 71.955185 -111.056480
v -32.447079 66.216385 -56.240562
v -32.447079 84.465317 -51.817867
v -32.447079 94.975197 -133.512482
v -32.447079 72.796135 -117.784195
v -32.447079 105.693871 -32.750378
v -32.447079 96.140846 -126.898857
v -32.447079 85.693687 -45.691689
v -32.447079 188.489166 -98.607468
v -32.447079 97.418144 -134.122559
v -32.447079 107.706383 -32.728317
v -32.447079 113.603607 -34.956818
v -32.447079 182.944153 -66.780045
v -32.447079 188.917114 -96.375710
v -32.447079 178.795364 -62.675423
v -32.447079 108.706284 -30.508669
v -32.447079 127.469032 -13.792759
v -32.447079 97.816612 -136.113861
v -32.447079 183.562500 -102.675415
v -32.447079 111.304184 -155.074356
v -32.447079 131.347076 -14.724249
v -32.447079 182.988358 -31.339201
v -32.447079 182.834732 -63.760559
v -32.447079 181.963165 -28.908390
v -32.447079 129.083664 -11.895057
v -32.447079 154.050980 24.022865
v -32.447079 190.015503 2.758956
v -32.447079 183.585220 -27.696650
v -32.447079 156.755478 23.181919
v -32.447079 203.187958 30.703573
v -32.447079 190.717224 4.675025
v -32.447079 157.148438 25.287575
v -32.447079 164.765533 63.669266
v -32.447079 202.429230 32.628109
v -32.447079 155.494980 27.106857
v -32.447079 204.693649 33.353577
v -32.447079 167.785690 63.771873
v -32.447079 220.021713 54.256546
v -32.447079 200.942322 -123.737228
v -32.447079 117.234268 -153.244598
v -32.447079 190.056595 -100.436676
v -32.447079 211.932663 157.817642
v -32.447079 220.664810 56.172310
v -32.447079 165.679733 66.188408
v -32.447079 157.432953 90.693954
v -32.447079 207.383743 153.244278
v -32.447079 164.408142 68.107597
v -32.447079 142.277878 155.430450
v -32.447079 210.422501 160.254593
v -32.447079 156.826279 93.139328
v -32.447079 141.299240 150.826859
v -32.447079 154.853088 92.794128
v -32.447079 134.848404 103.186600
v -32.447079 208.407486 162.116959
v -32.447079 142.257095 157.433990
v -32.447079 147.903671 187.781174
v -32.447079 118.736328 120.947800
v -32.447079 139.462143 152.164688
v -32.447079 133.063248 104.908127
v -32.447079 211.283066 163.069687
v -32.447079 148.540863 189.683380
v -32.447079 190.468048 269.066467
v -32.447079 109.782402 97.932724
v -32.447079 117.823914 118.967026
v -32.447079 131.900650 103.207458
v -32.342392 107.520142 97.600601
v -30.793985 92.426399 99.312187
v -32.342392 115.225677 117.756088
v -30.684948 91.112175 97.449013
v -32.150082 105.394173 95.829483
v -30.713282 92.580544 87.057747
v -32.447079 186.003204 264.895355
v -32.447079 147.307602 191.630798
v -32.447079 139.774857 211.911255
v -32.447079 139.178711 214.270111
v -32.447079 118.294350 308.609894
v -32.447079 189.314499 271.732697
v -32.447079 118.290863 310.865265
v -32.447079 157.731049 372.050018
v -32.447079 189.209549 274.040741
v -32.447079 134.039230 228.233154
v -32.447079 114.155464 284.929108
v -32.447079 117.059860 304.933197
v -32.447079 114.721359 277.272247
v -32.447079 136.607269 214.867493
v -32.447079 118.531372 228.283844
v -32.447079 153.929169 369.843475
v -32.447079 117.022072 312.588379
v -32.447079 107.871620 333.391174
v -32.447079 116.338783 230.682465
v -32.447079 97.868912 251.835907
v -32.447079 112.414627 281.138519
v -32.447079 97.646446 249.049850
v -32.447079 115.298264 228.833298
v -32.447079 97.426323 229.465912
v -32.343357 95.432610 229.556763
v -30.641459 79.122177 230.455978
v -32.343357 95.651497 249.030869
v -30.801792 78.194016 228.535690
v -32.178524 91.388191 227.808273
v -32.178524 79.047508 223.609940
v -31.953791 77.100624 223.236755
v -30.187292 69.296127 222.835846
v -30.653048 76.294250 227.890625
v -30.014841 67.678329 220.778961
v -31.912052 76.060326 221.209534
v -30.483797 70.780807 214.786133
v -32.447079 156.301147 374.271362
v -32.447079 107.418823 335.583405
v -32.447079 98.136620 410.462372
v -32.447079 98.294060 412.719971
v -32.447079 126.669319 454.962433
v -32.447079 156.063873 376.774567
v -32.447079 105.190468 337.302063
v -32.447079 77.046425 374.827301
v -32.447079 96.270088 409.262207
v -32.447079 124.515442 455.342712
v -32.447079 98.783699 417.035675
v -32.447079 104.926094 449.296875
v -32.447079 124.653877 457.478516
v -32.447079 104.914497 451.386353
v -32.447079 102.505234 472.715118
v -32.447079 105.867149 477.954926
v -32.447079 119.710762 463.306549
v -32.447079 102.824219 474.923218
v -32.447079 78.452271 369.619537
v -32.447079 103.374832 336.389557
v -32.447079 85.953339 344.821350
v -32.447079 75.586250 372.186676
v -32.447079 83.808800 345.003326
v -32.447079 59.443306 342.916901
v -32.447079 50.294472 350.334717
v -32.447079 72.104279 370.014587
v -32.447079 57.421654 343.392609
v -32.447079 55.959396 342.024963
v -32.447079 39.592880 333.818451
v -32.447079 49.020134 348.784027
v -32.447079 36.371361 332.456726
v -32.447079 21.538322 336.014557
v -32.447079 46.122887 347.937073
v -32.348530 21.638834 333.938721
v -32.348530 31.517836 331.569153
v -32.101936 24.807411 330.618073
v -32.078987 28.138327 329.075378
v -32.305923 34.313900 329.950653
v -32.116661 32.086090 327.400421
v -32.447079 146.085297 -209.591949
v -32.447079 125.127945 -184.957733
v -32.447079 155.756531 -188.949326
v -32.447079 124.337112 -187.114685
v -32.447079 143.949951 -210.168488
v -32.447079 128.233932 -208.516968
v -32.447079 113.346733 -159.247101
v -32.447079 153.243637 -186.604919
v -32.447079 123.381485 -182.713211
v -32.447079 157.231415 -186.914352
v -32.447079 116.701813 -159.122681
v -32.447079 173.479156 -175.330078
v -32.447079 114.366432 -156.376144
v -32.447079 200.247070 -126.102928
v -32.447079 175.243225 -173.753738
v -32.447079 177.773117 -173.236771
v -32.447079 199.453369 -131.919876
v -32.447079 190.481308 -169.144333
v -32.447079 212.377716 -139.865860
v -32.447079 193.444748 -165.384689
v -32.447079 202.779785 -126.654282
v -32.447079 193.176971 -169.102219
v -32.447079 212.213715 -143.443527
v -32.447079 209.175797 -170.679535
v -9.789393 -60.367313 -515.714355
v -11.442934 -14.300710 -483.443665
v -11.469477 -11.637594 -485.523041
v -12.961452 20.056362 -443.076447
v -11.529305 -10.089163 -484.195648
v -11.501938 -12.834915 -482.051727
v -11.781255 -3.539634 -478.644440
v -13.767142 38.261673 -421.626434
v -13.821045 48.543598 -432.429962
v -13.824710 39.561111 -420.091980
v -16.094629 94.933304 -365.170349
v -13.878674 49.854717 -430.907745
v -16.354622 100.072800 -357.255737
v -13.982044 42.196388 -414.661224
v -16.050220 78.940704 -346.113678
v -16.107868 80.196419 -344.515594
v -18.355419 134.908066 -289.979980
v -16.412069 101.314590 -355.650330
v -18.482178 136.790558 -285.279694
v -16.175364 80.636292 -341.253265
v -17.828430 100.927643 -274.206665
v -17.897959 102.732666 -272.671387
v -19.776194 158.233261 -240.301392
v -18.543295 138.134064 -283.601929
v -19.813055 158.125015 -238.049225
v -17.896675 101.497238 -271.076660
v -18.938009 107.707993 -219.967850
v -19.073166 113.353111 -219.868301
v -20.464867 174.067520 -222.335571
v -19.886440 160.211197 -236.673309
v -20.455627 172.135849 -220.255768
v -18.980928 107.800491 -217.641342
v -19.521603 105.378212 -183.502258
v -22.365770 204.528198 -154.860580
v -20.547709 175.860886 -220.024323
v -19.582573 106.879730 -182.046661
v -20.617529 178.332489 -219.372269
v -22.202339 203.321899 -162.568771
v -21.079067 192.780991 -212.512131
v -19.557272 104.614410 -180.601425
v -19.598915 85.986847 -157.616013
v -22.224007 198.176819 -154.552948
v -19.200525 55.214390 -138.428864
v -22.096169 191.167618 -152.743881
v -19.593201 84.196930 -155.664444
v -18.923397 15.821398 -96.882004
v -22.227224 195.865158 -151.227753
v -19.147469 51.267685 -136.002563
v -18.482216 16.675571 -123.222687
v -18.863008 13.979778 -97.826851
v -19.073603 47.294273 -134.594650
v 9.789393 -60.367313 -515.714355
v 11.469477 -11.637594 -485.523041
v 11.442934 -14.300710 -483.443665
v 11.529305 -10.089163 -484.195648
v 12.961452 20.056362 -443.076447
v 11.501938 -12.834915 -482.051727
v 13.767142 38.261673 -421.626434
v 11.781255 -3.539634 -478.644440
v 13.821045 48.543598 -432.429962
v 13.878674 49.854717 -430.907745
v 16.094629 94.933304 -365.170349
v 13.824710 39.561111 -420.091980
v 13.982044 42.196388 -414.661224
v 16.354622 100.072800 -357.255737
v 16.050220 78.940704 -346.113678
v 16.412069 101.314590 -355.650330
v 18.355419 134.908066 -289.979980
v 16.107868 80.196419 -344.515594
v 18.482178 136.790558 -285.279694
v 17.828430 100.927643 -274.206665
v 16.175364 80.636292 -341.253265
v 17.897959 102.732666 -272.671387
v 18.543295 138.134064 -283.601929
v 19.776194 158.233261 -240.301392
v 19.813055 158.125015 -238.049225
v 18.938009 107.707993 -219.967850
v 17.896675 101.497238 -271.076660
v 20.464867 174.067520 -222.335571
v 19.073166 113.353111 -219.868301
v 19.886440 160.211197 -236.673309
v 20.455627 172.135849 -220.255768
v 19.521603 105.378212 -183.502258
v 18.980928 107.800491 -217.641342
v 22.365770 204.528198 -154.860580
v 19.582573 106.879730 -182.046661
v 20.547709 175.860886 -220.024323
v 20.617529 178.332489 -219.372269
v 21.079067 192.780991 -212.512131
v 22.202339 203.321899 -162.568771
v 19.557272 104.614410 -180.601425
v 22.224007 198.176819 -154.552948
v 19.598915 85.986847 -157.616013
v 22.096169 191.167618 -152.743881
v 19.200525 55.214390 -138.428864
v 19.593201 84.196930 -155.664444
v 22.227224 195.865158 -151.227753
v 18.923397 15.821398 -96.882004
v 19.147469 51.267685 -136.002563
v 18.482216 16.675571 -123.222687
v 19.073603 47.294273 -134.594650
v 18.863008 13.979778 -97.826851
v 22.988255 -61.793228 503.518005
v 22.988256 -25.118536 505.157776
v 22.988256 -33.586071 530.062744
v 22.988256 -27.277473 503.059265
v 22.988255 -62.130081 501.500946
v 22.988255 -49.104210 488.475128
v 22.988253 -83.313652 472.355103
v 22.988255 -50.946846 487.489319
v 22.988255 -64.287430 500.829865
v 22.988260 3.433225 510.643555
v 22.988256 -31.364264 529.741028
v 22.988256 -23.078281 505.370087
v 22.988253 -83.656258 469.987061
v 22.988255 -66.637131 462.937500
v 22.988255 -52.052979 484.764282
v 22.988255 -67.962250 461.321594
v 22.988253 -85.392563 468.541504
v 22.988253 -92.073677 434.953186
v 22.988255 -73.062637 432.634308
v 22.988255 -67.941360 458.380676
v 22.988253 -91.483986 432.634308
v 22.988253 -91.483986 430.634308
v 22.988255 -67.941353 404.887939
v 22.988255 -73.062637 430.634308
v 22.988255 -67.962242 401.947021
v 22.988253 -92.073677 428.315430
v 22.988253 -85.392555 394.727112
v 22.988253 -83.656250 393.281525
v 22.988255 -52.052971 378.504333
v 22.988255 -66.637123 400.331116
v 22.988255 -50.946842 375.779266
v 22.988253 -83.313644 390.913483
v 22.988255 -64.287407 362.438721
v 22.988256 -35.113689 342.129608
v 22.988255 -49.550125 374.347565
v 22.988255 -62.880436 361.017273
v 22.988255 -46.897705 373.319153
v 22.988256 -32.749092 341.743530
v 22.988256 -25.006147 358.691742
v 22.988260 1.366715 334.807159
v 22.988256 -23.403164 357.387512
v 22.988256 -31.303272 340.095276
v 22.988256 -20.413626 357.368530
v 22.988260 3.709105 335.378113
v 22.988260 5.245005 352.264709
v 22.988260 7.200284 351.682251
v 22.988260 5.633810 334.459503
v 22.988262 40.127693 339.588898
v 22.988262 35.761055 357.906128
v 22.988260 10.004746 352.782898
v 22.988262 42.412380 340.880432
v 22.988262 44.585644 340.813721
v 22.988264 71.098129 362.264923
v 22.988262 37.788239 358.213348
v 22.988262 40.431335 360.549561
v 22.988264 72.259323 364.420898
v 22.988264 61.753281 374.796417
v 22.988264 73.681305 365.827484
v 22.988266 77.425407 397.552734
v 22.988264 63.166069 376.212097
v 22.988266 79.740196 400.102448
v 22.988264 75.885986 367.444214
v 22.988268 94.449348 393.545074
v 22.988268 94.401695 395.756042
v 22.988266 85.074615 427.453247
v 22.988266 80.042931 402.157227
v 22.988266 86.223343 430.634338
v 22.988268 95.959076 397.548370
v 22.988268 105.430565 430.634338
v 22.988268 104.467537 432.634338
v 22.988266 80.577477 458.424011
v 22.988266 85.707375 432.634338
v 22.988266 80.624855 461.315918
v 22.988268 105.793365 434.146118
v 22.988268 106.338875 471.715851
v 22.988266 81.244850 463.724060
v 22.988268 106.058739 473.759949
v 22.988266 98.296265 492.958069
v 22.988266 96.446663 493.756561
v 22.988264 63.521076 486.525238
v 22.988266 78.848778 463.585663
v 22.988264 65.083328 488.916016
v 22.988266 95.526428 495.602142
v 22.988266 80.077881 503.521088
v 22.988264 62.188721 488.888550
v 22.988266 78.233704 504.516754
v 22.988262 46.850933 521.930786
v 22.988262 37.624004 504.594849
v 22.988264 59.468285 489.998993
v 22.988262 44.705967 521.801514
v 22.988262 42.859886 522.570984
v 22.988260 10.001735 510.486359
v 22.988262 35.775963 505.359558
v 22.988260 7.534224 511.709839
v 22.988262 42.631397 524.617920
v 22.988260 12.471211 548.481445
v 22.988260 10.492026 548.770142
v 22.988256 -30.827608 531.727905
v 22.988260 5.525270 511.776794
v 22.988260 9.366790 550.469482
v 22.988258 -20.156141 566.139648
v 22.988256 -31.464218 533.628784
v 22.988258 -17.630169 567.063171
v 22.988260 4.294876 555.425842
v 22.988256 -10.563918 568.223206
v 22.988256 -15.989031 569.901489
v 22.988256 -16.901106 569.209595
v 22.988256 -14.793899 569.555542
v -22.988255 -61.793228 503.518005
v -22.988256 -33.586071 530.062744
v -22.988256 -25.118536 505.157776
v -22.988255 -62.130081 501.500946
v -22.988256 -27.277473 503.059265
v -22.988255 -49.104210 488.475128
v -22.988255 -50.946846 487.489319
v -22.988253 -83.313652 472.355103
v -22.988255 -64.287430 500.829865
v -22.988260 3.433225 510.643555
v -22.988256 -23.078281 505.370087
v -22.988256 -31.364264 529.741028
v -22.988253 -83.656258 469.987061
v -22.988255 -52.052979 484.764282
v -22.988255 -66.637131 462.937500
v -22.988255 -67.962250 461.321594
v -22.988253 -92.073677 434.953186
v -22.988253 -85.392563 468.541504
v -22.988253 -91.483986 432.634308
v -22.988255 -67.941360 458.380676
v -22.988255 -73.062637 432.634308
v -22.988255 -67.941353 404.887939
v -22.988253 -91.483986 430.634308
v -22.988255 -73.062637 430.634308
v -22.988253 -92.073677 428.315430
v -22.988255 -67.962242 401.947021
v -22.988253 -85.392555 394.727112
v -22.988255 -52.052971 378.504333
v -22.988253 -83.656250 393.281525
v -22.988255 -66.637123 400.331116
v -22.988253 -83.313644 390.913483
v -22.988255 -50.946842 375.779266
v -22.988255 -64.287407 362.438721
v -22.988256 -35.113689 342.129608
v -22.988255 -62.880436 361.017273
v -22.988255 -49.550125 374.347565
v -22.988256 -32.749092 341.743530
v -22.988255 -46.897705 373.319153
v -22.988256 -25.006147 358.691742
v -22.988260 1.366715 334.807159
v -22.988256 -31.303272 340.095276
v -22.988256 -23.403164 357.387512
v -22.988260 3.709105 335.378113
v -22.988256 -20.413626 357.368530
v -22.988260 5.245005 352.264709
v -22.988260 7.200284 351.682251
v -22.988262 40.127693 339.588898
v -22.988260 5.633810 334.459503
v -22.988262 42.412380 340.880432
v -22.988260 10.004746 352.782898
v -22.988262 35.761055 357.906128
v -22.988262 37.788239 358.213348
v -22.988264 71.098129 362.264923
v -22.988262 44.585644 340.813721
v -22.988262 40.431335 360.549561
v -22.988264 61.753281 374.796417
v -22.988264 72.259323 364.420898
v -22.988266 77.425407 397.552734
v -22.988264 73.681305 365.827484
v -22.988264 63.166069 376.212097
v -22.988264 75.885986 367.444214
v -22.988266 79.740196 400.102448
v -22.988268 94.449348 393.545074
v -22.988266 85.074615 427.453247
v -22.988268 94.401695 395.756042
v -22.988266 80.042931 402.157227
v -22.988268 95.959076 397.548370
v -22.988266 86.223343 430.634338
v -22.988268 105.430565 430.634338
v -22.988266 80.577477 458.424011
v -22.988268 104.467537 432.634338
v -22.988266 85.707375 432.634338
v -22.988268 105.793365 434.146118
v -22.988266 80.624855 461.315918
v -22.988268 106.338875 471.715851
v -22.988266 81.244850 463.724060
v -22.988266 98.296265 492.958069
v -22.988268 106.058739 473.759949
v -22.988266 96.446663 493.756561
v -22.988266 78.848778 463.585663
v -22.988264 63.521076 486.525238
v -22.988264 65.083328 488.916016
v -22.988266 80.077881 503.521088
v -22.988266 95.526428 495.602142
v -22.988264 62.188721 488.888550
v -22.988262 46.850933 521.930786
v -22.988266 78.233704 504.516754
v -22.988262 44.705967 521.801514
v -22.988264 59.468285 489.998993
v -22.988262 37.624004 504.594849
v -22.988260 10.001735 510.486359
v -22.988262 42.859886 522.570984
v -22.988262 35.775963 505.359558
v -22.988262 42.631397 524.617920
v -22.988260 7.534224 511.709839
v -22.988260 12.471211 548.481445
v -22.988256 -30.827608 531.727905
v -22.988260 10.492026 548.770142
v -22.988260 5.525270 511.776794
v -22.988260 9.366790 550.469482
v -22.988256 -31.464218 533.628784
v -22.988258 -20.156141 566.139648
v -22.988260 4.294876 555.425842
v -22.988258 -17.630169 567.063171
v -22.988256 -10.563918 568.223206
v -22.988256 -15.989031 569.901489
v -22.988256 -14.793899 569.555542
v -22.988256 -16.901106 569.209595
v 20.725363 104.603401 193.517776
v 20.725363 113.159218 218.284622
v 20.725363 89.476967 215.538849
v 25.336433 68.023186 205.327271
v 22.172234 83.933060 214.847839
v 29.400942 71.115128 212.351685
v 21.505608 80.173027 211.089722
v 24.069092 67.283600 203.376602
v 21.505606 66.966522 200.486664
v 29.988287 72.427254 214.151260
v 22.693806 85.361816 216.670135
v 31.553797 78.214127 221.191956
v 20.725363 73.686882 184.810425
v 20.725363 85.314896 213.133408
v 20.725363 67.190781 198.582169
v 20.725363 87.935524 214.250549
v 20.725363 75.461227 183.866211
v 20.725363 103.292152 191.894363
v 31.644388 94.587692 227.249313
v 31.644388 79.954567 222.271088
v 22.198635 87.574806 217.450317
v 21.452179 112.049248 219.854065
v 31.307772 96.739822 227.454834
v 21.452179 89.422661 217.230682
v 31.633921 99.305420 227.816360
v 22.189867 113.975571 220.532959
v 31.633921 116.349190 227.213074
v 31.634687 135.424652 213.773727
v 31.634687 118.181198 226.572220
v 22.037512 115.769096 219.783813
v 20.725363 75.062233 181.669571
v 20.725363 83.792992 158.110397
v 20.725363 102.734566 189.651978
v 21.365198 116.883408 217.883209
v 21.365196 133.650391 197.092163
v 31.443733 137.524811 211.571671
v 20.725363 114.979057 217.427383
v 20.725363 106.377129 192.527054
v 20.725363 132.232605 196.033005
v 31.689117 145.888397 190.706314
v 31.689117 138.811951 209.758240
v 21.951004 135.068390 195.767807
v 31.802921 141.072052 160.713135
v 31.802921 146.246033 188.520401
v 21.878376 135.218872 193.678802
v 20.725363 110.879402 151.830780
v 20.725363 104.382797 188.511826
v 20.725363 85.179634 156.534653
v 20.725363 106.067680 190.466782
v 20.725363 112.567162 153.769516
v 20.725363 132.397278 194.037018
v 20.725363 84.664604 154.595688
v 20.725363 86.461983 128.464539
v 20.725363 109.955132 149.966721
v 31.603903 140.166077 156.820145
v 21.394815 134.145096 190.730972
v 21.394815 127.256912 147.895187
v 20.725363 125.412514 147.402985
v 20.725363 132.079865 188.865479
v 20.725363 113.525406 151.188370
v 20.725363 91.367691 130.243271
v 20.725363 123.531219 145.903122
v 20.725363 112.363213 149.459503
v 31.578260 119.319725 124.529579
v 31.578260 139.057434 154.258209
v 21.758751 126.640884 145.673813
v 20.725363 120.732422 142.315979
v 20.725363 86.534454 125.665596
v 20.725363 84.432426 108.192467
v 21.412184 86.806038 108.053734
v 31.651098 116.824249 121.400909
v 21.412184 124.458115 143.448257
v 21.850544 84.635162 105.448181
v 29.916824 90.232269 99.725067
v 31.447571 112.771507 117.958618
v 28.258205 87.593803 99.563744
v 23.400852 84.223335 103.010086
v 26.053617 84.489731 99.711731
v -20.725363 113.159218 218.284622
v -20.725363 104.603401 193.517776
v -20.725363 89.476967 215.538849
v -29.400942 71.115128 212.351685
v -22.172234 83.933060 214.847839
v -25.336433 68.023186 205.327271
v -22.693806 85.361816 216.670135
v -29.988287 72.427254 214.151260
v -31.553797 78.214127 221.191956
v -24.069092 67.283600 203.376602
v -21.505608 80.173027 211.089722
v -21.505606 66.966522 200.486664
v -31.644388 94.587692 227.249313
v -22.198635 87.574806 217.450317
v -31.644388 79.954567 222.271088
v -31.307772 96.739822 227.454834
v -21.452179 112.049248 219.854065
v -21.452179 89.422661 217.230682
v -20.725363 67.190781 198.582169
v -20.725363 85.314896 213.133408
v -20.725363 73.686882 184.810425
v -20.725363 87.935524 214.250549
v -20.725363 103.292152 191.894363
v -20.725363 75.461227 183.866211
v -22.189867 113.975571 220.532959
v -31.633921 99.305420 227.816360
v -31.633921 116.349190 227.213074
v -20.725363 75.062233 181.669571
v -20.725363 102.734566 189.651978
v -20.725363 83.792992 158.110397
v -31.634687 135.424652 213.773727
v -22.037512 115.769096 219.783813
v -31.634687 118.181198 226.572220
v -21.365198 116.883408 217.883209
v -31.443733 137.524811 211.571671
v -21.365196 133.650391 197.092163
v -20.725363 106.377129 192.527054
v -20.725363 114.979057 217.427383
v -20.725363 132.232605 196.033005
v -31.689117 145.888397 190.706314
v -21.951004 135.068390 195.767807
v -31.689117 138.811951 209.758240
v -31.802921 141.072052 160.713135
v -21.878376 135.218872 193.678802
v -31.802921 146.246033 188.520401
v -20.725363 110.879402 151.830780
v -20.725363 85.179634 156.534653
v -20.725363 104.382797 188.511826
v -20.725363 132.397278 194.037018
v -20.725363 112.567162 153.769516
v -20.725363 106.067680 190.466782
v -20.725363 84.664604 154.595688
v -20.725363 109.955132 149.966721
v -20.725363 86.461983 128.464539
v -21.394815 127.256912 147.895187
v -21.394815 134.145096 190.730972
v -31.603903 140.166077 156.820145
v -20.725363 113.525406 151.188370
v -20.725363 132.079865 188.865479
v -20.725363 125.412514 147.402985
v -20.725363 123.531219 145.903122
v -20.725363 91.367691 130.243271
v -20.725363 112.363213 149.459503
v -31.578260 119.319725 124.529579
v -21.758751 126.640884 145.673813
v -31.578260 139.057434 154.258209
v -20.725363 120.732422 142.315979
v -20.725363 84.432426 108.192467
v -20.725363 86.534454 125.665596
v -31.651098 116.824249 121.400909
v -21.412184 86.806038 108.053734
v -21.412184 124.458115 143.448257
v -29.916824 90.232269 99.725067
v -21.850544 84.635162 105.448181
v -31.447571 112.771507 117.958618
v -23.400852 84.223335 103.010086
v -28.258205 87.593803 99.563744
v -26.053617 84.489731 99.711731
v 31.781954 40.279503 332.208710
v 24.824175 58.700539 332.706940
v 31.781954 56.924488 340.554840
v 24.441912 56.217236 331.079041
v 31.292694 38.079483 330.588470
v 24.441912 40.018528 323.827179
v 31.385527 33.640747 326.648621
v 26.383085 37.807789 324.561646
v 31.613762 36.327301 329.723999
v 24.504002 37.848885 322.391113
v 30.514011 32.842537 324.898468
v 24.504002 30.700356 316.673676
v 23.199326 38.561333 321.057098
v 23.199326 30.825851 314.870239
v 14.923688 40.622406 306.243408
v 23.241352 57.533051 329.937744
v 23.241352 40.365124 322.251984
v 14.405316 42.565765 306.435150
v 24.396048 78.410866 335.258759
v 31.279161 58.954525 340.580505
v 24.396048 60.711514 332.816803
v 31.744028 61.820026 341.403015
v 24.757404 81.568954 336.001282
v 31.744028 83.855133 343.289886
v 31.768206 102.926102 334.680054
v 31.768206 85.806358 342.965790
v 24.842627 83.540154 335.740845
v 13.528229 70.561188 308.534760
v 22.932194 59.773090 329.959045
v 13.528229 43.843792 304.945831
v 14.161011 71.914543 310.259460
v 23.357832 80.796646 333.892944
v 23.357832 61.364075 331.211823
v 13.033160 70.183563 306.549408
v 13.033160 43.374146 302.948120
v 10.100566 54.044563 278.106079
v 24.234547 84.748871 333.969452
v 24.234547 100.932671 319.382935
v 31.589016 105.335373 332.842926
v 23.376181 82.713066 333.380127
v 14.045766 73.701942 309.403320
v 23.376181 99.584435 318.173920
v 31.832888 115.223495 312.233673
v 31.832886 106.814056 331.351868
v 24.661903 102.521202 318.227692
v 31.972837 112.931648 284.507690
v 31.972837 115.894119 309.844452
v 24.667412 102.953682 315.950806
v 13.030348 71.877945 305.492859
v 10.112343 55.819233 277.191010
v 13.030348 81.307472 281.398163
v 13.468485 82.776649 282.966339
v 22.901703 99.470802 316.040710
v 13.468484 73.303131 307.173462
v 12.971150 54.062023 249.037216
v 12.971150 80.149063 279.189270
v 10.078721 54.884232 275.019012
v 31.744219 112.185860 280.963104
v 24.250185 101.950287 313.218018
v 24.250185 99.189117 276.930359
v 23.185535 100.280113 313.572205
v 13.964358 83.961220 281.241302
v 23.185535 97.488319 276.882050
v 31.815701 97.718613 255.014923
v 31.815701 111.571320 278.817017
v 24.571384 99.007660 274.918671
v 22.984356 68.166702 236.978989
v 13.633643 80.571327 276.838715
v 13.633643 54.362080 246.545395
v 13.914185 83.194633 279.412994
v 23.175858 70.908127 239.932831
v 23.175858 96.781143 275.034607
v 24.298658 71.700188 238.217941
v 31.786373 95.823624 252.181183
v 24.298656 97.155991 272.753662
v 20.517918 50.128105 222.230240
v 23.100769 67.039871 235.329361
v 14.024623 53.640602 244.614868
v 31.538754 92.521149 248.275162
v 24.660877 70.362457 235.449173
v 29.938410 76.978119 230.808640
v 23.727976 64.829292 231.527725
v 21.617357 51.009579 220.823578
v 25.360714 56.570553 220.144760
v 24.852190 69.240845 233.805038
v 29.254663 67.374550 223.642639
v 29.790907 75.431786 229.462433
v 28.929953 65.343582 222.377625
v 24.768166 67.107841 231.984436
v 26.398233 58.862614 220.620087
v -24.824175 58.700539 332.706940
v -31.781954 40.279503 332.208710
v -31.781954 56.924488 340.554840
v -31.292694 38.079483 330.588470
v -24.441912 56.217236 331.079041
v -24.441912 40.018528 323.827179
v -26.383085 37.807789 324.561646
v -31.385527 33.640747 326.648621
v -31.613762 36.327301 329.723999
v -30.514011 32.842537 324.898468
v -24.504002 37.848885 322.391113
v -24.504002 30.700356 316.673676
v -23.199326 38.561333 321.057098
v -14.923688 40.622406 306.243408
v -23.199326 30.825851 314.870239
v -23.241352 57.533051 329.937744
v -14.405316 42.565765 306.435150
v -23.241352 40.365124 322.251984
v -31.279161 58.954525 340.580505
v -24.396048 78.410866 335.258759
v -24.396048 60.711514 332.816803
v -24.757404 81.568954 336.001282
v -31.744028 61.820026 341.403015
v -31.744028 83.855133 343.289886
v -31.768206 102.926102 334.680054
v -24.842627 83.540154 335.740845
v -31.768206 85.806358 342.965790
v -13.528229 70.561188 308.534760
v -13.528229 43.843792 304.945831
v -22.932194 59.773090 329.959045
v -23.357832 80.796646 333.892944
v -14.161011 71.914543 310.259460
v -23.357832 61.364075 331.211823
v -13.033160 70.183563 306.549408
v -10.100566 54.044563 278.106079
v -13.033160 43.374146 302.948120
v -24.234547 84.748871 333.969452
v -31.589016 105.335373 332.842926
v -24.234547 100.932671 319.382935
v -14.045766 73.701942 309.403320
v -23.376181 82.713066 333.380127
v -23.376181 99.584435 318.173920
v -31.832888 115.223495 312.233673
v -24.661903 102.521202 318.227692
v -31.832886 106.814056 331.351868
v -31.976112 112.777725 288.539215
v -24.742781 103.059486 315.898712
v -31.976112 115.872223 309.852600
v -10.112343 55.819233 277.191010
v -13.030348 71.877945 305.492859
v -13.030348 81.307472 281.398163
v -22.901703 99.470802 316.040710
v -13.468485 82.776649 282.966339
v -13.468484 73.303131 307.173462
v -12.971150 54.062023 249.037216
v -10.078721 54.884232 275.019012
v -12.971150 80.149063 279.189270
v -24.264309 99.211113 277.331818
v -24.264309 101.972351 313.620300
v -31.758520 112.041084 285.274078
v -13.964358 83.961220 281.241302
v -23.185535 100.280113 313.572205
v -23.185535 97.488319 276.882050
v -31.761623 97.690697 255.363510
v -24.575506 98.969383 275.107361
v -31.761623 111.271904 282.723114
v -13.633643 80.571327 276.838715
v -22.984356 68.166702 236.978989
v -13.633643 54.362080 246.545395
v -23.175858 70.908127 239.932831
v -13.914185 83.194633 279.412994
v -23.175858 96.781143 275.034607
v -31.786373 95.823624 252.181183
v -24.298658 71.700188 238.217941
v -24.298656 97.155991 272.753662
v -20.517918 50.128105 222.230240
v -14.024623 53.640602 244.614868
v -23.100769 67.039871 235.329361
v -24.660877 70.362457 235.449173
v -31.538754 92.521149 248.275162
v -29.938410 76.978119 230.808640
v -21.617357 51.009579 220.823578
v -23.727976 64.829292 231.527725
v -25.360714 56.570553 220.144760
v -29.254663 67.374550 223.642639
v -24.852190 69.240845 233.805038
v -29.790907 75.431786 229.462433
v -24.768166 67.107841 231.984436
v -28.929953 65.343582 222.377625
v -26.398233 58.862614 220.620087
v 31.618706 83.665543 -45.072891
v 23.888559 83.205788 -39.383377
v 31.618706 68.723511 -53.118591
v 30.706196 85.388153 -43.336346
v 19.955053 100.698303 -24.852982
v 23.107086 84.936180 -37.743275
v 20.853291 89.197044 -32.346119
v 17.976532 103.582619 -20.581570
v 16.045059 100.669411 -16.748844
v 19.574205 104.642441 -22.034348
v 31.638422 87.462402 -42.775146
v 31.638422 109.745766 -29.202253
v 17.374855 104.302353 -18.245781
v 13.065998 107.181839 2.537863
v 15.676199 101.740303 -14.875048
v 31.637522 134.698715 -7.276261
v 19.463709 106.199661 -20.782614
v 31.637520 111.349342 -28.015635
v 17.836823 106.306458 -17.589115
v 17.836824 132.024292 13.010983
v 11.564100 110.498322 12.667168
v 18.876772 107.721313 -18.495365
v 31.493137 137.256393 -4.498014
v 18.876772 133.549301 12.235817
v 17.459280 131.568100 14.975679
v 9.748914 105.386360 38.741184
v 11.302556 110.440208 14.638222
v 31.716696 138.694839 -2.860458
v 31.716694 156.635071 26.984146
v 19.231544 135.026321 13.699332
v 31.689816 157.792130 29.650278
v 18.781788 150.112457 69.189598
v 18.781788 135.451492 15.915502
v 31.761959 158.692139 33.495193
v 31.761959 162.828812 59.821831
v 19.715767 151.525223 70.394577
v 31.644529 162.629822 62.306984
v 31.644529 157.759109 86.110893
v 19.480383 151.215546 72.983253
v 17.853905 134.095856 17.586477
v 17.853905 148.828171 71.119812
v 9.742957 122.571274 59.456085
v 9.498878 105.241127 41.550579
v 17.443329 132.217728 17.063562
v 9.498878 120.929733 58.073689
v 18.856972 134.962158 89.677025
v 18.856972 149.907730 74.284172
v 31.092384 156.489624 87.488724
v 17.908726 133.261902 88.975266
v 10.055731 123.180069 61.883377
v 17.908726 148.601898 73.176163
v 19.793808 134.264328 91.299500
v 31.641541 155.109680 89.180527
v 31.641541 138.232208 99.075653
v 31.593763 111.379684 96.386154
v 19.541779 132.264557 91.511978
v 31.593763 136.300858 99.422188
v 10.104980 121.356766 62.665634
v 17.899282 131.363235 89.555031
v 17.899282 111.008041 86.359619
v 19.028221 129.748917 90.830452
v 30.815483 109.322777 95.597565
v 19.028221 110.499626 87.808647
v 9.562759 119.873398 59.775612
v 17.437613 95.769096 74.063927
v 9.562759 104.322235 43.397251
v 17.902594 95.938606 76.277802
v 10.278239 119.276161 62.443996
v 17.902594 109.153076 85.621361
v 19.055349 108.665855 87.075317
v 30.374702 107.535721 94.555046
v 19.055349 96.397911 78.401016
v 11.776695 100.363441 50.238262
v 17.905802 93.706421 74.106552
v 17.905802 90.165451 69.707161
v 29.880100 92.832268 85.302299
v 20.131474 94.661263 78.123756
v 31.319595 105.669945 94.090500
v 23.457373 88.283318 75.774559
v 18.970051 89.484612 71.398422
v 18.970051 92.706131 75.400925
v 20.323278 92.950783 77.094559
v 28.644527 91.389580 83.222031
v 25.128984 88.214157 77.494705
v -31.618706 83.665543 -45.072891
v -31.618706 68.723511 -53.118591
v -23.888559 83.205788 -39.383377
v -19.955053 100.698303 -24.852982
v -30.706196 85.388153 -43.336346
v -23.107086 84.936180 -37.743275
v -31.616220 87.510986 -42.661880
v -19.838438 104.283127 -22.413517
v -31.616220 105.923225 -30.748064
v -20.853291 89.197044 -32.346119
v -16.045059 100.669411 -16.748844
v -17.976532 103.582619 -20.581570
v -19.598827 105.891884 -20.990704
v -31.597559 124.901741 -14.034129
v -31.597559 107.562752 -29.481602
v -15.676199 101.740303 -14.875048
v -13.065998 107.181839 2.537863
v -17.374855 104.302353 -18.245781
v -31.455605 126.887070 -11.858470
v -18.962559 107.094063 -19.101635
v -18.962559 132.669586 11.329157
v -11.564100 110.498322 12.667168
v -17.836824 132.024292 13.010983
v -17.836823 106.306458 -17.589115
v -31.619890 128.893616 -9.431944
v -19.225412 134.630508 13.572736
v -31.619890 152.096329 23.947435
v -9.748914 105.386360 38.741184
v -17.459280 131.568100 14.975679
v -11.302556 110.440208 14.638222
v -18.857355 135.354874 15.791562
v -18.857355 149.848984 68.459312
v -31.618469 153.337341 26.473152
v -31.765507 154.560028 30.465452
v -19.374233 151.172760 71.234779
v -31.765507 163.268967 64.812927
v -31.658501 163.067368 66.976128
v -19.529646 151.227325 73.261971
v -31.658501 156.375229 88.645966
v -17.853905 134.095856 17.586477
v -9.742957 122.571274 59.456085
v -17.853905 148.828171 71.119812
v -17.443329 132.217728 17.063562
v -9.498878 105.241127 41.550579
v -9.498878 120.929733 58.073689
v -18.836601 132.891632 91.046539
v -31.205414 155.033478 90.079758
v -18.836601 149.783722 74.391411
v -10.000738 122.979866 61.793694
v -17.906527 131.306396 90.186394
v -17.906527 148.572617 73.162392
v -31.649343 153.440659 91.721474
v -19.679512 132.013046 92.657066
v -31.649343 134.492325 101.565163
v -19.618164 130.087433 92.833260
v -31.618561 111.022392 96.624725
v -31.618563 132.573044 101.764107
v -17.903620 129.396194 90.709160
v -10.166084 121.246880 62.920723
v -17.903620 110.973518 86.442146
v -30.755545 109.315964 95.628723
v -19.028992 127.945953 91.923782
v -19.028990 110.486755 87.879929
v -17.437613 95.769096 74.063927
v -9.562759 119.873398 59.775612
v -9.562759 104.322235 43.397251
v -10.278239 119.276161 62.443996
v -17.902594 95.938606 76.277802
v -17.902594 109.153076 85.621361
v -19.055349 108.665855 87.075317
v -19.055349 96.397911 78.401016
v -30.374702 107.535721 94.555046
v -11.776695 100.363441 50.238262
v -17.905802 90.165451 69.707161
v -17.905802 93.706421 74.106552
v -20.131474 94.661263 78.123756
v -29.880100 92.832268 85.302299
v -31.319595 105.669945 94.090500
v -23.457373 88.283318 75.774559
v -18.970051 92.706131 75.400925
v -18.970051 89.484612 71.398422
v -28.644527 91.389580 83.222031
v -20.323278 92.950783 77.094559
v -25.128984 88.214157 77.494705
v 24.626053 62.850689 208.064072
v 25.367512 56.485149 218.328934
v 21.838093 51.241993 218.968964
v 21.505575 54.962494 213.571716
v 21.505575 65.308609 200.668411
v 24.066381 65.625351 203.555328
v 10.366588 37.883602 220.444962
v 10.366588 50.367058 207.523483
v 19.433968 48.255203 219.420639
v 19.882738 63.939629 200.514984
v 19.882738 49.957581 217.952911
v 10.739104 52.087196 205.955704
v 0.790079 32.689121 215.326248
v 0.790079 44.215157 204.808746
v 8.150884 36.185081 219.867615
v -0.790079 44.215157 204.808746
v -0.790079 32.689121 215.326248
v -8.150884 36.185081 219.867615
v 8.720874 50.351151 205.907593
v 8.720873 38.516647 218.157349
v 1.354599 46.552692 203.087296
v 10.356118 65.520973 184.692352
v 19.591742 65.223709 198.381073
v 10.356118 53.252033 203.876526
v 1.246628 47.732685 201.481964
v 8.722333 63.176464 186.223343
v 8.722333 51.587570 204.344162
v 19.869083 66.630890 196.214417
v 11.127267 66.912262 183.257599
v 19.869083 72.740395 183.262238
v 19.877493 81.380989 160.215454
v 19.877491 73.539154 181.375931
v 10.972321 67.602112 181.371216
v -8.720875 50.351151 205.907593
v -1.354599 46.552692 203.087296
v -8.720874 38.516647 218.157349
v -10.366589 37.883602 220.444962
v -19.433968 48.255203 219.420639
v -10.366590 50.367058 207.523483
v 10.382671 68.365623 178.052063
v 10.382672 76.993279 152.611603
v 19.541697 82.537292 156.293228
v 19.879829 84.791786 130.392975
v 19.879829 83.138557 154.428482
v 10.781600 77.631340 150.771286
v 8.227295 64.853386 182.909088
v 0.817924 49.546638 198.032318
v 0.817925 59.698467 181.354309
v 1.157986 60.781994 179.614792
v 8.755216 74.418785 156.583771
v 8.755216 66.067612 181.208984
v -8.722335 63.176468 186.223343
v -1.246628 47.732685 201.481964
v -8.722334 51.587570 204.344162
v -0.817924 49.546638 198.032318
v -8.227296 64.853386 182.909088
v -0.817925 59.698467 181.354309
v -19.882738 63.939629 200.514984
v -10.739105 52.087196 205.955704
v -19.882738 49.957581 217.952911
v -19.591742 65.223709 198.381073
v -10.356119 65.520973 184.692352
v -10.356119 53.252033 203.876526
v -21.505575 65.308609 200.668411
v -21.505575 54.962494 213.571716
v -24.066381 65.625351 203.555328
v -11.127268 66.912262 183.257599
v -19.869083 66.630890 196.214417
v -19.869083 72.740395 183.262238
v -24.626053 62.850689 208.064072
v -21.838093 51.241993 218.968964
v -25.367512 56.485149 218.328934
v -25.572681 66.272469 205.581268
v -26.412327 59.063992 217.205429
v -29.628132 69.357529 212.590027
v -29.837563 68.506134 215.013840
v -27.101812 59.749214 218.940262
v -29.405182 65.645630 220.539276
v -19.877493 81.380989 160.215454
v -10.972321 67.602112 181.371216
v -19.877491 73.539154 181.375931
v -10.382673 76.993279 152.611603
v -10.382672 68.365631 178.052063
v -19.541698 82.537292 156.293228
v -8.755217 74.418785 156.583771
v -1.157986 60.781994 179.614792
v -8.755217 66.067612 181.208984
v -19.879829 83.138557 154.428482
v -19.879827 84.791786 130.392975
v -10.781601 77.631340 150.771286
v -0.765004 61.838268 175.317932
v -8.303286 75.369255 152.465607
v -0.765004 68.477989 153.333084
v 8.303285 75.369255 152.465607
v 0.765004 61.838268 175.317932
v 0.765004 68.477989 153.333084
v -10.375557 78.181404 125.022446
v -10.375557 77.522682 147.418869
v -19.466318 84.677254 127.057297
v -19.899477 82.900360 108.550331
v -10.988080 78.525642 123.122185
v -19.899477 84.893333 125.116882
v -0.740359 69.858765 128.241409
v -0.740359 68.802208 151.334473
v -8.451623 75.851608 150.447083
v 0.740359 69.858765 128.241409
v 8.451622 75.851608 150.447083
v 0.740359 68.802208 151.334473
v -8.806708 76.304077 146.760620
v -8.806709 76.949272 124.823990
v -1.176393 70.374146 124.788048
v 8.806707 76.304077 146.760620
v 1.176393 70.374146 124.788048
v 8.806708 76.949272 124.823990
v 10.375556 77.522682 147.418869
v 10.375556 78.181404 125.022446
v 19.466318 84.677254 127.057297
v 19.899477 82.900360 108.550331
v 19.899477 84.893333 125.116882
v 10.988079 78.525642 123.122185
v -10.355180 74.454697 102.807915
v -10.355180 77.741493 120.994888
v -19.427200 82.195061 106.160385
v -0.770189 65.301399 106.924080
v -0.770190 69.777740 122.807861
v -8.147472 76.134827 122.842613
v -8.878577 76.283623 120.461937
v -8.878576 73.048637 102.561638
v -1.226927 65.047295 103.951378
v 0.770189 65.301399 106.924080
v 8.147471 76.134827 122.842613
v 0.770190 69.777740 122.807861
v -24.136141 82.877655 100.103592
v -13.307360 76.289978 101.783104
v -20.613815 82.523941 104.483124
v 10.355179 74.454697 102.807915
v 19.427200 82.195061 106.160385
v 10.355179 77.741493 120.994888
v 8.878576 73.048637 102.561638
v 8.878576 76.283623 120.461937
v 1.226927 65.047295 103.951378
v 13.307358 76.289978 101.783104
v 24.136141 82.877655 100.103592
v 20.613815 82.523941 104.483124
v 30.017447 90.449120 89.237434
v 29.994577 89.263962 97.624481
v 27.166344 85.281799 97.814339
v 26.614391 85.022293 95.063538
v 26.087433 87.471954 79.281685
v 29.832422 90.854630 85.382812
v 23.623962 81.662987 98.384560
v 10.418360 73.629372 100.432709
v 10.418360 67.603470 89.241753
v 24.775965 86.071457 78.321167
v 25.412354 83.113075 97.380394
v 11.150992 67.929535 87.506645
v 1.440324 64.605400 102.023750
v 8.859640 66.508492 89.802078
v 8.859640 72.363792 100.676208
v -30.017447 90.449120 89.237434
v -27.166344 85.281799 97.814339
v -29.994577 89.263962 97.624481
v -26.087433 87.471954 79.281685
v -26.614391 85.022293 95.063538
v -29.832422 90.854630 85.382812
v -10.418361 73.629372 100.432709
v -23.623962 81.662987 98.384560
v -10.418361 67.603470 89.241753
v -25.412354 83.113075 97.380394
v -24.775965 86.071457 78.321167
v -11.150993 67.929535 87.506645
v -8.859641 66.508492 89.802078
v -1.440324 64.605400 102.023750
v -8.859641 72.363792 100.676208
v 8.191469 64.942520 88.688461
v 0.644802 63.006760 101.119926
v 0.644802 55.473381 90.927689
v -0.644802 63.006760 101.119926
v -8.191469 64.942520 88.688461
v -0.644802 55.473381 90.927689
v 0.620187 54.679615 86.376251
v 5.731826 61.193470 87.560936
v 0.620187 54.779671 89.077644
v -0.620187 54.679615 86.376251
v -0.620187 54.779671 89.077644
v -5.731827 61.193470 87.560936
v 0.704284 63.980171 77.415771
v 8.056779 64.991135 86.332710
v 0.704284 55.621716 84.628685
v -0.704284 63.980171 77.415771
v -0.704284 55.621716 84.628685
v -8.056780 64.991135 86.332710
v -10.417922 68.141525 85.667976
v -23.272102 85.257126 77.002144
v -10.417922 77.953773 73.554443
v -8.809975 66.685242 85.595207
v -8.809975 76.215431 73.829880
v -1.254163 65.646324 76.431694
v -23.303473 86.692268 75.565109
v -18.291941 88.033897 70.677757
v -12.259044 80.417160 72.602814
v 1.254163 65.646324 76.431694
v 8.809974 76.215431 73.829880
v 8.809974 66.685242 85.595207
v 10.417921 68.141525 85.667976
v 10.417921 77.953773 73.554443
v 23.272102 85.257126 77.002144
v 23.303473 86.692268 75.565109
v 12.259043 80.417160 72.602814
v 18.291941 88.033897 70.677757
v 0.753395 66.607780 74.547668
v 0.753395 78.044655 60.362823
v 8.433585 77.350868 71.903030
v -0.753395 78.044655 60.362823
v -0.753395 66.607780 74.547668
v -8.433586 77.350868 71.903030
v 10.281923 79.555672 71.269348
v 10.281921 94.912193 41.931694
v 17.323700 88.446152 69.022362
v 0.984507 79.591682 58.287426
v 8.713219 94.105881 40.838276
v 8.713218 78.893509 69.900536
v 16.044893 91.816986 62.263584
v 9.791323 97.559273 38.205250
v 9.589523 102.557838 41.758320
v 9.589304 98.236229 36.281700
v 10.672512 107.333748 19.893301
v 9.390397 103.163147 39.783844
v 8.262378 95.490776 37.289181
v 0.788046 81.454285 54.164021
v 0.788046 89.623535 36.093346
v -8.713220 94.105881 40.838276
v -0.984507 79.591682 58.287426
v -8.713219 78.893509 69.900536
v -10.281922 94.912193 41.931694
v -10.281923 79.555672 71.269348
v -17.323700 88.446152 69.022362
v -0.788046 81.454285 54.164021
v -8.262379 95.490776 37.289181
v -0.788046 89.623535 36.093346
v -9.791324 97.559273 38.205250
v -16.044893 91.816986 62.263584
v -9.589523 102.557838 41.758320
v -10.672512 107.333748 19.893301
v -9.589304 98.236229 36.281700
v -9.390397 103.163147 39.783844
v 10.850763 108.171822 14.288437
v 9.729335 98.753304 31.255089
v 9.729334 101.636421 12.687826
v 14.194592 101.695374 -8.661796
v 11.055377 108.239746 12.280191
v 9.950548 101.801086 10.703274
v 0.782746 91.418617 17.497107
v 8.190963 95.928917 35.357765
v 0.782746 90.113579 34.172508
v -0.782746 91.418617 17.497107
v -0.782746 90.113579 34.172508
v -8.190964 95.928917 35.357765
v 8.847103 99.941017 12.637024
v 8.847103 96.787033 32.948647
v 1.112548 92.078049 14.301209
v -9.729336 98.753304 31.255089
v -10.850763 108.171822 14.288437
v -9.729335 101.636421 12.687826
v -8.847104 96.787033 32.948647
v -8.847104 99.941017 12.637024
v -1.112548 92.078049 14.301209
v -14.194592 101.695374 -8.661796
v -9.950549 101.801086 10.703274
v -11.055377 108.239746 12.280191
v 0.694176 86.778397 -4.561098
v 8.297776 99.270729 10.769263
v 0.694176 91.540894 12.405272
v -8.297777 99.270729 10.769263
v -0.694176 86.778397 -4.561098
v -0.694176 91.540894 12.405272
v 14.406106 99.935013 -13.682056
v 9.377272 100.060265 9.263923
v 1.123558 86.499840 -7.377196
v -9.377273 100.060272 9.263923
v -14.406106 99.935013 -13.682056
v -1.123558 86.499840 -7.377196
v 0.667743 76.443588 -24.997906
v 13.677958 98.464752 -15.191228
v 0.667743 85.305046 -9.015635
v -0.667743 76.443588 -24.997906
v -0.667743 85.305046 -9.015635
v -13.677958 98.464752 -15.191228
v 21.233055 84.257935 -36.516628
v 15.091197 98.912315 -16.593235
v 1.553493 75.998322 -26.797518
v -1.553493 75.998322 -26.797518
v -15.091197 98.912315 -16.593235
v -21.233055 84.257935 -36.516628
v 2.651659 74.866982 -28.531340
v 30.518854 66.725410 -53.392597
v 21.868193 82.932259 -38.021774
v -30.518854 66.725410 -53.392597
v -2.651659 74.866982 -28.531340
v -21.868193 82.932259 -38.021774
v 29.377953 65.177277 -53.870674
v 0.929618 73.488625 -28.490963
v 0.929618 59.044750 -43.919647
v -0.929618 73.488625 -28.490963
v -29.377953 65.177277 -53.870674
v -0.929618 59.044750 -43.919647
v 2.993308 57.835415 -45.649284
v 31.517105 44.235771 -61.222092
v 31.517105 63.984211 -55.626709
v -2.993308 57.835415 -45.649284
v -31.517105 63.984211 -55.626709
v -31.517105 44.235771 -61.222092
v 29.839113 42.864334 -61.147358
v 0.963568 56.631687 -45.382511
v 0.963568 34.762032 -56.216385
v -0.963568 56.631687 -45.382511
v -29.839113 42.864334 -61.147358
v -0.963568 34.762032 -56.216385
v 2.756128 33.318058 -56.957420
v 31.460676 18.958761 -61.529133
v 31.460676 41.372379 -61.859192
v -2.756128 33.318058 -56.957420
v -31.460676 41.372379 -61.859192
v -31.460676 18.958761 -61.529133
v 2.933308 30.997372 -57.031780
v 18.926676 7.137143 -60.466164
v 30.656374 17.129057 -61.447174
v -2.933308 30.997372 -57.031780
v -30.656374 17.129057 -61.447174
v -18.926676 7.137143 -60.466164
v 17.158228 6.188974 -60.380619
v 0.998586 30.297260 -56.910530
v 0.998587 0.875115 -60.089710
v -17.158228 6.188974 -60.380619
v -0.998587 0.875115 -60.089710
v -0.998586 30.297260 -56.910530
v -0.220474 18.810896 -138.615662
v -5.301228 41.315121 -145.973953
v -0.220474 19.064281 -208.999069
v -5.719762 43.129185 -146.706726
v -13.590904 76.493965 -162.747208
v -0.499219 20.266146 -211.465881
v -13.961805 78.234856 -163.861496
v -17.461573 97.769806 -183.774048
v -1.088754 22.946056 -211.766556
v -17.649319 98.829422 -185.509888
v -18.693575 105.642021 -217.548645
v -1.066073 23.044014 -213.862183
v -17.660515 99.490974 -271.189636
v -0.717470 21.445147 -215.792557
v -18.712545 105.765518 -219.555893
v -0.191136 18.785101 -216.344849
v -17.321106 97.691978 -272.353088
v -0.191136 5.362376 -287.037903
v -17.608442 98.862633 -274.187988
v -15.909009 78.002113 -343.115234
v -0.490134 6.595891 -288.862793
v -15.590932 76.009247 -344.105927
v -0.179051 -17.263485 -356.915588
v -0.179051 4.635420 -289.878082
v -0.397300 -16.670534 -358.846191
v -15.832235 76.741730 -346.017395
v -13.649152 37.955891 -418.373413
v -13.416518 36.085056 -419.285706
v -0.169084 -59.239853 -429.130951
v -0.169084 -18.523161 -359.778320
v -0.373214 -59.025570 -431.109283
v -13.554558 35.823772 -421.313171
v -11.331021 -14.285357 -480.691223
v -11.129662 -16.295017 -481.447235
v -0.163240 -113.645752 -493.312775
v -0.163240 -61.070404 -431.826324
v -0.323090 -114.355110 -495.396088
v -11.169783 -18.067228 -483.660095
v -8.598822 -89.692657 -533.835205
v -0.178919 -171.177612 -538.184753
v -0.178919 -116.312141 -496.048096
v -8.421493 -91.748505 -534.333191
v -0.276781 -172.777313 -540.245911
v -8.158380 -96.826729 -536.562988
v -3.621047 -164.078629 -559.860046
v -0.154382 -174.761841 -540.701111
v -3.496457 -166.068832 -560.302429
v -0.154382 -228.448425 -569.222107
v 0.220474 18.810896 -138.615662
v 0.220474 19.064281 -208.999069
v 5.301228 41.315121 -145.973953
v 5.719762 43.129185 -146.706726
v 0.499219 20.266146 -211.465881
v 13.590904 76.493965 -162.747208
v 13.961805 78.234856 -163.861496
v 1.088754 22.946056 -211.766556
v 17.461573 97.769806 -183.774048
v 17.649319 98.829422 -185.509888
v 1.066073 23.044014 -213.862183
v 18.693575 105.642021 -217.548645
v 17.660515 99.490974 -271.189636
v 18.712545 105.765518 -219.555893
v 0.717470 21.445147 -215.792557
v 0.191136 18.785101 -216.344849
v 0.191136 5.362376 -287.037903
v 17.321106 97.691978 -272.353088
v 17.608442 98.862633 -274.187988
v 0.490134 6.595891 -288.862793
v 15.909009 78.002113 -343.115234
v 0.179051 -17.263485 -356.915588
v 15.590932 76.009247 -344.105927
v 0.179051 4.635420 -289.878082
v 15.832235 76.741730 -346.017395
v 0.397300 -16.670534 -358.846191
v 13.649152 37.955891 -418.373413
v 0.169084 -59.239853 -429.130951
v 13.416518 36.085056 -419.285706
v 0.169084 -18.523161 -359.778320
v 13.554558 35.823772 -421.313171
v 0.373214 -59.025570 -431.109283
v 11.331021 -14.285357 -480.691223
v 0.163240 -113.645752 -493.312775
v 11.129662 -16.295017 -481.447235
v 0.163240 -61.070404 -431.826324
v 11.169783 -18.067228 -483.660095
v 0.323090 -114.355110 -495.396088
v 8.598822 -89.692657 -533.835205
v 0.178919 -116.312141 -496.048096
v 0.178919 -171.177612 -538.184753
v 8.421493 -91.748505 -534.333191
v 3.621047 -164.078629 -559.860046
v 8.158380 -96.826729 -536.562988
v 0.276781 -172.777313 -540.245911
v 0.154382 -174.761841 -540.701111
v 0.154382 -228.448425 -569.222107
v 3.496457 -166.068832 -560.302429
v 31.408245 22.384979 330.681702
v 31.711473 18.488636 334.765045
v 22.486755 6.832982 332.918060
v 25.894857 29.240088 318.156433
v 31.477182 31.229830 325.795929
v 31.426483 25.917303 328.049927
v 19.253328 18.221066 315.032684
v 30.754675 23.183916 328.871918
v 19.253328 3.134701 331.754944
v 30.022104 24.467438 326.692627
v 19.881842 20.091894 314.491180
v 23.779295 28.217421 315.527191
v 17.666126 16.912052 314.793884
v 17.666124 1.821775 331.520477
v 1.709044 2.032084 321.378082
v 0.927729 -5.358833 329.515503
v 0.927728 0.596280 322.530396
v 15.290152 0.406988 331.659210
v -0.927729 -5.358833 329.515503
v -15.290152 0.406988 331.659210
v -0.927728 0.596280 322.530396
v 11.588083 29.672537 302.679871
v 22.554146 28.528227 313.930054
v 18.569454 20.220823 312.870850
v 21.602459 30.622168 312.594177
v 10.620136 31.768175 301.327301
v 13.394119 40.339058 304.037506
v 15.829902 17.213146 313.751801
v 0.977847 3.363615 319.880066
v 0.977847 13.833409 312.277008
v 1.658659 15.565849 311.096832
v 9.585365 29.198250 301.708160
v 17.065153 19.071754 312.626709
v -17.666126 16.912052 314.793884
v -1.709044 2.032084 321.378082
v -17.666124 1.821775 331.520477
v -15.829902 17.213146 313.751801
v -0.977847 13.833409 312.277008
v -0.977847 3.363615 319.880066
v -30.754675 23.183916 328.871918
v -19.253328 18.221066 315.032684
v -19.253328 3.134701 331.754944
v -31.408245 22.384979 330.681702
v -22.486755 6.832982 332.918060
v -31.711473 18.488636 334.765045
v -19.881842 20.091894 314.491180
v -30.022104 24.467438 326.692627
v -23.779295 28.217421 315.527191
v -25.894857 29.240088 318.156433
v -31.426483 25.917303 328.049927
v -31.477182 31.229830 325.795929
v -22.554146 28.528227 313.930054
v -11.588085 29.672537 302.679871
v -18.569454 20.220823 312.870850
v -1.658659 15.565849 311.096832
v -17.065153 19.071754 312.626709
v -9.585366 29.198250 301.708160
v -10.620137 31.768175 301.327301
v -21.602459 30.622168 312.594177
v -13.394119 40.339058 304.037506
v 8.049933 29.389126 300.515076
v 0.821458 16.957546 309.076782
v 0.821458 25.107101 297.871124
v -8.049934 29.389126 300.515076
v -0.821458 25.107101 297.871124
v -0.821458 16.957546 309.076782
v -12.715601 41.066166 302.434448
v -9.862679 42.692253 278.889709
v -9.862679 32.251381 299.647125
v -8.742633 41.175297 278.513184
v -1.197967 26.368769 296.304901
v -8.742633 30.838099 299.064514
v -9.713635 44.901463 275.367188
v -12.451562 43.340923 297.962921
v -9.933762 52.502083 276.634583
v -9.935800 52.883114 274.684692
v -12.452938 52.167587 252.074020
v -9.715731 45.284492 273.417633
v 1.197967 26.368769 296.304901
v 8.742632 41.175297 278.513184
v 8.742632 30.838099 299.064514
v 9.862679 42.692253 278.889709
v 12.715601 41.066166 302.434448
v 9.862679 32.251381 299.647125
v 12.451562 43.340923 297.962921
v 9.713634 44.901463 275.367188
v 9.933762 52.502083 276.634583
v 12.452938 52.167587 252.074020
v 9.935800 52.883114 274.684692
v 9.715731 45.284492 273.417633
v -9.904761 44.020695 246.024399
v -9.904761 44.745781 268.743896
v -12.678544 51.720856 247.115067
v -0.784609 27.812689 292.613373
v -8.297754 42.557354 274.895996
v -0.784610 36.636127 273.554749
v 8.297754 42.557354 274.895996
v 0.784610 27.812691 292.613373
v 0.784610 36.636127 273.554749
v -8.776609 42.578346 249.619507
v -1.134555 37.303425 271.689545
v -8.776610 43.326244 273.053802
v 12.678544 51.720856 247.115067
v 9.904760 44.745781 268.743896
v 9.904760 44.020695 246.024399
v 1.134555 37.303425 271.689545
v 8.776608 42.578346 249.619507
v 8.776609 43.326244 273.053802
v -0.747718 36.795879 268.002747
v -8.467524 42.124470 245.708145
v -0.747717 35.163979 244.430786
v 8.467523 42.124470 245.708145
v 0.747718 36.795879 268.002747
v 0.747717 35.163979 244.430786
v -18.934456 48.720760 225.017975
v -10.319962 44.213409 244.100845
v -13.083699 51.885681 245.187561
v 10.319961 44.213409 244.100845
v 18.934456 48.720760 225.017975
v 13.083698 51.885681 245.187561
v -0.774875 30.544910 228.218719
v -0.774875 34.815617 242.416718
v -7.999713 41.329823 243.612183
v 0.774875 30.544910 228.218719
v 7.999712 41.329823 243.612183
v 0.774875 34.815617 242.416718
v -8.794262 41.286125 241.178497
v -8.794262 35.808731 222.624481
v -1.231024 29.996063 225.064026
v -10.227381 42.923550 241.827988
v -19.512472 47.781776 221.259613
v -10.227381 37.161148 222.308533
v 8.794261 35.808731 222.624481
v 8.794261 41.286125 241.178497
v 1.231024 29.996063 225.064026
v 19.512472 47.781776 221.259613
v 10.227380 42.923550 241.827988
v 10.227380 37.161148 222.308533
v -7.363300 34.752583 221.076752
v -0.843285 31.655951 217.054108
v -0.843285 29.741674 223.179810
v 7.363299 34.752583 221.076752
v 0.843285 29.741674 223.179810
v 0.843285 31.655951 217.054108
v 20.330626 79.020348 505.223877
v -21.988266 79.020348 505.223877
v -21.988262 46.580326 523.224548
v 21.988266 97.078339 495.930359
v -18.364220 80.784653 504.282501
v 21.988266 80.784653 504.282501
v 21.988266 77.965347 505.809296
v -20.330622 45.525330 523.809998
v 21.988262 45.525330 523.809998
v 18.364220 97.569443 495.678619
v -21.988266 97.569443 495.678619
v -21.988266 81.275757 504.030762
v 20.410913 43.866711 524.915649
v -21.988262 43.866711 524.915649
v -21.988260 13.492450 548.948608
v 21.988268 106.745140 474.730042
v -18.872931 98.834198 494.295349
v 21.988266 98.834198 494.295349
v 21.988262 42.872368 525.702393
v -20.410912 12.498108 549.735352
v 21.988260 12.498108 549.735352
v -21.988266 99.074844 493.700195
v 18.872932 106.985786 474.134888
v -21.988268 106.985786 474.134888
v 19.529156 10.956183 551.008423
v -21.988260 10.956183 551.008423
v -21.988256 -8.891179 568.102295
v 21.988268 107.346123 472.207886
v 21.988268 106.789703 433.886688
v -20.391573 107.346123 472.207886
v 21.988260 10.339933 551.539185
v -19.529152 -9.507428 568.633057
v 21.988256 -9.507428 568.633057
v -21.988268 107.327942 470.955444
v 20.391573 106.771523 432.634247
v -21.988268 106.771523 432.634247
v 8.021976 -11.225709 569.563721
v -21.988256 -11.225702 569.563721
v -21.988256 -15.095213 570.683838
v 21.988268 106.481789 430.672943
v 21.988268 96.568474 396.043610
v -20.273384 106.481789 430.672943
v 21.988256 -11.363257 569.603516
v -8.021976 -15.232761 570.723633
v 21.988256 -15.232768 570.723633
v -21.988268 106.160820 429.551727
v 20.273384 96.247505 394.922394
v -21.988268 96.247505 394.922394
v 6.733858 -16.990028 570.397339
v -21.988256 -16.990032 570.397339
v -21.988258 -19.816332 568.253296
v 21.988268 95.392708 393.146088
v 21.988264 75.648262 365.384583
v -20.160206 95.392708 393.146088
v 21.988256 -17.094486 570.318115
v -6.733860 -19.920790 568.174072
v 21.988258 -19.920786 568.174072
v -21.988268 94.758614 392.254517
v 20.160202 75.014168 364.493011
v -21.988264 75.014168 364.493011
v -21.988256 -32.444042 533.855774
v 20.198036 -21.046007 566.625183
v -21.988258 -21.046007 566.625183
v 21.988264 73.657181 363.049103
v 21.988262 45.829300 340.533630
v -20.261019 73.657181 363.049103
v 21.988258 -21.413023 565.570007
v -20.198034 -32.811058 532.800598
v 21.988256 -32.811058 532.800598
v -21.988264 72.757011 362.320770
v 20.261017 44.929131 339.805298
v -21.988262 44.929127 339.805298
v 20.454346 -33.867817 531.170776
v -21.988256 -33.867817 531.170776
v -21.988255 -62.764168 503.977478
v 21.988260 6.696626 333.606567
v -20.318577 43.162598 339.029205
v 21.988262 43.162598 339.029205
v 21.988256 -34.817345 530.277222
v -20.454344 -63.713692 503.083923
v 21.988255 -63.713692 503.083923
v -21.988262 41.977795 338.853027
v 20.318575 5.511824 333.430389
v -21.988260 5.511824 333.430389
v -21.988253 -84.934883 471.728699
v 20.266016 -64.997505 501.567108
v -21.988255 -64.997505 501.567108
v 21.988260 3.535549 333.443085
v 21.988256 -30.669579 338.979675
v -20.195387 3.535549 333.443085
v 21.988253 -85.580055 470.763153
v 21.988255 -65.642677 500.601562
v -20.266014 -85.580055 470.763153
v -21.988260 2.434353 333.621338
v 20.195383 -31.770773 339.157928
v -21.988256 -31.770773 339.157928
v -21.988253 -93.331787 433.754059
v 20.266014 -86.330719 468.950897
v -21.988253 -86.330719 468.950897
v 21.988256 -33.584763 339.880157
v 21.988255 -62.676411 359.669067
v -20.226519 -33.584763 339.880157
v 21.988253 -93.558342 432.615082
v 21.988253 -86.557274 467.811920
v -20.266014 -93.558342 432.615082
v -21.988256 -34.523426 340.518646
v 20.226517 -63.615074 360.307556
v -21.988255 -63.615074 360.307556
v -21.988253 -86.557266 395.456665
v 20.266018 -93.558342 430.653534
v -21.988253 -93.558342 430.653534
v 21.988255 -64.997482 361.701477
v 21.988253 -84.934875 391.539886
v -20.266016 -64.997482 361.701477
v 21.988253 -86.330711 394.317688
v 21.988253 -93.331787 429.514557
v -20.266018 -86.330711 394.317688
v -21.988255 -65.642654 362.667023
v 20.266014 -85.580048 392.505432
v -21.988253 -85.580048 392.505432
vn -0.8579 -0.5106 0.0569
vn -0.2176 0.9723 -0.0852
vn -0.5390 0.2052 0.8169
vn -0.5465 -0.2230 0.8072
vn -0.5694 -0.3729 -0.7326
vn -0.5291 0.0583 -0.8466
vn 0.6584 -0.7493 0.0708
vn -0.2611 -0.2585 0.9301
vn -0.2572 -0.4128 -0.8738
vn 0.2290 -0.9701 0.0803
vn -0.9841 0.1761 -0.0212
vn 0.3894 0.9189 -0.0635
vn -0.2644 0.3428 0.9014
vn -0.2594 0.1939 -0.9461
vn -0.2048 0.9757 -0.0784
vn 0.7969 -0.6022 0.0482
vn -0.0005 -0.1834 0.9830
vn 0.0005 -0.3338 -0.9427
vn -0.7531 -0.6552 0.0605
vn 0.2010 -0.9768 0.0744
vn -0.9087 0.4166 -0.0274
vn 0.5908 0.8047 -0.0586
vn -0.0005 0.4961 0.8683
vn 0.0005 0.3590 -0.9333
vn -0.1991 -0.9772 0.0738
vn -0.5908 0.8046 -0.0590
vn 0.9087 0.4166 -0.0272
vn 0.2644 0.3428 0.9014
vn 0.2595 0.1939 -0.9461
vn 0.1903 0.9785 -0.0793
vn 0.7531 -0.6552 0.0605
vn 0.2611 -0.2585 0.9301
vn 0.2572 -0.4128 -0.8737
vn -0.7969 -0.6023 0.0479
vn -0.2123 -0.9739 0.0803
vn -0.3894 0.9189 -0.0635
vn 0.9841 0.1761 -0.0212
vn 0.5390 0.2052 0.8169
vn 0.5291 0.0583 -0.8466
vn -0.6520 -0.7556 0.0630
vn 0.2176 0.9723 -0.0852
vn 0.8793 -0.4660 0.0985
vn 0.5465 -0.2230 0.8072
vn 0.5694 -0.3729 -0.7326
vn -0.9739 -0.2071 -0.0929
vn 0.4723 0.7644 0.4390
vn -0.0005 -0.2399 0.9708
vn -0.0964 -0.8474 0.5222
vn -0.1261 -0.0269 -0.9917
vn 0.0005 0.7019 -0.7123
vn 0.6524 -0.6371 -0.4104
vn -0.0005 -0.8518 0.5238
vn 0.0005 0.0313 -0.9995
vn 0.9534 0.2684 0.1379
vn -0.0403 -0.8872 -0.4596
vn -0.9442 0.2724 0.1852
vn -0.3137 -0.3486 0.8832
vn -0.3080 0.5396 -0.7836
vn 0.9774 -0.1937 -0.0846
vn -0.6541 -0.6356 -0.4100
vn 0.0964 -0.8474 0.5221
vn 0.1261 -0.0269 -0.9917
vn -0.4723 0.7646 0.4386
vn -0.9611 0.2457 0.1259
vn 0.9442 0.2724 0.1852
vn 0.3137 -0.3486 0.8832
vn 0.3080 0.5396 -0.7836
vn 0.0403 -0.8872 -0.4596
vn -0.2117 -0.1802 -0.9606
vn -0.5921 0.5386 0.5995
vn -0.7043 -0.3839 0.5972
vn -0.5063 -0.6881 0.5199
vn -0.2653 0.8654 -0.4251
vn 0.1087 0.9940 0.0135
vn 0.8507 -0.1877 0.4911
vn -0.1703 -0.8354 0.5226
vn 0.2588 0.9573 0.1289
vn -0.0805 0.2674 0.9602
vn 0.8683 -0.2922 -0.4008
vn 0.0039 -0.8650 0.5018
vn -0.0009 0.8836 -0.4683
vn -0.8492 -0.1325 -0.5113
vn 0.6997 0.0098 0.7144
vn 0.3156 -0.1483 -0.9372
vn -0.0005 -0.8695 0.4940
vn 0.0006 0.9196 0.3928
vn -0.8913 0.0805 0.4462
vn 0.9179 0.0806 0.3885
vn -0.4632 -0.6645 -0.5864
vn -0.2361 -0.4391 0.8669
vn -0.2497 0.4687 -0.8473
vn -0.7019 0.4922 0.5148
vn -0.7004 0.0101 0.7137
vn 0.8913 0.0803 0.4462
vn 0.1702 -0.8354 0.5226
vn -0.2587 0.9573 0.1289
vn -0.3225 -0.1472 -0.9351
vn -0.8686 -0.2934 -0.3993
vn 0.0805 0.2676 0.9602
vn 0.8492 -0.1325 -0.5112
vn 0.5062 -0.6881 0.5199
vn 0.2653 0.8654 -0.4251
vn 0.2369 -0.1988 -0.9510
vn -0.8507 -0.1877 0.4910
vn 0.5921 0.5386 0.5994
vn 0.7043 -0.3839 0.5972
vn -0.1087 0.9940 0.0135
vn 0.4678 -0.6631 -0.5843
vn -0.9181 0.0820 0.3878
vn 0.2361 -0.4391 0.8669
vn 0.2497 0.4687 -0.8473
vn 0.7019 0.4922 0.5148
vn -0.9194 -0.3928 -0.0197
vn 0.4651 0.6433 0.6082
vn 0.6845 -0.6211 -0.3817
vn 0.0178 -0.4718 0.8815
vn -0.0109 0.4611 -0.8873
vn -0.4627 0.6422 0.6112
vn 0.9167 -0.3993 -0.0164
vn -0.7061 -0.6027 -0.3716
vn 0.5252 -0.8178 -0.2353
vn -0.9507 0.1592 0.2660
vn 0.0012 -0.0619 0.9981
vn 0.0006 0.1978 -0.9802
vn 0.7124 0.6420 0.2834
vn 0.9491 0.1666 0.2674
vn -0.5251 -0.8178 -0.2355
vn -0.6910 0.6611 0.2924
vn 0.9500 -0.2842 0.1291
vn -0.6997 -0.7020 -0.1330
vn -0.3357 -0.1592 0.9284
vn -0.3576 0.0139 -0.9338
vn -0.5280 0.8049 0.2709
vn -0.9496 -0.2861 0.1282
vn 0.5280 0.8049 0.2708
vn 0.6997 -0.7020 -0.1330
vn 0.3357 -0.1591 0.9284
vn 0.3576 0.0139 -0.9338
vn 0.4978 -0.8663 0.0428
vn -0.9595 0.2657 0.0932
vn -0.0004 -0.2126 0.9771
vn 0.0004 -0.3689 -0.9295
vn 0.7013 0.7126 0.0201
vn 0.9594 0.2669 0.0916
vn -0.4979 -0.8662 0.0423
vn -0.7004 0.7135 0.0198
vn -0.4975 0.8672 -0.0223
vn 0.9597 -0.2572 0.1130
vn -0.7051 -0.7057 0.0700
vn -0.4056 -0.3258 0.8540
vn -0.4053 -0.4866 -0.7740
vn -0.9597 -0.2573 0.1127
vn 0.4965 0.8678 -0.0211
vn 0.7051 -0.7057 0.0701
vn 0.4056 -0.3258 0.8540
vn 0.4053 -0.4866 -0.7740
vn 0.9385 0.2435 0.2450
vn -0.9393 0.2331 0.2518
vn -0.2601 0.8501 -0.4580
vn -0.0005 0.8942 -0.4477
vn 0.0005 -0.5396 0.8419
vn -0.2109 -0.5331 0.8193
vn -0.0271 -0.6744 -0.7379
vn -0.1354 0.3748 -0.9172
vn -0.0933 -0.9510 0.2949
vn -0.3865 0.6255 0.6777
vn -0.8614 -0.4005 -0.3124
vn -0.6070 0.2577 -0.7517
vn -0.5278 -0.8083 0.2610
vn 0.8394 -0.3485 -0.4170
vn 0.6327 -0.5151 -0.5782
vn 0.4335 0.6016 0.6710
vn -0.0005 0.3721 -0.9282
vn 0.0005 -0.9618 0.2738
vn -0.9722 -0.1668 -0.1642
vn -0.6329 -0.5153 -0.5778
vn 0.9722 -0.1666 -0.1643
vn 0.1354 0.3747 -0.9172
vn 0.0934 -0.9510 0.2949
vn -0.4352 0.6007 0.6706
vn -0.9408 0.2389 0.2404
vn 0.0271 -0.6745 -0.7378
vn 0.9393 0.2331 0.2517
vn 0.2601 0.8501 -0.4580
vn 0.2110 -0.5331 0.8193
vn 0.4305 0.6095 0.6657
vn -0.8394 -0.3485 -0.4170
vn 0.8614 -0.4005 -0.3124
vn 0.6070 0.2577 -0.7517
vn 0.5278 -0.8083 0.2610
vn -0.7004 -0.7116 -0.0552
vn -0.4710 0.8615 0.1897
vn -0.3284 -0.4155 0.8482
vn -0.3282 -0.0588 0.9428
vn -0.3568 -0.1028 -0.9285
vn -0.3569 0.2607 -0.8970
vn 0.9396 -0.3230 0.1131
vn 0.3293 0.0600 0.9423
vn 0.3578 0.1019 -0.9282
vn 0.4709 -0.8685 -0.1550
vn -0.9394 0.2559 0.2282
vn 0.7008 0.6782 0.2211
vn 0.3291 -0.3057 0.8935
vn 0.3576 0.4497 -0.8185
vn 0.4705 -0.8617 0.1901
vn -0.9394 0.3236 0.1128
vn 0.3293 0.4154 0.8480
vn 0.3577 -0.2605 -0.8968
vn 0.7004 0.7116 -0.0550
vn 0.9393 -0.3425 -0.0200
vn -0.7010 -0.6360 -0.3226
vn -0.4709 0.7235 0.5048
vn -0.3288 -0.7085 0.6245
vn -0.3572 0.5841 -0.7288
vn -0.4716 0.8681 -0.1547
vn 0.9394 -0.2563 0.2275
vn -0.7010 -0.6779 0.2215
vn -0.3284 0.3057 0.8937
vn -0.3569 -0.4498 -0.8187
vn 0.4706 -0.7434 -0.4753
vn -0.9394 0.1493 0.3085
vn 0.7010 0.5417 0.4640
vn 0.3287 -0.6245 0.7085
vn 0.3573 0.7288 -0.5841
vn 0.4709 -0.7234 0.5049
vn -0.9394 0.3423 -0.0196
vn 0.3287 0.7085 0.6245
vn 0.3573 -0.5841 -0.7288
vn 0.7011 0.6356 -0.3232
vn 0.9394 -0.3086 -0.1492
vn -0.7010 -0.4638 -0.5418
vn -0.4710 0.4747 0.7435
vn -0.3282 -0.8938 0.3057
vn -0.3568 0.8188 -0.4498
vn -0.4713 0.7431 -0.4751
vn 0.9394 -0.1492 0.3086
vn -0.7010 -0.5417 0.4639
vn -0.3288 0.6245 0.7085
vn -0.3572 -0.7288 -0.5841
vn 0.4709 -0.5049 -0.7234
vn -0.9394 0.0194 0.3423
vn 0.7011 0.3231 0.6356
vn 0.3292 -0.8480 0.4153
vn 0.3577 0.8968 -0.2605
vn 0.4706 -0.4753 0.7434
vn -0.9394 0.3084 -0.1493
vn 0.3291 0.8934 0.3057
vn 0.3576 -0.8184 -0.4497
vn 0.7010 0.4640 -0.5417
vn -0.7006 -0.2211 -0.6785
vn -0.4710 0.1537 0.8686
vn -0.3283 -0.9427 -0.0601
vn -0.3568 0.9286 -0.1018
vn 0.9393 -0.2279 -0.2563
vn 0.9393 -0.0199 0.3425
vn -0.7010 -0.3226 0.6361
vn -0.3284 0.8482 0.4156
vn -0.3569 -0.8970 -0.2607
vn -0.4709 0.5048 -0.7235
vn 0.4705 -0.1899 -0.8617
vn -0.9393 -0.1133 0.3237
vn 0.7015 0.0546 0.7106
vn 0.3293 -0.9424 0.0588
vn 0.3578 0.9281 0.1029
vn 0.4709 -0.1538 0.8687
vn -0.9395 0.2278 -0.2559
vn 0.3293 0.9424 -0.0588
vn 0.3578 -0.9281 -0.1029
vn 0.7008 0.2211 -0.6782
vn -0.7004 0.0556 -0.7116
vn -0.4710 -0.1899 0.8615
vn -0.3284 -0.8482 -0.4156
vn -0.3569 0.8970 0.2607
vn 0.9392 -0.1124 -0.3244
vn -0.7004 -0.0556 0.7116
vn -0.4710 0.1899 -0.8615
vn -0.3283 0.9427 0.0601
vn -0.3568 -0.9286 0.1018
vn 0.9392 0.1124 0.3244
vn 0.4709 0.1539 -0.8686
vn -0.9395 -0.2279 0.2559
vn 0.7010 -0.2214 0.6780
vn 0.3287 -0.8935 -0.3058
vn 0.3573 0.8185 0.4498
vn 0.4705 0.1899 0.8617
vn -0.9393 0.1133 -0.3237
vn 0.3292 0.8480 -0.4153
vn 0.3577 -0.8968 0.2605
vn 0.7015 -0.0546 -0.7106
vn -0.4709 -0.5048 0.7235
vn 0.9394 0.0198 -0.3421
vn -0.3288 -0.6245 -0.7085
vn -0.3573 0.7288 0.5841
vn -0.7010 0.3226 -0.6360
vn -0.7007 0.2211 0.6783
vn -0.4710 -0.1537 -0.8687
vn -0.3284 0.8937 -0.3057
vn -0.3569 -0.8187 0.4498
vn 0.9393 0.2279 0.2563
vn 0.4709 0.4752 -0.7433
vn -0.9394 -0.3085 0.1493
vn 0.7010 -0.4639 0.5417
vn 0.3287 -0.7085 -0.6245
vn 0.3573 0.5841 0.7288
vn 0.4709 0.5049 0.7234
vn -0.9394 -0.0195 -0.3423
vn 0.3287 0.6245 -0.7085
vn 0.3573 -0.7288 0.5841
vn 0.7011 -0.3232 -0.6356
vn -0.4709 -0.7433 0.4752
vn 0.9394 0.1493 -0.3085
vn -0.3288 -0.3058 -0.8935
vn -0.3572 0.4498 0.8186
vn -0.7010 0.5417 -0.4639
vn 0.9394 0.3086 0.1492
vn -0.7010 0.4639 0.5417
vn -0.3288 0.7085 -0.6245
vn -0.3572 -0.5841 0.7288
vn -0.4710 -0.4748 -0.7435
vn -0.9394 -0.3421 0.0198
vn 0.7011 -0.6357 0.3231
vn 0.3291 -0.4154 -0.8480
vn 0.3576 0.2605 0.8968
vn 0.4709 0.7234 -0.5049
vn -0.9395 -0.1493 -0.3084
vn 0.7010 -0.5417 -0.4640
vn 0.4711 0.7430 0.4754
vn 0.3293 0.3056 -0.8934
vn 0.3577 -0.4497 0.8184
vn -0.4716 -0.8682 0.1544
vn 0.9394 0.2562 -0.2280
vn -0.3282 0.0601 -0.9427
vn -0.3568 0.1018 0.9286
vn -0.7010 0.6780 -0.2212
vn -0.4709 -0.7234 -0.5048
vn 0.9396 0.3418 0.0200
vn -0.7010 0.6361 0.3226
vn -0.3284 0.4156 -0.8482
vn -0.3569 -0.2607 0.8970
vn -0.9397 -0.3230 -0.1123
vn 0.7015 -0.7106 0.0546
vn 0.3293 -0.0588 -0.9424
vn 0.3578 -0.1029 0.9281
vn 0.4707 0.8617 -0.1893
vn -0.9397 -0.2558 -0.2272
vn 0.7008 -0.6783 -0.2211
vn 0.4702 0.8689 0.1545
vn -0.4713 -0.8614 -0.1895
vn 0.9392 0.3244 -0.1124
vn -0.7010 0.7110 0.0546
vn 0.5009 -0.6099 -0.6142
vn -0.8190 -0.4536 0.3514
vn 0.3495 -0.8086 0.4732
vn 0.6391 -0.6412 0.4248
vn -0.1383 0.0363 -0.9897
vn -0.6785 0.0070 -0.7346
vn 0.3334 0.8646 0.3760
vn 0.8449 -0.4040 0.3506
vn -0.2948 0.5215 -0.8007
vn -0.6541 -0.1338 0.7445
vn 0.7748 0.6102 -0.1655
vn 0.4926 -0.7884 0.3686
vn -0.8800 0.2256 -0.4179
vn 0.0173 -0.7727 -0.6345
vn -0.6113 -0.7273 0.3119
vn 0.3689 0.7858 0.4964
vn 0.9421 -0.2730 0.1946
vn -0.4581 0.7533 -0.4719
vn 0.5230 -0.1762 -0.8339
vn -0.2786 -0.7708 -0.5729
vn -0.1942 0.2060 0.9591
vn 0.6051 -0.7239 0.3314
vn -0.9548 0.2546 -0.1537
vn 0.6328 0.5324 -0.5623
vn 0.4362 0.8166 0.3779
vn 0.2102 -0.2187 -0.9529
vn 0.9938 -0.0907 0.0650
vn -0.4676 0.8021 -0.3714
vn -0.4967 -0.4272 0.7555
vn -0.4682 -0.8634 -0.1878
vn 0.0753 0.6003 0.7962
vn 0.9778 -0.1663 0.1277
vn -0.5719 0.6946 -0.4363
vn 0.3800 0.1756 -0.9082
vn 0.4691 0.8782 0.0936
vn -0.0881 -0.6107 -0.7870
vn -0.3697 -0.1100 0.9226
vn 0.5113 -0.7222 0.4658
vn -0.9898 0.1123 -0.0875
vn -0.0803 0.5143 0.8538
vn 0.4284 0.1755 -0.8864
vn 0.4783 -0.6554 0.5846
vn -0.9711 0.1489 -0.1865
vn -0.3987 -0.8970 -0.1909
vn 0.3479 0.8893 0.2968
vn 0.1035 -0.4838 -0.8691
vn 0.9693 -0.1291 0.2091
vn -0.4766 0.6589 -0.5820
vn -0.5212 -0.1810 0.8340
vn -0.0999 0.6801 0.7263
vn 0.5391 0.0607 -0.8400
vn 0.4770 -0.5149 0.7123
vn -0.9382 0.1605 -0.3067
vn -0.4112 -0.8971 -0.1618
vn 0.1082 -0.6781 -0.7270
vn -0.4837 0.1247 0.8663
vn 0.4024 0.9155 -0.0020
vn 0.9800 -0.0668 0.1875
vn -0.3622 0.5518 -0.7513
vn -0.5034 -0.8583 0.0996
vn 0.0509 0.8709 0.4889
vn 0.8756 -0.1341 0.4641
vn -0.2717 0.4281 -0.8619
vn 0.4667 -0.2777 -0.8397
vn 0.6134 0.7585 -0.2199
vn -0.0997 -0.8442 -0.5267
vn -0.4695 0.5614 0.6815
vn 0.1625 -0.4048 0.8998
vn -0.9031 0.0955 -0.4187
vn -0.6516 -0.7183 0.2438
vn 0.0105 0.9774 0.2112
vn -0.2143 -0.2088 0.9542
vn -0.7863 0.1009 -0.6095
vn 0.5536 -0.6070 -0.5701
vn 0.1103 -0.9501 -0.2917
vn -0.7369 0.5782 0.3503
vn 0.6318 0.7737 0.0471
vn 0.6160 -0.1419 0.7748
vn -0.0054 0.2161 -0.9764
vn 0.0088 0.9765 0.2154
vn 0.7546 -0.6094 -0.2433
vn 0.3001 -0.0919 0.9495
vn -0.3006 0.1472 -0.9423
vn -0.7051 -0.7088 0.0184
vn -0.5009 -0.6099 -0.6142
vn -0.3334 0.8646 0.3760
vn -0.8449 -0.4040 0.3506
vn -0.6391 -0.6412 0.4248
vn 0.1383 0.0363 -0.9897
vn 0.2948 0.5215 -0.8007
vn 0.8190 -0.4536 0.3514
vn -0.3496 -0.8086 0.4732
vn 0.6785 0.0070 -0.7346
vn 0.6816 -0.1494 0.7163
vn -0.0173 -0.7727 -0.6345
vn -0.4926 -0.7884 0.3686
vn 0.8800 0.2256 -0.4179
vn -0.7748 0.6102 -0.1655
vn 0.6219 -0.7339 0.2734
vn -0.5230 -0.1762 -0.8339
vn -0.3689 0.7858 0.4964
vn -0.9421 -0.2730 0.1946
vn 0.4581 0.7533 -0.4719
vn 0.1950 0.2162 0.9567
vn 0.3035 -0.7514 -0.5860
vn -0.6051 -0.7239 0.3314
vn 0.9548 0.2546 -0.1537
vn -0.6328 0.5324 -0.5623
vn -0.3816 0.8412 0.3832
vn 0.4967 -0.4272 0.7555
vn -0.9938 -0.0907 0.0650
vn 0.4676 0.8021 -0.3714
vn -0.2102 -0.2187 -0.9529
vn -0.0735 0.5890 0.8048
vn 0.4637 -0.8682 -0.1765
vn -0.9778 -0.1663 0.1277
vn 0.5719 0.6946 -0.4363
vn -0.3800 0.1756 -0.9082
vn 0.1006 -0.6119 -0.7845
vn -0.4564 0.8846 0.0962
vn 0.3697 -0.1100 0.9226
vn -0.5113 -0.7222 0.4658
vn 0.9898 0.1123 -0.0875
vn 0.1062 0.5129 0.8518
vn 0.3987 -0.8970 -0.1909
vn -0.4783 -0.6554 0.5846
vn 0.9711 0.1489 -0.1865
vn -0.4284 0.1755 -0.8864
vn -0.1174 -0.4776 -0.8707
vn -0.3680 0.8838 0.2889
vn -0.9693 -0.1291 0.2091
vn 0.4766 0.6589 -0.5820
vn 0.5212 -0.1810 0.8340
vn 0.0549 0.7227 0.6890
vn 0.4113 -0.8970 -0.1618
vn -0.4770 -0.5149 0.7123
vn 0.9382 0.1605 -0.3067
vn -0.5391 0.0607 -0.8400
vn -0.0882 -0.6972 -0.7114
vn -0.4024 0.9155 -0.0021
vn -0.9800 -0.0668 0.1875
vn 0.3622 0.5518 -0.7513
vn 0.4837 0.1247 0.8663
vn -0.0559 0.9026 0.4268
vn 0.4936 -0.8567 0.1496
vn -0.8756 -0.1341 0.4641
vn 0.2717 0.4281 -0.8619
vn -0.4667 -0.2777 -0.8397
vn 0.0936 -0.8807 -0.4643
vn -0.6658 0.7129 -0.2202
vn 0.4695 0.5614 0.6815
vn -0.1625 -0.4048 0.8998
vn 0.9031 0.0955 -0.4187
vn -0.4971 -0.6328 -0.5937
vn -0.0105 0.9774 0.2112
vn 0.2143 -0.2088 0.9542
vn 0.7863 0.1008 -0.6095
vn 0.6410 -0.7273 0.2453
vn 0.7953 0.4321 0.4252
vn -0.1247 -0.9714 -0.2021
vn -0.6318 0.7737 0.0471
vn -0.6160 -0.1419 0.7748
vn 0.0054 0.2161 -0.9764
vn -0.0096 0.9765 0.2155
vn 0.7051 -0.7088 0.0184
vn -0.3001 -0.0919 0.9495
vn 0.3005 0.1472 -0.9423
vn -0.7546 -0.6094 -0.2433
vn -0.8485 -0.3780 0.3704
vn 0.4060 0.1567 -0.9003
vn -0.0007 0.9119 0.4104
vn -0.4491 0.7698 0.4535
vn 0.5774 -0.8163 0.0137
vn 0.0004 -0.9831 -0.1830
vn 0.7450 -0.0910 0.6608
vn -0.0005 0.7307 0.6827
vn 0.0006 -0.9824 0.1866
vn -0.4053 0.1570 -0.9006
vn 0.8506 -0.3752 0.3684
vn 0.4490 0.7698 0.4535
vn -0.5774 -0.8164 0.0137
vn -0.7463 -0.0911 0.6594
vn -0.4180 -0.5842 0.6957
vn -0.2223 -0.0938 -0.9705
vn -0.8660 0.4783 0.1461
vn -0.8347 0.2984 0.4629
vn 0.3689 -0.9033 0.2188
vn 0.4962 -0.8287 -0.2588
vn 0.7118 0.5355 0.4545
vn 0.8685 0.3613 -0.3393
vn -0.2896 -0.5303 0.7968
vn -0.6657 -0.1012 -0.7394
vn -0.4820 0.8541 0.1956
vn 0.5531 -0.7689 -0.3207
vn 0.5437 0.6143 -0.5718
vn 0.3324 -0.0586 0.9413
vn -0.6766 -0.4983 -0.5421
vn -0.6698 -0.7021 0.2418
vn 0.2938 0.4620 -0.8368
vn -0.5454 0.7738 0.3221
vn 0.4824 -0.7571 -0.4406
vn 0.5602 0.2235 0.7977
vn 0.6795 0.7185 -0.1485
vn -0.1671 -0.6156 0.7702
vn -0.5045 -0.1067 -0.8568
vn -0.9436 0.3001 0.1395
vn 0.2897 -0.8504 -0.4393
vn -0.1925 0.3171 -0.9286
vn 0.6741 0.2605 0.6912
vn -0.8436 0.3722 0.3871
vn 0.3044 -0.7403 -0.5994
vn -0.5628 -0.7557 0.3348
vn 0.8430 0.4145 -0.3429
vn -0.2616 -0.5975 0.7580
vn 0.0001 0.8499 0.5270
vn 0.0007 -0.9539 -0.3001
vn -0.6694 -0.0353 -0.7421
vn -0.8415 -0.3902 0.3737
vn 0.3732 0.2111 -0.9034
vn 0.7256 -0.1282 0.6761
vn 0.5251 0.7411 -0.4185
vn 0.3053 -0.4034 0.8626
vn -0.4764 0.6794 0.5580
vn 0.4288 -0.6228 -0.6544
vn -0.7678 -0.2017 -0.6081
vn 0.7747 0.0669 0.6288
vn -0.5174 -0.8143 0.2629
vn -0.2301 0.5994 -0.7667
vn -0.7587 0.2845 0.5860
vn 0.1835 -0.4474 -0.8753
vn -0.8397 -0.4265 0.3362
vn 0.3478 0.3807 -0.8568
vn -0.0004 0.7389 0.6738
vn -0.0009 -0.7630 -0.6464
vn 0.7326 -0.2273 0.6415
vn 0.8020 0.5267 -0.2816
vn -0.2293 -0.7297 0.6441
vn -0.7064 0.1457 -0.6927
vn -0.3727 0.2112 -0.9036
vn 0.8552 -0.3708 0.3622
vn 0.4920 0.8407 0.2263
vn -0.5500 -0.7801 -0.2982
vn -0.7264 -0.1285 0.6751
vn 0.2899 -0.5312 0.7961
vn -0.8685 0.3603 -0.3406
vn 0.6657 -0.1012 -0.7393
vn 0.6828 -0.4948 -0.5376
vn -0.3324 -0.0586 0.9413
vn 0.8660 0.4783 0.1461
vn -0.4962 -0.8287 -0.2588
vn -0.5439 0.6323 -0.5518
vn 0.2297 -0.0924 -0.9689
vn 0.4731 -0.5730 0.6692
vn 0.8347 0.2984 0.4629
vn -0.3689 -0.9033 0.2189
vn -0.7118 0.5355 0.4545
vn 0.2616 -0.5978 0.7577
vn -0.8431 0.4142 -0.3431
vn 0.6694 -0.0353 -0.7421
vn 0.5424 0.7776 0.3179
vn -0.4858 -0.7557 -0.4391
vn -0.2915 0.4634 -0.8368
vn 0.6642 -0.7054 0.2474
vn -0.5602 0.2235 0.7977
vn -0.3485 0.3795 -0.8570
vn 0.8368 -0.4296 0.3393
vn -0.7335 -0.2271 0.6407
vn 0.1685 -0.6106 0.7738
vn -0.6788 0.7182 -0.1534
vn 0.5045 -0.1067 -0.8568
vn 0.9436 0.3001 0.1395
vn -0.2897 -0.8504 -0.4393
vn 0.1933 0.3211 -0.9271
vn 0.5628 -0.7557 0.3348
vn 0.8436 0.3722 0.3871
vn -0.3044 -0.7403 -0.5994
vn -0.6741 0.2605 0.6912
vn -0.3051 -0.3994 0.8645
vn -0.5247 0.7409 -0.4193
vn 0.4781 0.6786 0.5576
vn -0.4303 -0.6231 -0.6532
vn 0.7678 -0.2017 -0.6081
vn 0.2291 -0.7299 0.6440
vn -0.8017 0.5264 -0.2831
vn 0.7043 0.1471 -0.6945
vn 0.2522 0.6436 -0.7226
vn 0.5174 -0.8143 0.2629
vn 0.7587 0.2845 0.5860
vn -0.1835 -0.4474 -0.8753
vn -0.7746 0.0668 0.6289
vn 0.6214 -0.7032 0.3455
vn -0.9222 -0.0713 0.3801
vn 0.3919 0.5661 -0.7252
vn 0.2725 0.5248 0.8065
vn -0.3485 -0.5272 -0.7750
vn 0.8092 0.2097 -0.5488
vn -0.2860 -0.7135 0.6397
vn -0.5953 0.7963 -0.1072
vn -0.2908 0.8857 -0.3619
vn 0.7467 -0.6594 -0.0873
vn 0.1440 0.2743 0.9508
vn -0.3071 -0.3412 -0.8884
vn -0.6759 -0.4568 0.5783
vn 0.1702 -0.9647 0.2010
vn -0.9490 0.1257 0.2891
vn 0.2474 0.8791 -0.4074
vn 0.6976 0.2701 0.6636
vn 0.1283 -0.0830 -0.9883
vn 0.9345 0.1230 -0.3340
vn -0.2677 -0.9366 0.2262
vn -0.4406 0.8931 -0.0906
vn 0.3217 0.4484 0.8339
vn 0.0620 0.0819 -0.9947
vn -0.8955 -0.3092 0.3201
vn 0.2410 0.8103 -0.5342
vn 0.0220 0.6132 0.7896
vn 0.0007 -0.4386 -0.8987
vn 0.6364 -0.7254 0.2623
vn -0.3971 -0.7201 0.5689
vn -0.6693 0.6120 -0.4213
vn 0.9486 0.1983 -0.2466
vn -0.8736 -0.4505 0.1840
vn 0.2565 0.9103 -0.3249
vn 0.0300 0.4160 0.9089
vn 0.0006 -0.1919 -0.9814
vn 0.7353 -0.6700 0.1022
vn 0.8759 0.4152 -0.2457
vn -0.2995 -0.8895 0.3450
vn -0.6958 0.6557 -0.2931
vn 0.9184 0.3780 -0.1170
vn -0.2723 -0.9527 0.1352
vn -0.6113 0.7814 -0.1252
vn -0.0005 0.5796 0.8149
vn 0.0005 0.2564 -0.9666
vn 0.2397 -0.9560 0.1689
vn -0.9211 0.3734 -0.1103
vn -0.3218 0.4484 0.8339
vn -0.0620 0.0819 -0.9947
vn 0.6113 0.7815 -0.1248
vn -0.2598 0.9086 -0.3271
vn 0.8588 -0.4882 0.1553
vn -0.6832 -0.7192 0.1267
vn -0.1134 0.2962 0.9484
vn 0.2928 -0.3655 -0.8836
vn 0.2737 -0.8884 0.3687
vn -0.8969 0.3952 -0.1984
vn 0.7138 0.6389 -0.2868
vn -0.9451 0.0477 -0.3232
vn 0.4406 0.8931 -0.0906
vn -0.6976 0.2701 0.6636
vn -0.1283 -0.0830 -0.9883
vn 0.3363 -0.9137 0.2280
vn 0.9611 0.1554 0.2284
vn -0.1347 -0.9774 0.1628
vn -0.2474 0.8791 -0.4074
vn -0.2832 0.7676 -0.5749
vn 0.8875 -0.3442 0.3064
vn -0.6949 -0.6995 0.1664
vn -0.2631 0.4247 0.8663
vn 0.3797 -0.4756 -0.7935
vn -0.7750 -0.6117 -0.1589
vn 0.2222 0.9100 -0.3500
vn 0.6157 -0.5548 0.5595
vn 0.3952 -0.7208 0.5694
vn -0.9074 0.2624 -0.3282
vn 0.6848 0.6001 -0.4134
vn 0.2867 -0.7132 0.6396
vn -0.7895 0.1334 -0.5990
vn 0.6850 0.7230 -0.0897
vn -0.6235 -0.7027 0.3428
vn -0.2875 0.6011 -0.7457
vn 0.9226 -0.0709 0.3792
vn 0.1048 -0.2691 -0.9574
vn -0.5671 0.1735 0.8052
vn 0.4304 -0.8202 0.3769
vn 0.3736 -0.9182 -0.1319
vn 0.3885 0.7739 -0.5002
vn 0.4572 0.8893 0.0102
vn 0.8660 0.0682 0.4954
vn 0.5383 -0.6903 0.4833
vn 0.6033 0.7792 0.1700
vn -0.0261 0.2079 0.9778
vn 0.7674 -0.1476 -0.6240
vn -0.7554 -0.1393 -0.6403
vn -0.3836 -0.9122 -0.1440
vn -0.3798 0.7688 -0.5146
vn -0.0714 -0.2416 -0.9677
vn -0.2762 0.1887 0.9424
vn -0.0787 -0.8819 0.4648
vn -0.0708 0.9966 0.0432
vn 0.9783 0.0259 0.2057
vn -0.0972 -0.2646 -0.9595
vn -0.8660 0.0682 0.4954
vn -0.5383 -0.6903 0.4833
vn -0.3736 -0.9182 -0.1319
vn -0.3885 0.7739 -0.5002
vn -0.6033 0.7792 0.1700
vn 0.5671 0.1735 0.8052
vn -0.4305 -0.8201 0.3769
vn -0.4571 0.8894 0.0102
vn 0.0130 0.2074 0.9782
vn 0.7556 -0.1385 -0.6403
vn 0.3835 -0.9122 -0.1445
vn 0.3804 0.7685 -0.5145
vn -0.7674 -0.1476 -0.6240
vn 0.2612 0.2038 0.9435
vn 0.0724 -0.2434 -0.9672
vn 0.0781 -0.8818 0.4651
vn 0.0716 0.9965 0.0433
vn -0.9783 0.0261 0.2056
vn 0.9242 -0.3460 -0.1618
vn -0.0675 0.9668 0.2464
vn -0.2504 0.5735 -0.7800
vn -0.0031 0.4281 -0.9037
vn 0.0006 -0.2287 0.9735
vn -0.2343 0.1415 0.9618
vn -0.9007 -0.4124 -0.1364
vn -0.3173 0.4319 -0.8443
vn -0.2710 -0.2702 0.9239
vn -0.9830 0.1829 0.0168
vn 0.3955 -0.8839 -0.2495
vn 0.5493 0.7949 0.2579
vn -0.0005 0.6755 -0.7373
vn 0.0005 0.2049 0.9788
vn -0.3916 -0.8844 -0.2540
vn 0.9832 0.1820 0.0150
vn 0.2503 0.5735 -0.7800
vn 0.2343 0.1415 0.9618
vn -0.5515 0.7933 0.2579
vn 0.0688 0.9664 0.2477
vn -0.9230 -0.3509 -0.1581
vn 0.9007 -0.4124 -0.1364
vn 0.3172 0.4320 -0.8442
vn 0.2710 -0.2703 0.9239
vn -0.9124 0.3855 0.1376
vn 0.3822 -0.8185 -0.4290
vn 0.0047 0.6148 -0.7887
vn 0.0033 -0.4561 0.8899
vn 0.7068 0.6576 0.2608
vn -0.3873 -0.8193 -0.4228
vn 0.9175 0.3836 0.1051
vn -0.7107 0.6538 0.2598
vn 0.9230 -0.2897 -0.2531
vn -0.3798 0.8280 0.4125
vn -0.6938 -0.6333 -0.3430
vn -0.3701 0.4489 -0.8133
vn -0.3187 -0.6152 0.7211
vn -0.9276 -0.2793 -0.2479
vn 0.6938 -0.6333 -0.3429
vn 0.3701 0.4489 -0.8133
vn 0.3188 -0.6152 0.7210
vn 0.3798 0.8279 0.4127
vn -0.9170 0.3364 0.2145
vn 0.3609 -0.6907 -0.6267
vn -0.0003 0.7753 -0.6316
vn 0.0006 -0.7809 0.6247
vn 0.6926 0.5929 0.4109
vn -0.3606 -0.6908 -0.6267
vn 0.9168 0.3376 0.2133
vn -0.6934 0.5920 0.4108
vn 0.9114 -0.2132 -0.3519
vn -0.3603 0.6827 0.6356
vn -0.6962 -0.4922 -0.5225
vn -0.4582 0.6956 -0.5534
vn -0.4171 -0.7060 0.5724
vn -0.9117 -0.2131 -0.3514
vn 0.6962 -0.4922 -0.5225
vn 0.4582 0.6956 -0.5534
vn 0.4171 -0.7060 0.5724
vn 0.3603 0.6826 0.6358
vn -0.3174 -0.4758 -0.8203
vn 0.8794 0.3312 0.3419
vn -0.3763 0.8969 -0.2323
vn -0.3275 -0.8435 0.4257
vn -0.7115 0.3910 0.5839
vn -0.8796 0.3310 0.3417
vn 0.3143 -0.4734 -0.8229
vn 0.3763 0.8969 -0.2324
vn 0.3275 -0.8435 0.4257
vn 0.7115 0.3910 0.5839
vn 0.3138 0.4632 0.8288
vn -0.8904 -0.1543 -0.4282
vn 0.7000 -0.2711 -0.6607
vn -0.0024 0.9081 -0.4187
vn -0.0010 -0.9760 0.2176
vn 0.8888 -0.1598 -0.4295
vn -0.3142 0.4624 0.8292
vn -0.6993 -0.2717 -0.6612
vn -0.3491 -0.1946 -0.9167
vn 0.9030 0.1946 0.3831
vn -0.2730 0.9615 -0.0325
vn -0.2135 -0.9750 0.0611
vn -0.6999 0.1728 0.6930
vn -0.9038 0.1966 0.3802
vn 0.3471 -0.1927 -0.9178
vn 0.2730 0.9615 -0.0324
vn 0.2135 -0.9750 0.0611
vn 0.7000 0.1728 0.6930
vn 0.3453 0.1801 0.9210
vn -0.9041 -0.0168 -0.4269
vn 0.7055 -0.0462 -0.7072
vn 0.0070 0.9988 -0.0494
vn 0.0053 -0.9990 0.0438
vn 0.9032 -0.0198 -0.4288
vn -0.3476 0.1771 0.9208
vn -0.7048 -0.0466 -0.7079
vn 0.7096 0.0133 0.7045
vn -0.9465 0.0071 0.3225
vn 0.4450 0.0486 -0.8942
vn -0.0005 0.9823 -0.1871
vn 0.0005 -0.9390 -0.3440
vn -0.4431 0.0501 -0.8951
vn 0.9465 0.0072 0.3225
vn -0.7058 0.0180 0.7082
vn -0.4414 -0.0740 0.8942
vn -0.7045 0.0674 -0.7065
vn -0.4234 0.8512 -0.3101
vn -0.3666 -0.7940 -0.4850
vn 0.9447 0.0964 -0.3135
vn 0.4456 -0.0740 0.8921
vn -0.9453 0.0960 -0.3117
vn 0.7045 0.0674 -0.7065
vn 0.4234 0.8512 -0.3101
vn 0.3666 -0.7940 -0.4850
vn -0.7112 -0.1600 0.6846
vn 0.1492 0.8536 -0.4991
vn 0.7045 0.4831 0.5200
vn 0.2904 0.3976 0.8704
vn -0.8711 -0.2638 -0.4143
vn -0.3981 -0.1328 -0.9077
vn 0.5146 -0.8567 -0.0358
vn 0.9101 0.2000 0.3629
vn -0.2967 -0.4643 -0.8345
vn 0.6028 0.4532 -0.6567
vn -0.0697 -0.8874 0.4557
vn -0.7562 0.6288 0.1810
vn -0.0539 0.6804 0.7308
vn -0.8919 0.1343 -0.4319
vn 0.0327 -0.8456 0.5329
vn -0.5390 0.8388 0.0772
vn 0.5266 0.5593 0.6402
vn -0.9696 -0.1707 -0.1751
vn 0.6075 0.1861 -0.7722
vn 0.0256 0.7911 -0.6112
vn 0.4063 -0.9136 -0.0158
vn 0.9921 0.0652 0.1076
vn -0.4854 -0.6117 -0.6247
vn -0.4705 -0.1011 0.8766
vn 0.4364 -0.0716 -0.8969
vn 0.0739 -0.6064 0.7917
vn 0.7703 0.5991 0.2185
vn -0.9993 0.0051 -0.0380
vn -0.3930 0.9181 -0.0514
vn -0.2698 0.1705 0.9477
vn 0.0029 0.5406 -0.8413
vn 0.1973 -0.9471 0.2531
vn 0.9769 -0.2111 -0.0315
vn -0.6341 -0.7191 -0.2842
vn 0.3241 -0.5067 -0.7989
vn -0.0226 -0.1479 0.9887
vn 0.9412 0.3190 0.1113
vn -0.9402 -0.3390 0.0334
vn -0.1855 0.8864 -0.4241
vn -0.1553 0.8398 -0.5202
vn 0.7001 -0.1884 0.6887
vn -0.2904 0.3976 0.8704
vn -0.7045 0.4831 0.5200
vn 0.3981 -0.1328 -0.9077
vn 0.8711 -0.2638 -0.4143
vn -0.5146 -0.8567 -0.0358
vn -0.9101 0.2000 0.3629
vn 0.2967 -0.4643 -0.8345
vn 0.0535 -0.8762 0.4789
vn -0.6244 0.4433 -0.6431
vn 0.7562 0.6288 0.1810
vn 0.0539 0.6804 0.7308
vn 0.8919 0.1343 -0.4319
vn -0.0083 -0.8347 0.5506
vn -0.6075 0.1861 -0.7722
vn -0.5266 0.5593 0.6402
vn 0.9696 -0.1707 -0.1751
vn 0.5390 0.8388 0.0772
vn -0.0299 0.7872 -0.6160
vn 0.4705 -0.1011 0.8766
vn -0.4063 -0.9136 -0.0158
vn -0.9921 0.0652 0.1076
vn 0.4854 -0.6117 -0.6247
vn 0.0217 -0.5691 0.8220
vn -0.3746 -0.0610 -0.9252
vn -0.7703 0.5991 0.2185
vn 0.9993 0.0051 -0.0380
vn 0.3930 0.9181 -0.0514
vn -0.0191 0.5993 -0.8003
vn 0.2157 0.2701 0.9384
vn -0.1973 -0.9471 0.2531
vn -0.9769 -0.2111 -0.0315
vn 0.6341 -0.7191 -0.2842
vn -0.2150 -0.3584 -0.9085
vn 0.1855 0.8864 -0.4241
vn 0.0226 -0.1479 0.9887
vn -0.9412 0.3190 0.1113
vn 0.9402 -0.3390 0.0334
vn -0.8667 0.0942 -0.4899
vn 0.2846 0.2181 0.9335
vn -0.0005 -0.9399 0.3414
vn -0.3423 -0.9081 -0.2410
vn 0.2249 0.8863 -0.4048
vn 0.0005 0.9929 0.1186
vn 0.6890 -0.1371 -0.7117
vn -0.0004 -0.9445 -0.3284
vn 0.0006 0.8461 -0.5330
vn -0.2877 0.2206 0.9320
vn 0.8681 0.0924 -0.4877
vn 0.3423 -0.9082 -0.2410
vn -0.2248 0.8863 -0.4048
vn -0.6891 -0.1367 -0.7117
vn 0.8869 -0.0556 0.4586
vn -0.2349 0.1214 -0.9644
vn -0.6547 0.2390 0.7171
vn -0.2994 -0.8565 0.4205
vn 0.4094 0.8862 0.2167
vn -0.8326 0.4403 -0.3361
vn 0.3138 0.0403 0.9486
vn -0.8023 -0.5823 -0.1313
vn 0.1443 0.9466 -0.2882
vn 0.5208 -0.3036 -0.7979
vn 0.8309 -0.4242 0.3600
vn -0.2186 0.1145 -0.9691
vn -0.4708 0.4052 0.7837
vn -0.7117 -0.5138 0.4790
vn 0.2278 0.9255 0.3027
vn 0.2351 0.1222 -0.9643
vn -0.8891 -0.0622 0.4535
vn 0.6547 0.2391 0.7171
vn 0.2994 -0.8565 0.4205
vn -0.4094 0.8862 0.2167
vn -0.3217 0.0417 0.9459
vn 0.8362 0.4372 -0.3312
vn 0.8023 -0.5823 -0.1313
vn -0.1443 0.9466 -0.2882
vn -0.5208 -0.3036 -0.7979
vn 0.2200 0.1198 -0.9681
vn -0.8291 -0.4353 0.3508
vn 0.4708 0.4052 0.7837
vn 0.7117 -0.5138 0.4790
vn -0.2278 0.9255 0.3027
vn -0.6568 0.4728 -0.5875
vn 0.2289 0.1335 0.9643
vn -0.2837 -0.9005 0.3296
vn -0.8522 -0.5225 -0.0259
vn 0.1367 0.9729 0.1868
vn 0.4319 0.7794 0.4540
vn 0.6390 -0.2297 -0.7341
vn -0.3699 -0.9204 -0.1269
vn 0.3595 0.9237 0.1323
vn 0.7148 -0.4474 0.5374
vn 0.0687 0.3717 -0.9258
vn -0.5362 0.2875 0.7936
vn -0.7510 -0.5487 0.3672
vn 0.1777 0.8579 0.4821
vn 0.6719 -0.4690 0.5733
vn 0.1017 0.5102 -0.8540
vn -0.8379 -0.5375 -0.0946
vn 0.1418 0.9480 0.2849
vn -0.5861 0.2782 0.7610
vn 0.7946 -0.1709 0.5825
vn -0.0026 0.6016 -0.7988
vn 0.0004 -0.9633 0.2685
vn -0.0005 0.9049 0.4257
vn -0.6401 0.1412 0.7552
vn -0.6524 0.5251 -0.5465
vn 0.2403 0.0578 0.9690
vn 0.6296 -0.1418 -0.7638
vn -0.3669 -0.8994 -0.2377
vn 0.3612 0.9045 0.2267
vn 0.6721 -0.5345 0.5124
vn 0.0800 0.5867 -0.8059
vn -0.8567 -0.4987 -0.1315
vn 0.1610 0.9204 0.3564
vn -0.5867 0.1684 0.7921
vn -0.7653 0.2343 -0.5996
vn 0.1849 0.3893 0.9024
vn 0.6946 0.0418 -0.7182
vn -0.0002 -0.9839 -0.1787
vn -0.0003 0.9951 0.0986
vn 0.7665 -0.2204 0.6033
vn 0.0070 0.7013 -0.7128
vn -0.6626 0.0907 0.7435
vn -0.6947 0.0411 -0.7181
vn -0.1848 0.3882 0.9028
vn 0.7646 0.2296 -0.6023
vn 0.3690 -0.9196 -0.1348
vn -0.3582 0.9251 0.1263
vn 0.0031 0.6010 -0.7993
vn -0.7950 -0.1721 0.5817
vn 0.6401 0.1412 0.7552
vn 0.2837 -0.9005 0.3296
vn -0.4319 0.7794 0.4540
vn -0.2252 0.1286 0.9658
vn 0.6506 0.4731 -0.5940
vn 0.8522 -0.5225 -0.0259
vn -0.1367 0.9729 0.1868
vn -0.6349 -0.2364 -0.7356
vn -0.0795 0.3766 -0.9229
vn -0.7142 -0.4515 0.5349
vn 0.5362 0.2875 0.7936
vn 0.7510 -0.5487 0.3672
vn -0.1777 0.8579 0.4821
vn -0.0883 0.4942 -0.8649
vn -0.6680 -0.4727 0.5748
vn 0.8379 -0.5375 -0.0946
vn -0.1418 0.9480 0.2849
vn 0.5861 0.2782 0.7610
vn -0.2411 0.0576 0.9688
vn 0.6655 0.5169 -0.5384
vn -0.6354 -0.1408 -0.7592
vn 0.3669 -0.8994 -0.2377
vn -0.3631 0.9017 0.2346
vn -0.0098 0.6950 -0.7189
vn -0.7663 -0.2204 0.6035
vn 0.6642 0.0829 0.7429
vn -0.0789 0.5855 -0.8069
vn -0.6720 -0.5348 0.5123
vn 0.8567 -0.4987 -0.1315
vn -0.1609 0.9204 0.3564
vn 0.5867 0.1684 0.7921
vn -0.7479 0.3031 -0.5906
vn 0.1891 0.3424 0.9203
vn 0.7011 0.1169 -0.7034
vn 0.0001 -0.9565 -0.2918
vn -0.0004 0.9797 0.2004
vn -0.7013 0.1161 -0.7033
vn -0.1886 0.3417 0.9207
vn 0.7481 0.3028 -0.5905
vn -0.2464 -0.0575 0.9675
vn 0.6625 0.5881 -0.4640
vn -0.6181 -0.0721 -0.7828
vn 0.3836 -0.8737 -0.2992
vn -0.3735 0.8777 0.3003
vn 0.0011 0.7593 -0.6507
vn -0.7617 -0.2893 0.5798
vn 0.6732 0.0133 0.7393
vn -0.0843 0.6420 -0.7621
vn -0.6875 -0.5777 0.4400
vn 0.8520 -0.3891 -0.3502
vn -0.2190 0.8477 0.4832
vn 0.5619 0.1304 0.8168
vn 0.7620 -0.2894 0.5794
vn -0.0000 0.7594 -0.6507
vn -0.3827 -0.8739 -0.2998
vn 0.3735 0.8775 0.3009
vn -0.6704 0.0068 0.7420
vn -0.6614 0.5888 -0.4646
vn 0.2534 -0.0529 0.9659
vn 0.6181 -0.0721 -0.7828
vn 0.6869 -0.5785 0.4399
vn 0.0722 0.6052 -0.7928
vn -0.8520 -0.3891 -0.3502
vn 0.2190 0.8477 0.4832
vn -0.5619 0.1304 0.8168
vn -0.7491 0.3588 -0.5569
vn 0.1950 0.2404 0.9509
vn 0.7066 0.1756 -0.6855
vn 0.0002 -0.9280 -0.3727
vn -0.0006 0.9639 0.2664
vn -0.7070 0.1745 -0.6854
vn -0.1952 0.2393 0.9511
vn 0.7490 0.3598 -0.5563
vn -0.6887 0.6678 -0.2823
vn 0.1957 -0.1961 0.9608
vn 0.6022 0.1237 -0.7887
vn -0.3507 -0.7543 -0.5550
vn 0.3649 0.7437 0.5602
vn 0.7643 -0.3192 0.5603
vn 0.0009 0.7736 -0.6337
vn -0.6717 -0.0327 0.7401
vn 0.6745 -0.7055 0.2176
vn 0.2387 0.6867 -0.6866
vn -0.4228 -0.2730 -0.8641
vn 0.2795 0.8297 0.4832
vn -0.6646 0.0048 0.7472
vn -0.1424 -0.5173 0.8439
vn 0.7655 0.1451 -0.6268
vn -0.6991 0.6359 -0.3269
vn -0.7180 -0.2045 -0.6653
vn 0.1157 0.8985 0.4234
vn -0.1693 -0.5643 0.8080
vn 0.8490 0.3368 -0.4071
vn -0.0004 -0.3742 -0.9274
vn 0.0005 0.7749 0.6321
vn -0.6849 0.6777 -0.2675
vn -0.7478 0.4626 -0.4762
vn 0.1855 0.0609 0.9807
vn 0.7171 0.2973 -0.6303
vn -0.0049 -0.8043 -0.5942
vn 0.0049 0.8142 0.5806
vn 0.2737 0.8115 -0.5162
vn -0.8272 -0.1818 0.5316
vn 0.6810 -0.5236 0.5120
vn 0.0378 0.7881 -0.6144
vn -0.7639 -0.3190 0.5609
vn 0.3357 -0.7359 -0.5880
vn -0.3653 0.7582 0.5401
vn 0.6717 -0.0328 0.7401
vn -0.7129 0.3049 -0.6315
vn -0.1859 0.0619 0.9806
vn 0.7479 0.4574 -0.4810
vn 0.8242 -0.1923 0.5326
vn -0.2777 0.8124 -0.5127
vn -0.6881 -0.5195 0.5066
vn -0.1970 -0.1959 0.9606
vn 0.6652 0.6917 -0.2811
vn -0.5746 0.1014 -0.8121
vn -0.8514 0.3292 -0.4084
vn 0.2233 -0.5732 0.7884
vn 0.6850 0.6777 -0.2675
vn 0.4228 -0.2730 -0.8641
vn -0.2795 0.8297 0.4832
vn -0.6829 -0.6889 0.2430
vn 0.6646 0.0048 0.7472
vn -0.2387 0.6867 -0.6866
vn 0.1702 -0.4851 0.8577
vn 0.6991 0.6359 -0.3269
vn 0.7180 -0.2045 -0.6653
vn -0.1157 0.8985 0.4234
vn -0.7655 0.1451 -0.6268
vn -0.8971 0.3621 -0.2533
vn 0.3858 -0.4290 0.8168
vn -0.0004 -0.9472 -0.3207
vn -0.4007 -0.7920 -0.4606
vn 0.4262 0.7853 0.4491
vn 0.0005 0.6913 0.7226
vn 0.7131 0.3244 -0.6214
vn -0.0003 -0.8164 -0.5775
vn 0.0008 0.9228 0.3852
vn 0.8852 -0.3820 0.2656
vn -0.3333 0.6805 -0.6526
vn -0.7000 -0.1984 0.6860
vn -0.5005 -0.8532 -0.1466
vn 0.2863 0.5515 0.7835
vn -0.7602 0.6482 -0.0440
vn 0.3732 -0.6322 0.6790
vn -0.8560 -0.4818 -0.1875
vn 0.3113 0.7627 0.5669
vn 0.6127 0.0636 -0.7877
vn 0.7498 -0.6605 0.0393
vn -0.2661 0.7577 -0.5959
vn -0.5757 -0.0458 0.8164
vn -0.8344 -0.5430 0.0944
vn 0.1882 0.5021 0.8441
vn -0.1900 0.6442 -0.7409
vn -0.5538 0.0705 0.8297
vn -0.8460 -0.5183 -0.1252
vn 0.2800 0.8760 0.3927
vn 0.7272 -0.6682 0.1573
vn 0.5699 -0.0197 -0.8215
vn -0.7618 0.6209 -0.1848
vn -0.4036 -0.8678 -0.2897
vn 0.4176 0.8552 0.3071
vn 0.3123 -0.4932 0.8119
vn 0.8577 -0.3783 0.3481
vn -0.2444 0.6246 -0.7418
vn -0.6810 -0.1273 0.7211
vn -0.1679 0.4404 -0.8820
vn -0.5328 0.1853 0.8257
vn -0.8205 -0.5716 0.0111
vn 0.2058 0.9553 0.2122
vn 0.7598 -0.5916 0.2697
vn 0.8960 0.3640 -0.2545
vn -0.7128 0.3250 -0.6215
vn 0.4008 -0.7914 -0.4616
vn -0.4262 0.7853 0.4492
vn -0.3859 -0.4285 0.8170
vn 0.3335 0.6807 -0.6523
vn -0.8854 -0.3819 0.2651
vn 0.7001 -0.1984 0.6860
vn 0.5005 -0.8532 -0.1466
vn -0.2863 0.5515 0.7835
vn -0.3750 -0.6315 0.6787
vn 0.7581 0.6499 -0.0538
vn 0.8560 -0.4818 -0.1875
vn -0.3113 0.7627 0.5669
vn -0.6117 0.0637 -0.7885
vn 0.2726 0.7535 -0.5983
vn -0.7495 -0.6611 0.0359
vn 0.5757 -0.0458 0.8164
vn 0.8344 -0.5430 0.0944
vn -0.1882 0.5021 0.8441
vn 0.5581 0.0621 0.8275
vn 0.1838 0.6356 -0.7498
vn 0.8460 -0.5183 -0.1252
vn -0.2800 0.8760 0.3927
vn -0.7273 -0.6683 0.1561
vn -0.5739 -0.0209 -0.8187
vn -0.3132 -0.4938 0.8113
vn 0.3990 -0.8700 -0.2896
vn -0.4175 0.8552 0.3071
vn 0.7618 0.6209 -0.1848
vn 0.2479 0.6264 -0.7390
vn -0.8581 -0.3785 0.3471
vn 0.6807 -0.1284 0.7212
vn 0.5399 0.1699 0.8244
vn 0.1589 0.4337 -0.8869
vn 0.8205 -0.5716 0.0111
vn -0.2058 0.9553 0.2122
vn -0.7603 -0.5930 0.2651
vn 0.8575 0.3441 -0.3826
vn -0.7127 0.2114 -0.6689
vn 0.0082 -0.9071 -0.4209
vn 0.0062 0.9762 0.2169
vn -0.3217 -0.2755 0.9059
vn -0.8601 0.3406 -0.3798
vn 0.3212 -0.2763 0.9058
vn 0.7133 0.2107 -0.6684
vn -0.6237 -0.2011 -0.7554
vn -0.2855 -0.2781 0.9171
vn 0.3562 -0.9255 -0.1285
vn -0.3915 0.9127 0.1170
vn 0.7503 0.5195 -0.4088
vn 0.2403 0.4590 -0.8553
vn -0.8569 -0.3038 0.4165
vn 0.6774 0.0178 0.7354
vn 0.1533 0.2193 -0.9635
vn -0.7407 -0.4682 0.4818
vn 0.7265 -0.6844 0.0609
vn -0.2015 0.9751 -0.0925
vn 0.5921 0.3467 0.7274
vn 0.8590 -0.3100 0.4074
vn -0.2403 0.4584 -0.8556
vn -0.3579 -0.9247 -0.1295
vn 0.3912 0.9128 0.1173
vn -0.6790 0.0221 0.7338
vn 0.6245 -0.2038 -0.7539
vn -0.7503 0.5195 -0.4088
vn 0.2824 -0.2752 0.9190
vn -0.1422 0.2120 -0.9669
vn -0.5921 0.3467 0.7274
vn -0.7265 -0.6844 0.0609
vn 0.2015 0.9751 -0.0926
vn 0.7407 -0.4682 0.4818
vn -0.8668 0.2404 -0.4368
vn 0.3075 -0.1054 0.9457
vn 0.6997 0.0788 -0.7100
vn 0.0013 -0.9737 -0.2278
vn -0.0005 0.9997 0.0257
vn 0.8679 0.2412 -0.4341
vn -0.7015 0.0790 -0.7082
vn -0.3084 -0.1043 0.9455
vn 0.2526 -0.0460 0.9665
vn 0.6305 -0.3200 -0.7071
vn -0.2254 -0.9720 0.0665
vn 0.3917 0.9174 -0.0701
vn -0.7651 0.3648 -0.5306
vn 0.8518 -0.2007 0.4840
vn -0.2167 0.2770 -0.9361
vn -0.6745 0.1399 0.7249
vn 0.2164 0.2601 -0.9410
vn -0.8517 -0.2000 0.4844
vn 0.2448 -0.9676 0.0612
vn -0.3994 0.9140 -0.0720
vn 0.6745 0.1400 0.7249
vn -0.2552 -0.0461 0.9658
vn 0.7651 0.3648 -0.5306
vn -0.6397 -0.3294 -0.6945
vn -0.8453 0.1071 -0.5234
vn 0.2773 0.0939 0.9562
vn 0.7117 -0.0546 -0.7004
vn 0.0057 -0.9984 0.0568
vn -0.0037 0.9975 -0.0703
vn -0.7144 -0.0585 -0.6973
vn -0.2756 0.0931 0.9568
vn 0.8439 0.1077 -0.5256
vn 0.2433 -0.2025 -0.9486
vn -0.7682 0.4242 0.4795
vn -0.2815 -0.9188 0.2768
vn 0.3037 0.9135 -0.2706
vn 0.6594 -0.2057 0.7231
vn 0.2810 -0.0416 -0.9588
vn -0.8531 0.1839 0.4883
vn 0.0007 -0.9361 0.3516
vn 0.0006 0.9867 -0.1623
vn 0.7068 0.0405 0.7062
vn 0.8542 0.1808 0.4876
vn -0.2810 -0.0411 -0.9588
vn -0.6997 0.0413 0.7133
vn -0.2298 0.3461 0.9096
vn 0.8570 -0.2573 -0.4464
vn -0.6876 0.0078 -0.7260
vn -0.1821 0.3659 0.9127
vn 0.7557 -0.4922 -0.4320
vn -0.6324 0.1289 -0.7639
vn -0.7289 -0.6733 0.1243
vn 0.0512 0.9164 -0.3969
vn 0.7607 0.4310 0.4854
vn -0.2412 -0.1995 -0.9497
vn 0.2816 -0.9198 0.2731
vn -0.3058 0.9120 -0.2733
vn -0.6456 -0.2074 0.7350
vn -0.8567 -0.2559 -0.4479
vn 0.2418 0.3540 0.9034
vn 0.6881 0.0009 -0.7256
vn -0.7660 -0.4785 -0.4293
vn 0.1794 0.3595 0.9157
vn 0.6324 0.1289 -0.7639
vn 0.7289 -0.6733 0.1243
vn -0.0512 0.9164 -0.3969
vn 0.2631 -0.2477 -0.9324
vn -0.8504 0.2744 0.4489
vn -0.0045 -0.8720 0.4894
vn 0.0005 0.8786 -0.4776
vn 0.6954 0.1848 0.6944
vn 0.8521 0.2876 0.4374
vn -0.2605 -0.2494 -0.9327
vn -0.6952 0.1853 0.6946
vn 0.2298 -0.3823 -0.8950
vn -0.7885 0.4669 0.4003
vn -0.3117 -0.8118 0.4938
vn 0.1823 0.8575 -0.4811
vn 0.6721 -0.0122 0.7404
vn -0.2211 0.5031 0.8355
vn 0.8395 -0.3513 -0.4146
vn -0.6977 -0.1631 -0.6975
vn -0.1889 0.5366 0.8224
vn 0.7312 -0.5318 -0.4272
vn -0.7409 -0.0950 -0.6648
vn -0.6802 -0.6599 0.3190
vn -0.0951 0.8423 -0.5306
vn -0.2326 -0.4428 -0.8659
vn -0.6198 0.5452 0.5644
vn -0.6815 -0.6748 0.2831
vn -0.1549 0.6769 -0.7196
vn 0.8777 -0.0071 0.4792
vn 0.4989 -0.6102 -0.6154
vn -0.9319 0.0677 -0.3562
vn -0.3043 -0.9105 0.2800
vn 0.0191 0.5995 -0.8002
vn 0.2726 0.5438 0.7937
vn -0.2137 -0.4290 -0.8777
vn -0.6883 0.5011 0.5245
vn 0.8562 0.1945 0.4787
vn 0.6152 -0.4605 -0.6399
vn -0.9028 -0.2003 -0.3805
vn -0.0005 -0.9925 0.1222
vn 0.0005 0.4749 -0.8800
vn 0.2453 0.5974 0.7635
vn -0.6521 -0.4446 -0.6141
vn -0.2511 0.5974 0.7616
vn 0.9028 -0.2005 -0.3804
vn 0.3043 -0.9105 0.2800
vn -0.0191 0.5995 -0.8002
vn -0.8404 -0.3527 -0.4114
vn 0.2194 0.5041 0.8353
vn 0.7064 -0.1697 -0.6872
vn 0.3019 -0.8218 0.4832
vn -0.1776 0.8558 -0.4858
vn 0.2260 -0.4254 -0.8763
vn -0.8594 0.1922 0.4739
vn 0.6858 0.4922 0.5362
vn 0.7839 0.4724 0.4030
vn -0.2279 -0.3907 -0.8919
vn -0.6686 -0.0173 0.7434
vn -0.4864 -0.6115 -0.6241
vn -0.2774 0.5319 0.8001
vn 0.9319 0.0677 -0.3562
vn 0.6815 -0.6748 0.2831
vn 0.1549 0.6769 -0.7196
vn -0.7299 -0.5325 -0.4286
vn 0.1868 0.5331 0.8252
vn 0.7409 -0.0950 -0.6648
vn 0.6802 -0.6599 0.3190
vn 0.0951 0.8423 -0.5306
vn 0.2434 -0.4382 -0.8653
vn -0.8775 -0.0217 0.4791
vn 0.6198 0.5452 0.5644
vn 0.2727 -0.1020 0.9567
vn -0.8672 0.0493 -0.4954
vn -0.2775 0.9522 -0.1276
vn 0.4552 0.8537 0.2530
vn 0.4740 -0.8789 0.0529
vn -0.2680 -0.9024 -0.3375
vn 0.7100 0.0684 -0.7009
vn 0.4243 0.8466 -0.3214
vn 0.4279 -0.7569 -0.4940
vn -0.2694 0.1185 -0.9557
vn 0.9814 -0.0038 0.1918
vn -0.4533 -0.0843 0.8874
vn -0.2005 0.8481 0.4905
vn -0.1847 -0.9475 0.2611
vn -0.9804 -0.0105 0.1968
vn 0.2702 0.1117 -0.9563
vn 0.2775 0.9521 -0.1284
vn -0.4553 0.8537 0.2530
vn -0.4739 -0.8790 0.0529
vn 0.2688 -0.9021 -0.3375
vn 0.4533 -0.0830 0.8875
vn 0.2000 0.8480 0.4909
vn 0.1855 -0.9473 0.2612
vn 0.8708 0.0498 -0.4890
vn -0.2673 -0.0962 0.9588
vn -0.7100 0.0684 -0.7009
vn -0.4243 0.8466 -0.3214
vn -0.4279 -0.7569 -0.4940
vn 0.5129 0.2602 0.8181
vn -0.8524 -0.5016 -0.1478
vn -0.2709 0.6411 -0.7180
vn 0.0038 0.9723 -0.2339
vn 0.0007 -0.9969 0.0791
vn 0.6081 -0.7915 -0.0606
vn 0.7448 -0.1632 -0.6471
vn -0.0004 0.6423 -0.7664
vn 0.0007 -0.9993 -0.0385
vn 0.8653 -0.4744 -0.1620
vn -0.5162 0.2572 0.8169
vn 0.2709 0.6411 -0.7181
vn -0.6081 -0.7915 -0.0606
vn -0.7449 -0.1636 -0.6468
vn -0.4161 -0.5705 -0.7081
vn 0.9333 0.2379 0.2690
vn -0.6356 -0.0921 0.7665
vn -0.5494 0.8346 -0.0399
vn 0.4220 -0.8880 0.1827
vn 0.4188 0.4894 0.7649
vn -0.6648 -0.7254 -0.1784
vn -0.7619 0.4468 -0.4689
vn 0.4812 -0.8753 0.0481
vn 0.6294 0.1146 -0.7686
vn 0.7871 0.5800 0.2098
vn -0.5154 -0.3399 0.7866
vn -0.9473 0.3168 -0.0479
vn 0.2688 -0.9536 0.1357
vn -0.3327 -0.5696 -0.7516
vn 0.7697 0.4880 -0.4117
vn -0.2578 -0.3366 0.9057
vn -0.8676 0.4971 -0.0145
vn 0.3608 -0.8844 -0.2961
vn -0.4875 -0.5217 -0.7002
vn -0.9341 0.2400 0.2643
vn 0.4454 -0.5661 -0.6937
vn 0.6421 -0.0938 0.7609
vn 0.5495 0.8345 -0.0401
vn -0.4136 -0.8928 0.1786
vn 0.6522 -0.7345 -0.1876
vn -0.4161 0.4907 0.7656
vn 0.7619 0.4469 -0.4689
vn -0.4812 -0.8753 0.0481
vn -0.6294 0.1146 -0.7686
vn -0.7877 0.5797 0.2086
vn 0.3327 -0.5696 -0.7516
vn 0.5154 -0.3399 0.7866
vn 0.9473 0.3168 -0.0479
vn -0.2688 -0.9536 0.1357
vn 0.2594 -0.3592 0.8965
vn -0.7688 0.4912 -0.4095
vn 0.8676 0.4971 -0.0145
vn -0.3608 -0.8844 -0.2961
vn 0.4875 -0.5217 -0.7002
vn -0.6676 -0.6633 0.3381
vn 0.3653 0.2159 -0.9055
vn 0.6008 0.2638 0.7546
vn -0.5283 0.8148 0.2387
vn 0.4241 -0.8922 -0.1556
vn 0.7537 0.6129 -0.2373
vn -0.2864 -0.5740 0.7672
vn -0.7802 0.4684 0.4146
vn 0.4534 -0.8889 -0.0658
vn -0.5528 -0.2344 -0.7997
vn -0.7059 -0.6810 0.1951
vn 0.3746 0.4446 -0.8136
vn 0.6014 0.1956 0.7747
vn -0.3005 0.7349 0.6079
vn 0.5377 -0.8398 0.0743
vn -0.3021 -0.1948 -0.9332
vn 0.9129 0.0868 0.3988
vn 0.0007 0.9766 0.2151
vn 0.0003 -0.9772 -0.2122
vn -0.6314 -0.4003 0.6641
vn -0.3463 -0.4936 0.7977
vn -0.6779 -0.0975 -0.7287
vn 0.9003 0.2862 -0.3280
vn 0.4033 -0.1651 0.9000
vn -0.8490 -0.3409 -0.4037
vn 0.7053 0.0667 -0.7057
vn 0.8474 -0.3415 -0.4066
vn -0.4039 -0.1658 0.8996
vn -0.7005 0.0657 -0.7106
vn 0.7317 -0.1404 0.6670
vn -0.8824 -0.3598 0.3033
vn 0.0004 0.6960 0.7181
vn -0.0005 -0.9893 0.1457
vn 0.4395 0.2005 -0.8756
vn -0.7458 -0.1319 0.6530
vn -0.4386 0.2010 -0.8759
vn 0.8823 -0.3596 0.3036
vn 0.3004 0.7349 0.6079
vn -0.5377 -0.8398 0.0743
vn -0.9130 0.0867 0.3986
vn 0.3010 -0.1899 -0.9345
vn 0.6268 -0.4099 0.6627
vn 0.5288 0.8175 0.2281
vn -0.4240 -0.8905 -0.1648
vn 0.3753 -0.4970 0.7824
vn -0.9000 0.2861 -0.3290
vn 0.6731 -0.1067 -0.7318
vn -0.3686 0.2166 -0.9040
vn 0.6837 -0.6538 0.3243
vn -0.6062 0.2546 0.7534
vn -0.3744 0.4368 -0.8179
vn 0.7089 -0.6784 0.1929
vn 0.7802 0.4684 0.4146
vn -0.4534 -0.8889 -0.0658
vn -0.6014 0.1956 0.7747
vn 0.2866 -0.5772 0.7646
vn -0.7591 0.6075 -0.2341
vn 0.5528 -0.2344 -0.7997
vn 0.0003 -0.1539 -0.9881
vn -0.0001 0.9868 0.1618
vn -0.9391 0.3345 0.0788
vn -0.9416 0.1371 -0.3077
vn 0.9414 0.1382 -0.3075
vn 0.9391 0.3344 0.0795
vn 0.0005 -0.7131 0.7010
vn -0.9174 0.3259 0.2284
vn 0.9172 0.3265 0.2283
vn -0.0005 0.6670 0.7450
vn 0.0006 -0.9364 0.3509
vn -0.7468 0.4440 0.4952
vn 0.7464 0.4443 0.4955
vn 0.0002 0.6728 -0.7399
vn 0.0003 0.3539 0.9353
vn -0.0009 -0.8424 -0.5388
vn -0.0002 0.8372 -0.5469
vn -0.8698 0.4703 -0.1491
vn 0.8696 0.4704 -0.1499
vn -0.0008 0.6954 0.7186
vn 0.0003 -0.9858 -0.1676
vn -0.0007 0.5799 -0.8147
vn -0.7786 0.3635 -0.5115
vn 0.7787 0.3643 -0.5109
vn -0.0005 -0.2868 0.9580
vn -0.0003 -0.5607 -0.8280
vn -0.8876 0.2272 -0.4006
vn 0.8875 0.2285 -0.4001
vn -0.0008 0.9175 -0.3977
vn 0.0004 -0.5864 -0.8100
vn -0.0008 0.8841 -0.4673
vn -0.8964 0.3242 -0.3022
vn 0.8962 0.3254 -0.3016
vn 0.0002 0.0350 0.9994
vn -0.0001 -0.5155 0.8569
vn -0.0004 -0.0236 -0.9997
vn -0.9569 0.2512 0.1457
vn 0.9569 0.2512 0.1457
vn 0.0002 0.9250 0.3800
vn -0.0003 0.0039 1.0000
vn -0.0003 -0.5483 -0.8363
vn -0.9623 0.1819 -0.2021
vn 0.9623 0.1831 -0.2013
vn -0.0009 0.9014 -0.4331
vn 0.0002 -0.9848 0.1740
vn -0.0005 0.3493 -0.9370
vn -0.9541 -0.2564 -0.1544
vn 0.9542 -0.2566 -0.1538
vn 0.0003 0.6194 0.7851
vn 0.0002 -0.7962 -0.6050
vn -0.0016 0.8284 -0.5601
vn -0.8757 -0.4317 -0.2163
vn 0.8756 -0.4314 -0.2171
vn -0.0009 -0.5011 0.8654
vn -0.0003 0.9918 0.1276
vn -0.0008 -0.7649 0.6442
vn 0.0006 -0.1021 -0.9948
vn -0.9389 0.2703 -0.2132
vn 0.9389 0.2702 -0.2133
vn 0.0001 -0.8648 -0.5021
vn 0.0003 0.7507 -0.6606
vn -0.8944 -0.4307 -0.1209
vn 0.8943 -0.4307 -0.1216
vn -0.0003 -0.3122 0.9500
vn -0.0003 0.9666 0.2563
vn -0.0003 -0.6660 0.7459
vn 0.0002 -0.0704 -0.9975
vn -0.9681 0.2499 -0.0187
vn 0.9681 0.2498 -0.0193
vn 0.0002 -0.9417 -0.3363
vn 0.0001 0.6036 -0.7973
vn -0.8838 -0.4611 0.0788
vn 0.8839 -0.4612 0.0782
vn -0.0004 -0.0955 0.9954
vn 0.0001 -0.8305 -0.5571
vn 0.0001 0.9531 -0.3028
vn -0.9409 -0.2440 0.2348
vn 0.9410 -0.2442 0.2343
vn -0.0004 -0.2225 0.9749
vn 0.0003 -0.9630 0.2694
vn -0.0003 0.3953 -0.9185
vn -0.9292 0.3517 0.1137
vn 0.9293 0.3518 0.1127
vn 0.0005 0.7401 0.6725
vn -0.0010 0.9402 -0.3407
vn -0.0004 -0.1665 0.9860
vn -0.0005 -0.9119 -0.4105
vn -0.9465 -0.3116 0.0843
vn 0.9465 -0.3116 0.0838
vn 0.0009 -0.9591 0.2829
vn 0.0005 0.6020 -0.7985
vn -0.9637 0.2354 0.1257
vn 0.9637 0.2353 0.1259
vn 0.0001 0.6667 0.7453
vn -0.0000 0.9748 0.2232
vn -0.0005 -0.5548 0.8320
vn -0.0004 -0.2744 -0.9616
vn -0.9686 -0.2481 -0.0177
vn 0.9686 -0.2482 -0.0169
vn 0.0006 0.8087 -0.5882
vn 0.0003 0.1981 0.9802
vn -0.9417 0.3332 -0.0477
vn 0.9417 0.3332 -0.0462
vn -0.0003 -0.8776 -0.4794
vn 0.0001 -0.5992 0.8006
vn -0.0001 0.0907 -0.9959
vn -0.0000 0.8820 0.4712
vn -0.9278 0.2141 0.3055
vn 0.9274 0.2148 0.3064
vn 0.0002 -0.9863 0.1652
vn 0.0004 0.4726 -0.8813
vn -0.9391 0.3433 -0.0130
vn 0.9391 0.3433 -0.0120
vn -0.0007 0.7464 0.6655
vn 0.0022 -0.3483 0.9374
vn 0.0073 -0.3182 -0.9480
vn 0.0050 0.9955 0.0948
vn -0.9089 0.3795 -0.1730
vn 0.9275 0.3382 -0.1590
vn -0.0000 -0.6296 0.7769
vn -0.0004 -0.1455 -0.9894
vn -0.9464 -0.3185 -0.0532
vn 0.9465 -0.3185 -0.0525
vn -0.0001 0.9424 0.3346
vn 0.0198 0.7894 0.6136
vn -0.0083 -0.9434 0.3316
vn -0.9324 -0.0633 0.3559
vn 0.9084 -0.1896 0.3726
vn 0.0186 0.2035 -0.9789
vn 0.1219 0.9919 0.0355
vn -0.0443 -0.5213 0.8522
vn -0.9340 0.3534 -0.0518
vn 0.9778 0.0141 -0.2093
vn 0.0409 -0.6048 -0.7953
vn -0.1688 -0.9533 -0.2506
vn -0.0425 0.7637 -0.6442
vn -0.1542 0.5675 0.8088
vn -0.8872 0.4046 0.2216
vn 0.9322 -0.2154 0.2908
vn 0.0003 0.0649 0.9979
vn -0.0003 -0.5660 -0.8244
vn 0.0005 0.9837 -0.1801
vn -0.9148 0.3969 0.0749
vn 0.9148 0.3969 0.0750
vn -0.0002 0.2465 0.9691
vn -0.0004 -0.9825 -0.1861
vn 0.0004 0.6086 -0.7935
vn -0.9474 0.3069 0.0911
vn 0.9473 0.3069 0.0920
vn 0.0003 -0.1312 -0.9914
vn -0.0000 0.9666 0.2561
vn -0.9562 -0.2788 -0.0896
vn 0.9562 -0.2789 -0.0890
vn -0.0007 -0.6452 0.7640
vn 0.0007 -0.2834 0.9590
vn 0.0005 0.0501 -0.9987
vn 0.0003 0.9928 0.1198
vn -0.8332 0.5529 0.0061
vn 0.8340 0.5518 0.0060
vn 0.0003 -0.6008 0.7994
vn 0.0005 0.2168 -0.9762
vn -0.0010 0.8745 0.4851
vn -0.9016 0.3012 0.3105
vn 0.9006 0.3028 0.3118
vn 0.0003 0.0787 0.9969
vn -0.0003 -0.6720 -0.7405
vn 0.0005 0.9705 -0.2411
vn -0.9396 0.3297 0.0917
vn 0.9396 0.3297 0.0916
vn 0.0072 0.9967 0.0814
vn 0.0030 -0.3888 0.9213
vn -0.9078 0.4044 -0.1111
vn 0.9264 0.3653 -0.0913
vn 0.0117 -0.2210 -0.9752
vn -0.0129 -0.9028 0.4298
vn 0.0133 0.3457 -0.9383
vn 0.0142 0.7213 0.6925
vn -0.9257 0.0498 0.3749
vn 0.9011 -0.0446 0.4313
vn -0.0381 0.9184 0.3938
vn -0.0608 -0.6827 0.7282
vn -0.8020 0.4313 -0.4132
vn 0.9738 0.0702 -0.2163
vn 0.0080 -0.3672 -0.9301
vn -0.0874 -0.9841 -0.1545
vn 0.2076 0.8021 -0.5599
vn -0.1505 0.5111 0.8462
vn -0.9853 0.1156 0.1254
vn 0.8848 -0.3137 0.3446
vn 0.1217 0.9343 0.3350
vn -0.3051 -0.7399 0.5996
vn -0.8596 0.3633 -0.3593
vn 0.8520 -0.2326 -0.4690
vn 0.0869 -0.2646 -0.9605
vn -0.2145 -0.9108 -0.3529
vn 0.2596 0.8600 -0.4393
vn 0.0878 0.0529 0.9947
vn -0.9507 0.0039 0.3100
vn 0.8096 -0.5863 0.0283
vn -0.3117 -0.3380 -0.8880
vn 0.2182 0.9752 0.0373
vn -0.7572 0.6083 0.2379
vn 0.8609 -0.2528 -0.4416
vn -0.0717 -0.7860 0.6141
vn 0.0616 0.5916 -0.8039
vn 0.2284 -0.0205 0.9734
vn -0.6277 0.4310 0.6483
vn 0.8604 -0.5083 0.0375
vn -0.4836 -0.8117 -0.3275
vn 0.0003 -0.9984 -0.0557
vn -0.0002 0.5381 -0.8429
vn -0.9437 0.3237 -0.0674
vn 0.9436 0.3243 -0.0662
vn 0.0003 0.3792 0.9253
vn 0.0003 -0.1164 -0.9932
vn -0.0007 0.9779 0.2092
vn -0.9598 -0.2224 -0.1711
vn 0.9599 -0.2225 -0.1708
vn -0.0007 -0.6341 0.7732
vn -0.0004 0.9977 0.0678
vn 0.0008 -0.3741 0.9274
vn -0.9147 0.3939 -0.0903
vn 0.9146 0.3941 -0.0903
vn -0.0002 -0.1923 -0.9813
vn 0.0002 0.3803 0.9248
vn -0.0003 -0.8025 -0.5967
vn -0.0000 0.7448 -0.6673
vn -0.8850 0.4568 -0.0903
vn 0.8850 0.4569 -0.0892
vn 0.0002 -0.9884 0.1517
vn -0.0006 0.5144 -0.8575
vn -0.9015 0.4218 -0.0970
vn 0.9014 0.4223 -0.0960
vn -0.0004 0.5482 0.8364
vn -0.0003 0.9960 0.0897
vn -0.0006 -0.7596 0.6504
vn -0.0004 -0.0150 -0.9999
vn -0.8203 -0.0089 -0.5719
vn 0.8204 -0.0083 -0.5717
vn 0.0003 -0.7723 0.6353
vn 0.0007 0.4518 -0.8921
vn -0.0009 0.7604 0.6495
vn -0.8805 0.1815 0.4379
vn 0.8803 0.1828 0.4378
vn 0.0002 -0.8273 0.5617
vn 0.0006 -0.1048 -0.9945
vn -0.0005 0.8383 0.5453
vn -0.9451 -0.1136 0.3063
vn 0.9457 -0.1121 0.3051
vn -0.0002 -0.1465 0.9892
vn -0.0004 -0.6212 -0.7837
vn 0.0002 0.9999 -0.0165
vn -0.9269 0.2667 -0.2640
vn 0.9268 0.2645 -0.2667
vn 0.0021 -0.9882 0.1533
vn -0.0012 0.1204 -0.9927
vn 0.0045 0.7407 0.6719
vn -0.9157 -0.1821 0.3582
vn 0.9269 -0.1983 0.3187
vn -0.0073 -0.7449 -0.6672
vn -0.0175 0.9940 0.1083
vn -0.9569 0.2892 -0.0249
vn 0.9592 0.2759 -0.0614
vn 0.0075 -0.3770 0.9262
vn -0.0167 0.8521 -0.5231
vn 0.1021 0.3780 0.9202
vn -0.7480 0.2930 0.5956
vn 0.8230 0.2289 0.5198
vn -0.0086 -0.9989 0.0463
vn 0.0855 0.9922 -0.0911
vn 0.0361 -0.2245 0.9738
vn -0.7525 -0.1191 0.6477
vn 0.7996 -0.1635 0.5778
vn -0.0317 -0.8786 -0.4765
vn 0.0004 -0.8842 0.4671
vn -0.0006 0.4288 -0.9034
vn -0.8902 0.3566 0.2835
vn -0.9203 -0.1631 0.3556
vn 0.9203 -0.1628 0.3556
vn 0.8904 0.3571 0.2824
vn -0.0007 0.6800 0.7333
vn -0.7808 0.4245 0.4585
vn 0.7808 0.4252 0.4578
vn -0.0010 0.8785 -0.4777
vn -0.0004 -0.1330 0.9911
vn -0.0006 -0.8768 -0.4808
vn -0.9330 -0.2054 0.2955
vn 0.9330 -0.2055 0.2954
vn 0.0007 -0.9338 0.3579
vn 0.0004 0.6339 -0.7734
vn -0.9546 0.1592 0.2518
vn 0.9545 0.1591 0.2522
vn -0.0003 0.6032 0.7976
vn 0.0008 0.9051 -0.4251
vn -0.0007 -0.0092 1.0000
vn 0.0001 -0.9854 -0.1703
vn -0.9186 -0.1802 0.3518
vn 0.9186 -0.1791 0.3524
vn -0.0000 0.9995 0.0309
vn -0.0006 -0.3943 0.9190
vn -0.0003 -0.7562 -0.6543
vn -0.9545 -0.2914 -0.0627
vn 0.9545 -0.2915 -0.0625
vn 0.0003 -0.3528 -0.9357
vn -0.0008 0.7648 0.6443
vn -0.0000 -0.7336 0.6795
vn -0.9075 -0.1842 0.3776
vn 0.9076 -0.1831 0.3777
vn 0.0003 -0.2511 -0.9680
vn 0.0002 0.8857 0.4643
vn -0.0005 -0.9221 0.3870
vn 0.0003 -0.8781 -0.4785
vn 0.0005 0.9581 -0.2863
vn 0.0002 0.1621 0.9868
vn -0.0010 0.4236 0.9058
vn -0.0004 -1.0000 0.0050
vn -0.8460 -0.5309 -0.0489
vn 0.8461 -0.5308 -0.0484
vn -0.0005 0.1946 -0.9809
vn 0.0003 -0.3666 -0.9304
vn -0.0004 0.9140 0.4057
vn -0.0007 -0.6294 0.7771
vn -0.8148 -0.3653 0.4503
vn 0.8147 -0.3645 0.4509
vn 0.0010 -0.8426 -0.5386
vn -0.0001 0.3547 0.9350
vn 0.9391 0.3344 0.0788
vn 0.9412 0.1373 -0.3086
vn -0.9411 0.1382 -0.3084
vn -0.9391 0.3345 0.0794
vn 0.0003 0.8372 -0.5469
vn 0.8698 0.4703 -0.1491
vn -0.8696 0.4704 -0.1500
vn -0.0008 0.6955 0.7185
vn 0.0008 0.5799 -0.8147
vn 0.7787 0.3635 -0.5114
vn -0.7786 0.3643 -0.5110
vn -0.0012 -0.9860 -0.1670
vn 0.0011 0.9868 0.1622
vn -0.0002 -0.1539 -0.9881
vn -0.0003 -0.7131 0.7010
vn 0.9174 0.3259 0.2284
vn -0.9172 0.3265 0.2283
vn 0.0003 0.6681 0.7440
vn -0.0002 0.6728 -0.7399
vn 0.7468 0.4440 0.4952
vn -0.7464 0.4443 0.4955
vn -0.0006 -0.9364 0.3509
vn -0.0005 -0.2860 0.9582
vn -0.0000 0.9172 -0.3983
vn 0.0005 -0.5607 -0.8280
vn 0.8877 0.2272 -0.4006
vn -0.8875 0.2285 -0.4001
vn -0.0004 -0.5853 -0.8108
vn -0.0002 0.0350 0.9994
vn 0.8950 0.3318 -0.2981
vn -0.8948 0.3329 -0.2975
vn 0.0008 0.8841 -0.4673
vn -0.0003 -0.0229 -0.9997
vn -0.0006 -0.5150 0.8572
vn 0.9551 0.2544 0.1519
vn -0.9551 0.2545 0.1519
vn -0.0002 0.9250 0.3800
vn -0.0004 -0.5211 -0.8535
vn -0.0004 -0.0134 0.9999
vn 0.9626 0.1795 -0.2028
vn -0.9626 0.1806 -0.2019
vn 0.0009 0.9072 -0.4208
vn -0.0002 -0.9879 0.1548
vn -0.0003 0.6052 0.7961
vn 0.9554 -0.2522 -0.1536
vn -0.9555 -0.2524 -0.1529
vn 0.0005 0.3828 -0.9239
vn 0.0001 0.8491 -0.5282
vn 0.0004 -0.7839 -0.6209
vn 0.8814 -0.4272 -0.2014
vn -0.8818 -0.4271 -0.2003
vn 0.0008 -0.5166 0.8562
vn -0.0001 -0.8282 0.5605
vn 0.0010 0.9890 0.1482
vn 0.0004 -0.0169 -0.9999
vn 0.9363 0.2225 -0.2717
vn -0.9364 0.2235 -0.2705
vn 0.0002 0.9580 -0.2869
vn 0.0003 -0.8778 -0.4791
vn -0.0002 0.1621 0.9868
vn 0.9546 0.1592 0.2518
vn -0.9545 0.1591 0.2522
vn 0.0003 0.8600 -0.5103
vn 0.0003 -0.8096 -0.5870
vn 0.9157 -0.3887 -0.1022
vn -0.9159 -0.3885 -0.1010
vn 0.0008 -0.3917 0.9201
vn 0.0001 -0.7663 0.6425
vn 0.0011 0.9474 0.3201
vn -0.0005 -0.0606 -0.9982
vn 0.9725 0.2195 -0.0774
vn -0.9726 0.2193 -0.0777
vn -0.0003 -0.9184 -0.3956
vn 0.0007 -0.1382 0.9904
vn 0.8907 -0.4439 0.0983
vn -0.8908 -0.4433 0.0994
vn -0.0003 0.6839 -0.7296
vn -0.0000 -0.8132 -0.5820
vn 0.0007 -0.2827 0.9592
vn 0.9445 -0.2398 0.2244
vn -0.9446 -0.2400 0.2240
vn 0.0001 0.9767 -0.2147
vn -0.0003 0.3112 -0.9503
vn 0.0003 -0.9594 0.2822
vn 0.9651 0.2620 0.0009
vn -0.9651 0.2620 -0.0001
vn -0.0005 0.7517 0.6595
vn -0.0003 -0.1248 0.9922
vn 0.0002 0.9073 -0.4206
vn 0.0005 -0.9291 -0.3699
vn 0.9047 -0.4047 0.1333
vn -0.9048 -0.4047 0.1327
vn -0.0002 -0.9223 0.3864
vn -0.0002 0.8857 0.4643
vn 0.9545 -0.2914 -0.0627
vn -0.9545 -0.2915 -0.0625
vn 0.0003 -0.2505 -0.9681
vn -0.0001 -0.1892 -0.9819
vn 0.0003 -0.6729 0.7397
vn 0.9726 -0.2320 0.0131
vn -0.9726 -0.2320 0.0138
vn -0.0001 0.8950 0.4460
vn 0.0003 0.9824 -0.1868
vn -0.0003 -0.5402 -0.8415
vn 0.9231 0.3725 0.0958
vn -0.9231 0.3725 0.0958
vn -0.0001 0.0832 0.9965
vn 0.0007 0.8051 -0.5932
vn 0.0002 -0.8852 -0.4651
vn 0.9404 0.3368 -0.0471
vn -0.9405 0.3368 -0.0456
vn -0.0003 0.2205 0.9754
vn 0.0003 0.0477 -0.9989
vn -0.0006 -0.6135 0.7897
vn -0.0000 0.8874 0.4611
vn 0.9420 0.1544 0.2979
vn -0.9414 0.1548 0.2996
vn -0.0002 -0.9865 0.1639
vn 0.0007 0.7464 0.6655
vn -0.0004 0.4725 -0.8813
vn 0.9391 0.3433 -0.0130
vn -0.9391 0.3433 -0.0120
vn -0.0077 0.9974 0.0716
vn -0.0086 -0.3532 -0.9355
vn 0.9065 0.3867 -0.1695
vn -0.9255 0.3453 -0.1556
vn -0.0031 -0.2935 0.9560
vn -0.0000 -0.6306 0.7761
vn 0.0001 0.9424 0.3346
vn 0.0004 -0.1455 -0.9894
vn 0.9464 -0.3185 -0.0532
vn -0.9465 -0.3185 -0.0525
vn -0.0192 0.7507 0.6603
vn -0.0195 0.1828 -0.9829
vn 0.9308 -0.0913 0.3540
vn -0.9023 -0.2193 0.3712
vn 0.0094 -0.9545 0.2981
vn 0.0427 -0.5231 0.8512
vn 0.1032 0.9567 0.2721
vn 0.9340 0.3534 -0.0518
vn -0.9778 0.0141 -0.2093
vn -0.0398 -0.6047 -0.7954
vn -0.1726 0.8545 -0.4900
vn 0.1716 -0.9522 -0.2527
vn 0.1547 0.5673 0.8088
vn 0.8873 0.4047 0.2214
vn -0.9322 -0.2154 0.2910
vn -0.0004 -0.5655 -0.8248
vn -0.0000 0.0657 0.9978
vn -0.0005 0.9837 -0.1801
vn 0.9150 0.3961 0.0768
vn -0.9150 0.3961 0.0769
vn 0.0005 0.2478 0.9688
vn -0.0004 0.6086 -0.7935
vn 0.9484 0.3047 0.0878
vn -0.9483 0.3047 0.0887
vn 0.0004 -0.9825 -0.1861
vn 0.0010 0.9666 0.2564
vn 0.0004 -0.1305 -0.9914
vn 0.9562 -0.2788 -0.0896
vn -0.9562 -0.2789 -0.0890
vn 0.0007 -0.6452 0.7640
vn -0.0005 -0.2734 0.9619
vn -0.0003 0.9953 0.0970
vn 0.8243 0.5661 0.0045
vn -0.8249 0.5652 0.0043
vn -0.0004 0.0362 -0.9993
vn -0.0005 0.2056 -0.9786
vn -0.0008 -0.5929 0.8053
vn 0.0010 0.8752 0.4838
vn 0.9019 0.3007 0.3100
vn -0.9009 0.3024 0.3113
vn -0.0004 -0.6715 -0.7410
vn -0.0000 0.0796 0.9968
vn -0.0005 0.9705 -0.2411
vn 0.9397 0.3296 0.0916
vn -0.9396 0.3297 0.0916
vn -0.0033 -0.3880 0.9216
vn 0.0072 0.9918 0.1279
vn 0.9047 0.4152 -0.0955
vn -0.9230 0.3775 -0.0742
vn -0.0126 -0.1900 -0.9817
vn -0.0252 0.3575 -0.9336
vn 0.0134 -0.9031 0.4292
vn -0.0140 0.7213 0.6925
vn 0.9257 0.0497 0.3749
vn -0.9011 -0.0446 0.4313
vn 0.0623 -0.6771 0.7333
vn -0.0800 0.8710 0.4847
vn 0.8021 0.4313 -0.4132
vn -0.9738 0.0702 -0.2164
vn -0.0081 -0.3672 -0.9301
vn -0.2974 0.7068 -0.6418
vn 0.0802 -0.9851 -0.1519
vn 0.1505 0.5111 0.8462
vn 0.9853 0.1156 0.1254
vn -0.8848 -0.3137 0.3446
vn 0.2152 -0.8226 0.5263
vn -0.0220 0.9335 0.3578
vn 0.8329 0.5492 -0.0678
vn -0.9816 0.0543 -0.1833
vn -0.0869 -0.2645 -0.9605
vn -0.2499 0.9034 -0.3484
vn 0.3028 -0.8424 -0.4458
vn 0.0343 0.1441 0.9890
vn 0.8380 0.3147 0.4457
vn -0.9024 -0.2395 0.3583
vn -0.0003 -0.9984 -0.0571
vn -0.0003 0.3792 0.9253
vn 0.0002 0.5381 -0.8429
vn 0.9437 0.3238 -0.0674
vn -0.9436 0.3243 -0.0662
vn 0.0010 0.9777 0.2101
vn 0.0004 -0.1157 -0.9933
vn 0.9598 -0.2224 -0.1711
vn -0.9599 -0.2225 -0.1708
vn 0.0007 -0.6341 0.7732
vn 0.0002 -0.3735 0.9276
vn 0.0009 0.9978 0.0668
vn 0.9151 0.3930 -0.0905
vn -0.9147 0.3941 -0.0894
vn -0.0000 -0.1923 -0.9813
vn -0.0004 -0.8021 -0.5972
vn 0.0007 0.3806 0.9247
vn 0.8850 0.4568 -0.0903
vn -0.8850 0.4569 -0.0892
vn -0.0002 -0.9886 0.1504
vn 0.0004 0.5482 0.8364
vn 0.0006 0.5144 -0.8575
vn 0.9015 0.4218 -0.0970
vn -0.9014 0.4223 -0.0960
vn -0.0003 -0.0143 -0.9999
vn 0.0006 -0.7595 0.6505
vn 0.8203 -0.0089 -0.5719
vn -0.8204 -0.0083 -0.5717
vn 0.0010 0.9959 0.0904
vn 0.0002 0.4522 -0.8919
vn -0.0007 -0.7719 0.6358
vn -0.0000 0.7600 0.6500
vn 0.8801 0.1818 0.4387
vn -0.8798 0.1828 0.4387
vn -0.0000 -0.1044 -0.9945
vn -0.0004 -0.8280 0.5607
vn 0.0006 0.8382 0.5453
vn 0.9451 -0.1136 0.3063
vn -0.9457 -0.1121 0.3052
vn -0.0026 0.9998 -0.0194
vn 0.0015 -0.6215 -0.7834
vn 0.9269 0.2667 -0.2640
vn -0.9268 0.2645 -0.2667
vn -0.0001 -0.1474 0.9891
vn -0.0034 -0.9882 0.1529
vn -0.0045 0.7406 0.6719
vn 0.9157 -0.1821 0.3582
vn -0.9269 -0.1983 0.3187
vn 0.0012 0.1204 -0.9927
vn -0.0086 -0.3780 0.9258
vn 0.0175 0.9940 0.1083
vn 0.9569 0.2892 -0.0249
vn -0.9592 0.2759 -0.0614
vn 0.0045 -0.7434 -0.6688
vn 0.0116 0.8791 -0.4765
vn 0.0087 -0.9989 0.0463
vn -0.1021 0.3780 0.9202
vn 0.7480 0.2930 0.5956
vn -0.8230 0.2289 0.5198
vn 0.0181 0.9850 -0.1718
vn 0.0317 -0.8786 -0.4765
vn -0.0361 -0.2245 0.9738
vn 0.7525 -0.1191 0.6477
vn -0.7996 -0.1635 0.5778
vn -0.0003 -0.1337 0.9910
vn 0.0007 0.8790 -0.4769
vn 0.8902 0.3566 0.2835
vn 0.9203 -0.1631 0.3556
vn -0.9203 -0.1628 0.3556
vn -0.8904 0.3571 0.2824
vn 0.0006 -0.8768 -0.4808
vn 0.9330 -0.2054 0.2955
vn -0.9330 -0.2055 0.2954
vn -0.0002 0.4285 -0.9036
vn 0.0003 -0.8845 0.4665
vn 0.0008 0.6800 0.7333
vn 0.7808 0.4244 0.4585
vn -0.7808 0.4252 0.4577
vn 0.0004 0.6338 -0.7735
vn -0.0000 -0.9340 0.3573
vn 0.0003 0.6032 0.7976
vn -0.0001 -0.0099 1.0000
vn -0.0010 0.9048 -0.4258
vn -0.0001 -0.9854 -0.1703
vn 0.9186 -0.1802 0.3518
vn -0.9186 -0.1791 0.3524
vn 0.0005 0.9996 0.0299
vn 0.0003 -0.7562 -0.6543
vn 0.0006 -0.3943 0.9190
vn -0.0001 0.7648 0.6442
vn 0.0004 -0.3522 -0.9359
vn 0.9075 -0.1842 0.3776
vn -0.9076 -0.1831 0.3777
vn -0.0003 -1.0000 0.0043
vn 0.0003 0.4230 0.9061
vn 0.8460 -0.5309 -0.0489
vn -0.8461 -0.5308 -0.0484
vn 0.0005 0.1946 -0.9809
vn -0.0003 0.9143 0.4051
vn 0.0003 -0.3660 -0.9306
vn 0.0009 -0.6294 0.7771
vn 0.8148 -0.3653 0.4502
vn -0.8147 -0.3645 0.4509
vn -0.0306 0.8339 0.5511
vn 0.0185 -0.0256 -0.9995
vn 0.8926 0.2957 -0.3402
vn 0.9983 0.0474 0.0325
vn -1.0000 -0.0004 -0.0016
vn -0.8933 0.2535 -0.3712
vn 0.0225 -0.9983 0.0542
vn 0.9077 -0.2331 0.3488
vn -0.9073 -0.2761 0.3172
vn 0.0274 -0.6180 -0.7857
vn -0.0142 -0.1374 0.9904
vn 0.9116 0.3461 -0.2216
vn -0.9187 0.3030 -0.2534
vn -0.0249 0.9944 0.1031
vn -0.0290 0.6733 0.7388
vn 0.0162 0.0641 -0.9978
vn 0.0227 -0.9989 0.0422
vn 0.8976 -0.3258 0.2969
vn -0.8910 -0.3680 0.2658
vn -0.0235 0.9996 -0.0141
vn 0.0284 -0.6404 -0.7675
vn 0.9092 -0.3052 0.2833
vn -0.9031 -0.3481 0.2517
vn -0.0157 -0.0800 0.9967
vn 0.0260 -0.9887 -0.1473
vn -0.0279 0.5976 0.8013
vn 0.0100 0.2925 -0.9562
vn 0.9195 0.3344 -0.2067
vn -0.9265 0.2909 -0.2387
vn -0.0260 0.9885 0.1489
vn 0.0278 -0.5889 -0.8078
vn 0.9096 -0.2982 0.2893
vn -0.9041 -0.3410 0.2576
vn -0.0095 -0.3017 0.9534
vn 0.0272 -0.9705 -0.2396
vn -0.0268 0.5143 0.8572
vn 0.0043 0.4695 -0.8829
vn 0.9354 0.3268 -0.1346
vn -0.9446 0.2824 -0.1675
vn -0.0255 0.9932 0.1139
vn 0.0288 -0.6730 -0.7391
vn 0.9075 -0.2106 0.3634
vn -0.9087 -0.2535 0.3317
vn -0.0064 -0.4064 0.9137
vn 0.0251 -0.9955 -0.0916
vn -0.0277 0.5493 0.8352
vn 0.0028 0.5251 -0.8511
vn 0.9174 0.3945 0.0530
vn -0.9362 0.3508 0.0213
vn -0.0203 0.9814 -0.1908
vn 0.0279 -0.9280 -0.3716
vn 0.9502 -0.1301 0.2833
vn -0.9523 -0.1750 0.2499
vn -0.0116 -0.2273 0.9738
vn 0.0189 -0.9629 0.2691
vn -0.0283 0.6960 0.7175
vn 0.0023 0.5392 -0.8422
vn 0.9208 0.2850 0.2662
vn -0.9423 0.2420 0.2312
vn 0.0297 -0.7552 -0.6548
vn -0.0096 -0.3209 0.9471
vn 0.9746 -0.1773 -0.1366
vn -0.9599 -0.2226 -0.1704
vn -0.0213 0.9931 -0.1154
vn -0.0287 0.6969 0.7166
vn 0.0241 -0.3061 -0.9517
vn 0.0075 -0.7853 0.6191
vn 0.7493 -0.5066 0.4264
vn -0.7389 -0.5418 0.4007
vn -0.0254 0.3040 0.9523
vn -0.0138 0.9080 -0.4188
vn 0.8221 0.2635 0.5046
vn -0.8499 0.2243 0.4769
vn 0.0228 -0.9886 -0.1488
vn -0.0165 0.9488 -0.3155
vn 0.0210 -0.9990 0.0389
vn 0.8287 0.2578 0.4968
vn -0.8553 0.2183 0.4699
vn -0.0216 0.2524 0.9674
vn -0.0107 0.8453 -0.5342
vn 0.0218 -0.9800 0.1977
vn 0.9624 0.1899 -0.1941
vn -0.9637 0.1427 -0.2256
vn -0.0247 0.4521 0.8916
vn -0.0307 0.7893 0.6132
vn 0.0041 0.4086 -0.9127
vn 0.7417 0.5306 0.4103
vn -0.7816 0.4917 0.3839
vn 0.0099 -0.8282 0.5604
vn 0.0308 0.8344 0.5503
vn -0.0225 -0.9983 0.0542
vn -0.9077 -0.2331 0.3489
vn -0.9983 0.0474 0.0325
vn 1.0000 -0.0004 -0.0016
vn 0.9073 -0.2761 0.3172
vn -0.0185 -0.0256 -0.9995
vn -0.8926 0.2957 -0.3402
vn 0.8933 0.2535 -0.3712
vn 0.0139 -0.1377 0.9904
vn -0.0279 -0.6183 -0.7854
vn -0.9116 0.3461 -0.2216
vn 0.9187 0.3030 -0.2534
vn 0.0249 0.9944 0.1031
vn -0.0158 0.0636 -0.9978
vn 0.0292 0.6731 0.7389
vn -0.0226 -0.9989 0.0421
vn -0.8976 -0.3259 0.2970
vn 0.8910 -0.3681 0.2659
vn 0.0152 -0.0803 0.9967
vn -0.0286 -0.6403 -0.7676
vn -0.9092 -0.3052 0.2833
vn 0.9031 -0.3481 0.2517
vn 0.0230 0.9996 -0.0146
vn 0.0284 0.5979 0.8010
vn -0.0260 -0.9887 -0.1473
vn -0.0100 0.2925 -0.9562
vn -0.9195 0.3344 -0.2067
vn 0.9265 0.2909 -0.2387
vn 0.0095 -0.3017 0.9534
vn -0.0278 -0.5889 -0.8077
vn -0.9096 -0.2982 0.2893
vn 0.9041 -0.3410 0.2576
vn 0.0257 0.9886 0.1486
vn -0.0272 -0.9705 -0.2396
vn -0.0043 0.4695 -0.8829
vn -0.9354 0.3268 -0.1346
vn 0.9446 0.2824 -0.1675
vn 0.0268 0.5143 0.8572
vn 0.0255 0.9932 0.1139
vn 0.0064 -0.4064 0.9137
vn -0.0288 -0.6730 -0.7391
vn -0.9075 -0.2106 0.3634
vn 0.9087 -0.2535 0.3317
vn -0.0250 -0.9955 -0.0916
vn -0.0028 0.5251 -0.8511
vn -0.9174 0.3945 0.0530
vn 0.9362 0.3508 0.0213
vn 0.0277 0.5493 0.8352
vn -0.0283 -0.9278 -0.3720
vn 0.0198 0.9813 -0.1913
vn -0.9502 -0.1301 0.2833
vn 0.9523 -0.1750 0.2499
vn 0.0116 -0.2273 0.9738
vn -0.0189 -0.9632 0.2681
vn -0.0023 0.5392 -0.8422
vn -0.9208 0.2850 0.2662
vn 0.9423 0.2420 0.2312
vn 0.0283 0.6960 0.7175
vn -0.0298 -0.7557 -0.6543
vn 0.0213 0.9931 -0.1154
vn -0.9746 -0.1773 -0.1366
vn 0.9599 -0.2226 -0.1704
vn 0.0096 -0.3209 0.9471
vn 0.0287 0.6962 0.7173
vn -0.0075 -0.7853 0.6191
vn -0.7493 -0.5066 0.4264
vn 0.7389 -0.5418 0.4007
vn -0.0241 -0.3061 -0.9517
vn 0.0248 0.3037 0.9525
vn -0.0228 -0.9886 -0.1488
vn 0.0137 0.9080 -0.4188
vn -0.8221 0.2635 0.5046
vn 0.8499 0.2243 0.4769
vn -0.0207 -0.9990 0.0392
vn 0.0165 0.9489 -0.3150
vn -0.8287 0.2578 0.4968
vn 0.8553 0.2183 0.4699
vn 0.0216 0.2524 0.9674
vn -0.0215 -0.9800 0.1980
vn 0.0104 0.8451 -0.5345
vn -0.9624 0.1899 -0.1941
vn 0.9637 0.1427 -0.2256
vn 0.0247 0.4521 0.8916
vn 0.0307 0.7893 0.6132
vn -0.0099 -0.8282 0.5604
vn -0.7417 0.5306 0.4103
vn 0.7816 0.4917 0.3839
vn -0.0041 0.4086 -0.9127
vn 0.0001 0.9214 0.3887
vn 0.0001 -0.8255 0.5644
vn -0.9237 -0.0495 0.3800
vn -0.9389 0.2059 -0.2757
vn 0.9390 0.2059 -0.2755
vn 0.9237 -0.0500 0.3799
vn -0.0005 -0.2416 -0.9704
vn -0.9728 0.1761 -0.1506
vn 0.9728 0.1763 -0.1503
vn 0.0002 -0.9500 -0.3121
vn -0.0003 0.9322 -0.3620
vn 0.0004 0.0980 0.9952
vn -0.9215 -0.1842 0.3418
vn 0.9215 -0.1843 0.3420
vn -0.0000 0.7591 0.6510
vn 0.0004 -0.9849 0.1731
vn -0.9329 0.2900 -0.2134
vn 0.9330 0.2900 -0.2128
vn -0.0004 0.0980 -0.9952
vn 0.0004 -0.9884 0.1521
vn -0.0003 0.6429 -0.7659
vn -0.9569 -0.0105 0.2903
vn 0.9568 -0.0115 0.2904
vn 0.0004 0.5002 0.8659
vn 0.0003 0.9998 0.0217
vn 0.0002 -0.2907 0.9568
vn -0.9216 -0.3011 0.2450
vn 0.9214 -0.3010 0.2457
vn 0.0007 -0.7586 -0.6515
vn -0.0007 -0.9761 -0.2175
vn -0.0003 0.4714 -0.8819
vn -0.0008 0.4516 0.8922
vn -0.9657 0.2596 -0.0005
vn 0.9657 0.2595 0.0005
vn -0.0011 -0.6345 0.7729
vn 0.0006 -0.4512 -0.8924
vn -0.8977 -0.4407 -0.0006
vn 0.8976 -0.4408 0.0006
vn -0.0005 0.9151 0.4032
vn 0.0004 0.9148 -0.4039
vn -0.0007 -0.4521 0.8920
vn -0.9216 -0.3004 -0.2459
vn 0.9217 -0.3010 -0.2446
vn 0.0002 -0.6338 -0.7735
vn -0.0009 -0.9761 0.2173
vn -0.0003 0.4516 -0.8922
vn -0.0008 0.4714 0.8819
vn -0.9329 0.2905 0.2127
vn 0.9328 0.2901 0.2138
vn 0.0003 0.9997 -0.0230
vn -0.0010 -0.7588 0.6513
vn -0.9520 -0.2168 -0.2161
vn 0.9520 -0.2178 -0.2151
vn -0.0002 -0.2897 -0.9571
vn -0.0005 -0.9850 -0.1725
vn -0.0003 0.7587 -0.6515
vn -0.0010 0.0980 0.9952
vn -0.8977 0.3139 0.3091
vn 0.8977 0.3130 0.3101
vn -0.0001 -0.6417 0.7669
vn -0.0004 -0.1808 -0.9835
vn -0.9362 0.1982 0.2902
vn 0.9363 0.1971 0.2905
vn -0.0004 0.9956 0.0939
vn 0.0001 0.6449 -0.7643
vn -0.0009 0.0039 1.0000
vn -0.0009 -0.9620 -0.2731
vn -0.9232 -0.2377 -0.3021
vn 0.9230 -0.2391 -0.3016
vn -0.0002 -0.9003 0.4353
vn -0.0005 0.2002 -0.9798
vn -0.9358 0.0788 0.3436
vn 0.9358 0.0778 0.3437
vn -0.0003 0.8821 0.4711
vn 0.0002 0.8923 -0.4515
vn -0.0007 -0.3620 0.9322
vn -0.0001 -0.8006 -0.5993
vn -0.9246 -0.0944 -0.3690
vn 0.9246 -0.0955 -0.3689
vn -0.0006 0.5347 -0.8450
vn -0.0005 0.6867 0.7270
vn 0.0002 -0.9947 0.1026
vn -0.9362 -0.0711 0.3443
vn 0.9362 -0.0715 0.3440
vn -0.0000 -0.4809 -0.8768
vn 0.0004 0.9970 -0.0771
vn -0.9194 0.0532 -0.3898
vn 0.9192 0.0527 -0.3902
vn 0.0003 -0.7139 0.7002
vn 0.0005 0.2558 0.9667
vn -0.0009 -0.9208 -0.3900
vn -0.9622 -0.1991 0.1860
vn 0.9621 -0.2000 0.1852
vn -0.0005 0.8584 -0.5130
vn 0.0002 0.9379 0.3470
vn -0.0011 -0.9463 0.3232
vn -0.0009 -0.0947 -0.9955
vn -0.8978 0.3110 -0.3118
vn 0.8979 0.3097 -0.3129
vn 0.0002 -0.3301 0.9439
vn -0.0010 -0.3460 -0.9383
vn -0.9175 0.3952 -0.0442
vn 0.9178 0.3945 -0.0455
vn -0.0004 0.9948 0.1014
vn -0.0001 0.4937 -0.8697
vn -0.0003 0.3596 0.9331
vn -0.0010 -0.9647 -0.2632
vn -0.9337 -0.3499 0.0763
vn 0.9335 -0.3505 0.0751
vn 0.0004 -0.6580 0.7530
vn -0.0006 0.0449 -0.9990
vn -0.9193 0.3793 0.1053
vn 0.9192 0.3792 0.1063
vn -0.0003 0.8881 0.4596
vn 0.0005 0.8003 -0.5996
vn -0.0006 -0.0034 1.0000
vn 0.0001 -0.7981 -0.6025
vn -0.9429 -0.3328 -0.0147
vn 0.9429 -0.3328 -0.0140
vn -0.0012 -0.9165 0.4001
vn -0.0006 0.4544 -0.8908
vn -0.9640 0.2370 0.1204
vn 0.9640 0.2372 0.1201
vn -0.0007 0.6344 0.7730
vn 0.0003 0.9758 -0.2186
vn -0.0000 -0.3588 0.9334
vn -0.0005 -0.5646 -0.8254
vn -0.8929 -0.4482 -0.0424
vn 0.8928 -0.4485 -0.0415
vn 0.0002 0.7565 0.6540
vn -0.0007 -0.9208 0.3899
vn -0.0005 -0.0718 -0.9974
vn -0.9528 -0.2081 -0.2208
vn 0.9529 -0.2089 -0.2199
vn 0.0001 -0.8087 -0.5882
vn -0.0001 0.9275 -0.3737
vn -0.9621 0.2125 0.1711
vn 0.9621 0.2114 0.1721
vn -0.0006 -0.0305 0.9995
vn 0.0003 0.8807 0.4737
vn -0.0010 -0.9917 0.1283
vn -0.0004 0.1487 -0.9889
vn -0.8843 -0.1596 -0.4389
vn 0.8844 -0.1608 -0.4381
vn -0.0000 0.1816 0.9834
vn -0.0009 -0.9912 -0.1325
vn -0.0003 0.6812 -0.7321
vn -0.9679 -0.1695 -0.1855
vn 0.9679 -0.1706 -0.1847
vn 0.0008 0.9567 0.2910
vn -0.0010 -0.6503 0.7597
vn -0.8977 0.1698 0.4065
vn 0.8977 0.1684 0.4071
vn -0.0004 0.0221 -0.9998
vn -0.0000 -0.7209 -0.6931
vn 0.0003 0.9970 0.0773
vn -0.0008 -0.4718 0.8817
vn 0.0006 0.6255 0.7802
vn -0.0010 -0.9875 0.1578
vn -0.0003 0.3746 -0.9272
vn -0.9544 -0.1567 -0.2541
vn 0.9545 -0.1577 -0.2531
vn 0.0001 -0.6109 -0.7917
vn -0.0004 0.9985 -0.0553
vn -0.0003 -0.4502 0.8929
vn -0.0002 -0.9988 0.0491
vn -0.0004 0.3654 -0.9309
vn -0.9265 0.2363 -0.2929
vn 0.9267 0.2368 -0.2919
vn -0.0010 0.6869 0.7268
vn -0.0001 0.9867 -0.1626
vn -0.0009 -0.8256 0.5642
vn -0.0005 -0.2707 -0.9627
vn -0.8052 -0.1933 -0.5606
vn 0.8054 -0.1930 -0.5604
vn 0.0002 0.1818 -0.9833
vn -0.0010 0.9188 0.3948
vn -0.7458 0.1212 -0.6551
vn 0.7460 0.1220 -0.6547
vn -0.0004 -0.9982 0.0595
vn -0.0001 0.9208 0.3899
vn 0.0005 -0.2416 -0.9704
vn 0.9728 0.1761 -0.1506
vn 0.9389 0.2059 -0.2757
vn -0.9390 0.2059 -0.2755
vn -0.9728 0.1763 -0.1503
vn -0.0001 -0.8255 0.5644
vn 0.9237 -0.0495 0.3800
vn -0.9237 -0.0500 0.3799
vn -0.0004 0.9324 -0.3613
vn -0.0003 -0.9503 -0.3112
vn -0.0004 0.0980 0.9952
vn 0.9215 -0.1842 0.3418
vn -0.9215 -0.1843 0.3420
vn 0.0003 -0.9848 0.1738
vn 0.0006 0.7586 0.6515
vn 0.9329 0.2900 -0.2135
vn -0.9330 0.2900 -0.2129
vn 0.0004 0.0980 -0.9952
vn 0.0010 -0.9883 0.1523
vn -0.0004 0.5002 0.8659
vn 0.9569 -0.0105 0.2903
vn -0.9568 -0.0115 0.2904
vn 0.0003 0.6429 -0.7659
vn -0.0003 0.9997 0.0230
vn -0.0007 -0.7586 -0.6515
vn -0.0002 -0.2907 0.9568
vn 0.9216 -0.3011 0.2450
vn -0.9214 -0.3010 0.2457
vn -0.0002 -0.9763 -0.2164
vn 0.0008 0.4516 0.8922
vn 0.9657 0.2596 -0.0005
vn -0.9657 0.2595 0.0005
vn 0.0003 0.4714 -0.8819
vn -0.0002 0.9148 0.4038
vn -0.0006 -0.4512 -0.8924
vn 0.0003 -0.6349 0.7726
vn 0.8977 -0.4407 -0.0006
vn -0.8976 -0.4408 0.0006
vn -0.0002 -0.4519 0.8921
vn 0.0003 0.9151 -0.4032
vn 0.9216 -0.3004 -0.2459
vn -0.9217 -0.3010 -0.2446
vn -0.0002 -0.6338 -0.7735
vn -0.0004 0.4522 -0.8919
vn 0.0007 -0.9763 0.2164
vn 0.0008 0.4714 0.8819
vn 0.9329 0.2905 0.2127
vn -0.9328 0.2901 0.2138
vn 0.0002 -0.7591 0.6510
vn 0.0004 0.9998 -0.0223
vn 0.9520 -0.2168 -0.2161
vn -0.9520 -0.2178 -0.2151
vn 0.0002 -0.2897 -0.9571
vn -0.0004 0.7591 -0.6510
vn 0.0009 -0.9849 -0.1733
vn 0.0010 0.0980 0.9952
vn 0.8977 0.3139 0.3091
vn -0.8977 0.3130 0.3101
vn 0.0007 -0.6427 0.7661
vn 0.0004 0.9956 0.0939
vn 0.9362 0.1982 0.2902
vn -0.9363 0.1971 0.2905
vn 0.0004 -0.1808 -0.9835
vn 0.0006 0.0030 1.0000
vn 0.0003 0.6455 -0.7637
vn 0.0009 -0.9620 -0.2731
vn 0.9232 -0.2377 -0.3021
vn -0.9230 -0.2391 -0.3016
vn 0.0002 -0.9008 0.4341
vn 0.0003 0.8821 0.4711
vn 0.9358 0.0787 0.3437
vn -0.9359 0.0778 0.3437
vn 0.0005 0.2002 -0.9798
vn -0.0000 -0.3627 0.9319
vn 0.0005 0.8926 -0.4509
vn 0.0001 -0.8006 -0.5993
vn 0.9246 -0.0944 -0.3689
vn -0.9245 -0.0955 -0.3690
vn -0.0006 0.5345 -0.8451
vn 0.0009 -0.9948 0.1021
vn 0.9364 -0.0704 0.3437
vn -0.9366 -0.0715 0.3431
vn 0.0003 0.6867 0.7269
vn -0.0000 -0.7148 0.6994
vn -0.0004 0.9970 -0.0771
vn 0.0008 -0.4798 -0.8774
vn 0.9190 0.0539 -0.3905
vn -0.9188 0.0526 -0.3911
vn -0.0007 0.8586 -0.5127
vn 0.0010 -0.9208 -0.3900
vn 0.9622 -0.1991 0.1861
vn -0.9621 -0.2000 0.1851
vn 0.0003 0.2562 0.9666
vn -0.0009 0.9375 0.3480
vn 0.0010 -0.0947 -0.9955
vn 0.8978 0.3110 -0.3118
vn -0.8979 0.3097 -0.3129
vn 0.0008 -0.9463 0.3231
vn 0.0001 -0.3453 -0.9385
vn 0.0005 -0.3307 0.9437
vn 0.9178 0.3945 -0.0450
vn -0.9178 0.3946 -0.0445
vn 0.0003 0.9948 0.1014
vn -0.0001 0.3590 0.9333
vn 0.0003 0.4943 -0.8693
vn -0.0004 -0.9645 -0.2639
vn 0.9335 -0.3506 0.0757
vn -0.9335 -0.3505 0.0760
vn -0.0003 0.0456 -0.9990
vn -0.0001 -0.6588 0.7523
vn 0.9193 0.3793 0.1053
vn -0.9192 0.3792 0.1063
vn 0.0006 0.8881 0.4596
vn -0.0002 -0.0032 1.0000
vn 0.0003 0.8007 -0.5990
vn -0.0001 -0.7981 -0.6025
vn 0.9429 -0.3328 -0.0147
vn -0.9429 -0.3327 -0.0139
vn -0.0004 0.4551 -0.8905
vn 0.0002 -0.9167 0.3996
vn 0.9639 0.2377 0.1197
vn -0.9639 0.2371 0.1210
vn 0.0008 0.6344 0.7730
vn -0.0003 -0.3581 0.9337
vn 0.0003 0.9760 -0.2179
vn 0.0003 -0.5646 -0.8254
vn 0.8929 -0.4482 -0.0425
vn -0.8928 -0.4485 -0.0414
vn -0.0000 0.7556 0.6550
vn 0.0004 -0.0718 -0.9974
vn 0.9529 -0.2081 -0.2209
vn -0.9529 -0.2090 -0.2199
vn 0.0008 -0.9208 0.3899
vn 0.0001 -0.8079 -0.5893
vn 0.0010 -0.0305 0.9995
vn 0.0003 0.9275 -0.3737
vn 0.9621 0.2125 0.1711
vn -0.9621 0.2114 0.1722
vn 0.0001 0.8801 0.4749
vn 0.0004 0.1487 -0.9889
vn 0.8843 -0.1596 -0.4389
vn -0.8844 -0.1608 -0.4381
vn 0.0010 -0.9917 0.1283
vn 0.0005 0.1804 0.9836
vn 0.0003 0.6812 -0.7321
vn 0.9679 -0.1695 -0.1855
vn -0.9679 -0.1706 -0.1847
vn 0.0009 -0.9912 -0.1325
vn -0.0003 0.0227 -0.9997
vn 0.0010 -0.6503 0.7597
vn 0.0002 0.9568 0.2908
vn 0.8977 0.1698 0.4065
vn -0.8977 0.1684 0.4071
vn 0.0005 0.9970 0.0778
vn 0.0007 -0.7204 -0.6936
vn 0.0008 -0.4718 0.8817
vn 0.0003 -0.9876 0.1571
vn -0.0001 0.6261 0.7797
vn 0.0003 0.3746 -0.9272
vn 0.9544 -0.1567 -0.2541
vn -0.9545 -0.1577 -0.2531
vn -0.0003 0.9985 -0.0546
vn 0.0006 -0.6104 -0.7921
vn 0.0003 -0.4502 0.8929
vn 0.0002 -0.9989 0.0477
vn 0.0010 0.6869 0.7268
vn 0.0004 0.3654 -0.9309
vn 0.9265 0.2363 -0.2929
vn -0.9267 0.2368 -0.2919
vn 0.0002 -0.8261 0.5635
vn 0.0008 0.9868 -0.1620
vn 0.0005 -0.2707 -0.9627
vn 0.8052 -0.1933 -0.5606
vn -0.8054 -0.1930 -0.5604
vn -0.0002 0.1833 -0.9831
vn 0.0004 -0.9982 0.0595
vn 0.7458 0.1212 -0.6551
vn -0.7460 0.1220 -0.6547
vn 0.0010 0.9188 0.3948
vn 0.0264 -0.1339 0.9906
vn -0.2338 -0.7786 -0.5823
vn -0.8432 0.2352 0.4834
vn -0.9991 0.0421 0.0098
vn 0.9993 0.0366 -0.0012
vn 0.8829 -0.1818 -0.4330
vn -0.2416 0.8730 -0.4237
vn -0.8681 -0.1208 0.4815
vn 0.8754 0.2545 -0.4110
vn 0.0734 0.6458 0.7600
vn 0.2845 -0.9197 -0.2706
vn -0.8812 -0.0219 0.4722
vn 0.3125 0.7929 -0.5231
vn -0.7400 0.4286 -0.5183
vn -0.9295 -0.1194 0.3489
vn 0.2392 0.7297 -0.6406
vn -0.3924 -0.9130 -0.1117
vn -0.6839 0.6813 -0.2608
vn 0.2198 0.3520 0.9098
vn -0.9155 0.2837 0.2853
vn 0.7108 0.6862 -0.1542
vn -0.2191 0.8146 0.5371
vn 0.5220 -0.8255 0.2148
vn -0.6681 -0.0284 -0.7435
vn -0.9244 -0.1823 0.3350
vn 0.2137 0.5065 -0.8353
vn 0.0768 -0.0074 0.9970
vn -0.2363 -0.5829 -0.7775
vn -0.9467 0.3165 0.0594
vn 0.9342 0.3539 0.0459
vn -0.1754 0.9597 -0.2197
vn -0.1387 0.1110 -0.9841
vn -0.0949 0.7217 0.6857
vn -0.0215 -0.9331 0.3589
vn -0.4098 -0.7905 -0.4551
vn -0.4602 0.8872 0.0324
vn -0.8811 -0.0701 0.4677
vn 0.3280 0.1203 -0.9370
vn 0.6401 -0.1160 0.7595
vn 0.1034 -0.9575 0.2692
vn -0.7159 0.2209 -0.6623
vn 0.1958 0.8061 0.5585
vn -0.3282 0.9277 -0.1782
vn 0.6120 -0.2724 0.7424
vn -0.6624 -0.7217 -0.2010
vn -0.8040 0.2062 0.5578
vn 0.3258 -0.3192 -0.8899
vn -0.2917 -0.8280 0.4788
vn -0.6514 0.4279 -0.6266
vn -0.9259 0.2998 0.2298
vn 0.3864 -0.7282 -0.5661
vn 0.5607 0.7679 0.3098
vn 0.0003 0.8929 -0.4502
vn -0.0000 0.0934 0.9956
vn -0.9441 0.3288 0.0246
vn 0.9441 0.3287 0.0254
vn -0.0001 -0.7929 -0.6093
vn 0.0995 0.8889 -0.4472
vn 0.2121 -0.1614 0.9638
vn -0.8809 0.4544 0.1325
vn 0.9196 -0.3858 -0.0746
vn -0.6579 -0.6897 -0.3023
vn -0.2195 0.1937 -0.9562
vn 0.0199 0.7712 0.6363
vn -0.1998 -0.9120 0.3582
vn -0.4215 -0.5450 0.7248
vn -0.3853 0.1124 -0.9159
vn -0.9648 0.2527 -0.0728
vn 0.3019 -0.9440 -0.1331
vn 0.6100 0.7146 0.3425
vn -0.2603 0.0740 0.9627
vn -0.5537 -0.6564 -0.5125
vn -0.9438 0.3236 -0.0667
vn 0.3362 -0.8904 0.3068
vn 0.4128 0.5544 -0.7227
vn 0.0004 -0.7048 0.7094
vn -0.0002 -0.1819 -0.9833
vn -0.9920 0.0581 -0.1119
vn 0.9952 0.0413 -0.0884
vn -0.0000 0.9115 0.4113
vn -0.0128 0.8162 -0.5776
vn -0.1300 0.1760 0.9758
vn -0.1171 -0.8141 -0.5687
vn 0.0006 0.6665 -0.7455
vn -0.0003 0.3720 0.9282
vn -0.8656 0.4666 -0.1817
vn 0.9195 0.3742 -0.1206
vn -0.0000 -0.9612 -0.2760
vn -0.6459 -0.6659 0.3734
vn 0.0029 0.1277 -0.9918
vn 0.1454 0.5985 0.7878
vn -0.8300 0.5097 -0.2267
vn 0.9208 -0.3140 0.2315
vn -0.2423 -0.5143 0.8227
vn -0.4384 -0.2467 -0.8643
vn 0.0376 0.9234 0.3820
vn -0.3568 0.8235 0.4410
vn -0.1510 -0.9865 -0.0636
vn 0.0147 0.2265 -0.9739
vn -0.2817 0.5095 0.8131
vn -0.3561 -0.5836 -0.7298
vn -0.9699 0.1635 -0.1803
vn 0.2409 -0.7023 0.6699
vn 0.6974 0.5421 -0.4688
vn -0.5163 -0.6908 -0.5062
vn 0.1122 0.8071 -0.5797
vn -0.2840 0.4285 0.8578
vn -0.6956 0.6166 -0.3688
vn 0.9081 -0.0725 0.4125
vn 0.0315 0.8895 0.4558
vn -0.6702 -0.5721 0.4728
vn 0.0895 -0.4486 -0.8893
vn 0.5555 0.8239 -0.1128
vn -0.5042 0.2175 0.8358
vn -0.8819 0.4665 -0.0677
vn 0.3577 -0.3718 0.8566
vn -0.2748 -0.7680 -0.5785
vn -0.6748 -0.6684 0.3129
vn 0.6404 0.3251 -0.6959
vn -0.0661 0.7245 0.6861
vn -0.5859 0.8090 0.0478
vn 0.5245 0.1001 0.8455
vn 0.2746 -0.7709 -0.5747
vn -0.0261 -0.1338 0.9907
vn 0.9991 0.0419 0.0096
vn 0.8299 0.2255 0.5103
vn -0.8868 -0.1596 -0.4338
vn -0.9993 0.0368 -0.0015
vn 0.2230 0.8765 -0.4267
vn 0.8679 -0.1214 0.4816
vn -0.8824 0.2402 -0.4045
vn 0.7345 0.4254 -0.5288
vn -0.2975 -0.9122 -0.2818
vn 0.9295 -0.1194 0.3489
vn -0.2392 0.7297 -0.6406
vn -0.0706 0.6113 0.7882
vn 0.8812 -0.0219 0.4722
vn -0.3125 0.7929 -0.5231
vn -0.5096 -0.8343 0.2104
vn 0.2071 0.8172 0.5379
vn 0.6681 -0.0284 -0.7435
vn 0.9244 -0.1823 0.3350
vn -0.2137 0.5065 -0.8353
vn 0.6542 0.7129 -0.2527
vn 0.3712 -0.9237 -0.0948
vn -0.2198 0.3520 0.9098
vn 0.9155 0.2837 0.2853
vn -0.7108 0.6862 -0.1542
vn 0.3987 -0.7852 -0.4739
vn -0.6548 -0.1146 0.7470
vn 0.8811 -0.0701 0.4677
vn -0.3280 0.1203 -0.9370
vn 0.4602 0.8872 0.0324
vn 0.7081 0.2118 -0.6736
vn -0.1445 -0.9465 0.2886
vn -0.2130 0.8073 0.5504
vn 0.1559 0.9661 -0.2058
vn 0.2190 -0.5802 -0.7844
vn -0.0768 -0.0066 0.9970
vn 0.9467 0.3165 0.0594
vn -0.9342 0.3539 0.0459
vn 0.1733 0.1051 -0.9792
vn 0.0211 -0.9330 0.3591
vn 0.0949 0.7217 0.6857
vn -0.5847 -0.2704 0.7648
vn 0.3128 0.9331 -0.1773
vn 0.6624 -0.7217 -0.2010
vn 0.8040 0.2062 0.5578
vn -0.3258 -0.3192 -0.8899
vn 0.0006 0.8925 -0.4511
vn -0.0002 -0.7931 -0.6091
vn 0.9441 0.3288 0.0246
vn -0.9441 0.3287 0.0254
vn 0.3241 -0.7995 0.5058
vn -0.5975 0.7335 0.3239
vn 0.9259 0.2998 0.2298
vn -0.3864 -0.7282 -0.5661
vn 0.6514 0.4279 -0.6266
vn -0.0117 0.8814 -0.4722
vn 0.6579 -0.6897 -0.3023
vn -0.1888 -0.1808 0.9652
vn 0.8807 0.4546 0.1326
vn -0.9096 -0.4103 -0.0655
vn -0.0198 0.7710 0.6366
vn 0.2078 0.1531 -0.9661
vn 0.2165 -0.9177 0.3332
vn 0.4160 -0.5220 0.7446
vn -0.5985 0.7100 0.3710
vn 0.9648 0.2527 -0.0728
vn -0.3019 -0.9440 -0.1331
vn 0.3852 0.1124 -0.9159
vn 0.2669 0.0647 0.9615
vn -0.4137 0.5778 -0.7036
vn 0.9438 0.3236 -0.0667
vn -0.3362 -0.8904 0.3068
vn 0.5537 -0.6564 -0.5124
vn 0.0005 -0.7048 0.7094
vn 0.9919 0.0587 -0.1124
vn -0.9952 0.0413 -0.0884
vn -0.0001 -0.1822 -0.9833
vn 0.1270 -0.8221 -0.5550
vn 0.1294 0.1760 0.9759
vn 0.0132 0.8162 -0.5776
vn 0.0006 0.6660 -0.7459
vn -0.0006 -0.9612 -0.2760
vn 0.0003 0.3720 0.9282
vn 0.8656 0.4666 -0.1817
vn -0.9195 0.3742 -0.1206
vn -0.1461 0.5962 0.7895
vn -0.0082 0.1570 -0.9876
vn 0.8312 0.5080 -0.2261
vn -0.9213 -0.3129 0.2308
vn 0.6524 -0.6639 0.3656
vn -0.0374 0.9233 0.3821
vn 0.4448 -0.2181 -0.8687
vn 0.2445 -0.5149 0.8216
vn 0.1490 -0.9867 -0.0651
vn 0.3567 0.8242 0.4398
vn -0.0155 0.2265 -0.9739
vn 0.2726 0.5045 0.8193
vn -0.6974 0.5397 -0.4715
vn 0.9699 0.1635 -0.1803
vn -0.2409 -0.7023 0.6699
vn 0.3561 -0.5836 -0.7298
vn 0.5166 -0.6879 -0.5099
vn 0.2840 0.4285 0.8578
vn 0.6956 0.6166 -0.3687
vn -0.9081 -0.0725 0.4125
vn -0.1122 0.8071 -0.5797
vn 0.6674 -0.5678 0.4818
vn -0.0058 0.8903 0.4553
vn -0.0880 -0.4512 -0.8881
vn 0.4994 0.1856 0.8463
vn -0.5393 0.8357 -0.1041
vn 0.8819 0.4665 -0.0677
vn -0.3577 -0.3718 0.8566
vn 0.2748 -0.7680 -0.5785
vn -0.6562 0.3253 -0.6809
vn 0.6858 -0.6702 0.2838
vn 0.0661 0.7245 0.6861
vn 0.5859 0.8090 0.0478
vn -0.5245 0.1001 0.8455
vn -0.2422 0.9357 0.2564
vn 0.5094 -0.7253 0.4631
vn -0.7802 -0.0697 0.6217
vn -0.9093 -0.2280 0.3481
vn 0.4111 0.4738 -0.7788
vn 0.8543 0.1818 -0.4869
vn -0.4866 -0.4750 -0.7332
vn -0.9411 -0.1572 0.2995
vn 0.4360 0.1552 -0.8865
vn 0.1057 -0.9871 -0.1205
vn -0.6432 0.6670 -0.3760
vn 0.4220 0.4221 0.8024
vn -0.8235 -0.2194 0.5232
vn 0.7523 0.3648 -0.5486
vn -0.4317 0.8662 0.2517
vn 0.6743 -0.5023 0.5413
vn -0.8649 -0.1049 0.4908
vn 0.3233 0.7757 -0.5421
vn -0.5178 -0.3261 -0.7909
vn 0.3545 -0.9273 -0.1199
vn -0.7413 0.2356 -0.6284
vn 0.2384 0.5001 0.8325
vn -0.8070 0.0467 0.5887
vn 0.5816 0.7618 -0.2851
vn -0.4177 -0.4200 -0.8057
vn -0.3906 0.9197 0.0387
vn 0.4236 -0.4360 0.7940
vn -0.9319 0.1338 0.3370
vn 0.9071 0.3650 -0.2096
vn -0.3157 -0.7912 -0.5237
vn -0.4060 0.8523 -0.3297
vn 0.2896 0.1747 0.9411
vn 0.0932 -0.9870 0.1309
vn -0.5472 0.6354 -0.5449
vn -0.8610 0.1037 0.4980
vn 0.8741 -0.1284 -0.4684
vn 0.4134 0.5551 0.7218
vn -0.2044 0.9777 -0.0478
vn 0.5086 -0.4309 0.7454
vn -0.5532 -0.7418 -0.3792
vn -0.9206 0.1228 0.3708
vn 0.4600 -0.1713 -0.8712
vn -0.2000 -0.9411 0.2725
vn -0.5473 0.4708 -0.6920
vn -0.9726 0.1690 0.1598
vn 0.5631 -0.5790 -0.5896
vn 0.4515 0.7535 0.4779
vn 0.1182 -0.8584 0.4992
vn -0.4616 -0.0070 -0.8871
vn -0.9659 0.1171 0.2308
vn 0.9681 -0.1059 -0.2270
vn 0.0182 0.8192 0.5732
vn 0.2780 -0.0335 0.9600
vn -0.3614 -0.7859 -0.5018
vn -0.2659 0.8877 -0.3759
vn -0.2131 -0.8333 -0.5101
vn -0.1673 0.8635 -0.4758
vn 0.0477 0.0497 0.9976
vn -0.8995 0.4329 -0.0585
vn 0.9673 0.2521 -0.0291
vn 0.0978 0.9263 -0.3638
vn 0.2395 -0.2415 0.9404
vn -0.8739 0.4382 0.2105
vn 0.9276 -0.3574 -0.1088
vn -0.5617 -0.7120 -0.4214
vn -0.3035 0.2692 -0.9140
vn 0.2147 0.6845 0.6967
vn -0.2401 -0.9335 0.2663
vn -0.2787 -0.6498 0.7072
vn -0.3070 0.0899 -0.9475
vn -0.9950 0.0303 -0.0952
vn 0.4661 -0.8600 -0.2078
vn 0.5148 0.8005 0.3069
vn -0.1401 -0.0897 0.9861
vn -0.4354 -0.7451 -0.5052
vn -0.9837 0.1767 -0.0321
vn 0.5699 -0.7906 0.2239
vn 0.2766 0.6104 -0.7422
vn -0.1608 -0.0753 -0.9841
vn 0.0313 0.8219 0.5688
vn -0.1470 -0.8362 0.5283
vn -0.8993 0.4201 -0.1216
vn 0.9581 -0.2601 0.1203
vn 0.0282 0.0274 0.9992
vn -0.4118 -0.6968 -0.5873
vn 0.1200 0.9078 -0.4020
vn -0.1419 0.3917 0.9091
vn -0.2233 -0.8518 -0.4738
vn -0.7382 0.6137 -0.2801
vn 0.9723 0.0355 0.2310
vn 0.1748 0.7393 -0.6503
vn -0.5041 -0.7319 0.4586
vn 0.0559 0.1073 -0.9927
vn 0.1896 0.6430 0.7420
vn -0.8507 0.5072 -0.1378
vn 0.8766 -0.4239 0.2277
vn -0.2100 -0.1622 -0.9641
vn 0.3797 0.8606 0.3393
vn -0.3939 -0.4086 0.8233
vn -0.1612 0.2862 0.9445
vn -0.3063 -0.7088 -0.6355
vn -0.9953 0.0789 -0.0563
vn 0.4354 -0.7401 0.5126
vn 0.4957 0.6435 -0.5833
vn -0.4309 -0.2510 0.8668
vn 0.0299 -0.4714 -0.8814
vn -0.8557 0.3968 -0.3323
vn 0.8209 -0.4353 0.3695
vn 0.2640 0.9520 0.1548
vn 0.4174 0.4241 -0.8037
vn -0.2173 0.4691 0.8560
vn -0.4390 -0.8339 -0.3345
vn 0.0795 0.7630 0.6415
vn -0.5662 -0.7112 0.4168
vn 0.0759 -0.3259 -0.9424
vn -0.1121 0.5493 0.8281
vn -0.3997 -0.9119 -0.0929
vn -0.7377 0.6635 -0.1251
vn 0.8213 -0.0856 0.5640
vn 0.4155 0.3385 -0.8442
vn -0.1796 -0.7567 -0.6286
vn 0.4494 0.8933 0.0103
vn -0.3635 0.0170 0.9314
vn -0.9882 0.1513 0.0236
vn 0.4655 -0.5948 0.6554
vn -0.0622 -0.6646 -0.7447
vn 0.3048 0.9212 0.2419
vn -0.5864 -0.2101 0.7823
vn -0.9377 0.3421 0.0613
vn 0.4553 -0.3734 0.8082
vn 0.5060 0.3069 -0.8061
vn -0.1556 0.5436 0.8248
vn -0.9873 0.1587 -0.0064
vn 0.4083 -0.5590 0.7217
vn -0.4138 -0.9087 -0.0552
vn -0.5837 -0.6070 0.5393
vn 0.2549 -0.3672 -0.8945
vn 0.0792 0.8349 0.5447
vn -0.5290 -0.7193 0.4503
vn 0.2476 0.9252 0.2874
vn 0.9093 -0.2280 0.3481
vn 0.7834 -0.0976 0.6138
vn -0.8666 0.1753 -0.4672
vn -0.4111 0.4739 -0.7787
vn 0.4866 -0.4750 -0.7332
vn 0.9411 -0.1572 0.2995
vn -0.4360 0.1552 -0.8865
vn 0.6203 0.6892 -0.3746
vn -0.0796 -0.9866 -0.1425
vn -0.3717 0.4204 0.8277
vn 0.8235 -0.2194 0.5232
vn -0.7600 0.4062 -0.5073
vn -0.6878 -0.4833 0.5415
vn 0.4322 0.8559 0.2839
vn 0.8649 -0.1049 0.4908
vn -0.3233 0.7757 -0.5421
vn 0.5177 -0.3261 -0.7910
vn 0.7304 0.2662 -0.6290
vn -0.3512 -0.9268 -0.1333
vn -0.2384 0.5001 0.8325
vn 0.8070 0.0467 0.5887
vn -0.5816 0.7618 -0.2851
vn 0.3742 -0.3825 -0.8448
vn -0.4236 -0.4360 0.7941
vn 0.9320 0.1338 0.3370
vn -0.9071 0.3649 -0.2096
vn 0.3906 0.9197 0.0387
vn 0.2955 -0.7478 -0.5946
vn -0.2895 0.1747 0.9411
vn 0.4581 0.8303 -0.3173
vn 0.5507 0.6111 -0.5686
vn -0.0861 -0.9820 0.1684
vn 0.8626 0.1112 0.4935
vn -0.8749 -0.1215 -0.4688
vn -0.3694 0.5814 0.7249
vn -0.4891 -0.4577 0.7425
vn 0.1739 0.9830 -0.0595
vn 0.5532 -0.7418 -0.3792
vn 0.9206 0.1228 0.3708
vn -0.4600 -0.1713 -0.8712
vn 0.2364 -0.9288 0.2855
vn -0.4617 0.7536 0.4679
vn 0.9725 0.1694 0.1598
vn -0.5629 -0.5793 -0.5896
vn 0.5473 0.4708 -0.6920
vn -0.1084 -0.8826 0.4574
vn -0.0182 0.8192 0.5733
vn 0.9754 0.0942 0.1992
vn -0.9681 -0.1060 -0.2270
vn 0.4882 -0.0454 -0.8715
vn 0.3819 -0.7654 -0.5180
vn -0.2706 -0.0408 0.9618
vn 0.3106 0.8683 -0.3868
vn 0.2125 -0.8050 -0.5539
vn -0.0477 0.0497 0.9976
vn 0.8995 0.4329 -0.0585
vn -0.9673 0.2521 -0.0291
vn 0.1674 0.8635 -0.4758
vn -0.0590 0.9419 -0.3307
vn 0.5621 -0.7118 -0.4212
vn -0.2310 -0.2866 0.9298
vn 0.8727 0.4408 0.2097
vn -0.9079 -0.4002 -0.1249
vn -0.2273 0.6775 0.6995
vn 0.3314 0.2580 -0.9075
vn 0.2431 -0.9445 0.2211
vn 0.2818 -0.6107 0.7400
vn -0.5279 0.7756 0.3462
vn 0.9957 0.0202 -0.0904
vn -0.4595 -0.8657 -0.1986
vn 0.3075 0.0905 -0.9472
vn 0.1475 -0.1098 0.9829
vn -0.3207 0.6394 -0.6988
vn 0.9850 0.1723 -0.0091
vn -0.5323 -0.8188 0.2148
vn 0.4340 -0.7581 -0.4867
vn -0.0308 0.8226 0.5678
vn 0.1691 -0.0643 -0.9835
vn 0.1483 -0.8682 0.4735
vn 0.8993 0.4201 -0.1216
vn -0.9554 -0.2880 0.0648
vn 0.4340 -0.6927 -0.5760
vn -0.0455 0.0356 0.9983
vn -0.1085 0.8956 -0.4315
vn 0.1492 0.3496 0.9249
vn -0.1748 0.7393 -0.6503
vn 0.7382 0.6137 -0.2801
vn -0.9723 0.0355 0.2310
vn 0.2061 -0.8244 -0.5271
vn -0.1172 0.5517 0.8257
vn -0.1010 0.1560 -0.9826
vn 0.8373 0.5113 -0.1935
vn -0.8810 -0.4393 0.1755
vn 0.5428 -0.7735 0.3272
vn -0.3695 0.8689 0.3293
vn 0.2170 -0.1782 -0.9598
vn 0.3392 -0.4168 0.8433
vn 0.1646 0.2524 0.9535
vn -0.5946 0.6409 -0.4855
vn 0.9946 0.0842 -0.0601
vn -0.4164 -0.7574 0.5030
vn 0.2651 -0.6191 -0.7392
vn 0.0046 -0.4725 -0.8813
vn 0.4317 -0.2553 0.8651
vn 0.8603 0.3915 -0.3265
vn -0.8203 -0.4299 0.3773
vn -0.2640 0.9520 0.1548
vn 0.2208 0.4765 0.8510
vn -0.4246 0.4107 -0.8069
vn 0.4011 -0.8632 -0.3067
vn 0.5712 -0.7095 0.4127
vn -0.0857 0.7534 0.6519
vn -0.1117 -0.3682 -0.9230
vn 0.1384 0.5069 0.8508
vn -0.4155 0.3385 -0.8442
vn 0.7377 0.6635 -0.1251
vn -0.8213 -0.0856 0.5640
vn 0.4147 -0.9057 -0.0873
vn -0.4560 0.8899 0.0123
vn 0.1830 -0.7535 -0.6314
vn 0.3647 0.0177 0.9310
vn 0.9881 0.1518 0.0231
vn -0.4649 -0.5950 0.6556
vn -0.3160 0.9073 0.2774
vn 0.0575 -0.6594 -0.7496
vn 0.5864 -0.2101 0.7823
vn 0.9377 0.3421 0.0613
vn -0.4553 -0.3734 0.8083
vn 0.1828 0.5421 0.8202
vn -0.5077 0.3129 -0.8027
vn 0.9873 0.1587 -0.0064
vn -0.4083 -0.5590 0.7217
vn 0.4138 -0.9087 -0.0552
vn -0.2601 -0.3708 -0.8916
vn 0.5971 -0.5837 0.5503
vn -0.0792 0.8349 0.5447
vn -0.6585 -0.7464 0.0964
vn 0.6406 -0.3526 -0.6821
vn -0.1886 0.7009 -0.6879
vn -0.8385 0.1381 -0.5272
vn 0.1986 -0.5990 0.7757
vn 0.8701 0.0188 0.4926
vn -0.1961 0.8054 0.5593
vn -0.5905 0.5548 -0.5862
vn 0.5088 -0.2059 0.8359
vn -0.6060 0.2745 0.7466
vn 0.2623 -0.6333 -0.7281
vn -0.8027 0.2918 -0.5201
vn 0.7902 -0.4300 0.4367
vn 0.5972 0.8021 -0.0093
vn -0.4705 0.6569 0.5891
vn -0.3387 -0.9407 -0.0155
vn 0.4155 -0.0358 -0.9089
vn -0.6458 0.6789 -0.3495
vn 0.9505 0.2576 0.1737
vn 0.6154 -0.0867 -0.7834
vn -0.2844 0.7733 0.5666
vn -0.6195 -0.7806 -0.0823
vn -0.8629 0.3244 -0.3876
vn 0.2218 -0.6049 0.7648
vn -0.4135 -0.1752 0.8935
vn -0.1005 -0.1233 -0.9873
vn -0.7205 0.6791 -0.1404
vn 0.9570 0.1972 0.2128
vn 0.2219 0.9533 0.2049
vn -0.2943 -0.7214 -0.6269
vn 0.5944 0.7934 -0.1311
vn -0.9336 0.2780 -0.2262
vn 0.3452 -0.7170 0.6056
vn -0.5889 0.2962 0.7520
vn -0.2611 0.4586 0.8494
vn -0.3059 -0.8406 -0.4470
vn -0.8006 0.5038 -0.3244
vn 0.8972 -0.3945 0.1982
vn 0.3535 0.5613 -0.7483
vn 0.0656 0.8575 0.5104
vn -0.6583 -0.7124 0.2432
vn 0.2501 -0.2304 -0.9404
vn -0.3403 -0.8702 0.3564
vn 0.0877 0.5209 -0.8491
vn -0.9306 0.3465 0.1183
vn 0.9508 0.2972 0.0872
vn 0.0666 0.6727 0.7369
vn -0.3824 0.2219 0.8969
vn -0.3132 -0.6090 -0.7287
vn -0.9712 0.2323 -0.0529
vn 0.4008 -0.8654 0.3008
vn 0.6135 0.7323 -0.2955
vn -0.6017 -0.7145 0.3570
vn 0.0183 0.1019 -0.9946
vn -0.8577 0.4925 0.1478
vn 0.8697 -0.4847 -0.0932
vn 0.1428 0.6353 0.7590
vn -0.2233 -0.0029 0.9747
vn -0.6520 -0.6281 -0.4246
vn -0.9326 0.3295 -0.1471
vn 0.3144 -0.9468 -0.0686
vn 0.3483 0.5516 -0.7579
vn -0.2986 -0.3700 0.8797
vn -0.4157 -0.0050 -0.9095
vn -0.8772 0.3897 0.2805
vn 0.3977 -0.7236 -0.5641
vn 0.5996 0.7799 0.1795
vn -0.2566 0.0507 0.9652
vn -0.3887 -0.4929 -0.7785
vn 0.2086 0.8750 -0.4369
vn -0.9927 0.1106 0.0486
vn 0.9823 -0.0486 -0.1808
vn 0.1055 0.9944 0.0084
vn -0.2685 -0.4801 0.8351
vn -0.0854 -0.2120 -0.9735
vn 0.1255 0.9286 -0.3493
vn 0.2200 -0.1721 0.9602
vn -0.8053 0.1298 0.5785
vn 0.8109 -0.1543 -0.5645
vn -0.7272 -0.6312 -0.2698
vn -0.3606 0.2621 -0.8951
vn 0.1220 0.6845 0.7187
vn -0.3747 -0.9043 0.2048
vn 0.5489 0.7248 0.4164
vn -0.3174 -0.8705 0.3762
vn -0.6542 0.4511 -0.6071
vn -0.8205 0.2087 0.5322
vn 0.2526 -0.2140 -0.9436
vn -0.2953 0.9554 -0.0072
vn 0.6558 -0.3906 0.6460
vn -0.7540 -0.1913 0.6284
vn 0.3299 0.3384 -0.8813
vn -0.6191 -0.7554 -0.2144
vn 0.2119 -0.0270 0.9769
vn -0.3785 -0.7495 -0.5432
vn -0.3121 0.8315 -0.4596
vn -0.7216 -0.3146 0.6167
vn 0.8133 0.1417 -0.5643
vn 0.1328 -0.9701 0.2031
vn -0.7462 0.5279 -0.4055
vn 0.4722 0.6328 0.6137
vn 0.0142 -0.9951 -0.0975
vn -0.3393 0.5652 -0.7519
vn -0.8140 -0.3888 0.4314
vn 0.7952 0.3702 -0.4801
vn -0.0162 0.1967 0.9803
vn -0.3118 0.9473 0.0736
vn 0.1946 -0.6353 0.7474
vn -0.3454 -0.3250 -0.8804
vn 0.5331 -0.8407 0.0948
vn -0.7181 -0.2206 -0.6600
vn 0.1810 0.6096 0.7718
vn 0.2126 -0.2952 0.9315
vn -0.3240 -0.2245 -0.9190
vn -0.3294 0.9426 -0.0543
vn -0.8889 0.0979 0.4476
vn 0.6191 0.7765 -0.1173
vn -0.5846 0.8107 0.0334
vn 0.5952 0.1240 0.7940
vn -0.8646 -0.0009 0.5025
vn 0.1091 0.7617 -0.6387
vn -0.4095 -0.7247 -0.5541
vn -0.7532 0.4630 -0.4673
vn 0.3558 0.1917 0.9147
vn -0.6853 -0.1223 0.7179
vn 0.3502 0.8563 -0.3797
vn 0.2917 -0.9014 -0.3201
vn 0.7402 -0.5161 0.4311
vn -0.6798 -0.1328 -0.7213
vn -0.2256 0.7907 0.5692
vn 0.6580 -0.7481 0.0858
vn 0.1932 0.8037 0.5629
vn 0.5883 0.5563 -0.5869
vn 0.8369 0.1451 -0.5277
vn -0.1825 -0.6099 0.7711
vn -0.5069 -0.2074 0.8367
vn -0.6313 -0.3407 -0.6967
vn 0.2045 0.6973 -0.6869
vn -0.8639 -0.0018 0.5036
vn -0.2757 -0.6530 -0.7053
vn 0.6141 0.2716 0.7410
vn 0.7875 0.3239 -0.5244
vn -0.7656 -0.4514 0.4584
vn -0.5884 0.8084 -0.0120
vn 0.2926 0.7726 0.5635
vn -0.5883 -0.1745 -0.7896
vn 0.6862 -0.7273 -0.0108
vn 0.8499 0.2894 -0.4404
vn -0.1416 -0.6528 0.7442
vn 0.4787 0.6718 0.5653
vn -0.4156 -0.0351 -0.9089
vn 0.6452 0.6797 -0.3489
vn -0.9510 0.2558 0.1735
vn 0.3587 -0.9332 -0.0188
vn -0.7209 0.6449 -0.2537
vn 0.3226 -0.7588 -0.5658
vn 0.8988 0.3273 -0.2917
vn -0.2137 -0.7297 0.6495
vn 0.5435 0.4160 0.7291
vn -0.1992 0.9609 0.1925
vn 0.1415 -0.0991 -0.9850
vn 0.7192 0.6798 -0.1435
vn -0.9567 0.1947 0.2164
vn 0.4280 -0.1958 0.8823
vn 0.7473 -0.4811 0.4584
vn -0.1396 0.8681 0.4764
vn -0.1538 -0.3627 -0.9192
vn 0.7573 0.5694 -0.3199
vn -0.8960 -0.3872 0.2172
vn -0.3092 0.6219 -0.7195
vn 0.2973 -0.8364 -0.4604
vn 0.3009 0.4423 0.8449
vn 0.2664 0.4346 0.8603
vn -0.7244 0.5407 -0.4277
vn 0.3504 -0.6062 -0.7140
vn 0.9477 0.3076 -0.0850
vn -0.3220 -0.8738 0.3644
vn -0.1172 0.5438 -0.8310
vn 0.3661 -0.8592 0.3574
vn 0.9307 0.3463 0.1178
vn -0.9514 0.2957 0.0863
vn -0.0621 0.6752 0.7350
vn -0.1671 0.6488 0.7424
vn 0.0172 0.0639 -0.9978
vn 0.8597 0.4941 0.1298
vn -0.8544 -0.5055 -0.1202
vn 0.6578 -0.6273 0.4169
vn 0.2467 0.1219 0.9614
vn -0.3733 0.5566 -0.7422
vn 0.5927 -0.6369 -0.4931
vn 0.9432 0.3215 -0.0842
vn -0.2885 -0.9548 -0.0718
vn 0.4216 -0.5089 0.7505
vn -0.5724 0.7515 0.3280
vn 0.3930 0.0938 -0.9148
vn 0.8902 0.3479 0.2940
vn -0.4098 -0.6824 -0.6053
vn 0.2921 0.0751 0.9534
vn -0.2436 0.8692 -0.4303
vn 0.9922 0.1153 0.0469
vn -0.9846 -0.0681 -0.1608
vn 0.4182 -0.4970 -0.7603
vn 0.2849 -0.4857 0.8264
vn -0.0773 0.9966 0.0289
vn 0.0661 -0.2004 -0.9775
vn -0.1278 0.9296 -0.3457
vn 0.7174 -0.6031 -0.3489
vn 0.8224 0.1009 0.5600
vn -0.8205 -0.1179 -0.5593
vn -0.1819 -0.2041 0.9619
vn -0.1240 0.6592 0.7417
vn 0.3298 0.3140 -0.8903
vn 0.3764 -0.8991 0.2237
vn 0.3201 -0.8936 0.3146
vn -0.5768 0.6583 0.4838
vn 0.6265 0.5144 -0.5856
vn 0.8377 0.1464 0.5261
vn -0.2761 -0.1444 -0.9502
vn -0.6429 -0.4312 0.6330
vn 0.3055 0.9511 0.0462
vn 0.7545 -0.2172 0.6194
vn -0.3443 0.3837 -0.8569
vn 0.6282 -0.7090 -0.3203
vn 0.3651 -0.7265 -0.5822
vn -0.1969 -0.0631 0.9784
vn 0.2726 0.8874 -0.3718
vn 0.7277 -0.3417 0.5947
vn -0.8446 0.1969 -0.4979
vn 0.7509 0.5282 -0.3964
vn -0.1547 -0.9798 0.1269
vn -0.5063 0.5377 0.6742
vn 0.3402 0.5677 -0.7497
vn -0.0136 -0.9955 -0.0938
vn 0.8129 -0.3898 0.4327
vn -0.7958 0.3694 -0.4799
vn 0.0164 0.1967 0.9803
vn -0.1999 -0.6376 0.7439
vn 0.3152 0.9463 0.0717
vn 0.3607 -0.2483 -0.8990
vn -0.5946 -0.7884 0.1579
vn -0.1745 0.6050 0.7769
vn 0.7135 -0.2124 -0.6677
vn -0.2081 -0.3321 0.9200
vn 0.3294 0.9426 -0.0543
vn 0.8889 0.0979 0.4476
vn -0.6191 0.7765 -0.1173
vn 0.3212 -0.2247 -0.9200
vn -0.6021 0.1215 0.7892
vn 0.5834 0.8116 -0.0300
vn 0.8648 -0.0006 0.5021
vn -0.1085 0.7617 -0.6387
vn 0.4059 -0.7219 -0.5604
vn 0.7547 0.5319 -0.3840
vn -0.2945 -0.9003 -0.3204
vn 0.6853 -0.1223 0.7179
vn -0.3502 0.8563 -0.3797
vn -0.3558 0.1917 0.9147
vn 0.6877 -0.1871 -0.7015
vn -0.7380 -0.5162 0.4345
vn 0.2256 0.7907 0.5692
vn 0.0503 -0.5410 0.8395
vn -0.6284 -0.2823 -0.7249
vn -0.9617 0.2210 -0.1620
vn -0.9356 0.1854 0.3004
vn 0.3226 -0.8719 -0.3684
vn 0.2316 -0.6035 -0.7630
vn 0.4070 0.8086 -0.4249
vn -0.8625 0.4785 0.1646
vn 0.5798 -0.7103 -0.3991
vn 0.2681 0.4586 -0.8472
vn 0.3494 -0.2826 0.8933
vn -0.7693 0.4735 0.4288
vn 0.3846 -0.8280 -0.4080
vn -0.7854 -0.6183 -0.0293
vn 0.4490 0.7186 -0.5311
vn 0.2612 -0.4015 0.8778
vn -0.5915 0.6250 0.5093
vn -0.6629 0.7001 0.2652
vn 0.7069 -0.6987 -0.1098
vn 0.5603 -0.6537 -0.5087
vn -0.7123 -0.4623 -0.5281
vn -0.2527 -0.7687 0.5876
vn -0.2781 0.3476 -0.8955
vn 0.8133 0.4683 0.3452
vn 0.7885 0.5250 -0.3203
vn 0.4132 -0.7344 0.5384
vn -0.0008 0.7865 0.6175
vn -0.0074 0.8807 0.4736
vn 0.0006 -0.8226 -0.5687
vn 0.0001 -0.7756 -0.6312
vn -0.6322 0.0152 -0.7747
vn -0.4178 -0.7334 0.5363
vn -0.7810 0.5248 -0.3387
vn 0.6274 0.0041 -0.7787
vn 0.6489 0.6961 0.3073
vn -0.7079 -0.6949 -0.1266
vn -0.5602 -0.7895 0.2507
vn -0.0751 0.2488 -0.9656
vn 0.7944 -0.0839 0.6016
vn 0.3103 -0.2999 0.9021
vn -0.8265 -0.4669 -0.3147
vn -0.6007 0.7301 0.3258
vn 0.5421 -0.7381 -0.4016
vn 0.2923 0.7104 -0.6402
vn 0.7735 0.5844 -0.2451
vn -0.0619 -0.8517 0.5204
vn -0.6190 0.0690 -0.7823
vn -0.3235 0.2413 -0.9149
vn 0.7762 0.3832 0.5006
vn -0.5469 -0.5996 0.5843
vn -0.8308 0.5239 0.1879
vn 0.1368 -0.8876 -0.4397
vn -0.1749 -0.4206 0.8902
vn -0.6861 -0.1185 -0.7177
vn -0.8209 0.5655 0.0790
vn 0.1978 -0.9460 -0.2568
vn 0.6094 0.6597 -0.4397
vn 0.5638 -0.7846 0.2579
vn -0.7934 -0.0844 0.6028
vn 0.5767 0.6474 0.4982
vn -0.5620 -0.6494 -0.5123
vn 0.0718 0.2610 -0.9627
vn -0.4665 0.6846 -0.5602
vn 0.7123 -0.4623 -0.5282
vn 0.8625 0.4785 0.1646
vn -0.5798 -0.7103 -0.3990
vn -0.2707 -0.4190 0.8667
vn 0.1530 0.4367 -0.8865
vn 0.4989 0.1544 0.8528
vn -0.5520 0.8196 0.1536
vn 0.6216 -0.7755 -0.1102
vn -0.7500 -0.5856 0.3074
vn -0.2025 -0.1691 0.9646
vn -0.5270 -0.2229 -0.8201
vn -0.8229 0.5626 -0.0801
vn 0.2287 -0.9731 -0.0279
vn 0.7371 0.5777 -0.3506
vn -0.7281 -0.5996 0.3321
vn 0.3800 0.2593 -0.8879
vn 0.7491 -0.1112 0.6530
vn -0.0037 0.8475 0.5308
vn 0.0045 -0.9514 -0.3079
vn 0.7332 0.5380 -0.4158
vn 0.0053 -0.7227 0.6911
vn -0.6320 -0.1630 -0.7576
vn 0.0272 -0.8453 0.5335
vn -0.7726 0.5841 -0.2487
vn 0.5978 0.7452 0.2955
vn -0.5422 -0.7383 -0.4012
vn 0.6024 0.0590 -0.7960
vn -0.3822 0.2539 -0.8885
vn 0.7261 -0.5950 0.3446
vn -0.7441 -0.1121 0.6586
vn 0.2829 -0.7753 0.5647
vn -0.8267 0.4501 0.3376
vn 0.7693 0.4735 0.4288
vn -0.3846 -0.8280 -0.4080
vn 0.2781 0.3476 -0.8955
vn 0.8140 -0.4702 -0.3411
vn -0.3117 -0.2937 0.9036
vn -0.3088 0.6966 -0.6476
vn -0.3482 -0.3105 0.8845
vn -0.2771 0.4486 -0.8497
vn 0.7179 -0.6924 -0.0721
vn 0.8928 0.1368 0.4291
vn -0.5181 -0.8213 -0.2390
vn -0.7708 0.3848 0.5078
vn 0.3203 0.2670 -0.9089
vn 0.5469 -0.5996 0.5843
vn 0.8308 0.5239 0.1879
vn -0.1368 -0.8876 -0.4397
vn 0.0859 -0.6774 0.7305
vn -0.4071 0.8085 -0.4249
vn 0.5574 -0.2680 -0.7858
vn 0.8982 0.4106 -0.1569
vn -0.4964 -0.5056 -0.7056
vn -0.3265 -0.1701 0.9297
vn -0.3061 0.6833 -0.6629
vn 0.5955 -0.7598 -0.2608
vn 0.9948 0.0024 0.1015
vn -0.6834 -0.7081 -0.1776
vn 0.1399 -0.8185 0.5572
vn -0.4454 0.8946 -0.0355
vn 0.2808 -0.3440 -0.8960
vn 0.9011 0.0434 -0.4314
vn -0.6126 -0.4695 -0.6359
vn 0.1879 -0.4272 0.8844
vn -0.6225 0.6439 -0.4449
vn 0.8209 0.5656 0.0790
vn -0.1979 -0.9460 -0.2568
vn 0.6861 -0.1185 -0.7178
vn -0.4998 0.1558 0.8520
vn -0.1429 0.4371 -0.8880
vn 0.5479 0.8219 0.1557
vn -0.6192 -0.7779 -0.1070
vn 0.7501 -0.5856 0.3074
vn -0.0038 -0.7313 0.6821
vn -0.7347 0.5398 -0.4109
vn 0.6176 -0.1771 -0.7663
vn 0.5166 -0.2260 -0.8259
vn 0.2159 -0.1655 0.9623
vn 0.8229 0.5626 -0.0801
vn -0.2287 -0.9731 -0.0279
vn -0.7367 0.5825 -0.3434
vn -0.4147 -0.0177 -0.9098
vn 0.6877 -0.5103 0.5165
vn -0.7775 0.1167 0.6180
vn 0.0065 0.9622 0.2724
vn 0.0064 -0.9905 -0.1374
vn -0.6895 -0.5074 0.5169
vn 0.4140 -0.0163 -0.9101
vn 0.7778 0.1169 0.6176
vn -0.4958 0.4032 0.7691
vn -0.1726 0.2186 -0.9604
vn 0.6214 0.7835 0.0004
vn -0.6159 -0.7709 0.1623
vn 0.7530 -0.5030 0.4243
vn 0.3066 -0.0335 0.9513
vn -0.7425 0.5389 -0.3980
vn 0.7381 0.5206 -0.4292
vn -0.2986 -0.9538 0.0332
vn 0.5255 -0.4081 -0.7465
vn -0.4384 -0.2492 0.8635
vn -0.6643 0.2790 -0.6934
vn 0.0046 0.9584 -0.2854
vn 0.0007 -0.9986 -0.0526
vn 0.7856 -0.3882 -0.4817
vn 0.4188 -0.2648 0.8686
vn -0.7852 -0.3954 -0.4766
vn 0.6634 0.2798 -0.6940
vn 0.0214 -0.4193 -0.9076
vn 0.5826 -0.4539 0.6743
vn -0.7552 0.3881 0.5282
vn -0.0222 -0.4204 -0.9071
vn 0.7557 0.3880 0.5277
vn -0.5825 -0.4538 0.6744
vn -0.6071 0.7946 0.0001
vn 0.6188 -0.7675 0.1673
vn 0.1714 0.2205 -0.9602
vn 0.5010 0.3919 0.7716
vn -0.7530 -0.5030 0.4243
vn -0.2869 -0.0100 0.9579
vn -0.5255 -0.4081 -0.7465
vn -0.7401 0.5175 -0.4295
vn 0.3000 -0.9533 0.0340
vn 0.7425 0.5389 -0.3980
vn -0.3872 0.5343 0.7514
vn -0.2518 0.0510 -0.9664
vn 0.6560 0.7007 -0.2803
vn -0.6145 -0.7475 0.2523
vn 0.8133 -0.4802 0.3286
vn -0.4267 0.0594 0.9024
vn -0.7398 0.0999 -0.6654
vn -0.0012 0.9177 -0.3974
vn 0.0005 -0.9326 0.3609
vn 0.7478 -0.4907 -0.4473
vn 0.0816 -0.5906 -0.8028
vn 0.6136 -0.3194 0.7221
vn -0.7274 0.5946 0.3426
vn 0.4316 0.0637 0.8998
vn -0.7477 -0.4908 -0.4474
vn 0.7389 0.1003 -0.6663
vn 0.7130 -0.3867 0.5849
vn -0.8541 0.5147 0.0750
vn 0.7710 0.5678 -0.2884
vn -0.6244 -0.7632 -0.1662
vn 0.1173 -0.4067 -0.9060
vn 0.3765 0.5566 0.7405
vn -0.8133 -0.4802 0.3286
vn -0.6577 0.6908 -0.3004
vn 0.6144 -0.7471 0.2538
vn 0.2518 0.0510 -0.9664
vn -0.6123 -0.3116 0.7266
vn -0.0684 -0.5835 -0.8092
vn 0.7278 0.5942 0.3424
vn 0.8378 0.5418 0.0680
vn -0.7411 -0.4061 0.5347
vn -0.7617 0.5984 -0.2484
vn 0.6451 -0.7554 -0.1149
vn -0.1155 -0.4126 -0.9035
vn 0.0030 -0.2509 0.9680
vn -0.5933 -0.4609 -0.6600
vn -0.9560 0.1718 -0.2377
vn -0.9800 0.1876 0.0659
vn 0.5393 -0.8420 -0.0104
vn 0.6247 -0.6555 -0.4244
vn 0.5225 0.7073 -0.4761
vn 0.2832 0.1903 -0.9400
vn 0.3776 0.0572 0.9242
vn -0.7737 0.4260 0.4690
vn 0.5597 -0.8017 -0.2097
vn -0.7142 -0.6987 0.0411
vn -0.6310 -0.7719 -0.0772
vn 0.5529 0.1574 -0.8183
vn 0.4117 0.4765 0.7768
vn -0.7384 0.6699 0.0767
vn 0.7243 -0.6821 -0.1006
vn -0.2717 -0.5371 0.7986
vn -0.3606 -0.3247 -0.8744
vn 0.7503 0.6611 0.0054
vn 0.8377 0.3149 -0.4461
vn -0.1290 -0.0429 0.9907
vn -0.4586 -0.7599 -0.4607
vn 0.1568 -0.4833 0.8613
vn -0.5612 0.6710 -0.4845
vn 0.9792 0.1909 0.0681
vn -0.5362 -0.8440 -0.0124
vn 0.5984 -0.4551 -0.6594
vn 0.9573 0.1745 -0.2306
vn -0.6222 -0.6552 -0.4284
vn -0.3811 0.0461 0.9234
vn -0.3032 0.1492 -0.9412
vn 0.7751 0.4283 0.4645
vn -0.5604 -0.8028 -0.2037
vn 0.7188 -0.6940 0.0417
vn -0.5509 0.1564 -0.8198
vn 0.5994 -0.7938 -0.1027
vn -0.4093 0.4723 0.7806
vn 0.7342 0.6740 0.0817
vn -0.7303 -0.6769 -0.0920
vn 0.4056 -0.3536 -0.8429
vn 0.2894 -0.5291 0.7977
vn -0.7354 0.6776 0.0072
vn 0.1400 -0.0441 0.9892
vn -0.8377 0.3247 -0.4392
vn 0.4735 -0.7513 -0.4597
vn -0.7175 -0.4884 0.4966
vn 0.4524 -0.3582 -0.8167
vn 0.7521 0.4608 0.4711
vn -0.0159 0.9476 -0.3191
vn 0.0236 -0.9684 0.2484
vn -0.4529 -0.3592 -0.8160
vn 0.7222 -0.4811 0.4970
vn -0.7294 0.4991 0.4679
vn 0.7371 0.2195 0.6392
vn -0.3836 -0.9234 0.0149
vn 0.0005 0.9044 0.4268
vn 0.0005 -0.9528 -0.3035
vn 0.6904 0.2265 -0.6870
vn -0.7365 0.2202 0.6395
vn -0.7205 0.2065 -0.6620
vn 0.3753 -0.9268 0.0137
vn 0.5134 -0.4749 0.7147
vn -0.7359 -0.5016 -0.4547
vn 0.0032 0.7429 0.6694
vn -0.0008 -0.7710 -0.6368
vn 0.7008 0.5283 -0.4793
vn -0.5139 -0.4754 0.7141
vn -0.7020 0.5271 -0.4789
vn 0.7395 -0.4962 -0.4550
vn -0.3381 0.6681 -0.6628
vn 0.6436 -0.7653 -0.0113
vn -0.5889 0.1034 0.8016
vn 0.5546 0.5443 0.6294
vn -0.6974 -0.5729 -0.4306
vn 0.2428 0.1271 -0.9617
vn 0.1958 -0.8371 0.5108
vn -0.8952 0.3707 0.2474
vn 0.7194 -0.2570 -0.6453
vn 0.0524 -0.6034 0.7957
vn 0.8046 0.3193 0.5007
vn -0.4531 -0.7842 -0.4240
vn -0.7075 0.7038 -0.0643
vn 0.9022 0.3589 0.2391
vn -0.1619 -0.8859 0.4346
vn -0.6174 0.6393 0.4583
vn 0.6541 -0.6414 -0.4010
vn -0.2577 0.1310 -0.9573
vn 0.3463 0.6496 -0.6768
vn 0.6134 -0.0085 0.7897
vn -0.6290 -0.7772 -0.0195
vn -0.7318 -0.2566 -0.6314
vn 0.7621 0.6464 -0.0384
vn -0.0463 -0.6117 0.7898
vn -0.8012 0.3185 0.5066
vn 0.4499 -0.7834 -0.4287
vn 0.5074 0.5655 -0.6502
vn 0.4810 -0.5110 0.7124
vn 0.0059 0.8895 0.4570
vn -0.0040 -0.8614 -0.5078
vn -0.8526 -0.4300 -0.2969
vn -0.4747 -0.5168 0.7125
vn -0.5258 0.5465 -0.6518
vn 0.8674 -0.4465 -0.2199
vn 0.3030 0.7685 -0.5635
vn 0.2142 -0.5157 0.8296
vn -0.7900 0.5894 0.1688
vn 0.8524 -0.4799 -0.2075
vn -0.7681 -0.3650 -0.5261
vn 0.8847 0.4633 0.0514
vn 0.0811 -0.8553 0.5117
vn -0.1269 -0.0123 -0.9918
vn -0.0540 0.2917 -0.9550
vn 0.2690 0.3278 0.9057
vn 0.3045 -0.9506 0.0612
vn -0.6479 -0.7401 -0.1803
vn 0.6542 -0.7238 -0.2194
vn 0.0812 0.9847 -0.1543
vn 0.1708 -0.4069 0.8974
vn -0.9848 -0.1381 -0.1051
vn 0.8297 -0.5532 0.0743
vn 0.3415 -0.3267 -0.8813
vn -0.7297 -0.5700 0.3778
vn 0.5331 0.0212 -0.8458
vn 0.7767 -0.0095 0.6298
vn -0.0415 0.9588 0.2812
vn 0.0431 -0.9606 -0.2745
vn 0.1138 -0.8831 0.4552
vn -0.8840 0.4642 0.0544
vn 0.8101 0.5351 0.2396
vn -0.8529 -0.4850 -0.1933
vn 0.1240 -0.1118 -0.9860
vn -0.1716 -0.4864 0.8567
vn -0.1541 0.7557 -0.6365
vn 0.7605 -0.3741 -0.5307
vn -0.5258 0.0355 -0.8498
vn 0.7281 -0.6321 0.2653
vn -0.7204 -0.0047 0.6936
vn -0.4139 0.3421 0.8436
vn -0.1892 0.3471 -0.9186
vn -0.3045 -0.9505 0.0612
vn 0.6479 -0.7401 -0.1804
vn -0.6542 -0.7238 -0.2194
vn -0.1119 -0.4077 0.9062
vn -0.1826 0.9810 -0.0656
vn 0.9848 -0.1381 -0.1051
vn -0.8297 -0.5532 0.0743
vn -0.3415 -0.3267 -0.8813
vn -0.2450 -0.8658 0.4364
vn 0.3096 0.1666 -0.9362
vn 0.1626 0.5319 0.8310
vn -0.8243 0.5618 -0.0700
vn 0.8916 -0.4328 0.1327
vn 0.0974 0.0947 0.9907
vn -0.1523 -0.6799 -0.7173
vn -0.8775 0.3525 -0.3253
vn 0.4778 -0.7681 0.4263
vn 0.3744 0.7411 -0.5573
vn 0.5321 -0.3176 0.7848
vn -0.6789 -0.3356 -0.6531
vn -0.0018 0.9880 -0.1546
vn -0.0009 -0.9975 -0.0700
vn 0.6820 0.3605 -0.6363
vn -0.5327 -0.3164 0.7849
vn -0.7405 0.3239 -0.5889
vn 0.7261 -0.2957 -0.6208
vn -0.4119 -0.6217 0.6662
vn -0.0590 -0.4261 -0.9028
vn 0.7427 0.5134 0.4299
vn -0.3131 0.3666 -0.8761
vn 0.2871 -0.8700 0.4009
vn -0.1728 0.5475 0.8187
vn 0.8247 0.5613 -0.0696
vn -0.9026 -0.4139 0.1185
vn -0.1392 -0.3814 -0.9139
vn 0.4196 -0.6223 0.6608
vn -0.7413 0.5139 0.4316
vn -0.1081 0.0907 0.9900
vn -0.3698 0.7289 -0.5761
vn 0.8774 0.3525 -0.3253
vn -0.4778 -0.7681 0.4263
vn 0.1523 -0.6799 -0.7173
vn 0.4968 0.1415 0.8563
vn -0.7039 -0.6221 -0.3428
vn 0.0462 0.8969 -0.4398
vn 0.0079 -0.9405 0.3397
vn 0.7068 0.1367 -0.6941
vn 0.6976 -0.6262 -0.3481
vn -0.5962 0.0055 0.8029
vn -0.7080 0.1360 -0.6930
vn -0.5674 -0.4251 0.7053
vn 0.0113 -0.5320 -0.8466
vn 0.6393 0.7463 0.1851
vn -0.0194 -0.5264 -0.8500
vn 0.5628 -0.4434 0.6976
vn -0.6853 0.7134 0.1466
vn 0.4639 0.4994 0.7317
vn -0.7843 -0.6146 -0.0840
vn 0.0059 0.7251 -0.6887
vn 0.0009 -0.7133 0.7009
vn 0.7661 0.0427 -0.6413
vn -0.4591 0.4955 0.7374
vn -0.7196 0.0514 -0.6924
vn 0.7844 -0.6145 -0.0839
vn -0.5542 0.0962 0.8268
vn -0.1216 -0.8144 -0.5675
vn -0.8782 0.1656 -0.4488
vn 0.1107 -0.8348 0.5394
vn 0.7882 0.6151 0.0176
vn -0.7878 0.6154 0.0248
vn 0.1217 -0.8145 -0.5673
vn 0.6428 0.2243 0.7325
vn 0.8782 0.1656 -0.4488
vn -0.1107 -0.8348 0.5394
vn 0.8727 0.0428 -0.4864
vn -0.5068 0.4342 0.7447
vn -0.7225 0.2085 -0.6592
vn 0.0099 -0.6417 0.7669
vn -0.5968 -0.7666 -0.2372
vn 0.5655 0.4062 0.7178
vn -0.8729 0.0515 -0.4851
vn 0.7225 0.2085 -0.6592
vn -0.0098 -0.6417 0.7669
vn 0.5968 -0.7666 -0.2371
vn -0.9143 0.0989 0.3928
vn 0.4956 -0.6313 -0.5965
vn 0.6514 0.6723 0.3517
vn 0.0776 0.6278 -0.7745
vn -0.0659 -0.4223 0.9041
vn -0.4921 -0.6311 -0.5996
vn 0.9008 0.2360 0.3645
vn -0.7596 0.5761 0.3019
vn 0.8873 -0.0726 -0.4554
vn -0.4392 0.7760 0.4527
vn -0.5589 0.1784 -0.8098
vn -0.0860 -0.2615 0.9614
vn -0.7193 -0.6933 -0.0447
vn -0.8862 -0.0790 -0.4565
vn 0.7193 -0.6933 -0.0446
vn 0.4392 0.7759 0.4528
vn 0.5589 0.1784 -0.8098
vn 0.0860 -0.2615 0.9614
vn -0.9732 0.1446 0.1788
vn 0.5577 -0.7521 -0.3512
vn 0.5882 0.7899 0.1736
vn 0.0399 0.3227 -0.9457
vn -0.0261 -0.0701 0.9972
vn -0.4643 -0.7668 -0.4432
vn 0.9737 0.1810 0.1382
vn -0.6463 0.7451 0.1649
vn 0.9693 -0.1002 -0.2245
vn -0.5049 0.8496 0.1522
vn -0.5046 0.2032 -0.8391
vn -0.2346 0.1358 0.9625
vn -0.6300 -0.7763 0.0231
vn -0.9713 -0.0771 -0.2249
vn 0.6300 -0.7762 0.0231
vn 0.5049 0.8496 0.1523
vn 0.5046 0.2033 -0.8391
vn 0.2347 0.1358 0.9625
vn 0.7425 -0.6564 -0.1334
vn 0.1205 0.9912 0.0551
vn -0.2915 0.4718 -0.8321
vn -0.1144 0.3330 0.9359
vn -0.9895 -0.1173 0.0840
vn -0.7475 -0.6507 -0.1336
vn 0.9895 -0.1173 0.0839
vn -0.1205 0.9912 0.0552
vn 0.2914 0.4718 -0.8322
vn 0.1145 0.3330 0.9359
vn -0.9388 0.3393 0.0587
vn 0.3258 -0.9413 -0.0879
vn 0.5874 0.8062 0.0710
vn -0.0005 0.5242 -0.8516
vn 0.0005 0.3301 0.9439
vn 0.9470 0.3069 0.0950
vn -0.5883 0.8055 0.0714
vn -0.2579 -0.9618 -0.0923
vn -0.1269 0.5776 -0.8064
vn 0.1974 -0.8752 -0.4415
vn 0.9100 0.0360 -0.4131
vn 0.7759 0.4812 -0.4080
vn -0.9061 0.1045 -0.4100
vn -0.8343 -0.3635 -0.4144
vn -0.0304 0.1686 0.9852
vn 0.9212 0.3709 -0.1179
vn -0.9940 -0.0285 -0.1055
vn -0.0833 0.3737 -0.9238
vn 0.2198 -0.9667 -0.1312
vn 0.9203 -0.0213 -0.3905
vn -0.8168 -0.4027 -0.4131
vn -0.1308 0.5567 0.8204
vn 0.0263 -0.0380 -0.9989
vn 0.2019 -0.9551 0.2168
vn 0.9597 -0.1748 -0.2199
vn -0.7985 -0.5476 -0.2501
vn -0.1887 0.8442 0.5018
vn 0.1084 -0.4710 -0.8754
vn 0.1697 -0.7449 0.6453
vn 0.9699 -0.2394 -0.0449
vn -0.7884 -0.6144 -0.0316
vn -0.1881 0.9702 0.1530
vn 0.0946 -0.4015 0.9110
vn -0.1855 0.9293 -0.3195
vn 0.9930 -0.1128 0.0339
vn -0.8708 -0.4843 0.0847
vn 0.1629 -0.7457 -0.6460
vn -0.0945 0.3708 -0.9239
vn 0.2081 -0.9523 0.2232
vn -0.1082 0.7095 0.6963
vn 0.8777 0.4659 -0.1121
vn -0.9919 0.1198 -0.0414
vn 0.1201 -0.7420 -0.6596
vn 0.0959 -0.3012 0.9487
vn 0.9890 -0.1029 0.1066
vn -0.8747 -0.4415 0.1999
vn -0.1766 0.9546 -0.2400
vn 0.1915 -0.9495 0.2484
vn -0.0936 0.7619 0.6409
vn 0.8824 0.4221 -0.2077
vn -0.9901 0.1164 -0.0787
vn -0.0917 0.2937 -0.9515
vn -0.1705 0.9269 -0.3342
vn 0.1072 -0.8143 -0.5705
vn 0.0904 -0.1186 0.9888
vn 0.9847 -0.0843 0.1525
vn -0.8748 -0.3826 0.2973
vn 0.1786 -0.9208 0.3469
vn -0.0712 0.8382 0.5407
vn 0.8807 0.3450 -0.3245
vn -0.9857 0.0905 -0.1423
vn -0.0924 0.1011 -0.9906
vn -0.1582 0.9236 -0.3491
vn 0.0918 -0.8793 -0.4674
vn 0.0971 -0.0104 0.9952
vn 0.9720 -0.0486 0.2300
vn -0.8559 -0.2992 0.4218
vn 0.1645 -0.9249 0.3429
vn -0.0592 0.8765 0.4777
vn 0.8625 0.2885 -0.4159
vn -0.9810 0.0620 -0.1837
vn -0.0999 0.0085 -0.9950
vn -0.1645 0.8929 -0.4191
vn 0.0764 -0.9302 -0.3590
vn 0.1089 0.2004 0.9736
vn 0.9641 0.0170 0.2651
vn -0.8385 -0.2051 0.5048
vn -0.0528 0.9359 0.3482
vn -0.1114 -0.1712 -0.9789
vn 0.8644 0.2040 -0.4596
vn -0.9761 0.0348 -0.2145
vn 0.1735 -0.8771 0.4479
vn -0.1500 0.8447 -0.5138
vn 0.0912 -0.9775 -0.1902
vn 0.0709 0.4007 0.9135
vn 0.9416 0.0159 0.3364
vn -0.8110 -0.1452 0.5667
vn -0.0997 -0.3257 -0.9402
vn 0.1315 -0.8705 0.4743
vn -0.0315 0.9500 0.3106
vn 0.9686 0.2346 -0.0823
vn -0.9779 0.0907 0.1884
vn 0.1269 0.5776 -0.8064
vn 0.0304 0.1686 0.9852
vn -0.9212 0.3709 -0.1179
vn -0.7759 0.4812 -0.4080
vn 0.9061 0.1045 -0.4100
vn 0.9940 -0.0285 -0.1055
vn -0.1974 -0.8752 -0.4415
vn -0.9100 0.0360 -0.4131
vn 0.8343 -0.3635 -0.4144
vn 0.0833 0.3737 -0.9238
vn 0.1308 0.5567 0.8204
vn -0.2198 -0.9667 -0.1312
vn -0.9203 -0.0213 -0.3905
vn 0.8168 -0.4027 -0.4131
vn -0.0265 -0.0390 -0.9989
vn 0.1887 0.8442 0.5018
vn -0.2019 -0.9551 0.2168
vn -0.9597 -0.1748 -0.2199
vn 0.7985 -0.5476 -0.2501
vn -0.1084 -0.4710 -0.8754
vn 0.1881 0.9702 0.1530
vn -0.1697 -0.7449 0.6453
vn -0.9699 -0.2394 -0.0449
vn 0.7884 -0.6144 -0.0316
vn -0.0930 -0.3940 0.9144
vn -0.1629 -0.7457 -0.6460
vn -0.9930 -0.1128 0.0339
vn 0.8708 -0.4843 0.0848
vn 0.1855 0.9293 -0.3195
vn 0.0938 0.3668 -0.9255
vn 0.1082 0.7095 0.6963
vn -0.8777 0.4659 -0.1121
vn 0.9919 0.1198 -0.0414
vn -0.2081 -0.9523 0.2232
vn -0.1214 -0.7474 -0.6532
vn 0.1767 0.9546 -0.2400
vn -0.0955 -0.3013 0.9487
vn -0.9889 -0.1030 0.1069
vn 0.8746 -0.4417 0.1997
vn 0.0936 0.7616 0.6413
vn -0.1916 -0.9494 0.2487
vn -0.8824 0.4221 -0.2077
vn 0.9901 0.1164 -0.0787
vn 0.0916 0.2937 -0.9515
vn -0.1070 -0.8143 -0.5705
vn 0.1709 0.9268 -0.3343
vn -0.0904 -0.1186 0.9888
vn -0.9847 -0.0843 0.1524
vn 0.8748 -0.3826 0.2974
vn 0.0766 0.8400 0.5372
vn -0.1796 -0.9202 0.3477
vn -0.8807 0.3450 -0.3245
vn 0.9857 0.0905 -0.1423
vn 0.0924 0.1011 -0.9906
vn -0.0909 -0.8799 -0.4664
vn 0.1536 0.9226 -0.3540
vn -0.0972 -0.0104 0.9952
vn -0.9720 -0.0486 0.2300
vn 0.8559 -0.2992 0.4218
vn 0.0526 0.8791 0.4738
vn -0.1653 -0.9250 0.3422
vn -0.8625 0.2885 -0.4159
vn 0.9810 0.0620 -0.1837
vn 0.0999 0.0085 -0.9950
vn -0.0772 -0.9304 -0.3583
vn 0.1605 0.8966 -0.4128
vn -0.1089 0.2004 0.9736
vn -0.9641 0.0170 0.2651
vn 0.8385 -0.2051 0.5048
vn 0.1034 -0.1740 -0.9793
vn 0.0497 0.9376 0.3442
vn -0.8644 0.2040 -0.4596
vn 0.9761 0.0348 -0.2145
vn -0.1735 -0.8771 0.4479
vn -0.0825 0.3966 0.9143
vn -0.0912 -0.9775 -0.1902
vn -0.9416 0.0159 0.3364
vn 0.8110 -0.1452 0.5667
vn 0.1463 0.8430 -0.5176
vn 0.0988 -0.3332 -0.9377
vn 0.0314 0.9500 0.3106
vn -0.9686 0.2346 -0.0822
vn 0.9779 0.0907 0.1884
vn -0.1315 -0.8705 0.4743
vn -0.2074 -0.8762 0.4351
vn -0.6163 -0.0855 -0.7829
vn -0.9453 0.3079 -0.1078
vn -0.9037 0.2611 0.3394
vn 0.5786 -0.5039 -0.6414
vn 0.1535 -0.4169 -0.8959
vn 0.5762 0.8165 -0.0370
vn -0.6087 0.7508 0.2566
vn 0.4272 -0.4431 -0.7882
vn 0.6005 -0.0977 0.7937
vn -0.4493 -0.8441 -0.2926
vn -0.9149 -0.3126 0.2554
vn -0.8137 -0.1087 0.5711
vn 0.6182 -0.5696 -0.5416
vn 0.3831 -0.6962 -0.6071
vn -0.2077 0.6647 -0.7177
vn 0.5090 -0.2928 0.8094
vn -0.6661 -0.6535 -0.3596
vn -0.5242 0.5184 0.6757
vn 0.6013 -0.4549 -0.6569
vn 0.3178 0.7935 -0.5190
vn -0.5100 -0.0310 -0.8596
vn 0.6689 0.6168 0.4149
vn 0.0403 -0.8831 0.4675
vn -0.2937 -0.8533 0.4308
vn -0.4787 0.3049 -0.8234
vn 0.9477 0.3087 0.0817
vn 0.0004 0.6838 0.7297
vn 0.0004 -0.7344 -0.6787
vn 0.6704 0.5505 -0.4976
vn 0.5787 -0.5218 0.6268
vn -0.0003 0.9774 0.2112
vn 0.0004 -0.4036 -0.9150
vn -0.9225 -0.1908 -0.3356
vn -0.6706 0.5501 -0.4976
vn 0.9226 -0.1907 -0.3355
vn 0.6087 0.7508 0.2566
vn -0.4272 -0.4431 -0.7881
vn -0.5795 -0.5218 0.6261
vn 0.6251 -0.3791 0.6823
vn -0.6845 -0.4861 -0.5433
vn -0.7233 0.4993 0.4769
vn 0.6770 -0.4131 -0.6091
vn 0.0593 0.9107 -0.4088
vn -0.3991 0.4040 -0.8231
vn 0.6262 0.5291 0.5727
vn 0.0291 -0.9620 0.2715
vn -0.9506 -0.2038 0.2339
vn 0.6829 -0.5247 -0.5083
vn -0.8478 -0.5271 0.0582
vn 0.4431 0.6313 -0.6365
vn 0.7506 -0.4724 0.4619
vn 0.0018 0.5605 0.8282
vn -0.0011 -0.7429 -0.6694
vn 0.7753 0.5995 -0.1990
vn 0.0405 -0.8486 0.5274
vn -0.8100 0.0969 -0.5784
vn 0.2979 -0.8506 0.4333
vn -0.9476 0.3090 0.0810
vn 0.5547 0.5472 0.6268
vn -0.6011 -0.4560 -0.6563
vn 0.4787 0.3047 -0.8234
vn 0.8557 -0.5131 0.0674
vn -0.7529 -0.4708 0.4598
vn -0.4425 0.6314 -0.6369
vn 0.6599 -0.6573 -0.3639
vn -0.5227 -0.3128 0.7931
vn 0.9037 0.2611 0.3394
vn -0.5786 -0.5039 -0.6414
vn -0.3178 0.7935 -0.5190
vn 0.2073 -0.8811 0.4250
vn -0.5762 0.8165 -0.0371
vn 0.6163 -0.0855 -0.7829
vn 0.9453 0.3079 -0.1078
vn -0.1535 -0.4169 -0.8959
vn -0.6732 0.6269 0.3922
vn 0.5075 -0.0246 -0.8613
vn -0.0403 -0.8831 0.4675
vn 0.8137 -0.1087 0.5711
vn -0.6182 -0.5696 -0.5416
vn -0.6587 -0.0718 0.7489
vn 0.2077 0.6647 -0.7177
vn 0.4493 -0.8441 -0.2926
vn 0.9149 -0.3126 0.2554
vn -0.3831 -0.6962 -0.6071
vn 0.6648 -0.5362 -0.5201
vn -0.6293 -0.3667 0.6853
vn 0.7244 0.5033 0.4711
vn -0.6721 -0.4154 -0.6130
vn -0.0714 0.8850 -0.4601
vn -0.7759 0.5988 -0.1986
vn 0.7872 0.0562 -0.6141
vn -0.0464 -0.8537 0.5186
vn -0.6076 0.5312 0.5904
vn 0.3762 0.3368 -0.8631
vn -0.0291 -0.9620 0.2715
vn 0.9506 -0.2038 0.2339
vn -0.6829 -0.5247 -0.5083
vn -0.7418 -0.6590 0.1240
vn 0.4013 0.4463 -0.7999
vn 0.7954 -0.2243 0.5630
vn -0.0767 0.7865 0.6128
vn 0.0792 -0.8812 -0.4661
vn 0.7501 -0.6423 0.1577
vn -0.6898 -0.2535 0.6782
vn -0.4015 0.4493 -0.7981
vn 0.4008 -0.4925 -0.7725
vn -0.3509 -0.3120 0.8829
vn 0.8545 0.5111 0.0924
vn -0.8861 -0.4447 -0.1306
vn -0.1984 0.8879 -0.4151
vn 0.0163 -0.8914 0.4529
vn -0.7253 0.6499 -0.2270
vn 0.5441 -0.0904 -0.8341
vn -0.2558 0.6039 0.7549
vn -0.0804 0.1685 -0.9824
vn -0.0822 -0.8798 0.4681
vn 0.8609 -0.4993 -0.0979
vn -0.7823 -0.6108 -0.1220
vn 0.1511 -0.7606 -0.6314
vn -0.1061 -0.2107 0.9718
vn 0.9824 -0.0727 -0.1718
vn -0.6950 -0.7142 0.0834
vn -0.2363 0.8654 -0.4419
vn 0.7198 0.6255 -0.3009
vn 0.0675 -0.8843 0.4620
vn -0.8617 0.4930 0.1200
vn 0.8849 -0.4409 -0.1502
vn -0.5538 -0.0923 -0.8275
vn 0.2915 -0.3724 0.8811
vn -0.4160 -0.4676 -0.7799
vn 0.1869 0.8907 -0.4143
vn 0.0771 0.2004 -0.9767
vn 0.1841 0.5950 0.7823
vn 0.0822 -0.8798 0.4681
vn -0.8609 -0.4993 -0.0979
vn 0.7823 -0.6108 -0.1219
vn 0.1688 -0.1738 0.9702
vn 0.0638 -0.6729 -0.7370
vn -0.9824 -0.0726 -0.1718
vn 0.6950 -0.7142 0.0834
vn 0.2363 0.8654 -0.4419
vn -0.2487 0.6240 0.7408
vn -0.2569 0.0091 -0.9664
vn 0.7474 0.6565 -0.1025
vn -0.7978 -0.5730 0.1876
vn 0.3534 -0.7587 0.5472
vn -0.6072 0.0359 -0.7937
vn 0.6973 -0.6408 0.3213
vn -0.7273 0.0065 0.6863
vn 0.0080 0.9605 0.2783
vn 0.0047 -0.9973 -0.0738
vn -0.6932 -0.6053 0.3913
vn 0.5869 0.0755 -0.8061
vn 0.7269 0.0063 0.6868
vn -0.1219 -0.5862 0.8009
vn -0.7440 0.4707 -0.4743
vn 0.4740 -0.4923 -0.7300
vn -0.3639 -0.7906 0.4925
vn 0.2569 0.0091 -0.9664
vn 0.2492 0.6243 0.7403
vn -0.7469 0.6571 -0.1018
vn 0.7975 -0.5730 0.1887
vn 0.7456 0.4793 -0.4631
vn 0.1204 -0.5885 0.7994
vn -0.4741 -0.4924 -0.7299
vn -0.4973 -0.3194 -0.8066
vn 0.7434 -0.4548 0.4903
vn -0.6540 0.2708 0.7064
vn 0.0087 0.9562 -0.2927
vn 0.0061 -0.9925 0.1223
vn -0.7432 -0.4554 0.4902
vn 0.4910 -0.3105 -0.8139
vn 0.6536 0.2708 0.7067
vn 0.0046 -0.1164 0.9932
vn -0.5614 0.6808 -0.4705
vn 0.1108 -0.6690 -0.7350
vn 0.5618 0.6806 -0.4703
vn 0.0092 -0.1131 0.9935
vn -0.1108 -0.6690 -0.7350
vn -0.5327 -0.0432 0.8452
vn -0.7846 0.1208 -0.6081
vn 0.0001 0.9978 -0.0667
vn -0.0003 -0.9988 -0.0493
vn 0.6184 -0.6188 -0.4844
vn 0.5327 -0.0439 0.8452
vn -0.6193 -0.6174 -0.4851
vn 0.7854 0.1204 -0.6072
vn 0.0661 -0.6852 -0.7254
vn 0.3932 -0.4035 0.8262
vn -0.8181 0.4562 0.3502
vn -0.1527 0.0409 -0.9874
vn 0.4526 -0.6561 0.6039
vn -0.5593 0.5423 0.6270
vn -0.4062 -0.3694 0.8358
vn -0.0647 -0.6864 -0.7243
vn 0.8179 0.4562 0.3506
vn -0.4491 -0.6565 0.6060
vn 0.1524 0.0403 -0.9875
vn 0.5486 0.5483 0.6312
vn 0.7570 -0.6342 -0.1570
vn -0.6271 -0.2092 0.7503
vn -0.6223 0.2244 -0.7500
vn -0.7870 -0.5972 -0.1550
vn 0.6227 0.2243 -0.7496
vn 0.6264 -0.2092 0.7509
vn -0.9354 -0.3224 0.1451
vn 0.7072 -0.6217 0.3366
vn 0.3536 -0.5039 -0.7881
vn -0.3338 -0.3612 -0.8707
vn -0.3393 0.5264 0.7796
vn 0.3480 0.3991 0.8483
vn 0.4125 0.7860 -0.4605
vn 0.3372 -0.5925 -0.7316
vn 0.3471 0.4333 0.8318
vn -0.5329 -0.6966 0.4803
vn 0.9548 0.2925 0.0527
vn -0.3822 -0.6248 -0.6808
vn -0.3447 0.7168 0.6061
vn -0.7008 0.6313 -0.3322
vn -0.4133 -0.7896 0.4535
vn 0.9350 0.2870 -0.2084
vn -0.7064 0.6011 -0.3739
vn -0.3373 -0.4460 -0.8290
vn -0.3472 0.6022 0.7189
vn -0.9520 -0.0737 0.2971
vn 0.6930 -0.5569 0.4578
vn 0.3810 -0.7452 -0.5473
vn 0.3371 0.6717 0.6596
vn 0.5362 0.7132 -0.4514
vn -0.9315 -0.3099 0.1904
vn 0.7063 -0.5762 0.4112
vn 0.4031 0.7253 -0.5580
vn 0.3377 -0.6670 -0.6641
vn 0.3439 0.5175 0.7836
vn -0.5184 -0.3312 0.7884
vn 0.9207 0.3752 -0.1070
vn -0.3636 -0.8931 -0.2648
vn -0.3331 0.9333 0.1345
vn -0.6908 0.4074 -0.5973
vn -0.4037 -0.7299 0.5516
vn 0.9314 0.2656 -0.2490
vn -0.7068 0.5491 -0.4461
vn -0.3442 -0.5299 -0.7751
vn -0.3390 0.6525 0.6778
vn 0.5156 0.3810 -0.7675
vn -0.9236 0.1630 0.3468
vn 0.6967 -0.1864 0.6927
vn 0.3546 -0.9331 -0.0593
vn 0.3265 0.9121 0.2480
vn -0.9562 -0.1692 0.2391
vn 0.7051 -0.5432 0.4559
vn 0.4801 0.7083 -0.5175
vn 0.3494 -0.5263 -0.7752
vn 0.3278 0.3917 0.8597
vn -0.7018 0.0757 -0.7083
vn -0.4053 0.0083 0.9141
vn -0.3529 -0.9353 0.0258
vn -0.3291 0.9194 -0.2153
vn 0.9236 0.1221 -0.3633
vn -0.4813 -0.6971 0.5314
vn 0.9553 0.2794 -0.0972
vn -0.7020 0.5952 -0.3912
vn -0.4109 -0.3906 -0.8238
vn -0.3999 0.4291 0.8099
vn 0.4046 0.0176 -0.9143
vn -0.9244 0.1179 0.3628
vn 0.7033 0.0672 0.7077
vn 0.3516 -0.9041 0.2427
vn 0.3297 0.9421 -0.0610
vn -0.5493 0.0782 0.8320
vn 0.6884 -0.6647 0.2903
vn 0.6502 0.7519 -0.1089
vn 0.4454 0.1135 -0.8881
vn 0.4113 -0.1573 0.8978
vn -0.7035 -0.1400 -0.6968
vn -0.4185 0.2711 0.8668
vn -0.3545 -0.8844 0.3036
vn -0.3298 0.8155 -0.4756
vn 0.9306 0.0089 -0.3659
vn -0.6525 -0.7289 0.2072
vn 0.5339 0.2847 0.7962
vn -0.6823 0.7311 -0.0019
vn -0.4472 0.2146 -0.8683
vn -0.4142 -0.1777 0.8927
vn 0.4188 -0.2474 -0.8738
vn -0.9303 0.2079 0.3023
vn 0.7034 0.2647 0.6596
vn 0.3548 -0.7904 0.4994
vn 0.3303 0.8797 -0.3420
vn -0.4561 -0.5909 0.6655
vn 0.6794 -0.6845 -0.2642
vn 0.6554 0.5877 0.4744
vn 0.4189 0.7033 -0.5744
vn 0.4023 -0.7341 0.5470
vn -0.7026 -0.3505 -0.6192
vn -0.4305 0.5265 0.7331
vn -0.3505 -0.7508 0.5599
vn -0.3282 0.6350 -0.6993
vn 0.9339 -0.0951 -0.3447
vn -0.6547 -0.6553 -0.3767
vn 0.4670 -0.4116 0.7826
vn -0.6841 0.4944 0.5363
vn -0.3477 0.8157 -0.4622
vn -0.3265 -0.7170 0.6159
vn 0.4301 -0.5058 -0.7478
vn -0.9343 0.2896 0.2079
vn 0.7038 0.4583 0.5427
vn 0.3537 -0.6007 0.7170
vn 0.3271 0.7369 -0.5916
vn 0.4156 0.4270 0.8031
vn -0.9372 -0.1820 -0.2975
vn 0.3363 0.7435 -0.5781
vn 0.3499 -0.8358 0.4231
vn 0.6949 -0.3524 -0.6269
vn -0.7017 -0.5148 -0.4925
vn -0.4183 0.7365 0.5315
vn -0.3632 -0.4780 0.7997
vn -0.3272 0.3176 -0.8900
vn 0.9251 -0.1882 -0.3297
vn -0.4156 -0.4302 -0.8014
vn 0.9379 0.1451 0.3150
vn -0.6965 0.3320 0.6362
vn -0.3325 0.8322 -0.4436
vn -0.3541 -0.7193 0.5977
vn 0.4192 -0.7167 -0.5573
vn -0.9236 0.3729 0.0894
vn 0.6981 0.6217 0.3552
vn 0.3646 -0.2635 0.8931
vn 0.3277 0.4406 -0.8358
vn -0.9266 -0.2097 -0.3122
vn 0.7001 -0.4437 -0.5594
vn 0.3938 0.6048 0.6922
vn 0.3414 0.6502 -0.6788
vn 0.3402 -0.7749 0.5327
vn -0.4137 0.8987 0.1456
vn 0.9206 -0.3244 -0.2172
vn -0.3542 -0.1075 0.9290
vn -0.3252 -0.0793 -0.9423
vn -0.6979 -0.6824 -0.2171
vn -0.3932 -0.5978 -0.6986
vn 0.9278 0.2763 0.2508
vn -0.7030 0.4833 0.5218
vn -0.3497 0.7797 -0.5194
vn -0.3285 -0.6682 0.6675
vn 0.4122 -0.8932 -0.1799
vn -0.9219 0.3772 -0.0885
vn 0.7013 0.7119 0.0382
vn 0.3529 0.1155 0.9285
vn 0.3266 0.0665 -0.9428
vn 0.4189 0.4752 0.7738
vn -0.9306 -0.2839 -0.2311
vn 0.3560 0.8149 -0.4573
vn 0.3293 -0.8979 0.2922
vn 0.7039 -0.4344 -0.5620
vn -0.7019 -0.7106 0.0474
vn -0.4262 0.8873 -0.1762
vn -0.3581 0.2387 0.9027
vn -0.3270 -0.4129 -0.8501
vn 0.9292 -0.3609 -0.0799
vn -0.7019 0.3225 0.6351
vn -0.4195 -0.4967 -0.7598
vn -0.3580 0.8997 -0.2497
vn -0.3273 -0.8435 0.4259
vn 0.9298 0.0883 0.3572
vn 0.4264 -0.8927 0.1459
vn -0.9285 0.3118 -0.2018
vn 0.7006 0.6831 -0.2062
vn 0.3598 0.4485 0.8181
vn 0.3272 -0.2851 -0.9009
vn 0.4191 0.1615 0.8934
vn -0.9251 -0.2129 -0.3144
vn 0.3576 0.9270 -0.1129
vn 0.3273 -0.9422 -0.0715
vn 0.7010 -0.2212 -0.6780
vn -0.6997 -0.6386 0.3203
vn -0.4234 0.7431 -0.5182
vn -0.3570 0.5788 0.7332
vn -0.3261 -0.7185 -0.6143
vn 0.9251 -0.3745 0.0626
vn -0.7005 0.0548 0.7116
vn -0.4191 -0.1927 -0.8872
vn -0.3569 0.9272 0.1138
vn -0.3264 -0.9426 0.0704
vn 0.9249 -0.0765 0.3723
vn 0.4228 -0.7625 0.4897
vn -0.9254 0.2004 -0.3218
vn 0.7007 0.5390 -0.4674
vn 0.3569 0.7380 0.5728
vn 0.3270 -0.6188 -0.7142
vn 0.4188 -0.1933 0.8873
vn -0.9252 -0.0758 -0.3719
vn 0.3577 0.8998 0.2500
vn 0.3273 -0.8434 -0.4261
vn 0.7015 0.0554 -0.7105
vn -0.7012 -0.4624 0.5427
vn -0.4192 0.4900 -0.7643
vn -0.3573 0.8132 0.4594
vn -0.3269 -0.8979 -0.2949
vn 0.9255 -0.3154 0.2097
vn -0.7010 -0.2214 0.6780
vn -0.4191 0.1619 -0.8934
vn 0.9253 -0.2127 0.3139
vn 0.4189 -0.5168 0.7466
vn -0.9254 0.0723 -0.3720
vn 0.7009 0.3227 -0.6361
vt 0.312945 0.153063
vt 0.332767 0.153068
vt 0.303655 0.167134
vt 0.346786 0.167357
vt 0.301087 0.186827
vt 0.352950 0.186834
vt 0.346781 0.206309
vt 0.303650 0.206521
vt 0.332759 0.220594
vt 0.312937 0.220594
vt 0.118750 0.017645
vt 0.130896 0.035977
vt 0.116061 0.035977
vt 0.130933 0.002217
vt 0.118750 0.054308
vt 0.130933 0.069736
vt 0.837293 0.118552
vt 0.839681 0.145165
vt 0.822959 0.143188
vt 0.803292 0.118467
vt 0.803294 0.142999
vt 0.837042 0.094980
vt 0.783632 0.143188
vt 0.769294 0.118561
vt 0.766918 0.145165
vt 0.769534 0.094992
vt 0.803288 0.095262
vt 0.803285 0.078326
vt 0.836953 0.078039
vt 0.769613 0.078049
vt 0.803283 0.058633
vt 0.836896 0.058534
vt 0.769663 0.058537
vt 0.037364 0.001617
vt 0.071130 0.002397
vt 0.055717 0.016158
vt 0.071159 0.009188
vt 0.037403 0.019925
vt 0.019073 0.016238
vt 0.003601 0.002544
vt 0.003601 0.009334
vt 0.830696 0.823122
vt 0.854437 0.809207
vt 0.798614 0.785336
vt 0.837663 0.762309
vt 0.769604 0.820148
vt 0.881370 0.804479
vt 0.813144 0.844386
vt 0.882857 0.753754
vt 0.753840 0.863262
vt 0.908112 0.809518
vt 0.803948 0.870210
vt 0.929864 0.761573
vt 0.753885 0.910678
vt 0.929740 0.824617
vt 0.804629 0.897036
vt 0.973783 0.787390
vt 0.772040 0.958088
vt 0.940973 0.848593
vt 0.816113 0.920753
vt 0.991962 0.835000
vt 0.815791 0.983927
vt 0.941679 0.875692
vt 0.837756 0.936040
vt 0.991962 0.882647
vt 0.862598 0.991962
vt 0.932479 0.901587
vt 0.864188 0.941430
vt 0.976073 0.925882
vt 0.907772 0.983596
vt 0.914859 0.922828
vt 0.891099 0.936732
vt 0.946913 0.960681
vt 0.458537 0.658936
vt 0.445307 0.651696
vt 0.461113 0.637138
vt 0.429827 0.637176
vt 0.458929 0.611112
vt 0.403473 0.564291
vt 0.440357 0.554806
vt 0.414073 0.465785
vt 0.379939 0.469579
vt 0.369676 0.368872
vt 0.395329 0.362703
vt 0.375989 0.267920
vt 0.396433 0.271076
vt 0.411926 0.164341
vt 0.400844 0.157444
vt 0.430596 0.075536
vt 0.434866 0.076719
vt 0.461113 0.000943
vt 0.022341 0.779275
vt 0.041594 0.756272
vt 0.041428 0.777009
vt 0.060670 0.779792
vt 0.004305 0.784562
vt 0.001234 0.759127
vt 0.021435 0.757414
vt 0.020442 0.730820
vt 0.001067 0.730148
vt 0.002003 0.705392
vt 0.041569 0.729142
vt 0.019687 0.701857
vt 0.004080 0.676372
vt 0.041303 0.698875
vt 0.061904 0.757564
vt 0.082545 0.759397
vt 0.079129 0.785599
vt 0.062838 0.730624
vt 0.082545 0.729728
vt 0.081112 0.704500
vt 0.063090 0.701356
vt 0.078097 0.675099
vt 0.061464 0.676718
vt 0.060107 0.644480
vt 0.073549 0.622002
vt 0.058533 0.611338
vt 0.040971 0.675828
vt 0.040395 0.645112
vt 0.039547 0.606895
vt 0.020827 0.612193
vt 0.020709 0.645274
vt 0.006379 0.623484
vt 0.020593 0.677391
vt 0.139458 0.002261
vt 0.153700 0.080173
vt 0.140847 0.072283
vt 0.165090 0.002261
vt 0.164902 0.098200
vt 0.603761 0.033962
vt 0.623002 0.015367
vt 0.637512 0.033535
vt 0.603764 0.007212
vt 0.584525 0.015362
vt 0.570010 0.033525
vt 0.603755 0.067339
vt 0.637588 0.068369
vt 0.569924 0.068357
vt 0.603748 0.105367
vt 0.637561 0.106100
vt 0.569937 0.106086
vt 0.637588 0.150856
vt 0.569889 0.150837
vt 0.603738 0.151177
vt 0.637538 0.190598
vt 0.569916 0.190575
vt 0.603726 0.190368
vt 0.603715 0.215892
vt 0.637296 0.216325
vt 0.570139 0.216295
vt 0.211354 0.066031
vt 0.222771 0.025683
vt 0.231795 0.067494
vt 0.199700 0.037886
vt 0.225041 0.110313
vt 0.236249 0.111408
vt 0.223368 0.145285
vt 0.229276 0.147666
vt 0.199700 0.177898
vt 0.128218 0.246672
vt 0.109690 0.278626
vt 0.109690 0.245556
vt 0.091163 0.246672
vt 0.128084 0.280847
vt 0.146431 0.254089
vt 0.146588 0.287484
vt 0.091296 0.280847
vt 0.072949 0.254089
vt 0.072792 0.287484
vt 0.789624 0.675739
vt 0.770699 0.787781
vt 0.770533 0.675695
vt 0.789869 0.791226
vt 0.789363 0.555271
vt 0.751399 0.785459
vt 0.770767 0.554789
vt 0.789594 0.442871
vt 0.751541 0.674810
vt 0.732535 0.675587
vt 0.732078 0.787812
vt 0.713417 0.675523
vt 0.712858 0.791292
vt 0.714735 0.554872
vt 0.733352 0.554589
vt 0.715943 0.442363
vt 0.752065 0.554239
vt 0.734525 0.441707
vt 0.718149 0.352796
vt 0.771034 0.441959
vt 0.788729 0.353332
vt 0.752782 0.441713
vt 0.770117 0.350659
vt 0.772841 0.319387
vt 0.789869 0.321158
vt 0.753716 0.318258
vt 0.753459 0.351044
vt 0.736806 0.350406
vt 0.734568 0.319088
vt 0.717507 0.320595
vt 0.560755 0.299750
vt 0.579187 0.280355
vt 0.579149 0.300179
vt 0.561829 0.280789
vt 0.541421 0.298400
vt 0.543425 0.279730
vt 0.540517 0.326097
vt 0.559709 0.329206
vt 0.541024 0.359458
vt 0.597610 0.299897
vt 0.596616 0.280780
vt 0.617165 0.298723
vt 0.615264 0.279730
vt 0.617663 0.326766
vt 0.598256 0.329544
vt 0.616393 0.360421
vt 0.578955 0.329438
vt 0.597885 0.360226
vt 0.614965 0.396173
vt 0.559411 0.359742
vt 0.541382 0.394995
vt 0.578621 0.360471
vt 0.559106 0.395338
vt 0.597156 0.395942
vt 0.578122 0.395265
vt 0.558595 0.429827
vt 0.577536 0.429415
vt 0.541486 0.429778
vt 0.596470 0.430516
vt 0.613624 0.431100
vt 0.576844 0.465584
vt 0.558114 0.465011
vt 0.542017 0.461845
vt 0.542192 0.490786
vt 0.558105 0.499858
vt 0.576059 0.503808
vt 0.594178 0.500603
vt 0.595594 0.465751
vt 0.610475 0.492183
vt 0.611836 0.463222
vt 0.001698 0.119767
vt 0.022771 0.153704
vt 0.001205 0.153207
vt 0.022771 0.104369
vt 0.324383 0.314065
vt 0.335424 0.292387
vt 0.335872 0.314077
vt 0.335432 0.335860
vt 0.323542 0.294913
vt 0.334027 0.272738
vt 0.321688 0.275420
vt 0.303032 0.275420
vt 0.323478 0.333255
vt 0.333912 0.355797
vt 0.321415 0.352850
vt 0.302731 0.352494
vt 0.302204 0.294261
vt 0.286063 0.272868
vt 0.285091 0.293080
vt 0.302848 0.314007
vt 0.285880 0.313978
vt 0.285091 0.334786
vt 0.302110 0.333723
vt 0.285932 0.354738
vt 0.368488 0.566006
vt 0.397184 0.595454
vt 0.337606 0.624105
vt 0.391130 0.610681
vt 0.398493 0.577420
vt 0.394851 0.565932
vt 0.345195 0.559105
vt 0.325069 0.547957
vt 0.311841 0.641918
vt 0.297884 0.530951
vt 0.214302 0.602536
vt 0.221603 0.568460
vt 0.269750 0.505355
vt 0.221868 0.531554
vt 0.248869 0.469662
vt 0.214851 0.496245
vt 0.200918 0.466250
vt 0.244164 0.437201
vt 0.183622 0.442065
vt 0.250446 0.408259
vt 0.194457 0.331422
vt 0.268874 0.337582
vt 0.271713 0.396129
vt 0.262924 0.303337
vt 0.292947 0.374794
vt 0.218428 0.216604
vt 0.302325 0.400229
vt 0.321407 0.398270
vt 0.319326 0.412047
vt 0.272070 0.279585
vt 0.295944 0.177520
vt 0.253892 0.110545
vt 0.299242 0.208979
vt 0.294175 0.263583
vt 0.306854 0.153498
vt 0.316209 0.238946
vt 0.316192 0.263066
vt 0.336514 0.262193
vt 0.334917 0.269970
vt 0.347894 0.270363
vt 0.343351 0.279503
vt 0.358278 0.272879
vt 0.349558 0.289847
vt 0.317982 0.071718
vt 0.287289 0.024827
vt 0.339394 0.111171
vt 0.310990 0.032452
vt 0.314200 0.006783
vt 0.309447 0.001933
vt 0.329374 0.142928
vt 0.357913 0.145714
vt 0.367207 0.136875
vt 0.379452 0.156838
vt 0.398493 0.152510
vt 0.392332 0.158842
vt 0.384042 0.162233
vt 0.258807 0.720133
vt 0.283751 0.691511
vt 0.278544 0.718296
vt 0.247744 0.695768
vt 0.296169 0.663404
vt 0.228652 0.681810
vt 0.201643 0.628811
vt 0.212515 0.676400
vt 0.189691 0.644858
vt 0.192997 0.678089
vt 0.186319 0.156060
vt 0.215016 0.126611
vt 0.216324 0.144646
vt 0.212683 0.156134
vt 0.155438 0.097961
vt 0.208962 0.111385
vt 0.163027 0.162961
vt 0.142901 0.174109
vt 0.129673 0.080147
vt 0.119903 0.189382
vt 0.032134 0.119530
vt 0.039435 0.153606
vt 0.098706 0.208724
vt 0.114001 0.058662
vt 0.039700 0.190512
vt 0.071428 0.248981
vt 0.032683 0.225821
vt 0.018749 0.255815
vt 0.061498 0.290200
vt 0.001454 0.280000
vt 0.019475 0.093254
vt 0.012289 0.390644
vt 0.069994 0.316591
vt 0.086706 0.384484
vt 0.093608 0.328503
vt 0.080756 0.418728
vt 0.110779 0.347272
vt 0.036260 0.505461
vt 0.120157 0.321837
vt 0.139239 0.323796
vt 0.137158 0.310019
vt 0.089902 0.442481
vt 0.113776 0.544546
vt 0.071724 0.611521
vt 0.117333 0.517810
vt 0.112007 0.458483
vt 0.124686 0.568568
vt 0.134041 0.483119
vt 0.134024 0.459000
vt 0.154346 0.459873
vt 0.152749 0.452096
vt 0.165726 0.451703
vt 0.161183 0.442563
vt 0.135814 0.650348
vt 0.105120 0.697239
vt 0.157226 0.610895
vt 0.128822 0.689614
vt 0.132032 0.715283
vt 0.127279 0.720133
vt 0.147206 0.579138
vt 0.175745 0.576352
vt 0.185039 0.585191
vt 0.197284 0.565228
vt 0.216324 0.569556
vt 0.210164 0.563224
vt 0.201874 0.559833
vt 0.076639 0.001933
vt 0.101583 0.030555
vt 0.065576 0.026298
vt 0.096376 0.003769
vt 0.046484 0.040256
vt 0.030347 0.045666
vt 0.007523 0.077208
vt 0.010829 0.043976
vt 0.504734 0.731518
vt 0.575343 0.652697
vt 0.581109 0.655367
vt 0.617641 0.569802
vt 0.634042 0.580568
vt 0.672125 0.482962
vt 0.643069 0.475362
vt 0.694531 0.392886
vt 0.648636 0.389666
vt 0.706633 0.334844
vt 0.641877 0.327369
vt 0.720042 0.312432
vt 0.629385 0.286963
vt 0.735741 0.228737
vt 0.737211 0.298758
vt 0.600230 0.264307
vt 0.558156 0.250963
vt 0.504734 0.213995
vt 0.515722 0.245581
vt 0.226926 0.981478
vt 0.201545 0.947530
vt 0.183267 0.971787
vt 0.231111 0.959491
vt 0.267552 0.981141
vt 0.178806 0.925165
vt 0.263004 0.959227
vt 0.304956 0.965284
vt 0.292368 0.946778
vt 0.314733 0.924039
vt 0.333445 0.936319
vt 0.326694 0.894473
vt 0.348681 0.898657
vt 0.348681 0.858788
vt 0.326430 0.862580
vt 0.332056 0.823185
vt 0.313981 0.833216
vt 0.303796 0.792541
vt 0.291242 0.810850
vt 0.264997 0.780828
vt 0.261676 0.798890
vt 0.229783 0.799154
vt 0.226341 0.780020
vt 0.200419 0.811603
vt 0.187621 0.792788
vt 0.178054 0.834341
vt 0.151502 0.816597
vt 0.137773 0.837137
vt 0.166093 0.863908
vt 0.140450 0.858677
vt 0.144250 0.900441
vt 0.166357 0.895801
vt 0.141104 0.944026
vt 0.145274 0.981999
vt 0.137681 0.974012
vt 0.139674 0.980116
vt 0.992863 0.389170
vt 0.983172 0.345510
vt 0.958915 0.363788
vt 0.970876 0.393354
vt 0.992526 0.429795
vt 0.936550 0.341049
vt 0.970612 0.425247
vt 0.976669 0.467200
vt 0.958163 0.454612
vt 0.935424 0.476977
vt 0.947704 0.495688
vt 0.905858 0.488937
vt 0.910042 0.510924
vt 0.870173 0.510924
vt 0.873965 0.488673
vt 0.834570 0.494300
vt 0.844601 0.476224
vt 0.803927 0.466040
vt 0.822236 0.453486
vt 0.792213 0.427240
vt 0.810275 0.423919
vt 0.810539 0.392026
vt 0.791405 0.388585
vt 0.822988 0.362662
vt 0.804173 0.349864
vt 0.845727 0.340297
vt 0.827982 0.313746
vt 0.848523 0.300016
vt 0.875293 0.328336
vt 0.870062 0.302693
vt 0.911826 0.306493
vt 0.907186 0.328601
vt 0.955411 0.303348
vt 0.993385 0.307518
vt 0.985397 0.299925
vt 0.991501 0.301918
vt 0.366512 0.046365
vt 0.350819 0.021010
vt 0.377645 0.017463
vt 0.403391 0.022113
vt 0.397359 0.010799
vt 0.404185 0.029291
vt 0.386240 0.002767
vt 0.400128 0.048429
vt 0.365154 0.001659
vt 0.342558 0.008620
vt 0.324176 0.030785
vt 0.395694 0.078149
vt 0.336816 0.048394
vt 0.319835 0.057099
vt 0.332141 0.090700
vt 0.367278 0.088804
vt 0.398777 0.109749
vt 0.353834 0.095565
vt 0.362724 0.124660
vt 0.404185 0.131566
vt 0.395537 0.143742
vt 0.403307 0.140780
vt 0.316662 0.510075
vt 0.332355 0.484719
vt 0.343489 0.513621
vt 0.363202 0.520285
vt 0.369235 0.508971
vt 0.352083 0.528318
vt 0.370029 0.501794
vt 0.330998 0.529426
vt 0.365972 0.482656
vt 0.308401 0.522465
vt 0.361538 0.452935
vt 0.290019 0.500299
vt 0.302659 0.482691
vt 0.285679 0.473985
vt 0.297984 0.440384
vt 0.333122 0.442280
vt 0.364621 0.421336
vt 0.319677 0.435520
vt 0.328567 0.406425
vt 0.370029 0.399518
vt 0.361380 0.387343
vt 0.369150 0.390304
vt 0.465395 0.593872
vt 0.476397 0.617345
vt 0.462370 0.618650
vt 0.478675 0.593896
vt 0.468609 0.587222
vt 0.482791 0.581129
vt 0.501546 0.590629
vt 0.480483 0.640312
vt 0.469147 0.647623
vt 0.486676 0.666661
vt 0.505807 0.621672
vt 0.533343 0.595393
vt 0.502584 0.654908
vt 0.513395 0.671744
vt 0.544085 0.661820
vt 0.534954 0.625581
vt 0.564178 0.588966
vt 0.544632 0.642938
vt 0.571060 0.639199
vt 0.580607 0.605082
vt 0.592234 0.581129
vt 0.589838 0.614121
vt 0.596316 0.590477
vt 0.596269 0.601382
vt 0.341169 0.672513
vt 0.330144 0.695986
vt 0.327139 0.671196
vt 0.343429 0.695972
vt 0.333354 0.702640
vt 0.347536 0.708747
vt 0.366306 0.699259
vt 0.345278 0.649540
vt 0.333943 0.642216
vt 0.351492 0.623185
vt 0.370590 0.668211
vt 0.398116 0.694514
vt 0.367411 0.634955
vt 0.378219 0.618091
vt 0.404275 0.627189
vt 0.399731 0.664335
vt 0.428965 0.700926
vt 0.409402 0.647007
vt 0.435816 0.650672
vt 0.445387 0.684794
vt 0.457036 0.708747
vt 0.454616 0.675746
vt 0.461113 0.699393
vt 0.461058 0.688484
vt 0.536095 0.704159
vt 0.548778 0.711743
vt 0.516838 0.722979
vt 0.574968 0.694754
vt 0.580517 0.701035
vt 0.561956 0.680027
vt 0.613470 0.695538
vt 0.593821 0.656113
vt 0.615964 0.668663
vt 0.642803 0.703278
vt 0.632410 0.639536
vt 0.675977 0.657023
vt 0.665569 0.636296
vt 0.694863 0.645039
vt 0.661942 0.685658
vt 0.692488 0.674016
vt 0.708747 0.666958
vt 0.707723 0.698983
vt 0.690127 0.696518
vt 0.680483 0.713223
vt 0.674329 0.719381
vt 0.696813 0.717959
vt 0.685253 0.722979
vt 0.146998 0.347568
vt 0.128326 0.367182
vt 0.139193 0.334904
vt 0.155893 0.308405
vt 0.167277 0.324506
vt 0.149565 0.302888
vt 0.185327 0.299968
vt 0.155086 0.269865
vt 0.181910 0.267505
vt 0.207641 0.255465
vt 0.147644 0.240390
vt 0.194397 0.207857
vt 0.214901 0.213229
vt 0.204821 0.186462
vt 0.165522 0.221424
vt 0.175673 0.189731
vt 0.180931 0.172455
vt 0.152500 0.175239
vt 0.154958 0.192957
vt 0.138077 0.202513
vt 0.131847 0.208630
vt 0.133421 0.186111
vt 0.128326 0.197662
vt 0.301214 0.782243
vt 0.282236 0.780059
vt 0.278400 0.770793
vt 0.305995 0.777613
vt 0.275104 0.756095
vt 0.294242 0.760807
vt 0.278266 0.748081
vt 0.295631 0.749083
vt 0.275897 0.739706
vt 0.324082 0.764931
vt 0.325648 0.779824
vt 0.356783 0.783679
vt 0.295759 0.737172
vt 0.280817 0.724954
vt 0.361295 0.769210
vt 0.388100 0.784494
vt 0.324403 0.751229
vt 0.326306 0.737560
vt 0.310108 0.721877
vt 0.305860 0.716446
vt 0.330413 0.722920
vt 0.286071 0.715989
vt 0.299505 0.705663
vt 0.288922 0.705276
vt 0.362190 0.724764
vt 0.363982 0.739939
vt 0.393299 0.729955
vt 0.359615 0.754322
vt 0.393640 0.744150
vt 0.412763 0.734823
vt 0.392733 0.757434
vt 0.391130 0.770648
vt 0.408165 0.783487
vt 0.414298 0.748104
vt 0.413442 0.759396
vt 0.420219 0.732923
vt 0.412191 0.770676
vt 0.415231 0.786841
vt 0.426946 0.793354
vt 0.416044 0.793081
vt 0.433456 0.787094
vt 0.423153 0.767614
vt 0.432763 0.728728
vt 0.422139 0.727017
vt 0.437944 0.735979
vt 0.424468 0.753094
vt 0.422314 0.760211
vt 0.423051 0.760279
vt 0.430102 0.760916
vt 0.438489 0.751438
vt 0.444942 0.741262
vt 0.436740 0.771767
vt 0.441525 0.783086
vt 0.449068 0.762470
vt 0.473752 0.776611
vt 0.471001 0.783938
vt 0.496202 0.788024
vt 0.474398 0.764196
vt 0.474945 0.752132
vt 0.473136 0.744989
vt 0.496380 0.742683
vt 0.499485 0.779530
vt 0.526328 0.789370
vt 0.498565 0.764747
vt 0.499453 0.750549
vt 0.524099 0.739761
vt 0.524845 0.764036
vt 0.551256 0.762472
vt 0.557277 0.792166
vt 0.552633 0.733342
vt 0.587013 0.799831
vt 0.578913 0.720769
vt 0.580997 0.759900
vt 0.611865 0.794325
vt 0.602950 0.720676
vt 0.613178 0.756419
vt 0.638036 0.788335
vt 0.629326 0.719919
vt 0.646981 0.771921
vt 0.641995 0.733311
vt 0.650397 0.751815
vt 0.586353 0.576368
vt 0.556550 0.582670
vt 0.542291 0.499542
vt 0.510348 0.586353
vt 0.476608 0.576995
vt 0.449780 0.546928
vt 0.425695 0.489079
vt 0.514257 0.418531
vt 0.406588 0.405355
vt 0.496952 0.336217
vt 0.403752 0.307592
vt 0.497391 0.240411
vt 0.420139 0.215984
vt 0.514595 0.145169
vt 0.464473 0.119896
vt 0.546066 0.067274
vt 0.523603 0.051283
vt 0.586353 0.001350
vt 0.165930 0.797626
vt 0.157353 0.799831
vt 0.142616 0.781565
vt 0.177881 0.783893
vt 0.174785 0.798470
vt 0.169427 0.775322
vt 0.146946 0.758681
vt 0.134392 0.761806
vt 0.131526 0.739408
vt 0.189219 0.764761
vt 0.194994 0.776231
vt 0.165120 0.754504
vt 0.160626 0.732216
vt 0.145834 0.711632
vt 0.135508 0.713816
vt 0.165533 0.719404
vt 0.154523 0.706015
vt 0.185086 0.735482
vt 0.188070 0.721146
vt 0.187593 0.750443
vt 0.221325 0.732107
vt 0.221825 0.720742
vt 0.253100 0.722855
vt 0.222661 0.762030
vt 0.223876 0.772117
vt 0.252192 0.770439
vt 0.254252 0.733818
vt 0.221961 0.747427
vt 0.253742 0.760192
vt 0.255807 0.747188
vt 0.272345 0.747801
vt 0.877791 0.058499
vt 0.890422 0.008915
vt 0.838657 0.001874
vt 0.896168 0.061648
vt 0.836227 0.056113
vt 0.918780 0.019513
vt 0.783664 0.003370
vt 0.912828 0.072714
vt 0.791603 0.054760
vt 0.946136 0.038841
vt 0.744537 0.013824
vt 0.935455 0.103942
vt 0.766736 0.055580
vt 0.978533 0.080916
vt 0.728619 0.021474
vt 0.948223 0.138382
vt 0.765718 0.056349
vt 0.996605 0.129210
vt 0.721274 0.037942
vt 0.949731 0.172740
vt 0.765948 0.057656
vt 0.999078 0.179450
vt 0.710918 0.088947
vt 0.941008 0.207009
vt 0.765795 0.094703
vt 0.984528 0.231141
vt 0.710918 0.146954
vt 0.916836 0.233695
vt 0.763839 0.140578
vt 0.949573 0.277222
vt 0.723801 0.198513
vt 0.885778 0.247875
vt 0.770820 0.178895
vt 0.897102 0.297446
vt 0.751323 0.244057
vt 0.850748 0.248101
vt 0.789147 0.211491
vt 0.842780 0.297329
vt 0.792203 0.278487
vt 0.816843 0.235450
s 1
f 1731/1/1 1732/2/2 3/2/3 1/1/4
f 1732/2/2 1731/1/1 2/1/5 4/2/6
f 1732/2/2 1733/3/7 5/3/8 3/2/3
f 1733/3/7 1732/2/2 4/2/6 6/3/9
f 1733/3/7 1731/1/1 1/1/4 5/3/8
f 1731/1/1 1733/3/7 6/3/9 2/1/5
f 1734/3/10 1735/2/11 3/2/3 5/3/8
f 1735/2/11 1734/3/10 6/3/9 4/2/6
f 1735/2/11 1736/4/12 7/4/13 3/2/3
f 1736/4/12 1735/2/11 4/2/6 8/4/14
f 1736/4/12 1734/3/10 5/3/8 7/4/13
f 1734/3/10 1736/4/12 8/4/14 6/3/9
f 1737/4/15 1738/5/16 9/5/17 7/4/13
f 1738/5/16 1737/4/15 8/4/14 10/5/18
f 1738/5/16 1739/3/19 5/3/8 9/5/17
f 1739/3/19 1738/5/16 10/5/18 6/3/9
f 1739/3/19 1737/4/15 7/4/13 5/3/8
f 1737/4/15 1739/3/19 6/3/9 8/4/14
f 1740/5/20 1741/4/21 7/4/13 9/5/17
f 1741/4/21 1740/5/20 10/5/18 8/4/14
f 1741/4/21 1742/6/22 11/6/23 7/4/13
f 1742/6/22 1741/4/21 8/4/14 12/6/24
f 1742/6/22 1740/5/20 9/5/17 11/6/23
f 1740/5/20 1742/6/22 12/6/24 10/5/18
f 1743/5/25 1744/6/26 11/6/23 9/5/17
f 1744/6/26 1743/5/25 10/5/18 12/6/24
f 1744/6/26 1745/7/27 13/7/28 11/6/23
f 1745/7/27 1744/6/26 12/6/24 14/7/29
f 1745/7/27 1743/5/25 9/5/17 13/7/28
f 1743/5/25 1745/7/27 14/7/29 10/5/18
f 1746/7/30 1747/8/31 15/8/32 13/7/28
f 1747/8/31 1746/7/30 14/7/29 16/8/33
f 1747/8/31 1748/5/34 9/5/17 15/8/32
f 1748/5/34 1747/8/31 16/8/33 10/5/18
f 1748/5/34 1746/7/30 13/7/28 9/5/17
f 1746/7/30 1748/5/34 10/5/18 14/7/29
f 1749/8/35 1750/7/36 13/7/28 15/8/32
f 1750/7/36 1749/8/35 16/8/33 14/7/29
f 1750/7/36 1751/9/37 17/9/38 13/7/28
f 1751/9/37 1750/7/36 14/7/29 18/9/39
f 1751/9/37 1749/8/35 15/8/32 17/9/38
f 1749/8/35 1751/9/37 18/9/39 16/8/33
f 1752/8/40 1753/9/41 17/9/38 15/8/32
f 1753/9/41 1752/8/40 16/8/33 18/9/39
f 1753/9/41 1754/10/42 19/10/43 17/9/38
f 1754/10/42 1753/9/41 18/9/39 20/10/44
f 1754/10/42 1752/8/40 15/8/32 19/10/43
f 1752/8/40 1754/10/42 20/10/44 16/8/33
f 1755/11/45 1756/12/46 23/12/47 21/11/48
f 1756/12/46 1755/11/45 22/11/49 24/12/50
f 1756/12/46 1757/13/51 25/13/52 23/12/47
f 1757/13/51 1756/12/46 24/12/50 26/13/53
f 1757/13/51 1755/11/45 21/11/48 25/13/52
f 1755/11/45 1757/13/51 26/13/53 22/11/49
f 1758/12/54 1759/11/55 21/11/48 23/12/47
f 1759/11/55 1758/12/54 24/12/50 22/11/49
f 1759/11/55 1760/14/56 27/14/57 21/11/48
f 1760/14/56 1759/11/55 22/11/49 28/14/58
f 1760/14/56 1758/12/54 23/12/47 27/14/57
f 1758/12/54 1760/14/56 28/14/58 24/12/50
f 1761/15/59 1762/13/60 25/13/52 29/15/61
f 1762/13/60 1761/15/59 30/15/62 26/13/53
f 1762/13/60 1763/12/63 23/12/47 25/13/52
f 1763/12/63 1762/13/60 26/13/53 24/12/50
f 1763/12/63 1761/15/59 29/15/61 23/12/47
f 1761/15/59 1763/12/63 24/12/50 30/15/62
f 1764/12/64 1765/16/65 31/16/66 23/12/47
f 1765/16/65 1764/12/64 24/12/50 32/16/67
f 1765/16/65 1766/15/68 29/15/61 31/16/66
f 1766/15/68 1765/16/65 32/16/67 30/15/62
f 1766/15/68 1764/12/64 23/12/47 29/15/61
f 1764/12/64 1766/15/68 30/15/62 24/12/50
f 1767/17/69 1768/18/70 35/18/71 33/17/72
f 1768/18/70 1767/17/69 34/17/73 36/18/74
f 1768/18/70 1769/19/75 37/19/76 35/18/71
f 1769/19/75 1768/18/70 36/18/74 38/19/77
f 1769/19/75 1767/17/69 33/17/72 37/19/76
f 1767/17/69 1769/19/75 38/19/77 34/17/73
f 1770/19/78 1771/20/79 39/20/80 37/19/76
f 1771/20/79 1770/19/78 38/19/77 40/20/81
f 1771/20/79 1772/17/82 33/17/72 39/20/80
f 1772/17/82 1771/20/79 40/20/81 34/17/73
f 1772/17/82 1770/19/78 37/19/76 33/17/72
f 1770/19/78 1772/17/82 34/17/73 38/19/77
f 1773/21/83 1774/20/84 39/20/80 41/21/85
f 1774/20/84 1773/21/83 42/21/86 40/20/81
f 1774/20/84 1775/19/87 37/19/76 39/20/80
f 1775/19/87 1774/20/84 40/20/81 38/19/77
f 1775/19/87 1773/21/83 41/21/85 37/19/76
f 1773/21/83 1775/19/87 38/19/77 42/21/86
f 1776/20/88 1777/22/89 43/22/90 39/20/80
f 1777/22/89 1776/20/88 40/20/81 44/22/91
f 1777/22/89 1778/17/92 33/17/72 43/22/90
f 1778/17/92 1777/22/89 44/22/91 34/17/73
f 1778/17/92 1776/20/88 39/20/80 33/17/72
f 1776/20/88 1778/17/92 34/17/73 40/20/81
f 1779/21/93 1780/23/94 45/23/95 41/21/85
f 1780/23/94 1779/21/93 42/21/86 46/23/96
f 1780/23/94 1781/20/97 39/20/80 45/23/95
f 1781/20/97 1780/23/94 46/23/96 40/20/81
f 1781/20/97 1779/21/93 41/21/85 39/20/80
f 1779/21/93 1781/20/97 40/20/81 42/21/86
f 1782/20/98 1783/23/99 45/23/95 39/20/80
f 1783/23/99 1782/20/98 40/20/81 46/23/96
f 1783/23/99 1784/24/100 47/24/101 45/23/95
f 1784/24/100 1783/23/99 46/23/96 48/24/102
f 1784/24/100 1782/20/98 39/20/80 47/24/101
f 1782/20/98 1784/24/100 48/24/102 40/20/81
f 1785/24/103 1786/23/104 45/23/95 47/24/101
f 1786/23/104 1785/24/103 48/24/102 46/23/96
f 1786/23/104 1787/25/105 49/25/106 45/23/95
f 1787/25/105 1786/23/104 46/23/96 50/25/107
f 1787/25/105 1785/24/103 47/24/101 49/25/106
f 1785/24/103 1787/25/105 50/25/107 48/24/102
f 1788/26/108 1789/20/109 39/20/80 51/26/110
f 1789/20/109 1788/26/108 52/26/111 40/20/81
f 1789/20/109 1790/24/112 47/24/101 39/20/80
f 1790/24/112 1789/20/109 40/20/81 48/24/102
f 1790/24/112 1788/26/108 51/26/110 47/24/101
f 1788/26/108 1790/24/112 48/24/102 52/26/111
f 1791/22/113 1792/20/114 39/20/80 43/22/90
f 1792/20/114 1791/22/113 44/22/91 40/20/81
f 1792/20/114 1793/27/115 53/27/116 39/20/80
f 1793/27/115 1792/20/114 40/20/81 54/27/117
f 1793/27/115 1791/22/113 43/22/90 53/27/116
f 1791/22/113 1793/27/115 54/27/117 44/22/91
f 1794/20/118 1795/26/119 51/26/110 39/20/80
f 1795/26/119 1794/20/118 40/20/81 52/26/111
f 1795/26/119 1796/27/120 53/27/116 51/26/110
f 1796/27/120 1795/26/119 52/26/111 54/27/117
f 1796/27/120 1794/20/118 39/20/80 53/27/116
f 1794/20/118 1796/27/120 54/27/117 40/20/81
f 1797/28/121 1798/22/122 43/22/90 55/28/123
f 1798/22/122 1797/28/121 56/28/124 44/22/91
f 1798/22/122 1799/27/125 53/27/116 43/22/90
f 1799/27/125 1798/22/122 44/22/91 54/27/117
f 1799/27/125 1797/28/121 55/28/123 53/27/116
f 1797/28/121 1799/27/125 54/27/117 56/28/124
f 1800/26/126 1801/28/127 55/28/123 51/26/110
f 1801/28/127 1800/26/126 52/26/111 56/28/124
f 1801/28/127 1802/27/128 53/27/116 55/28/123
f 1802/27/128 1801/28/127 56/28/124 54/27/117
f 1802/27/128 1800/26/126 51/26/110 53/27/116
f 1800/26/126 1802/27/128 54/27/117 52/26/111
f 1803/28/129 1804/29/130 57/29/131 55/28/123
f 1804/29/130 1803/28/129 56/28/124 58/29/132
f 1804/29/130 1805/22/133 43/22/90 57/29/131
f 1805/22/133 1804/29/130 58/29/132 44/22/91
f 1805/22/133 1803/28/129 55/28/123 43/22/90
f 1803/28/129 1805/22/133 44/22/91 56/28/124
f 1806/28/134 1807/26/135 51/26/110 55/28/123
f 1807/26/135 1806/28/134 56/28/124 52/26/111
f 1807/26/135 1808/30/136 59/30/137 51/26/110
f 1808/30/136 1807/26/135 52/26/111 60/30/138
f 1808/30/136 1806/28/134 55/28/123 59/30/137
f 1806/28/134 1808/30/136 60/30/138 56/28/124
f 1809/31/139 1810/29/140 57/29/131 61/31/141
f 1810/29/140 1809/31/139 62/31/142 58/29/132
f 1810/29/140 1811/28/143 55/28/123 57/29/131
f 1811/28/143 1810/29/140 58/29/132 56/28/124
f 1811/28/143 1809/31/139 61/31/141 55/28/123
f 1809/31/139 1811/28/143 56/28/124 62/31/142
f 1812/30/144 1813/31/145 61/31/141 59/30/137
f 1813/31/145 1812/30/144 60/30/138 62/31/142
f 1813/31/145 1814/28/146 55/28/123 61/31/141
f 1814/28/146 1813/31/145 62/31/142 56/28/124
f 1814/28/146 1812/30/144 59/30/137 55/28/123
f 1812/30/144 1814/28/146 56/28/124 60/30/138
f 1815/29/147 1816/31/148 61/31/141 57/29/131
f 1816/31/148 1815/29/147 58/29/132 62/31/142
f 1816/31/148 1817/32/149 63/32/150 61/31/141
f 1817/32/149 1816/31/148 62/31/142 64/32/151
f 1817/32/149 1815/29/147 57/29/131 63/32/150
f 1815/29/147 1817/32/149 64/32/151 58/29/132
f 1818/31/152 1819/30/153 59/30/137 61/31/141
f 1819/30/153 1818/31/152 62/31/142 60/30/138
f 1819/30/153 1820/33/154 65/33/155 59/30/137
f 1820/33/154 1819/30/153 60/30/138 66/33/156
f 1820/33/154 1818/31/152 61/31/141 65/33/155
f 1818/31/152 1820/33/154 66/33/156 62/31/142
f 1821/34/157 1822/35/158 69/35/159 67/34/160
f 1822/35/158 1821/34/157 68/34/161 70/35/162
f 1822/35/158 1823/36/163 71/36/164 69/35/159
f 1823/36/163 1822/35/158 70/35/162 72/36/165
f 1823/36/163 1821/34/157 67/34/160 71/36/164
f 1821/34/157 1823/36/163 72/36/165 68/34/161
f 1824/35/166 1825/37/167 73/37/168 69/35/159
f 1825/37/167 1824/35/166 70/35/162 74/37/169
f 1825/37/167 1826/36/170 71/36/164 73/37/168
f 1826/36/170 1825/37/167 74/37/169 72/36/165
f 1826/36/170 1824/35/166 69/35/159 71/36/164
f 1824/35/166 1826/36/170 72/36/165 70/35/162
f 1827/38/171 1828/34/172 67/34/160 75/38/173
f 1828/34/172 1827/38/171 76/38/174 68/34/161
f 1828/34/172 1829/36/175 71/36/164 67/34/160
f 1829/36/175 1828/34/172 68/34/161 72/36/165
f 1829/36/175 1827/38/171 75/38/173 71/36/164
f 1827/38/171 1829/36/175 72/36/165 76/38/174
f 1830/38/176 1831/39/177 77/39/178 75/38/173
f 1831/39/177 1830/38/176 76/38/174 78/39/179
f 1831/39/177 1832/34/180 67/34/160 77/39/178
f 1832/34/180 1831/39/177 78/39/179 68/34/161
f 1832/34/180 1830/38/176 75/38/173 67/34/160
f 1830/38/176 1832/34/180 68/34/161 76/38/174
f 1833/34/181 1834/39/182 77/39/178 67/34/160
f 1834/39/182 1833/34/181 68/34/161 78/39/179
f 1834/39/182 1835/40/183 79/40/184 77/39/178
f 1835/40/183 1834/39/182 78/39/179 80/40/185
f 1835/40/183 1833/34/181 67/34/160 79/40/184
f 1833/34/181 1835/40/183 80/40/185 68/34/161
f 1836/40/186 1837/39/187 77/39/178 79/40/184
f 1837/39/187 1836/40/186 80/40/185 78/39/179
f 1837/39/187 1838/41/188 81/41/189 77/39/178
f 1838/41/188 1837/39/187 78/39/179 82/41/190
f 1838/41/188 1836/40/186 79/40/184 81/41/189
f 1836/40/186 1838/41/188 82/41/190 80/40/185
f 1839/42/191 1840/43/192 85/43/193 83/42/194
f 1840/43/192 1839/42/191 84/42/195 86/43/196
f 1840/43/192 1841/44/197 87/44/198 85/43/193
f 1841/44/197 1840/43/192 86/43/196 88/44/199
f 1841/44/197 1839/42/191 83/42/194 87/44/198
f 1839/42/191 1841/44/197 88/44/199 84/42/195
f 1842/44/200 1843/43/201 85/43/193 87/44/198
f 1843/43/201 1842/44/200 88/44/199 86/43/196
f 1843/43/201 1844/45/202 89/45/203 85/43/193
f 1844/45/202 1843/43/201 86/43/196 90/45/204
f 1844/45/202 1842/44/200 87/44/198 89/45/203
f 1842/44/200 1844/45/202 90/45/204 88/44/199
f 1845/46/205 1846/42/206 83/42/194 91/46/207
f 1846/42/206 1845/46/205 92/46/208 84/42/195
f 1846/42/206 1847/44/209 87/44/198 83/42/194
f 1847/44/209 1846/42/206 84/42/195 88/44/199
f 1847/44/209 1845/46/205 91/46/207 87/44/198
f 1845/46/205 1847/44/209 88/44/199 92/46/208
f 1848/45/210 1849/43/211 85/43/193 89/45/203
f 1849/43/211 1848/45/210 90/45/204 86/43/196
f 1849/43/211 1850/47/212 93/47/213 85/43/193
f 1850/47/212 1849/43/211 86/43/196 94/47/214
f 1850/47/212 1848/45/210 89/45/203 93/47/213
f 1848/45/210 1850/47/212 94/47/214 90/45/204
f 1851/42/215 1852/46/216 91/46/207 83/42/194
f 1852/46/216 1851/42/215 84/42/195 92/46/208
f 1852/46/216 1853/48/217 95/48/218 91/46/207
f 1853/48/217 1852/46/216 92/46/208 96/48/219
f 1853/48/217 1851/42/215 83/42/194 95/48/218
f 1851/42/215 1853/48/217 96/48/219 84/42/195
f 1854/45/220 1855/47/221 93/47/213 89/45/203
f 1855/47/221 1854/45/220 90/45/204 94/47/214
f 1855/47/221 1856/49/222 97/49/223 93/47/213
f 1856/49/222 1855/47/221 94/47/214 98/49/224
f 1856/49/222 1854/45/220 89/45/203 97/49/223
f 1854/45/220 1856/49/222 98/49/224 90/45/204
f 1857/50/225 1858/48/226 95/48/218 99/50/227
f 1858/48/226 1857/50/225 100/50/228 96/48/219
f 1858/48/226 1859/46/229 91/46/207 95/48/218
f 1859/46/229 1858/48/226 96/48/219 92/46/208
f 1859/46/229 1857/50/225 99/50/227 91/46/207
f 1857/50/225 1859/46/229 92/46/208 100/50/228
f 1860/49/230 1861/47/231 93/47/213 97/49/223
f 1861/47/231 1860/49/230 98/49/224 94/47/214
f 1861/47/231 1862/51/232 101/51/233 93/47/213
f 1862/51/232 1861/47/231 94/47/214 102/51/234
f 1862/51/232 1860/49/230 97/49/223 101/51/233
f 1860/49/230 1862/51/232 102/51/234 98/49/224
f 1863/48/235 1864/50/236 99/50/227 95/48/218
f 1864/50/236 1863/48/235 96/48/219 100/50/228
f 1864/50/236 1865/52/237 103/52/238 99/50/227
f 1865/52/237 1864/50/236 100/50/228 104/52/239
f 1865/52/237 1863/48/235 95/48/218 103/52/238
f 1863/48/235 1865/52/237 104/52/239 96/48/219
f 1866/49/240 1867/51/241 101/51/233 97/49/223
f 1867/51/241 1866/49/240 98/49/224 102/51/234
f 1867/51/241 1868/53/242 105/53/243 101/51/233
f 1868/53/242 1867/51/241 102/51/234 106/53/244
f 1868/53/242 1866/49/240 97/49/223 105/53/243
f 1866/49/240 1868/53/242 106/53/244 98/49/224
f 1869/54/245 1870/52/246 103/52/238 107/54/247
f 1870/52/246 1869/54/245 108/54/248 104/52/239
f 1870/52/246 1871/50/249 99/50/227 103/52/238
f 1871/50/249 1870/52/246 104/52/239 100/50/228
f 1871/50/249 1869/54/245 107/54/247 99/50/227
f 1869/54/245 1871/50/249 100/50/228 108/54/248
f 1872/51/250 1873/55/251 109/55/252 101/51/233
f 1873/55/251 1872/51/250 102/51/234 110/55/253
f 1873/55/251 1874/53/254 105/53/243 109/55/252
f 1874/53/254 1873/55/251 110/55/253 106/53/244
f 1874/53/254 1872/51/250 101/51/233 105/53/243
f 1872/51/250 1874/53/254 106/53/244 102/51/234
f 1875/54/255 1876/56/256 111/56/257 107/54/247
f 1876/56/256 1875/54/255 108/54/248 112/56/258
f 1876/56/256 1877/52/259 103/52/238 111/56/257
f 1877/52/259 1876/56/256 112/56/258 104/52/239
f 1877/52/259 1875/54/255 107/54/247 103/52/238
f 1875/54/255 1877/52/259 104/52/239 108/54/248
f 1878/53/260 1879/55/261 109/55/252 105/53/243
f 1879/55/261 1878/53/260 106/53/244 110/55/253
f 1879/55/261 1880/57/262 113/57/263 109/55/252
f 1880/57/262 1879/55/261 110/55/253 114/57/264
f 1880/57/262 1878/53/260 105/53/243 113/57/263
f 1878/53/260 1880/57/262 114/57/264 106/53/244
f 1881/58/265 1882/56/266 111/56/257 115/58/267
f 1882/56/266 1881/58/265 116/58/268 112/56/258
f 1882/56/266 1883/54/269 107/54/247 111/56/257
f 1883/54/269 1882/56/266 112/56/258 108/54/248
f 1883/54/269 1881/58/265 115/58/267 107/54/247
f 1881/58/265 1883/54/269 108/54/248 116/58/268
f 1884/55/270 1885/59/271 117/59/272 109/55/252
f 1885/59/271 1884/55/270 110/55/253 118/59/273
f 1885/59/271 1886/57/274 113/57/263 117/59/272
f 1886/57/274 1885/59/271 118/59/273 114/57/264
f 1886/57/274 1884/55/270 109/55/252 113/57/263
f 1884/55/270 1886/57/274 114/57/264 110/55/253
f 1887/60/275 1888/56/276 111/56/257 119/60/277
f 1888/56/276 1887/60/275 120/60/278 112/56/258
f 1888/56/276 1889/58/279 115/58/267 111/56/257
f 1889/58/279 1888/56/276 112/56/258 116/58/268
f 1889/58/279 1887/60/275 119/60/277 115/58/267
f 1887/60/275 1889/58/279 116/58/268 120/60/278
f 1890/57/280 1891/59/281 117/59/272 113/57/263
f 1891/59/281 1890/57/280 114/57/264 118/59/273
f 1891/59/281 1892/61/282 121/61/283 117/59/272
f 1892/61/282 1891/59/281 118/59/273 122/61/284
f 1892/61/282 1890/57/280 113/57/263 121/61/283
f 1890/57/280 1892/61/282 122/61/284 114/57/264
f 1893/62/285 1894/60/286 119/60/277 123/62/287
f 1894/60/286 1893/62/285 124/62/288 120/60/278
f 1894/60/286 1895/58/289 115/58/267 119/60/277
f 1895/58/289 1894/60/286 120/60/278 116/58/268
f 1895/58/289 1893/62/285 123/62/287 115/58/267
f 1893/62/285 1895/58/289 116/58/268 124/62/288
f 1896/63/290 1897/61/291 121/61/283 125/63/292
f 1897/61/291 1896/63/290 126/63/293 122/61/284
f 1897/61/291 1898/59/294 117/59/272 121/61/283
f 1898/59/294 1897/61/291 122/61/284 118/59/273
f 1898/59/294 1896/63/290 125/63/292 117/59/272
f 1896/63/290 1898/59/294 118/59/273 126/63/293
f 1899/64/295 1900/60/296 119/60/277 127/64/297
f 1900/60/296 1899/64/295 128/64/298 120/60/278
f 1900/60/296 1901/62/299 123/62/287 119/60/277
f 1901/62/299 1900/60/296 120/60/278 124/62/288
f 1901/62/299 1899/64/295 127/64/297 123/62/287
f 1899/64/295 1901/62/299 124/62/288 128/64/298
f 1902/61/300 1903/63/301 125/63/292 121/61/283
f 1903/63/301 1902/61/300 122/61/284 126/63/293
f 1903/63/301 1904/65/302 129/65/303 125/63/292
f 1904/65/302 1903/63/301 126/63/293 130/65/304
f 1904/65/302 1902/61/300 121/61/283 129/65/303
f 1902/61/300 1904/65/302 130/65/304 122/61/284
f 1905/66/305 1906/64/306 127/64/297 131/66/307
f 1906/64/306 1905/66/305 132/66/308 128/64/298
f 1906/64/306 1907/62/309 123/62/287 127/64/297
f 1907/62/309 1906/64/306 128/64/298 124/62/288
f 1907/62/309 1905/66/305 131/66/307 123/62/287
f 1905/66/305 1907/62/309 124/62/288 132/66/308
f 1908/67/310 1909/65/311 129/65/303 133/67/312
f 1909/65/311 1908/67/310 134/67/313 130/65/304
f 1909/65/311 1910/63/314 125/63/292 129/65/303
f 1910/63/314 1909/65/311 130/65/304 126/63/293
f 1910/63/314 1908/67/310 133/67/312 125/63/292
f 1908/67/310 1910/63/314 126/63/293 134/67/313
f 1911/66/315 1912/68/316 135/68/317 131/66/307
f 1912/68/316 1911/66/315 132/66/308 136/68/318
f 1912/68/316 1913/64/319 127/64/297 135/68/317
f 1913/64/319 1912/68/316 136/68/318 128/64/298
f 1913/64/319 1911/66/315 131/66/307 127/64/297
f 1911/66/315 1913/64/319 128/64/298 132/66/308
f 1914/67/320 1915/69/321 137/69/322 133/67/312
f 1915/69/321 1914/67/320 134/67/313 138/69/323
f 1915/69/321 1916/65/324 129/65/303 137/69/322
f 1916/65/324 1915/69/321 138/69/323 130/65/304
f 1916/65/324 1914/67/320 133/67/312 129/65/303
f 1914/67/320 1916/65/324 130/65/304 134/67/313
f 1917/68/325 1918/66/326 131/66/307 135/68/317
f 1918/66/326 1917/68/325 136/68/318 132/66/308
f 1918/66/326 1919/70/327 139/70/328 131/66/307
f 1919/70/327 1918/66/326 132/66/308 140/70/329
f 1919/70/327 1917/68/325 135/68/317 139/70/328
f 1917/68/325 1919/70/327 140/70/329 136/68/318
f 1920/71/330 1921/69/331 137/69/322 141/71/332
f 1921/69/331 1920/71/330 142/71/333 138/69/323
f 1921/69/331 1922/67/334 133/67/312 137/69/322
f 1922/67/334 1921/69/331 138/69/323 134/67/313
f 1922/67/334 1920/71/330 141/71/332 133/67/312
f 1920/71/330 1922/67/334 134/67/313 142/71/333
f 1923/68/335 1924/70/336 139/70/328 135/68/317
f 1924/70/336 1923/68/335 136/68/318 140/70/329
f 1924/70/336 1925/72/337 143/72/338 139/70/328
f 1925/72/337 1924/70/336 140/70/329 144/72/339
f 1925/72/337 1923/68/335 135/68/317 143/72/338
f 1923/68/335 1925/72/337 144/72/339 136/68/318
f 1926/71/340 1927/73/341 145/73/342 141/71/332
f 1927/73/341 1926/71/340 142/71/333 146/73/343
f 1927/73/341 1928/69/344 137/69/322 145/73/342
f 1928/69/344 1927/73/341 146/73/343 138/69/323
f 1928/69/344 1926/71/340 141/71/332 137/69/322
f 1926/71/340 1928/69/344 138/69/323 142/71/333
f 1929/72/345 1930/70/346 139/70/328 143/72/338
f 1930/70/346 1929/72/345 144/72/339 140/70/329
f 1930/70/346 1931/73/347 145/73/342 139/70/328
f 1931/73/347 1930/70/346 140/70/329 146/73/343
f 1931/73/347 1929/72/345 143/72/338 145/73/342
f 1929/72/345 1931/73/347 146/73/343 144/72/339
f 1932/72/348 1933/73/349 145/73/342 143/72/338
f 1933/73/349 1932/72/348 144/72/339 146/73/343
f 1933/73/349 1934/71/350 141/71/332 145/73/342
f 1934/71/350 1933/73/349 146/73/343 142/71/333
f 1934/71/350 1932/72/348 143/72/338 141/71/332
f 1932/72/348 1934/71/350 142/71/333 144/72/339
f 1935/74/351 1936/75/352 149/75/353 147/74/354
f 1936/75/352 1935/74/351 148/74/355 150/75/356
f 1936/75/352 1937/76/357 151/76/358 149/75/353
f 1937/76/357 1936/75/352 150/75/356 152/76/359
f 1937/76/357 1935/74/351 147/74/354 151/76/358
f 1935/74/351 1937/76/357 152/76/359 148/74/355
f 1938/77/360 1939/76/361 151/76/358 153/77/362
f 1939/76/361 1938/77/360 154/77/363 152/76/359
f 1939/76/361 1940/75/364 149/75/353 151/76/358
f 1940/75/364 1939/76/361 152/76/359 150/75/356
f 1940/75/364 1938/77/360 153/77/362 149/75/353
f 1938/77/360 1940/75/364 150/75/356 154/77/363
f 1941/77/365 1942/78/366 155/78/367 153/77/362
f 1942/78/366 1941/77/365 154/77/363 156/78/368
f 1942/78/366 1943/76/369 151/76/358 155/78/367
f 1943/76/369 1942/78/366 156/78/368 152/76/359
f 1943/76/369 1941/77/365 153/77/362 151/76/358
f 1941/77/365 1943/76/369 152/76/359 154/77/363
f 1944/77/370 1945/79/371 157/79/372 153/77/362
f 1945/79/371 1944/77/370 154/77/363 158/79/373
f 1945/79/371 1946/78/374 155/78/367 157/79/372
f 1946/78/374 1945/79/371 158/79/373 156/78/368
f 1946/78/374 1944/77/370 153/77/362 155/78/367
f 1944/77/370 1946/78/374 156/78/368 154/77/363
f 1947/80/375 1948/78/376 155/78/367 159/80/377
f 1948/78/376 1947/80/375 160/80/378 156/78/368
f 1948/78/376 1949/79/379 157/79/372 155/78/367
f 1949/79/379 1948/78/376 156/78/368 158/79/373
f 1949/79/379 1947/80/375 159/80/377 157/79/372
f 1947/80/375 1949/79/379 158/79/373 160/80/378
f 1950/79/380 1951/81/381 161/81/382 157/79/372
f 1951/81/381 1950/79/380 158/79/373 162/81/383
f 1951/81/381 1952/80/384 159/80/377 161/81/382
f 1952/80/384 1951/81/381 162/81/383 160/80/378
f 1952/80/384 1950/79/380 157/79/372 159/80/377
f 1950/79/380 1952/80/384 160/80/378 158/79/373
f 1953/81/385 1954/79/386 157/79/372 161/81/382
f 1954/79/386 1953/81/385 162/81/383 158/79/373
f 1954/79/386 1955/82/387 163/82/388 157/79/372
f 1955/82/387 1954/79/386 158/79/373 164/82/389
f 1955/82/387 1953/81/385 161/81/382 163/82/388
f 1953/81/385 1955/82/387 164/82/389 162/81/383
f 1956/83/390 1957/81/391 161/81/382 165/83/392
f 1957/81/391 1956/83/390 166/83/393 162/81/383
f 1957/81/391 1958/82/394 163/82/388 161/81/382
f 1958/82/394 1957/81/391 162/81/383 164/82/389
f 1958/82/394 1956/83/390 165/83/392 163/82/388
f 1956/83/390 1958/82/394 164/82/389 166/83/393
f 1959/84/395 1960/81/396 161/81/382 167/84/397
f 1960/81/396 1959/84/395 168/84/398 162/81/383
f 1960/81/396 1961/83/399 165/83/392 161/81/382
f 1961/83/399 1960/81/396 162/81/383 166/83/393
f 1961/83/399 1959/84/395 167/84/397 165/83/392
f 1959/84/395 1961/83/399 166/83/393 168/84/398
f 1962/85/400 1963/84/401 167/84/397 169/85/402
f 1963/84/401 1962/85/400 170/85/403 168/84/398
f 1963/84/401 1964/83/404 165/83/392 167/84/397
f 1964/83/404 1963/84/401 168/84/398 166/83/393
f 1964/83/404 1962/85/400 169/85/402 165/83/392
f 1962/85/400 1964/83/404 166/83/393 170/85/403
f 1965/84/405 1966/85/406 169/85/402 167/84/397
f 1966/85/406 1965/84/405 168/84/398 170/85/403
f 1966/85/406 1967/86/407 171/86/408 169/85/402
f 1967/86/407 1966/85/406 170/85/403 172/86/409
f 1967/86/407 1965/84/405 167/84/397 171/86/408
f 1965/84/405 1967/86/407 172/86/409 168/84/398
f 1968/85/410 1969/87/411 173/87/412 169/85/402
f 1969/87/411 1968/85/410 170/85/403 174/87/413
f 1969/87/411 1970/86/414 171/86/408 173/87/412
f 1970/86/414 1969/87/411 174/87/413 172/86/409
f 1970/86/414 1968/85/410 169/85/402 171/86/408
f 1968/85/410 1970/86/414 172/86/409 170/85/403
f 1971/87/415 1972/85/416 169/85/402 173/87/412
f 1972/85/416 1971/87/415 174/87/413 170/85/403
f 1972/85/416 1973/88/417 175/88/418 169/85/402
f 1973/88/417 1972/85/416 170/85/403 176/88/419
f 1973/88/417 1971/87/415 173/87/412 175/88/418
f 1971/87/415 1973/88/417 176/88/419 174/87/413
f 1974/88/420 1975/89/421 177/89/422 175/88/418
f 1975/89/421 1974/88/420 176/88/419 178/89/423
f 1975/89/421 1976/87/424 173/87/412 177/89/422
f 1976/87/424 1975/89/421 178/89/423 174/87/413
f 1976/87/424 1974/88/420 175/88/418 173/87/412
f 1974/88/420 1976/87/424 174/87/413 176/88/419
f 1977/87/425 1978/89/426 177/89/422 173/87/412
f 1978/89/426 1977/87/425 174/87/413 178/89/423
f 1978/89/426 1979/90/427 179/90/428 177/89/422
f 1979/90/427 1978/89/426 178/89/423 180/90/429
f 1979/90/427 1977/87/425 173/87/412 179/90/428
f 1977/87/425 1979/90/427 180/90/429 174/87/413
f 1980/91/430 1981/90/431 179/90/428 181/91/432
f 1981/90/431 1980/91/430 182/91/433 180/90/429
f 1981/90/431 1982/89/434 177/89/422 179/90/428
f 1982/89/434 1981/90/431 180/90/429 178/89/423
f 1982/89/434 1980/91/430 181/91/432 177/89/422
f 1980/91/430 1982/89/434 178/89/423 182/91/433
f 1983/74/435 1984/76/436 185/76/437 183/74/438
f 1984/76/436 1983/74/435 184/74/439 186/76/440
f 1984/76/436 1985/75/441 187/75/442 185/76/437
f 1985/75/441 1984/76/436 186/76/440 188/75/443
f 1985/75/441 1983/74/435 183/74/438 187/75/442
f 1983/74/435 1985/75/441 188/75/443 184/74/439
f 1986/77/444 1987/75/445 187/75/442 189/77/446
f 1987/75/445 1986/77/444 190/77/447 188/75/443
f 1987/75/445 1988/76/448 185/76/437 187/75/442
f 1988/76/448 1987/75/445 188/75/443 186/76/440
f 1988/76/448 1986/77/444 189/77/446 185/76/437
f 1986/77/444 1988/76/448 186/76/440 190/77/447
f 1989/77/449 1990/76/450 185/76/437 189/77/446
f 1990/76/450 1989/77/449 190/77/447 186/76/440
f 1990/76/450 1991/78/451 191/78/452 185/76/437
f 1991/78/451 1990/76/450 186/76/440 192/78/453
f 1991/78/451 1989/77/449 189/77/446 191/78/452
f 1989/77/449 1991/78/451 192/78/453 190/77/447
f 1992/79/454 1993/77/455 189/77/446 193/79/456
f 1993/77/455 1992/79/454 194/79/457 190/77/447
f 1993/77/455 1994/78/458 191/78/452 189/77/446
f 1994/78/458 1993/77/455 190/77/447 192/78/453
f 1994/78/458 1992/79/454 193/79/456 191/78/452
f 1992/79/454 1994/78/458 192/78/453 194/79/457
f 1995/80/459 1996/79/460 193/79/456 195/80/461
f 1996/79/460 1995/80/459 196/80/462 194/79/457
f 1996/79/460 1997/78/463 191/78/452 193/79/456
f 1997/78/463 1996/79/460 194/79/457 192/78/453
f 1997/78/463 1995/80/459 195/80/461 191/78/452
f 1995/80/459 1997/78/463 192/78/453 196/80/462
f 1998/81/464 1999/79/465 193/79/456 197/81/466
f 1999/79/465 1998/81/464 198/81/467 194/79/457
f 1999/79/465 2000/80/468 195/80/461 193/79/456
f 2000/80/468 1999/79/465 194/79/457 196/80/462
f 2000/80/468 1998/81/464 197/81/466 195/80/461
f 1998/81/464 2000/80/468 196/80/462 198/81/467
f 2001/79/469 2002/81/470 197/81/466 193/79/456
f 2002/81/470 2001/79/469 194/79/457 198/81/467
f 2002/81/470 2003/82/471 199/82/472 197/81/466
f 2003/82/471 2002/81/470 198/81/467 200/82/473
f 2003/82/471 2001/79/469 193/79/456 199/82/472
f 2001/79/469 2003/82/471 200/82/473 194/79/457
f 2004/83/474 2005/82/475 199/82/472 201/83/476
f 2005/82/475 2004/83/474 202/83/477 200/82/473
f 2005/82/475 2006/81/478 197/81/466 199/82/472
f 2006/81/478 2005/82/475 200/82/473 198/81/467
f 2006/81/478 2004/83/474 201/83/476 197/81/466
f 2004/83/474 2006/81/478 198/81/467 202/83/477
f 2007/81/479 2008/84/480 203/84/481 197/81/466
f 2008/84/480 2007/81/479 198/81/467 204/84/482
f 2008/84/480 2009/83/483 201/83/476 203/84/481
f 2009/83/483 2008/84/480 204/84/482 202/83/477
f 2009/83/483 2007/81/479 197/81/466 201/83/476
f 2007/81/479 2009/83/483 202/83/477 198/81/467
f 2010/85/484 2011/83/485 201/83/476 205/85/486
f 2011/83/485 2010/85/484 206/85/487 202/83/477
f 2011/83/485 2012/84/488 203/84/481 201/83/476
f 2012/84/488 2011/83/485 202/83/477 204/84/482
f 2012/84/488 2010/85/484 205/85/486 203/84/481
f 2010/85/484 2012/84/488 204/84/482 206/85/487
f 2013/84/489 2014/86/490 207/86/491 203/84/481
f 2014/86/490 2013/84/489 204/84/482 208/86/492
f 2014/86/490 2015/85/493 205/85/486 207/86/491
f 2015/85/493 2014/86/490 208/86/492 206/85/487
f 2015/85/493 2013/84/489 203/84/481 205/85/486
f 2013/84/489 2015/85/493 206/85/487 204/84/482
f 2016/87/494 2017/85/495 205/85/486 209/87/496
f 2017/85/495 2016/87/494 210/87/497 206/85/487
f 2017/85/495 2018/86/498 207/86/491 205/85/486
f 2018/86/498 2017/85/495 206/85/487 208/86/492
f 2018/86/498 2016/87/494 209/87/496 207/86/491
f 2016/87/494 2018/86/498 208/86/492 210/87/497
f 2019/85/499 2020/87/500 209/87/496 205/85/486
f 2020/87/500 2019/85/499 206/85/487 210/87/497
f 2020/87/500 2021/88/501 211/88/502 209/87/496
f 2021/88/501 2020/87/500 210/87/497 212/88/503
f 2021/88/501 2019/85/499 205/85/486 211/88/502
f 2019/85/499 2021/88/501 212/88/503 206/85/487
f 2022/87/504 2023/89/505 213/89/506 209/87/496
f 2023/89/505 2022/87/504 210/87/497 214/89/507
f 2023/89/505 2024/88/508 211/88/502 213/89/506
f 2024/88/508 2023/89/505 214/89/507 212/88/503
f 2024/88/508 2022/87/504 209/87/496 211/88/502
f 2022/87/504 2024/88/508 212/88/503 210/87/497
f 2025/89/509 2026/87/510 209/87/496 213/89/506
f 2026/87/510 2025/89/509 214/89/507 210/87/497
f 2026/87/510 2027/90/511 215/90/512 209/87/496
f 2027/90/511 2026/87/510 210/87/497 216/90/513
f 2027/90/511 2025/89/509 213/89/506 215/90/512
f 2025/89/509 2027/90/511 216/90/513 214/89/507
f 2028/91/514 2029/89/515 213/89/506 217/91/516
f 2029/89/515 2028/91/514 218/91/517 214/89/507
f 2029/89/515 2030/90/518 215/90/512 213/89/506
f 2030/90/518 2029/89/515 214/89/507 216/90/513
f 2030/90/518 2028/91/514 217/91/516 215/90/512
f 2028/91/514 2030/90/518 216/90/513 218/91/517
f 2031/92/519 2032/93/520 221/93/521 219/92/522
f 2032/93/520 2031/92/519 220/92/523 222/93/524
f 2032/93/520 2033/94/525 223/94/526 221/93/521
f 2033/94/525 2032/93/520 222/93/524 224/94/527
f 2033/94/525 2031/92/519 219/92/522 223/94/526
f 2031/92/519 2033/94/525 224/94/527 220/92/523
f 2034/93/528 2035/95/529 225/95/530 221/93/521
f 2035/95/529 2034/93/528 222/93/524 226/95/531
f 2035/95/529 2036/94/532 223/94/526 225/95/530
f 2036/94/532 2035/95/529 226/95/531 224/94/527
f 2036/94/532 2034/93/528 221/93/521 223/94/526
f 2034/93/528 2036/94/532 224/94/527 222/93/524
f 2037/96/533 2038/97/534 229/97/535 227/96/536
f 2038/97/534 2037/96/533 228/96/537 230/97/538
f 2038/97/534 2039/92/539 219/92/522 229/97/535
f 2039/92/539 2038/97/534 230/97/538 220/92/523
f 2039/92/539 2037/96/533 227/96/536 219/92/522
f 2037/96/533 2039/92/539 220/92/523 228/96/537
f 2040/93/540 2041/92/541 219/92/522 221/93/521
f 2041/92/541 2040/93/540 222/93/524 220/92/523
f 2041/92/541 2042/98/542 231/98/543 219/92/522
f 2042/98/542 2041/92/541 220/92/523 232/98/544
f 2042/98/542 2040/93/540 221/93/521 231/98/543
f 2040/93/540 2042/98/542 232/98/544 222/93/524
f 2043/98/545 2044/92/546 219/92/522 231/98/543
f 2044/92/546 2043/98/545 232/98/544 220/92/523
f 2044/92/546 2045/97/547 229/97/535 219/92/522
f 2045/97/547 2044/92/546 220/92/523 230/97/538
f 2045/97/547 2043/98/545 231/98/543 229/97/535
f 2043/98/545 2045/97/547 230/97/538 232/98/544
f 2046/97/548 2047/99/549 233/99/550 229/97/535
f 2047/99/549 2046/97/548 230/97/538 234/99/551
f 2047/99/549 2048/98/552 231/98/543 233/99/550
f 2048/98/552 2047/99/549 234/99/551 232/98/544
f 2048/98/552 2046/97/548 229/97/535 231/98/543
f 2046/97/548 2048/98/552 232/98/544 230/97/538
f 2049/99/553 2050/97/554 229/97/535 233/99/550
f 2050/97/554 2049/99/553 234/99/551 230/97/538
f 2050/97/554 2051/100/555 235/100/556 229/97/535
f 2051/100/555 2050/97/554 230/97/538 236/100/557
f 2051/100/555 2049/99/553 233/99/550 235/100/556
f 2049/99/553 2051/100/555 236/100/557 234/99/551
f 2052/101/558 2053/99/559 233/99/550 237/101/560
f 2053/99/559 2052/101/558 238/101/561 234/99/551
f 2053/99/559 2054/100/562 235/100/556 233/99/550
f 2054/100/562 2053/99/559 234/99/551 236/100/557
f 2054/100/562 2052/101/558 237/101/560 235/100/556
f 2052/101/558 2054/100/562 236/100/557 238/101/561
f 2055/102/563 2056/98/564 231/98/543 239/102/565
f 2056/98/564 2055/102/563 240/102/566 232/98/544
f 2056/98/564 2057/99/567 233/99/550 231/98/543
f 2057/99/567 2056/98/564 232/98/544 234/99/551
f 2057/99/567 2055/102/563 239/102/565 233/99/550
f 2055/102/563 2057/99/567 234/99/551 240/102/566
f 2058/98/568 2059/102/569 239/102/565 231/98/543
f 2059/102/569 2058/98/568 232/98/544 240/102/566
f 2059/102/569 2060/93/570 221/93/521 239/102/565
f 2060/93/570 2059/102/569 240/102/566 222/93/524
f 2060/93/570 2058/98/568 231/98/543 221/93/521
f 2058/98/568 2060/93/570 222/93/524 232/98/544
f 2061/103/571 2062/99/572 233/99/550 241/103/573
f 2062/99/572 2061/103/571 242/103/574 234/99/551
f 2062/99/572 2063/101/575 237/101/560 233/99/550
f 2063/101/575 2062/99/572 234/99/551 238/101/561
f 2063/101/575 2061/103/571 241/103/573 237/101/560
f 2061/103/571 2063/101/575 238/101/561 242/103/574
f 2064/103/576 2065/101/577 237/101/560 241/103/573
f 2065/101/577 2064/103/576 242/103/574 238/101/561
f 2065/101/577 2066/104/578 243/104/579 237/101/560
f 2066/104/578 2065/101/577 238/101/561 244/104/580
f 2066/104/578 2064/103/576 241/103/573 243/104/579
f 2064/103/576 2066/104/578 244/104/580 242/103/574
f 2067/99/581 2068/105/582 245/105/583 233/99/550
f 2068/105/582 2067/99/581 234/99/551 246/105/584
f 2068/105/582 2069/102/585 239/102/565 245/105/583
f 2069/102/585 2068/105/582 246/105/584 240/102/566
f 2069/102/585 2067/99/581 233/99/550 239/102/565
f 2067/99/581 2069/102/585 240/102/566 234/99/551
f 2070/105/586 2071/99/587 233/99/550 245/105/583
f 2071/99/587 2070/105/586 246/105/584 234/99/551
f 2071/99/587 2072/103/588 241/103/573 233/99/550
f 2072/103/588 2071/99/587 234/99/551 242/103/574
f 2072/103/588 2070/105/586 245/105/583 241/103/573
f 2070/105/586 2072/103/588 242/103/574 246/105/584
f 2073/102/589 2074/106/590 247/106/591 239/102/565
f 2074/106/590 2073/102/589 240/102/566 248/106/592
f 2074/106/590 2075/93/593 221/93/521 247/106/591
f 2075/93/593 2074/106/590 248/106/592 222/93/524
f 2075/93/593 2073/102/589 239/102/565 221/93/521
f 2073/102/589 2075/93/593 222/93/524 240/102/566
f 2076/95/594 2077/93/595 221/93/521 225/95/530
f 2077/93/595 2076/95/594 226/95/531 222/93/524
f 2077/93/595 2078/106/596 247/106/591 221/93/521
f 2078/106/596 2077/93/595 222/93/524 248/106/592
f 2078/106/596 2076/95/594 225/95/530 247/106/591
f 2076/95/594 2078/106/596 248/106/592 226/95/531
f 2079/107/597 2080/95/598 225/95/530 249/107/599
f 2080/95/598 2079/107/597 250/107/600 226/95/531
f 2080/95/598 2081/106/601 247/106/591 225/95/530
f 2081/106/601 2080/95/598 226/95/531 248/106/592
f 2081/106/601 2079/107/597 249/107/599 247/106/591
f 2079/107/597 2081/106/601 248/106/592 250/107/600
f 2082/107/602 2083/108/603 251/108/604 249/107/599
f 2083/108/603 2082/107/602 250/107/600 252/108/605
f 2083/108/603 2084/95/606 225/95/530 251/108/604
f 2084/95/606 2083/108/603 252/108/605 226/95/531
f 2084/95/606 2082/107/602 249/107/599 225/95/530
f 2082/107/602 2084/95/606 226/95/531 250/107/600
f 2085/106/607 2086/102/608 239/102/565 247/106/591
f 2086/102/608 2085/106/607 248/106/592 240/102/566
f 2086/102/608 2087/109/609 253/109/610 239/102/565
f 2087/109/609 2086/102/608 240/102/566 254/109/611
f 2087/109/609 2085/106/607 247/106/591 253/109/610
f 2085/106/607 2087/109/609 254/109/611 248/106/592
f 2088/109/612 2089/107/613 249/107/599 253/109/610
f 2089/107/613 2088/109/612 254/109/611 250/107/600
f 2089/107/613 2090/106/614 247/106/591 249/107/599
f 2090/106/614 2089/107/613 250/107/600 248/106/592
f 2090/106/614 2088/109/612 253/109/610 247/106/591
f 2088/109/612 2090/106/614 248/106/592 254/109/611
f 2091/105/615 2092/109/616 253/109/610 245/105/583
f 2092/109/616 2091/105/615 246/105/584 254/109/611
f 2092/109/616 2093/102/617 239/102/565 253/109/610
f 2093/102/617 2092/109/616 254/109/611 240/102/566
f 2093/102/617 2091/105/615 245/105/583 239/102/565
f 2091/105/615 2093/102/617 240/102/566 246/105/584
f 2094/107/618 2095/109/619 253/109/610 249/107/599
f 2095/109/619 2094/107/618 250/107/600 254/109/611
f 2095/109/619 2096/110/620 255/110/621 253/109/610
f 2096/110/620 2095/109/619 254/109/611 256/110/622
f 2096/110/620 2094/107/618 249/107/599 255/110/621
f 2094/107/618 2096/110/620 256/110/622 250/107/600
f 2097/111/623 2098/110/624 255/110/621 257/111/625
f 2098/110/624 2097/111/623 258/111/626 256/110/622
f 2098/110/624 2099/109/627 253/109/610 255/110/621
f 2099/109/627 2098/110/624 256/110/622 254/109/611
f 2099/109/627 2097/111/623 257/111/625 253/109/610
f 2097/111/623 2099/109/627 254/109/611 258/111/626
f 2100/109/628 2101/112/629 259/112/630 253/109/610
f 2101/112/629 2100/109/628 254/109/611 260/112/631
f 2101/112/629 2102/111/632 257/111/625 259/112/630
f 2102/111/632 2101/112/629 260/112/631 258/111/626
f 2102/111/632 2100/109/628 253/109/610 257/111/625
f 2100/109/628 2102/111/632 258/111/626 254/109/611
f 2103/109/633 2104/105/634 245/105/583 253/109/610
f 2104/105/634 2103/109/633 254/109/611 246/105/584
f 2104/105/634 2105/112/635 259/112/630 245/105/583
f 2105/112/635 2104/105/634 246/105/584 260/112/631
f 2105/112/635 2103/109/633 253/109/610 259/112/630
f 2103/109/633 2105/112/635 260/112/631 254/109/611
f 2106/113/636 2107/111/637 257/111/625 261/113/638
f 2107/111/637 2106/113/636 262/113/639 258/111/626
f 2107/111/637 2108/112/640 259/112/630 257/111/625
f 2108/112/640 2107/111/637 258/111/626 260/112/631
f 2108/112/640 2106/113/636 261/113/638 259/112/630
f 2106/113/636 2108/112/640 260/112/631 262/113/639
f 2109/112/641 2110/105/642 245/105/583 259/112/630
f 2110/105/642 2109/112/641 260/112/631 246/105/584
f 2110/105/642 2111/114/643 263/114/644 245/105/583
f 2111/114/643 2110/105/642 246/105/584 264/114/645
f 2111/114/643 2109/112/641 259/112/630 263/114/644
f 2109/112/641 2111/114/643 264/114/645 260/112/631
f 2112/113/646 2113/112/647 259/112/630 261/113/638
f 2113/112/647 2112/113/646 262/113/639 260/112/631
f 2113/112/647 2114/114/648 263/114/644 259/112/630
f 2114/114/648 2113/112/647 260/112/631 264/114/645
f 2114/114/648 2112/113/646 261/113/638 263/114/644
f 2112/113/646 2114/114/648 264/114/645 262/113/639
f 2115/115/649 2116/113/650 261/113/638 265/115/651
f 2116/113/650 2115/115/649 266/115/652 262/113/639
f 2116/113/650 2117/114/653 263/114/644 261/113/638
f 2117/114/653 2116/113/650 262/113/639 264/114/645
f 2117/114/653 2115/115/649 265/115/651 263/114/644
f 2115/115/649 2117/114/653 264/114/645 266/115/652
f 2118/113/654 2119/115/655 265/115/651 261/113/638
f 2119/115/655 2118/113/654 262/113/639 266/115/652
f 2119/115/655 2120/116/656 267/116/657 265/115/651
f 2120/116/656 2119/115/655 266/115/652 268/116/658
f 2120/116/656 2118/113/654 261/113/638 267/116/657
f 2118/113/654 2120/116/656 268/116/658 262/113/639
f 2121/116/659 2122/115/660 265/115/651 267/116/657
f 2122/115/660 2121/116/659 268/116/658 266/115/652
f 2122/115/660 2123/117/661 269/117/662 265/115/651
f 2123/117/661 2122/115/660 266/115/652 270/117/663
f 2123/117/661 2121/116/659 267/116/657 269/117/662
f 2121/116/659 2123/117/661 270/117/663 268/116/658
f 2124/118/664 2125/115/665 265/115/651 271/118/666
f 2125/115/665 2124/118/664 272/118/667 266/115/652
f 2125/115/665 2126/114/668 263/114/644 265/115/651
f 2126/114/668 2125/115/665 266/115/652 264/114/645
f 2126/114/668 2124/118/664 271/118/666 263/114/644
f 2124/118/664 2126/114/668 264/114/645 272/118/667
f 2127/105/669 2128/118/670 271/118/666 245/105/583
f 2128/118/670 2127/105/669 246/105/584 272/118/667
f 2128/118/670 2129/114/671 263/114/644 271/118/666
f 2129/114/671 2128/118/670 272/118/667 264/114/645
f 2129/114/671 2127/105/669 245/105/583 263/114/644
f 2127/105/669 2129/114/671 264/114/645 246/105/584
f 2130/119/672 2131/117/673 269/117/662 273/119/674
f 2131/117/673 2130/119/672 274/119/675 270/117/663
f 2131/117/673 2132/115/676 265/115/651 269/117/662
f 2132/115/676 2131/117/673 270/117/663 266/115/652
f 2132/115/676 2130/119/672 273/119/674 265/115/651
f 2130/119/672 2132/115/676 266/115/652 274/119/675
f 2133/115/677 2134/118/678 271/118/666 265/115/651
f 2134/118/678 2133/115/677 266/115/652 272/118/667
f 2134/118/678 2135/119/679 273/119/674 271/118/666
f 2135/119/679 2134/118/678 272/118/667 274/119/675
f 2135/119/679 2133/115/677 265/115/651 273/119/674
f 2133/115/677 2135/119/679 274/119/675 266/115/652
f 2136/117/680 2137/119/681 273/119/674 269/117/662
f 2137/119/681 2136/117/680 270/117/663 274/119/675
f 2137/119/681 2138/120/682 275/120/683 273/119/674
f 2138/120/682 2137/119/681 274/119/675 276/120/684
f 2138/120/682 2136/117/680 269/117/662 275/120/683
f 2136/117/680 2138/120/682 276/120/684 270/117/663
f 2139/119/685 2140/121/686 277/121/687 273/119/674
f 2140/121/686 2139/119/685 274/119/675 278/121/688
f 2140/121/686 2141/120/689 275/120/683 277/121/687
f 2141/120/689 2140/121/686 278/121/688 276/120/684
f 2141/120/689 2139/119/685 273/119/674 275/120/683
f 2139/119/685 2141/120/689 276/120/684 274/119/675
f 2142/121/690 2143/119/691 273/119/674 277/121/687
f 2143/119/691 2142/121/690 278/121/688 274/119/675
f 2143/119/691 2144/122/692 279/122/693 273/119/674
f 2144/122/692 2143/119/691 274/119/675 280/122/694
f 2144/122/692 2142/121/690 277/121/687 279/122/693
f 2142/121/690 2144/122/692 280/122/694 278/121/688
f 2145/118/695 2146/122/696 279/122/693 271/118/666
f 2146/122/696 2145/118/695 272/118/667 280/122/694
f 2146/122/696 2147/119/697 273/119/674 279/122/693
f 2147/119/697 2146/122/696 280/122/694 274/119/675
f 2147/119/697 2145/118/695 271/118/666 273/119/674
f 2145/118/695 2147/119/697 274/119/675 272/118/667
f 2148/123/698 2149/121/699 277/121/687 281/123/700
f 2149/121/699 2148/123/698 282/123/701 278/121/688
f 2149/121/699 2150/122/702 279/122/693 277/121/687
f 2150/122/702 2149/121/699 278/121/688 280/122/694
f 2150/122/702 2148/123/698 281/123/700 279/122/693
f 2148/123/698 2150/122/702 280/122/694 282/123/701
f 2151/122/703 2152/104/704 243/104/579 279/122/693
f 2152/104/704 2151/122/703 280/122/694 244/104/580
f 2152/104/704 2153/123/705 281/123/700 243/104/579
f 2153/123/705 2152/104/704 244/104/580 282/123/701
f 2153/123/705 2151/122/703 279/122/693 281/123/700
f 2151/122/703 2153/123/705 282/123/701 280/122/694
f 2154/122/706 2155/118/707 271/118/666 279/122/693
f 2155/118/707 2154/122/706 280/122/694 272/118/667
f 2155/118/707 2156/124/708 283/124/709 271/118/666
f 2156/124/708 2155/118/707 272/118/667 284/124/710
f 2156/124/708 2154/122/706 279/122/693 283/124/709
f 2154/122/706 2156/124/708 284/124/710 280/122/694
f 2157/104/711 2158/122/712 279/122/693 243/104/579
f 2158/122/712 2157/104/711 244/104/580 280/122/694
f 2158/122/712 2159/124/713 283/124/709 279/122/693
f 2159/124/713 2158/122/712 280/122/694 284/124/710
f 2159/124/713 2157/104/711 243/104/579 283/124/709
f 2157/104/711 2159/124/713 284/124/710 244/104/580
f 2160/105/714 2161/124/715 283/124/709 245/105/583
f 2161/124/715 2160/105/714 246/105/584 284/124/710
f 2161/124/715 2162/118/716 271/118/666 283/124/709
f 2162/118/716 2161/124/715 284/124/710 272/118/667
f 2162/118/716 2160/105/714 245/105/583 271/118/666
f 2160/105/714 2162/118/716 272/118/667 246/105/584
f 2163/103/717 2164/104/718 243/104/579 241/103/573
f 2164/104/718 2163/103/717 242/103/574 244/104/580
f 2164/104/718 2165/124/719 283/124/709 243/104/579
f 2165/124/719 2164/104/718 244/104/580 284/124/710
f 2165/124/719 2163/103/717 241/103/573 283/124/709
f 2163/103/717 2165/124/719 284/124/710 242/103/574
f 2166/103/720 2167/124/721 283/124/709 241/103/573
f 2167/124/721 2166/103/720 242/103/574 284/124/710
f 2167/124/721 2168/105/722 245/105/583 283/124/709
f 2168/105/722 2167/124/721 284/124/710 246/105/584
f 2168/105/722 2166/103/720 241/103/573 245/105/583
f 2166/103/720 2168/105/722 246/105/584 242/103/574
f 2169/125/723 2170/126/724 287/126/725 285/125/726
f 2170/126/724 2169/125/723 286/125/727 288/126/728
f 2170/126/724 2171/127/729 289/127/730 287/126/725
f 2171/127/729 2170/126/724 288/126/728 290/127/731
f 2171/127/729 2169/125/723 285/125/726 289/127/730
f 2169/125/723 2171/127/729 290/127/731 286/125/727
f 2172/126/732 2173/125/733 285/125/726 287/126/725
f 2173/125/733 2172/126/732 288/126/728 286/125/727
f 2173/125/733 2174/128/734 291/128/735 285/125/726
f 2174/128/734 2173/125/733 286/125/727 292/128/736
f 2174/128/734 2172/126/732 287/126/725 291/128/735
f 2172/126/732 2174/128/734 292/128/736 288/126/728
f 2175/128/737 2176/129/738 293/129/739 291/128/735
f 2176/129/738 2175/128/737 292/128/736 294/129/740
f 2176/129/738 2177/126/741 287/126/725 293/129/739
f 2177/126/741 2176/129/738 294/129/740 288/126/728
f 2177/126/741 2175/128/737 291/128/735 287/126/725
f 2175/128/737 2177/126/741 288/126/728 292/128/736
f 2178/125/742 2179/127/743 297/127/744 295/125/745
f 2179/127/743 2178/125/742 296/125/746 298/127/747
f 2179/127/743 2180/126/748 299/126/749 297/127/744
f 2180/126/748 2179/127/743 298/127/747 300/126/750
f 2180/126/748 2178/125/742 295/125/745 299/126/749
f 2178/125/742 2180/126/748 300/126/750 296/125/746
f 2181/126/751 2182/128/752 301/128/753 299/126/749
f 2182/128/752 2181/126/751 300/126/750 302/128/754
f 2182/128/752 2183/125/755 295/125/745 301/128/753
f 2183/125/755 2182/128/752 302/128/754 296/125/746
f 2183/125/755 2181/126/751 299/126/749 295/125/745
f 2181/126/751 2183/125/755 296/125/746 300/126/750
f 2184/129/756 2185/128/757 301/128/753 303/129/758
f 2185/128/757 2184/129/756 304/129/759 302/128/754
f 2185/128/757 2186/126/760 299/126/749 301/128/753
f 2186/126/760 2185/128/757 302/128/754 300/126/750
f 2186/126/760 2184/129/756 303/129/758 299/126/749
f 2184/129/756 2186/126/760 300/126/750 304/129/759
f 2187/130/761 2188/131/762 307/131/763 305/130/764
f 2188/131/762 2187/130/761 306/130/765 308/131/766
f 2188/131/762 2189/132/767 309/132/768 307/131/763
f 2189/132/767 2188/131/762 308/131/766 310/132/769
f 2189/132/767 2187/130/761 305/130/764 309/132/768
f 2187/130/761 2189/132/767 310/132/769 306/130/765
f 2190/131/770 2191/130/771 305/130/764 307/131/763
f 2191/130/771 2190/131/770 308/131/766 306/130/765
f 2191/130/771 2192/133/772 311/133/773 305/130/764
f 2192/133/772 2191/130/771 306/130/765 312/133/774
f 2192/133/772 2190/131/770 307/131/763 311/133/773
f 2190/131/770 2192/133/772 312/133/774 308/131/766
f 2193/130/775 2194/134/776 313/134/777 305/130/764
f 2194/134/776 2193/130/775 306/130/765 314/134/778
f 2194/134/776 2195/133/779 311/133/773 313/134/777
f 2195/133/779 2194/134/776 314/134/778 312/133/774
f 2195/133/779 2193/130/775 305/130/764 311/133/773
f 2193/130/775 2195/133/779 312/133/774 306/130/765
f 2196/134/780 2197/130/781 305/130/764 313/134/777
f 2197/130/781 2196/134/780 314/134/778 306/130/765
f 2197/130/781 2198/135/782 315/135/783 305/130/764
f 2198/135/782 2197/130/781 306/130/765 316/135/784
f 2198/135/782 2196/134/780 313/134/777 315/135/783
f 2196/134/780 2198/135/782 316/135/784 314/134/778
f 2199/132/785 2200/136/786 317/136/787 309/132/768
f 2200/136/786 2199/132/785 310/132/769 318/136/788
f 2200/136/786 2201/130/789 305/130/764 317/136/787
f 2201/130/789 2200/136/786 318/136/788 306/130/765
f 2201/130/789 2199/132/785 309/132/768 305/130/764
f 2199/132/785 2201/130/789 306/130/765 310/132/769
f 2202/136/790 2203/135/791 315/135/783 317/136/787
f 2203/135/791 2202/136/790 318/136/788 316/135/784
f 2203/135/791 2204/130/792 305/130/764 315/135/783
f 2204/130/792 2203/135/791 316/135/784 306/130/765
f 2204/130/792 2202/136/790 317/136/787 305/130/764
f 2202/136/790 2204/130/792 306/130/765 318/136/788
f 2205/136/793 2206/132/794 309/132/768 317/136/787
f 2206/132/794 2205/136/793 318/136/788 310/132/769
f 2206/132/794 2207/137/795 319/137/796 309/132/768
f 2207/137/795 2206/132/794 310/132/769 320/137/797
f 2207/137/795 2205/136/793 317/136/787 319/137/796
f 2205/136/793 2207/137/795 320/137/797 318/136/788
f 2208/136/798 2209/138/799 321/138/800 317/136/787
f 2209/138/799 2208/136/798 318/136/788 322/138/801
f 2209/138/799 2210/135/802 315/135/783 321/138/800
f 2210/135/802 2209/138/799 322/138/801 316/135/784
f 2210/135/802 2208/136/798 317/136/787 315/135/783
f 2208/136/798 2210/135/802 316/135/784 318/136/788
f 2211/137/803 2212/139/804 323/139/805 319/137/796
f 2212/139/804 2211/137/803 320/137/797 324/139/806
f 2212/139/804 2213/136/807 317/136/787 323/139/805
f 2213/136/807 2212/139/804 324/139/806 318/136/788
f 2213/136/807 2211/137/803 319/137/796 317/136/787
f 2211/137/803 2213/136/807 318/136/788 320/137/797
f 2214/139/808 2215/138/809 321/138/800 323/139/805
f 2215/138/809 2214/139/808 324/139/806 322/138/801
f 2215/138/809 2216/136/810 317/136/787 321/138/800
f 2216/136/810 2215/138/809 322/138/801 318/136/788
f 2216/136/810 2214/139/808 323/139/805 317/136/787
f 2214/139/808 2216/136/810 318/136/788 324/139/806
f 2217/139/811 2218/137/812 319/137/796 323/139/805
f 2218/137/812 2217/139/811 324/139/806 320/137/797
f 2218/137/812 2219/140/813 325/140/814 319/137/796
f 2219/140/813 2218/137/812 320/137/797 326/140/815
f 2219/140/813 2217/139/811 323/139/805 325/140/814
f 2217/139/811 2219/140/813 326/140/815 324/139/806
f 2220/139/816 2221/141/817 327/141/818 323/139/805
f 2221/141/817 2220/139/816 324/139/806 328/141/819
f 2221/141/817 2222/138/820 321/138/800 327/141/818
f 2222/138/820 2221/141/817 328/141/819 322/138/801
f 2222/138/820 2220/139/816 323/139/805 321/138/800
f 2220/139/816 2222/138/820 322/138/801 324/139/806
f 2223/142/821 2224/139/822 323/139/805 329/142/823
f 2224/139/822 2223/142/821 330/142/824 324/139/806
f 2224/139/822 2225/140/825 325/140/814 323/139/805
f 2225/140/825 2224/139/822 324/139/806 326/140/815
f 2225/140/825 2223/142/821 329/142/823 325/140/814
f 2223/142/821 2225/140/825 326/140/815 330/142/824
f 2226/139/826 2227/143/827 331/143/828 323/139/805
f 2227/143/827 2226/139/826 324/139/806 332/143/829
f 2227/143/827 2228/141/830 327/141/818 331/143/828
f 2228/141/830 2227/143/827 332/143/829 328/141/819
f 2228/141/830 2226/139/826 323/139/805 327/141/818
f 2226/139/826 2228/141/830 328/141/819 324/139/806
f 2229/139/831 2230/142/832 329/142/823 323/139/805
f 2230/142/832 2229/139/831 324/139/806 330/142/824
f 2230/142/832 2231/144/833 333/144/834 329/142/823
f 2231/144/833 2230/142/832 330/142/824 334/144/835
f 2231/144/833 2229/139/831 323/139/805 333/144/834
f 2229/139/831 2231/144/833 334/144/835 324/139/806
f 2232/143/836 2233/139/837 323/139/805 331/143/828
f 2233/139/837 2232/143/836 332/143/829 324/139/806
f 2233/139/837 2234/144/838 333/144/834 323/139/805
f 2234/144/838 2233/139/837 324/139/806 334/144/835
f 2234/144/838 2232/143/836 331/143/828 333/144/834
f 2232/143/836 2234/144/838 334/144/835 332/143/829
f 2235/145/839 2236/144/840 333/144/834 335/145/841
f 2236/144/840 2235/145/839 336/145/842 334/144/835
f 2236/144/840 2237/142/843 329/142/823 333/144/834
f 2237/142/843 2236/144/840 334/144/835 330/142/824
f 2237/142/843 2235/145/839 335/145/841 329/142/823
f 2235/145/839 2237/142/843 330/142/824 336/145/842
f 2238/144/844 2239/146/845 337/146/846 333/144/834
f 2239/146/845 2238/144/844 334/144/835 338/146/847
f 2239/146/845 2240/143/848 331/143/828 337/146/846
f 2240/143/848 2239/146/845 338/146/847 332/143/829
f 2240/143/848 2238/144/844 333/144/834 331/143/828
f 2238/144/844 2240/143/848 332/143/829 334/144/835
f 2241/144/849 2242/145/850 335/145/841 333/144/834
f 2242/145/850 2241/144/849 334/144/835 336/145/842
f 2242/145/850 2243/147/851 339/147/852 335/145/841
f 2243/147/851 2242/145/850 336/145/842 340/147/853
f 2243/147/851 2241/144/849 333/144/834 339/147/852
f 2241/144/849 2243/147/851 340/147/853 334/144/835
f 2244/146/854 2245/144/855 333/144/834 337/146/846
f 2245/144/855 2244/146/854 338/146/847 334/144/835
f 2245/144/855 2246/147/856 339/147/852 333/144/834
f 2246/147/856 2245/144/855 334/144/835 340/147/853
f 2246/147/856 2244/146/854 337/146/846 339/147/852
f 2244/146/854 2246/147/856 340/147/853 338/146/847
f 2247/147/857 2248/145/858 335/145/841 339/147/852
f 2248/145/858 2247/147/857 340/147/853 336/145/842
f 2248/145/858 2249/148/859 341/148/860 335/145/841
f 2249/148/859 2248/145/858 336/145/842 342/148/861
f 2249/148/859 2247/147/857 339/147/852 341/148/860
f 2247/147/857 2249/148/859 342/148/861 340/147/853
f 2250/148/862 2251/146/863 337/146/846 341/148/860
f 2251/146/863 2250/148/862 342/148/861 338/146/847
f 2251/146/863 2252/147/864 339/147/852 337/146/846
f 2252/147/864 2251/146/863 338/146/847 340/147/853
f 2252/147/864 2250/148/862 341/148/860 339/147/852
f 2250/148/862 2252/147/864 340/147/853 342/148/861
f 2253/145/865 2254/149/866 343/149/867 335/145/841
f 2254/149/866 2253/145/865 336/145/842 344/149/868
f 2254/149/866 2255/148/869 341/148/860 343/149/867
f 2255/148/869 2254/149/866 344/149/868 342/148/861
f 2255/148/869 2253/145/865 335/145/841 341/148/860
f 2253/145/865 2255/148/869 342/148/861 336/145/842
f 2256/146/870 2257/148/871 341/148/860 337/146/846
f 2257/148/871 2256/146/870 338/146/847 342/148/861
f 2257/148/871 2258/150/872 345/150/873 341/148/860
f 2258/150/872 2257/148/871 342/148/861 346/150/874
f 2258/150/872 2256/146/870 337/146/846 345/150/873
f 2256/146/870 2258/150/872 346/150/874 338/146/847
f 2259/151/875 2260/152/876 349/152/877 347/151/878
f 2260/152/876 2259/151/875 348/151/879 350/152/880
f 2260/152/876 2261/153/881 351/153/882 349/152/877
f 2261/153/881 2260/152/876 350/152/880 352/153/883
f 2261/153/881 2259/151/875 347/151/878 351/153/882
f 2259/151/875 2261/153/881 352/153/883 348/151/879
f 2262/152/884 2263/151/885 347/151/878 349/152/877
f 2263/151/885 2262/152/884 350/152/880 348/151/879
f 2263/151/885 2264/154/886 353/154/887 347/151/878
f 2264/154/886 2263/151/885 348/151/879 354/154/888
f 2264/154/886 2262/152/884 349/152/877 353/154/887
f 2262/152/884 2264/154/886 354/154/888 350/152/880
f 2265/155/889 2266/151/890 347/151/878 355/155/891
f 2266/151/890 2265/155/889 356/155/892 348/151/879
f 2266/151/890 2267/153/893 351/153/882 347/151/878
f 2267/153/893 2266/151/890 348/151/879 352/153/883
f 2267/153/893 2265/155/889 355/155/891 351/153/882
f 2265/155/889 2267/153/893 352/153/883 356/155/892
f 2268/153/894 2269/156/895 357/156/896 351/153/882
f 2269/156/895 2268/153/894 352/153/883 358/156/897
f 2269/156/895 2270/155/898 355/155/891 357/156/896
f 2270/155/898 2269/156/895 358/156/897 356/155/892
f 2270/155/898 2268/153/894 351/153/882 355/155/891
f 2268/153/894 2270/155/898 356/155/892 352/153/883
f 2271/156/899 2272/157/900 359/157/901 357/156/896
f 2272/157/900 2271/156/899 358/156/897 360/157/902
f 2272/157/900 2273/155/903 355/155/891 359/157/901
f 2273/155/903 2272/157/900 360/157/902 356/155/892
f 2273/155/903 2271/156/899 357/156/896 355/155/891
f 2271/156/899 2273/155/903 356/155/892 358/156/897
f 2274/157/904 2275/156/905 357/156/896 359/157/901
f 2275/156/905 2274/157/904 360/157/902 358/156/897
f 2275/156/905 2276/158/906 361/158/907 357/156/896
f 2276/158/906 2275/156/905 358/156/897 362/158/908
f 2276/158/906 2274/157/904 359/157/901 361/158/907
f 2274/157/904 2276/158/906 362/158/908 360/157/902
f 2277/158/909 2278/159/910 363/159/911 361/158/907
f 2278/159/910 2277/158/909 362/158/908 364/159/912
f 2278/159/910 2279/157/913 359/157/901 363/159/911
f 2279/157/913 2278/159/910 364/159/912 360/157/902
f 2279/157/913 2277/158/909 361/158/907 359/157/901
f 2277/158/909 2279/157/913 360/157/902 362/158/908
f 2280/152/914 2281/151/915 367/151/916 365/152/917
f 2281/151/915 2280/152/914 366/152/918 368/151/919
f 2281/151/915 2282/153/920 369/153/921 367/151/916
f 2282/153/920 2281/151/915 368/151/919 370/153/922
f 2282/153/920 2280/152/914 365/152/917 369/153/921
f 2280/152/914 2282/153/920 370/153/922 366/152/918
f 2283/151/923 2284/152/924 365/152/917 367/151/916
f 2284/152/924 2283/151/923 368/151/919 366/152/918
f 2284/152/924 2285/154/925 371/154/926 365/152/917
f 2285/154/925 2284/152/924 366/152/918 372/154/927
f 2285/154/925 2283/151/923 367/151/916 371/154/926
f 2283/151/923 2285/154/925 372/154/927 368/151/919
f 2286/155/928 2287/153/929 369/153/921 373/155/930
f 2287/153/929 2286/155/928 374/155/931 370/153/922
f 2287/153/929 2288/151/932 367/151/916 369/153/921
f 2288/151/932 2287/153/929 370/153/922 368/151/919
f 2288/151/932 2286/155/928 373/155/930 367/151/916
f 2286/155/928 2288/151/932 368/151/919 374/155/931
f 2289/153/933 2290/155/934 373/155/930 369/153/921
f 2290/155/934 2289/153/933 370/153/922 374/155/931
f 2290/155/934 2291/156/935 375/156/936 373/155/930
f 2291/156/935 2290/155/934 374/155/931 376/156/937
f 2291/156/935 2289/153/933 369/153/921 375/156/936
f 2289/153/933 2291/156/935 376/156/937 370/153/922
f 2292/157/938 2293/156/939 375/156/936 377/157/940
f 2293/156/939 2292/157/938 378/157/941 376/156/937
f 2293/156/939 2294/155/942 373/155/930 375/156/936
f 2294/155/942 2293/156/939 376/156/937 374/155/931
f 2294/155/942 2292/157/938 377/157/940 373/155/930
f 2292/157/938 2294/155/942 374/155/931 378/157/941
f 2295/156/943 2296/157/944 377/157/940 375/156/936
f 2296/157/944 2295/156/943 376/156/937 378/157/941
f 2296/157/944 2297/158/945 379/158/946 377/157/940
f 2297/158/945 2296/157/944 378/157/941 380/158/947
f 2297/158/945 2295/156/943 375/156/936 379/158/946
f 2295/156/943 2297/158/945 380/158/947 376/156/937
f 2298/158/948 2299/157/949 377/157/940 379/158/946
f 2299/157/949 2298/158/948 380/158/947 378/157/941
f 2299/157/949 2300/159/950 381/159/951 377/157/940
f 2300/159/950 2299/157/949 378/157/941 382/159/952
f 2300/159/950 2298/158/948 379/158/946 381/159/951
f 2298/158/948 2300/159/950 382/159/952 380/158/947
f 2301/160/953 2302/161/954 385/161/955 383/160/956
f 2302/161/954 2301/160/953 384/160/957 386/161/958
f 2302/161/954 2303/162/959 387/162/960 385/161/955
f 2303/162/959 2302/161/954 386/161/958 388/162/961
f 2303/162/959 2301/160/953 383/160/956 387/162/960
f 2301/160/953 2303/162/959 388/162/961 384/160/957
f 2304/161/962 2305/163/963 389/163/964 385/161/955
f 2305/163/963 2304/161/962 386/161/958 390/163/965
f 2305/163/963 2306/162/966 387/162/960 389/163/964
f 2306/162/966 2305/163/963 390/163/965 388/162/961
f 2306/162/966 2304/161/962 385/161/955 387/162/960
f 2304/161/962 2306/162/966 388/162/961 386/161/958
f 2307/161/967 2308/160/968 383/160/956 385/161/955
f 2308/160/968 2307/161/967 386/161/958 384/160/957
f 2308/160/968 2309/164/969 391/164/970 383/160/956
f 2309/164/969 2308/160/968 384/160/957 392/164/971
f 2309/164/969 2307/161/967 385/161/955 391/164/970
f 2307/161/967 2309/164/969 392/164/971 386/161/958
f 2310/165/972 2311/164/973 391/164/970 393/165/974
f 2311/164/973 2310/165/972 394/165/975 392/164/971
f 2311/164/973 2312/160/976 383/160/956 391/164/970
f 2312/160/976 2311/164/973 392/164/971 384/160/957
f 2312/160/976 2310/165/972 393/165/974 383/160/956
f 2310/165/972 2312/160/976 384/160/957 394/165/975
f 2313/164/977 2314/165/978 393/165/974 391/164/970
f 2314/165/978 2313/164/977 392/164/971 394/165/975
f 2314/165/978 2315/166/979 395/166/980 393/165/974
f 2315/166/979 2314/165/978 394/165/975 396/166/981
f 2315/166/979 2313/164/977 391/164/970 395/166/980
f 2313/164/977 2315/166/979 396/166/981 392/164/971
f 2316/163/982 2317/161/983 385/161/955 389/163/964
f 2317/161/983 2316/163/982 390/163/965 386/161/958
f 2317/161/983 2318/167/984 397/167/985 385/161/955
f 2318/167/984 2317/161/983 386/161/958 398/167/986
f 2318/167/984 2316/163/982 389/163/964 397/167/985
f 2316/163/982 2318/167/984 398/167/986 390/163/965
f 2319/167/987 2320/168/988 399/168/989 397/167/985
f 2320/168/988 2319/167/987 398/167/986 400/168/990
f 2320/168/988 2321/163/991 389/163/964 399/168/989
f 2321/163/991 2320/168/988 400/168/990 390/163/965
f 2321/163/991 2319/167/987 397/167/985 389/163/964
f 2319/167/987 2321/163/991 390/163/965 398/167/986
f 2322/168/992 2323/167/993 397/167/985 399/168/989
f 2323/167/993 2322/168/992 400/168/990 398/167/986
f 2323/167/993 2324/169/994 401/169/995 397/167/985
f 2324/169/994 2323/167/993 398/167/986 402/169/996
f 2324/169/994 2322/168/992 399/168/989 401/169/995
f 2322/168/992 2324/169/994 402/169/996 400/168/990
f 2325/170/997 2326/171/998 405/171/999 403/170/1000
f 2326/171/998 2325/170/997 404/170/1001 406/171/1002
f 2326/171/998 2327/172/1003 407/172/1004 405/171/999
f 2327/172/1003 2326/171/998 406/171/1002 408/172/1005
f 2327/172/1003 2325/170/997 403/170/1000 407/172/1004
f 2325/170/997 2327/172/1003 408/172/1005 404/170/1001
f 2328/171/1006 2329/170/1007 403/170/1000 405/171/999
f 2329/170/1007 2328/171/1006 406/171/1002 404/170/1001
f 2329/170/1007 2330/173/1008 409/173/1009 403/170/1000
f 2330/173/1008 2329/170/1007 404/170/1001 410/173/1010
f 2330/173/1008 2328/171/1006 405/171/999 409/173/1009
f 2328/171/1006 2330/173/1008 410/173/1010 406/171/1002
f 2331/172/1011 2332/174/1012 411/174/1013 407/172/1004
f 2332/174/1012 2331/172/1011 408/172/1005 412/174/1014
f 2332/174/1012 2333/170/1015 403/170/1000 411/174/1013
f 2333/170/1015 2332/174/1012 412/174/1014 404/170/1001
f 2333/170/1015 2331/172/1011 407/172/1004 403/170/1000
f 2331/172/1011 2333/170/1015 404/170/1001 408/172/1005
f 2334/175/1016 2335/172/1017 407/172/1004 413/175/1018
f 2335/172/1017 2334/175/1016 414/175/1019 408/172/1005
f 2335/172/1017 2336/171/1020 405/171/999 407/172/1004
f 2336/171/1020 2335/172/1017 408/172/1005 406/171/1002
f 2336/171/1020 2334/175/1016 413/175/1018 405/171/999
f 2334/175/1016 2336/171/1020 406/171/1002 414/175/1019
f 2337/174/1021 2338/172/1022 407/172/1004 411/174/1013
f 2338/172/1022 2337/174/1021 412/174/1014 408/172/1005
f 2338/172/1022 2339/176/1023 415/176/1024 407/172/1004
f 2339/176/1023 2338/172/1022 408/172/1005 416/176/1025
f 2339/176/1023 2337/174/1021 411/174/1013 415/176/1024
f 2337/174/1021 2339/176/1023 416/176/1025 412/174/1014
f 2340/176/1026 2341/177/1027 417/177/1028 415/176/1024
f 2341/177/1027 2340/176/1026 416/176/1025 418/177/1029
f 2341/177/1027 2342/174/1030 411/174/1013 417/177/1028
f 2342/174/1030 2341/177/1027 418/177/1029 412/174/1014
f 2342/174/1030 2340/176/1026 415/176/1024 411/174/1013
f 2340/176/1026 2342/174/1030 412/174/1014 416/176/1025
f 2343/172/1031 2344/175/1032 413/175/1018 407/172/1004
f 2344/175/1032 2343/172/1031 408/172/1005 414/175/1019
f 2344/175/1032 2345/178/1033 419/178/1034 413/175/1018
f 2345/178/1033 2344/175/1032 414/175/1019 420/178/1035
f 2345/178/1033 2343/172/1031 407/172/1004 419/178/1034
f 2343/172/1031 2345/178/1033 420/178/1035 408/172/1005
f 2346/178/1036 2347/176/1037 415/176/1024 419/178/1034
f 2347/176/1037 2346/178/1036 420/178/1035 416/176/1025
f 2347/176/1037 2348/172/1038 407/172/1004 415/176/1024
f 2348/172/1038 2347/176/1037 416/176/1025 408/172/1005
f 2348/172/1038 2346/178/1036 419/178/1034 407/172/1004
f 2346/178/1036 2348/172/1038 408/172/1005 420/178/1035
f 2349/178/1039 2350/175/1040 413/175/1018 419/178/1034
f 2350/175/1040 2349/178/1039 420/178/1035 414/175/1019
f 2350/175/1040 2351/179/1041 421/179/1042 413/175/1018
f 2351/179/1041 2350/175/1040 414/175/1019 422/179/1043
f 2351/179/1041 2349/178/1039 419/178/1034 421/179/1042
f 2349/178/1039 2351/179/1041 422/179/1043 420/178/1035
f 2352/179/1044 2353/175/1045 413/175/1018 421/179/1042
f 2353/175/1045 2352/179/1044 422/179/1043 414/175/1019
f 2353/175/1045 2354/180/1046 423/180/1047 413/175/1018
f 2354/180/1046 2353/175/1045 414/175/1019 424/180/1048
f 2354/180/1046 2352/179/1044 421/179/1042 423/180/1047
f 2352/179/1044 2354/180/1046 424/180/1048 422/179/1043
f 2355/180/1049 2356/181/1050 425/181/1051 423/180/1047
f 2356/181/1050 2355/180/1049 424/180/1048 426/181/1052
f 2356/181/1050 2357/179/1053 421/179/1042 425/181/1051
f 2357/179/1053 2356/181/1050 426/181/1052 422/179/1043
f 2357/179/1053 2355/180/1049 423/180/1047 421/179/1042
f 2355/180/1049 2357/179/1053 422/179/1043 424/180/1048
f 2358/181/1054 2359/180/1055 423/180/1047 425/181/1051
f 2359/180/1055 2358/181/1054 426/181/1052 424/180/1048
f 2359/180/1055 2360/182/1056 427/182/1057 423/180/1047
f 2360/182/1056 2359/180/1055 424/180/1048 428/182/1058
f 2360/182/1056 2358/181/1054 425/181/1051 427/182/1057
f 2358/181/1054 2360/182/1056 428/182/1058 426/181/1052
f 2361/183/1059 2362/179/1060 421/179/1042 429/183/1061
f 2362/179/1060 2361/183/1059 430/183/1062 422/179/1043
f 2362/179/1060 2363/181/1063 425/181/1051 421/179/1042
f 2363/181/1063 2362/179/1060 422/179/1043 426/181/1052
f 2363/181/1063 2361/183/1059 429/183/1061 425/181/1051
f 2361/183/1059 2363/181/1063 426/181/1052 430/183/1062
f 2364/179/1064 2365/183/1065 429/183/1061 421/179/1042
f 2365/183/1065 2364/179/1064 422/179/1043 430/183/1062
f 2365/183/1065 2366/184/1066 431/184/1067 429/183/1061
f 2366/184/1066 2365/183/1065 430/183/1062 432/184/1068
f 2366/184/1066 2364/179/1064 421/179/1042 431/184/1067
f 2364/179/1064 2366/184/1066 432/184/1068 422/179/1043
f 2367/184/1069 2368/178/1070 419/178/1034 431/184/1067
f 2368/178/1070 2367/184/1069 432/184/1068 420/178/1035
f 2368/178/1070 2369/179/1071 421/179/1042 419/178/1034
f 2369/179/1071 2368/178/1070 420/178/1035 422/179/1043
f 2369/179/1071 2367/184/1069 431/184/1067 421/179/1042
f 2367/184/1069 2369/179/1071 422/179/1043 432/184/1068
f 2370/185/1072 2371/184/1073 431/184/1067 433/185/1074
f 2371/184/1073 2370/185/1072 434/185/1075 432/184/1068
f 2371/184/1073 2372/183/1076 429/183/1061 431/184/1067
f 2372/183/1076 2371/184/1073 432/184/1068 430/183/1062
f 2372/183/1076 2370/185/1072 433/185/1074 429/183/1061
f 2370/185/1072 2372/183/1076 430/183/1062 434/185/1075
f 2373/176/1077 2374/178/1078 419/178/1034 415/176/1024
f 2374/178/1078 2373/176/1077 416/176/1025 420/178/1035
f 2374/178/1078 2375/186/1079 435/186/1080 419/178/1034
f 2375/186/1079 2374/178/1078 420/178/1035 436/186/1081
f 2375/186/1079 2373/176/1077 415/176/1024 435/186/1080
f 2373/176/1077 2375/186/1079 436/186/1081 416/176/1025
f 2376/186/1082 2377/178/1083 419/178/1034 435/186/1080
f 2377/178/1083 2376/186/1082 436/186/1081 420/178/1035
f 2377/178/1083 2378/184/1084 431/184/1067 419/178/1034
f 2378/184/1084 2377/178/1083 420/178/1035 432/184/1068
f 2378/184/1084 2376/186/1082 435/186/1080 431/184/1067
f 2376/186/1082 2378/184/1084 432/184/1068 436/186/1081
f 2379/184/1085 2380/185/1086 433/185/1074 431/184/1067
f 2380/185/1086 2379/184/1085 432/184/1068 434/185/1075
f 2380/185/1086 2381/187/1087 437/187/1088 433/185/1074
f 2381/187/1087 2380/185/1086 434/185/1075 438/187/1089
f 2381/187/1087 2379/184/1085 431/184/1067 437/187/1088
f 2379/184/1085 2381/187/1087 438/187/1089 432/184/1068
f 2382/187/1090 2383/186/1091 435/186/1080 437/187/1088
f 2383/186/1091 2382/187/1090 438/187/1089 436/186/1081
f 2383/186/1091 2384/184/1092 431/184/1067 435/186/1080
f 2384/184/1092 2383/186/1091 436/186/1081 432/184/1068
f 2384/184/1092 2382/187/1090 437/187/1088 431/184/1067
f 2382/187/1090 2384/184/1092 432/184/1068 438/187/1089
f 2385/188/1093 2386/187/1094 437/187/1088 439/188/1095
f 2386/187/1094 2385/188/1093 440/188/1096 438/187/1089
f 2386/187/1094 2387/185/1097 433/185/1074 437/187/1088
f 2387/185/1097 2386/187/1094 438/187/1089 434/185/1075
f 2387/185/1097 2385/188/1093 439/188/1095 433/185/1074
f 2385/188/1093 2387/185/1097 434/185/1075 440/188/1096
f 2388/186/1098 2389/189/1099 441/189/1100 435/186/1080
f 2389/189/1099 2388/186/1098 436/186/1081 442/189/1101
f 2389/189/1099 2390/176/1102 415/176/1024 441/189/1100
f 2390/176/1102 2389/189/1099 442/189/1101 416/176/1025
f 2390/176/1102 2388/186/1098 435/186/1080 415/176/1024
f 2388/186/1098 2390/176/1102 416/176/1025 436/186/1081
f 2391/177/1103 2392/176/1104 415/176/1024 417/177/1028
f 2392/176/1104 2391/177/1103 418/177/1029 416/176/1025
f 2392/176/1104 2393/189/1105 441/189/1100 415/176/1024
f 2393/189/1105 2392/176/1104 416/176/1025 442/189/1101
f 2393/189/1105 2391/177/1103 417/177/1028 441/189/1100
f 2391/177/1103 2393/189/1105 442/189/1101 418/177/1029
f 2394/189/1106 2395/190/1107 443/190/1108 441/189/1100
f 2395/190/1107 2394/189/1106 442/189/1101 444/190/1109
f 2395/190/1107 2396/177/1110 417/177/1028 443/190/1108
f 2396/177/1110 2395/190/1107 444/190/1109 418/177/1029
f 2396/177/1110 2394/189/1106 441/189/1100 417/177/1028
f 2394/189/1106 2396/177/1110 418/177/1029 442/189/1101
f 2397/189/1111 2398/186/1112 435/186/1080 441/189/1100
f 2398/186/1112 2397/189/1111 442/189/1101 436/186/1081
f 2398/186/1112 2399/191/1113 445/191/1114 435/186/1080
f 2399/191/1113 2398/186/1112 436/186/1081 446/191/1115
f 2399/191/1113 2397/189/1111 441/189/1100 445/191/1114
f 2397/189/1111 2399/191/1113 446/191/1115 442/189/1101
f 2400/191/1116 2401/186/1117 435/186/1080 445/191/1114
f 2401/186/1117 2400/191/1116 446/191/1115 436/186/1081
f 2401/186/1117 2402/187/1118 437/187/1088 435/186/1080
f 2402/187/1118 2401/186/1117 436/186/1081 438/187/1089
f 2402/187/1118 2400/191/1116 445/191/1114 437/187/1088
f 2400/191/1116 2402/187/1118 438/187/1089 446/191/1115
f 2403/190/1119 2404/189/1120 441/189/1100 443/190/1108
f 2404/189/1120 2403/190/1119 444/190/1109 442/189/1101
f 2404/189/1120 2405/192/1121 447/192/1122 441/189/1100
f 2405/192/1121 2404/189/1120 442/189/1101 448/192/1123
f 2405/192/1121 2403/190/1119 443/190/1108 447/192/1122
f 2403/190/1119 2405/192/1121 448/192/1123 444/190/1109
f 2406/191/1124 2407/192/1125 447/192/1122 445/191/1114
f 2407/192/1125 2406/191/1124 446/191/1115 448/192/1123
f 2407/192/1125 2408/189/1126 441/189/1100 447/192/1122
f 2408/189/1126 2407/192/1125 448/192/1123 442/189/1101
f 2408/189/1126 2406/191/1124 445/191/1114 441/189/1100
f 2406/191/1124 2408/189/1126 442/189/1101 446/191/1115
f 2409/192/1127 2410/193/1128 449/193/1129 447/192/1122
f 2410/193/1128 2409/192/1127 448/192/1123 450/193/1130
f 2410/193/1128 2411/190/1131 443/190/1108 449/193/1129
f 2411/190/1131 2410/193/1128 450/193/1130 444/190/1109
f 2411/190/1131 2409/192/1127 447/192/1122 443/190/1108
f 2409/192/1127 2411/190/1131 444/190/1109 448/192/1123
f 2412/190/1132 2413/193/1133 449/193/1129 443/190/1108
f 2413/193/1133 2412/190/1132 444/190/1109 450/193/1130
f 2413/193/1133 2414/194/1134 451/194/1135 449/193/1129
f 2414/194/1134 2413/193/1133 450/193/1130 452/194/1136
f 2414/194/1134 2412/190/1132 443/190/1108 451/194/1135
f 2412/190/1132 2414/194/1134 452/194/1136 444/190/1109
f 2415/192/1137 2416/195/1138 453/195/1139 447/192/1122
f 2416/195/1138 2415/192/1137 448/192/1123 454/195/1140
f 2416/195/1138 2417/193/1141 449/193/1129 453/195/1139
f 2417/193/1141 2416/195/1138 454/195/1140 450/193/1130
f 2417/193/1141 2415/192/1137 447/192/1122 449/193/1129
f 2415/192/1137 2417/193/1141 450/193/1130 448/192/1123
f 2418/192/1142 2419/191/1143 445/191/1114 447/192/1122
f 2419/191/1143 2418/192/1142 448/192/1123 446/191/1115
f 2419/191/1143 2420/196/1144 455/196/1145 445/191/1114
f 2420/196/1144 2419/191/1143 446/191/1115 456/196/1146
f 2420/196/1144 2418/192/1142 447/192/1122 455/196/1145
f 2418/192/1142 2420/196/1144 456/196/1146 448/192/1123
f 2421/195/1147 2422/192/1148 447/192/1122 453/195/1139
f 2422/192/1148 2421/195/1147 454/195/1140 448/192/1123
f 2422/192/1148 2423/196/1149 455/196/1145 447/192/1122
f 2423/196/1149 2422/192/1148 448/192/1123 456/196/1146
f 2423/196/1149 2421/195/1147 453/195/1139 455/196/1145
f 2421/195/1147 2423/196/1149 456/196/1146 454/195/1140
f 2424/197/1150 2425/191/1151 445/191/1114 457/197/1152
f 2425/191/1151 2424/197/1150 458/197/1153 446/191/1115
f 2425/191/1151 2426/187/1154 437/187/1088 445/191/1114
f 2426/187/1154 2425/191/1151 446/191/1115 438/187/1089
f 2426/187/1154 2424/197/1150 457/197/1152 437/187/1088
f 2424/197/1150 2426/187/1154 438/187/1089 458/197/1153
f 2427/196/1155 2428/191/1156 445/191/1114 455/196/1145
f 2428/191/1156 2427/196/1155 456/196/1146 446/191/1115
f 2428/191/1156 2429/197/1157 457/197/1152 445/191/1114
f 2429/197/1157 2428/191/1156 446/191/1115 458/197/1153
f 2429/197/1157 2427/196/1155 455/196/1145 457/197/1152
f 2427/196/1155 2429/197/1157 458/197/1153 456/196/1146
f 2430/197/1158 2431/195/1159 453/195/1139 457/197/1152
f 2431/195/1159 2430/197/1158 458/197/1153 454/195/1140
f 2431/195/1159 2432/196/1160 455/196/1145 453/195/1139
f 2432/196/1160 2431/195/1159 454/195/1140 456/196/1146
f 2432/196/1160 2430/197/1158 457/197/1152 455/196/1145
f 2430/197/1158 2432/196/1160 456/196/1146 458/197/1153
f 2433/187/1161 2434/188/1162 439/188/1095 437/187/1088
f 2434/188/1162 2433/187/1161 438/187/1089 440/188/1096
f 2434/188/1162 2435/197/1163 457/197/1152 439/188/1095
f 2435/197/1163 2434/188/1162 440/188/1096 458/197/1153
f 2435/197/1163 2433/187/1161 437/187/1088 457/197/1152
f 2433/187/1161 2435/197/1163 458/197/1153 438/187/1089
f 2436/195/1164 2437/197/1165 457/197/1152 453/195/1139
f 2437/197/1165 2436/195/1164 454/195/1140 458/197/1153
f 2437/197/1165 2438/198/1166 459/198/1167 457/197/1152
f 2438/198/1166 2437/197/1165 458/197/1153 460/198/1168
f 2438/198/1166 2436/195/1164 453/195/1139 459/198/1167
f 2436/195/1164 2438/198/1166 460/198/1168 454/195/1140
f 2439/197/1169 2440/188/1170 439/188/1095 457/197/1152
f 2440/188/1170 2439/197/1169 458/197/1153 440/188/1096
f 2440/188/1170 2441/198/1171 459/198/1167 439/188/1095
f 2441/198/1171 2440/188/1170 440/188/1096 460/198/1168
f 2441/198/1171 2439/197/1169 457/197/1152 459/198/1167
f 2439/197/1169 2441/198/1171 460/198/1168 458/197/1153
f 2442/188/1172 2443/199/1173 461/199/1174 439/188/1095
f 2443/199/1173 2442/188/1172 440/188/1096 462/199/1175
f 2443/199/1173 2444/198/1176 459/198/1167 461/199/1174
f 2444/198/1176 2443/199/1173 462/199/1175 460/198/1168
f 2444/198/1176 2442/188/1172 439/188/1095 459/198/1167
f 2442/188/1172 2444/198/1176 460/198/1168 440/188/1096
f 2445/200/1177 2446/201/1178 465/201/1179 463/200/1180
f 2446/201/1178 2445/200/1177 464/200/1181 466/201/1182
f 2446/201/1178 2447/202/1183 467/202/1184 465/201/1179
f 2447/202/1183 2446/201/1178 466/201/1182 468/202/1185
f 2447/202/1183 2445/200/1177 463/200/1180 467/202/1184
f 2445/200/1177 2447/202/1183 468/202/1185 464/200/1181
f 2448/201/1186 2449/200/1187 463/200/1180 465/201/1179
f 2449/200/1187 2448/201/1186 466/201/1182 464/200/1181
f 2449/200/1187 2450/203/1188 469/203/1189 463/200/1180
f 2450/203/1188 2449/200/1187 464/200/1181 470/203/1190
f 2450/203/1188 2448/201/1186 465/201/1179 469/203/1189
f 2448/201/1186 2450/203/1188 470/203/1190 466/201/1182
f 2451/204/1191 2452/203/1192 469/203/1189 471/204/1193
f 2452/203/1192 2451/204/1191 472/204/1194 470/203/1190
f 2452/203/1192 2453/200/1195 463/200/1180 469/203/1189
f 2453/200/1195 2452/203/1192 470/203/1190 464/200/1181
f 2453/200/1195 2451/204/1191 471/204/1193 463/200/1180
f 2451/204/1191 2453/200/1195 464/200/1181 472/204/1194
f 2454/203/1196 2455/204/1197 471/204/1193 469/203/1189
f 2455/204/1197 2454/203/1196 470/203/1190 472/204/1194
f 2455/204/1197 2456/205/1198 473/205/1199 471/204/1193
f 2456/205/1198 2455/204/1197 472/204/1194 474/205/1200
f 2456/205/1198 2454/203/1196 469/203/1189 473/205/1199
f 2454/203/1196 2456/205/1198 474/205/1200 470/203/1190
f 2457/206/1201 2458/204/1202 471/204/1193 475/206/1203
f 2458/204/1202 2457/206/1201 476/206/1204 472/204/1194
f 2458/204/1202 2459/200/1205 463/200/1180 471/204/1193
f 2459/200/1205 2458/204/1202 472/204/1194 464/200/1181
f 2459/200/1205 2457/206/1201 475/206/1203 463/200/1180
f 2457/206/1201 2459/200/1205 464/200/1181 476/206/1204
f 2460/207/1206 2461/206/1207 475/206/1203 477/207/1208
f 2461/206/1207 2460/207/1206 478/207/1209 476/206/1204
f 2461/206/1207 2462/200/1210 463/200/1180 475/206/1203
f 2462/200/1210 2461/206/1207 476/206/1204 464/200/1181
f 2462/200/1210 2460/207/1206 477/207/1208 463/200/1180
f 2460/207/1206 2462/200/1210 464/200/1181 478/207/1209
f 2463/202/1211 2464/207/1212 477/207/1208 467/202/1184
f 2464/207/1212 2463/202/1211 468/202/1185 478/207/1209
f 2464/207/1212 2465/200/1213 463/200/1180 477/207/1208
f 2465/200/1213 2464/207/1212 478/207/1209 464/200/1181
f 2465/200/1213 2463/202/1211 467/202/1184 463/200/1180
f 2463/202/1211 2465/200/1213 464/200/1181 468/202/1185
f 2466/208/1214 2467/206/1215 475/206/1203 479/208/1216
f 2467/206/1215 2466/208/1214 480/208/1217 476/206/1204
f 2467/206/1215 2468/207/1218 477/207/1208 475/206/1203
f 2468/207/1218 2467/206/1215 476/206/1204 478/207/1209
f 2468/207/1218 2466/208/1214 479/208/1216 477/207/1208
f 2466/208/1214 2468/207/1218 478/207/1209 480/208/1217
f 2469/209/1219 2470/202/1220 467/202/1184 481/209/1221
f 2470/202/1220 2469/209/1219 482/209/1222 468/202/1185
f 2470/202/1220 2471/201/1223 465/201/1179 467/202/1184
f 2471/201/1223 2470/202/1220 468/202/1185 466/201/1182
f 2471/201/1223 2469/209/1219 481/209/1221 465/201/1179
f 2469/209/1219 2471/201/1223 466/201/1182 482/209/1222
f 2472/209/1224 2473/201/1225 465/201/1179 481/209/1221
f 2473/201/1225 2472/209/1224 482/209/1222 466/201/1182
f 2473/201/1225 2474/210/1226 483/210/1227 465/201/1179
f 2474/210/1226 2473/201/1225 466/201/1182 484/210/1228
f 2474/210/1226 2472/209/1224 481/209/1221 483/210/1227
f 2472/209/1224 2474/210/1226 484/210/1228 482/209/1222
f 2475/210/1229 2476/211/1230 485/211/1231 483/210/1227
f 2476/211/1230 2475/210/1229 484/210/1228 486/211/1232
f 2476/211/1230 2477/209/1233 481/209/1221 485/211/1231
f 2477/209/1233 2476/211/1230 486/211/1232 482/209/1222
f 2477/209/1233 2475/210/1229 483/210/1227 481/209/1221
f 2475/210/1229 2477/209/1233 482/209/1222 484/210/1228
f 2478/211/1234 2479/210/1235 483/210/1227 485/211/1231
f 2479/210/1235 2478/211/1234 486/211/1232 484/210/1228
f 2479/210/1235 2480/212/1236 487/212/1237 483/210/1227
f 2480/212/1236 2479/210/1235 484/210/1228 488/212/1238
f 2480/212/1236 2478/211/1234 485/211/1231 487/212/1237
f 2478/211/1234 2480/212/1236 488/212/1238 486/211/1232
f 2481/211/1239 2482/213/1240 489/213/1241 485/211/1231
f 2482/213/1240 2481/211/1239 486/211/1232 490/213/1242
f 2482/213/1240 2483/209/1243 481/209/1221 489/213/1241
f 2483/209/1243 2482/213/1240 490/213/1242 482/209/1222
f 2483/209/1243 2481/211/1239 485/211/1231 481/209/1221
f 2481/211/1239 2483/209/1243 482/209/1222 486/211/1232
f 2484/214/1244 2485/209/1245 481/209/1221 491/214/1246
f 2485/209/1245 2484/214/1244 492/214/1247 482/209/1222
f 2485/209/1245 2486/213/1248 489/213/1241 481/209/1221
f 2486/213/1248 2485/209/1245 482/209/1222 490/213/1242
f 2486/213/1248 2484/214/1244 491/214/1246 489/213/1241
f 2484/214/1244 2486/213/1248 490/213/1242 492/214/1247
f 2487/214/1249 2488/202/1250 467/202/1184 491/214/1246
f 2488/202/1250 2487/214/1249 492/214/1247 468/202/1185
f 2488/202/1250 2489/209/1251 481/209/1221 467/202/1184
f 2489/209/1251 2488/202/1250 468/202/1185 482/209/1222
f 2489/209/1251 2487/214/1249 491/214/1246 481/209/1221
f 2487/214/1249 2489/209/1251 482/209/1222 492/214/1247
f 2490/213/1252 2491/215/1253 493/215/1254 489/213/1241
f 2491/215/1253 2490/213/1252 490/213/1242 494/215/1255
f 2491/215/1253 2492/214/1256 491/214/1246 493/215/1254
f 2492/214/1256 2491/215/1253 494/215/1255 492/214/1247
f 2492/214/1256 2490/213/1252 489/213/1241 491/214/1246
f 2490/213/1252 2492/214/1256 492/214/1247 490/213/1242
f 2493/214/1257 2494/216/1258 495/216/1259 491/214/1246
f 2494/216/1258 2493/214/1257 492/214/1247 496/216/1260
f 2494/216/1258 2495/202/1261 467/202/1184 495/216/1259
f 2495/202/1261 2494/216/1258 496/216/1260 468/202/1185
f 2495/202/1261 2493/214/1257 491/214/1246 467/202/1184
f 2493/214/1257 2495/202/1261 468/202/1185 492/214/1247
f 2496/207/1262 2497/202/1263 467/202/1184 477/207/1208
f 2497/202/1263 2496/207/1262 478/207/1209 468/202/1185
f 2497/202/1263 2498/216/1264 495/216/1259 467/202/1184
f 2498/216/1264 2497/202/1263 468/202/1185 496/216/1260
f 2498/216/1264 2496/207/1262 477/207/1208 495/216/1259
f 2496/207/1262 2498/216/1264 496/216/1260 478/207/1209
f 2499/217/1265 2500/214/1266 491/214/1246 497/217/1267
f 2500/214/1266 2499/217/1265 498/217/1268 492/214/1247
f 2500/214/1266 2501/215/1269 493/215/1254 491/214/1246
f 2501/215/1269 2500/214/1266 492/214/1247 494/215/1255
f 2501/215/1269 2499/217/1265 497/217/1267 493/215/1254
f 2499/217/1265 2501/215/1269 494/215/1255 498/217/1268
f 2502/217/1270 2503/216/1271 495/216/1259 497/217/1267
f 2503/216/1271 2502/217/1270 498/217/1268 496/216/1260
f 2503/216/1271 2504/214/1272 491/214/1246 495/216/1259
f 2504/214/1272 2503/216/1271 496/216/1260 492/214/1247
f 2504/214/1272 2502/217/1270 497/217/1267 491/214/1246
f 2502/217/1270 2504/214/1272 492/214/1247 498/217/1268
f 2505/218/1273 2506/217/1274 497/217/1267 499/218/1275
f 2506/217/1274 2505/218/1273 500/218/1276 498/217/1268
f 2506/217/1274 2507/215/1277 493/215/1254 497/217/1267
f 2507/215/1277 2506/217/1274 498/217/1268 494/215/1255
f 2507/215/1277 2505/218/1273 499/218/1275 493/215/1254
f 2505/218/1273 2507/215/1277 494/215/1255 500/218/1276
f 2508/216/1278 2509/219/1279 501/219/1280 495/216/1259
f 2509/219/1279 2508/216/1278 496/216/1260 502/219/1281
f 2509/219/1279 2510/207/1282 477/207/1208 501/219/1280
f 2510/207/1282 2509/219/1279 502/219/1281 478/207/1209
f 2510/207/1282 2508/216/1278 495/216/1259 477/207/1208
f 2508/216/1278 2510/207/1282 478/207/1209 496/216/1260
f 2511/219/1283 2512/208/1284 479/208/1216 501/219/1280
f 2512/208/1284 2511/219/1283 502/219/1281 480/208/1217
f 2512/208/1284 2513/207/1285 477/207/1208 479/208/1216
f 2513/207/1285 2512/208/1284 480/208/1217 478/207/1209
f 2513/207/1285 2511/219/1283 501/219/1280 477/207/1208
f 2511/219/1283 2513/207/1285 478/207/1209 502/219/1281
f 2514/220/1286 2515/208/1287 479/208/1216 503/220/1288
f 2515/208/1287 2514/220/1286 504/220/1289 480/208/1217
f 2515/208/1287 2516/219/1290 501/219/1280 479/208/1216
f 2516/219/1290 2515/208/1287 480/208/1217 502/219/1281
f 2516/219/1290 2514/220/1286 503/220/1288 501/219/1280
f 2514/220/1286 2516/219/1290 502/219/1281 504/220/1289
f 2517/219/1291 2518/216/1292 495/216/1259 501/219/1280
f 2518/216/1292 2517/219/1291 502/219/1281 496/216/1260
f 2518/216/1292 2519/221/1293 505/221/1294 495/216/1259
f 2519/221/1293 2518/216/1292 496/216/1260 506/221/1295
f 2519/221/1293 2517/219/1291 501/219/1280 505/221/1294
f 2517/219/1291 2519/221/1293 506/221/1295 502/219/1281
f 2520/217/1296 2521/221/1297 505/221/1294 497/217/1267
f 2521/221/1297 2520/217/1296 498/217/1268 506/221/1295
f 2521/221/1297 2522/216/1298 495/216/1259 505/221/1294
f 2522/216/1298 2521/221/1297 506/221/1295 496/216/1260
f 2522/216/1298 2520/217/1296 497/217/1267 495/216/1259
f 2520/217/1296 2522/216/1298 496/216/1260 498/217/1268
f 2523/219/1299 2524/222/1300 507/222/1301 501/219/1280
f 2524/222/1300 2523/219/1299 502/219/1281 508/222/1302
f 2524/222/1300 2525/220/1303 503/220/1288 507/222/1301
f 2525/220/1303 2524/222/1300 508/222/1302 504/220/1289
f 2525/220/1303 2523/219/1299 501/219/1280 503/220/1288
f 2523/219/1299 2525/220/1303 504/220/1289 502/219/1281
f 2526/221/1304 2527/222/1305 507/222/1301 505/221/1294
f 2527/222/1305 2526/221/1304 506/221/1295 508/222/1302
f 2527/222/1305 2528/219/1306 501/219/1280 507/222/1301
f 2528/219/1306 2527/222/1305 508/222/1302 502/219/1281
f 2528/219/1306 2526/221/1304 505/221/1294 501/219/1280
f 2526/221/1304 2528/219/1306 502/219/1281 506/221/1295
f 2529/223/1307 2530/221/1308 505/221/1294 509/223/1309
f 2530/221/1308 2529/223/1307 510/223/1310 506/221/1295
f 2530/221/1308 2531/217/1311 497/217/1267 505/221/1294
f 2531/217/1311 2530/221/1308 506/221/1295 498/217/1268
f 2531/217/1311 2529/223/1307 509/223/1309 497/217/1267
f 2529/223/1307 2531/217/1311 498/217/1268 510/223/1310
f 2532/217/1312 2533/218/1313 499/218/1275 497/217/1267
f 2533/218/1313 2532/217/1312 498/217/1268 500/218/1276
f 2533/218/1313 2534/223/1314 509/223/1309 499/218/1275
f 2534/223/1314 2533/218/1313 500/218/1276 510/223/1310
f 2534/223/1314 2532/217/1312 497/217/1267 509/223/1309
f 2532/217/1312 2534/223/1314 510/223/1310 498/217/1268
f 2535/222/1315 2536/221/1316 505/221/1294 507/222/1301
f 2536/221/1316 2535/222/1315 508/222/1302 506/221/1295
f 2536/221/1316 2537/224/1317 511/224/1318 505/221/1294
f 2537/224/1317 2536/221/1316 506/221/1295 512/224/1319
f 2537/224/1317 2535/222/1315 507/222/1301 511/224/1318
f 2535/222/1315 2537/224/1317 512/224/1319 508/222/1302
f 2538/224/1320 2539/221/1321 505/221/1294 511/224/1318
f 2539/221/1321 2538/224/1320 512/224/1319 506/221/1295
f 2539/221/1321 2540/223/1322 509/223/1309 505/221/1294
f 2540/223/1322 2539/221/1321 506/221/1295 510/223/1310
f 2540/223/1322 2538/224/1320 511/224/1318 509/223/1309
f 2538/224/1320 2540/223/1322 510/223/1310 512/224/1319
f 2541/225/1323 2542/220/1324 503/220/1288 513/225/1325
f 2542/220/1324 2541/225/1323 514/225/1326 504/220/1289
f 2542/220/1324 2543/222/1327 507/222/1301 503/220/1288
f 2543/222/1327 2542/220/1324 504/220/1289 508/222/1302
f 2543/222/1327 2541/225/1323 513/225/1325 507/222/1301
f 2541/225/1323 2543/222/1327 508/222/1302 514/225/1326
f 2544/226/1328 2545/222/1329 507/222/1301 515/226/1330
f 2545/222/1329 2544/226/1328 516/226/1331 508/222/1302
f 2545/222/1329 2546/224/1332 511/224/1318 507/222/1301
f 2546/224/1332 2545/222/1329 508/222/1302 512/224/1319
f 2546/224/1332 2544/226/1328 515/226/1330 511/224/1318
f 2544/226/1328 2546/224/1332 512/224/1319 516/226/1331
f 2547/223/1333 2548/226/1334 515/226/1330 509/223/1309
f 2548/226/1334 2547/223/1333 510/223/1310 516/226/1331
f 2548/226/1334 2549/224/1335 511/224/1318 515/226/1330
f 2549/224/1335 2548/226/1334 516/226/1331 512/224/1319
f 2549/224/1335 2547/223/1333 509/223/1309 511/224/1318
f 2547/223/1333 2549/224/1335 512/224/1319 510/223/1310
f 2550/222/1336 2551/226/1337 515/226/1330 507/222/1301
f 2551/226/1337 2550/222/1336 508/222/1302 516/226/1331
f 2551/226/1337 2552/225/1338 513/225/1325 515/226/1330
f 2552/225/1338 2551/226/1337 516/226/1331 514/225/1326
f 2552/225/1338 2550/222/1336 507/222/1301 513/225/1325
f 2550/222/1336 2552/225/1338 514/225/1326 508/222/1302
f 2553/220/1339 2554/225/1340 513/225/1325 503/220/1288
f 2554/225/1340 2553/220/1339 504/220/1289 514/225/1326
f 2554/225/1340 2555/227/1341 517/227/1342 513/225/1325
f 2555/227/1341 2554/225/1340 514/225/1326 518/227/1343
f 2555/227/1341 2553/220/1339 503/220/1288 517/227/1342
f 2553/220/1339 2555/227/1341 518/227/1343 504/220/1289
f 2556/218/1344 2557/228/1345 519/228/1346 499/218/1275
f 2557/228/1345 2556/218/1344 500/218/1276 520/228/1347
f 2557/228/1345 2558/223/1348 509/223/1309 519/228/1346
f 2558/223/1348 2557/228/1345 520/228/1347 510/223/1310
f 2558/223/1348 2556/218/1344 499/218/1275 509/223/1309
f 2556/218/1344 2558/223/1348 510/223/1310 500/218/1276
f 2559/226/1349 2560/223/1350 509/223/1309 515/226/1330
f 2560/223/1350 2559/226/1349 516/226/1331 510/223/1310
f 2560/223/1350 2561/228/1351 519/228/1346 509/223/1309
f 2561/228/1351 2560/223/1350 510/223/1310 520/228/1347
f 2561/228/1351 2559/226/1349 515/226/1330 519/228/1346
f 2559/226/1349 2561/228/1351 520/228/1347 516/226/1331
f 2562/228/1352 2563/218/1353 499/218/1275 519/228/1346
f 2563/218/1353 2562/228/1352 520/228/1347 500/218/1276
f 2563/218/1353 2564/229/1354 521/229/1355 499/218/1275
f 2564/229/1354 2563/218/1353 500/218/1276 522/229/1356
f 2564/229/1354 2562/228/1352 519/228/1346 521/229/1355
f 2562/228/1352 2564/229/1354 522/229/1356 520/228/1347
f 2565/230/1357 2566/225/1358 513/225/1325 523/230/1359
f 2566/225/1358 2565/230/1357 524/230/1360 514/225/1326
f 2566/225/1358 2567/226/1361 515/226/1330 513/225/1325
f 2567/226/1361 2566/225/1358 514/225/1326 516/226/1331
f 2567/226/1361 2565/230/1357 523/230/1359 515/226/1330
f 2565/230/1357 2567/226/1361 516/226/1331 524/230/1360
f 2568/228/1362 2569/230/1363 523/230/1359 519/228/1346
f 2569/230/1363 2568/228/1362 520/228/1347 524/230/1360
f 2569/230/1363 2570/226/1364 515/226/1330 523/230/1359
f 2570/226/1364 2569/230/1363 524/230/1360 516/226/1331
f 2570/226/1364 2568/228/1362 519/228/1346 515/226/1330
f 2568/228/1362 2570/226/1364 516/226/1331 520/228/1347
f 2571/231/1365 2572/227/1366 517/227/1342 525/231/1367
f 2572/227/1366 2571/231/1365 526/231/1368 518/227/1343
f 2572/227/1366 2573/225/1369 513/225/1325 517/227/1342
f 2573/225/1369 2572/227/1366 518/227/1343 514/225/1326
f 2573/225/1369 2571/231/1365 525/231/1367 513/225/1325
f 2571/231/1365 2573/225/1369 514/225/1326 526/231/1368
f 2574/225/1370 2575/230/1371 523/230/1359 513/225/1325
f 2575/230/1371 2574/225/1370 514/225/1326 524/230/1360
f 2575/230/1371 2576/231/1372 525/231/1367 523/230/1359
f 2576/231/1372 2575/230/1371 524/230/1360 526/231/1368
f 2576/231/1372 2574/225/1370 513/225/1325 525/231/1367
f 2574/225/1370 2576/231/1372 526/231/1368 514/225/1326
f 2577/227/1373 2578/231/1374 525/231/1367 517/227/1342
f 2578/231/1374 2577/227/1373 518/227/1343 526/231/1368
f 2578/231/1374 2579/232/1375 527/232/1376 525/231/1367
f 2579/232/1375 2578/231/1374 526/231/1368 528/232/1377
f 2579/232/1375 2577/227/1373 517/227/1342 527/232/1376
f 2577/227/1373 2579/232/1375 528/232/1377 518/227/1343
f 2580/233/1378 2581/232/1379 527/232/1376 529/233/1380
f 2581/232/1379 2580/233/1378 530/233/1381 528/232/1377
f 2581/232/1379 2582/231/1382 525/231/1367 527/232/1376
f 2582/231/1382 2581/232/1379 528/232/1377 526/231/1368
f 2582/231/1382 2580/233/1378 529/233/1380 525/231/1367
f 2580/233/1378 2582/231/1382 526/231/1368 530/233/1381
f 2583/234/1383 2584/233/1384 529/233/1380 531/234/1385
f 2584/233/1384 2583/234/1383 532/234/1386 530/233/1381
f 2584/233/1384 2585/231/1387 525/231/1367 529/233/1380
f 2585/231/1387 2584/233/1384 530/233/1381 526/231/1368
f 2585/231/1387 2583/234/1383 531/234/1385 525/231/1367
f 2583/234/1383 2585/231/1387 526/231/1368 532/234/1386
f 2586/234/1388 2587/231/1389 525/231/1367 531/234/1385
f 2587/231/1389 2586/234/1388 532/234/1386 526/231/1368
f 2587/231/1389 2588/230/1390 523/230/1359 525/231/1367
f 2588/230/1390 2587/231/1389 526/231/1368 524/230/1360
f 2588/230/1390 2586/234/1388 531/234/1385 523/230/1359
f 2586/234/1388 2588/230/1390 524/230/1360 532/234/1386
f 2589/235/1391 2590/234/1392 531/234/1385 533/235/1393
f 2590/234/1392 2589/235/1391 534/235/1394 532/234/1386
f 2590/234/1392 2591/230/1395 523/230/1359 531/234/1385
f 2591/230/1395 2590/234/1392 532/234/1386 524/230/1360
f 2591/230/1395 2589/235/1391 533/235/1393 523/230/1359
f 2589/235/1391 2591/230/1395 524/230/1360 534/235/1394
f 2592/235/1396 2593/230/1397 523/230/1359 533/235/1393
f 2593/230/1397 2592/235/1396 534/235/1394 524/230/1360
f 2593/230/1397 2594/236/1398 535/236/1399 523/230/1359
f 2594/236/1398 2593/230/1397 524/230/1360 536/236/1400
f 2594/236/1398 2592/235/1396 533/235/1393 535/236/1399
f 2592/235/1396 2594/236/1398 536/236/1400 534/235/1394
f 2595/230/1401 2596/228/1402 519/228/1346 523/230/1359
f 2596/228/1402 2595/230/1401 524/230/1360 520/228/1347
f 2596/228/1402 2597/237/1403 537/237/1404 519/228/1346
f 2597/237/1403 2596/228/1402 520/228/1347 538/237/1405
f 2597/237/1403 2595/230/1401 523/230/1359 537/237/1404
f 2595/230/1401 2597/237/1403 538/237/1405 524/230/1360
f 2598/236/1406 2599/230/1407 523/230/1359 535/236/1399
f 2599/230/1407 2598/236/1406 536/236/1400 524/230/1360
f 2599/230/1407 2600/237/1408 537/237/1404 523/230/1359
f 2600/237/1408 2599/230/1407 524/230/1360 538/237/1405
f 2600/237/1408 2598/236/1406 535/236/1399 537/237/1404
f 2598/236/1406 2600/237/1408 538/237/1405 536/236/1400
f 2601/229/1409 2602/237/1410 537/237/1404 521/229/1355
f 2602/237/1410 2601/229/1409 522/229/1356 538/237/1405
f 2602/237/1410 2603/228/1411 519/228/1346 537/237/1404
f 2603/228/1411 2602/237/1410 538/237/1405 520/228/1347
f 2603/228/1411 2601/229/1409 521/229/1355 519/228/1346
f 2601/229/1409 2603/228/1411 520/228/1347 522/229/1356
f 2604/236/1412 2605/237/1413 537/237/1404 535/236/1399
f 2605/237/1413 2604/236/1412 536/236/1400 538/237/1405
f 2605/237/1413 2606/238/1414 539/238/1415 537/237/1404
f 2606/238/1414 2605/237/1413 538/237/1405 540/238/1416
f 2606/238/1414 2604/236/1412 535/236/1399 539/238/1415
f 2604/236/1412 2606/238/1414 540/238/1416 536/236/1400
f 2607/237/1417 2608/229/1418 521/229/1355 537/237/1404
f 2608/229/1418 2607/237/1417 538/237/1405 522/229/1356
f 2608/229/1418 2609/239/1419 541/239/1420 521/229/1355
f 2609/239/1419 2608/229/1418 522/229/1356 542/239/1421
f 2609/239/1419 2607/237/1417 537/237/1404 541/239/1420
f 2607/237/1417 2609/239/1419 542/239/1421 538/237/1405
f 2610/238/1422 2611/237/1423 537/237/1404 539/238/1415
f 2611/237/1423 2610/238/1422 540/238/1416 538/237/1405
f 2611/237/1423 2612/239/1424 541/239/1420 537/237/1404
f 2612/239/1424 2611/237/1423 538/237/1405 542/239/1421
f 2612/239/1424 2610/238/1422 539/238/1415 541/239/1420
f 2610/238/1422 2612/239/1424 542/239/1421 540/238/1416
f 2613/240/1425 2614/241/1426 545/241/1427 543/240/1428
f 2614/241/1426 2613/240/1425 544/240/1429 546/241/1430
f 2614/241/1426 2615/242/1431 547/242/1432 545/241/1427
f 2615/242/1431 2614/241/1426 546/241/1430 548/242/1433
f 2615/242/1431 2613/240/1425 543/240/1428 547/242/1432
f 2613/240/1425 2615/242/1431 548/242/1433 544/240/1429
f 2616/241/1434 2617/240/1435 543/240/1428 545/241/1427
f 2617/240/1435 2616/241/1434 546/241/1430 544/240/1429
f 2617/240/1435 2618/243/1436 549/243/1437 543/240/1428
f 2618/243/1436 2617/240/1435 544/240/1429 550/243/1438
f 2618/243/1436 2616/241/1434 545/241/1427 549/243/1437
f 2616/241/1434 2618/243/1436 550/243/1438 546/241/1430
f 2619/240/1439 2620/241/1440 553/241/1441 551/240/1442
f 2620/241/1440 2619/240/1439 552/240/1443 554/241/1444
f 2620/241/1440 2621/243/1445 555/243/1446 553/241/1441
f 2621/243/1445 2620/241/1440 554/241/1444 556/243/1447
f 2621/243/1445 2619/240/1439 551/240/1442 555/243/1446
f 2619/240/1439 2621/243/1445 556/243/1447 552/240/1443
f 2622/241/1448 2623/240/1449 551/240/1442 553/241/1441
f 2623/240/1449 2622/241/1448 554/241/1444 552/240/1443
f 2623/240/1449 2624/242/1450 557/242/1451 551/240/1442
f 2624/242/1450 2623/240/1449 552/240/1443 558/242/1452
f 2624/242/1450 2622/241/1448 553/241/1441 557/242/1451
f 2622/241/1448 2624/242/1450 558/242/1452 554/241/1444
f 2625/244/1453 2626/245/1454 561/245/1455 559/244/1456
f 2626/245/1454 2625/244/1453 560/244/1457 562/245/1458
f 2626/245/1454 2627/246/1459 563/246/1460 561/245/1455
f 2627/246/1459 2626/245/1454 562/245/1458 564/246/1461
f 2627/246/1459 2625/244/1453 559/244/1456 563/246/1460
f 2625/244/1453 2627/246/1459 564/246/1461 560/244/1457
f 2628/247/1462 2629/244/1463 559/244/1456 565/247/1464
f 2629/244/1463 2628/247/1462 566/247/1465 560/244/1457
f 2629/244/1463 2630/246/1466 563/246/1460 559/244/1456
f 2630/246/1466 2629/244/1463 560/244/1457 564/246/1461
f 2630/246/1466 2628/247/1462 565/247/1464 563/246/1460
f 2628/247/1462 2630/246/1466 564/246/1461 566/247/1465
f 2631/245/1467 2632/244/1468 559/244/1456 561/245/1455
f 2632/244/1468 2631/245/1467 562/245/1458 560/244/1457
f 2632/244/1468 2633/248/1469 567/248/1470 559/244/1456
f 2633/248/1469 2632/244/1468 560/244/1457 568/248/1471
f 2633/248/1469 2631/245/1467 561/245/1455 567/248/1470
f 2631/245/1467 2633/248/1469 568/248/1471 562/245/1458
f 2634/248/1472 2635/249/1473 569/249/1474 567/248/1470
f 2635/249/1473 2634/248/1472 568/248/1471 570/249/1475
f 2635/249/1473 2636/245/1476 561/245/1455 569/249/1474
f 2636/245/1476 2635/249/1473 570/249/1475 562/245/1458
f 2636/245/1476 2634/248/1472 567/248/1470 561/245/1455
f 2634/248/1472 2636/245/1476 562/245/1458 568/248/1471
f 2637/248/1477 2638/250/1478 571/250/1479 567/248/1470
f 2638/250/1478 2637/248/1477 568/248/1471 572/250/1480
f 2638/250/1478 2639/249/1481 569/249/1474 571/250/1479
f 2639/249/1481 2638/250/1478 572/250/1480 570/249/1475
f 2639/249/1481 2637/248/1477 567/248/1470 569/249/1474
f 2637/248/1477 2639/249/1481 570/249/1475 568/248/1471
f 2640/248/1482 2641/251/1483 573/251/1484 567/248/1470
f 2641/251/1483 2640/248/1482 568/248/1471 574/251/1485
f 2641/251/1483 2642/250/1486 571/250/1479 573/251/1484
f 2642/250/1486 2641/251/1483 574/251/1485 572/250/1480
f 2642/250/1486 2640/248/1482 567/248/1470 571/250/1479
f 2640/248/1482 2642/250/1486 572/250/1480 568/248/1471
f 2643/244/1487 2644/247/1488 565/247/1464 559/244/1456
f 2644/247/1488 2643/244/1487 560/244/1457 566/247/1465
f 2644/247/1488 2645/252/1489 575/252/1490 565/247/1464
f 2645/252/1489 2644/247/1488 566/247/1465 576/252/1491
f 2645/252/1489 2643/244/1487 559/244/1456 575/252/1490
f 2643/244/1487 2645/252/1489 576/252/1491 560/244/1457
f 2646/253/1492 2647/252/1493 575/252/1490 577/253/1494
f 2647/252/1493 2646/253/1492 578/253/1495 576/252/1491
f 2647/252/1493 2648/247/1496 565/247/1464 575/252/1490
f 2648/247/1496 2647/252/1493 576/252/1491 566/247/1465
f 2648/247/1496 2646/253/1492 577/253/1494 565/247/1464
f 2646/253/1492 2648/247/1496 566/247/1465 578/253/1495
f 2649/252/1497 2650/253/1498 577/253/1494 575/252/1490
f 2650/253/1498 2649/252/1497 576/252/1491 578/253/1495
f 2650/253/1498 2651/254/1499 579/254/1500 577/253/1494
f 2651/254/1499 2650/253/1498 578/253/1495 580/254/1501
f 2651/254/1499 2649/252/1497 575/252/1490 579/254/1500
f 2649/252/1497 2651/254/1499 580/254/1501 576/252/1491
f 2652/255/1502 2653/252/1503 575/252/1490 581/255/1504
f 2653/252/1503 2652/255/1502 582/255/1505 576/252/1491
f 2653/252/1503 2654/254/1506 579/254/1500 575/252/1490
f 2654/254/1506 2653/252/1503 576/252/1491 580/254/1501
f 2654/254/1506 2652/255/1502 581/255/1504 579/254/1500
f 2652/255/1502 2654/254/1506 580/254/1501 582/255/1505
f 2655/251/1507 2656/248/1508 567/248/1470 573/251/1484
f 2656/248/1508 2655/251/1507 574/251/1485 568/248/1471
f 2656/248/1508 2657/256/1509 583/256/1510 567/248/1470
f 2657/256/1509 2656/248/1508 568/248/1471 584/256/1511
f 2657/256/1509 2655/251/1507 573/251/1484 583/256/1510
f 2655/251/1507 2657/256/1509 584/256/1511 574/251/1485
f 2658/256/1512 2659/257/1513 585/257/1514 583/256/1510
f 2659/257/1513 2658/256/1512 584/256/1511 586/257/1515
f 2659/257/1513 2660/251/1516 573/251/1484 585/257/1514
f 2660/251/1516 2659/257/1513 586/257/1515 574/251/1485
f 2660/251/1516 2658/256/1512 583/256/1510 573/251/1484
f 2658/256/1512 2660/251/1516 574/251/1485 584/256/1511
f 2661/257/1517 2662/256/1518 583/256/1510 585/257/1514
f 2662/256/1518 2661/257/1517 586/257/1515 584/256/1511
f 2662/256/1518 2663/258/1519 587/258/1520 583/256/1510
f 2663/258/1519 2662/256/1518 584/256/1511 588/258/1521
f 2663/258/1519 2661/257/1517 585/257/1514 587/258/1520
f 2661/257/1517 2663/258/1519 588/258/1521 586/257/1515
f 2664/248/1522 2665/259/1523 589/259/1524 567/248/1470
f 2665/259/1523 2664/248/1522 568/248/1471 590/259/1525
f 2665/259/1523 2666/256/1526 583/256/1510 589/259/1524
f 2666/256/1526 2665/259/1523 590/259/1525 584/256/1511
f 2666/256/1526 2664/248/1522 567/248/1470 583/256/1510
f 2664/248/1522 2666/256/1526 584/256/1511 568/248/1471
f 2667/258/1527 2668/256/1528 583/256/1510 587/258/1520
f 2668/256/1528 2667/258/1527 588/258/1521 584/256/1511
f 2668/256/1528 2669/259/1529 589/259/1524 583/256/1510
f 2669/259/1529 2668/256/1528 584/256/1511 590/259/1525
f 2669/259/1529 2667/258/1527 587/258/1520 589/259/1524
f 2667/258/1527 2669/259/1529 590/259/1525 588/258/1521
f 2670/259/1530 2671/248/1531 567/248/1470 589/259/1524
f 2671/248/1531 2670/259/1530 590/259/1525 568/248/1471
f 2671/248/1531 2672/244/1532 559/244/1456 567/248/1470
f 2672/244/1532 2671/248/1531 568/248/1471 560/244/1457
f 2672/244/1532 2670/259/1530 589/259/1524 559/244/1456
f 2670/259/1530 2672/244/1532 560/244/1457 590/259/1525
f 2673/252/1533 2674/259/1534 589/259/1524 575/252/1490
f 2674/259/1534 2673/252/1533 576/252/1491 590/259/1525
f 2674/259/1534 2675/244/1535 559/244/1456 589/259/1524
f 2675/244/1535 2674/259/1534 590/259/1525 560/244/1457
f 2675/244/1535 2673/252/1533 575/252/1490 559/244/1456
f 2673/252/1533 2675/244/1535 560/244/1457 576/252/1491
f 2676/260/1536 2677/258/1537 587/258/1520 591/260/1538
f 2677/258/1537 2676/260/1536 592/260/1539 588/258/1521
f 2677/258/1537 2678/259/1540 589/259/1524 587/258/1520
f 2678/259/1540 2677/258/1537 588/258/1521 590/259/1525
f 2678/259/1540 2676/260/1536 591/260/1538 589/259/1524
f 2676/260/1536 2678/259/1540 590/259/1525 592/260/1539
f 2679/260/1541 2680/259/1542 589/259/1524 591/260/1538
f 2680/259/1542 2679/260/1541 592/260/1539 590/259/1525
f 2680/259/1542 2681/261/1543 593/261/1544 589/259/1524
f 2681/261/1543 2680/259/1542 590/259/1525 594/261/1545
f 2681/261/1543 2679/260/1541 591/260/1538 593/261/1544
f 2679/260/1541 2681/261/1543 594/261/1545 592/260/1539
f 2682/259/1546 2683/252/1547 575/252/1490 589/259/1524
f 2683/252/1547 2682/259/1546 590/259/1525 576/252/1491
f 2683/252/1547 2684/262/1548 595/262/1549 575/252/1490
f 2684/262/1548 2683/252/1547 576/252/1491 596/262/1550
f 2684/262/1548 2682/259/1546 589/259/1524 595/262/1549
f 2682/259/1546 2684/262/1548 596/262/1550 590/259/1525
f 2685/261/1551 2686/259/1552 589/259/1524 593/261/1544
f 2686/259/1552 2685/261/1551 594/261/1545 590/259/1525
f 2686/259/1552 2687/262/1553 595/262/1549 589/259/1524
f 2687/262/1553 2686/259/1552 590/259/1525 596/262/1550
f 2687/262/1553 2685/261/1551 593/261/1544 595/262/1549
f 2685/261/1551 2687/262/1553 596/262/1550 594/261/1545
f 2688/252/1554 2689/255/1555 581/255/1504 575/252/1490
f 2689/255/1555 2688/252/1554 576/252/1491 582/255/1505
f 2689/255/1555 2690/262/1556 595/262/1549 581/255/1504
f 2690/262/1556 2689/255/1555 582/255/1505 596/262/1550
f 2690/262/1556 2688/252/1554 575/252/1490 595/262/1549
f 2688/252/1554 2690/262/1556 596/262/1550 576/252/1491
f 2691/262/1557 2692/263/1558 597/263/1559 595/262/1549
f 2692/263/1558 2691/262/1557 596/262/1550 598/263/1560
f 2692/263/1558 2693/261/1561 593/261/1544 597/263/1559
f 2693/261/1561 2692/263/1558 598/263/1560 594/261/1545
f 2693/261/1561 2691/262/1557 595/262/1549 593/261/1544
f 2691/262/1557 2693/261/1561 594/261/1545 596/262/1550
f 2694/263/1562 2695/262/1563 595/262/1549 597/263/1559
f 2695/262/1563 2694/263/1562 598/263/1560 596/262/1550
f 2695/262/1563 2696/255/1564 581/255/1504 595/262/1549
f 2696/255/1564 2695/262/1563 596/262/1550 582/255/1505
f 2696/255/1564 2694/263/1562 597/263/1559 581/255/1504
f 2694/263/1562 2696/255/1564 582/255/1505 598/263/1560
f 2697/264/1565 2698/265/1566 601/265/1567 599/264/1568
f 2698/265/1566 2697/264/1565 600/264/1569 602/265/1570
f 2698/265/1566 2699/266/1571 603/266/1572 601/265/1567
f 2699/266/1571 2698/265/1566 602/265/1570 604/266/1573
f 2699/266/1571 2697/264/1565 599/264/1568 603/266/1572
f 2697/264/1565 2699/266/1571 604/266/1573 600/264/1569
f 2700/267/1574 2701/266/1575 603/266/1572 605/267/1576
f 2701/266/1575 2700/267/1574 606/267/1577 604/266/1573
f 2701/266/1575 2702/265/1578 601/265/1567 603/266/1572
f 2702/265/1578 2701/266/1575 604/266/1573 602/265/1570
f 2702/265/1578 2700/267/1574 605/267/1576 601/265/1567
f 2700/267/1574 2702/265/1578 602/265/1570 606/267/1577
f 2703/265/1579 2704/264/1580 599/264/1568 601/265/1567
f 2704/264/1580 2703/265/1579 602/265/1570 600/264/1569
f 2704/264/1580 2705/268/1581 607/268/1582 599/264/1568
f 2705/268/1581 2704/264/1580 600/264/1569 608/268/1583
f 2705/268/1581 2703/265/1579 601/265/1567 607/268/1582
f 2703/265/1579 2705/268/1581 608/268/1583 602/265/1570
f 2706/268/1584 2707/264/1585 599/264/1568 607/268/1582
f 2707/264/1585 2706/268/1584 608/268/1583 600/264/1569
f 2707/264/1585 2708/269/1586 609/269/1587 599/264/1568
f 2708/269/1586 2707/264/1585 600/264/1569 610/269/1588
f 2708/269/1586 2706/268/1584 607/268/1582 609/269/1587
f 2706/268/1584 2708/269/1586 610/269/1588 608/268/1583
f 2709/266/1589 2710/270/1590 611/270/1591 603/266/1572
f 2710/270/1590 2709/266/1589 604/266/1573 612/270/1592
f 2710/270/1590 2711/264/1593 599/264/1568 611/270/1591
f 2711/264/1593 2710/270/1590 612/270/1592 600/264/1569
f 2711/264/1593 2709/266/1589 603/266/1572 599/264/1568
f 2709/266/1589 2711/264/1593 600/264/1569 604/266/1573
f 2712/271/1594 2713/270/1595 611/270/1591 613/271/1596
f 2713/270/1595 2712/271/1594 614/271/1597 612/270/1592
f 2713/270/1595 2714/266/1598 603/266/1572 611/270/1591
f 2714/266/1598 2713/270/1595 612/270/1592 604/266/1573
f 2714/266/1598 2712/271/1594 613/271/1596 603/266/1572
f 2712/271/1594 2714/266/1598 604/266/1573 614/271/1597
f 2715/272/1599 2716/271/1600 613/271/1596 615/272/1601
f 2716/271/1600 2715/272/1599 616/272/1602 614/271/1597
f 2716/271/1600 2717/266/1603 603/266/1572 613/271/1596
f 2717/266/1603 2716/271/1600 614/271/1597 604/266/1573
f 2717/266/1603 2715/272/1599 615/272/1601 603/266/1572
f 2715/272/1599 2717/266/1603 604/266/1573 616/272/1602
f 2718/272/1604 2719/273/1605 617/273/1606 615/272/1601
f 2719/273/1605 2718/272/1604 616/272/1602 618/273/1607
f 2719/273/1605 2720/271/1608 613/271/1596 617/273/1606
f 2720/271/1608 2719/273/1605 618/273/1607 614/271/1597
f 2720/271/1608 2718/272/1604 615/272/1601 613/271/1596
f 2718/272/1604 2720/271/1608 614/271/1597 616/272/1602
f 2721/274/1609 2722/273/1610 617/273/1606 619/274/1611
f 2722/273/1610 2721/274/1609 620/274/1612 618/273/1607
f 2722/273/1610 2723/272/1613 615/272/1601 617/273/1606
f 2723/272/1613 2722/273/1610 618/273/1607 616/272/1602
f 2723/272/1613 2721/274/1609 619/274/1611 615/272/1601
f 2721/274/1609 2723/272/1613 616/272/1602 620/274/1612
f 2724/275/1614 2725/273/1615 617/273/1606 621/275/1616
f 2725/273/1615 2724/275/1614 622/275/1617 618/273/1607
f 2725/273/1615 2726/274/1618 619/274/1611 617/273/1606
f 2726/274/1618 2725/273/1615 618/273/1607 620/274/1612
f 2726/274/1618 2724/275/1614 621/275/1616 619/274/1611
f 2724/275/1614 2726/274/1618 620/274/1612 622/275/1617
f 2727/273/1619 2728/275/1620 621/275/1616 617/273/1606
f 2728/275/1620 2727/273/1619 618/273/1607 622/275/1617
f 2728/275/1620 2729/276/1621 623/276/1622 621/275/1616
f 2729/276/1621 2728/275/1620 622/275/1617 624/276/1623
f 2729/276/1621 2727/273/1619 617/273/1606 623/276/1622
f 2727/273/1619 2729/276/1621 624/276/1623 618/273/1607
f 2730/277/1624 2731/276/1625 623/276/1622 625/277/1626
f 2731/276/1625 2730/277/1624 626/277/1627 624/276/1623
f 2731/276/1625 2732/275/1628 621/275/1616 623/276/1622
f 2732/275/1628 2731/276/1625 624/276/1623 622/275/1617
f 2732/275/1628 2730/277/1624 625/277/1626 621/275/1616
f 2730/277/1624 2732/275/1628 622/275/1617 626/277/1627
f 2733/276/1629 2734/277/1630 625/277/1626 623/276/1622
f 2734/277/1630 2733/276/1629 624/276/1623 626/277/1627
f 2734/277/1630 2735/278/1631 627/278/1632 625/277/1626
f 2735/278/1631 2734/277/1630 626/277/1627 628/278/1633
f 2735/278/1631 2733/276/1629 623/276/1622 627/278/1632
f 2733/276/1629 2735/278/1631 628/278/1633 624/276/1623
f 2736/279/1634 2737/278/1635 627/278/1632 629/279/1636
f 2737/278/1635 2736/279/1634 630/279/1637 628/278/1633
f 2737/278/1635 2738/277/1638 625/277/1626 627/278/1632
f 2738/277/1638 2737/278/1635 628/278/1633 626/277/1627
f 2738/277/1638 2736/279/1634 629/279/1636 625/277/1626
f 2736/279/1634 2738/277/1638 626/277/1627 630/279/1637
f 2739/280/1639 2740/278/1640 627/278/1632 631/280/1641
f 2740/278/1640 2739/280/1639 632/280/1642 628/278/1633
f 2740/278/1640 2741/279/1643 629/279/1636 627/278/1632
f 2741/279/1643 2740/278/1640 628/278/1633 630/279/1637
f 2741/279/1643 2739/280/1639 631/280/1641 629/279/1636
f 2739/280/1639 2741/279/1643 630/279/1637 632/280/1642
f 2742/280/1644 2743/281/1645 633/281/1646 631/280/1641
f 2743/281/1645 2742/280/1644 632/280/1642 634/281/1647
f 2743/281/1645 2744/278/1648 627/278/1632 633/281/1646
f 2744/278/1648 2743/281/1645 634/281/1647 628/278/1633
f 2744/278/1648 2742/280/1644 631/280/1641 627/278/1632
f 2742/280/1644 2744/278/1648 628/278/1633 632/280/1642
f 2745/281/1649 2746/280/1650 631/280/1641 633/281/1646
f 2746/280/1650 2745/281/1649 634/281/1647 632/280/1642
f 2746/280/1650 2747/282/1651 635/282/1652 631/280/1641
f 2747/282/1651 2746/280/1650 632/280/1642 636/282/1653
f 2747/282/1651 2745/281/1649 633/281/1646 635/282/1652
f 2745/281/1649 2747/282/1651 636/282/1653 634/281/1647
f 2748/282/1654 2749/283/1655 637/283/1656 635/282/1652
f 2749/283/1655 2748/282/1654 636/282/1653 638/283/1657
f 2749/283/1655 2750/281/1658 633/281/1646 637/283/1656
f 2750/281/1658 2749/283/1655 638/283/1657 634/281/1647
f 2750/281/1658 2748/282/1654 635/282/1652 633/281/1646
f 2748/282/1654 2750/281/1658 634/281/1647 636/282/1653
f 2751/283/1659 2752/282/1660 635/282/1652 637/283/1656
f 2752/282/1660 2751/283/1659 638/283/1657 636/282/1653
f 2752/282/1660 2753/284/1661 639/284/1662 635/282/1652
f 2753/284/1661 2752/282/1660 636/282/1653 640/284/1663
f 2753/284/1661 2751/283/1659 637/283/1656 639/284/1662
f 2751/283/1659 2753/284/1661 640/284/1663 638/283/1657
f 2754/285/1664 2755/283/1665 637/283/1656 641/285/1666
f 2755/283/1665 2754/285/1664 642/285/1667 638/283/1657
f 2755/283/1665 2756/284/1668 639/284/1662 637/283/1656
f 2756/284/1668 2755/283/1665 638/283/1657 640/284/1663
f 2756/284/1668 2754/285/1664 641/285/1666 639/284/1662
f 2754/285/1664 2756/284/1668 640/284/1663 642/285/1667
f 2757/283/1669 2758/285/1670 641/285/1666 637/283/1656
f 2758/285/1670 2757/283/1669 638/283/1657 642/285/1667
f 2758/285/1670 2759/286/1671 643/286/1672 641/285/1666
f 2759/286/1671 2758/285/1670 642/285/1667 644/286/1673
f 2759/286/1671 2757/283/1669 637/283/1656 643/286/1672
f 2757/283/1669 2759/286/1671 644/286/1673 638/283/1657
f 2760/284/1674 2761/287/1675 645/287/1676 639/284/1662
f 2761/287/1675 2760/284/1674 640/284/1663 646/287/1677
f 2761/287/1675 2762/285/1678 641/285/1666 645/287/1676
f 2762/285/1678 2761/287/1675 646/287/1677 642/285/1667
f 2762/285/1678 2760/284/1674 639/284/1662 641/285/1666
f 2760/284/1674 2762/285/1678 642/285/1667 640/284/1663
f 2763/286/1679 2764/285/1680 641/285/1666 643/286/1672
f 2764/285/1680 2763/286/1679 644/286/1673 642/285/1667
f 2764/285/1680 2765/288/1681 647/288/1682 641/285/1666
f 2765/288/1681 2764/285/1680 642/285/1667 648/288/1683
f 2765/288/1681 2763/286/1679 643/286/1672 647/288/1682
f 2763/286/1679 2765/288/1681 648/288/1683 644/286/1673
f 2766/284/1684 2767/289/1685 649/289/1686 639/284/1662
f 2767/289/1685 2766/284/1684 640/284/1663 650/289/1687
f 2767/289/1685 2768/287/1688 645/287/1676 649/289/1686
f 2768/287/1688 2767/289/1685 650/289/1687 646/287/1677
f 2768/287/1688 2766/284/1684 639/284/1662 645/287/1676
f 2766/284/1684 2768/287/1688 646/287/1677 640/284/1663
f 2769/290/1689 2770/286/1690 643/286/1672 651/290/1691
f 2770/286/1690 2769/290/1689 652/290/1692 644/286/1673
f 2770/286/1690 2771/288/1693 647/288/1682 643/286/1672
f 2771/288/1693 2770/286/1690 644/286/1673 648/288/1683
f 2771/288/1693 2769/290/1689 651/290/1691 647/288/1682
f 2769/290/1689 2771/288/1693 648/288/1683 652/290/1692
f 2772/291/1694 2773/290/1695 651/290/1691 653/291/1696
f 2773/290/1695 2772/291/1694 654/291/1697 652/290/1692
f 2773/290/1695 2774/288/1698 647/288/1682 651/290/1691
f 2774/288/1698 2773/290/1695 652/290/1692 648/288/1683
f 2774/288/1698 2772/291/1694 653/291/1696 647/288/1682
f 2772/291/1694 2774/288/1698 648/288/1683 654/291/1697
f 2775/290/1699 2776/291/1700 653/291/1696 651/290/1691
f 2776/291/1700 2775/290/1699 652/290/1692 654/291/1697
f 2776/291/1700 2777/292/1701 655/292/1702 653/291/1696
f 2777/292/1701 2776/291/1700 654/291/1697 656/292/1703
f 2777/292/1701 2775/290/1699 651/290/1691 655/292/1702
f 2775/290/1699 2777/292/1701 656/292/1703 652/290/1692
f 2778/287/1704 2779/289/1705 649/289/1686 645/287/1676
f 2779/289/1705 2778/287/1704 646/287/1677 650/289/1687
f 2779/289/1705 2780/293/1706 657/293/1707 649/289/1686
f 2780/293/1706 2779/289/1705 650/289/1687 658/293/1708
f 2780/293/1706 2778/287/1704 645/287/1676 657/293/1707
f 2778/287/1704 2780/293/1706 658/293/1708 646/287/1677
f 2781/293/1709 2782/289/1710 649/289/1686 657/293/1707
f 2782/289/1710 2781/293/1709 658/293/1708 650/289/1687
f 2782/289/1710 2783/294/1711 659/294/1712 649/289/1686
f 2783/294/1711 2782/289/1710 650/289/1687 660/294/1713
f 2783/294/1711 2781/293/1709 657/293/1707 659/294/1712
f 2781/293/1709 2783/294/1711 660/294/1713 658/293/1708
f 2784/295/1714 2785/294/1715 659/294/1712 661/295/1716
f 2785/294/1715 2784/295/1714 662/295/1717 660/294/1713
f 2785/294/1715 2786/289/1718 649/289/1686 659/294/1712
f 2786/289/1718 2785/294/1715 660/294/1713 650/289/1687
f 2786/289/1718 2784/295/1714 661/295/1716 649/289/1686
f 2784/295/1714 2786/289/1718 650/289/1687 662/295/1717
f 2787/293/1719 2788/294/1720 659/294/1712 657/293/1707
f 2788/294/1720 2787/293/1719 658/293/1708 660/294/1713
f 2788/294/1720 2789/296/1721 663/296/1722 659/294/1712
f 2789/296/1721 2788/294/1720 660/294/1713 664/296/1723
f 2789/296/1721 2787/293/1719 657/293/1707 663/296/1722
f 2787/293/1719 2789/296/1721 664/296/1723 658/293/1708
f 2790/293/1724 2791/296/1725 663/296/1722 657/293/1707
f 2791/296/1725 2790/293/1724 658/293/1708 664/296/1723
f 2791/296/1725 2792/297/1726 665/297/1727 663/296/1722
f 2792/297/1726 2791/296/1725 664/296/1723 666/297/1728
f 2792/297/1726 2790/293/1724 657/293/1707 665/297/1727
f 2790/293/1724 2792/297/1726 666/297/1728 658/293/1708
f 2793/294/1729 2794/295/1730 661/295/1716 659/294/1712
f 2794/295/1730 2793/294/1729 660/294/1713 662/295/1717
f 2794/295/1730 2795/298/1731 667/298/1732 661/295/1716
f 2795/298/1731 2794/295/1730 662/295/1717 668/298/1733
f 2795/298/1731 2793/294/1729 659/294/1712 667/298/1732
f 2793/294/1729 2795/298/1731 668/298/1733 660/294/1713
f 2796/299/1734 2797/297/1735 665/297/1727 669/299/1736
f 2797/297/1735 2796/299/1734 670/299/1737 666/297/1728
f 2797/297/1735 2798/296/1738 663/296/1722 665/297/1727
f 2798/296/1738 2797/297/1735 666/297/1728 664/296/1723
f 2798/296/1738 2796/299/1734 669/299/1736 663/296/1722
f 2796/299/1734 2798/296/1738 664/296/1723 670/299/1737
f 2799/297/1739 2800/299/1740 669/299/1736 665/297/1727
f 2800/299/1740 2799/297/1739 666/297/1728 670/299/1737
f 2800/299/1740 2801/300/1741 671/300/1742 669/299/1736
f 2801/300/1741 2800/299/1740 670/299/1737 672/300/1743
f 2801/300/1741 2799/297/1739 665/297/1727 671/300/1742
f 2799/297/1739 2801/300/1741 672/300/1743 666/297/1728
f 2802/301/1744 2803/300/1745 671/300/1742 673/301/1746
f 2803/300/1745 2802/301/1744 674/301/1747 672/300/1743
f 2803/300/1745 2804/299/1748 669/299/1736 671/300/1742
f 2804/299/1748 2803/300/1745 672/300/1743 670/299/1737
f 2804/299/1748 2802/301/1744 673/301/1746 669/299/1736
f 2802/301/1744 2804/299/1748 670/299/1737 674/301/1747
f 2805/300/1749 2806/301/1750 673/301/1746 671/300/1742
f 2806/301/1750 2805/300/1749 672/300/1743 674/301/1747
f 2806/301/1750 2807/302/1751 675/302/1752 673/301/1746
f 2807/302/1751 2806/301/1750 674/301/1747 676/302/1753
f 2807/302/1751 2805/300/1749 671/300/1742 675/302/1752
f 2805/300/1749 2807/302/1751 676/302/1753 672/300/1743
f 2808/303/1754 2809/302/1755 675/302/1752 677/303/1756
f 2809/302/1755 2808/303/1754 678/303/1757 676/302/1753
f 2809/302/1755 2810/301/1758 673/301/1746 675/302/1752
f 2810/301/1758 2809/302/1755 676/302/1753 674/301/1747
f 2810/301/1758 2808/303/1754 677/303/1756 673/301/1746
f 2808/303/1754 2810/301/1758 674/301/1747 678/303/1757
f 2811/302/1759 2812/303/1760 677/303/1756 675/302/1752
f 2812/303/1760 2811/302/1759 676/302/1753 678/303/1757
f 2812/303/1760 2813/304/1761 679/304/1762 677/303/1756
f 2813/304/1761 2812/303/1760 678/303/1757 680/304/1763
f 2813/304/1761 2811/302/1759 675/302/1752 679/304/1762
f 2811/302/1759 2813/304/1761 680/304/1763 676/302/1753
f 2814/303/1764 2815/305/1765 681/305/1766 677/303/1756
f 2815/305/1765 2814/303/1764 678/303/1757 682/305/1767
f 2815/305/1765 2816/304/1768 679/304/1762 681/305/1766
f 2816/304/1768 2815/305/1765 682/305/1767 680/304/1763
f 2816/304/1768 2814/303/1764 677/303/1756 679/304/1762
f 2814/303/1764 2816/304/1768 680/304/1763 678/303/1757
f 2817/305/1769 2818/306/1770 683/306/1771 681/305/1766
f 2818/306/1770 2817/305/1769 682/305/1767 684/306/1772
f 2818/306/1770 2819/304/1773 679/304/1762 683/306/1771
f 2819/304/1773 2818/306/1770 684/306/1772 680/304/1763
f 2819/304/1773 2817/305/1769 681/305/1766 679/304/1762
f 2817/305/1769 2819/304/1773 680/304/1763 682/305/1767
f 2820/295/1774 2821/307/1775 685/307/1776 661/295/1716
f 2821/307/1775 2820/295/1774 662/295/1717 686/307/1777
f 2821/307/1775 2822/298/1778 667/298/1732 685/307/1776
f 2822/298/1778 2821/307/1775 686/307/1777 668/298/1733
f 2822/298/1778 2820/295/1774 661/295/1716 667/298/1732
f 2820/295/1774 2822/298/1778 668/298/1733 662/295/1717
f 2823/308/1779 2824/307/1780 685/307/1776 687/308/1781
f 2824/307/1780 2823/308/1779 688/308/1782 686/307/1777
f 2824/307/1780 2825/295/1783 661/295/1716 685/307/1776
f 2825/295/1783 2824/307/1780 686/307/1777 662/295/1717
f 2825/295/1783 2823/308/1779 687/308/1781 661/295/1716
f 2823/308/1779 2825/295/1783 662/295/1717 688/308/1782
f 2826/309/1784 2827/298/1785 667/298/1732 689/309/1786
f 2827/298/1785 2826/309/1784 690/309/1787 668/298/1733
f 2827/298/1785 2828/307/1788 685/307/1776 667/298/1732
f 2828/307/1788 2827/298/1785 668/298/1733 686/307/1777
f 2828/307/1788 2826/309/1784 689/309/1786 685/307/1776
f 2826/309/1784 2828/307/1788 686/307/1777 690/309/1787
f 2829/307/1789 2830/308/1790 687/308/1781 685/307/1776
f 2830/308/1790 2829/307/1789 686/307/1777 688/308/1782
f 2830/308/1790 2831/310/1791 691/310/1792 687/308/1781
f 2831/310/1791 2830/308/1790 688/308/1782 692/310/1793
f 2831/310/1791 2829/307/1789 685/307/1776 691/310/1792
f 2829/307/1789 2831/310/1791 692/310/1793 686/307/1777
f 2832/308/1794 2833/311/1795 693/311/1796 687/308/1781
f 2833/311/1795 2832/308/1794 688/308/1782 694/311/1797
f 2833/311/1795 2834/310/1798 691/310/1792 693/311/1796
f 2834/310/1798 2833/311/1795 694/311/1797 692/310/1793
f 2834/310/1798 2832/308/1794 687/308/1781 691/310/1792
f 2832/308/1794 2834/310/1798 692/310/1793 688/308/1782
f 2835/311/1799 2836/308/1800 687/308/1781 693/311/1796
f 2836/308/1800 2835/311/1799 694/311/1797 688/308/1782
f 2836/308/1800 2837/312/1801 695/312/1802 687/308/1781
f 2837/312/1801 2836/308/1800 688/308/1782 696/312/1803
f 2837/312/1801 2835/311/1799 693/311/1796 695/312/1802
f 2835/311/1799 2837/312/1801 696/312/1803 694/311/1797
f 2838/298/1804 2839/309/1805 689/309/1786 667/298/1732
f 2839/309/1805 2838/298/1804 668/298/1733 690/309/1787
f 2839/309/1805 2840/313/1806 697/313/1807 689/309/1786
f 2840/313/1806 2839/309/1805 690/309/1787 698/313/1808
f 2840/313/1806 2838/298/1804 667/298/1732 697/313/1807
f 2838/298/1804 2840/313/1806 698/313/1808 668/298/1733
f 2841/313/1809 2842/309/1810 689/309/1786 697/313/1807
f 2842/309/1810 2841/313/1809 698/313/1808 690/309/1787
f 2842/309/1810 2843/314/1811 699/314/1812 689/309/1786
f 2843/314/1811 2842/309/1810 690/309/1787 700/314/1813
f 2843/314/1811 2841/313/1809 697/313/1807 699/314/1812
f 2841/313/1809 2843/314/1811 700/314/1813 698/313/1808
f 2844/314/1814 2845/309/1815 689/309/1786 699/314/1812
f 2845/309/1815 2844/314/1814 700/314/1813 690/309/1787
f 2845/309/1815 2846/315/1816 701/315/1817 689/309/1786
f 2846/315/1816 2845/309/1815 690/309/1787 702/315/1818
f 2846/315/1816 2844/314/1814 699/314/1812 701/315/1817
f 2844/314/1814 2846/315/1816 702/315/1818 700/314/1813
f 2847/314/1819 2848/315/1820 701/315/1817 699/314/1812
f 2848/315/1820 2847/314/1819 700/314/1813 702/315/1818
f 2848/315/1820 2849/316/1821 703/316/1822 701/315/1817
f 2849/316/1821 2848/315/1820 702/315/1818 704/316/1823
f 2849/316/1821 2847/314/1819 699/314/1812 703/316/1822
f 2847/314/1819 2849/316/1821 704/316/1823 700/314/1813
f 2850/315/1824 2851/317/1825 705/317/1826 701/315/1817
f 2851/317/1825 2850/315/1824 702/315/1818 706/317/1827
f 2851/317/1825 2852/316/1828 703/316/1822 705/317/1826
f 2852/316/1828 2851/317/1825 706/317/1827 704/316/1823
f 2852/316/1828 2850/315/1824 701/315/1817 703/316/1822
f 2850/315/1824 2852/316/1828 704/316/1823 702/315/1818
f 2853/317/1829 2854/318/1830 707/318/1831 705/317/1826
f 2854/318/1830 2853/317/1829 706/317/1827 708/318/1832
f 2854/318/1830 2855/316/1833 703/316/1822 707/318/1831
f 2855/316/1833 2854/318/1830 708/318/1832 704/316/1823
f 2855/316/1833 2853/317/1829 705/317/1826 703/316/1822
f 2853/317/1829 2855/316/1833 704/316/1823 706/317/1827
f 2856/318/1834 2857/319/1835 709/319/1836 707/318/1831
f 2857/319/1835 2856/318/1834 708/318/1832 710/319/1837
f 2857/319/1835 2858/316/1838 703/316/1822 709/319/1836
f 2858/316/1838 2857/319/1835 710/319/1837 704/316/1823
f 2858/316/1838 2856/318/1834 707/318/1831 703/316/1822
f 2856/318/1834 2858/316/1838 704/316/1823 708/318/1832
f 2859/320/1839 2860/321/1840 713/321/1841 711/320/1842
f 2860/321/1840 2859/320/1839 712/320/1843 714/321/1844
f 2860/321/1840 2861/322/1845 715/322/1846 713/321/1841
f 2861/322/1845 2860/321/1840 714/321/1844 716/322/1847
f 2861/322/1845 2859/320/1839 711/320/1842 715/322/1846
f 2859/320/1839 2861/322/1845 716/322/1847 712/320/1843
f 2862/321/1848 2863/320/1849 711/320/1842 713/321/1841
f 2863/320/1849 2862/321/1848 714/321/1844 712/320/1843
f 2863/320/1849 2864/323/1850 717/323/1851 711/320/1842
f 2864/323/1850 2863/320/1849 712/320/1843 718/323/1852
f 2864/323/1850 2862/321/1848 713/321/1841 717/323/1851
f 2862/321/1848 2864/323/1850 718/323/1852 714/321/1844
f 2865/323/1853 2866/324/1854 719/324/1855 717/323/1851
f 2866/324/1854 2865/323/1853 718/323/1852 720/324/1856
f 2866/324/1854 2867/321/1857 713/321/1841 719/324/1855
f 2867/321/1857 2866/324/1854 720/324/1856 714/321/1844
f 2867/321/1857 2865/323/1853 717/323/1851 713/321/1841
f 2865/323/1853 2867/321/1857 714/321/1844 718/323/1852
f 2868/324/1858 2869/323/1859 717/323/1851 719/324/1855
f 2869/323/1859 2868/324/1858 720/324/1856 718/323/1852
f 2869/323/1859 2870/325/1860 721/325/1861 717/323/1851
f 2870/325/1860 2869/323/1859 718/323/1852 722/325/1862
f 2870/325/1860 2868/324/1858 719/324/1855 721/325/1861
f 2868/324/1858 2870/325/1860 722/325/1862 720/324/1856
f 2871/324/1863 2872/325/1864 721/325/1861 719/324/1855
f 2872/325/1864 2871/324/1863 720/324/1856 722/325/1862
f 2872/325/1864 2873/326/1865 723/326/1866 721/325/1861
f 2873/326/1865 2872/325/1864 722/325/1862 724/326/1867
f 2873/326/1865 2871/324/1863 719/324/1855 723/326/1866
f 2871/324/1863 2873/326/1865 724/326/1867 720/324/1856
f 2874/326/1868 2875/325/1869 721/325/1861 723/326/1866
f 2875/325/1869 2874/326/1868 724/326/1867 722/325/1862
f 2875/325/1869 2876/327/1870 725/327/1871 721/325/1861
f 2876/327/1870 2875/325/1869 722/325/1862 726/327/1872
f 2876/327/1870 2874/326/1868 723/326/1866 725/327/1871
f 2874/326/1868 2876/327/1870 726/327/1872 724/326/1867
f 2877/274/1873 2878/324/1874 719/324/1855 619/274/1611
f 2878/324/1874 2877/274/1873 620/274/1612 720/324/1856
f 2878/324/1874 2879/326/1875 723/326/1866 719/324/1855
f 2879/326/1875 2878/324/1874 720/324/1856 724/326/1867
f 2879/326/1875 2877/274/1873 619/274/1611 723/326/1866
f 2877/274/1873 2879/326/1875 724/326/1867 620/274/1612
f 2880/274/1876 2881/272/1877 615/272/1601 619/274/1611
f 2881/272/1877 2880/274/1876 620/274/1612 616/272/1602
f 2881/272/1877 2882/324/1878 719/324/1855 615/272/1601
f 2882/324/1878 2881/272/1877 616/272/1602 720/324/1856
f 2882/324/1878 2880/274/1876 619/274/1611 719/324/1855
f 2880/274/1876 2882/324/1878 720/324/1856 620/274/1612
f 2883/327/1879 2884/328/1880 727/328/1881 725/327/1871
f 2884/328/1880 2883/327/1879 726/327/1872 728/328/1882
f 2884/328/1880 2885/326/1883 723/326/1866 727/328/1881
f 2885/326/1883 2884/328/1880 728/328/1882 724/326/1867
f 2885/326/1883 2883/327/1879 725/327/1871 723/326/1866
f 2883/327/1879 2885/326/1883 724/326/1867 726/327/1872
f 2886/328/1884 2887/327/1885 725/327/1871 727/328/1881
f 2887/327/1885 2886/328/1884 728/328/1882 726/327/1872
f 2887/327/1885 2888/329/1886 729/329/1887 725/327/1871
f 2888/329/1886 2887/327/1885 726/327/1872 730/329/1888
f 2888/329/1886 2886/328/1884 727/328/1881 729/329/1887
f 2886/328/1884 2888/329/1886 730/329/1888 728/328/1882
f 2889/330/1889 2890/331/1890 733/331/1891 731/330/1892
f 2890/331/1890 2889/330/1889 732/330/1893 734/331/1894
f 2890/331/1890 2891/332/1895 735/332/1896 733/331/1891
f 2891/332/1895 2890/331/1890 734/331/1894 736/332/1897
f 2891/332/1895 2889/330/1889 731/330/1892 735/332/1896
f 2889/330/1889 2891/332/1895 736/332/1897 732/330/1893
f 2892/332/1898 2893/333/1899 737/333/1900 735/332/1896
f 2893/333/1899 2892/332/1898 736/332/1897 738/333/1901
f 2893/333/1899 2894/330/1902 731/330/1892 737/333/1900
f 2894/330/1902 2893/333/1899 738/333/1901 732/330/1893
f 2894/330/1902 2892/332/1898 735/332/1896 731/330/1892
f 2892/332/1898 2894/330/1902 732/330/1893 736/332/1897
f 2895/331/1903 2896/330/1904 731/330/1892 733/331/1891
f 2896/330/1904 2895/331/1903 734/331/1894 732/330/1893
f 2896/330/1904 2897/334/1905 739/334/1906 731/330/1892
f 2897/334/1905 2896/330/1904 732/330/1893 740/334/1907
f 2897/334/1905 2895/331/1903 733/331/1891 739/334/1906
f 2895/331/1903 2897/334/1905 740/334/1907 734/331/1894
f 2898/335/1908 2899/331/1909 733/331/1891 741/335/1910
f 2899/331/1909 2898/335/1908 742/335/1911 734/331/1894
f 2899/331/1909 2900/334/1912 739/334/1906 733/331/1891
f 2900/334/1912 2899/331/1909 734/331/1894 740/334/1907
f 2900/334/1912 2898/335/1908 741/335/1910 739/334/1906
f 2898/335/1908 2900/334/1912 740/334/1907 742/335/1911
f 2901/334/1913 2902/330/1914 731/330/1892 739/334/1906
f 2902/330/1914 2901/334/1913 740/334/1907 732/330/1893
f 2902/330/1914 2903/336/1915 743/336/1916 731/330/1892
f 2903/336/1915 2902/330/1914 732/330/1893 744/336/1917
f 2903/336/1915 2901/334/1913 739/334/1906 743/336/1916
f 2901/334/1913 2903/336/1915 744/336/1917 740/334/1907
f 2904/337/1918 2905/334/1919 739/334/1906 745/337/1920
f 2905/334/1919 2904/337/1918 746/337/1921 740/334/1907
f 2905/334/1919 2906/336/1922 743/336/1916 739/334/1906
f 2906/336/1922 2905/334/1919 740/334/1907 744/336/1917
f 2906/336/1922 2904/337/1918 745/337/1920 743/336/1916
f 2904/337/1918 2906/336/1922 744/336/1917 746/337/1921
f 2907/337/1923 2908/338/1924 747/338/1925 745/337/1920
f 2908/338/1924 2907/337/1923 746/337/1921 748/338/1926
f 2908/338/1924 2909/334/1927 739/334/1906 747/338/1925
f 2909/334/1927 2908/338/1924 748/338/1926 740/334/1907
f 2909/334/1927 2907/337/1923 745/337/1920 739/334/1906
f 2907/337/1923 2909/334/1927 740/334/1907 746/337/1921
f 2910/339/1928 2911/338/1929 747/338/1925 749/339/1930
f 2911/338/1929 2910/339/1928 750/339/1931 748/338/1926
f 2911/338/1929 2912/337/1932 745/337/1920 747/338/1925
f 2912/337/1932 2911/338/1929 748/338/1926 746/337/1921
f 2912/337/1932 2910/339/1928 749/339/1930 745/337/1920
f 2910/339/1928 2912/337/1932 746/337/1921 750/339/1931
f 2913/340/1933 2914/338/1934 747/338/1925 751/340/1935
f 2914/338/1934 2913/340/1933 752/340/1936 748/338/1926
f 2914/338/1934 2915/339/1937 749/339/1930 747/338/1925
f 2915/339/1937 2914/338/1934 748/338/1926 750/339/1931
f 2915/339/1937 2913/340/1933 751/340/1935 749/339/1930
f 2913/340/1933 2915/339/1937 750/339/1931 752/340/1936
f 2916/339/1938 2917/341/1939 753/341/1940 749/339/1930
f 2917/341/1939 2916/339/1938 750/339/1931 754/341/1941
f 2917/341/1939 2918/340/1942 751/340/1935 753/341/1940
f 2918/340/1942 2917/341/1939 754/341/1941 752/340/1936
f 2918/340/1942 2916/339/1938 749/339/1930 751/340/1935
f 2916/339/1938 2918/340/1942 752/340/1936 750/339/1931
f 2919/341/1943 2920/339/1944 749/339/1930 753/341/1940
f 2920/339/1944 2919/341/1943 754/341/1941 750/339/1931
f 2920/339/1944 2921/342/1945 755/342/1946 749/339/1930
f 2921/342/1945 2920/339/1944 750/339/1931 756/342/1947
f 2921/342/1945 2919/341/1943 753/341/1940 755/342/1946
f 2919/341/1943 2921/342/1945 756/342/1947 754/341/1941
f 2922/338/1948 2923/340/1949 751/340/1935 747/338/1925
f 2923/340/1949 2922/338/1948 748/338/1926 752/340/1936
f 2923/340/1949 2924/343/1950 757/343/1951 751/340/1935
f 2924/343/1950 2923/340/1949 752/340/1936 758/343/1952
f 2924/343/1950 2922/338/1948 747/338/1925 757/343/1951
f 2922/338/1948 2924/343/1950 758/343/1952 748/338/1926
f 2925/342/1953 2926/344/1954 759/344/1955 755/342/1946
f 2926/344/1954 2925/342/1953 756/342/1947 760/344/1956
f 2926/344/1954 2927/341/1957 753/341/1940 759/344/1955
f 2927/341/1957 2926/344/1954 760/344/1956 754/341/1941
f 2927/341/1957 2925/342/1953 755/342/1946 753/341/1940
f 2925/342/1953 2927/341/1957 754/341/1941 756/342/1947
f 2928/344/1958 2929/342/1959 755/342/1946 759/344/1955
f 2929/342/1959 2928/344/1958 760/344/1956 756/342/1947
f 2929/342/1959 2930/345/1960 761/345/1961 755/342/1946
f 2930/345/1960 2929/342/1959 756/342/1947 762/345/1962
f 2930/345/1960 2928/344/1958 759/344/1955 761/345/1961
f 2928/344/1958 2930/345/1960 762/345/1962 760/344/1956
f 2931/346/1963 2932/344/1964 759/344/1955 763/346/1965
f 2932/344/1964 2931/346/1963 764/346/1966 760/344/1956
f 2932/344/1964 2933/345/1967 761/345/1961 759/344/1955
f 2933/345/1967 2932/344/1964 760/344/1956 762/345/1962
f 2933/345/1967 2931/346/1963 763/346/1965 761/345/1961
f 2931/346/1963 2933/345/1967 762/345/1962 764/346/1966
f 2934/347/1968 2935/346/1969 763/346/1965 765/347/1970
f 2935/346/1969 2934/347/1968 766/347/1971 764/346/1966
f 2935/346/1969 2936/345/1972 761/345/1961 763/346/1965
f 2936/345/1972 2935/346/1969 764/346/1966 762/345/1962
f 2936/345/1972 2934/347/1968 765/347/1970 761/345/1961
f 2934/347/1968 2936/345/1972 762/345/1962 766/347/1971
f 2937/348/1973 2938/347/1974 765/347/1970 767/348/1975
f 2938/347/1974 2937/348/1973 768/348/1976 766/347/1971
f 2938/347/1974 2939/345/1977 761/345/1961 765/347/1970
f 2939/345/1977 2938/347/1974 766/347/1971 762/345/1962
f 2939/345/1977 2937/348/1973 767/348/1975 761/345/1961
f 2937/348/1973 2939/345/1977 762/345/1962 768/348/1976
f 2940/347/1978 2941/348/1979 767/348/1975 765/347/1970
f 2941/348/1979 2940/347/1978 766/347/1971 768/348/1976
f 2941/348/1979 2942/349/1980 769/349/1981 767/348/1975
f 2942/349/1980 2941/348/1979 768/348/1976 770/349/1982
f 2942/349/1980 2940/347/1978 765/347/1970 769/349/1981
f 2940/347/1978 2942/349/1980 770/349/1982 766/347/1971
f 2943/350/1983 2944/343/1984 757/343/1951 771/350/1985
f 2944/343/1984 2943/350/1983 772/350/1986 758/343/1952
f 2944/343/1984 2945/340/1987 751/340/1935 757/343/1951
f 2945/340/1987 2944/343/1984 758/343/1952 752/340/1936
f 2945/340/1987 2943/350/1983 771/350/1985 751/340/1935
f 2943/350/1983 2945/340/1987 752/340/1936 772/350/1986
f 2946/351/1988 2947/349/1989 769/349/1981 773/351/1990
f 2947/349/1989 2946/351/1988 774/351/1991 770/349/1982
f 2947/349/1989 2948/348/1992 767/348/1975 769/349/1981
f 2948/348/1992 2947/349/1989 770/349/1982 768/348/1976
f 2948/348/1992 2946/351/1988 773/351/1990 767/348/1975
f 2946/351/1988 2948/348/1992 768/348/1976 774/351/1991
f 2949/352/1993 2950/351/1994 773/351/1990 775/352/1995
f 2950/351/1994 2949/352/1993 776/352/1996 774/351/1991
f 2950/351/1994 2951/348/1997 767/348/1975 773/351/1990
f 2951/348/1997 2950/351/1994 774/351/1991 768/348/1976
f 2951/348/1997 2949/352/1993 775/352/1995 767/348/1975
f 2949/352/1993 2951/348/1997 768/348/1976 776/352/1996
f 2952/353/1998 2953/351/1999 773/351/1990 777/353/2000
f 2953/351/1999 2952/353/1998 778/353/2001 774/351/1991
f 2953/351/1999 2954/352/2002 775/352/1995 773/351/1990
f 2954/352/2002 2953/351/1999 774/351/1991 776/352/1996
f 2954/352/2002 2952/353/1998 777/353/2000 775/352/1995
f 2952/353/1998 2954/352/2002 776/352/1996 778/353/2001
f 2955/353/2003 2956/352/2004 775/352/1995 777/353/2000
f 2956/352/2004 2955/353/2003 778/353/2001 776/352/1996
f 2956/352/2004 2957/354/2005 779/354/2006 775/352/1995
f 2957/354/2005 2956/352/2004 776/352/1996 780/354/2007
f 2957/354/2005 2955/353/2003 777/353/2000 779/354/2006
f 2955/353/2003 2957/354/2005 780/354/2007 778/353/2001
f 2958/351/2008 2959/353/2009 777/353/2000 773/351/1990
f 2959/353/2009 2958/351/2008 774/351/1991 778/353/2001
f 2959/353/2009 2960/355/2010 781/355/2011 777/353/2000
f 2960/355/2010 2959/353/2009 778/353/2001 782/355/2012
f 2960/355/2010 2958/351/2008 773/351/1990 781/355/2011
f 2958/351/2008 2960/355/2010 782/355/2012 774/351/1991
f 2961/356/2013 2962/353/2014 777/353/2000 783/356/2015
f 2962/353/2014 2961/356/2013 784/356/2016 778/353/2001
f 2962/353/2014 2963/354/2017 779/354/2006 777/353/2000
f 2963/354/2017 2962/353/2014 778/353/2001 780/354/2007
f 2963/354/2017 2961/356/2013 783/356/2015 779/354/2006
f 2961/356/2013 2963/354/2017 780/354/2007 784/356/2016
f 2964/351/2018 2965/355/2019 781/355/2011 773/351/1990
f 2965/355/2019 2964/351/2018 774/351/1991 782/355/2012
f 2965/355/2019 2966/357/2020 785/357/2021 781/355/2011
f 2966/357/2020 2965/355/2019 782/355/2012 786/357/2022
f 2966/357/2020 2964/351/2018 773/351/1990 785/357/2021
f 2964/351/2018 2966/357/2020 786/357/2022 774/351/1991
f 2967/358/2023 2968/356/2024 783/356/2015 787/358/2025
f 2968/356/2024 2967/358/2023 788/358/2026 784/356/2016
f 2968/356/2024 2969/354/2027 779/354/2006 783/356/2015
f 2969/354/2027 2968/356/2024 784/356/2016 780/354/2007
f 2969/354/2027 2967/358/2023 787/358/2025 779/354/2006
f 2967/358/2023 2969/354/2027 780/354/2007 788/358/2026
f 2970/358/2028 2971/359/2029 789/359/2030 787/358/2025
f 2971/359/2029 2970/358/2028 788/358/2026 790/359/2031
f 2971/359/2029 2972/356/2032 783/356/2015 789/359/2030
f 2972/356/2032 2971/359/2029 790/359/2031 784/356/2016
f 2972/356/2032 2970/358/2028 787/358/2025 783/356/2015
f 2970/358/2028 2972/356/2032 784/356/2016 788/358/2026
f 2973/359/2033 2974/358/2034 787/358/2025 789/359/2030
f 2974/358/2034 2973/359/2033 790/359/2031 788/358/2026
f 2974/358/2034 2975/360/2035 791/360/2036 787/358/2025
f 2975/360/2035 2974/358/2034 788/358/2026 792/360/2037
f 2975/360/2035 2973/359/2033 789/359/2030 791/360/2036
f 2973/359/2033 2975/360/2035 792/360/2037 790/359/2031
f 2976/357/2038 2977/355/2039 781/355/2011 785/357/2021
f 2977/355/2039 2976/357/2038 786/357/2022 782/355/2012
f 2977/355/2039 2978/361/2040 793/361/2041 781/355/2011
f 2978/361/2040 2977/355/2039 782/355/2012 794/361/2042
f 2978/361/2040 2976/357/2038 785/357/2021 793/361/2041
f 2976/357/2038 2978/361/2040 794/361/2042 786/357/2022
f 2979/361/2043 2980/362/2044 795/362/2045 793/361/2041
f 2980/362/2044 2979/361/2043 794/361/2042 796/362/2046
f 2980/362/2044 2981/357/2047 785/357/2021 795/362/2045
f 2981/357/2047 2980/362/2044 796/362/2046 786/357/2022
f 2981/357/2047 2979/361/2043 793/361/2041 785/357/2021
f 2979/361/2043 2981/357/2047 786/357/2022 794/361/2042
f 2982/362/2048 2983/363/2049 797/363/2050 795/362/2045
f 2983/363/2049 2982/362/2048 796/362/2046 798/363/2051
f 2983/363/2049 2984/357/2052 785/357/2021 797/363/2050
f 2984/357/2052 2983/363/2049 798/363/2051 786/357/2022
f 2984/357/2052 2982/362/2048 795/362/2045 785/357/2021
f 2982/362/2048 2984/357/2052 786/357/2022 796/362/2046
f 2985/361/2053 2986/364/2054 799/364/2055 793/361/2041
f 2986/364/2054 2985/361/2053 794/361/2042 800/364/2056
f 2986/364/2054 2987/362/2057 795/362/2045 799/364/2055
f 2987/362/2057 2986/364/2054 800/364/2056 796/362/2046
f 2987/362/2057 2985/361/2053 793/361/2041 795/362/2045
f 2985/361/2053 2987/362/2057 796/362/2046 794/361/2042
f 2988/364/2058 2989/361/2059 793/361/2041 799/364/2055
f 2989/361/2059 2988/364/2058 800/364/2056 794/361/2042
f 2989/361/2059 2990/365/2060 801/365/2061 793/361/2041
f 2990/365/2060 2989/361/2059 794/361/2042 802/365/2062
f 2990/365/2060 2988/364/2058 799/364/2055 801/365/2061
f 2988/364/2058 2990/365/2060 802/365/2062 800/364/2056
f 2991/363/2063 2992/362/2064 795/362/2045 797/363/2050
f 2992/362/2064 2991/363/2063 798/363/2051 796/362/2046
f 2992/362/2064 2993/366/2065 803/366/2066 795/362/2045
f 2993/366/2065 2992/362/2064 796/362/2046 804/366/2067
f 2993/366/2065 2991/363/2063 797/363/2050 803/366/2066
f 2991/363/2063 2993/366/2065 804/366/2067 798/363/2051
f 2994/365/2068 2995/367/2069 805/367/2070 801/365/2061
f 2995/367/2069 2994/365/2068 802/365/2062 806/367/2071
f 2995/367/2069 2996/364/2072 799/364/2055 805/367/2070
f 2996/364/2072 2995/367/2069 806/367/2071 800/364/2056
f 2996/364/2072 2994/365/2068 801/365/2061 799/364/2055
f 2994/365/2068 2996/364/2072 800/364/2056 802/365/2062
f 2997/367/2073 2998/365/2074 801/365/2061 805/367/2070
f 2998/365/2074 2997/367/2073 806/367/2071 802/365/2062
f 2998/365/2074 2999/368/2075 807/368/2076 801/365/2061
f 2999/368/2075 2998/365/2074 802/365/2062 808/368/2077
f 2999/368/2075 2997/367/2073 805/367/2070 807/368/2076
f 2997/367/2073 2999/368/2075 808/368/2077 806/367/2071
f 3000/368/2078 3001/369/2079 809/369/2080 807/368/2076
f 3001/369/2079 3000/368/2078 808/368/2077 810/369/2081
f 3001/369/2079 3002/367/2082 805/367/2070 809/369/2080
f 3002/367/2082 3001/369/2079 810/369/2081 806/367/2071
f 3002/367/2082 3000/368/2078 807/368/2076 805/367/2070
f 3000/368/2078 3002/367/2082 806/367/2071 808/368/2077
f 3003/369/2083 3004/368/2084 807/368/2076 809/369/2080
f 3004/368/2084 3003/369/2083 810/369/2081 808/368/2077
f 3004/368/2084 3005/370/2085 811/370/2086 807/368/2076
f 3005/370/2085 3004/368/2084 808/368/2077 812/370/2087
f 3005/370/2085 3003/369/2083 809/369/2080 811/370/2086
f 3003/369/2083 3005/370/2085 812/370/2087 810/369/2081
f 3006/370/2088 3007/371/2089 813/371/2090 811/370/2086
f 3007/371/2089 3006/370/2088 812/370/2087 814/371/2091
f 3007/371/2089 3008/369/2092 809/369/2080 813/371/2090
f 3008/369/2092 3007/371/2089 814/371/2091 810/369/2081
f 3008/369/2092 3006/370/2088 811/370/2086 809/369/2080
f 3006/370/2088 3008/369/2092 810/369/2081 812/370/2087
f 3009/371/2093 3010/370/2094 811/370/2086 813/371/2090
f 3010/370/2094 3009/371/2093 814/371/2091 812/370/2087
f 3010/370/2094 3011/372/2095 815/372/2096 811/370/2086
f 3011/372/2095 3010/370/2094 812/370/2087 816/372/2097
f 3011/372/2095 3009/371/2093 813/371/2090 815/372/2096
f 3009/371/2093 3011/372/2095 816/372/2097 814/371/2091
f 3012/363/2098 3013/366/2099 803/366/2066 797/363/2050
f 3013/366/2099 3012/363/2098 798/363/2051 804/366/2067
f 3013/366/2099 3014/373/2100 817/373/2101 803/366/2066
f 3014/373/2100 3013/366/2099 804/366/2067 818/373/2102
f 3014/373/2100 3012/363/2098 797/363/2050 817/373/2101
f 3012/363/2098 3014/373/2100 818/373/2102 798/363/2051
f 3015/373/2103 3016/374/2104 819/374/2105 817/373/2101
f 3016/374/2104 3015/373/2103 818/373/2102 820/374/2106
f 3016/374/2104 3017/363/2107 797/363/2050 819/374/2105
f 3017/363/2107 3016/374/2104 820/374/2106 798/363/2051
f 3017/363/2107 3015/373/2103 817/373/2101 797/363/2050
f 3015/373/2103 3017/363/2107 798/363/2051 818/373/2102
f 3018/366/2108 3019/375/2109 821/375/2110 803/366/2066
f 3019/375/2109 3018/366/2108 804/366/2067 822/375/2111
f 3019/375/2109 3020/373/2112 817/373/2101 821/375/2110
f 3020/373/2112 3019/375/2109 822/375/2111 818/373/2102
f 3020/373/2112 3018/366/2108 803/366/2066 817/373/2101
f 3018/366/2108 3020/373/2112 818/373/2102 804/366/2067
f 3021/374/2113 3022/373/2114 817/373/2101 819/374/2105
f 3022/373/2114 3021/374/2113 820/374/2106 818/373/2102
f 3022/373/2114 3023/376/1791 823/376/2115 817/373/2101
f 3023/376/1791 3022/373/2114 818/373/2102 824/376/2116
f 3023/376/1791 3021/374/2113 819/374/2105 823/376/2115
f 3021/374/2113 3023/376/1791 824/376/2116 820/374/2106
f 3024/374/2117 3025/376/2118 823/376/2115 819/374/2105
f 3025/376/2118 3024/374/2117 820/374/2106 824/376/2116
f 3025/376/2118 3026/377/2119 825/377/2120 823/376/2115
f 3026/377/2119 3025/376/2118 824/376/2116 826/377/2121
f 3026/377/2119 3024/374/2117 819/374/2105 825/377/2120
f 3024/374/2117 3026/377/2119 826/377/2121 820/374/2106
f 3027/378/2122 3028/374/2123 819/374/2105 827/378/2124
f 3028/374/2123 3027/378/2122 828/378/2125 820/374/2106
f 3028/374/2123 3029/377/2126 825/377/2120 819/374/2105
f 3029/377/2126 3028/374/2123 820/374/2106 826/377/2121
f 3029/377/2126 3027/378/2122 827/378/2124 825/377/2120
f 3027/378/2122 3029/377/2126 826/377/2121 828/378/2125
f 3030/375/2127 3031/366/2128 803/366/2066 821/375/2110
f 3031/366/2128 3030/375/2127 822/375/2111 804/366/2067
f 3031/366/2128 3032/379/2129 829/379/2130 803/366/2066
f 3032/379/2129 3031/366/2128 804/366/2067 830/379/2131
f 3032/379/2129 3030/375/2127 821/375/2110 829/379/2130
f 3030/375/2127 3032/379/2129 830/379/2131 822/375/2111
f 3033/375/2132 3034/379/2133 829/379/2130 821/375/2110
f 3034/379/2133 3033/375/2132 822/375/2111 830/379/2131
f 3034/379/2133 3035/380/2134 831/380/2135 829/379/2130
f 3035/380/2134 3034/379/2133 830/379/2131 832/380/2136
f 3035/380/2134 3033/375/2132 821/375/2110 831/380/2135
f 3033/375/2132 3035/380/2134 832/380/2136 822/375/2111
f 3036/381/2137 3037/375/2138 821/375/2110 833/381/2139
f 3037/375/2138 3036/381/2137 834/381/2140 822/375/2111
f 3037/375/2138 3038/380/2141 831/380/2135 821/375/2110
f 3038/380/2141 3037/375/2138 822/375/2111 832/380/2136
f 3038/380/2141 3036/381/2137 833/381/2139 831/380/2135
f 3036/381/2137 3038/380/2141 832/380/2136 834/381/2140
f 3039/380/2142 3040/382/2143 835/382/2144 831/380/2135
f 3040/382/2143 3039/380/2142 832/380/2136 836/382/2145
f 3040/382/2143 3041/381/2146 833/381/2139 835/382/2144
f 3041/381/2146 3040/382/2143 836/382/2145 834/381/2140
f 3041/381/2146 3039/380/2142 831/380/2135 833/381/2139
f 3039/380/2142 3041/381/2146 834/381/2140 832/380/2136
f 3042/382/2147 3043/383/2148 837/383/2149 835/382/2144
f 3043/383/2148 3042/382/2147 836/382/2145 838/383/2150
f 3043/383/2148 3044/381/2151 833/381/2139 837/383/2149
f 3044/381/2151 3043/383/2148 838/383/2150 834/381/2140
f 3044/381/2151 3042/382/2147 835/382/2144 833/381/2139
f 3042/382/2147 3044/381/2151 834/381/2140 836/382/2145
f 3045/383/2152 3046/382/2153 835/382/2144 837/383/2149
f 3046/382/2153 3045/383/2152 838/383/2150 836/382/2145
f 3046/382/2153 3047/384/2154 839/384/2155 835/382/2144
f 3047/384/2154 3046/382/2153 836/382/2145 840/384/2156
f 3047/384/2154 3045/383/2152 837/383/2149 839/384/2155
f 3045/383/2152 3047/384/2154 840/384/2156 838/383/2150
f 3048/384/2157 3049/382/2158 835/382/2144 839/384/2155
f 3049/382/2158 3048/384/2157 840/384/2156 836/382/2145
f 3049/382/2158 3050/385/2159 841/385/2160 835/382/2144
f 3050/385/2159 3049/382/2158 836/382/2145 842/385/2161
f 3050/385/2159 3048/384/2157 839/384/2155 841/385/2160
f 3048/384/2157 3050/385/2159 842/385/2161 840/384/2156
f 3051/386/2162 3052/387/2163 845/387/2164 843/386/2165
f 3052/387/2163 3051/386/2162 844/386/2166 846/387/2167
f 3052/387/2163 3053/388/2168 847/388/2169 845/387/2164
f 3053/388/2168 3052/387/2163 846/387/2167 848/388/2170
f 3053/388/2168 3051/386/2162 843/386/2165 847/388/2169
f 3051/386/2162 3053/388/2168 848/388/2170 844/386/2166
f 3054/387/2171 3055/386/2172 843/386/2165 845/387/2164
f 3055/386/2172 3054/387/2171 846/387/2167 844/386/2166
f 3055/386/2172 3056/389/2173 849/389/2174 843/386/2165
f 3056/389/2173 3055/386/2172 844/386/2166 850/389/2175
f 3056/389/2173 3054/387/2171 845/387/2164 849/389/2174
f 3054/387/2171 3056/389/2173 850/389/2175 846/387/2167
f 3057/343/2176 3058/388/2177 847/388/2169 757/343/1951
f 3058/388/2177 3057/343/2176 758/343/1952 848/388/2170
f 3058/388/2177 3059/387/2178 845/387/2164 847/388/2169
f 3059/387/2178 3058/388/2177 848/388/2170 846/387/2167
f 3059/387/2178 3057/343/2176 757/343/1951 845/387/2164
f 3057/343/2176 3059/387/2178 846/387/2167 758/343/1952
f 3060/388/2179 3061/343/2180 757/343/1951 847/388/2169
f 3061/343/2180 3060/388/2179 848/388/2170 758/343/1952
f 3061/343/2180 3062/390/2181 851/390/2182 757/343/1951
f 3062/390/2181 3061/343/2180 758/343/1952 852/390/2183
f 3062/390/2181 3060/388/2179 847/388/2169 851/390/2182
f 3060/388/2179 3062/390/2181 852/390/2183 848/388/2170
f 3063/343/2184 3064/350/2185 771/350/1985 757/343/1951
f 3064/350/2185 3063/343/2184 758/343/1952 772/350/1986
f 3064/350/2185 3065/390/2186 851/390/2182 771/350/1985
f 3065/390/2186 3064/350/2185 772/350/1986 852/390/2183
f 3065/390/2186 3063/343/2184 757/343/1951 851/390/2182
f 3063/343/2184 3065/390/2186 852/390/2183 758/343/1952
f 3066/390/2187 3067/350/2188 771/350/1985 851/390/2182
f 3067/350/2188 3066/390/2187 852/390/2183 772/350/1986
f 3067/350/2188 3068/391/1870 853/391/2189 771/350/1985
f 3068/391/1870 3067/350/2188 772/350/1986 854/391/2190
f 3068/391/1870 3066/390/2187 851/390/2182 853/391/2189
f 3066/390/2187 3068/391/1870 854/391/2190 852/390/2183
f 3069/392/2191 3070/391/2192 853/391/2189 855/392/2193
f 3070/391/2192 3069/392/2191 856/392/2194 854/391/2190
f 3070/391/2192 3071/350/2195 771/350/1985 853/391/2189
f 3071/350/2195 3070/391/2192 854/391/2190 772/350/1986
f 3071/350/2195 3069/392/2191 855/392/2193 771/350/1985
f 3069/392/2191 3071/350/2195 772/350/1986 856/392/2194
f 3072/391/2196 3073/392/2197 855/392/2193 853/391/2189
f 3073/392/2197 3072/391/2196 854/391/2190 856/392/2194
f 3073/392/2197 3074/393/2198 857/393/2199 855/392/2193
f 3074/393/2198 3073/392/2197 856/392/2194 858/393/2200
f 3074/393/2198 3072/391/2196 853/391/2189 857/393/2199
f 3072/391/2196 3074/393/2198 858/393/2200 854/391/2190
f 3075/394/2201 3076/395/2202 861/395/2203 859/394/2204
f 3076/395/2202 3075/394/2201 860/394/2205 862/395/2206
f 3076/395/2202 3077/396/2207 863/396/2208 861/395/2203
f 3077/396/2207 3076/395/2202 862/395/2206 864/396/2209
f 3077/396/2207 3075/394/2201 859/394/2204 863/396/2208
f 3075/394/2201 3077/396/2207 864/396/2209 860/394/2205
f 3078/397/2210 3079/396/2211 863/396/2208 865/397/2212
f 3079/396/2211 3078/397/2210 866/397/2213 864/396/2209
f 3079/396/2211 3080/395/2214 861/395/2203 863/396/2208
f 3080/395/2214 3079/396/2211 864/396/2209 862/395/2206
f 3080/395/2214 3078/397/2210 865/397/2212 861/395/2203
f 3078/397/2210 3080/395/2214 862/395/2206 866/397/2213
f 3081/396/2215 3082/397/2216 865/397/2212 863/396/2208
f 3082/397/2216 3081/396/2215 864/396/2209 866/397/2213
f 3082/397/2216 3083/398/2217 867/398/2218 865/397/2212
f 3083/398/2217 3082/397/2216 866/397/2213 868/398/2219
f 3083/398/2217 3081/396/2215 863/396/2208 867/398/2218
f 3081/396/2215 3083/398/2217 868/398/2219 864/396/2209
f 3084/397/2220 3085/399/2221 869/399/2222 865/397/2212
f 3085/399/2221 3084/397/2220 866/397/2213 870/399/2223
f 3085/399/2221 3086/398/2224 867/398/2218 869/399/2222
f 3086/398/2224 3085/399/2221 870/399/2223 868/398/2219
f 3086/398/2224 3084/397/2220 865/397/2212 867/398/2218
f 3084/397/2220 3086/398/2224 868/398/2219 866/397/2213
f 3087/399/2225 3088/397/2226 865/397/2212 869/399/2222
f 3088/397/2226 3087/399/2225 870/399/2223 866/397/2213
f 3088/397/2226 3089/400/2227 871/400/2228 865/397/2212
f 3089/400/2227 3088/397/2226 866/397/2213 872/400/2229
f 3089/400/2227 3087/399/2225 869/399/2222 871/400/2228
f 3087/399/2225 3089/400/2227 872/400/2229 870/399/2223
f 3090/400/2230 3091/401/2231 873/401/2232 871/400/2228
f 3091/401/2231 3090/400/2230 872/400/2229 874/401/2233
f 3091/401/2231 3092/399/2234 869/399/2222 873/401/2232
f 3092/399/2234 3091/401/2231 874/401/2233 870/399/2223
f 3092/399/2234 3090/400/2230 871/400/2228 869/399/2222
f 3090/400/2230 3092/399/2234 870/399/2223 872/400/2229
f 3093/401/2235 3094/400/2236 871/400/2228 873/401/2232
f 3094/400/2236 3093/401/2235 874/401/2233 872/400/2229
f 3094/400/2236 3095/402/2237 875/402/2238 871/400/2228
f 3095/402/2237 3094/400/2236 872/400/2229 876/402/2239
f 3095/402/2237 3093/401/2235 873/401/2232 875/402/2238
f 3093/401/2235 3095/402/2237 876/402/2239 874/401/2233
f 3096/402/2240 3097/403/2241 877/403/2242 875/402/2238
f 3097/403/2241 3096/402/2240 876/402/2239 878/403/2243
f 3097/403/2241 3098/401/2244 873/401/2232 877/403/2242
f 3098/401/2244 3097/403/2241 878/403/2243 874/401/2233
f 3098/401/2244 3096/402/2240 875/402/2238 873/401/2232
f 3096/402/2240 3098/401/2244 874/401/2233 876/402/2239
f 3099/403/2245 3100/402/2246 875/402/2238 877/403/2242
f 3100/402/2246 3099/403/2245 878/403/2243 876/402/2239
f 3100/402/2246 3101/404/2247 879/404/2248 875/402/2238
f 3101/404/2247 3100/402/2246 876/402/2239 880/404/2249
f 3101/404/2247 3099/403/2245 877/403/2242 879/404/2248
f 3099/403/2245 3101/404/2247 880/404/2249 878/403/2243
f 3102/404/2250 3103/405/2251 881/405/2252 879/404/2248
f 3103/405/2251 3102/404/2250 880/404/2249 882/405/2253
f 3103/405/2251 3104/403/2254 877/403/2242 881/405/2252
f 3104/403/2254 3103/405/2251 882/405/2253 878/403/2243
f 3104/403/2254 3102/404/2250 879/404/2248 877/403/2242
f 3102/404/2250 3104/403/2254 878/403/2243 880/404/2249
f 3105/405/2255 3106/404/2256 879/404/2248 881/405/2252
f 3106/404/2256 3105/405/2255 882/405/2253 880/404/2249
f 3106/404/2256 3107/406/2257 883/406/2258 879/404/2248
f 3107/406/2257 3106/404/2256 880/404/2249 884/406/2259
f 3107/406/2257 3105/405/2255 881/405/2252 883/406/2258
f 3105/405/2255 3107/406/2257 884/406/2259 882/405/2253
f 3108/407/2260 3109/405/2261 881/405/2252 885/407/2262
f 3109/405/2261 3108/407/2260 886/407/2263 882/405/2253
f 3109/405/2261 3110/406/2264 883/406/2258 881/405/2252
f 3110/406/2264 3109/405/2261 882/405/2253 884/406/2259
f 3110/406/2264 3108/407/2260 885/407/2262 883/406/2258
f 3108/407/2260 3110/406/2264 884/406/2259 886/407/2263
f 3111/405/2265 3112/407/2266 885/407/2262 881/405/2252
f 3112/407/2266 3111/405/2265 882/405/2253 886/407/2263
f 3112/407/2266 3113/408/2267 887/408/2268 885/407/2262
f 3113/408/2267 3112/407/2266 886/407/2263 888/408/2269
f 3113/408/2267 3111/405/2265 881/405/2252 887/408/2268
f 3111/405/2265 3113/408/2267 888/408/2269 882/405/2253
f 3114/406/2270 3115/409/2271 889/409/2272 883/406/2258
f 3115/409/2271 3114/406/2270 884/406/2259 890/409/2273
f 3115/409/2271 3116/407/2274 885/407/2262 889/409/2272
f 3116/407/2274 3115/409/2271 890/409/2273 886/407/2263
f 3116/407/2274 3114/406/2270 883/406/2258 885/407/2262
f 3114/406/2270 3116/407/2274 886/407/2263 884/406/2259
f 3117/410/2275 3118/407/2276 885/407/2262 891/410/2277
f 3118/407/2276 3117/410/2275 892/410/2278 886/407/2263
f 3118/407/2276 3119/409/2279 889/409/2272 885/407/2262
f 3119/409/2279 3118/407/2276 886/407/2263 890/409/2273
f 3119/409/2279 3117/410/2275 891/410/2277 889/409/2272
f 3117/410/2275 3119/409/2279 890/409/2273 892/410/2278
f 3120/411/2280 3121/407/2281 885/407/2262 893/411/2282
f 3121/407/2281 3120/411/2280 894/411/2283 886/407/2263
f 3121/407/2281 3122/410/2284 891/410/2277 885/407/2262
f 3122/410/2284 3121/407/2281 886/407/2263 892/410/2278
f 3122/410/2284 3120/411/2280 893/411/2282 891/410/2277
f 3120/411/2280 3122/410/2284 892/410/2278 894/411/2283
f 3123/412/2285 3124/411/2286 893/411/2282 895/412/2287
f 3124/411/2286 3123/412/2285 896/412/2288 894/411/2283
f 3124/411/2286 3125/410/2289 891/410/2277 893/411/2282
f 3125/410/2289 3124/411/2286 894/411/2283 892/410/2278
f 3125/410/2289 3123/412/2285 895/412/2287 891/410/2277
f 3123/412/2285 3125/410/2289 892/410/2278 896/412/2288
f 3126/394/2290 3127/396/2291 899/396/2292 897/394/2293
f 3127/396/2291 3126/394/2290 898/394/2294 900/396/2295
f 3127/396/2291 3128/395/2296 901/395/2297 899/396/2292
f 3128/395/2296 3127/396/2291 900/396/2295 902/395/2298
f 3128/395/2296 3126/394/2290 897/394/2293 901/395/2297
f 3126/394/2290 3128/395/2296 902/395/2298 898/394/2294
f 3129/396/2299 3130/397/2300 903/397/2301 899/396/2292
f 3130/397/2300 3129/396/2299 900/396/2295 904/397/2302
f 3130/397/2300 3131/395/2303 901/395/2297 903/397/2301
f 3131/395/2303 3130/397/2300 904/397/2302 902/395/2298
f 3131/395/2303 3129/396/2299 899/396/2292 901/395/2297
f 3129/396/2299 3131/395/2303 902/395/2298 900/396/2295
f 3132/397/2304 3133/396/2305 899/396/2292 903/397/2301
f 3133/396/2305 3132/397/2304 904/397/2302 900/396/2295
f 3133/396/2305 3134/398/2306 905/398/2307 899/396/2292
f 3134/398/2306 3133/396/2305 900/396/2295 906/398/2308
f 3134/398/2306 3132/397/2304 903/397/2301 905/398/2307
f 3132/397/2304 3134/398/2306 906/398/2308 904/397/2302
f 3135/398/2309 3136/399/2310 907/399/2311 905/398/2307
f 3136/399/2310 3135/398/2309 906/398/2308 908/399/2312
f 3136/399/2310 3137/397/2313 903/397/2301 907/399/2311
f 3137/397/2313 3136/399/2310 908/399/2312 904/397/2302
f 3137/397/2313 3135/398/2309 905/398/2307 903/397/2301
f 3135/398/2309 3137/397/2313 904/397/2302 906/398/2308
f 3138/397/2314 3139/399/2315 907/399/2311 903/397/2301
f 3139/399/2315 3138/397/2314 904/397/2302 908/399/2312
f 3139/399/2315 3140/400/2316 909/400/2317 907/399/2311
f 3140/400/2316 3139/399/2315 908/399/2312 910/400/2318
f 3140/400/2316 3138/397/2314 903/397/2301 909/400/2317
f 3138/397/2314 3140/400/2316 910/400/2318 904/397/2302
f 3141/399/2319 3142/401/2320 911/401/2321 907/399/2311
f 3142/401/2320 3141/399/2319 908/399/2312 912/401/2322
f 3142/401/2320 3143/400/2323 909/400/2317 911/401/2321
f 3143/400/2323 3142/401/2320 912/401/2322 910/400/2318
f 3143/400/2323 3141/399/2319 907/399/2311 909/400/2317
f 3141/399/2319 3143/400/2323 910/400/2318 908/399/2312
f 3144/401/2324 3145/402/2325 913/402/2326 911/401/2321
f 3145/402/2325 3144/401/2324 912/401/2322 914/402/2327
f 3145/402/2325 3146/400/2328 909/400/2317 913/402/2326
f 3146/400/2328 3145/402/2325 914/402/2327 910/400/2318
f 3146/400/2328 3144/401/2324 911/401/2321 909/400/2317
f 3144/401/2324 3146/400/2328 910/400/2318 912/401/2322
f 3147/402/2329 3148/401/2330 911/401/2321 913/402/2326
f 3148/401/2330 3147/402/2329 914/402/2327 912/401/2322
f 3148/401/2330 3149/403/2331 915/403/2332 911/401/2321
f 3149/403/2331 3148/401/2330 912/401/2322 916/403/2333
f 3149/403/2331 3147/402/2329 913/402/2326 915/403/2332
f 3147/402/2329 3149/403/2331 916/403/2333 914/402/2327
f 3150/403/2334 3151/404/2335 917/404/2336 915/403/2332
f 3151/404/2335 3150/403/2334 916/403/2333 918/404/2337
f 3151/404/2335 3152/402/2338 913/402/2326 917/404/2336
f 3152/402/2338 3151/404/2335 918/404/2337 914/402/2327
f 3152/402/2338 3150/403/2334 915/403/2332 913/402/2326
f 3150/403/2334 3152/402/2338 914/402/2327 916/403/2333
f 3153/405/2339 3154/404/2340 917/404/2336 919/405/2341
f 3154/404/2340 3153/405/2339 920/405/2342 918/404/2337
f 3154/404/2340 3155/403/2343 915/403/2332 917/404/2336
f 3155/403/2343 3154/404/2340 918/404/2337 916/403/2333
f 3155/403/2343 3153/405/2339 919/405/2341 915/403/2332
f 3153/405/2339 3155/403/2343 916/403/2333 920/405/2342
f 3156/405/2344 3157/406/2345 921/406/2346 919/405/2341
f 3157/406/2345 3156/405/2344 920/405/2342 922/406/2347
f 3157/406/2345 3158/404/2348 917/404/2336 921/406/2346
f 3158/404/2348 3157/406/2345 922/406/2347 918/404/2337
f 3158/404/2348 3156/405/2344 919/405/2341 917/404/2336
f 3156/405/2344 3158/404/2348 918/404/2337 920/405/2342
f 3159/407/2349 3160/406/2350 921/406/2346 923/407/2351
f 3160/406/2350 3159/407/2349 924/407/2352 922/406/2347
f 3160/406/2350 3161/405/2353 919/405/2341 921/406/2346
f 3161/405/2353 3160/406/2350 922/406/2347 920/405/2342
f 3161/405/2353 3159/407/2349 923/407/2351 919/405/2341
f 3159/407/2349 3161/405/2353 920/405/2342 924/407/2352
f 3162/405/2354 3163/408/2355 925/408/2356 919/405/2341
f 3163/408/2355 3162/405/2354 920/405/2342 926/408/2357
f 3163/408/2355 3164/407/2358 923/407/2351 925/408/2356
f 3164/407/2358 3163/408/2355 926/408/2357 924/407/2352
f 3164/407/2358 3162/405/2354 919/405/2341 923/407/2351
f 3162/405/2354 3164/407/2358 924/407/2352 920/405/2342
f 3165/406/2359 3166/407/2360 923/407/2351 921/406/2346
f 3166/407/2360 3165/406/2359 922/406/2347 924/407/2352
f 3166/407/2360 3167/409/2361 927/409/2362 923/407/2351
f 3167/409/2361 3166/407/2360 924/407/2352 928/409/2363
f 3167/409/2361 3165/406/2359 921/406/2346 927/409/2362
f 3165/406/2359 3167/409/2361 928/409/2363 922/406/2347
f 3168/407/2364 3169/410/2365 929/410/2366 923/407/2351
f 3169/410/2365 3168/407/2364 924/407/2352 930/410/2367
f 3169/410/2365 3170/409/2368 927/409/2362 929/410/2366
f 3170/409/2368 3169/410/2365 930/410/2367 928/409/2363
f 3170/409/2368 3168/407/2364 923/407/2351 927/409/2362
f 3168/407/2364 3170/409/2368 928/409/2363 924/407/2352
f 3171/407/2369 3172/411/2370 931/411/2371 923/407/2351
f 3172/411/2370 3171/407/2369 924/407/2352 932/411/2372
f 3172/411/2370 3173/410/2373 929/410/2366 931/411/2371
f 3173/410/2373 3172/411/2370 932/411/2372 930/410/2367
f 3173/410/2373 3171/407/2369 923/407/2351 929/410/2366
f 3171/407/2369 3173/410/2373 930/410/2367 924/407/2352
f 3174/412/2374 3175/410/2375 929/410/2366 933/412/2376
f 3175/410/2375 3174/412/2374 934/412/2377 930/410/2367
f 3175/410/2375 3176/411/2378 931/411/2371 929/410/2366
f 3176/411/2378 3175/410/2375 930/410/2367 932/411/2372
f 3176/411/2378 3174/412/2374 933/412/2376 931/411/2371
f 3174/412/2374 3176/411/2378 932/411/2372 934/412/2377
f 3177/413/2379 3178/414/2380 937/414/2381 935/413/2382
f 3178/414/2380 3177/413/2379 936/413/2383 938/414/2384
f 3178/414/2380 3179/415/2385 939/415/2386 937/414/2381
f 3179/415/2385 3178/414/2380 938/414/2384 940/415/2387
f 3179/415/2385 3177/413/2379 935/413/2382 939/415/2386
f 3177/413/2379 3179/415/2385 940/415/2387 936/413/2383
f 3180/414/2388 3181/413/2389 935/413/2382 937/414/2381
f 3181/413/2389 3180/414/2388 938/414/2384 936/413/2383
f 3181/413/2389 3182/416/2390 941/416/2391 935/413/2382
f 3182/416/2390 3181/413/2389 936/413/2383 942/416/2392
f 3182/416/2390 3180/414/2388 937/414/2381 941/416/2391
f 3180/414/2388 3182/416/2390 942/416/2392 938/414/2384
f 3183/417/2393 3184/416/2394 941/416/2391 943/417/2395
f 3184/416/2394 3183/417/2393 944/417/2396 942/416/2392
f 3184/416/2394 3185/413/2397 935/413/2382 941/416/2391
f 3185/413/2397 3184/416/2394 942/416/2392 936/413/2383
f 3185/413/2397 3183/417/2393 943/417/2395 935/413/2382
f 3183/417/2393 3185/413/2397 936/413/2383 944/417/2396
f 3186/418/2398 3187/415/2399 939/415/2386 945/418/2400
f 3187/415/2399 3186/418/2398 946/418/2401 940/415/2387
f 3187/415/2399 3188/414/2402 937/414/2381 939/415/2386
f 3188/414/2402 3187/415/2399 940/415/2387 938/414/2384
f 3188/414/2402 3186/418/2398 945/418/2400 937/414/2381
f 3186/418/2398 3188/414/2402 938/414/2384 946/418/2401
f 3189/417/2403 3190/419/2404 947/419/2405 943/417/2395
f 3190/419/2404 3189/417/2403 944/417/2396 948/419/2406
f 3190/419/2404 3191/416/2407 941/416/2391 947/419/2405
f 3191/416/2407 3190/419/2404 948/419/2406 942/416/2392
f 3191/416/2407 3189/417/2403 943/417/2395 941/416/2391
f 3189/417/2403 3191/416/2407 942/416/2392 944/417/2396
f 3192/419/2408 3193/417/2409 943/417/2395 947/419/2405
f 3193/417/2409 3192/419/2408 948/419/2406 944/417/2396
f 3193/417/2409 3194/420/2410 949/420/2411 943/417/2395
f 3194/420/2410 3193/417/2409 944/417/2396 950/420/2412
f 3194/420/2410 3192/419/2408 947/419/2405 949/420/2411
f 3192/419/2408 3194/420/2410 950/420/2412 948/419/2406
f 3195/421/2413 3196/419/2414 947/419/2405 951/421/2415
f 3196/419/2414 3195/421/2413 952/421/2416 948/419/2406
f 3196/419/2414 3197/420/2417 949/420/2411 947/419/2405
f 3197/420/2417 3196/419/2414 948/419/2406 950/420/2412
f 3197/420/2417 3195/421/2413 951/421/2415 949/420/2411
f 3195/421/2413 3197/420/2417 950/420/2412 952/421/2416
f 3198/420/2418 3199/422/2419 953/422/2420 949/420/2411
f 3199/422/2419 3198/420/2418 950/420/2412 954/422/2421
f 3199/422/2419 3200/421/2422 951/421/2415 953/422/2420
f 3200/421/2422 3199/422/2419 954/422/2421 952/421/2416
f 3200/421/2422 3198/420/2418 949/420/2411 951/421/2415
f 3198/420/2418 3200/421/2422 952/421/2416 950/420/2412
f 3201/422/2423 3202/420/2424 949/420/2411 953/422/2420
f 3202/420/2424 3201/422/2423 954/422/2421 950/420/2412
f 3202/420/2424 3203/423/2425 955/423/2426 949/420/2411
f 3203/423/2425 3202/420/2424 950/420/2412 956/423/2427
f 3203/423/2425 3201/422/2423 953/422/2420 955/423/2426
f 3201/422/2423 3203/423/2425 956/423/2427 954/422/2421
f 3204/423/2428 3205/424/2429 957/424/2430 955/423/2426
f 3205/424/2429 3204/423/2428 956/423/2427 958/424/2431
f 3205/424/2429 3206/422/2432 953/422/2420 957/424/2430
f 3206/422/2432 3205/424/2429 958/424/2431 954/422/2421
f 3206/422/2432 3204/423/2428 955/423/2426 953/422/2420
f 3204/423/2428 3206/422/2432 954/422/2421 956/423/2427
f 3207/424/2433 3208/423/2434 955/423/2426 957/424/2430
f 3208/423/2434 3207/424/2433 958/424/2431 956/423/2427
f 3208/423/2434 3209/425/2435 959/425/2436 955/423/2426
f 3209/425/2435 3208/423/2434 956/423/2427 960/425/2437
f 3209/425/2435 3207/424/2433 957/424/2430 959/425/2436
f 3207/424/2433 3209/425/2435 960/425/2437 958/424/2431
f 3210/426/2438 3211/424/2439 957/424/2430 961/426/2440
f 3211/424/2439 3210/426/2438 962/426/2441 958/424/2431
f 3211/424/2439 3212/425/2442 959/425/2436 957/424/2430
f 3212/425/2442 3211/424/2439 958/424/2431 960/425/2437
f 3212/425/2442 3210/426/2438 961/426/2440 959/425/2436
f 3210/426/2438 3212/425/2442 960/425/2437 962/426/2441
f 3213/424/2443 3214/426/2444 961/426/2440 957/424/2430
f 3214/426/2444 3213/424/2443 958/424/2431 962/426/2441
f 3214/426/2444 3215/427/2445 963/427/2446 961/426/2440
f 3215/427/2445 3214/426/2444 962/426/2441 964/427/2447
f 3215/427/2445 3213/424/2443 957/424/2430 963/427/2446
f 3213/424/2443 3215/427/2445 964/427/2447 958/424/2431
f 3216/428/2448 3217/427/2449 963/427/2446 965/428/2450
f 3217/427/2449 3216/428/2448 966/428/2451 964/427/2447
f 3217/427/2449 3218/426/2452 961/426/2440 963/427/2446
f 3218/426/2452 3217/427/2449 964/427/2447 962/426/2441
f 3218/426/2452 3216/428/2448 965/428/2450 961/426/2440
f 3216/428/2448 3218/426/2452 962/426/2441 966/428/2451
f 3219/427/2453 3220/428/2454 965/428/2450 963/427/2446
f 3220/428/2454 3219/427/2453 964/427/2447 966/428/2451
f 3220/428/2454 3221/429/2455 967/429/2456 965/428/2450
f 3221/429/2455 3220/428/2454 966/428/2451 968/429/2457
f 3221/429/2455 3219/427/2453 963/427/2446 967/429/2456
f 3219/427/2453 3221/429/2455 968/429/2457 964/427/2447
f 3222/429/2458 3223/428/2459 965/428/2450 967/429/2456
f 3223/428/2459 3222/429/2458 968/429/2457 966/428/2451
f 3223/428/2459 3224/430/2460 969/430/2461 965/428/2450
f 3224/430/2460 3223/428/2459 966/428/2451 970/430/2462
f 3224/430/2460 3222/429/2458 967/429/2456 969/430/2461
f 3222/429/2458 3224/430/2460 970/430/2462 968/429/2457
f 3225/431/2463 3226/429/2464 967/429/2456 971/431/2465
f 3226/429/2464 3225/431/2463 972/431/2466 968/429/2457
f 3226/429/2464 3227/430/2467 969/430/2461 967/429/2456
f 3227/430/2467 3226/429/2464 968/429/2457 970/430/2462
f 3227/430/2467 3225/431/2463 971/431/2465 969/430/2461
f 3225/431/2463 3227/430/2467 970/430/2462 972/431/2466
f 3228/430/2468 3229/432/2469 973/432/2470 969/430/2461
f 3229/432/2469 3228/430/2468 970/430/2462 974/432/2471
f 3229/432/2469 3230/431/2472 971/431/2465 973/432/2470
f 3230/431/2472 3229/432/2469 974/432/2471 972/431/2466
f 3230/431/2472 3228/430/2468 969/430/2461 971/431/2465
f 3228/430/2468 3230/431/2472 972/431/2466 970/430/2462
f 3231/431/2473 3232/432/2474 973/432/2470 971/431/2465
f 3232/432/2474 3231/431/2473 972/431/2466 974/432/2471
f 3232/432/2474 3233/433/2475 975/433/2476 973/432/2470
f 3233/433/2475 3232/432/2474 974/432/2471 976/433/2477
f 3233/433/2475 3231/431/2473 971/431/2465 975/433/2476
f 3231/431/2473 3233/433/2475 976/433/2477 972/431/2466
f 3234/432/2478 3235/434/2479 977/434/2480 973/432/2470
f 3235/434/2479 3234/432/2478 974/432/2471 978/434/2481
f 3235/434/2479 3236/433/2482 975/433/2476 977/434/2480
f 3236/433/2482 3235/434/2479 978/434/2481 976/433/2477
f 3236/433/2482 3234/432/2478 973/432/2470 975/433/2476
f 3234/432/2478 3236/433/2482 976/433/2477 974/432/2471
f 3237/434/2483 3238/432/2484 973/432/2470 977/434/2480
f 3238/432/2484 3237/434/2483 978/434/2481 974/432/2471
f 3238/432/2484 3239/435/2485 979/435/2486 973/432/2470
f 3239/435/2485 3238/432/2484 974/432/2471 980/435/2487
f 3239/435/2485 3237/434/2483 977/434/2480 979/435/2486
f 3237/434/2483 3239/435/2485 980/435/2487 978/434/2481
f 3240/435/2488 3241/436/2489 981/436/2490 979/435/2486
f 3241/436/2489 3240/435/2488 980/435/2487 982/436/2491
f 3241/436/2489 3242/434/2492 977/434/2480 981/436/2490
f 3242/434/2492 3241/436/2489 982/436/2491 978/434/2481
f 3242/434/2492 3240/435/2488 979/435/2486 977/434/2480
f 3240/435/2488 3242/434/2492 978/434/2481 980/435/2487
f 3243/436/2493 3244/435/2494 979/435/2486 981/436/2490
f 3244/435/2494 3243/436/2493 982/436/2491 980/435/2487
f 3244/435/2494 3245/437/2495 983/437/2496 979/435/2486
f 3245/437/2495 3244/435/2494 980/435/2487 984/437/2497
f 3245/437/2495 3243/436/2493 981/436/2490 983/437/2496
f 3243/436/2493 3245/437/2495 984/437/2497 982/436/2491
f 3246/437/2498 3247/438/2499 985/438/2500 983/437/2496
f 3247/438/2499 3246/437/2498 984/437/2497 986/438/2501
f 3247/438/2499 3248/436/2502 981/436/2490 985/438/2500
f 3248/436/2502 3247/438/2499 986/438/2501 982/436/2491
f 3248/436/2502 3246/437/2498 983/437/2496 981/436/2490
f 3246/437/2498 3248/436/2502 982/436/2491 984/437/2497
f 3249/438/2503 3250/437/2504 983/437/2496 985/438/2500
f 3250/437/2504 3249/438/2503 986/438/2501 984/437/2497
f 3250/437/2504 3251/439/2505 987/439/2506 983/437/2496
f 3251/439/2505 3250/437/2504 984/437/2497 988/439/2507
f 3251/439/2505 3249/438/2503 985/438/2500 987/439/2506
f 3249/438/2503 3251/439/2505 988/439/2507 986/438/2501
f 3252/438/2508 3253/439/2509 987/439/2506 985/438/2500
f 3253/439/2509 3252/438/2508 986/438/2501 988/439/2507
f 3253/439/2509 3254/440/2510 989/440/2511 987/439/2506
f 3254/440/2510 3253/439/2509 988/439/2507 990/440/2512
f 3254/440/2510 3252/438/2508 985/438/2500 989/440/2511
f 3252/438/2508 3254/440/2510 990/440/2512 986/438/2501
f 3255/440/2513 3256/441/2514 991/441/2515 989/440/2511
f 3256/441/2514 3255/440/2513 990/440/2512 992/441/2516
f 3256/441/2514 3257/438/2517 985/438/2500 991/441/2515
f 3257/438/2517 3256/441/2514 992/441/2516 986/438/2501
f 3257/438/2517 3255/440/2513 989/440/2511 985/438/2500
f 3255/440/2513 3257/438/2517 986/438/2501 990/440/2512
f 3258/441/2518 3259/440/2519 989/440/2511 991/441/2515
f 3259/440/2519 3258/441/2518 992/441/2516 990/440/2512
f 3259/440/2519 3260/442/2520 993/442/2521 989/440/2511
f 3260/442/2520 3259/440/2519 990/440/2512 994/442/2522
f 3260/442/2520 3258/441/2518 991/441/2515 993/442/2521
f 3258/441/2518 3260/442/2520 994/442/2522 992/441/2516
f 3261/441/2523 3262/442/2524 993/442/2521 991/441/2515
f 3262/442/2524 3261/441/2523 992/441/2516 994/442/2522
f 3262/442/2524 3263/443/2525 995/443/2526 993/442/2521
f 3263/443/2525 3262/442/2524 994/442/2522 996/443/2527
f 3263/443/2525 3261/441/2523 991/441/2515 995/443/2526
f 3261/441/2523 3263/443/2525 996/443/2527 992/441/2516
f 3264/444/2528 3265/441/2529 991/441/2515 997/444/2530
f 3265/441/2529 3264/444/2528 998/444/2531 992/441/2516
f 3265/441/2529 3266/443/2532 995/443/2526 991/441/2515
f 3266/443/2532 3265/441/2529 992/441/2516 996/443/2527
f 3266/443/2532 3264/444/2528 997/444/2530 995/443/2526
f 3264/444/2528 3266/443/2532 996/443/2527 998/444/2531
f 3267/443/2533 3268/418/2534 945/418/2400 995/443/2526
f 3268/418/2534 3267/443/2533 996/443/2527 946/418/2401
f 3268/418/2534 3269/444/2535 997/444/2530 945/418/2400
f 3269/444/2535 3268/418/2534 946/418/2401 998/444/2531
f 3269/444/2535 3267/443/2533 995/443/2526 997/444/2530
f 3267/443/2533 3269/444/2535 998/444/2531 996/443/2527
f 3270/418/2536 3271/443/2537 995/443/2526 945/418/2400
f 3271/443/2537 3270/418/2536 946/418/2401 996/443/2527
f 3271/443/2537 3272/445/2538 999/445/2539 995/443/2526
f 3272/445/2538 3271/443/2537 996/443/2527 1000/445/2540
f 3272/445/2538 3270/418/2536 945/418/2400 999/445/2539
f 3270/418/2536 3272/445/2538 1000/445/2540 946/418/2401
f 3273/445/2541 3274/415/2542 939/415/2386 999/445/2539
f 3274/415/2542 3273/445/2541 1000/445/2540 940/415/2387
f 3274/415/2542 3275/418/2543 945/418/2400 939/415/2386
f 3275/418/2543 3274/415/2542 940/415/2387 946/418/2401
f 3275/418/2543 3273/445/2541 999/445/2539 945/418/2400
f 3273/445/2541 3275/418/2543 946/418/2401 1000/445/2540
f 3276/445/2544 3277/446/2545 1001/446/2546 999/445/2539
f 3277/446/2545 3276/445/2544 1000/445/2540 1002/446/2547
f 3277/446/2545 3278/415/2548 939/415/2386 1001/446/2546
f 3278/415/2548 3277/446/2545 1002/446/2547 940/415/2387
f 3278/415/2548 3276/445/2544 999/445/2539 939/415/2386
f 3276/445/2544 3278/415/2548 940/415/2387 1000/445/2540
f 3279/446/2549 3280/445/2550 999/445/2539 1001/446/2546
f 3280/445/2550 3279/446/2549 1002/446/2547 1000/445/2540
f 3280/445/2550 3281/447/2551 1003/447/2552 999/445/2539
f 3281/447/2551 3280/445/2550 1000/445/2540 1004/447/2553
f 3281/447/2551 3279/446/2549 1001/446/2546 1003/447/2552
f 3279/446/2549 3281/447/2551 1004/447/2553 1002/446/2547
f 3282/448/2554 3283/446/2555 1001/446/2546 1005/448/2556
f 3283/446/2555 3282/448/2554 1006/448/2557 1002/446/2547
f 3283/446/2555 3284/447/2558 1003/447/2552 1001/446/2546
f 3284/447/2558 3283/446/2555 1002/446/2547 1004/447/2553
f 3284/447/2558 3282/448/2554 1005/448/2556 1003/447/2552
f 3282/448/2554 3284/447/2558 1004/447/2553 1006/448/2557
f 3285/449/2559 3286/450/2560 1009/450/2561 1007/449/2562
f 3286/450/2560 3285/449/2559 1008/449/2563 1010/450/2564
f 3286/450/2560 3287/451/2565 1011/451/2566 1009/450/2561
f 3287/451/2565 3286/450/2560 1010/450/2564 1012/451/2567
f 3287/451/2565 3285/449/2559 1007/449/2562 1011/451/2566
f 3285/449/2559 3287/451/2565 1012/451/2567 1008/449/2563
f 3288/449/2568 3289/451/2569 1011/451/2566 1007/449/2562
f 3289/451/2569 3288/449/2568 1008/449/2563 1012/451/2567
f 3289/451/2569 3290/452/2570 1013/452/2571 1011/451/2566
f 3290/452/2570 3289/451/2569 1012/451/2567 1014/452/2572
f 3290/452/2570 3288/449/2568 1007/449/2562 1013/452/2571
f 3288/449/2568 3290/452/2570 1014/452/2572 1008/449/2563
f 3291/452/2573 3292/453/2574 1015/453/2575 1013/452/2571
f 3292/453/2574 3291/452/2573 1014/452/2572 1016/453/2576
f 3292/453/2574 3293/449/2577 1007/449/2562 1015/453/2575
f 3293/449/2577 3292/453/2574 1016/453/2576 1008/449/2563
f 3293/449/2577 3291/452/2573 1013/452/2571 1007/449/2562
f 3291/452/2573 3293/449/2577 1008/449/2563 1014/452/2572
f 3294/454/2578 3295/451/2579 1011/451/2566 1017/454/2580
f 3295/451/2579 3294/454/2578 1018/454/2581 1012/451/2567
f 3295/451/2579 3296/450/2582 1009/450/2561 1011/451/2566
f 3296/450/2582 3295/451/2579 1012/451/2567 1010/450/2564
f 3296/450/2582 3294/454/2578 1017/454/2580 1009/450/2561
f 3294/454/2578 3296/450/2582 1010/450/2564 1018/454/2581
f 3297/453/2583 3298/452/2584 1013/452/2571 1015/453/2575
f 3298/452/2584 3297/453/2583 1016/453/2576 1014/452/2572
f 3298/452/2584 3299/455/2585 1019/455/2586 1013/452/2571
f 3299/455/2585 3298/452/2584 1014/452/2572 1020/455/2587
f 3299/455/2585 3297/453/2583 1015/453/2575 1019/455/2586
f 3297/453/2583 3299/455/2585 1020/455/2587 1016/453/2576
f 3300/455/2588 3301/456/2589 1021/456/2590 1019/455/2586
f 3301/456/2589 3300/455/2588 1020/455/2587 1022/456/2591
f 3301/456/2589 3302/453/2592 1015/453/2575 1021/456/2590
f 3302/453/2592 3301/456/2589 1022/456/2591 1016/453/2576
f 3302/453/2592 3300/455/2588 1019/455/2586 1015/453/2575
f 3300/455/2588 3302/453/2592 1016/453/2576 1020/455/2587
f 3303/456/2593 3304/455/2594 1019/455/2586 1021/456/2590
f 3304/455/2594 3303/456/2593 1022/456/2591 1020/455/2587
f 3304/455/2594 3305/457/2595 1023/457/2596 1019/455/2586
f 3305/457/2595 3304/455/2594 1020/455/2587 1024/457/2597
f 3305/457/2595 3303/456/2593 1021/456/2590 1023/457/2596
f 3303/456/2593 3305/457/2595 1024/457/2597 1022/456/2591
f 3306/458/2598 3307/456/2599 1021/456/2590 1025/458/2600
f 3307/456/2599 3306/458/2598 1026/458/2601 1022/456/2591
f 3307/456/2599 3308/457/2602 1023/457/2596 1021/456/2590
f 3308/457/2602 3307/456/2599 1022/456/2591 1024/457/2597
f 3308/457/2602 3306/458/2598 1025/458/2600 1023/457/2596
f 3306/458/2598 3308/457/2602 1024/457/2597 1026/458/2601
f 3309/456/2603 3310/458/2604 1025/458/2600 1021/456/2590
f 3310/458/2604 3309/456/2603 1022/456/2591 1026/458/2601
f 3310/458/2604 3311/459/2605 1027/459/2606 1025/458/2600
f 3311/459/2605 3310/458/2604 1026/458/2601 1028/459/2607
f 3311/459/2605 3309/456/2603 1021/456/2590 1027/459/2606
f 3309/456/2603 3311/459/2605 1028/459/2607 1022/456/2591
f 3312/460/2608 3313/459/2609 1027/459/2606 1029/460/2610
f 3313/459/2609 3312/460/2608 1030/460/2611 1028/459/2607
f 3313/459/2609 3314/458/2612 1025/458/2600 1027/459/2606
f 3314/458/2612 3313/459/2609 1028/459/2607 1026/458/2601
f 3314/458/2612 3312/460/2608 1029/460/2610 1025/458/2600
f 3312/460/2608 3314/458/2612 1026/458/2601 1030/460/2611
f 3315/459/2613 3316/460/2614 1029/460/2610 1027/459/2606
f 3316/460/2614 3315/459/2613 1028/459/2607 1030/460/2611
f 3316/460/2614 3317/461/2615 1031/461/2616 1029/460/2610
f 3317/461/2615 3316/460/2614 1030/460/2611 1032/461/2617
f 3317/461/2615 3315/459/2613 1027/459/2606 1031/461/2616
f 3315/459/2613 3317/461/2615 1032/461/2617 1028/459/2607
f 3318/462/2618 3319/461/2619 1031/461/2616 1033/462/2620
f 3319/461/2619 3318/462/2618 1034/462/2621 1032/461/2617
f 3319/461/2619 3320/460/2622 1029/460/2610 1031/461/2616
f 3320/460/2622 3319/461/2619 1032/461/2617 1030/460/2611
f 3320/460/2622 3318/462/2618 1033/462/2620 1029/460/2610
f 3318/462/2618 3320/460/2622 1030/460/2611 1034/462/2621
f 3321/462/2623 3322/460/2624 1029/460/2610 1033/462/2620
f 3322/460/2624 3321/462/2623 1034/462/2621 1030/460/2611
f 3322/460/2624 3323/463/2625 1035/463/2626 1029/460/2610
f 3323/463/2625 3322/460/2624 1030/460/2611 1036/463/2627
f 3323/463/2625 3321/462/2623 1033/462/2620 1035/463/2626
f 3321/462/2623 3323/463/2625 1036/463/2627 1034/462/2621
f 3324/464/2628 3325/462/2629 1033/462/2620 1037/464/2630
f 3325/462/2629 3324/464/2628 1038/464/2631 1034/462/2621
f 3325/462/2629 3326/463/2632 1035/463/2626 1033/462/2620
f 3326/463/2632 3325/462/2629 1034/462/2621 1036/463/2627
f 3326/463/2632 3324/464/2628 1037/464/2630 1035/463/2626
f 3324/464/2628 3326/463/2632 1036/463/2627 1038/464/2631
f 3327/464/2633 3328/463/2634 1035/463/2626 1037/464/2630
f 3328/463/2634 3327/464/2633 1038/464/2631 1036/463/2627
f 3328/463/2634 3329/465/2635 1039/465/2636 1035/463/2626
f 3329/465/2635 3328/463/2634 1036/463/2627 1040/465/2637
f 3329/465/2635 3327/464/2633 1037/464/2630 1039/465/2636
f 3327/464/2633 3329/465/2635 1040/465/2637 1038/464/2631
f 3330/465/2638 3331/466/2639 1041/466/2640 1039/465/2636
f 3331/466/2639 3330/465/2638 1040/465/2637 1042/466/2641
f 3331/466/2639 3332/464/2642 1037/464/2630 1041/466/2640
f 3332/464/2642 3331/466/2639 1042/466/2641 1038/464/2631
f 3332/464/2642 3330/465/2638 1039/465/2636 1037/464/2630
f 3330/465/2638 3332/464/2642 1038/464/2631 1040/465/2637
f 3333/466/2643 3334/465/2644 1039/465/2636 1041/466/2640
f 3334/465/2644 3333/466/2643 1042/466/2641 1040/465/2637
f 3334/465/2644 3335/467/2645 1043/467/2646 1039/465/2636
f 3335/467/2645 3334/465/2644 1040/465/2637 1044/467/2647
f 3335/467/2645 3333/466/2643 1041/466/2640 1043/467/2646
f 3333/466/2643 3335/467/2645 1044/467/2647 1042/466/2641
f 3336/467/2648 3337/468/2649 1045/468/2650 1043/467/2646
f 3337/468/2649 3336/467/2648 1044/467/2647 1046/468/2651
f 3337/468/2649 3338/466/2652 1041/466/2640 1045/468/2650
f 3338/466/2652 3337/468/2649 1046/468/2651 1042/466/2641
f 3338/466/2652 3336/467/2648 1043/467/2646 1041/466/2640
f 3336/467/2648 3338/466/2652 1042/466/2641 1044/467/2647
f 3339/467/2653 3340/469/2654 1047/469/2655 1043/467/2646
f 3340/469/2654 3339/467/2653 1044/467/2647 1048/469/2656
f 3340/469/2654 3341/468/2657 1045/468/2650 1047/469/2655
f 3341/468/2657 3340/469/2654 1048/469/2656 1046/468/2651
f 3341/468/2657 3339/467/2653 1043/467/2646 1045/468/2650
f 3339/467/2653 3341/468/2657 1046/468/2651 1044/467/2647
f 3342/470/2658 3343/468/2659 1045/468/2650 1049/470/2660
f 3343/468/2659 3342/470/2658 1050/470/2661 1046/468/2651
f 3343/468/2659 3344/469/2662 1047/469/2655 1045/468/2650
f 3344/469/2662 3343/468/2659 1046/468/2651 1048/469/2656
f 3344/469/2662 3342/470/2658 1049/470/2660 1047/469/2655
f 3342/470/2658 3344/469/2662 1048/469/2656 1050/470/2661
f 3345/468/2663 3346/470/2664 1049/470/2660 1045/468/2650
f 3346/470/2664 3345/468/2663 1046/468/2651 1050/470/2661
f 3346/470/2664 3347/471/2665 1051/471/2666 1049/470/2660
f 3347/471/2665 3346/470/2664 1050/470/2661 1052/471/2667
f 3347/471/2665 3345/468/2663 1045/468/2650 1051/471/2666
f 3345/468/2663 3347/471/2665 1052/471/2667 1046/468/2651
f 3348/472/2668 3349/471/2669 1051/471/2666 1053/472/2670
f 3349/471/2669 3348/472/2668 1054/472/2671 1052/471/2667
f 3349/471/2669 3350/470/2672 1049/470/2660 1051/471/2666
f 3350/470/2672 3349/471/2669 1052/471/2667 1050/470/2661
f 3350/470/2672 3348/472/2668 1053/472/2670 1049/470/2660
f 3348/472/2668 3350/470/2672 1050/470/2661 1054/472/2671
f 3351/471/2673 3352/472/2674 1053/472/2670 1051/471/2666
f 3352/472/2674 3351/471/2673 1052/471/2667 1054/472/2671
f 3352/472/2674 3353/473/2675 1055/473/2676 1053/472/2670
f 3353/473/2675 3352/472/2674 1054/472/2671 1056/473/2677
f 3353/473/2675 3351/471/2673 1051/471/2666 1055/473/2676
f 3351/471/2673 3353/473/2675 1056/473/2677 1052/471/2667
f 3354/474/2678 3355/473/2679 1055/473/2676 1057/474/2680
f 3355/473/2679 3354/474/2678 1058/474/2681 1056/473/2677
f 3355/473/2679 3356/472/2682 1053/472/2670 1055/473/2676
f 3356/472/2682 3355/473/2679 1056/473/2677 1054/472/2671
f 3356/472/2682 3354/474/2678 1057/474/2680 1053/472/2670
f 3354/474/2678 3356/472/2682 1054/472/2671 1058/474/2681
f 3357/473/2683 3358/474/2684 1057/474/2680 1055/473/2676
f 3358/474/2684 3357/473/2683 1056/473/2677 1058/474/2681
f 3358/474/2684 3359/475/2685 1059/475/2686 1057/474/2680
f 3359/475/2685 3358/474/2684 1058/474/2681 1060/475/2687
f 3359/475/2685 3357/473/2683 1055/473/2676 1059/475/2686
f 3357/473/2683 3359/475/2685 1060/475/2687 1056/473/2677
f 3360/474/2688 3361/476/2689 1061/476/2690 1057/474/2680
f 3361/476/2689 3360/474/2688 1058/474/2681 1062/476/2691
f 3361/476/2689 3362/475/2692 1059/475/2686 1061/476/2690
f 3362/475/2692 3361/476/2689 1062/476/2691 1060/475/2687
f 3362/475/2692 3360/474/2688 1057/474/2680 1059/475/2686
f 3360/474/2688 3362/475/2692 1060/475/2687 1058/474/2681
f 3363/476/2693 3364/474/2694 1057/474/2680 1061/476/2690
f 3364/474/2694 3363/476/2693 1062/476/2691 1058/474/2681
f 3364/474/2694 3365/477/2695 1063/477/2696 1057/474/2680
f 3365/477/2695 3364/474/2694 1058/474/2681 1064/477/2697
f 3365/477/2695 3363/476/2693 1061/476/2690 1063/477/2696
f 3363/476/2693 3365/477/2695 1064/477/2697 1062/476/2691
f 3366/477/2698 3367/478/2699 1065/478/2700 1063/477/2696
f 3367/478/2699 3366/477/2698 1064/477/2697 1066/478/2701
f 3367/478/2699 3368/476/2702 1061/476/2690 1065/478/2700
f 3368/476/2702 3367/478/2699 1066/478/2701 1062/476/2691
f 3368/476/2702 3366/477/2698 1063/477/2696 1061/476/2690
f 3366/477/2698 3368/476/2702 1062/476/2691 1064/477/2697
f 3369/477/2703 3370/479/2704 1067/479/2705 1063/477/2696
f 3370/479/2704 3369/477/2703 1064/477/2697 1068/479/2706
f 3370/479/2704 3371/478/2707 1065/478/2700 1067/479/2705
f 3371/478/2707 3370/479/2704 1068/479/2706 1066/478/2701
f 3371/478/2707 3369/477/2703 1063/477/2696 1065/478/2700
f 3369/477/2703 3371/478/2707 1066/478/2701 1064/477/2697
f 3372/479/2708 3373/477/2709 1063/477/2696 1067/479/2705
f 3373/477/2709 3372/479/2708 1068/479/2706 1064/477/2697
f 3373/477/2709 3374/480/2710 1069/480/2711 1063/477/2696
f 3374/480/2710 3373/477/2709 1064/477/2697 1070/480/2712
f 3374/480/2710 3372/479/2708 1067/479/2705 1069/480/2711
f 3372/479/2708 3374/480/2710 1070/480/2712 1068/479/2706
f 3375/454/2713 3376/479/2714 1067/479/2705 1017/454/2580
f 3376/479/2714 3375/454/2713 1018/454/2581 1068/479/2706
f 3376/479/2714 3377/480/2715 1069/480/2711 1067/479/2705
f 3377/480/2715 3376/479/2714 1068/479/2706 1070/480/2712
f 3377/480/2715 3375/454/2713 1017/454/2580 1069/480/2711
f 3375/454/2713 3377/480/2715 1070/480/2712 1018/454/2581
f 3378/479/2716 3379/454/2717 1017/454/2580 1067/479/2705
f 3379/454/2717 3378/479/2716 1068/479/2706 1018/454/2581
f 3379/454/2717 3380/481/2718 1071/481/2719 1017/454/2580
f 3380/481/2718 3379/454/2717 1018/454/2581 1072/481/2720
f 3380/481/2718 3378/479/2716 1067/479/2705 1071/481/2719
f 3378/479/2716 3380/481/2718 1072/481/2720 1068/479/2706
f 3381/450/2721 3382/481/2722 1071/481/2719 1009/450/2561
f 3382/481/2722 3381/450/2721 1010/450/2564 1072/481/2720
f 3382/481/2722 3383/454/2723 1017/454/2580 1071/481/2719
f 3383/454/2723 3382/481/2722 1072/481/2720 1018/454/2581
f 3383/454/2723 3381/450/2721 1009/450/2561 1017/454/2580
f 3381/450/2721 3383/454/2723 1018/454/2581 1010/450/2564
f 3384/481/2724 3385/450/2725 1009/450/2561 1071/481/2719
f 3385/450/2725 3384/481/2724 1072/481/2720 1010/450/2564
f 3385/450/2725 3386/482/2726 1073/482/2727 1009/450/2561
f 3386/482/2726 3385/450/2725 1010/450/2564 1074/482/2728
f 3386/482/2726 3384/481/2724 1071/481/2719 1073/482/2727
f 3384/481/2724 3386/482/2726 1074/482/2728 1072/481/2720
f 3387/481/2729 3388/482/2730 1073/482/2727 1071/481/2719
f 3388/482/2730 3387/481/2729 1072/481/2720 1074/482/2728
f 3388/482/2730 3389/483/2731 1075/483/2732 1073/482/2727
f 3389/483/2731 3388/482/2730 1074/482/2728 1076/483/2733
f 3389/483/2731 3387/481/2729 1071/481/2719 1075/483/2732
f 3387/481/2729 3389/483/2731 1076/483/2733 1072/481/2720
f 3390/484/2734 3391/483/2735 1075/483/2732 1077/484/2736
f 3391/483/2735 3390/484/2734 1078/484/2737 1076/483/2733
f 3391/483/2735 3392/482/2738 1073/482/2727 1075/483/2732
f 3392/482/2738 3391/483/2735 1076/483/2733 1074/482/2728
f 3392/482/2738 3390/484/2734 1077/484/2736 1073/482/2727
f 3390/484/2734 3392/482/2738 1074/482/2728 1078/484/2737
f 3393/485/2739 3394/486/2740 1081/486/2741 1079/485/2742
f 3394/486/2740 3393/485/2739 1080/485/2743 1082/486/2744
f 3394/486/2740 3395/487/2745 1083/487/2746 1081/486/2741
f 3395/487/2745 3394/486/2740 1082/486/2744 1084/487/2747
f 3395/487/2745 3393/485/2739 1079/485/2742 1083/487/2746
f 3393/485/2739 3395/487/2745 1084/487/2747 1080/485/2743
f 3396/488/2748 3397/487/2749 1083/487/2746 1085/488/2750
f 3397/487/2749 3396/488/2748 1086/488/2751 1084/487/2747
f 3397/487/2749 3398/489/2752 1087/489/2753 1083/487/2746
f 3398/489/2752 3397/487/2749 1084/487/2747 1088/489/2754
f 3398/489/2752 3396/488/2748 1085/488/2750 1087/489/2753
f 3396/488/2748 3398/489/2752 1088/489/2754 1086/488/2751
f 3399/487/2755 3400/488/2756 1085/488/2750 1083/487/2746
f 3400/488/2756 3399/487/2755 1084/487/2747 1086/488/2751
f 3400/488/2756 3401/490/2757 1089/490/2758 1085/488/2750
f 3401/490/2757 3400/488/2756 1086/488/2751 1090/490/2759
f 3401/490/2757 3399/487/2755 1083/487/2746 1089/490/2758
f 3399/487/2755 3401/490/2757 1090/490/2759 1084/487/2747
f 3402/489/2760 3403/487/2761 1083/487/2746 1087/489/2753
f 3403/487/2761 3402/489/2760 1088/489/2754 1084/487/2747
f 3403/487/2761 3404/491/2762 1091/491/2763 1083/487/2746
f 3404/491/2762 3403/487/2761 1084/487/2747 1092/491/2764
f 3404/491/2762 3402/489/2760 1087/489/2753 1091/491/2763
f 3402/489/2760 3404/491/2762 1092/491/2764 1088/489/2754
f 3405/492/2765 3406/487/2766 1083/487/2746 1093/492/2767
f 3406/487/2766 3405/492/2765 1094/492/2768 1084/487/2747
f 3406/487/2766 3407/490/2769 1089/490/2758 1083/487/2746
f 3407/490/2769 3406/487/2766 1084/487/2747 1090/490/2759
f 3407/490/2769 3405/492/2765 1093/492/2767 1089/490/2758
f 3405/492/2765 3407/490/2769 1090/490/2759 1094/492/2768
f 3408/487/2770 3409/492/2771 1093/492/2767 1083/487/2746
f 3409/492/2771 3408/487/2770 1084/487/2747 1094/492/2768
f 3409/492/2771 3410/485/2772 1079/485/2742 1093/492/2767
f 3410/485/2772 3409/492/2771 1094/492/2768 1080/485/2743
f 3410/485/2772 3408/487/2770 1083/487/2746 1079/485/2742
f 3408/487/2770 3410/485/2772 1080/485/2743 1084/487/2747
f 3411/493/2773 3412/491/2774 1091/491/2763 1095/493/2775
f 3412/491/2774 3411/493/2773 1096/493/2776 1092/491/2764
f 3412/491/2774 3413/487/2777 1083/487/2746 1091/491/2763
f 3413/487/2777 3412/491/2774 1092/491/2764 1084/487/2747
f 3413/487/2777 3411/493/2773 1095/493/2775 1083/487/2746
f 3411/493/2773 3413/487/2777 1084/487/2747 1096/493/2776
f 3414/486/2778 3415/493/2779 1095/493/2775 1081/486/2741
f 3415/493/2779 3414/486/2778 1082/486/2744 1096/493/2776
f 3415/493/2779 3416/487/2780 1083/487/2746 1095/493/2775
f 3416/487/2780 3415/493/2779 1096/493/2776 1084/487/2747
f 3416/487/2780 3414/486/2778 1081/486/2741 1083/487/2746
f 3414/486/2778 3416/487/2780 1084/487/2747 1082/486/2744
f 3417/493/2781 3418/486/2782 1081/486/2741 1095/493/2775
f 3418/486/2782 3417/493/2781 1096/493/2776 1082/486/2744
f 3418/486/2782 3419/494/2783 1097/494/2784 1081/486/2741
f 3419/494/2783 3418/486/2782 1082/486/2744 1098/494/2785
f 3419/494/2783 3417/493/2781 1095/493/2775 1097/494/2784
f 3417/493/2781 3419/494/2783 1098/494/2785 1096/493/2776
f 3420/495/2786 3421/494/2787 1097/494/2784 1099/495/2788
f 3421/494/2787 3420/495/2786 1100/495/2789 1098/494/2785
f 3421/494/2787 3422/486/2790 1081/486/2741 1097/494/2784
f 3422/486/2790 3421/494/2787 1098/494/2785 1082/486/2744
f 3422/486/2790 3420/495/2786 1099/495/2788 1081/486/2741
f 3420/495/2786 3422/486/2790 1082/486/2744 1100/495/2789
f 3423/492/2791 3424/496/2792 1101/496/2793 1093/492/2767
f 3424/496/2792 3423/492/2791 1094/492/2768 1102/496/2794
f 3424/496/2792 3425/485/2795 1079/485/2742 1101/496/2793
f 3425/485/2795 3424/496/2792 1102/496/2794 1080/485/2743
f 3425/485/2795 3423/492/2791 1093/492/2767 1079/485/2742
f 3423/492/2791 3425/485/2795 1080/485/2743 1094/492/2768
f 3426/486/2796 3427/497/2797 1103/497/2798 1081/486/2741
f 3427/497/2797 3426/486/2796 1082/486/2744 1104/497/2799
f 3427/497/2797 3428/495/2800 1099/495/2788 1103/497/2798
f 3428/495/2800 3427/497/2797 1104/497/2799 1100/495/2789
f 3428/495/2800 3426/486/2796 1081/486/2741 1099/495/2788
f 3426/486/2796 3428/495/2800 1100/495/2789 1082/486/2744
f 3429/486/2801 3430/485/2802 1079/485/2742 1081/486/2741
f 3430/485/2802 3429/486/2801 1082/486/2744 1080/485/2743
f 3430/485/2802 3431/497/2803 1103/497/2798 1079/485/2742
f 3431/497/2803 3430/485/2802 1080/485/2743 1104/497/2799
f 3431/497/2803 3429/486/2801 1081/486/2741 1103/497/2798
f 3429/486/2801 3431/497/2803 1104/497/2799 1082/486/2744
f 3432/498/2804 3433/495/2805 1099/495/2788 1105/498/2806
f 3433/495/2805 3432/498/2804 1106/498/2807 1100/495/2789
f 3433/495/2805 3434/497/2808 1103/497/2798 1099/495/2788
f 3434/497/2808 3433/495/2805 1100/495/2789 1104/497/2799
f 3434/497/2808 3432/498/2804 1105/498/2806 1103/497/2798
f 3432/498/2804 3434/497/2808 1104/497/2799 1106/498/2807
f 3435/499/2809 3436/498/2810 1105/498/2806 1107/499/2811
f 3436/498/2810 3435/499/2809 1108/499/2812 1106/498/2807
f 3436/498/2810 3437/497/2813 1103/497/2798 1105/498/2806
f 3437/497/2813 3436/498/2810 1106/498/2807 1104/497/2799
f 3437/497/2813 3435/499/2809 1107/499/2811 1103/497/2798
f 3435/499/2809 3437/497/2813 1104/497/2799 1108/499/2812
f 3438/500/2814 3439/485/2815 1079/485/2742 1109/500/2816
f 3439/485/2815 3438/500/2814 1110/500/2817 1080/485/2743
f 3439/485/2815 3440/496/2818 1101/496/2793 1079/485/2742
f 3440/496/2818 3439/485/2815 1080/485/2743 1102/496/2794
f 3440/496/2818 3438/500/2814 1109/500/2816 1101/496/2793
f 3438/500/2814 3440/496/2818 1102/496/2794 1110/500/2817
f 3441/485/2819 3442/500/2820 1109/500/2816 1079/485/2742
f 3442/500/2820 3441/485/2819 1080/485/2743 1110/500/2817
f 3442/500/2820 3443/497/2821 1103/497/2798 1109/500/2816
f 3443/497/2821 3442/500/2820 1110/500/2817 1104/497/2799
f 3443/497/2821 3441/485/2819 1079/485/2742 1103/497/2798
f 3441/485/2819 3443/497/2821 1104/497/2799 1080/485/2743
f 3444/496/2822 3445/501/2823 1111/501/2824 1101/496/2793
f 3445/501/2823 3444/496/2822 1102/496/2794 1112/501/2825
f 3445/501/2823 3446/500/2826 1109/500/2816 1111/501/2824
f 3446/500/2826 3445/501/2823 1112/501/2825 1110/500/2817
f 3446/500/2826 3444/496/2822 1101/496/2793 1109/500/2816
f 3444/496/2822 3446/500/2826 1110/500/2817 1102/496/2794
f 3447/499/2827 3448/497/2828 1103/497/2798 1107/499/2811
f 3448/497/2828 3447/499/2827 1108/499/2812 1104/497/2799
f 3448/497/2828 3449/502/2829 1113/502/2830 1103/497/2798
f 3449/502/2829 3448/497/2828 1104/497/2799 1114/502/2831
f 3449/502/2829 3447/499/2827 1107/499/2811 1113/502/2830
f 3447/499/2827 3449/502/2829 1114/502/2831 1108/499/2812
f 3450/502/2832 3451/497/2833 1103/497/2798 1113/502/2830
f 3451/497/2833 3450/502/2832 1114/502/2831 1104/497/2799
f 3451/497/2833 3452/500/2834 1109/500/2816 1103/497/2798
f 3452/500/2834 3451/497/2833 1104/497/2799 1110/500/2817
f 3452/500/2834 3450/502/2832 1113/502/2830 1109/500/2816
f 3450/502/2832 3452/500/2834 1110/500/2817 1114/502/2831
f 3453/501/2835 3454/502/2836 1113/502/2830 1111/501/2824
f 3454/502/2836 3453/501/2835 1112/501/2825 1114/502/2831
f 3454/502/2836 3455/500/2837 1109/500/2816 1113/502/2830
f 3455/500/2837 3454/502/2836 1114/502/2831 1110/500/2817
f 3455/500/2837 3453/501/2835 1111/501/2824 1109/500/2816
f 3453/501/2835 3455/500/2837 1110/500/2817 1112/501/2825
f 3456/503/2838 3457/499/2839 1107/499/2811 1115/503/2840
f 3457/499/2839 3456/503/2838 1116/503/2841 1108/499/2812
f 3457/499/2839 3458/502/2842 1113/502/2830 1107/499/2811
f 3458/502/2842 3457/499/2839 1108/499/2812 1114/502/2831
f 3458/502/2842 3456/503/2838 1115/503/2840 1113/502/2830
f 3456/503/2838 3458/502/2842 1114/502/2831 1116/503/2841
f 3459/502/2843 3460/501/2844 1111/501/2824 1113/502/2830
f 3460/501/2844 3459/502/2843 1114/502/2831 1112/501/2825
f 3460/501/2844 3461/504/2845 1117/504/2846 1111/501/2824
f 3461/504/2845 3460/501/2844 1112/501/2825 1118/504/2847
f 3461/504/2845 3459/502/2843 1113/502/2830 1117/504/2846
f 3459/502/2843 3461/504/2845 1118/504/2847 1114/502/2831
f 3462/504/2848 3463/503/2849 1115/503/2840 1117/504/2846
f 3463/503/2849 3462/504/2848 1118/504/2847 1116/503/2841
f 3463/503/2849 3464/502/2850 1113/502/2830 1115/503/2840
f 3464/502/2850 3463/503/2849 1116/503/2841 1114/502/2831
f 3464/502/2850 3462/504/2848 1117/504/2846 1113/502/2830
f 3462/504/2848 3464/502/2850 1114/502/2831 1118/504/2847
f 3465/504/2851 3466/505/2852 1119/505/2853 1117/504/2846
f 3466/505/2852 3465/504/2851 1118/504/2847 1120/505/2854
f 3466/505/2852 3467/503/2855 1115/503/2840 1119/505/2853
f 3467/503/2855 3466/505/2852 1120/505/2854 1116/503/2841
f 3467/503/2855 3465/504/2851 1117/504/2846 1115/503/2840
f 3465/504/2851 3467/503/2855 1116/503/2841 1118/504/2847
f 3468/505/2856 3469/504/2857 1117/504/2846 1119/505/2853
f 3469/504/2857 3468/505/2856 1120/505/2854 1118/504/2847
f 3469/504/2857 3470/506/2858 1121/506/2859 1117/504/2846
f 3470/506/2858 3469/504/2857 1118/504/2847 1122/506/2860
f 3470/506/2858 3468/505/2856 1119/505/2853 1121/506/2859
f 3468/505/2856 3470/506/2858 1122/506/2860 1120/505/2854
f 3471/507/2861 3472/508/2862 1125/508/2863 1123/507/2864
f 3472/508/2862 3471/507/2861 1124/507/2865 1126/508/2866
f 3472/508/2862 3473/509/2867 1127/509/2868 1125/508/2863
f 3473/509/2867 3472/508/2862 1126/508/2866 1128/509/2869
f 3473/509/2867 3471/507/2861 1123/507/2864 1127/509/2868
f 3471/507/2861 3473/509/2867 1128/509/2869 1124/507/2865
f 3474/510/2870 3475/509/2871 1127/509/2868 1129/510/2872
f 3475/509/2871 3474/510/2870 1130/510/2873 1128/509/2869
f 3475/509/2871 3476/511/2874 1131/511/2875 1127/509/2868
f 3476/511/2874 3475/509/2871 1128/509/2869 1132/511/2876
f 3476/511/2874 3474/510/2870 1129/510/2872 1131/511/2875
f 3474/510/2870 3476/511/2874 1132/511/2876 1130/510/2873
f 3477/509/2877 3478/510/2878 1129/510/2872 1127/509/2868
f 3478/510/2878 3477/509/2877 1128/509/2869 1130/510/2873
f 3478/510/2878 3479/512/2879 1133/512/2880 1129/510/2872
f 3479/512/2879 3478/510/2878 1130/510/2873 1134/512/2881
f 3479/512/2879 3477/509/2877 1127/509/2868 1133/512/2880
f 3477/509/2877 3479/512/2879 1134/512/2881 1128/509/2869
f 3480/511/2882 3481/509/2883 1127/509/2868 1131/511/2875
f 3481/509/2883 3480/511/2882 1132/511/2876 1128/509/2869
f 3481/509/2883 3482/513/2884 1135/513/2885 1127/509/2868
f 3482/513/2884 3481/509/2883 1128/509/2869 1136/513/2886
f 3482/513/2884 3480/511/2882 1131/511/2875 1135/513/2885
f 3480/511/2882 3482/513/2884 1136/513/2886 1132/511/2876
f 3483/514/2887 3484/509/2888 1127/509/2868 1137/514/2889
f 3484/509/2888 3483/514/2887 1138/514/2890 1128/509/2869
f 3484/509/2888 3485/512/2891 1133/512/2880 1127/509/2868
f 3485/512/2891 3484/509/2888 1128/509/2869 1134/512/2881
f 3485/512/2891 3483/514/2887 1137/514/2889 1133/512/2880
f 3483/514/2887 3485/512/2891 1134/512/2881 1138/514/2890
f 3486/514/2892 3487/507/2893 1123/507/2864 1137/514/2889
f 3487/507/2893 3486/514/2892 1138/514/2890 1124/507/2865
f 3487/507/2893 3488/509/2894 1127/509/2868 1123/507/2864
f 3488/509/2894 3487/507/2893 1124/507/2865 1128/509/2869
f 3488/509/2894 3486/514/2892 1137/514/2889 1127/509/2868
f 3486/514/2892 3488/509/2894 1128/509/2869 1138/514/2890
f 3489/513/2895 3490/509/2896 1127/509/2868 1135/513/2885
f 3490/509/2896 3489/513/2895 1136/513/2886 1128/509/2869
f 3490/509/2896 3491/515/2897 1139/515/2898 1127/509/2868
f 3491/515/2897 3490/509/2896 1128/509/2869 1140/515/2899
f 3491/515/2897 3489/513/2895 1135/513/2885 1139/515/2898
f 3489/513/2895 3491/515/2897 1140/515/2899 1136/513/2886
f 3492/509/2900 3493/508/2901 1125/508/2863 1127/509/2868
f 3493/508/2901 3492/509/2900 1128/509/2869 1126/508/2866
f 3493/508/2901 3494/515/2902 1139/515/2898 1125/508/2863
f 3494/515/2902 3493/508/2901 1126/508/2866 1140/515/2899
f 3494/515/2902 3492/509/2900 1127/509/2868 1139/515/2898
f 3492/509/2900 3494/515/2902 1140/515/2899 1128/509/2869
f 3495/507/2903 3496/514/2904 1137/514/2889 1123/507/2864
f 3496/514/2904 3495/507/2903 1124/507/2865 1138/514/2890
f 3496/514/2904 3497/516/2905 1141/516/2906 1137/514/2889
f 3497/516/2905 3496/514/2904 1138/514/2890 1142/516/2907
f 3497/516/2905 3495/507/2903 1123/507/2864 1141/516/2906
f 3495/507/2903 3497/516/2905 1142/516/2907 1124/507/2865
f 3498/515/2908 3499/508/2909 1125/508/2863 1139/515/2898
f 3499/508/2909 3498/515/2908 1140/515/2899 1126/508/2866
f 3499/508/2909 3500/517/2792 1143/517/2910 1125/508/2863
f 3500/517/2792 3499/508/2909 1126/508/2866 1144/517/2911
f 3500/517/2792 3498/515/2908 1139/515/2898 1143/517/2910
f 3498/515/2908 3500/517/2792 1144/517/2911 1140/515/2899
f 3501/518/2912 3502/507/2913 1123/507/2864 1145/518/2914
f 3502/507/2913 3501/518/2912 1146/518/2915 1124/507/2865
f 3502/507/2913 3503/516/2916 1141/516/2906 1123/507/2864
f 3503/516/2916 3502/507/2913 1124/507/2865 1142/516/2907
f 3503/516/2916 3501/518/2912 1145/518/2914 1141/516/2906
f 3501/518/2912 3503/516/2916 1142/516/2907 1146/518/2915
f 3504/507/2917 3505/518/2918 1145/518/2914 1123/507/2864
f 3505/518/2918 3504/507/2917 1124/507/2865 1146/518/2915
f 3505/518/2918 3506/519/2919 1147/519/2920 1145/518/2914
f 3506/519/2919 3505/518/2918 1146/518/2915 1148/519/2921
f 3506/519/2919 3504/507/2917 1123/507/2864 1147/519/2920
f 3504/507/2917 3506/519/2919 1148/519/2921 1124/507/2865
f 3507/508/2922 3508/507/2923 1123/507/2864 1125/508/2863
f 3508/507/2923 3507/508/2922 1126/508/2866 1124/507/2865
f 3508/507/2923 3509/519/2924 1147/519/2920 1123/507/2864
f 3509/519/2924 3508/507/2923 1124/507/2865 1148/519/2921
f 3509/519/2924 3507/508/2922 1125/508/2863 1147/519/2920
f 3507/508/2922 3509/519/2924 1148/519/2921 1126/508/2866
f 3510/520/2925 3511/519/2926 1147/519/2920 1149/520/2927
f 3511/519/2926 3510/520/2925 1150/520/2928 1148/519/2921
f 3511/519/2926 3512/518/2929 1145/518/2914 1147/519/2920
f 3512/518/2929 3511/519/2926 1148/519/2921 1146/518/2915
f 3512/518/2929 3510/520/2925 1149/520/2927 1145/518/2914
f 3510/520/2925 3512/518/2929 1146/518/2915 1150/520/2928
f 3513/521/2930 3514/519/2931 1147/519/2920 1151/521/2932
f 3514/519/2931 3513/521/2930 1152/521/2933 1148/519/2921
f 3514/519/2931 3515/520/2934 1149/520/2927 1147/519/2920
f 3515/520/2934 3514/519/2931 1148/519/2921 1150/520/2928
f 3515/520/2934 3513/521/2930 1151/521/2932 1149/520/2927
f 3513/521/2930 3515/520/2934 1150/520/2928 1152/521/2933
f 3516/522/2935 3517/517/2818 1143/517/2910 1153/522/2936
f 3517/517/2818 3516/522/2935 1154/522/2937 1144/517/2911
f 3517/517/2818 3518/508/2938 1125/508/2863 1143/517/2910
f 3518/508/2938 3517/517/2818 1144/517/2911 1126/508/2866
f 3518/508/2938 3516/522/2935 1153/522/2936 1125/508/2863
f 3516/522/2935 3518/508/2938 1126/508/2866 1154/522/2937
f 3519/519/2939 3520/522/2940 1153/522/2936 1147/519/2920
f 3520/522/2940 3519/519/2939 1148/519/2921 1154/522/2937
f 3520/522/2940 3521/508/2941 1125/508/2863 1153/522/2936
f 3521/508/2941 3520/522/2940 1154/522/2937 1126/508/2866
f 3521/508/2941 3519/519/2939 1147/519/2920 1125/508/2863
f 3519/519/2939 3521/508/2941 1126/508/2866 1148/519/2921
f 3522/517/2942 3523/522/2943 1153/522/2936 1143/517/2910
f 3523/522/2943 3522/517/2942 1144/517/2911 1154/522/2937
f 3523/522/2943 3524/523/2944 1155/523/2945 1153/522/2936
f 3524/523/2944 3523/522/2943 1154/522/2937 1156/523/2946
f 3524/523/2944 3522/517/2942 1143/517/2910 1155/523/2945
f 3522/517/2942 3524/523/2944 1156/523/2946 1144/517/2911
f 3525/524/2947 3526/519/2948 1147/519/2920 1157/524/2949
f 3526/519/2948 3525/524/2947 1158/524/2950 1148/519/2921
f 3526/519/2948 3527/521/2951 1151/521/2932 1147/519/2920
f 3527/521/2951 3526/519/2948 1148/519/2921 1152/521/2933
f 3527/521/2951 3525/524/2947 1157/524/2949 1151/521/2932
f 3525/524/2947 3527/521/2951 1152/521/2933 1158/524/2950
f 3528/522/2952 3529/519/2953 1147/519/2920 1153/522/2936
f 3529/519/2953 3528/522/2952 1154/522/2937 1148/519/2921
f 3529/519/2953 3530/524/2954 1157/524/2949 1147/519/2920
f 3530/524/2954 3529/519/2953 1148/519/2921 1158/524/2950
f 3530/524/2954 3528/522/2952 1153/522/2936 1157/524/2949
f 3528/522/2952 3530/524/2954 1158/524/2950 1154/522/2937
f 3531/524/2955 3532/523/2956 1155/523/2945 1157/524/2949
f 3532/523/2956 3531/524/2955 1158/524/2950 1156/523/2946
f 3532/523/2956 3533/522/2957 1153/522/2936 1155/523/2945
f 3533/522/2957 3532/523/2956 1156/523/2946 1154/522/2937
f 3533/522/2957 3531/524/2955 1157/524/2949 1153/522/2936
f 3531/524/2955 3533/522/2957 1154/522/2937 1158/524/2950
f 3534/525/2958 3535/524/2959 1157/524/2949 1159/525/2960
f 3535/524/2959 3534/525/2958 1160/525/2961 1158/524/2950
f 3535/524/2959 3536/521/2962 1151/521/2932 1157/524/2949
f 3536/521/2962 3535/524/2959 1158/524/2950 1152/521/2933
f 3536/521/2962 3534/525/2958 1159/525/2960 1151/521/2932
f 3534/525/2958 3536/521/2962 1152/521/2933 1160/525/2961
f 3537/524/2963 3538/526/2964 1161/526/2965 1157/524/2949
f 3538/526/2964 3537/524/2963 1158/524/2950 1162/526/2966
f 3538/526/2964 3539/523/2967 1155/523/2945 1161/526/2965
f 3539/523/2967 3538/526/2964 1162/526/2966 1156/523/2946
f 3539/523/2967 3537/524/2963 1157/524/2949 1155/523/2945
f 3537/524/2963 3539/523/2967 1156/523/2946 1158/524/2950
f 3540/525/2968 3541/526/2969 1161/526/2965 1159/525/2960
f 3541/526/2969 3540/525/2968 1160/525/2961 1162/526/2966
f 3541/526/2969 3542/524/2970 1157/524/2949 1161/526/2965
f 3542/524/2970 3541/526/2969 1162/526/2966 1158/524/2950
f 3542/524/2970 3540/525/2968 1159/525/2960 1157/524/2949
f 3540/525/2968 3542/524/2970 1158/524/2950 1160/525/2961
f 3543/527/2971 3544/526/2972 1161/526/2965 1163/527/2973
f 3544/526/2972 3543/527/2971 1164/527/2974 1162/526/2966
f 3544/526/2972 3545/525/2975 1159/525/2960 1161/526/2965
f 3545/525/2975 3544/526/2972 1162/526/2966 1160/525/2961
f 3545/525/2975 3543/527/2971 1163/527/2973 1159/525/2960
f 3543/527/2971 3545/525/2975 1160/525/2961 1164/527/2974
f 3546/526/2976 3547/527/2977 1163/527/2973 1161/526/2965
f 3547/527/2977 3546/526/2976 1162/526/2966 1164/527/2974
f 3547/527/2977 3548/528/2978 1165/528/2979 1163/527/2973
f 3548/528/2978 3547/527/2977 1164/527/2974 1166/528/2980
f 3548/528/2978 3546/526/2976 1161/526/2965 1165/528/2979
f 3546/526/2976 3548/528/2978 1166/528/2980 1162/526/2966
f 3549/529/2981 3550/530/2982 1169/530/2983 1167/529/2984
f 3550/530/2982 3549/529/2981 1168/529/2985 1170/530/2986
f 3550/530/2982 3551/531/2987 1171/531/2988 1169/530/2983
f 3551/531/2987 3550/530/2982 1170/530/2986 1172/531/2989
f 3551/531/2987 3549/529/2981 1167/529/2984 1171/531/2988
f 3549/529/2981 3551/531/2987 1172/531/2989 1168/529/2985
f 3552/530/2990 3553/529/2991 1167/529/2984 1169/530/2983
f 3553/529/2991 3552/530/2990 1170/530/2986 1168/529/2985
f 3553/529/2991 3554/532/2992 1173/532/2993 1167/529/2984
f 3554/532/2992 3553/529/2991 1168/529/2985 1174/532/2994
f 3554/532/2992 3552/530/2990 1169/530/2983 1173/532/2993
f 3552/530/2990 3554/532/2992 1174/532/2994 1170/530/2986
f 3555/533/2995 3556/532/2996 1173/532/2993 1175/533/2997
f 3556/532/2996 3555/533/2995 1176/533/2998 1174/532/2994
f 3556/532/2996 3557/529/2999 1167/529/2984 1173/532/2993
f 3557/529/2999 3556/532/2996 1174/532/2994 1168/529/2985
f 3557/529/2999 3555/533/2995 1175/533/2997 1167/529/2984
f 3555/533/2995 3557/529/2999 1168/529/2985 1176/533/2998
f 3558/532/3000 3559/533/3001 1175/533/2997 1173/532/2993
f 3559/533/3001 3558/532/3000 1174/532/2994 1176/533/2998
f 3559/533/3001 3560/534/3002 1177/534/3003 1175/533/2997
f 3560/534/3002 3559/533/3001 1176/533/2998 1178/534/3004
f 3560/534/3002 3558/532/3000 1173/532/2993 1177/534/3003
f 3558/532/3000 3560/534/3002 1178/534/3004 1174/532/2994
f 3561/532/3005 3562/534/3006 1177/534/3003 1173/532/2993
f 3562/534/3006 3561/532/3005 1174/532/2994 1178/534/3004
f 3562/534/3006 3563/535/3007 1179/535/3008 1177/534/3003
f 3563/535/3007 3562/534/3006 1178/534/3004 1180/535/3009
f 3563/535/3007 3561/532/3005 1173/532/2993 1179/535/3008
f 3561/532/3005 3563/535/3007 1180/535/3009 1174/532/2994
f 3564/530/3010 3565/532/3011 1173/532/2993 1169/530/2983
f 3565/532/3011 3564/530/3010 1170/530/2986 1174/532/2994
f 3565/532/3011 3566/535/3012 1179/535/3008 1173/532/2993
f 3566/535/3012 3565/532/3011 1174/532/2994 1180/535/3009
f 3566/535/3012 3564/530/3010 1169/530/2983 1179/535/3008
f 3564/530/3010 3566/535/3012 1180/535/3009 1170/530/2986
f 3567/536/3013 3568/531/3014 1171/531/2988 1181/536/3015
f 3568/531/3014 3567/536/3013 1182/536/3016 1172/531/2989
f 3568/531/3014 3569/530/3017 1169/530/2983 1171/531/2988
f 3569/530/3017 3568/531/3014 1172/531/2989 1170/530/2986
f 3569/530/3017 3567/536/3013 1181/536/3015 1169/530/2983
f 3567/536/3013 3569/530/3017 1170/530/2986 1182/536/3016
f 3570/531/3018 3571/536/3019 1181/536/3015 1171/531/2988
f 3571/536/3019 3570/531/3018 1172/531/2989 1182/536/3016
f 3571/536/3019 3572/537/3020 1183/537/3021 1181/536/3015
f 3572/537/3020 3571/536/3019 1182/536/3016 1184/537/3022
f 3572/537/3020 3570/531/3018 1171/531/2988 1183/537/3021
f 3570/531/3018 3572/537/3020 1184/537/3022 1172/531/2989
f 3573/538/3023 3574/537/3024 1183/537/3021 1185/538/3025
f 3574/537/3024 3573/538/3023 1186/538/3026 1184/537/3022
f 3574/537/3024 3575/536/3027 1181/536/3015 1183/537/3021
f 3575/536/3027 3574/537/3024 1184/537/3022 1182/536/3016
f 3575/536/3027 3573/538/3023 1185/538/3025 1181/536/3015
f 3573/538/3023 3575/536/3027 1182/536/3016 1186/538/3026
f 3576/539/3028 3577/530/3029 1169/530/2983 1187/539/3030
f 3577/530/3029 3576/539/3028 1188/539/3031 1170/530/2986
f 3577/530/3029 3578/535/3032 1179/535/3008 1169/530/2983
f 3578/535/3032 3577/530/3029 1170/530/2986 1180/535/3009
f 3578/535/3032 3576/539/3028 1187/539/3030 1179/535/3008
f 3576/539/3028 3578/535/3032 1180/535/3009 1188/539/3031
f 3579/539/3033 3580/536/3034 1181/536/3015 1187/539/3030
f 3580/536/3034 3579/539/3033 1188/539/3031 1182/536/3016
f 3580/536/3034 3581/530/3035 1169/530/2983 1181/536/3015
f 3581/530/3035 3580/536/3034 1182/536/3016 1170/530/2986
f 3581/530/3035 3579/539/3033 1187/539/3030 1169/530/2983
f 3579/539/3033 3581/530/3035 1170/530/2986 1188/539/3031
f 3582/539/3036 3583/535/3037 1179/535/3008 1187/539/3030
f 3583/535/3037 3582/539/3036 1188/539/3031 1180/535/3009
f 3583/535/3037 3584/540/3038 1189/540/3039 1179/535/3008
f 3584/540/3038 3583/535/3037 1180/535/3009 1190/540/3040
f 3584/540/3038 3582/539/3036 1187/539/3030 1189/540/3039
f 3582/539/3036 3584/540/3038 1190/540/3040 1188/539/3031
f 3585/536/3041 3586/541/3042 1191/541/3043 1181/536/3015
f 3586/541/3042 3585/536/3041 1182/536/3016 1192/541/3044
f 3586/541/3042 3587/538/3045 1185/538/3025 1191/541/3043
f 3587/538/3045 3586/541/3042 1192/541/3044 1186/538/3026
f 3587/538/3045 3585/536/3041 1181/536/3015 1185/538/3025
f 3585/536/3041 3587/538/3045 1186/538/3026 1182/536/3016
f 3588/536/3046 3589/539/3047 1187/539/3030 1181/536/3015
f 3589/539/3047 3588/536/3046 1182/536/3016 1188/539/3031
f 3589/539/3047 3590/541/3048 1191/541/3043 1187/539/3030
f 3590/541/3048 3589/539/3047 1188/539/3031 1192/541/3044
f 3590/541/3048 3588/536/3046 1181/536/3015 1191/541/3043
f 3588/536/3046 3590/541/3048 1192/541/3044 1182/536/3016
f 3591/542/3049 3592/538/3050 1185/538/3025 1193/542/3051
f 3592/538/3050 3591/542/3049 1194/542/3052 1186/538/3026
f 3592/538/3050 3593/541/3053 1191/541/3043 1185/538/3025
f 3593/541/3053 3592/538/3050 1186/538/3026 1192/541/3044
f 3593/541/3053 3591/542/3049 1193/542/3051 1191/541/3043
f 3591/542/3049 3593/541/3053 1192/541/3044 1194/542/3052
f 3594/543/3054 3595/542/3055 1193/542/3051 1195/543/3056
f 3595/542/3055 3594/543/3054 1196/543/3057 1194/542/3052
f 3595/542/3055 3596/541/3058 1191/541/3043 1193/542/3051
f 3596/541/3058 3595/542/3055 1194/542/3052 1192/541/3044
f 3596/541/3058 3594/543/3054 1195/543/3056 1191/541/3043
f 3594/543/3054 3596/541/3058 1192/541/3044 1196/543/3057
f 3597/539/3059 3598/540/3060 1189/540/3039 1187/539/3030
f 3598/540/3060 3597/539/3059 1188/539/3031 1190/540/3040
f 3598/540/3060 3599/544/3061 1197/544/3062 1189/540/3039
f 3599/544/3061 3598/540/3060 1190/540/3040 1198/544/3063
f 3599/544/3061 3597/539/3059 1187/539/3030 1197/544/3062
f 3597/539/3059 3599/544/3061 1198/544/3063 1188/539/3031
f 3600/544/3064 3601/541/3065 1191/541/3043 1197/544/3062
f 3601/541/3065 3600/544/3064 1198/544/3063 1192/541/3044
f 3601/541/3065 3602/539/3066 1187/539/3030 1191/541/3043
f 3602/539/3066 3601/541/3065 1192/541/3044 1188/539/3031
f 3602/539/3066 3600/544/3064 1197/544/3062 1187/539/3030
f 3600/544/3064 3602/539/3066 1188/539/3031 1198/544/3063
f 3603/545/3067 3604/544/3068 1197/544/3062 1199/545/3069
f 3604/544/3068 3603/545/3067 1200/545/3070 1198/544/3063
f 3604/544/3068 3605/540/3071 1189/540/3039 1197/544/3062
f 3605/540/3071 3604/544/3068 1198/544/3063 1190/540/3040
f 3605/540/3071 3603/545/3067 1199/545/3069 1189/540/3039
f 3603/545/3067 3605/540/3071 1190/540/3040 1200/545/3070
f 3606/543/3072 3607/541/3073 1191/541/3043 1195/543/3056
f 3607/541/3073 3606/543/3072 1196/543/3057 1192/541/3044
f 3607/541/3073 3608/546/3074 1201/546/3075 1191/541/3043
f 3608/546/3074 3607/541/3073 1192/541/3044 1202/546/3076
f 3608/546/3074 3606/543/3072 1195/543/3056 1201/546/3075
f 3606/543/3072 3608/546/3074 1202/546/3076 1196/543/3057
f 3609/541/3077 3610/544/3078 1197/544/3062 1191/541/3043
f 3610/544/3078 3609/541/3077 1192/541/3044 1198/544/3063
f 3610/544/3078 3611/546/3079 1201/546/3075 1197/544/3062
f 3611/546/3079 3610/544/3078 1198/544/3063 1202/546/3076
f 3611/546/3079 3609/541/3077 1191/541/3043 1201/546/3075
f 3609/541/3077 3611/546/3079 1202/546/3076 1192/541/3044
f 3612/547/3080 3613/543/3081 1195/543/3056 1203/547/3082
f 3613/543/3081 3612/547/3080 1204/547/3083 1196/543/3057
f 3613/543/3081 3614/546/3084 1201/546/3075 1195/543/3056
f 3614/546/3084 3613/543/3081 1196/543/3057 1202/546/3076
f 3614/546/3084 3612/547/3080 1203/547/3082 1201/546/3075
f 3612/547/3080 3614/546/3084 1202/546/3076 1204/547/3083
f 3615/548/3085 3616/544/3086 1197/544/3062 1205/548/3087
f 3616/544/3086 3615/548/3085 1206/548/3088 1198/544/3063
f 3616/544/3086 3617/545/3089 1199/545/3069 1197/544/3062
f 3617/545/3089 3616/544/3086 1198/544/3063 1200/545/3070
f 3617/545/3089 3615/548/3085 1205/548/3087 1199/545/3069
f 3615/548/3085 3617/545/3089 1200/545/3070 1206/548/3088
f 3618/544/3090 3619/548/3091 1205/548/3087 1197/544/3062
f 3619/548/3091 3618/544/3090 1198/544/3063 1206/548/3088
f 3619/548/3091 3620/546/3092 1201/546/3075 1205/548/3087
f 3620/546/3092 3619/548/3091 1206/548/3088 1202/546/3076
f 3620/546/3092 3618/544/3090 1197/544/3062 1201/546/3075
f 3618/544/3090 3620/546/3092 1202/546/3076 1198/544/3063
f 3621/548/3093 3622/547/3094 1203/547/3082 1205/548/3087
f 3622/547/3094 3621/548/3093 1206/548/3088 1204/547/3083
f 3622/547/3094 3623/546/3095 1201/546/3075 1203/547/3082
f 3623/546/3095 3622/547/3094 1204/547/3083 1202/546/3076
f 3623/546/3095 3621/548/3093 1205/548/3087 1201/546/3075
f 3621/548/3093 3623/546/3095 1202/546/3076 1206/548/3088
f 3624/549/3096 3625/548/3097 1205/548/3087 1207/549/3098
f 3625/548/3097 3624/549/3096 1208/549/3099 1206/548/3088
f 3625/548/3097 3626/545/3100 1199/545/3069 1205/548/3087
f 3626/545/3100 3625/548/3097 1206/548/3088 1200/545/3070
f 3626/545/3100 3624/549/3096 1207/549/3098 1199/545/3069
f 3624/549/3096 3626/545/3100 1200/545/3070 1208/549/3099
f 3627/547/3101 3628/548/3102 1205/548/3087 1203/547/3082
f 3628/548/3102 3627/547/3101 1204/547/3083 1206/548/3088
f 3628/548/3102 3629/550/3103 1209/550/3104 1205/548/3087
f 3629/550/3103 3628/548/3102 1206/548/3088 1210/550/3105
f 3629/550/3103 3627/547/3101 1203/547/3082 1209/550/3104
f 3627/547/3101 3629/550/3103 1210/550/3105 1204/547/3083
f 3630/548/3106 3631/549/3107 1207/549/3098 1205/548/3087
f 3631/549/3107 3630/548/3106 1206/548/3088 1208/549/3099
f 3631/549/3107 3632/551/3108 1211/551/3109 1207/549/3098
f 3632/551/3108 3631/549/3107 1208/549/3099 1212/551/3110
f 3632/551/3108 3630/548/3106 1205/548/3087 1211/551/3109
f 3630/548/3106 3632/551/3108 1212/551/3110 1206/548/3088
f 3633/548/3111 3634/552/3112 1213/552/3113 1205/548/3087
f 3634/552/3112 3633/548/3111 1206/548/3088 1214/552/3114
f 3634/552/3112 3635/550/3115 1209/550/3104 1213/552/3113
f 3635/550/3115 3634/552/3112 1214/552/3114 1210/550/3105
f 3635/550/3115 3633/548/3111 1205/548/3087 1209/550/3104
f 3633/548/3111 3635/550/3115 1210/550/3105 1206/548/3088
f 3636/552/3116 3637/548/3117 1205/548/3087 1213/552/3113
f 3637/548/3117 3636/552/3116 1214/552/3114 1206/548/3088
f 3637/548/3117 3638/551/3118 1211/551/3109 1205/548/3087
f 3638/551/3118 3637/548/3117 1206/548/3088 1212/551/3110
f 3638/551/3118 3636/552/3116 1213/552/3113 1211/551/3109
f 3636/552/3116 3638/551/3118 1212/551/3110 1214/552/3114
f 3639/553/3119 3640/554/3120 1217/554/3121 1215/553/3122
f 3640/554/3120 3639/553/3119 1216/553/3123 1218/554/3124
f 3640/554/3120 3641/555/3125 1219/555/3126 1217/554/3121
f 3641/555/3125 3640/554/3120 1218/554/3124 1220/555/3127
f 3641/555/3125 3639/553/3119 1215/553/3122 1219/555/3126
f 3639/553/3119 3641/555/3125 1220/555/3127 1216/553/3123
f 3642/554/3128 3643/553/3129 1215/553/3122 1217/554/3121
f 3643/553/3129 3642/554/3128 1218/554/3124 1216/553/3123
f 3643/553/3129 3644/556/3130 1221/556/3131 1215/553/3122
f 3644/556/3130 3643/553/3129 1216/553/3123 1222/556/3132
f 3644/556/3130 3642/554/3128 1217/554/3121 1221/556/3131
f 3642/554/3128 3644/556/3130 1222/556/3132 1218/554/3124
f 3645/556/3133 3646/557/3134 1223/557/3135 1221/556/3131
f 3646/557/3134 3645/556/3133 1222/556/3132 1224/557/3136
f 3646/557/3134 3647/554/3137 1217/554/3121 1223/557/3135
f 3647/554/3137 3646/557/3134 1224/557/3136 1218/554/3124
f 3647/554/3137 3645/556/3133 1221/556/3131 1217/554/3121
f 3645/556/3133 3647/554/3137 1218/554/3124 1222/556/3132
f 3648/557/3138 3649/556/3139 1221/556/3131 1223/557/3135
f 3649/556/3139 3648/557/3138 1224/557/3136 1222/556/3132
f 3649/556/3139 3650/558/3140 1225/558/3141 1221/556/3131
f 3650/558/3140 3649/556/3139 1222/556/3132 1226/558/3142
f 3650/558/3140 3648/557/3138 1223/557/3135 1225/558/3141
f 3648/557/3138 3650/558/3140 1226/558/3142 1224/557/3136
f 3651/556/3143 3652/559/3144 1227/559/3145 1221/556/3131
f 3652/559/3144 3651/556/3143 1222/556/3132 1228/559/3146
f 3652/559/3144 3653/558/3147 1225/558/3141 1227/559/3145
f 3653/558/3147 3652/559/3144 1228/559/3146 1226/558/3142
f 3653/558/3147 3651/556/3143 1221/556/3131 1225/558/3141
f 3651/556/3143 3653/558/3147 1226/558/3142 1222/556/3132
f 3654/553/3148 3655/559/3149 1227/559/3145 1215/553/3122
f 3655/559/3149 3654/553/3148 1216/553/3123 1228/559/3146
f 3655/559/3149 3656/556/3150 1221/556/3131 1227/559/3145
f 3656/556/3150 3655/559/3149 1228/559/3146 1222/556/3132
f 3656/556/3150 3654/553/3148 1215/553/3122 1221/556/3131
f 3654/553/3148 3656/556/3150 1222/556/3132 1216/553/3123
f 3657/555/3151 3658/560/3152 1229/560/3153 1219/555/3126
f 3658/560/3152 3657/555/3151 1220/555/3127 1230/560/3154
f 3658/560/3152 3659/553/3155 1215/553/3122 1229/560/3153
f 3659/553/3155 3658/560/3152 1230/560/3154 1216/553/3123
f 3659/553/3155 3657/555/3151 1219/555/3126 1215/553/3122
f 3657/555/3151 3659/553/3155 1216/553/3123 1220/555/3127
f 3660/560/3156 3661/555/3157 1219/555/3126 1229/560/3153
f 3661/555/3157 3660/560/3156 1230/560/3154 1220/555/3127
f 3661/555/3157 3662/561/3158 1231/561/3159 1219/555/3126
f 3662/561/3158 3661/555/3157 1220/555/3127 1232/561/3160
f 3662/561/3158 3660/560/3156 1229/560/3153 1231/561/3159
f 3660/560/3156 3662/561/3158 1232/561/3160 1230/560/3154
f 3663/562/3161 3664/560/3162 1229/560/3153 1233/562/3163
f 3664/560/3162 3663/562/3161 1234/562/3164 1230/560/3154
f 3664/560/3162 3665/561/3165 1231/561/3159 1229/560/3153
f 3665/561/3165 3664/560/3162 1230/560/3154 1232/561/3160
f 3665/561/3165 3663/562/3161 1233/562/3163 1231/561/3159
f 3663/562/3161 3665/561/3165 1232/561/3160 1234/562/3164
f 3666/563/3166 3667/559/3167 1227/559/3145 1235/563/3168
f 3667/559/3167 3666/563/3166 1236/563/3169 1228/559/3146
f 3667/559/3167 3668/553/3170 1215/553/3122 1227/559/3145
f 3668/553/3170 3667/559/3167 1228/559/3146 1216/553/3123
f 3668/553/3170 3666/563/3166 1235/563/3168 1215/553/3122
f 3666/563/3166 3668/553/3170 1216/553/3123 1236/563/3169
f 3669/560/3171 3670/563/3172 1235/563/3168 1229/560/3153
f 3670/563/3172 3669/560/3171 1230/560/3154 1236/563/3169
f 3670/563/3172 3671/553/3173 1215/553/3122 1235/563/3168
f 3671/553/3173 3670/563/3172 1236/563/3169 1216/553/3123
f 3671/553/3173 3669/560/3171 1229/560/3153 1215/553/3122
f 3669/560/3171 3671/553/3173 1216/553/3123 1230/560/3154
f 3672/563/3174 3673/564/3175 1237/564/3176 1235/563/3168
f 3673/564/3175 3672/563/3174 1236/563/3169 1238/564/3177
f 3673/564/3175 3674/559/3178 1227/559/3145 1237/564/3176
f 3674/559/3178 3673/564/3175 1238/564/3177 1228/559/3146
f 3674/559/3178 3672/563/3174 1235/563/3168 1227/559/3145
f 3672/563/3174 3674/559/3178 1228/559/3146 1236/563/3169
f 3675/560/3179 3676/562/3180 1233/562/3163 1229/560/3153
f 3676/562/3180 3675/560/3179 1230/560/3154 1234/562/3164
f 3676/562/3180 3677/565/3181 1239/565/3182 1233/562/3163
f 3677/565/3181 3676/562/3180 1234/562/3164 1240/565/3183
f 3677/565/3181 3675/560/3179 1229/560/3153 1239/565/3182
f 3675/560/3179 3677/565/3181 1240/565/3183 1230/560/3154
f 3678/563/3184 3679/560/3185 1229/560/3153 1235/563/3168
f 3679/560/3185 3678/563/3184 1236/563/3169 1230/560/3154
f 3679/560/3185 3680/565/3186 1239/565/3182 1229/560/3153
f 3680/565/3186 3679/560/3185 1230/560/3154 1240/565/3183
f 3680/565/3186 3678/563/3184 1235/563/3168 1239/565/3182
f 3678/563/3184 3680/565/3186 1240/565/3183 1236/563/3169
f 3681/566/3187 3682/565/3188 1239/565/3182 1241/566/3189
f 3682/565/3188 3681/566/3187 1242/566/3190 1240/565/3183
f 3682/565/3188 3683/562/3191 1233/562/3163 1239/565/3182
f 3683/562/3191 3682/565/3188 1240/565/3183 1234/562/3164
f 3683/562/3191 3681/566/3187 1241/566/3189 1233/562/3163
f 3681/566/3187 3683/562/3191 1234/562/3164 1242/566/3190
f 3684/567/3192 3685/565/3193 1239/565/3182 1243/567/3194
f 3685/565/3193 3684/567/3192 1244/567/3195 1240/565/3183
f 3685/565/3193 3686/566/3196 1241/566/3189 1239/565/3182
f 3686/566/3196 3685/565/3193 1240/565/3183 1242/566/3190
f 3686/566/3196 3684/567/3192 1243/567/3194 1241/566/3189
f 3684/567/3192 3686/566/3196 1242/566/3190 1244/567/3195
f 3687/564/3197 3688/563/3198 1235/563/3168 1237/564/3176
f 3688/563/3198 3687/564/3197 1238/564/3177 1236/563/3169
f 3688/563/3198 3689/568/3199 1245/568/3200 1235/563/3168
f 3689/568/3199 3688/563/3198 1236/563/3169 1246/568/3201
f 3689/568/3199 3687/564/3197 1237/564/3176 1245/568/3200
f 3687/564/3197 3689/568/3199 1246/568/3201 1238/564/3177
f 3690/565/3202 3691/568/3203 1245/568/3200 1239/565/3182
f 3691/568/3203 3690/565/3202 1240/565/3183 1246/568/3201
f 3691/568/3203 3692/563/3204 1235/563/3168 1245/568/3200
f 3692/563/3204 3691/568/3203 1246/568/3201 1236/563/3169
f 3692/563/3204 3690/565/3202 1239/565/3182 1235/563/3168
f 3690/565/3202 3692/563/3204 1236/563/3169 1240/565/3183
f 3693/569/3205 3694/564/3206 1237/564/3176 1247/569/3207
f 3694/564/3206 3693/569/3205 1248/569/3208 1238/564/3177
f 3694/564/3206 3695/568/3209 1245/568/3200 1237/564/3176
f 3695/568/3209 3694/564/3206 1238/564/3177 1246/568/3201
f 3695/568/3209 3693/569/3205 1247/569/3207 1245/568/3200
f 3693/569/3205 3695/568/3209 1246/568/3201 1248/569/3208
f 3696/570/3210 3697/565/3211 1239/565/3182 1249/570/3212
f 3697/565/3211 3696/570/3210 1250/570/3213 1240/565/3183
f 3697/565/3211 3698/567/3214 1243/567/3194 1239/565/3182
f 3698/567/3214 3697/565/3211 1240/565/3183 1244/567/3195
f 3698/567/3214 3696/570/3210 1249/570/3212 1243/567/3194
f 3696/570/3210 3698/567/3214 1244/567/3195 1250/570/3213
f 3699/568/3215 3700/565/3216 1239/565/3182 1245/568/3200
f 3700/565/3216 3699/568/3215 1246/568/3201 1240/565/3183
f 3700/565/3216 3701/570/3217 1249/570/3212 1239/565/3182
f 3701/570/3217 3700/565/3216 1240/565/3183 1250/570/3213
f 3701/570/3217 3699/568/3215 1245/568/3200 1249/570/3212
f 3699/568/3215 3701/570/3217 1250/570/3213 1246/568/3201
f 3702/571/3218 3703/570/3219 1249/570/3212 1251/571/3220
f 3703/570/3219 3702/571/3218 1252/571/3221 1250/570/3213
f 3703/570/3219 3704/567/3222 1243/567/3194 1249/570/3212
f 3704/567/3222 3703/570/3219 1250/570/3213 1244/567/3195
f 3704/567/3222 3702/571/3218 1251/571/3220 1243/567/3194
f 3702/571/3218 3704/567/3222 1244/567/3195 1252/571/3221
f 3705/568/3223 3706/572/3224 1253/572/3225 1245/568/3200
f 3706/572/3224 3705/568/3223 1246/568/3201 1254/572/3226
f 3706/572/3224 3707/569/3227 1247/569/3207 1253/572/3225
f 3707/569/3227 3706/572/3224 1254/572/3226 1248/569/3208
f 3707/569/3227 3705/568/3223 1245/568/3200 1247/569/3207
f 3705/568/3223 3707/569/3227 1248/569/3208 1246/568/3201
f 3708/572/3228 3709/568/3229 1245/568/3200 1253/572/3225
f 3709/568/3229 3708/572/3228 1254/572/3226 1246/568/3201
f 3709/568/3229 3710/570/3230 1249/570/3212 1245/568/3200
f 3710/570/3230 3709/568/3229 1246/568/3201 1250/570/3213
f 3710/570/3230 3708/572/3228 1253/572/3225 1249/570/3212
f 3708/572/3228 3710/570/3230 1250/570/3213 1254/572/3226
f 3711/571/3231 3712/572/3232 1253/572/3225 1251/571/3220
f 3712/572/3232 3711/571/3231 1252/571/3221 1254/572/3226
f 3712/572/3232 3713/570/3233 1249/570/3212 1253/572/3225
f 3713/570/3233 3712/572/3232 1254/572/3226 1250/570/3213
f 3713/570/3233 3711/571/3231 1251/571/3220 1249/570/3212
f 3711/571/3231 3713/570/3233 1250/570/3213 1252/571/3221
f 3714/573/3234 3715/569/3235 1247/569/3207 1255/573/3236
f 3715/569/3235 3714/573/3234 1256/573/3237 1248/569/3208
f 3715/569/3235 3716/572/3238 1253/572/3225 1247/569/3207
f 3716/572/3238 3715/569/3235 1248/569/3208 1254/572/3226
f 3716/572/3238 3714/573/3234 1255/573/3236 1253/572/3225
f 3714/573/3234 3716/572/3238 1254/572/3226 1256/573/3237
f 3717/572/3239 3718/571/3240 1251/571/3220 1253/572/3225
f 3718/571/3240 3717/572/3239 1254/572/3226 1252/571/3221
f 3718/571/3240 3719/574/3241 1257/574/3242 1251/571/3220
f 3719/574/3241 3718/571/3240 1252/571/3221 1258/574/3243
f 3719/574/3241 3717/572/3239 1253/572/3225 1257/574/3242
f 3717/572/3239 3719/574/3241 1258/574/3243 1254/572/3226
f 3720/573/3244 3721/572/3245 1253/572/3225 1255/573/3236
f 3721/572/3245 3720/573/3244 1256/573/3237 1254/572/3226
f 3721/572/3245 3722/575/3246 1259/575/3247 1253/572/3225
f 3722/575/3246 3721/572/3245 1254/572/3226 1260/575/3248
f 3722/575/3246 3720/573/3244 1255/573/3236 1259/575/3247
f 3720/573/3244 3722/575/3246 1260/575/3248 1256/573/3237
f 3723/576/3249 3724/572/3250 1253/572/3225 1261/576/3251
f 3724/572/3250 3723/576/3249 1262/576/3252 1254/572/3226
f 3724/572/3250 3725/574/3253 1257/574/3242 1253/572/3225
f 3725/574/3253 3724/572/3250 1254/572/3226 1258/574/3243
f 3725/574/3253 3723/576/3249 1261/576/3251 1257/574/3242
f 3723/576/3249 3725/574/3253 1258/574/3243 1262/576/3252
f 3726/572/3254 3727/576/3255 1261/576/3251 1253/572/3225
f 3727/576/3255 3726/572/3254 1254/572/3226 1262/576/3252
f 3727/576/3255 3728/575/3256 1259/575/3247 1261/576/3251
f 3728/575/3256 3727/576/3255 1262/576/3252 1260/575/3248
f 3728/575/3256 3726/572/3254 1253/572/3225 1259/575/3247
f 3726/572/3254 3728/575/3256 1260/575/3248 1254/572/3226
f 3729/577/3257 3730/578/3258 1265/578/3259 1263/577/3260
f 3730/578/3258 3729/577/3257 1264/577/3261 1266/578/3262
f 3730/578/3258 3731/579/3263 1267/579/3264 1265/578/3259
f 3731/579/3263 3730/578/3258 1266/578/3262 1268/579/3265
f 3731/579/3263 3729/577/3257 1263/577/3260 1267/579/3264
f 3729/577/3257 3731/579/3263 1268/579/3265 1264/577/3261
f 3732/577/3266 3733/580/3267 1269/580/3268 1263/577/3260
f 3733/580/3267 3732/577/3266 1264/577/3261 1270/580/3269
f 3733/580/3267 3734/578/3270 1265/578/3259 1269/580/3268
f 3734/578/3270 3733/580/3267 1270/580/3269 1266/578/3262
f 3734/578/3270 3732/577/3266 1263/577/3260 1265/578/3259
f 3732/577/3266 3734/578/3270 1266/578/3262 1264/577/3261
f 3735/578/3271 3736/580/3272 1269/580/3268 1265/578/3259
f 3736/580/3272 3735/578/3271 1266/578/3262 1270/580/3269
f 3736/580/3272 3737/581/3273 1271/581/3274 1269/580/3268
f 3737/581/3273 3736/580/3272 1270/580/3269 1272/581/3275
f 3737/581/3273 3735/578/3271 1265/578/3259 1271/581/3274
f 3735/578/3271 3737/581/3273 1272/581/3275 1266/578/3262
f 3738/580/3276 3739/577/3277 1263/577/3260 1269/580/3268
f 3739/577/3277 3738/580/3276 1270/580/3269 1264/577/3261
f 3739/577/3277 3740/582/3278 1273/582/3279 1263/577/3260
f 3740/582/3278 3739/577/3277 1264/577/3261 1274/582/3280
f 3740/582/3278 3738/580/3276 1269/580/3268 1273/582/3279
f 3738/580/3276 3740/582/3278 1274/582/3280 1270/580/3269
f 3741/580/3281 3742/583/3282 1275/583/3283 1269/580/3268
f 3742/583/3282 3741/580/3281 1270/580/3269 1276/583/3284
f 3742/583/3282 3743/581/3285 1271/581/3274 1275/583/3283
f 3743/581/3285 3742/583/3282 1276/583/3284 1272/581/3275
f 3743/581/3285 3741/580/3281 1269/580/3268 1271/581/3274
f 3741/580/3281 3743/581/3285 1272/581/3275 1270/580/3269
f 3744/584/3286 3745/580/3287 1269/580/3268 1277/584/3288
f 3745/580/3287 3744/584/3286 1278/584/3289 1270/580/3269
f 3745/580/3287 3746/582/3290 1273/582/3279 1269/580/3268
f 3746/582/3290 3745/580/3287 1270/580/3269 1274/582/3280
f 3746/582/3290 3744/584/3286 1277/584/3288 1273/582/3279
f 3744/584/3286 3746/582/3290 1274/582/3280 1278/584/3289
f 3747/580/3291 3748/585/3292 1279/585/3293 1269/580/3268
f 3748/585/3292 3747/580/3291 1270/580/3269 1280/585/3294
f 3748/585/3292 3749/583/3295 1275/583/3283 1279/585/3293
f 3749/583/3295 3748/585/3292 1280/585/3294 1276/583/3284
f 3749/583/3295 3747/580/3291 1269/580/3268 1275/583/3283
f 3747/580/3291 3749/583/3295 1276/583/3284 1270/580/3269
f 3750/580/3296 3751/584/3297 1277/584/3288 1269/580/3268
f 3751/584/3297 3750/580/3296 1270/580/3269 1278/584/3289
f 3751/584/3297 3752/585/3298 1279/585/3293 1277/584/3288
f 3752/585/3298 3751/584/3297 1278/584/3289 1280/585/3294
f 3752/585/3298 3750/580/3296 1269/580/3268 1279/585/3293
f 3750/580/3296 3752/585/3298 1280/585/3294 1270/580/3269
f 3753/585/3299 3754/586/3300 1281/586/3301 1279/585/3293
f 3754/586/3300 3753/585/3299 1280/585/3294 1282/586/3302
f 3754/586/3300 3755/583/3303 1275/583/3283 1281/586/3301
f 3755/583/3303 3754/586/3300 1282/586/3302 1276/583/3284
f 3755/583/3303 3753/585/3299 1279/585/3293 1275/583/3283
f 3753/585/3299 3755/583/3303 1276/583/3284 1280/585/3294
f 3756/584/3304 3757/587/3305 1283/587/3306 1277/584/3288
f 3757/587/3305 3756/584/3304 1278/584/3289 1284/587/3307
f 3757/587/3305 3758/585/3308 1279/585/3293 1283/587/3306
f 3758/585/3308 3757/587/3305 1284/587/3307 1280/585/3294
f 3758/585/3308 3756/584/3304 1277/584/3288 1279/585/3293
f 3756/584/3304 3758/585/3308 1280/585/3294 1278/584/3289
f 3759/587/3309 3760/588/3310 1285/588/3311 1283/587/3306
f 3760/588/3310 3759/587/3309 1284/587/3307 1286/588/3312
f 3760/588/3310 3761/585/3313 1279/585/3293 1285/588/3311
f 3761/585/3313 3760/588/3310 1286/588/3312 1280/585/3294
f 3761/585/3313 3759/587/3309 1283/587/3306 1279/585/3293
f 3759/587/3309 3761/585/3313 1280/585/3294 1284/587/3307
f 3762/587/3314 3763/589/3315 1287/589/3316 1283/587/3306
f 3763/589/3315 3762/587/3314 1284/587/3307 1288/589/3317
f 3763/589/3315 3764/588/3318 1285/588/3311 1287/589/3316
f 3764/588/3318 3763/589/3315 1288/589/3317 1286/588/3312
f 3764/588/3318 3762/587/3314 1283/587/3306 1285/588/3311
f 3762/587/3314 3764/588/3318 1286/588/3312 1284/587/3307
f 3765/589/3319 3766/590/3320 1289/590/3321 1287/589/3316
f 3766/590/3320 3765/589/3319 1288/589/3317 1290/590/3322
f 3766/590/3320 3767/588/3323 1285/588/3311 1289/590/3321
f 3767/588/3323 3766/590/3320 1290/590/3322 1286/588/3312
f 3767/588/3323 3765/589/3319 1287/589/3316 1285/588/3311
f 3765/589/3319 3767/588/3323 1286/588/3312 1288/589/3317
f 3768/585/3324 3769/588/3325 1285/588/3311 1279/585/3293
f 3769/588/3325 3768/585/3324 1280/585/3294 1286/588/3312
f 3769/588/3325 3770/591/3326 1291/591/3327 1285/588/3311
f 3770/591/3326 3769/588/3325 1286/588/3312 1292/591/3328
f 3770/591/3326 3768/585/3324 1279/585/3293 1291/591/3327
f 3768/585/3324 3770/591/3326 1292/591/3328 1280/585/3294
f 3771/586/3329 3772/585/3330 1279/585/3293 1281/586/3301
f 3772/585/3330 3771/586/3329 1282/586/3302 1280/585/3294
f 3772/585/3330 3773/591/3331 1291/591/3327 1279/585/3293
f 3773/591/3331 3772/585/3330 1280/585/3294 1292/591/3328
f 3773/591/3331 3771/586/3329 1281/586/3301 1291/591/3327
f 3771/586/3329 3773/591/3331 1292/591/3328 1282/586/3302
f 3774/592/3332 3775/588/3333 1285/588/3311 1293/592/3334
f 3775/588/3333 3774/592/3332 1294/592/3335 1286/588/3312
f 3775/588/3333 3776/590/3336 1289/590/3321 1285/588/3311
f 3776/590/3336 3775/588/3333 1286/588/3312 1290/590/3322
f 3776/590/3336 3774/592/3332 1293/592/3334 1289/590/3321
f 3774/592/3332 3776/590/3336 1290/590/3322 1294/592/3335
f 3777/592/3337 3778/591/3338 1291/591/3327 1293/592/3334
f 3778/591/3338 3777/592/3337 1294/592/3335 1292/591/3328
f 3778/591/3338 3779/588/3339 1285/588/3311 1291/591/3327
f 3779/588/3339 3778/591/3338 1292/591/3328 1286/588/3312
f 3779/588/3339 3777/592/3337 1293/592/3334 1285/588/3311
f 3777/592/3337 3779/588/3339 1286/588/3312 1294/592/3335
f 3780/592/3340 3781/590/3341 1289/590/3321 1293/592/3334
f 3781/590/3341 3780/592/3340 1294/592/3335 1290/590/3322
f 3781/590/3341 3782/593/3342 1295/593/3343 1289/590/3321
f 3782/593/3342 3781/590/3341 1290/590/3322 1296/593/3344
f 3782/593/3342 3780/592/3340 1293/592/3334 1295/593/3343
f 3780/592/3340 3782/593/3342 1296/593/3344 1294/592/3335
f 3783/594/3345 3784/592/3346 1293/592/3334 1297/594/3347
f 3784/592/3346 3783/594/3345 1298/594/3348 1294/592/3335
f 3784/592/3346 3785/593/3349 1295/593/3343 1293/592/3334
f 3785/593/3349 3784/592/3346 1294/592/3335 1296/593/3344
f 3785/593/3349 3783/594/3345 1297/594/3347 1295/593/3343
f 3783/594/3345 3785/593/3349 1296/593/3344 1298/594/3348
f 3786/591/3350 3787/592/3351 1293/592/3334 1291/591/3327
f 3787/592/3351 3786/591/3350 1292/591/3328 1294/592/3335
f 3787/592/3351 3788/595/3352 1299/595/3353 1293/592/3334
f 3788/595/3352 3787/592/3351 1294/592/3335 1300/595/3354
f 3788/595/3352 3786/591/3350 1291/591/3327 1299/595/3353
f 3786/591/3350 3788/595/3352 1300/595/3354 1292/591/3328
f 3789/592/3355 3790/594/3356 1297/594/3347 1293/592/3334
f 3790/594/3356 3789/592/3355 1294/592/3335 1298/594/3348
f 3790/594/3356 3791/595/3357 1299/595/3353 1297/594/3347
f 3791/595/3357 3790/594/3356 1298/594/3348 1300/595/3354
f 3791/595/3357 3789/592/3355 1293/592/3334 1299/595/3353
f 3789/592/3355 3791/595/3357 1300/595/3354 1294/592/3335
f 3792/591/3358 3793/596/3359 1301/596/3360 1291/591/3327
f 3793/596/3359 3792/591/3358 1292/591/3328 1302/596/3361
f 3793/596/3359 3794/586/3362 1281/586/3301 1301/596/3360
f 3794/586/3362 3793/596/3359 1302/596/3361 1282/586/3302
f 3794/586/3362 3792/591/3358 1291/591/3327 1281/586/3301
f 3792/591/3358 3794/586/3362 1282/586/3302 1292/591/3328
f 3795/596/3363 3796/591/3364 1291/591/3327 1301/596/3360
f 3796/591/3364 3795/596/3363 1302/596/3361 1292/591/3328
f 3796/591/3364 3797/595/3365 1299/595/3353 1291/591/3327
f 3797/595/3365 3796/591/3364 1292/591/3328 1300/595/3354
f 3797/595/3365 3795/596/3363 1301/596/3360 1299/595/3353
f 3795/596/3363 3797/595/3365 1300/595/3354 1302/596/3361
f 3798/595/3366 3799/594/3367 1297/594/3347 1299/595/3353
f 3799/594/3367 3798/595/3366 1300/595/3354 1298/594/3348
f 3799/594/3367 3800/596/3368 1301/596/3360 1297/594/3347
f 3800/596/3368 3799/594/3367 1298/594/3348 1302/596/3361
f 3800/596/3368 3798/595/3366 1299/595/3353 1301/596/3360
f 3798/595/3366 3800/596/3368 1302/596/3361 1300/595/3354
f 3801/586/3369 3802/596/3370 1301/596/3360 1281/586/3301
f 3802/596/3370 3801/586/3369 1282/586/3302 1302/596/3361
f 3802/596/3370 3803/597/3371 1303/597/3372 1301/596/3360
f 3803/597/3371 3802/596/3370 1302/596/3361 1304/597/3373
f 3803/597/3371 3801/586/3369 1281/586/3301 1303/597/3372
f 3801/586/3369 3803/597/3371 1304/597/3373 1282/586/3302
f 3804/598/3374 3805/596/3375 1301/596/3360 1305/598/3376
f 3805/596/3375 3804/598/3374 1306/598/3377 1302/596/3361
f 3805/596/3375 3806/594/3378 1297/594/3347 1301/596/3360
f 3806/594/3378 3805/596/3375 1302/596/3361 1298/594/3348
f 3806/594/3378 3804/598/3374 1305/598/3376 1297/594/3347
f 3804/598/3374 3806/594/3378 1298/594/3348 1306/598/3377
f 3807/599/3379 3808/597/3380 1303/597/3372 1307/599/3381
f 3808/597/3380 3807/599/3379 1308/599/3382 1304/597/3373
f 3808/597/3380 3809/596/3383 1301/596/3360 1303/597/3372
f 3809/596/3383 3808/597/3380 1304/597/3373 1302/596/3361
f 3809/596/3383 3807/599/3379 1307/599/3381 1301/596/3360
f 3807/599/3379 3809/596/3383 1302/596/3361 1308/599/3382
f 3810/596/3384 3811/598/3385 1305/598/3376 1301/596/3360
f 3811/598/3385 3810/596/3384 1302/596/3361 1306/598/3377
f 3811/598/3385 3812/599/3386 1307/599/3381 1305/598/3376
f 3812/599/3386 3811/598/3385 1306/598/3377 1308/599/3382
f 3812/599/3386 3810/596/3384 1301/596/3360 1307/599/3381
f 3810/596/3384 3812/599/3386 1308/599/3382 1302/596/3361
f 3813/600/3387 3814/601/3388 1311/601/3389 1309/600/3390
f 3814/601/3388 3813/600/3387 1310/600/3391 1312/601/3392
f 3814/601/3388 3815/602/3393 1313/602/3394 1311/601/3389
f 3815/602/3393 3814/601/3388 1312/601/3392 1314/602/3395
f 3815/602/3393 3813/600/3387 1309/600/3390 1313/602/3394
f 3813/600/3387 3815/602/3393 1314/602/3395 1310/600/3391
f 3816/603/3396 3817/600/3397 1309/600/3390 1315/603/3398
f 3817/600/3397 3816/603/3396 1316/603/3399 1310/600/3391
f 3817/600/3397 3818/602/3400 1313/602/3394 1309/600/3390
f 3818/602/3400 3817/600/3397 1310/600/3391 1314/602/3395
f 3818/602/3400 3816/603/3396 1315/603/3398 1313/602/3394
f 3816/603/3396 3818/602/3400 1314/602/3395 1316/603/3399
f 3819/600/3401 3820/603/3402 1315/603/3398 1309/600/3390
f 3820/603/3402 3819/600/3401 1310/600/3391 1316/603/3399
f 3820/603/3402 3821/604/3403 1317/604/3404 1315/603/3398
f 3821/604/3403 3820/603/3402 1316/603/3399 1318/604/3405
f 3821/604/3403 3819/600/3401 1309/600/3390 1317/604/3404
f 3819/600/3401 3821/604/3403 1318/604/3405 1310/600/3391
f 3822/602/3406 3823/605/3407 1319/605/3408 1313/602/3394
f 3823/605/3407 3822/602/3406 1314/602/3395 1320/605/3409
f 3823/605/3407 3824/603/3410 1315/603/3398 1319/605/3408
f 3824/603/3410 3823/605/3407 1320/605/3409 1316/603/3399
f 3824/603/3410 3822/602/3406 1313/602/3394 1315/603/3398
f 3822/602/3406 3824/603/3410 1316/603/3399 1314/602/3395
f 3825/603/3411 3826/606/3412 1321/606/3413 1315/603/3398
f 3826/606/3412 3825/603/3411 1316/603/3399 1322/606/3414
f 3826/606/3412 3827/604/3415 1317/604/3404 1321/606/3413
f 3827/604/3415 3826/606/3412 1322/606/3414 1318/604/3405
f 3827/604/3415 3825/603/3411 1315/603/3398 1317/604/3404
f 3825/603/3411 3827/604/3415 1318/604/3405 1316/603/3399
f 3828/605/3416 3829/607/3417 1323/607/3418 1319/605/3408
f 3829/607/3417 3828/605/3416 1320/605/3409 1324/607/3419
f 3829/607/3417 3830/603/3420 1315/603/3398 1323/607/3418
f 3830/603/3420 3829/607/3417 1324/607/3419 1316/603/3399
f 3830/603/3420 3828/605/3416 1319/605/3408 1315/603/3398
f 3828/605/3416 3830/603/3420 1316/603/3399 1320/605/3409
f 3831/606/3421 3832/603/3422 1315/603/3398 1321/606/3413
f 3832/603/3422 3831/606/3421 1322/606/3414 1316/603/3399
f 3832/603/3422 3833/608/3423 1325/608/3424 1315/603/3398
f 3833/608/3423 3832/603/3422 1316/603/3399 1326/608/3425
f 3833/608/3423 3831/606/3421 1321/606/3413 1325/608/3424
f 3831/606/3421 3833/608/3423 1326/608/3425 1322/606/3414
f 3834/607/3426 3835/608/3427 1325/608/3424 1323/607/3418
f 3835/608/3427 3834/607/3426 1324/607/3419 1326/608/3425
f 3835/608/3427 3836/603/3428 1315/603/3398 1325/608/3424
f 3836/603/3428 3835/608/3427 1326/608/3425 1316/603/3399
f 3836/603/3428 3834/607/3426 1323/607/3418 1315/603/3398
f 3834/607/3426 3836/603/3428 1316/603/3399 1324/607/3419
f 3837/606/3429 3838/608/3430 1325/608/3424 1321/606/3413
f 3838/608/3430 3837/606/3429 1322/606/3414 1326/608/3425
f 3838/608/3430 3839/609/3431 1327/609/3432 1325/608/3424
f 3839/609/3431 3838/608/3430 1326/608/3425 1328/609/3433
f 3839/609/3431 3837/606/3429 1321/606/3413 1327/609/3432
f 3837/606/3429 3839/609/3431 1328/609/3433 1322/606/3414
f 3840/610/3434 3841/608/3435 1325/608/3424 1329/610/3436
f 3841/608/3435 3840/610/3434 1330/610/3437 1326/608/3425
f 3841/608/3435 3842/607/3438 1323/607/3418 1325/608/3424
f 3842/607/3438 3841/608/3435 1326/608/3425 1324/607/3419
f 3842/607/3438 3840/610/3434 1329/610/3436 1323/607/3418
f 3840/610/3434 3842/607/3438 1324/607/3419 1330/610/3437
f 3843/608/3439 3844/611/3440 1331/611/3441 1325/608/3424
f 3844/611/3440 3843/608/3439 1326/608/3425 1332/611/3442
f 3844/611/3440 3845/609/3443 1327/609/3432 1331/611/3441
f 3845/609/3443 3844/611/3440 1332/611/3442 1328/609/3433
f 3845/609/3443 3843/608/3439 1325/608/3424 1327/609/3432
f 3843/608/3439 3845/609/3443 1328/609/3433 1326/608/3425
f 3846/609/3444 3847/611/3445 1331/611/3441 1327/609/3432
f 3847/611/3445 3846/609/3444 1328/609/3433 1332/611/3442
f 3847/611/3445 3848/612/3446 1333/612/3447 1331/611/3441
f 3848/612/3446 3847/611/3445 1332/611/3442 1334/612/3448
f 3848/612/3446 3846/609/3444 1327/609/3432 1333/612/3447
f 3846/609/3444 3848/612/3446 1334/612/3448 1328/609/3433
f 3849/612/3449 3850/611/3450 1331/611/3441 1333/612/3447
f 3850/611/3450 3849/612/3449 1334/612/3448 1332/611/3442
f 3850/611/3450 3851/613/3451 1335/613/3452 1331/611/3441
f 3851/613/3451 3850/611/3450 1332/611/3442 1336/613/3453
f 3851/613/3451 3849/612/3449 1333/612/3447 1335/613/3452
f 3849/612/3449 3851/613/3451 1336/613/3453 1334/612/3448
f 3852/608/3454 3853/614/3455 1337/614/3456 1325/608/3424
f 3853/614/3455 3852/608/3454 1326/608/3425 1338/614/3457
f 3853/614/3455 3854/611/3458 1331/611/3441 1337/614/3456
f 3854/611/3458 3853/614/3455 1338/614/3457 1332/611/3442
f 3854/611/3458 3852/608/3454 1325/608/3424 1331/611/3441
f 3852/608/3454 3854/611/3458 1332/611/3442 1326/608/3425
f 3855/608/3459 3856/610/3460 1329/610/3436 1325/608/3424
f 3856/610/3460 3855/608/3459 1326/608/3425 1330/610/3437
f 3856/610/3460 3857/614/3461 1337/614/3456 1329/610/3436
f 3857/614/3461 3856/610/3460 1330/610/3437 1338/614/3457
f 3857/614/3461 3855/608/3459 1325/608/3424 1337/614/3456
f 3855/608/3459 3857/614/3461 1338/614/3457 1326/608/3425
f 3858/615/3462 3859/613/3463 1335/613/3452 1339/615/3464
f 3859/613/3463 3858/615/3462 1340/615/3465 1336/613/3453
f 3859/613/3463 3860/611/3466 1331/611/3441 1335/613/3452
f 3860/611/3466 3859/613/3463 1336/613/3453 1332/611/3442
f 3860/611/3466 3858/615/3462 1339/615/3464 1331/611/3441
f 3858/615/3462 3860/611/3466 1332/611/3442 1340/615/3465
f 3861/614/3467 3862/615/3468 1339/615/3464 1337/614/3456
f 3862/615/3468 3861/614/3467 1338/614/3457 1340/615/3465
f 3862/615/3468 3863/611/3469 1331/611/3441 1339/615/3464
f 3863/611/3469 3862/615/3468 1340/615/3465 1332/611/3442
f 3863/611/3469 3861/614/3467 1337/614/3456 1331/611/3441
f 3861/614/3467 3863/611/3469 1332/611/3442 1338/614/3457
f 3864/613/3470 3865/615/3471 1339/615/3464 1335/613/3452
f 3865/615/3471 3864/613/3470 1336/613/3453 1340/615/3465
f 3865/615/3471 3866/616/3472 1341/616/3473 1339/615/3464
f 3866/616/3472 3865/615/3471 1340/615/3465 1342/616/3474
f 3866/616/3472 3864/613/3470 1335/613/3452 1341/616/3473
f 3864/613/3470 3866/616/3472 1342/616/3474 1336/613/3453
f 3867/615/3475 3868/617/3476 1343/617/3477 1339/615/3464
f 3868/617/3476 3867/615/3475 1340/615/3465 1344/617/3478
f 3868/617/3476 3869/616/3479 1341/616/3473 1343/617/3477
f 3869/616/3479 3868/617/3476 1344/617/3478 1342/616/3474
f 3869/616/3479 3867/615/3475 1339/615/3464 1341/616/3473
f 3867/615/3475 3869/616/3479 1342/616/3474 1340/615/3465
f 3870/615/3480 3871/614/3481 1337/614/3456 1339/615/3464
f 3871/614/3481 3870/615/3480 1340/615/3465 1338/614/3457
f 3871/614/3481 3872/618/3482 1345/618/3483 1337/614/3456
f 3872/618/3482 3871/614/3481 1338/614/3457 1346/618/3484
f 3872/618/3482 3870/615/3480 1339/615/3464 1345/618/3483
f 3870/615/3480 3872/618/3482 1346/618/3484 1340/615/3465
f 3873/617/3485 3874/615/3486 1339/615/3464 1343/617/3477
f 3874/615/3486 3873/617/3485 1344/617/3478 1340/615/3465
f 3874/615/3486 3875/618/3487 1345/618/3483 1339/615/3464
f 3875/618/3487 3874/615/3486 1340/615/3465 1346/618/3484
f 3875/618/3487 3873/617/3485 1343/617/3477 1345/618/3483
f 3873/617/3485 3875/618/3487 1346/618/3484 1344/617/3478
f 3876/619/3488 3877/614/3489 1337/614/3456 1347/619/3490
f 3877/614/3489 3876/619/3488 1348/619/3491 1338/614/3457
f 3877/614/3489 3878/610/3492 1329/610/3436 1337/614/3456
f 3878/610/3492 3877/614/3489 1338/614/3457 1330/610/3437
f 3878/610/3492 3876/619/3488 1347/619/3490 1329/610/3436
f 3876/619/3488 3878/610/3492 1330/610/3437 1348/619/3491
f 3879/614/3493 3880/619/3494 1347/619/3490 1337/614/3456
f 3880/619/3494 3879/614/3493 1338/614/3457 1348/619/3491
f 3880/619/3494 3881/618/3495 1345/618/3483 1347/619/3490
f 3881/618/3495 3880/619/3494 1348/619/3491 1346/618/3484
f 3881/618/3495 3879/614/3493 1337/614/3456 1345/618/3483
f 3879/614/3493 3881/618/3495 1346/618/3484 1338/614/3457
f 3882/618/3496 3883/619/3497 1347/619/3490 1345/618/3483
f 3883/619/3497 3882/618/3496 1346/618/3484 1348/619/3491
f 3883/619/3497 3884/617/3498 1343/617/3477 1347/619/3490
f 3884/617/3498 3883/619/3497 1348/619/3491 1344/617/3478
f 3884/617/3498 3882/618/3496 1345/618/3483 1343/617/3477
f 3882/618/3496 3884/617/3498 1344/617/3478 1346/618/3484
f 3885/610/3499 3886/620/3500 1349/620/3501 1329/610/3436
f 3886/620/3500 3885/610/3499 1330/610/3437 1350/620/3502
f 3886/620/3500 3887/619/3503 1347/619/3490 1349/620/3501
f 3887/619/3503 3886/620/3500 1350/620/3502 1348/619/3491
f 3887/619/3503 3885/610/3499 1329/610/3436 1347/619/3490
f 3885/610/3499 3887/619/3503 1348/619/3491 1330/610/3437
f 3888/619/3504 3889/621/3505 1351/621/3506 1347/619/3490
f 3889/621/3505 3888/619/3504 1348/619/3491 1352/621/3507
f 3889/621/3505 3890/617/3508 1343/617/3477 1351/621/3506
f 3890/617/3508 3889/621/3505 1352/621/3507 1344/617/3478
f 3890/617/3508 3888/619/3504 1347/619/3490 1343/617/3477
f 3888/619/3504 3890/617/3508 1344/617/3478 1348/619/3491
f 3891/622/3509 3892/619/3510 1347/619/3490 1353/622/3511
f 3892/619/3510 3891/622/3509 1354/622/3512 1348/619/3491
f 3892/619/3510 3893/620/3513 1349/620/3501 1347/619/3490
f 3893/620/3513 3892/619/3510 1348/619/3491 1350/620/3502
f 3893/620/3513 3891/622/3509 1353/622/3511 1349/620/3501
f 3891/622/3509 3893/620/3513 1350/620/3502 1354/622/3512
f 3894/621/3514 3895/619/3515 1347/619/3490 1351/621/3506
f 3895/619/3515 3894/621/3514 1352/621/3507 1348/619/3491
f 3895/619/3515 3896/622/3516 1353/622/3511 1347/619/3490
f 3896/622/3516 3895/619/3515 1348/619/3491 1354/622/3512
f 3896/622/3516 3894/621/3514 1351/621/3506 1353/622/3511
f 3894/621/3514 3896/622/3516 1354/622/3512 1352/621/3507
f 3897/623/3517 3898/624/3518 1357/624/3519 1355/623/3520
f 3898/624/3518 3897/623/3517 1356/623/3521 1358/624/3522
f 3898/624/3518 3899/625/3523 1359/625/3524 1357/624/3519
f 3899/625/3523 3898/624/3518 1358/624/3522 1360/625/3525
f 3899/625/3523 3897/623/3517 1355/623/3520 1359/625/3524
f 3897/623/3517 3899/625/3523 1360/625/3525 1356/623/3521
f 3900/625/3526 3901/626/3527 1361/626/3528 1359/625/3524
f 3901/626/3527 3900/625/3526 1360/625/3525 1362/626/3529
f 3901/626/3527 3902/623/3530 1355/623/3520 1361/626/3528
f 3902/623/3530 3901/626/3527 1362/626/3529 1356/623/3521
f 3902/623/3530 3900/625/3526 1359/625/3524 1355/623/3520
f 3900/625/3526 3902/623/3530 1356/623/3521 1360/625/3525
f 3903/627/3531 3904/628/3532 1365/628/3533 1363/627/3534
f 3904/628/3532 3903/627/3531 1364/627/3535 1366/628/3536
f 3904/628/3532 3905/625/3537 1359/625/3524 1365/628/3533
f 3905/625/3537 3904/628/3532 1366/628/3536 1360/625/3525
f 3905/625/3537 3903/627/3531 1363/627/3534 1359/625/3524
f 3903/627/3531 3905/625/3537 1360/625/3525 1364/627/3535
f 3906/626/3538 3907/625/3539 1359/625/3524 1361/626/3528
f 3907/625/3539 3906/626/3538 1362/626/3529 1360/625/3525
f 3907/625/3539 3908/628/3540 1365/628/3533 1359/625/3524
f 3908/628/3540 3907/625/3539 1360/625/3525 1366/628/3536
f 3908/628/3540 3906/626/3538 1361/626/3528 1365/628/3533
f 3906/626/3538 3908/628/3540 1366/628/3536 1362/626/3529
f 3909/629/3541 3910/630/3542 1369/630/3543 1367/629/3544
f 3910/630/3542 3909/629/3541 1368/629/3545 1370/630/3546
f 3910/630/3542 3911/627/3547 1363/627/3534 1369/630/3543
f 3911/627/3547 3910/630/3542 1370/630/3546 1364/627/3535
f 3911/627/3547 3909/629/3541 1367/629/3544 1363/627/3534
f 3909/629/3541 3911/627/3547 1364/627/3535 1368/629/3545
f 3912/630/3548 3913/629/3549 1367/629/3544 1369/630/3543
f 3913/629/3549 3912/630/3548 1370/630/3546 1368/629/3545
f 3913/629/3549 3914/631/3550 1371/631/3551 1367/629/3544
f 3914/631/3550 3913/629/3549 1368/629/3545 1372/631/3552
f 3914/631/3550 3912/630/3548 1369/630/3543 1371/631/3551
f 3912/630/3548 3914/631/3550 1372/631/3552 1370/630/3546
f 3915/628/3553 3916/627/3554 1363/627/3534 1365/628/3533
f 3916/627/3554 3915/628/3553 1366/628/3536 1364/627/3535
f 3916/627/3554 3917/630/3555 1369/630/3543 1363/627/3534
f 3917/630/3555 3916/627/3554 1364/627/3535 1370/630/3546
f 3917/630/3555 3915/628/3553 1365/628/3533 1369/630/3543
f 3915/628/3553 3917/630/3555 1370/630/3546 1366/628/3536
f 3918/632/3556 3919/626/3557 1361/626/3528 1373/632/3558
f 3919/626/3557 3918/632/3556 1374/632/3559 1362/626/3529
f 3919/626/3557 3920/628/3560 1365/628/3533 1361/626/3528
f 3920/628/3560 3919/626/3557 1362/626/3529 1366/628/3536
f 3920/628/3560 3918/632/3556 1373/632/3558 1365/628/3533
f 3918/632/3556 3920/628/3560 1366/628/3536 1374/632/3559
f 3921/630/3561 3922/632/3562 1373/632/3558 1369/630/3543
f 3922/632/3562 3921/630/3561 1370/630/3546 1374/632/3559
f 3922/632/3562 3923/628/3563 1365/628/3533 1373/632/3558
f 3923/628/3563 3922/632/3562 1374/632/3559 1366/628/3536
f 3923/628/3563 3921/630/3561 1369/630/3543 1365/628/3533
f 3921/630/3561 3923/628/3563 1366/628/3536 1370/630/3546
f 3924/626/3564 3925/632/3565 1373/632/3558 1361/626/3528
f 3925/632/3565 3924/626/3564 1362/626/3529 1374/632/3559
f 3925/632/3565 3926/633/3566 1375/633/3567 1373/632/3558
f 3926/633/3566 3925/632/3565 1374/632/3559 1376/633/3568
f 3926/633/3566 3924/626/3564 1361/626/3528 1375/633/3567
f 3924/626/3564 3926/633/3566 1376/633/3568 1362/626/3529
f 3927/634/3569 3928/633/3570 1375/633/3567 1377/634/3571
f 3928/633/3570 3927/634/3569 1378/634/3572 1376/633/3568
f 3928/633/3570 3929/632/3573 1373/632/3558 1375/633/3567
f 3929/632/3573 3928/633/3570 1376/633/3568 1374/632/3559
f 3929/632/3573 3927/634/3569 1377/634/3571 1373/632/3558
f 3927/634/3569 3929/632/3573 1374/632/3559 1378/634/3572
f 3930/635/3574 3931/630/3575 1369/630/3543 1379/635/3576
f 3931/630/3575 3930/635/3574 1380/635/3577 1370/630/3546
f 3931/630/3575 3932/631/3578 1371/631/3551 1369/630/3543
f 3932/631/3578 3931/630/3575 1370/630/3546 1372/631/3552
f 3932/631/3578 3930/635/3574 1379/635/3576 1371/631/3551
f 3930/635/3574 3932/631/3578 1372/631/3552 1380/635/3577
f 3933/631/3579 3934/636/3580 1381/636/3581 1371/631/3551
f 3934/636/3580 3933/631/3579 1372/631/3552 1382/636/3582
f 3934/636/3580 3935/635/3583 1379/635/3576 1381/636/3581
f 3935/635/3583 3934/636/3580 1382/636/3582 1380/635/3577
f 3935/635/3583 3933/631/3579 1371/631/3551 1379/635/3576
f 3933/631/3579 3935/635/3583 1380/635/3577 1372/631/3552
f 3936/632/3584 3937/637/3585 1383/637/3586 1373/632/3558
f 3937/637/3585 3936/632/3584 1374/632/3559 1384/637/3587
f 3937/637/3585 3938/634/3588 1377/634/3571 1383/637/3586
f 3938/634/3588 3937/637/3585 1384/637/3587 1378/634/3572
f 3938/634/3588 3936/632/3584 1373/632/3558 1377/634/3571
f 3936/632/3584 3938/634/3588 1378/634/3572 1374/632/3559
f 3939/638/3589 3940/634/3590 1377/634/3571 1385/638/3591
f 3940/634/3590 3939/638/3589 1386/638/3592 1378/634/3572
f 3940/634/3590 3941/637/3593 1383/637/3586 1377/634/3571
f 3941/637/3593 3940/634/3590 1378/634/3572 1384/637/3587
f 3941/637/3593 3939/638/3589 1385/638/3591 1383/637/3586
f 3939/638/3589 3941/637/3593 1384/637/3587 1386/638/3592
f 3942/632/3594 3943/630/3595 1369/630/3543 1373/632/3558
f 3943/630/3595 3942/632/3594 1374/632/3559 1370/630/3546
f 3943/630/3595 3944/639/3596 1387/639/3597 1369/630/3543
f 3944/639/3596 3943/630/3595 1370/630/3546 1388/639/3598
f 3944/639/3596 3942/632/3594 1373/632/3558 1387/639/3597
f 3942/632/3594 3944/639/3596 1388/639/3598 1374/632/3559
f 3945/639/3599 3946/637/3600 1383/637/3586 1387/639/3597
f 3946/637/3600 3945/639/3599 1388/639/3598 1384/637/3587
f 3946/637/3600 3947/632/3601 1373/632/3558 1383/637/3586
f 3947/632/3601 3946/637/3600 1384/637/3587 1374/632/3559
f 3947/632/3601 3945/639/3599 1387/639/3597 1373/632/3558
f 3945/639/3599 3947/632/3601 1374/632/3559 1388/639/3598
f 3948/640/3602 3949/630/3603 1369/630/3543 1389/640/3604
f 3949/630/3603 3948/640/3602 1390/640/3605 1370/630/3546
f 3949/630/3603 3950/635/3606 1379/635/3576 1369/630/3543
f 3950/635/3606 3949/630/3603 1370/630/3546 1380/635/3577
f 3950/635/3606 3948/640/3602 1389/640/3604 1379/635/3576
f 3948/640/3602 3950/635/3606 1380/635/3577 1390/640/3605
f 3951/630/3607 3952/640/3608 1389/640/3604 1369/630/3543
f 3952/640/3608 3951/630/3607 1370/630/3546 1390/640/3605
f 3952/640/3608 3953/639/3609 1387/639/3597 1389/640/3604
f 3953/639/3609 3952/640/3608 1390/640/3605 1388/639/3598
f 3953/639/3609 3951/630/3607 1369/630/3543 1387/639/3597
f 3951/630/3607 3953/639/3609 1388/639/3598 1370/630/3546
f 3954/641/3610 3955/635/3611 1379/635/3576 1391/641/3612
f 3955/635/3611 3954/641/3610 1392/641/3613 1380/635/3577
f 3955/635/3611 3956/636/3614 1381/636/3581 1379/635/3576
f 3956/636/3614 3955/635/3611 1380/635/3577 1382/636/3582
f 3956/636/3614 3954/641/3610 1391/641/3612 1381/636/3581
f 3954/641/3610 3956/636/3614 1382/636/3582 1392/641/3613
f 3957/641/3615 3958/640/3616 1389/640/3604 1391/641/3612
f 3958/640/3616 3957/641/3615 1392/641/3613 1390/640/3605
f 3958/640/3616 3959/635/3617 1379/635/3576 1389/640/3604
f 3959/635/3617 3958/640/3616 1390/640/3605 1380/635/3577
f 3959/635/3617 3957/641/3615 1391/641/3612 1379/635/3576
f 3957/641/3615 3959/635/3617 1380/635/3577 1392/641/3613
f 3960/641/3618 3961/636/3619 1381/636/3581 1391/641/3612
f 3961/636/3619 3960/641/3618 1392/641/3613 1382/636/3582
f 3961/636/3619 3962/642/3620 1393/642/3621 1381/636/3581
f 3962/642/3620 3961/636/3619 1382/636/3582 1394/642/3622
f 3962/642/3620 3960/641/3618 1391/641/3612 1393/642/3621
f 3960/641/3618 3962/642/3620 1394/642/3622 1392/641/3613
f 3963/640/3623 3964/641/3624 1391/641/3612 1389/640/3604
f 3964/641/3624 3963/640/3623 1390/640/3605 1392/641/3613
f 3964/641/3624 3965/643/3625 1395/643/3626 1391/641/3612
f 3965/643/3625 3964/641/3624 1392/641/3613 1396/643/3627
f 3965/643/3625 3963/640/3623 1389/640/3604 1395/643/3626
f 3963/640/3623 3965/643/3625 1396/643/3627 1390/640/3605
f 3966/642/3628 3967/636/3629 1381/636/3581 1393/642/3621
f 3967/636/3629 3966/642/3628 1394/642/3622 1382/636/3582
f 3967/636/3629 3968/644/3630 1397/644/3631 1381/636/3581
f 3968/644/3630 3967/636/3629 1382/636/3582 1398/644/3632
f 3968/644/3630 3966/642/3628 1393/642/3621 1397/644/3631
f 3966/642/3628 3968/644/3630 1398/644/3632 1394/642/3622
f 3969/642/3633 3970/644/3634 1397/644/3631 1393/642/3621
f 3970/644/3634 3969/642/3633 1394/642/3622 1398/644/3632
f 3970/644/3634 3971/645/3635 1399/645/3636 1397/644/3631
f 3971/645/3635 3970/644/3634 1398/644/3632 1400/645/3637
f 3971/645/3635 3969/642/3633 1393/642/3621 1399/645/3636
f 3969/642/3633 3971/645/3635 1400/645/3637 1394/642/3622
f 3972/645/3638 3973/644/3639 1397/644/3631 1399/645/3636
f 3973/644/3639 3972/645/3638 1400/645/3637 1398/644/3632
f 3973/644/3639 3974/646/3640 1401/646/3641 1397/644/3631
f 3974/646/3640 3973/644/3639 1398/644/3632 1402/646/3642
f 3974/646/3640 3972/645/3638 1399/645/3636 1401/646/3641
f 3972/645/3638 3974/646/3640 1402/646/3642 1400/645/3637
f 3975/647/3643 3976/640/3644 1389/640/3604 1403/647/3645
f 3976/640/3644 3975/647/3643 1404/647/3646 1390/640/3605
f 3976/640/3644 3977/643/3647 1395/643/3626 1389/640/3604
f 3977/643/3647 3976/640/3644 1390/640/3605 1396/643/3627
f 3977/643/3647 3975/647/3643 1403/647/3645 1395/643/3626
f 3975/647/3643 3977/643/3647 1396/643/3627 1404/647/3646
f 3978/648/3648 3979/640/3649 1389/640/3604 1405/648/3650
f 3979/640/3649 3978/648/3648 1406/648/3651 1390/640/3605
f 3979/640/3649 3980/647/3652 1403/647/3645 1389/640/3604
f 3980/647/3652 3979/640/3649 1390/640/3605 1404/647/3646
f 3980/647/3652 3978/648/3648 1405/648/3650 1403/647/3645
f 3978/648/3648 3980/647/3652 1404/647/3646 1406/648/3651
f 3981/648/3653 3982/639/3654 1387/639/3597 1405/648/3650
f 3982/639/3654 3981/648/3653 1406/648/3651 1388/639/3598
f 3982/639/3654 3983/640/3655 1389/640/3604 1387/639/3597
f 3983/640/3655 3982/639/3654 1388/639/3598 1390/640/3605
f 3983/640/3655 3981/648/3653 1405/648/3650 1389/640/3604
f 3981/648/3653 3983/640/3655 1390/640/3605 1406/648/3651
f 3984/647/3656 3985/649/3657 1407/649/3658 1403/647/3645
f 3985/649/3657 3984/647/3656 1404/647/3646 1408/649/3659
f 3985/649/3657 3986/648/3660 1405/648/3650 1407/649/3658
f 3986/648/3660 3985/649/3657 1408/649/3659 1406/648/3651
f 3986/648/3660 3984/647/3656 1403/647/3645 1405/648/3650
f 3984/647/3656 3986/648/3660 1406/648/3651 1404/647/3646
f 3987/639/3661 3988/648/3662 1405/648/3650 1387/639/3597
f 3988/648/3662 3987/639/3661 1388/639/3598 1406/648/3651
f 3988/648/3662 3989/650/3663 1409/650/3664 1405/648/3650
f 3989/650/3663 3988/648/3662 1406/648/3651 1410/650/3665
f 3989/650/3663 3987/639/3661 1387/639/3597 1409/650/3664
f 3987/639/3661 3989/650/3663 1410/650/3665 1388/639/3598
f 3990/637/3666 3991/639/3667 1387/639/3597 1383/637/3586
f 3991/639/3667 3990/637/3666 1384/637/3587 1388/639/3598
f 3991/639/3667 3992/650/3668 1409/650/3664 1387/639/3597
f 3992/650/3668 3991/639/3667 1388/639/3598 1410/650/3665
f 3992/650/3668 3990/637/3666 1383/637/3586 1409/650/3664
f 3990/637/3666 3992/650/3668 1410/650/3665 1384/637/3587
f 3993/651/3669 3994/648/3670 1405/648/3650 1411/651/3671
f 3994/648/3670 3993/651/3669 1412/651/3672 1406/648/3651
f 3994/648/3670 3995/649/3673 1407/649/3658 1405/648/3650
f 3995/649/3673 3994/648/3670 1406/648/3651 1408/649/3659
f 3995/649/3673 3993/651/3669 1411/651/3671 1407/649/3658
f 3993/651/3669 3995/649/3673 1408/649/3659 1412/651/3672
f 3996/652/3674 3997/651/3675 1411/651/3671 1413/652/3676
f 3997/651/3675 3996/652/3674 1414/652/3677 1412/651/3672
f 3997/651/3675 3998/649/3678 1407/649/3658 1411/651/3671
f 3998/649/3678 3997/651/3675 1412/651/3672 1408/649/3659
f 3998/649/3678 3996/652/3674 1413/652/3676 1407/649/3658
f 3996/652/3674 3998/649/3678 1408/649/3659 1414/652/3677
f 3999/653/3679 4000/650/3680 1409/650/3664 1415/653/3681
f 4000/650/3680 3999/653/3679 1416/653/3682 1410/650/3665
f 4000/650/3680 4001/648/3683 1405/648/3650 1409/650/3664
f 4001/648/3683 4000/650/3680 1410/650/3665 1406/648/3651
f 4001/648/3683 3999/653/3679 1415/653/3681 1405/648/3650
f 3999/653/3679 4001/648/3683 1406/648/3651 1416/653/3682
f 4002/653/3684 4003/637/3685 1383/637/3586 1415/653/3681
f 4003/637/3685 4002/653/3684 1416/653/3682 1384/637/3587
f 4003/637/3685 4004/650/3686 1409/650/3664 1383/637/3586
f 4004/650/3686 4003/637/3685 1384/637/3587 1410/650/3665
f 4004/650/3686 4002/653/3684 1415/653/3681 1409/650/3664
f 4002/653/3684 4004/650/3686 1410/650/3665 1416/653/3682
f 4005/648/3687 4006/651/3688 1411/651/3671 1405/648/3650
f 4006/651/3688 4005/648/3687 1406/648/3651 1412/651/3672
f 4006/651/3688 4007/653/3689 1415/653/3681 1411/651/3671
f 4007/653/3689 4006/651/3688 1412/651/3672 1416/653/3682
f 4007/653/3689 4005/648/3687 1405/648/3650 1415/653/3681
f 4005/648/3687 4007/653/3689 1416/653/3682 1406/648/3651
f 4008/637/3690 4009/653/3691 1415/653/3681 1383/637/3586
f 4009/653/3691 4008/637/3690 1384/637/3587 1416/653/3682
f 4009/653/3691 4010/654/3692 1417/654/3693 1415/653/3681
f 4010/654/3692 4009/653/3691 1416/653/3682 1418/654/3694
f 4010/654/3692 4008/637/3690 1383/637/3586 1417/654/3693
f 4008/637/3690 4010/654/3692 1418/654/3694 1384/637/3587
f 4011/637/3695 4012/654/3696 1417/654/3693 1383/637/3586
f 4012/654/3696 4011/637/3695 1384/637/3587 1418/654/3694
f 4012/654/3696 4013/638/3697 1385/638/3591 1417/654/3693
f 4013/638/3697 4012/654/3696 1418/654/3694 1386/638/3592
f 4013/638/3697 4011/637/3695 1383/637/3586 1385/638/3591
f 4011/637/3695 4013/638/3697 1386/638/3592 1384/637/3587
f 4014/655/3698 4015/638/3699 1385/638/3591 1419/655/3700
f 4015/638/3699 4014/655/3698 1420/655/3701 1386/638/3592
f 4015/638/3699 4016/654/3702 1417/654/3693 1385/638/3591
f 4016/654/3702 4015/638/3699 1386/638/3592 1418/654/3694
f 4016/654/3702 4014/655/3698 1419/655/3700 1417/654/3693
f 4014/655/3698 4016/654/3702 1418/654/3694 1420/655/3701
f 4017/656/3703 4018/651/3704 1411/651/3671 1421/656/3705
f 4018/651/3704 4017/656/3703 1422/656/3706 1412/651/3672
f 4018/651/3704 4019/652/3707 1413/652/3676 1411/651/3671
f 4019/652/3707 4018/651/3704 1412/651/3672 1414/652/3677
f 4019/652/3707 4017/656/3703 1421/656/3705 1413/652/3676
f 4017/656/3703 4019/652/3707 1414/652/3677 1422/656/3706
f 4020/657/3708 4021/653/3709 1415/653/3681 1423/657/3710
f 4021/653/3709 4020/657/3708 1424/657/3711 1416/653/3682
f 4021/653/3709 4022/651/3712 1411/651/3671 1415/653/3681
f 4022/651/3712 4021/653/3709 1416/653/3682 1412/651/3672
f 4022/651/3712 4020/657/3708 1423/657/3710 1411/651/3671
f 4020/657/3708 4022/651/3712 1412/651/3672 1424/657/3711
f 4023/651/3713 4024/656/3714 1421/656/3705 1411/651/3671
f 4024/656/3714 4023/651/3713 1412/651/3672 1422/656/3706
f 4024/656/3714 4025/657/3715 1423/657/3710 1421/656/3705
f 4025/657/3715 4024/656/3714 1422/656/3706 1424/657/3711
f 4025/657/3715 4023/651/3713 1411/651/3671 1423/657/3710
f 4023/651/3713 4025/657/3715 1424/657/3711 1412/651/3672
f 4026/657/3716 4027/654/3717 1417/654/3693 1423/657/3710
f 4027/654/3717 4026/657/3716 1424/657/3711 1418/654/3694
f 4027/654/3717 4028/653/3718 1415/653/3681 1417/654/3693
f 4028/653/3718 4027/654/3717 1418/654/3694 1416/653/3682
f 4028/653/3718 4026/657/3716 1423/657/3710 1415/653/3681
f 4026/657/3716 4028/653/3718 1416/653/3682 1424/657/3711
f 4029/658/3719 4030/656/3720 1421/656/3705 1425/658/3721
f 4030/656/3720 4029/658/3719 1426/658/3722 1422/656/3706
f 4030/656/3720 4031/652/3723 1413/652/3676 1421/656/3705
f 4031/652/3723 4030/656/3720 1422/656/3706 1414/652/3677
f 4031/652/3723 4029/658/3719 1425/658/3721 1413/652/3676
f 4029/658/3719 4031/652/3723 1414/652/3677 1426/658/3722
f 4032/659/3724 4033/655/3725 1419/655/3700 1427/659/3726
f 4033/655/3725 4032/659/3724 1428/659/3727 1420/655/3701
f 4033/655/3725 4034/654/3728 1417/654/3693 1419/655/3700
f 4034/654/3728 4033/655/3725 1420/655/3701 1418/654/3694
f 4034/654/3728 4032/659/3724 1427/659/3726 1417/654/3693
f 4032/659/3724 4034/654/3728 1418/654/3694 1428/659/3727
f 4035/659/3729 4036/654/3730 1417/654/3693 1427/659/3726
f 4036/654/3730 4035/659/3729 1428/659/3727 1418/654/3694
f 4036/654/3730 4037/657/3731 1423/657/3710 1417/654/3693
f 4037/657/3731 4036/654/3730 1418/654/3694 1424/657/3711
f 4037/657/3731 4035/659/3729 1427/659/3726 1423/657/3710
f 4035/659/3729 4037/657/3731 1424/657/3711 1428/659/3727
f 4038/659/3732 4039/660/3733 1429/660/3734 1427/659/3726
f 4039/660/3733 4038/659/3732 1428/659/3727 1430/660/3735
f 4039/660/3733 4040/655/3736 1419/655/3700 1429/660/3734
f 4040/655/3736 4039/660/3733 1430/660/3735 1420/655/3701
f 4040/655/3736 4038/659/3732 1427/659/3726 1419/655/3700
f 4038/659/3732 4040/655/3736 1420/655/3701 1428/659/3727
f 4041/661/3737 4042/662/3738 1433/662/3739 1431/661/3740
f 4042/662/3738 4041/661/3737 1432/661/3741 1434/662/3742
f 4042/662/3738 4043/660/3743 1429/660/3734 1433/662/3739
f 4043/660/3743 4042/662/3738 1434/662/3742 1430/660/3735
f 4043/660/3743 4041/661/3737 1431/661/3740 1429/660/3734
f 4041/661/3737 4043/660/3743 1430/660/3735 1432/661/3741
f 4044/660/3744 4045/663/3745 1435/663/3746 1429/660/3734
f 4045/663/3745 4044/660/3744 1430/660/3735 1436/663/3747
f 4045/663/3745 4046/661/3748 1431/661/3740 1435/663/3746
f 4046/661/3748 4045/663/3745 1436/663/3747 1432/661/3741
f 4046/661/3748 4044/660/3744 1429/660/3734 1431/661/3740
f 4044/660/3744 4046/661/3748 1432/661/3741 1430/660/3735
f 4047/660/3749 4048/659/3750 1427/659/3726 1429/660/3734
f 4048/659/3750 4047/660/3749 1430/660/3735 1428/659/3727
f 4048/659/3750 4049/664/3751 1437/664/3752 1427/659/3726
f 4049/664/3751 4048/659/3750 1428/659/3727 1438/664/3753
f 4049/664/3751 4047/660/3749 1429/660/3734 1437/664/3752
f 4047/660/3749 4049/664/3751 1438/664/3753 1430/660/3735
f 4050/663/3754 4051/660/3755 1429/660/3734 1435/663/3746
f 4051/660/3755 4050/663/3754 1436/663/3747 1430/660/3735
f 4051/660/3755 4052/664/3756 1437/664/3752 1429/660/3734
f 4052/664/3756 4051/660/3755 1430/660/3735 1438/664/3753
f 4052/664/3756 4050/663/3754 1435/663/3746 1437/664/3752
f 4050/663/3754 4052/664/3756 1438/664/3753 1436/663/3747
f 4053/657/3757 4054/664/3758 1437/664/3752 1423/657/3710
f 4054/664/3758 4053/657/3757 1424/657/3711 1438/664/3753
f 4054/664/3758 4055/659/3759 1427/659/3726 1437/664/3752
f 4055/659/3759 4054/664/3758 1438/664/3753 1428/659/3727
f 4055/659/3759 4053/657/3757 1423/657/3710 1427/659/3726
f 4053/657/3757 4055/659/3759 1428/659/3727 1424/657/3711
f 4056/665/3760 4057/658/3761 1425/658/3721 1439/665/3762
f 4057/658/3761 4056/665/3760 1440/665/3763 1426/658/3722
f 4057/658/3761 4058/666/3764 1441/666/3765 1425/658/3721
f 4058/666/3764 4057/658/3761 1426/658/3722 1442/666/3766
f 4058/666/3764 4056/665/3760 1439/665/3762 1441/666/3765
f 4056/665/3760 4058/666/3764 1442/666/3766 1440/665/3763
f 4059/667/3767 4060/658/3768 1425/658/3721 1443/667/3769
f 4060/658/3768 4059/667/3767 1444/667/3770 1426/658/3722
f 4060/658/3768 4061/665/3771 1439/665/3762 1425/658/3721
f 4061/665/3771 4060/658/3768 1426/658/3722 1440/665/3763
f 4061/665/3771 4059/667/3767 1443/667/3769 1439/665/3762
f 4059/667/3767 4061/665/3771 1440/665/3763 1444/667/3770
f 4062/656/3772 4063/658/3773 1425/658/3721 1421/656/3705
f 4063/658/3773 4062/656/3772 1422/656/3706 1426/658/3722
f 4063/658/3773 4064/668/3774 1445/668/3775 1425/658/3721
f 4064/668/3774 4063/658/3773 1426/658/3722 1446/668/3776
f 4064/668/3774 4062/656/3772 1421/656/3705 1445/668/3775
f 4062/656/3772 4064/668/3774 1446/668/3776 1422/656/3706
f 4065/658/3777 4066/667/3778 1443/667/3769 1425/658/3721
f 4066/667/3778 4065/658/3777 1426/658/3722 1444/667/3770
f 4066/667/3778 4067/668/3779 1445/668/3775 1443/667/3769
f 4067/668/3779 4066/667/3778 1444/667/3770 1446/668/3776
f 4067/668/3779 4065/658/3777 1425/658/3721 1445/668/3775
f 4065/658/3777 4067/668/3779 1446/668/3776 1426/658/3722
f 4068/668/3780 4069/657/3781 1423/657/3710 1445/668/3775
f 4069/657/3781 4068/668/3780 1446/668/3776 1424/657/3711
f 4069/657/3781 4070/656/3782 1421/656/3705 1423/657/3710
f 4070/656/3782 4069/657/3781 1424/657/3711 1422/656/3706
f 4070/656/3782 4068/668/3780 1445/668/3775 1421/656/3705
f 4068/668/3780 4070/656/3782 1422/656/3706 1446/668/3776
f 4071/664/3783 4072/657/3784 1423/657/3710 1437/664/3752
f 4072/657/3784 4071/664/3783 1438/664/3753 1424/657/3711
f 4072/657/3784 4073/669/3785 1447/669/3786 1423/657/3710
f 4073/669/3785 4072/657/3784 1424/657/3711 1448/669/3787
f 4073/669/3785 4071/664/3783 1437/664/3752 1447/669/3786
f 4071/664/3783 4073/669/3785 1448/669/3787 1438/664/3753
f 4074/657/3788 4075/668/3789 1445/668/3775 1423/657/3710
f 4075/668/3789 4074/657/3788 1424/657/3711 1446/668/3776
f 4075/668/3789 4076/669/3790 1447/669/3786 1445/668/3775
f 4076/669/3790 4075/668/3789 1446/668/3776 1448/669/3787
f 4076/669/3790 4074/657/3788 1423/657/3710 1447/669/3786
f 4074/657/3788 4076/669/3790 1448/669/3787 1424/657/3711
f 4077/670/3791 4078/664/3792 1437/664/3752 1449/670/3793
f 4078/664/3792 4077/670/3791 1450/670/3794 1438/664/3753
f 4078/664/3792 4079/669/3795 1447/669/3786 1437/664/3752
f 4079/669/3795 4078/664/3792 1438/664/3753 1448/669/3787
f 4079/669/3795 4077/670/3791 1449/670/3793 1447/669/3786
f 4077/670/3791 4079/669/3795 1448/669/3787 1450/670/3794
f 4080/670/3796 4081/669/3797 1447/669/3786 1449/670/3793
f 4081/669/3797 4080/670/3796 1450/670/3794 1448/669/3787
f 4081/669/3797 4082/668/3798 1445/668/3775 1447/669/3786
f 4082/668/3798 4081/669/3797 1448/669/3787 1446/668/3776
f 4082/668/3798 4080/670/3796 1449/670/3793 1445/668/3775
f 4080/670/3796 4082/668/3798 1446/668/3776 1450/670/3794
f 4083/671/3799 4084/664/3800 1437/664/3752 1451/671/3801
f 4084/664/3800 4083/671/3799 1452/671/3802 1438/664/3753
f 4084/664/3800 4085/670/3803 1449/670/3793 1437/664/3752
f 4085/670/3803 4084/664/3800 1438/664/3753 1450/670/3794
f 4085/670/3803 4083/671/3799 1451/671/3801 1449/670/3793
f 4083/671/3799 4085/670/3803 1450/670/3794 1452/671/3802
f 4086/671/3804 4087/670/3805 1449/670/3793 1451/671/3801
f 4087/670/3805 4086/671/3804 1452/671/3802 1450/670/3794
f 4087/670/3805 4088/668/3806 1445/668/3775 1449/670/3793
f 4088/668/3806 4087/670/3805 1450/670/3794 1446/668/3776
f 4088/668/3806 4086/671/3804 1451/671/3801 1445/668/3775
f 4086/671/3804 4088/668/3806 1446/668/3776 1452/671/3802
f 4089/668/3807 4090/667/3808 1443/667/3769 1445/668/3775
f 4090/667/3808 4089/668/3807 1446/668/3776 1444/667/3770
f 4090/667/3808 4091/672/3809 1453/672/3810 1443/667/3769
f 4091/672/3809 4090/667/3808 1444/667/3770 1454/672/3811
f 4091/672/3809 4089/668/3807 1445/668/3775 1453/672/3810
f 4089/668/3807 4091/672/3809 1454/672/3811 1446/668/3776
f 4092/668/3812 4093/672/3813 1453/672/3810 1445/668/3775
f 4093/672/3813 4092/668/3812 1446/668/3776 1454/672/3811
f 4093/672/3813 4094/671/3814 1451/671/3801 1453/672/3810
f 4094/671/3814 4093/672/3813 1454/672/3811 1452/671/3802
f 4094/671/3814 4092/668/3812 1445/668/3775 1451/671/3801
f 4092/668/3812 4094/671/3814 1452/671/3802 1446/668/3776
f 4095/667/3815 4096/673/3816 1455/673/3817 1443/667/3769
f 4096/673/3816 4095/667/3815 1444/667/3770 1456/673/3818
f 4096/673/3816 4097/672/3819 1453/672/3810 1455/673/3817
f 4097/672/3819 4096/673/3816 1456/673/3818 1454/672/3811
f 4097/672/3819 4095/667/3815 1443/667/3769 1453/672/3810
f 4095/667/3815 4097/672/3819 1454/672/3811 1444/667/3770
f 4098/671/3820 4099/674/3821 1457/674/3822 1451/671/3801
f 4099/674/3821 4098/671/3820 1452/671/3802 1458/674/3823
f 4099/674/3821 4100/664/3824 1437/664/3752 1457/674/3822
f 4100/664/3824 4099/674/3821 1458/674/3823 1438/664/3753
f 4100/664/3824 4098/671/3820 1451/671/3801 1437/664/3752
f 4098/671/3820 4100/664/3824 1438/664/3753 1452/671/3802
f 4101/664/3825 4102/674/3826 1457/674/3822 1437/664/3752
f 4102/674/3826 4101/664/3825 1438/664/3753 1458/674/3823
f 4102/674/3826 4103/663/3827 1435/663/3746 1457/674/3822
f 4103/663/3827 4102/674/3826 1458/674/3823 1436/663/3747
f 4103/663/3827 4101/664/3825 1437/664/3752 1435/663/3746
f 4101/664/3825 4103/663/3827 1436/663/3747 1438/664/3753
f 4104/663/3828 4105/674/3829 1457/674/3822 1435/663/3746
f 4105/674/3829 4104/663/3828 1436/663/3747 1458/674/3823
f 4105/674/3829 4106/675/3830 1459/675/3831 1457/674/3822
f 4106/675/3830 4105/674/3829 1458/674/3823 1460/675/3832
f 4106/675/3830 4104/663/3828 1435/663/3746 1459/675/3831
f 4104/663/3828 4106/675/3830 1460/675/3832 1436/663/3747
f 4107/671/3833 4108/676/3834 1461/676/3835 1451/671/3801
f 4108/676/3834 4107/671/3833 1452/671/3802 1462/676/3836
f 4108/676/3834 4109/674/3837 1457/674/3822 1461/676/3835
f 4109/674/3837 4108/676/3834 1462/676/3836 1458/674/3823
f 4109/674/3837 4107/671/3833 1451/671/3801 1457/674/3822
f 4107/671/3833 4109/674/3837 1458/674/3823 1452/671/3802
f 4110/676/3838 4111/671/3839 1451/671/3801 1461/676/3835
f 4111/671/3839 4110/676/3838 1462/676/3836 1452/671/3802
f 4111/671/3839 4112/672/3840 1453/672/3810 1451/671/3801
f 4112/672/3840 4111/671/3839 1452/671/3802 1454/672/3811
f 4112/672/3840 4110/676/3838 1461/676/3835 1453/672/3810
f 4110/676/3838 4112/672/3840 1454/672/3811 1462/676/3836
f 4113/674/3841 4114/677/3842 1463/677/3843 1457/674/3822
f 4114/677/3842 4113/674/3841 1458/674/3823 1464/677/3844
f 4114/677/3842 4115/675/3845 1459/675/3831 1463/677/3843
f 4115/675/3845 4114/677/3842 1464/677/3844 1460/675/3832
f 4115/675/3845 4113/674/3841 1457/674/3822 1459/675/3831
f 4113/674/3841 4115/675/3845 1460/675/3832 1458/674/3823
f 4116/676/3846 4117/677/3847 1463/677/3843 1461/676/3835
f 4117/677/3847 4116/676/3846 1462/676/3836 1464/677/3844
f 4117/677/3847 4118/674/3848 1457/674/3822 1463/677/3843
f 4118/674/3848 4117/677/3847 1464/677/3844 1458/674/3823
f 4118/674/3848 4116/676/3846 1461/676/3835 1457/674/3822
f 4116/676/3846 4118/674/3848 1458/674/3823 1462/676/3836
f 4119/675/3849 4120/677/3850 1463/677/3843 1459/675/3831
f 4120/677/3850 4119/675/3849 1460/675/3832 1464/677/3844
f 4120/677/3850 4121/678/3851 1465/678/3852 1463/677/3843
f 4121/678/3851 4120/677/3850 1464/677/3844 1466/678/3853
f 4121/678/3851 4119/675/3849 1459/675/3831 1465/678/3852
f 4119/675/3849 4121/678/3851 1466/678/3853 1460/675/3832
f 4122/677/3854 4123/679/3855 1467/679/3856 1463/677/3843
f 4123/679/3855 4122/677/3854 1464/677/3844 1468/679/3857
f 4123/679/3855 4124/678/3858 1465/678/3852 1467/679/3856
f 4124/678/3858 4123/679/3855 1468/679/3857 1466/678/3853
f 4124/678/3858 4122/677/3854 1463/677/3843 1465/678/3852
f 4122/677/3854 4124/678/3858 1466/678/3853 1464/677/3844
f 4125/677/3859 4126/676/3860 1461/676/3835 1463/677/3843
f 4126/676/3860 4125/677/3859 1464/677/3844 1462/676/3836
f 4126/676/3860 4127/680/3861 1469/680/3862 1461/676/3835
f 4127/680/3861 4126/676/3860 1462/676/3836 1470/680/3863
f 4127/680/3861 4125/677/3859 1463/677/3843 1469/680/3862
f 4125/677/3859 4127/680/3861 1470/680/3863 1464/677/3844
f 4128/681/3864 4129/676/3865 1461/676/3835 1471/681/3866
f 4129/676/3865 4128/681/3864 1472/681/3867 1462/676/3836
f 4129/676/3865 4130/672/3868 1453/672/3810 1461/676/3835
f 4130/672/3868 4129/676/3865 1462/676/3836 1454/672/3811
f 4130/672/3868 4128/681/3864 1471/681/3866 1453/672/3810
f 4128/681/3864 4130/672/3868 1454/672/3811 1472/681/3867
f 4131/681/3869 4132/672/3870 1453/672/3810 1471/681/3866
f 4132/672/3870 4131/681/3869 1472/681/3867 1454/672/3811
f 4132/672/3870 4133/673/3871 1455/673/3817 1453/672/3810
f 4133/673/3871 4132/672/3870 1454/672/3811 1456/673/3818
f 4133/673/3871 4131/681/3869 1471/681/3866 1455/673/3817
f 4131/681/3869 4133/673/3871 1456/673/3818 1472/681/3867
f 4134/676/3872 4135/681/3873 1471/681/3866 1461/676/3835
f 4135/681/3873 4134/676/3872 1462/676/3836 1472/681/3867
f 4135/681/3873 4136/680/3874 1469/680/3862 1471/681/3866
f 4136/680/3874 4135/681/3873 1472/681/3867 1470/680/3863
f 4136/680/3874 4134/676/3872 1461/676/3835 1469/680/3862
f 4134/676/3872 4136/680/3874 1470/680/3863 1462/676/3836
f 4137/681/3875 4138/673/3876 1455/673/3817 1471/681/3866
f 4138/673/3876 4137/681/3875 1472/681/3867 1456/673/3818
f 4138/673/3876 4139/682/3877 1473/682/3878 1455/673/3817
f 4139/682/3877 4138/673/3876 1456/673/3818 1474/682/3879
f 4139/682/3877 4137/681/3875 1471/681/3866 1473/682/3878
f 4137/681/3875 4139/682/3877 1474/682/3879 1472/681/3867
f 4140/683/3880 4141/681/3881 1471/681/3866 1475/683/3882
f 4141/681/3881 4140/683/3880 1476/683/3883 1472/681/3867
f 4141/681/3881 4142/682/3884 1473/682/3878 1471/681/3866
f 4142/682/3884 4141/681/3881 1472/681/3867 1474/682/3879
f 4142/682/3884 4140/683/3880 1475/683/3882 1473/682/3878
f 4140/683/3880 4142/682/3884 1474/682/3879 1476/683/3883
f 4143/679/3885 4144/677/3886 1463/677/3843 1467/679/3856
f 4144/677/3886 4143/679/3885 1468/679/3857 1464/677/3844
f 4144/677/3886 4145/684/3887 1477/684/3888 1463/677/3843
f 4145/684/3887 4144/677/3886 1464/677/3844 1478/684/3889
f 4145/684/3887 4143/679/3885 1467/679/3856 1477/684/3888
f 4143/679/3885 4145/684/3887 1478/684/3889 1468/679/3857
f 4146/685/3890 4147/679/3891 1467/679/3856 1479/685/3892
f 4147/679/3891 4146/685/3890 1480/685/3893 1468/679/3857
f 4147/679/3891 4148/684/3894 1477/684/3888 1467/679/3856
f 4148/684/3894 4147/679/3891 1468/679/3857 1478/684/3889
f 4148/684/3894 4146/685/3890 1479/685/3892 1477/684/3888
f 4146/685/3890 4148/684/3894 1478/684/3889 1480/685/3893
f 4149/686/3895 4150/677/3896 1463/677/3843 1481/686/3897
f 4150/677/3896 4149/686/3895 1482/686/3898 1464/677/3844
f 4150/677/3896 4151/680/3899 1469/680/3862 1463/677/3843
f 4151/680/3899 4150/677/3896 1464/677/3844 1470/680/3863
f 4151/680/3899 4149/686/3895 1481/686/3897 1469/680/3862
f 4149/686/3895 4151/680/3899 1470/680/3863 1482/686/3898
f 4152/686/3900 4153/680/3901 1469/680/3862 1481/686/3897
f 4153/680/3901 4152/686/3900 1482/686/3898 1470/680/3863
f 4153/680/3901 4154/681/3902 1471/681/3866 1469/680/3862
f 4154/681/3902 4153/680/3901 1470/680/3863 1472/681/3867
f 4154/681/3902 4152/686/3900 1481/686/3897 1471/681/3866
f 4152/686/3900 4154/681/3902 1472/681/3867 1482/686/3898
f 4155/684/3903 4156/677/3904 1463/677/3843 1477/684/3888
f 4156/677/3904 4155/684/3903 1478/684/3889 1464/677/3844
f 4156/677/3904 4157/686/3905 1481/686/3897 1463/677/3843
f 4157/686/3905 4156/677/3904 1464/677/3844 1482/686/3898
f 4157/686/3905 4155/684/3903 1477/684/3888 1481/686/3897
f 4155/684/3903 4157/686/3905 1482/686/3898 1478/684/3889
f 4158/681/3906 4159/683/3907 1475/683/3882 1471/681/3866
f 4159/683/3907 4158/681/3906 1472/681/3867 1476/683/3883
f 4159/683/3907 4160/687/3908 1483/687/3909 1475/683/3882
f 4160/687/3908 4159/683/3907 1476/683/3883 1484/687/3910
f 4160/687/3908 4158/681/3906 1471/681/3866 1483/687/3909
f 4158/681/3906 4160/687/3908 1484/687/3910 1472/681/3867
f 4161/681/3911 4162/687/3912 1483/687/3909 1471/681/3866
f 4162/687/3912 4161/681/3911 1472/681/3867 1484/687/3910
f 4162/687/3912 4163/686/3913 1481/686/3897 1483/687/3909
f 4163/686/3913 4162/687/3912 1484/687/3910 1482/686/3898
f 4163/686/3913 4161/681/3911 1471/681/3866 1481/686/3897
f 4161/681/3911 4163/686/3913 1482/686/3898 1472/681/3867
f 4164/688/3914 4165/687/3915 1483/687/3909 1485/688/3916
f 4165/687/3915 4164/688/3914 1486/688/3917 1484/687/3910
f 4165/687/3915 4166/683/3918 1475/683/3882 1483/687/3909
f 4166/683/3918 4165/687/3915 1484/687/3910 1476/683/3883
f 4166/683/3918 4164/688/3914 1485/688/3916 1475/683/3882
f 4164/688/3914 4166/683/3918 1476/683/3883 1486/688/3917
f 4167/689/3919 4168/684/3920 1477/684/3888 1487/689/3921
f 4168/684/3920 4167/689/3919 1488/689/3922 1478/684/3889
f 4168/684/3920 4169/686/3923 1481/686/3897 1477/684/3888
f 4169/686/3923 4168/684/3920 1478/684/3889 1482/686/3898
f 4169/686/3923 4167/689/3919 1487/689/3921 1481/686/3897
f 4167/689/3919 4169/686/3923 1482/686/3898 1488/689/3922
f 4170/687/3924 4171/689/3925 1487/689/3921 1483/687/3909
f 4171/689/3925 4170/687/3924 1484/687/3910 1488/689/3922
f 4171/689/3925 4172/686/3926 1481/686/3897 1487/689/3921
f 4172/686/3926 4171/689/3925 1488/689/3922 1482/686/3898
f 4172/686/3926 4170/687/3924 1483/687/3909 1481/686/3897
f 4170/687/3924 4172/686/3926 1482/686/3898 1484/687/3910
f 4173/685/3927 4174/684/3928 1477/684/3888 1479/685/3892
f 4174/684/3928 4173/685/3927 1480/685/3893 1478/684/3889
f 4174/684/3928 4175/689/3929 1487/689/3921 1477/684/3888
f 4175/689/3929 4174/684/3928 1478/684/3889 1488/689/3922
f 4175/689/3929 4173/685/3927 1479/685/3892 1487/689/3921
f 4173/685/3927 4175/689/3929 1488/689/3922 1480/685/3893
f 4176/687/3930 4177/688/3931 1485/688/3916 1483/687/3909
f 4177/688/3931 4176/687/3930 1484/687/3910 1486/688/3917
f 4177/688/3931 4178/689/3932 1487/689/3921 1485/688/3916
f 4178/689/3932 4177/688/3931 1486/688/3917 1488/689/3922
f 4178/689/3932 4176/687/3930 1483/687/3909 1487/689/3921
f 4176/687/3930 4178/689/3932 1488/689/3922 1484/687/3910
f 4179/690/3933 4180/685/3934 1479/685/3892 1489/690/3935
f 4180/685/3934 4179/690/3933 1490/690/3936 1480/685/3893
f 4180/685/3934 4181/689/3937 1487/689/3921 1479/685/3892
f 4181/689/3937 4180/685/3934 1480/685/3893 1488/689/3922
f 4181/689/3937 4179/690/3933 1489/690/3935 1487/689/3921
f 4179/690/3933 4181/689/3937 1488/689/3922 1490/690/3936
f 4182/690/3938 4183/689/3939 1487/689/3921 1489/690/3935
f 4183/689/3939 4182/690/3938 1490/690/3936 1488/689/3922
f 4183/689/3939 4184/688/3940 1485/688/3916 1487/689/3921
f 4184/688/3940 4183/689/3939 1488/689/3922 1486/688/3917
f 4184/688/3940 4182/690/3938 1489/690/3935 1485/688/3916
f 4182/690/3938 4184/688/3940 1486/688/3917 1490/690/3936
f 4185/691/3941 4186/685/3942 1479/685/3892 1491/691/3943
f 4186/685/3942 4185/691/3941 1492/691/3944 1480/685/3893
f 4186/685/3942 4187/690/3945 1489/690/3935 1479/685/3892
f 4187/690/3945 4186/685/3942 1480/685/3893 1490/690/3936
f 4187/690/3945 4185/691/3941 1491/691/3943 1489/690/3935
f 4185/691/3941 4187/690/3945 1490/690/3936 1492/691/3944
f 4188/690/3946 4189/688/3947 1485/688/3916 1489/690/3935
f 4189/688/3947 4188/690/3946 1490/690/3936 1486/688/3917
f 4189/688/3947 4190/692/3948 1493/692/3949 1485/688/3916
f 4190/692/3948 4189/688/3947 1486/688/3917 1494/692/3950
f 4190/692/3948 4188/690/3946 1489/690/3935 1493/692/3949
f 4188/690/3946 4190/692/3948 1494/692/3950 1490/690/3936
f 4191/690/3951 4192/693/3952 1495/693/3953 1489/690/3935
f 4192/693/3952 4191/690/3951 1490/690/3936 1496/693/3954
f 4192/693/3952 4193/691/3955 1491/691/3943 1495/693/3953
f 4193/691/3955 4192/693/3952 1496/693/3954 1492/691/3944
f 4193/691/3955 4191/690/3951 1489/690/3935 1491/691/3943
f 4191/690/3951 4193/691/3955 1492/691/3944 1490/690/3936
f 4194/694/3956 4195/690/3957 1489/690/3935 1497/694/3958
f 4195/690/3957 4194/694/3956 1498/694/3959 1490/690/3936
f 4195/690/3957 4196/692/3960 1493/692/3949 1489/690/3935
f 4196/692/3960 4195/690/3957 1490/690/3936 1494/692/3950
f 4196/692/3960 4194/694/3956 1497/694/3958 1493/692/3949
f 4194/694/3956 4196/692/3960 1494/692/3950 1498/694/3959
f 4197/693/3961 4198/690/3962 1489/690/3935 1495/693/3953
f 4198/690/3962 4197/693/3961 1496/693/3954 1490/690/3936
f 4198/690/3962 4199/695/3963 1499/695/3964 1489/690/3935
f 4199/695/3963 4198/690/3962 1490/690/3936 1500/695/3965
f 4199/695/3963 4197/693/3961 1495/693/3953 1499/695/3964
f 4197/693/3961 4199/695/3963 1500/695/3965 1496/693/3954
f 4200/690/3966 4201/694/3967 1497/694/3958 1489/690/3935
f 4201/694/3967 4200/690/3966 1490/690/3936 1498/694/3959
f 4201/694/3967 4202/695/3968 1499/695/3964 1497/694/3958
f 4202/695/3968 4201/694/3967 1498/694/3959 1500/695/3965
f 4202/695/3968 4200/690/3966 1489/690/3935 1499/695/3964
f 4200/690/3966 4202/695/3968 1500/695/3965 1490/690/3936
f 4203/695/3969 4204/696/3970 1501/696/3971 1499/695/3964
f 4204/696/3970 4203/695/3969 1500/695/3965 1502/696/3972
f 4204/696/3970 4205/693/3973 1495/693/3953 1501/696/3971
f 4205/693/3973 4204/696/3970 1502/696/3972 1496/693/3954
f 4205/693/3973 4203/695/3969 1499/695/3964 1495/693/3953
f 4203/695/3969 4205/693/3973 1496/693/3954 1500/695/3965
f 4206/695/3974 4207/694/3975 1497/694/3958 1499/695/3964
f 4207/694/3975 4206/695/3974 1500/695/3965 1498/694/3959
f 4207/694/3975 4208/697/3976 1503/697/3977 1497/694/3958
f 4208/697/3976 4207/694/3975 1498/694/3959 1504/697/3978
f 4208/697/3976 4206/695/3974 1499/695/3964 1503/697/3977
f 4206/695/3974 4208/697/3976 1504/697/3978 1500/695/3965
f 4209/696/3979 4210/695/3980 1499/695/3964 1501/696/3971
f 4210/695/3980 4209/696/3979 1502/696/3972 1500/695/3965
f 4210/695/3980 4211/698/3981 1505/698/3982 1499/695/3964
f 4211/698/3981 4210/695/3980 1500/695/3965 1506/698/3983
f 4211/698/3981 4209/696/3979 1501/696/3971 1505/698/3982
f 4209/696/3979 4211/698/3981 1506/698/3983 1502/696/3972
f 4212/695/3984 4213/697/3985 1503/697/3977 1499/695/3964
f 4213/697/3985 4212/695/3984 1500/695/3965 1504/697/3978
f 4213/697/3985 4214/698/3986 1505/698/3982 1503/697/3977
f 4214/698/3986 4213/697/3985 1504/697/3978 1506/698/3983
f 4214/698/3986 4212/695/3984 1499/695/3964 1505/698/3982
f 4212/695/3984 4214/698/3986 1506/698/3983 1500/695/3965
f 4215/698/3987 4216/699/3988 1507/699/3989 1505/698/3982
f 4216/699/3988 4215/698/3987 1506/698/3983 1508/699/3990
f 4216/699/3988 4217/696/3991 1501/696/3971 1507/699/3989
f 4217/696/3991 4216/699/3988 1508/699/3990 1502/696/3972
f 4217/696/3991 4215/698/3987 1505/698/3982 1501/696/3971
f 4215/698/3987 4217/696/3991 1502/696/3972 1506/698/3983
f 4218/698/3992 4219/697/3993 1503/697/3977 1505/698/3982
f 4219/697/3993 4218/698/3992 1506/698/3983 1504/697/3978
f 4219/697/3993 4220/700/3994 1509/700/3995 1503/697/3977
f 4220/700/3994 4219/697/3993 1504/697/3978 1510/700/3996
f 4220/700/3994 4218/698/3992 1505/698/3982 1509/700/3995
f 4218/698/3992 4220/700/3994 1510/700/3996 1506/698/3983
f 4221/698/3997 4222/701/3998 1511/701/3999 1505/698/3982
f 4222/701/3998 4221/698/3997 1506/698/3983 1512/701/4000
f 4222/701/3998 4223/699/4001 1507/699/3989 1511/701/3999
f 4223/699/4001 4222/701/3998 1512/701/4000 1508/699/3990
f 4223/699/4001 4221/698/3997 1505/698/3982 1507/699/3989
f 4221/698/3997 4223/699/4001 1508/699/3990 1506/698/3983
f 4224/698/4002 4225/700/4003 1509/700/3995 1505/698/3982
f 4225/700/4003 4224/698/4002 1506/698/3983 1510/700/3996
f 4225/700/4003 4226/702/4004 1513/702/4005 1509/700/3995
f 4226/702/4004 4225/700/4003 1510/700/3996 1514/702/4006
f 4226/702/4004 4224/698/4002 1505/698/3982 1513/702/4005
f 4224/698/4002 4226/702/4004 1514/702/4006 1506/698/3983
f 4227/701/4007 4228/698/4008 1505/698/3982 1511/701/3999
f 4228/698/4008 4227/701/4007 1512/701/4000 1506/698/3983
f 4228/698/4008 4229/703/4009 1515/703/4010 1505/698/3982
f 4229/703/4009 4228/698/4008 1506/698/3983 1516/703/4011
f 4229/703/4009 4227/701/4007 1511/701/3999 1515/703/4010
f 4227/701/4007 4229/703/4009 1516/703/4011 1512/701/4000
f 4230/702/4012 4231/703/4013 1515/703/4010 1513/702/4005
f 4231/703/4013 4230/702/4012 1514/702/4006 1516/703/4011
f 4231/703/4013 4232/698/4014 1505/698/3982 1515/703/4010
f 4232/698/4014 4231/703/4013 1516/703/4011 1506/698/3983
f 4232/698/4014 4230/702/4012 1513/702/4005 1505/698/3982
f 4230/702/4012 4232/698/4014 1506/698/3983 1514/702/4006
f 4233/704/4015 4234/705/4016 1519/705/4017 1517/704/4018
f 4234/705/4016 4233/704/4015 1518/704/4019 1520/705/4020
f 4234/705/4016 4235/706/4021 1521/706/4022 1519/705/4017
f 4235/706/4021 4234/705/4016 1520/705/4020 1522/706/4023
f 4235/706/4021 4233/704/4015 1517/704/4018 1521/706/4022
f 4233/704/4015 4235/706/4021 1522/706/4023 1518/704/4019
f 4236/705/4024 4237/707/4025 1523/707/4026 1519/705/4017
f 4237/707/4025 4236/705/4024 1520/705/4020 1524/707/4027
f 4237/707/4025 4238/706/4028 1521/706/4022 1523/707/4026
f 4238/706/4028 4237/707/4025 1524/707/4027 1522/706/4023
f 4238/706/4028 4236/705/4024 1519/705/4017 1521/706/4022
f 4236/705/4024 4238/706/4028 1522/706/4023 1520/705/4020
f 4239/707/4029 4240/708/4030 1525/708/4031 1523/707/4026
f 4240/708/4030 4239/707/4029 1524/707/4027 1526/708/4032
f 4240/708/4030 4241/706/4033 1521/706/4022 1525/708/4031
f 4241/706/4033 4240/708/4030 1526/708/4032 1522/706/4023
f 4241/706/4033 4239/707/4029 1523/707/4026 1521/706/4022
f 4239/707/4029 4241/706/4033 1522/706/4023 1524/707/4027
f 4242/708/4034 4243/709/4035 1527/709/4036 1525/708/4031
f 4243/709/4035 4242/708/4034 1526/708/4032 1528/709/4037
f 4243/709/4035 4244/706/4038 1521/706/4022 1527/709/4036
f 4244/706/4038 4243/709/4035 1528/709/4037 1522/706/4023
f 4244/706/4038 4242/708/4034 1525/708/4031 1521/706/4022
f 4242/708/4034 4244/706/4038 1522/706/4023 1526/708/4032
f 4245/710/4039 4246/706/4040 1521/706/4022 1529/710/4041
f 4246/706/4040 4245/710/4039 1530/710/4042 1522/706/4023
f 4246/706/4040 4247/709/4043 1527/709/4036 1521/706/4022
f 4247/709/4043 4246/706/4040 1522/706/4023 1528/709/4037
f 4247/709/4043 4245/710/4039 1529/710/4041 1527/709/4036
f 4245/710/4039 4247/709/4043 1528/709/4037 1530/710/4042
f 4248/706/4044 4249/710/4045 1529/710/4041 1521/706/4022
f 4249/710/4045 4248/706/4044 1522/706/4023 1530/710/4042
f 4249/710/4045 4250/711/4046 1531/711/4047 1529/710/4041
f 4250/711/4046 4249/710/4045 1530/710/4042 1532/711/4048
f 4250/711/4046 4248/706/4044 1521/706/4022 1531/711/4047
f 4248/706/4044 4250/711/4046 1532/711/4048 1522/706/4023
f 4251/710/4049 4252/712/4050 1533/712/4051 1529/710/4041
f 4252/712/4050 4251/710/4049 1530/710/4042 1534/712/4052
f 4252/712/4050 4253/711/4053 1531/711/4047 1533/712/4051
f 4253/711/4053 4252/712/4050 1534/712/4052 1532/711/4048
f 4253/711/4053 4251/710/4049 1529/710/4041 1531/711/4047
f 4251/710/4049 4253/711/4053 1532/711/4048 1530/710/4042
f 4254/712/4054 4255/713/4055 1535/713/4056 1533/712/4051
f 4255/713/4055 4254/712/4054 1534/712/4052 1536/713/4057
f 4255/713/4055 4256/711/4058 1531/711/4047 1535/713/4056
f 4256/711/4058 4255/713/4055 1536/713/4057 1532/711/4048
f 4256/711/4058 4254/712/4054 1533/712/4051 1531/711/4047
f 4254/712/4054 4256/711/4058 1532/711/4048 1534/712/4052
f 4257/713/4059 4258/712/4060 1533/712/4051 1535/713/4056
f 4258/712/4060 4257/713/4059 1536/713/4057 1534/712/4052
f 4258/712/4060 4259/714/4061 1537/714/4062 1533/712/4051
f 4259/714/4061 4258/712/4060 1534/712/4052 1538/714/4063
f 4259/714/4061 4257/713/4059 1535/713/4056 1537/714/4062
f 4257/713/4059 4259/714/4061 1538/714/4063 1536/713/4057
f 4260/714/4064 4261/715/4065 1539/715/4066 1537/714/4062
f 4261/715/4065 4260/714/4064 1538/714/4063 1540/715/4067
f 4261/715/4065 4262/713/4068 1535/713/4056 1539/715/4066
f 4262/713/4068 4261/715/4065 1540/715/4067 1536/713/4057
f 4262/713/4068 4260/714/4064 1537/714/4062 1535/713/4056
f 4260/714/4064 4262/713/4068 1536/713/4057 1538/714/4063
f 4263/715/4069 4264/714/4070 1537/714/4062 1539/715/4066
f 4264/714/4070 4263/715/4069 1540/715/4067 1538/714/4063
f 4264/714/4070 4265/716/4071 1541/716/4072 1537/714/4062
f 4265/716/4071 4264/714/4070 1538/714/4063 1542/716/4073
f 4265/716/4071 4263/715/4069 1539/715/4066 1541/716/4072
f 4263/715/4069 4265/716/4071 1542/716/4073 1540/715/4067
f 4266/716/4074 4267/717/4075 1543/717/4076 1541/716/4072
f 4267/717/4075 4266/716/4074 1542/716/4073 1544/717/4077
f 4267/717/4075 4268/715/4078 1539/715/4066 1543/717/4076
f 4268/715/4078 4267/717/4075 1544/717/4077 1540/715/4067
f 4268/715/4078 4266/716/4074 1541/716/4072 1539/715/4066
f 4266/716/4074 4268/715/4078 1540/715/4067 1542/716/4073
f 4269/717/4079 4270/716/4080 1541/716/4072 1543/717/4076
f 4270/716/4080 4269/717/4079 1544/717/4077 1542/716/4073
f 4270/716/4080 4271/718/4081 1545/718/4082 1541/716/4072
f 4271/718/4081 4270/716/4080 1542/716/4073 1546/718/4083
f 4271/718/4081 4269/717/4079 1543/717/4076 1545/718/4082
f 4269/717/4079 4271/718/4081 1546/718/4083 1544/717/4077
f 4272/719/4084 4273/717/4085 1543/717/4076 1547/719/4086
f 4273/717/4085 4272/719/4084 1548/719/4087 1544/717/4077
f 4273/717/4085 4274/718/4088 1545/718/4082 1543/717/4076
f 4274/718/4088 4273/717/4085 1544/717/4077 1546/718/4083
f 4274/718/4088 4272/719/4084 1547/719/4086 1545/718/4082
f 4272/719/4084 4274/718/4088 1546/718/4083 1548/719/4087
f 4275/719/4089 4276/718/4090 1545/718/4082 1547/719/4086
f 4276/718/4090 4275/719/4089 1548/719/4087 1546/718/4083
f 4276/718/4090 4277/720/4091 1549/720/4092 1545/718/4082
f 4277/720/4091 4276/718/4090 1546/718/4083 1550/720/4093
f 4277/720/4091 4275/719/4089 1547/719/4086 1549/720/4092
f 4275/719/4089 4277/720/4091 1550/720/4093 1548/719/4087
f 4278/719/4094 4279/720/4095 1549/720/4092 1547/719/4086
f 4279/720/4095 4278/719/4094 1548/719/4087 1550/720/4093
f 4279/720/4095 4280/721/4096 1551/721/4097 1549/720/4092
f 4280/721/4096 4279/720/4095 1550/720/4093 1552/721/4098
f 4280/721/4096 4278/719/4094 1547/719/4086 1551/721/4097
f 4278/719/4094 4280/721/4096 1552/721/4098 1548/719/4087
f 4281/704/4099 4282/706/4100 1555/706/4101 1553/704/4102
f 4282/706/4100 4281/704/4099 1554/704/4103 1556/706/4104
f 4282/706/4100 4283/705/4105 1557/705/4106 1555/706/4101
f 4283/705/4105 4282/706/4100 1556/706/4104 1558/705/4107
f 4283/705/4105 4281/704/4099 1553/704/4102 1557/705/4106
f 4281/704/4099 4283/705/4105 1558/705/4107 1554/704/4103
f 4284/705/4108 4285/706/4109 1555/706/4101 1557/705/4106
f 4285/706/4109 4284/705/4108 1558/705/4107 1556/706/4104
f 4285/706/4109 4286/707/4110 1559/707/4111 1555/706/4101
f 4286/707/4110 4285/706/4109 1556/706/4104 1560/707/4112
f 4286/707/4110 4284/705/4108 1557/705/4106 1559/707/4111
f 4284/705/4108 4286/707/4110 1560/707/4112 1558/705/4107
f 4287/707/4113 4288/706/4114 1555/706/4101 1559/707/4111
f 4288/706/4114 4287/707/4113 1560/707/4112 1556/706/4104
f 4288/706/4114 4289/708/4115 1561/708/4116 1555/706/4101
f 4289/708/4115 4288/706/4114 1556/706/4104 1562/708/4117
f 4289/708/4115 4287/707/4113 1559/707/4111 1561/708/4116
f 4287/707/4113 4289/708/4115 1562/708/4117 1560/707/4112
f 4290/708/4118 4291/706/4119 1555/706/4101 1561/708/4116
f 4291/706/4119 4290/708/4118 1562/708/4117 1556/706/4104
f 4291/706/4119 4292/709/4120 1563/709/4121 1555/706/4101
f 4292/709/4120 4291/706/4119 1556/706/4104 1564/709/4122
f 4292/709/4120 4290/708/4118 1561/708/4116 1563/709/4121
f 4290/708/4118 4292/709/4120 1564/709/4122 1562/708/4117
f 4293/710/4123 4294/709/4124 1563/709/4121 1565/710/4125
f 4294/709/4124 4293/710/4123 1566/710/4126 1564/709/4122
f 4294/709/4124 4295/706/4127 1555/706/4101 1563/709/4121
f 4295/706/4127 4294/709/4124 1564/709/4122 1556/706/4104
f 4295/706/4127 4293/710/4123 1565/710/4125 1555/706/4101
f 4293/710/4123 4295/706/4127 1556/706/4104 1566/710/4126
f 4296/706/4128 4297/711/4129 1567/711/4130 1555/706/4101
f 4297/711/4129 4296/706/4128 1556/706/4104 1568/711/4131
f 4297/711/4129 4298/710/4132 1565/710/4125 1567/711/4130
f 4298/710/4132 4297/711/4129 1568/711/4131 1566/710/4126
f 4298/710/4132 4296/706/4128 1555/706/4101 1565/710/4125
f 4296/706/4128 4298/710/4132 1566/710/4126 1556/706/4104
f 4299/710/4133 4300/711/4134 1567/711/4130 1565/710/4125
f 4300/711/4134 4299/710/4133 1566/710/4126 1568/711/4131
f 4300/711/4134 4301/712/4135 1569/712/4136 1567/711/4130
f 4301/712/4135 4300/711/4134 1568/711/4131 1570/712/4137
f 4301/712/4135 4299/710/4133 1565/710/4125 1569/712/4136
f 4299/710/4133 4301/712/4135 1570/712/4137 1566/710/4126
f 4302/713/4138 4303/712/4139 1569/712/4136 1571/713/4140
f 4303/712/4139 4302/713/4138 1572/713/4141 1570/712/4137
f 4303/712/4139 4304/711/4142 1567/711/4130 1569/712/4136
f 4304/711/4142 4303/712/4139 1570/712/4137 1568/711/4131
f 4304/711/4142 4302/713/4138 1571/713/4140 1567/711/4130
f 4302/713/4138 4304/711/4142 1568/711/4131 1572/713/4141
f 4305/712/4143 4306/713/4144 1571/713/4140 1569/712/4136
f 4306/713/4144 4305/712/4143 1570/712/4137 1572/713/4141
f 4306/713/4144 4307/714/4145 1573/714/4146 1571/713/4140
f 4307/714/4145 4306/713/4144 1572/713/4141 1574/714/4147
f 4307/714/4145 4305/712/4143 1569/712/4136 1573/714/4146
f 4305/712/4143 4307/714/4145 1574/714/4147 1570/712/4137
f 4308/715/4148 4309/714/4149 1573/714/4146 1575/715/4150
f 4309/714/4149 4308/715/4148 1576/715/4151 1574/714/4147
f 4309/714/4149 4310/713/4152 1571/713/4140 1573/714/4146
f 4310/713/4152 4309/714/4149 1574/714/4147 1572/713/4141
f 4310/713/4152 4308/715/4148 1575/715/4150 1571/713/4140
f 4308/715/4148 4310/713/4152 1572/713/4141 1576/715/4151
f 4311/714/4153 4312/715/4154 1575/715/4150 1573/714/4146
f 4312/715/4154 4311/714/4153 1574/714/4147 1576/715/4151
f 4312/715/4154 4313/716/4155 1577/716/4156 1575/715/4150
f 4313/716/4155 4312/715/4154 1576/715/4151 1578/716/4157
f 4313/716/4155 4311/714/4153 1573/714/4146 1577/716/4156
f 4311/714/4153 4313/716/4155 1578/716/4157 1574/714/4147
f 4314/717/4158 4315/716/4159 1577/716/4156 1579/717/4160
f 4315/716/4159 4314/717/4158 1580/717/4161 1578/716/4157
f 4315/716/4159 4316/715/4162 1575/715/4150 1577/716/4156
f 4316/715/4162 4315/716/4159 1578/716/4157 1576/715/4151
f 4316/715/4162 4314/717/4158 1579/717/4160 1575/715/4150
f 4314/717/4158 4316/715/4162 1576/715/4151 1580/717/4161
f 4317/716/4163 4318/717/4164 1579/717/4160 1577/716/4156
f 4318/717/4164 4317/716/4163 1578/716/4157 1580/717/4161
f 4318/717/4164 4319/718/4165 1581/718/4166 1579/717/4160
f 4319/718/4165 4318/717/4164 1580/717/4161 1582/718/4167
f 4319/718/4165 4317/716/4163 1577/716/4156 1581/718/4166
f 4317/716/4163 4319/718/4165 1582/718/4167 1578/716/4157
f 4320/717/4168 4321/719/4169 1583/719/4170 1579/717/4160
f 4321/719/4169 4320/717/4168 1580/717/4161 1584/719/4171
f 4321/719/4169 4322/718/4172 1581/718/4166 1583/719/4170
f 4322/718/4172 4321/719/4169 1584/719/4171 1582/718/4167
f 4322/718/4172 4320/717/4168 1579/717/4160 1581/718/4166
f 4320/717/4168 4322/718/4172 1582/718/4167 1580/717/4161
f 4323/720/4173 4324/718/4174 1581/718/4166 1585/720/4175
f 4324/718/4174 4323/720/4173 1586/720/4176 1582/718/4167
f 4324/718/4174 4325/719/4177 1583/719/4170 1581/718/4166
f 4325/719/4177 4324/718/4174 1582/718/4167 1584/719/4171
f 4325/719/4177 4323/720/4173 1585/720/4175 1583/719/4170
f 4323/720/4173 4325/719/4177 1584/719/4171 1586/720/4176
f 4326/719/4178 4327/721/4179 1587/721/4180 1583/719/4170
f 4327/721/4179 4326/719/4178 1584/719/4171 1588/721/4181
f 4327/721/4179 4328/720/4182 1585/720/4175 1587/721/4180
f 4328/720/4182 4327/721/4179 1588/721/4181 1586/720/4176
f 4328/720/4182 4326/719/4178 1583/719/4170 1585/720/4175
f 4326/719/4178 4328/720/4182 1586/720/4176 1584/719/4171
f 4329/722/4183 4330/723/4184 1591/723/4185 1589/722/4186
f 4330/723/4184 4329/722/4183 1590/722/4187 1592/723/4188
f 4330/723/4184 4331/724/4189 1593/724/4190 1591/723/4185
f 4331/724/4189 4330/723/4184 1592/723/4188 1594/724/4191
f 4331/724/4189 4329/722/4183 1589/722/4186 1593/724/4190
f 4329/722/4183 4331/724/4189 1594/724/4191 1590/722/4187
f 4332/725/4192 4333/726/4193 1597/726/4194 1595/725/4195
f 4333/726/4193 4332/725/4192 1596/725/4196 1598/726/4197
f 4333/726/4193 4334/722/4198 1589/722/4186 1597/726/4194
f 4334/722/4198 4333/726/4193 1598/726/4197 1590/722/4187
f 4334/722/4198 4332/725/4192 1595/725/4195 1589/722/4186
f 4332/725/4192 4334/722/4198 1590/722/4187 1596/725/4196
f 4335/727/4199 4336/722/4200 1589/722/4186 1599/727/4201
f 4336/722/4200 4335/727/4199 1600/727/4202 1590/722/4187
f 4336/722/4200 4337/724/4203 1593/724/4190 1589/722/4186
f 4337/724/4203 4336/722/4200 1590/722/4187 1594/724/4191
f 4337/724/4203 4335/727/4199 1599/727/4201 1593/724/4190
f 4335/727/4199 4337/724/4203 1594/724/4191 1600/727/4202
f 4338/722/4204 4339/727/4205 1599/727/4201 1589/722/4186
f 4339/727/4205 4338/722/4204 1590/722/4187 1600/727/4202
f 4339/727/4205 4340/725/4206 1595/725/4195 1599/727/4201
f 4340/725/4206 4339/727/4205 1600/727/4202 1596/725/4196
f 4340/725/4206 4338/722/4204 1589/722/4186 1595/725/4195
f 4338/722/4204 4340/725/4206 1596/725/4196 1590/722/4187
f 4341/727/4207 4342/724/4208 1593/724/4190 1599/727/4201
f 4342/724/4208 4341/727/4207 1600/727/4202 1594/724/4191
f 4342/724/4208 4343/728/4209 1601/728/4210 1593/724/4190
f 4343/728/4209 4342/724/4208 1594/724/4191 1602/728/4211
f 4343/728/4209 4341/727/4207 1599/727/4201 1601/728/4210
f 4341/727/4207 4343/728/4209 1602/728/4211 1600/727/4202
f 4344/729/4212 4345/728/4213 1601/728/4210 1603/729/4214
f 4345/728/4213 4344/729/4212 1604/729/4215 1602/728/4211
f 4345/728/4213 4346/724/4216 1593/724/4190 1601/728/4210
f 4346/724/4216 4345/728/4213 1602/728/4211 1594/724/4191
f 4346/724/4216 4344/729/4212 1603/729/4214 1593/724/4190
f 4344/729/4212 4346/724/4216 1594/724/4191 1604/729/4215
f 4347/729/4217 4348/730/4218 1605/730/4219 1603/729/4214
f 4348/730/4218 4347/729/4217 1604/729/4215 1606/730/4220
f 4348/730/4218 4349/728/4221 1601/728/4210 1605/730/4219
f 4349/728/4221 4348/730/4218 1606/730/4220 1602/728/4211
f 4349/728/4221 4347/729/4217 1603/729/4214 1601/728/4210
f 4347/729/4217 4349/728/4221 1602/728/4211 1604/729/4215
f 4350/731/4222 4351/725/4223 1595/725/4195 1607/731/4224
f 4351/725/4223 4350/731/4222 1608/731/4225 1596/725/4196
f 4351/725/4223 4352/727/4226 1599/727/4201 1595/725/4195
f 4352/727/4226 4351/725/4223 1596/725/4196 1600/727/4202
f 4352/727/4226 4350/731/4222 1607/731/4224 1599/727/4201
f 4350/731/4222 4352/727/4226 1600/727/4202 1608/731/4225
f 4353/725/4227 4354/731/4228 1607/731/4224 1595/725/4195
f 4354/731/4228 4353/725/4227 1596/725/4196 1608/731/4225
f 4354/731/4228 4355/732/4229 1609/732/4230 1607/731/4224
f 4355/732/4229 4354/731/4228 1608/731/4225 1610/732/4231
f 4355/732/4229 4353/725/4227 1595/725/4195 1609/732/4230
f 4353/725/4227 4355/732/4229 1610/732/4231 1596/725/4196
f 4356/727/4232 4357/728/4233 1601/728/4210 1599/727/4201
f 4357/728/4233 4356/727/4232 1600/727/4202 1602/728/4211
f 4357/728/4233 4358/733/4234 1611/733/4235 1601/728/4210
f 4358/733/4234 4357/728/4233 1602/728/4211 1612/733/4236
f 4358/733/4234 4356/727/4232 1599/727/4201 1611/733/4235
f 4356/727/4232 4358/733/4234 1612/733/4236 1600/727/4202
f 4359/733/4237 4360/731/4238 1607/731/4224 1611/733/4235
f 4360/731/4238 4359/733/4237 1612/733/4236 1608/731/4225
f 4360/731/4238 4361/727/4239 1599/727/4201 1607/731/4224
f 4361/727/4239 4360/731/4238 1608/731/4225 1600/727/4202
f 4361/727/4239 4359/733/4237 1611/733/4235 1599/727/4201
f 4359/733/4237 4361/727/4239 1600/727/4202 1612/733/4236
f 4362/734/4240 4363/728/4241 1601/728/4210 1613/734/4242
f 4363/728/4241 4362/734/4240 1614/734/4243 1602/728/4211
f 4363/728/4241 4364/730/4244 1605/730/4219 1601/728/4210
f 4364/730/4244 4363/728/4241 1602/728/4211 1606/730/4220
f 4364/730/4244 4362/734/4240 1613/734/4242 1605/730/4219
f 4362/734/4240 4364/730/4244 1606/730/4220 1614/734/4243
f 4365/734/4245 4366/733/4246 1611/733/4235 1613/734/4242
f 4366/733/4246 4365/734/4245 1614/734/4243 1612/733/4236
f 4366/733/4246 4367/728/4247 1601/728/4210 1611/733/4235
f 4367/728/4247 4366/733/4246 1612/733/4236 1602/728/4211
f 4367/728/4247 4365/734/4245 1613/734/4242 1601/728/4210
f 4365/734/4245 4367/728/4247 1602/728/4211 1614/734/4243
f 4368/735/4248 4369/734/4249 1613/734/4242 1615/735/4250
f 4369/734/4249 4368/735/4248 1616/735/4251 1614/734/4243
f 4369/734/4249 4370/730/4252 1605/730/4219 1613/734/4242
f 4370/730/4252 4369/734/4249 1614/734/4243 1606/730/4220
f 4370/730/4252 4368/735/4248 1615/735/4250 1605/730/4219
f 4368/735/4248 4370/730/4252 1606/730/4220 1616/735/4251
f 4371/735/4253 4372/730/4254 1605/730/4219 1615/735/4250
f 4372/730/4254 4371/735/4253 1616/735/4251 1606/730/4220
f 4372/730/4254 4373/736/4255 1617/736/4256 1605/730/4219
f 4373/736/4255 4372/730/4254 1606/730/4220 1618/736/4257
f 4373/736/4255 4371/735/4253 1615/735/4250 1617/736/4256
f 4371/735/4253 4373/736/4255 1618/736/4257 1616/735/4251
f 4374/734/4258 4375/735/4259 1615/735/4250 1613/734/4242
f 4375/735/4259 4374/734/4258 1614/734/4243 1616/735/4251
f 4375/735/4259 4376/737/4260 1619/737/4261 1615/735/4250
f 4376/737/4260 4375/735/4259 1616/735/4251 1620/737/4262
f 4376/737/4260 4374/734/4258 1613/734/4242 1619/737/4261
f 4374/734/4258 4376/737/4260 1620/737/4262 1614/734/4243
f 4377/737/4263 4378/735/4264 1615/735/4250 1619/737/4261
f 4378/735/4264 4377/737/4263 1620/737/4262 1616/735/4251
f 4378/735/4264 4379/738/4265 1621/738/4266 1615/735/4250
f 4379/738/4265 4378/735/4264 1616/735/4251 1622/738/4267
f 4379/738/4265 4377/737/4263 1619/737/4261 1621/738/4266
f 4377/737/4263 4379/738/4265 1622/738/4267 1620/737/4262
f 4380/737/4268 4381/739/4269 1623/739/4270 1619/737/4261
f 4381/739/4269 4380/737/4268 1620/737/4262 1624/739/4271
f 4381/739/4269 4382/734/4272 1613/734/4242 1623/739/4270
f 4382/734/4272 4381/739/4269 1624/739/4271 1614/734/4243
f 4382/734/4272 4380/737/4268 1619/737/4261 1613/734/4242
f 4380/737/4268 4382/734/4272 1614/734/4243 1620/737/4262
f 4383/733/4273 4384/734/4274 1613/734/4242 1611/733/4235
f 4384/734/4274 4383/733/4273 1612/733/4236 1614/734/4243
f 4384/734/4274 4385/739/4275 1623/739/4270 1613/734/4242
f 4385/739/4275 4384/734/4274 1614/734/4243 1624/739/4271
f 4385/739/4275 4383/733/4273 1611/733/4235 1623/739/4270
f 4383/733/4273 4385/739/4275 1624/739/4271 1612/733/4236
f 4386/739/4276 4387/737/4277 1619/737/4261 1623/739/4270
f 4387/737/4277 4386/739/4276 1624/739/4271 1620/737/4262
f 4387/737/4277 4388/740/4278 1625/740/4279 1619/737/4261
f 4388/740/4278 4387/737/4277 1620/737/4262 1626/740/4280
f 4388/740/4278 4386/739/4276 1623/739/4270 1625/740/4279
f 4386/739/4276 4388/740/4278 1626/740/4280 1624/739/4271
f 4389/731/4281 4390/733/4282 1611/733/4235 1607/731/4224
f 4390/733/4282 4389/731/4281 1608/731/4225 1612/733/4236
f 4390/733/4282 4391/741/4283 1627/741/4284 1611/733/4235
f 4391/741/4283 4390/733/4282 1612/733/4236 1628/741/4285
f 4391/741/4283 4389/731/4281 1607/731/4224 1627/741/4284
f 4389/731/4281 4391/741/4283 1628/741/4285 1608/731/4225
f 4392/739/4286 4393/741/4287 1627/741/4284 1623/739/4270
f 4393/741/4287 4392/739/4286 1624/739/4271 1628/741/4285
f 4393/741/4287 4394/733/4288 1611/733/4235 1627/741/4284
f 4394/733/4288 4393/741/4287 1628/741/4285 1612/733/4236
f 4394/733/4288 4392/739/4286 1623/739/4270 1611/733/4235
f 4392/739/4286 4394/733/4288 1612/733/4236 1624/739/4271
f 4395/740/4289 4396/742/4290 1629/742/4291 1625/740/4279
f 4396/742/4290 4395/740/4289 1626/740/4280 1630/742/4292
f 4396/742/4290 4397/739/4293 1623/739/4270 1629/742/4291
f 4397/739/4293 4396/742/4290 1630/742/4292 1624/739/4271
f 4397/739/4293 4395/740/4289 1625/740/4279 1623/739/4270
f 4395/740/4289 4397/739/4293 1624/739/4271 1626/740/4280
f 4398/742/4294 4399/741/4295 1627/741/4284 1629/742/4291
f 4399/741/4295 4398/742/4294 1630/742/4292 1628/741/4285
f 4399/741/4295 4400/739/4296 1623/739/4270 1627/741/4284
f 4400/739/4296 4399/741/4295 1628/741/4285 1624/739/4271
f 4400/739/4296 4398/742/4294 1629/742/4291 1623/739/4270
f 4398/742/4294 4400/739/4296 1624/739/4271 1630/742/4292
f 4401/742/4297 4402/740/4298 1625/740/4279 1629/742/4291
f 4402/740/4298 4401/742/4297 1630/742/4292 1626/740/4280
f 4402/740/4298 4403/743/4299 1631/743/4300 1625/740/4279
f 4403/743/4299 4402/740/4298 1626/740/4280 1632/743/4301
f 4403/743/4299 4401/742/4297 1629/742/4291 1631/743/4300
f 4401/742/4297 4403/743/4299 1632/743/4301 1630/742/4292
f 4404/743/4302 4405/744/4303 1633/744/4304 1631/743/4300
f 4405/744/4303 4404/743/4302 1632/743/4301 1634/744/4305
f 4405/744/4303 4406/742/4306 1629/742/4291 1633/744/4304
f 4406/742/4306 4405/744/4303 1634/744/4305 1630/742/4292
f 4406/742/4306 4404/743/4302 1631/743/4300 1629/742/4291
f 4404/743/4302 4406/742/4306 1630/742/4292 1632/743/4301
f 4407/741/4307 4408/745/4308 1635/745/4309 1627/741/4284
f 4408/745/4308 4407/741/4307 1628/741/4285 1636/745/4310
f 4408/745/4308 4409/731/4311 1607/731/4224 1635/745/4309
f 4409/731/4311 4408/745/4308 1636/745/4310 1608/731/4225
f 4409/731/4311 4407/741/4307 1627/741/4284 1607/731/4224
f 4407/741/4307 4409/731/4311 1608/731/4225 1628/741/4285
f 4410/745/4312 4411/732/4313 1609/732/4230 1635/745/4309
f 4411/732/4313 4410/745/4312 1636/745/4310 1610/732/4231
f 4411/732/4313 4412/731/4314 1607/731/4224 1609/732/4230
f 4412/731/4314 4411/732/4313 1610/732/4231 1608/731/4225
f 4412/731/4314 4410/745/4312 1635/745/4309 1607/731/4224
f 4410/745/4312 4412/731/4314 1608/731/4225 1636/745/4310
f 4413/732/4315 4414/745/4316 1635/745/4309 1609/732/4230
f 4414/745/4316 4413/732/4315 1610/732/4231 1636/745/4310
f 4414/745/4316 4415/746/4317 1637/746/4318 1635/745/4309
f 4415/746/4317 4414/745/4316 1636/745/4310 1638/746/4319
f 4415/746/4317 4413/732/4315 1609/732/4230 1637/746/4318
f 4413/732/4315 4415/746/4317 1638/746/4319 1610/732/4231
f 4416/747/4320 4417/746/4321 1637/746/4318 1639/747/4322
f 4417/746/4321 4416/747/4320 1640/747/4323 1638/746/4319
f 4417/746/4321 4418/745/4324 1635/745/4309 1637/746/4318
f 4418/745/4324 4417/746/4321 1638/746/4319 1636/745/4310
f 4418/745/4324 4416/747/4320 1639/747/4322 1635/745/4309
f 4416/747/4320 4418/745/4324 1636/745/4310 1640/747/4323
f 4419/748/4325 4420/742/4326 1629/742/4291 1641/748/4327
f 4420/742/4326 4419/748/4325 1642/748/4328 1630/742/4292
f 4420/742/4326 4421/744/4329 1633/744/4304 1629/742/4291
f 4421/744/4329 4420/742/4326 1630/742/4292 1634/744/4305
f 4421/744/4329 4419/748/4325 1641/748/4327 1633/744/4304
f 4419/748/4325 4421/744/4329 1634/744/4305 1642/748/4328
f 4422/741/4330 4423/742/4331 1629/742/4291 1627/741/4284
f 4423/742/4331 4422/741/4330 1628/741/4285 1630/742/4292
f 4423/742/4331 4424/749/4332 1643/749/4333 1629/742/4291
f 4424/749/4332 4423/742/4331 1630/742/4292 1644/749/4334
f 4424/749/4332 4422/741/4330 1627/741/4284 1643/749/4333
f 4422/741/4330 4424/749/4332 1644/749/4334 1628/741/4285
f 4425/745/4335 4426/741/4336 1627/741/4284 1635/745/4309
f 4426/741/4336 4425/745/4335 1636/745/4310 1628/741/4285
f 4426/741/4336 4427/749/4337 1643/749/4333 1627/741/4284
f 4427/749/4337 4426/741/4336 1628/741/4285 1644/749/4334
f 4427/749/4337 4425/745/4335 1635/745/4309 1643/749/4333
f 4425/745/4335 4427/749/4337 1644/749/4334 1636/745/4310
f 4428/748/4338 4429/749/4339 1643/749/4333 1641/748/4327
f 4429/749/4339 4428/748/4338 1642/748/4328 1644/749/4334
f 4429/749/4339 4430/742/4340 1629/742/4291 1643/749/4333
f 4430/742/4340 4429/749/4339 1644/749/4334 1630/742/4292
f 4430/742/4340 4428/748/4338 1641/748/4327 1629/742/4291
f 4428/748/4338 4430/742/4340 1630/742/4292 1642/748/4328
f 4431/747/4341 4432/745/4342 1635/745/4309 1639/747/4322
f 4432/745/4342 4431/747/4341 1640/747/4323 1636/745/4310
f 4432/745/4342 4433/750/4343 1645/750/4344 1635/745/4309
f 4433/750/4343 4432/745/4342 1636/745/4310 1646/750/4345
f 4433/750/4343 4431/747/4341 1639/747/4322 1645/750/4344
f 4431/747/4341 4433/750/4343 1646/750/4345 1640/747/4323
f 4434/749/4346 4435/750/4347 1645/750/4344 1643/749/4333
f 4435/750/4347 4434/749/4346 1644/749/4334 1646/750/4345
f 4435/750/4347 4436/745/4348 1635/745/4309 1645/750/4344
f 4436/745/4348 4435/750/4347 1646/750/4345 1636/745/4310
f 4436/745/4348 4434/749/4346 1643/749/4333 1635/745/4309
f 4434/749/4346 4436/745/4348 1636/745/4310 1644/749/4334
f 4437/749/4349 4438/748/4350 1641/748/4327 1643/749/4333
f 4438/748/4350 4437/749/4349 1644/749/4334 1642/748/4328
f 4438/748/4350 4439/751/4351 1647/751/4352 1641/748/4327
f 4439/751/4351 4438/748/4350 1642/748/4328 1648/751/4353
f 4439/751/4351 4437/749/4349 1643/749/4333 1647/751/4352
f 4437/749/4349 4439/751/4351 1648/751/4353 1644/749/4334
f 4440/750/4354 4441/749/4355 1643/749/4333 1645/750/4344
f 4441/749/4355 4440/750/4354 1646/750/4345 1644/749/4334
f 4441/749/4355 4442/751/4356 1647/751/4352 1643/749/4333
f 4442/751/4356 4441/749/4355 1644/749/4334 1648/751/4353
f 4442/751/4356 4440/750/4354 1645/750/4344 1647/751/4352
f 4440/750/4354 4442/751/4356 1648/751/4353 1646/750/4345
f 4443/636/4357 4444/748/4358 1641/748/4327 1381/636/3581
f 4444/748/4358 4443/636/4357 1382/636/3582 1642/748/4328
f 4444/748/4358 4445/744/4359 1633/744/4304 1641/748/4327
f 4445/744/4359 4444/748/4358 1642/748/4328 1634/744/4305
f 4445/744/4359 4443/636/4357 1381/636/3581 1633/744/4304
f 4443/636/4357 4445/744/4359 1634/744/4305 1382/636/3582
f 4446/750/4360 4447/625/4361 1359/625/3524 1645/750/4344
f 4447/625/4361 4446/750/4360 1646/750/4345 1360/625/3525
f 4447/625/4361 4448/747/4362 1639/747/4322 1359/625/3524
f 4448/747/4362 4447/625/4361 1360/625/3525 1640/747/4323
f 4448/747/4362 4446/750/4360 1645/750/4344 1639/747/4322
f 4446/750/4360 4448/747/4362 1640/747/4323 1646/750/4345
f 4449/752/4363 4450/751/4364 1647/751/4352 1649/752/4365
f 4450/751/4364 4449/752/4363 1650/752/4366 1648/751/4353
f 4450/751/4364 4451/748/4367 1641/748/4327 1647/751/4352
f 4451/748/4367 4450/751/4364 1648/751/4353 1642/748/4328
f 4451/748/4367 4449/752/4363 1649/752/4365 1641/748/4327
f 4449/752/4363 4451/748/4367 1642/748/4328 1650/752/4366
f 4452/752/4368 4453/750/4369 1645/750/4344 1649/752/4365
f 4453/750/4369 4452/752/4368 1650/752/4366 1646/750/4345
f 4453/750/4369 4454/751/4370 1647/751/4352 1645/750/4344
f 4454/751/4370 4453/750/4369 1646/750/4345 1648/751/4353
f 4454/751/4370 4452/752/4368 1649/752/4365 1647/751/4352
f 4452/752/4368 4454/751/4370 1648/751/4353 1650/752/4366
f 4455/748/4371 4456/631/4372 1371/631/3551 1641/748/4327
f 4456/631/4372 4455/748/4371 1642/748/4328 1372/631/3552
f 4456/631/4372 4457/752/4373 1649/752/4365 1371/631/3551
f 4457/752/4373 4456/631/4372 1372/631/3552 1650/752/4366
f 4457/752/4373 4455/748/4371 1641/748/4327 1649/752/4365
f 4455/748/4371 4457/752/4373 1650/752/4366 1642/748/4328
f 4458/748/4374 4459/636/4375 1381/636/3581 1641/748/4327
f 4459/636/4375 4458/748/4374 1642/748/4328 1382/636/3582
f 4459/636/4375 4460/631/4376 1371/631/3551 1381/636/3581
f 4460/631/4376 4459/636/4375 1382/636/3582 1372/631/3552
f 4460/631/4376 4458/748/4374 1641/748/4327 1371/631/3551
f 4458/748/4374 4460/631/4376 1372/631/3552 1642/748/4328
f 4461/627/4377 4462/750/4378 1645/750/4344 1363/627/3534
f 4462/750/4378 4461/627/4377 1364/627/3535 1646/750/4345
f 4462/750/4378 4463/752/4379 1649/752/4365 1645/750/4344
f 4463/752/4379 4462/750/4378 1646/750/4345 1650/752/4366
f 4463/752/4379 4461/627/4377 1363/627/3534 1649/752/4365
f 4461/627/4377 4463/752/4379 1650/752/4366 1364/627/3535
f 4464/625/4380 4465/750/4381 1645/750/4344 1359/625/3524
f 4465/750/4381 4464/625/4380 1360/625/3525 1646/750/4345
f 4465/750/4381 4466/627/4382 1363/627/3534 1645/750/4344
f 4466/627/4382 4465/750/4381 1646/750/4345 1364/627/3535
f 4466/627/4382 4464/625/4380 1359/625/3524 1363/627/3534
f 4464/625/4380 4466/627/4382 1364/627/3535 1360/625/3525
f 4467/631/4383 4468/629/4384 1367/629/3544 1371/631/3551
f 4468/629/4384 4467/631/4383 1372/631/3552 1368/629/3545
f 4468/629/4384 4469/752/4385 1649/752/4365 1367/629/3544
f 4469/752/4385 4468/629/4384 1368/629/3545 1650/752/4366
f 4469/752/4385 4467/631/4383 1371/631/3551 1649/752/4365
f 4467/631/4383 4469/752/4385 1650/752/4366 1372/631/3552
f 4470/627/4386 4471/752/4387 1649/752/4365 1363/627/3534
f 4471/752/4387 4470/627/4386 1364/627/3535 1650/752/4366
f 4471/752/4387 4472/629/4388 1367/629/3544 1649/752/4365
f 4472/629/4388 4471/752/4387 1650/752/4366 1368/629/3545
f 4472/629/4388 4470/627/4386 1363/627/3534 1367/629/3544
f 4470/627/4386 4472/629/4388 1368/629/3545 1364/627/3535
f 4473/753/4389 4474/754/4390 1653/754/4391 1651/753/4392
f 4474/754/4390 4473/753/4389 1652/753/4393 1654/754/4394
f 4474/754/4390 4475/755/4395 1655/755/4396 1653/754/4391
f 4475/755/4395 4474/754/4390 1654/754/4394 1656/755/4397
f 4475/755/4395 4473/753/4389 1651/753/4392 1655/755/4396
f 4473/753/4389 4475/755/4395 1656/755/4397 1652/753/4393
f 4476/756/4398 4477/754/4399 1653/754/4391 1657/756/4400
f 4477/754/4399 4476/756/4398 1658/756/4401 1654/754/4394
f 4477/754/4399 4478/753/4402 1651/753/4392 1653/754/4391
f 4478/753/4402 4477/754/4399 1654/754/4394 1652/753/4393
f 4478/753/4402 4476/756/4398 1657/756/4400 1651/753/4392
f 4476/756/4398 4478/753/4402 1652/753/4393 1658/756/4401
f 4479/753/4403 4480/755/4404 1655/755/4396 1651/753/4392
f 4480/755/4404 4479/753/4403 1652/753/4393 1656/755/4397
f 4480/755/4404 4481/757/4405 1659/757/4406 1655/755/4396
f 4481/757/4405 4480/755/4404 1656/755/4397 1660/757/4407
f 4481/757/4405 4479/753/4403 1651/753/4392 1659/757/4406
f 4479/753/4403 4481/757/4405 1660/757/4407 1652/753/4393
f 4482/756/4408 4483/758/4409 1661/758/4410 1657/756/4400
f 4483/758/4409 4482/756/4408 1658/756/4401 1662/758/4411
f 4483/758/4409 4484/754/4412 1653/754/4391 1661/758/4410
f 4484/754/4412 4483/758/4409 1662/758/4411 1654/754/4394
f 4484/754/4412 4482/756/4408 1657/756/4400 1653/754/4391
f 4482/756/4408 4484/754/4412 1654/754/4394 1658/756/4401
f 4485/757/4413 4486/755/4414 1655/755/4396 1659/757/4406
f 4486/755/4414 4485/757/4413 1660/757/4407 1656/755/4397
f 4486/755/4414 4487/759/4415 1663/759/4416 1655/755/4396
f 4487/759/4415 4486/755/4414 1656/755/4397 1664/759/4417
f 4487/759/4415 4485/757/4413 1659/757/4406 1663/759/4416
f 4485/757/4413 4487/759/4415 1664/759/4417 1660/757/4407
f 4488/760/4418 4489/758/4419 1661/758/4410 1665/760/4420
f 4489/758/4419 4488/760/4418 1666/760/4421 1662/758/4411
f 4489/758/4419 4490/756/4422 1657/756/4400 1661/758/4410
f 4490/756/4422 4489/758/4419 1662/758/4411 1658/756/4401
f 4490/756/4422 4488/760/4418 1665/760/4420 1657/756/4400
f 4488/760/4418 4490/756/4422 1658/756/4401 1666/760/4421
f 4491/757/4423 4492/759/4424 1663/759/4416 1659/757/4406
f 4492/759/4424 4491/757/4423 1660/757/4407 1664/759/4417
f 4492/759/4424 4493/761/4425 1667/761/4426 1663/759/4416
f 4493/761/4425 4492/759/4424 1664/759/4417 1668/761/4427
f 4493/761/4425 4491/757/4423 1659/757/4406 1667/761/4426
f 4491/757/4423 4493/761/4425 1668/761/4427 1660/757/4407
f 4494/758/4428 4495/760/4429 1665/760/4420 1661/758/4410
f 4495/760/4429 4494/758/4428 1662/758/4411 1666/760/4421
f 4495/760/4429 4496/762/4430 1669/762/4431 1665/760/4420
f 4496/762/4430 4495/760/4429 1666/760/4421 1670/762/4432
f 4496/762/4430 4494/758/4428 1661/758/4410 1669/762/4431
f 4494/758/4428 4496/762/4430 1670/762/4432 1662/758/4411
f 4497/761/4433 4498/759/4434 1663/759/4416 1667/761/4426
f 4498/759/4434 4497/761/4433 1668/761/4427 1664/759/4417
f 4498/759/4434 4499/763/4435 1671/763/4436 1663/759/4416
f 4499/763/4435 4498/759/4434 1664/759/4417 1672/763/4437
f 4499/763/4435 4497/761/4433 1667/761/4426 1671/763/4436
f 4497/761/4433 4499/763/4435 1672/763/4437 1668/761/4427
f 4500/760/4438 4501/764/4439 1673/764/4440 1665/760/4420
f 4501/764/4439 4500/760/4438 1666/760/4421 1674/764/4441
f 4501/764/4439 4502/762/4442 1669/762/4431 1673/764/4440
f 4502/762/4442 4501/764/4439 1674/764/4441 1670/762/4432
f 4502/762/4442 4500/760/4438 1665/760/4420 1669/762/4431
f 4500/760/4438 4502/762/4442 1670/762/4432 1666/760/4421
f 4503/761/4443 4504/763/4444 1671/763/4436 1667/761/4426
f 4504/763/4444 4503/761/4443 1668/761/4427 1672/763/4437
f 4504/763/4444 4505/765/4445 1675/765/4446 1671/763/4436
f 4505/765/4445 4504/763/4444 1672/763/4437 1676/765/4447
f 4505/765/4445 4503/761/4443 1667/761/4426 1675/765/4446
f 4503/761/4443 4505/765/4445 1676/765/4447 1668/761/4427
f 4506/762/4448 4507/764/4449 1673/764/4440 1669/762/4431
f 4507/764/4449 4506/762/4448 1670/762/4432 1674/764/4441
f 4507/764/4449 4508/766/4450 1677/766/4451 1673/764/4440
f 4508/766/4450 4507/764/4449 1674/764/4441 1678/766/4452
f 4508/766/4450 4506/762/4448 1669/762/4431 1677/766/4451
f 4506/762/4448 4508/766/4450 1678/766/4452 1670/762/4432
f 4509/765/4453 4510/763/4454 1671/763/4436 1675/765/4446
f 4510/763/4454 4509/765/4453 1676/765/4447 1672/763/4437
f 4510/763/4454 4511/767/4455 1679/767/4456 1671/763/4436
f 4511/767/4455 4510/763/4454 1672/763/4437 1680/767/4457
f 4511/767/4455 4509/765/4453 1675/765/4446 1679/767/4456
f 4509/765/4453 4511/767/4455 1680/767/4457 1676/765/4447
f 4512/764/4458 4513/768/4459 1681/768/4460 1673/764/4440
f 4513/768/4459 4512/764/4458 1674/764/4441 1682/768/4461
f 4513/768/4459 4514/766/4462 1677/766/4451 1681/768/4460
f 4514/766/4462 4513/768/4459 1682/768/4461 1678/766/4452
f 4514/766/4462 4512/764/4458 1673/764/4440 1677/766/4451
f 4512/764/4458 4514/766/4462 1678/766/4452 1674/764/4441
f 4515/765/4463 4516/767/4464 1679/767/4456 1675/765/4446
f 4516/767/4464 4515/765/4463 1676/765/4447 1680/767/4457
f 4516/767/4464 4517/769/4465 1683/769/4466 1679/767/4456
f 4517/769/4465 4516/767/4464 1680/767/4457 1684/769/4467
f 4517/769/4465 4515/765/4463 1675/765/4446 1683/769/4466
f 4515/765/4463 4517/769/4465 1684/769/4467 1676/765/4447
f 4518/766/4468 4519/768/4469 1681/768/4460 1677/766/4451
f 4519/768/4469 4518/766/4468 1678/766/4452 1682/768/4461
f 4519/768/4469 4520/770/4470 1685/770/4471 1681/768/4460
f 4520/770/4470 4519/768/4469 1682/768/4461 1686/770/4472
f 4520/770/4470 4518/766/4468 1677/766/4451 1685/770/4471
f 4518/766/4468 4520/770/4470 1686/770/4472 1678/766/4452
f 4521/769/4473 4522/767/4474 1679/767/4456 1683/769/4466
f 4522/767/4474 4521/769/4473 1684/769/4467 1680/767/4457
f 4522/767/4474 4523/771/4475 1687/771/4476 1679/767/4456
f 4523/771/4475 4522/767/4474 1680/767/4457 1688/771/4477
f 4523/771/4475 4521/769/4473 1683/769/4466 1687/771/4476
f 4521/769/4473 4523/771/4475 1688/771/4477 1684/769/4467
f 4524/768/4478 4525/772/4479 1689/772/4480 1681/768/4460
f 4525/772/4479 4524/768/4478 1682/768/4461 1690/772/4481
f 4525/772/4479 4526/770/4482 1685/770/4471 1689/772/4480
f 4526/770/4482 4525/772/4479 1690/772/4481 1686/770/4472
f 4526/770/4482 4524/768/4478 1681/768/4460 1685/770/4471
f 4524/768/4478 4526/770/4482 1686/770/4472 1682/768/4461
f 4527/769/4483 4528/771/4484 1687/771/4476 1683/769/4466
f 4528/771/4484 4527/769/4483 1684/769/4467 1688/771/4477
f 4528/771/4484 4529/773/4485 1691/773/4486 1687/771/4476
f 4529/773/4485 4528/771/4484 1688/771/4477 1692/773/4487
f 4529/773/4485 4527/769/4483 1683/769/4466 1691/773/4486
f 4527/769/4483 4529/773/4485 1692/773/4487 1684/769/4467
f 4530/770/4488 4531/772/4489 1689/772/4480 1685/770/4471
f 4531/772/4489 4530/770/4488 1686/770/4472 1690/772/4481
f 4531/772/4489 4532/774/4490 1693/774/4491 1689/772/4480
f 4532/774/4490 4531/772/4489 1690/772/4481 1694/774/4492
f 4532/774/4490 4530/770/4488 1685/770/4471 1693/774/4491
f 4530/770/4488 4532/774/4490 1694/774/4492 1686/770/4472
f 4533/775/4493 4534/773/4494 1691/773/4486 1695/775/4495
f 4534/773/4494 4533/775/4493 1696/775/4496 1692/773/4487
f 4534/773/4494 4535/771/4497 1687/771/4476 1691/773/4486
f 4535/771/4497 4534/773/4494 1692/773/4487 1688/771/4477
f 4535/771/4497 4533/775/4493 1695/775/4495 1687/771/4476
f 4533/775/4493 4535/771/4497 1688/771/4477 1696/775/4496
f 4536/772/4498 4537/776/4499 1697/776/4500 1689/772/4480
f 4537/776/4499 4536/772/4498 1690/772/4481 1698/776/4501
f 4537/776/4499 4538/774/4502 1693/774/4491 1697/776/4500
f 4538/774/4502 4537/776/4499 1698/776/4501 1694/774/4492
f 4538/774/4502 4536/772/4498 1689/772/4480 1693/774/4491
f 4536/772/4498 4538/774/4502 1694/774/4492 1690/772/4481
f 4539/773/4503 4540/775/4504 1695/775/4495 1691/773/4486
f 4540/775/4504 4539/773/4503 1692/773/4487 1696/775/4496
f 4540/775/4504 4541/777/4505 1699/777/4506 1695/775/4495
f 4541/777/4505 4540/775/4504 1696/775/4496 1700/777/4507
f 4541/777/4505 4539/773/4503 1691/773/4486 1699/777/4506
f 4539/773/4503 4541/777/4505 1700/777/4507 1692/773/4487
f 4542/774/4508 4543/776/4509 1697/776/4500 1693/774/4491
f 4543/776/4509 4542/774/4508 1694/774/4492 1698/776/4501
f 4543/776/4509 4544/778/4510 1701/778/4511 1697/776/4500
f 4544/778/4510 4543/776/4509 1698/776/4501 1702/778/4512
f 4544/778/4510 4542/774/4508 1693/774/4491 1701/778/4511
f 4542/774/4508 4544/778/4510 1702/778/4512 1694/774/4492
f 4545/777/4513 4546/775/4514 1695/775/4495 1699/777/4506
f 4546/775/4514 4545/777/4513 1700/777/4507 1696/775/4496
f 4546/775/4514 4547/779/4515 1703/779/4516 1695/775/4495
f 4547/779/4515 4546/775/4514 1696/775/4496 1704/779/4517
f 4547/779/4515 4545/777/4513 1699/777/4506 1703/779/4516
f 4545/777/4513 4547/779/4515 1704/779/4517 1700/777/4507
f 4548/780/4518 4549/778/4519 1701/778/4511 1705/780/4520
f 4549/778/4519 4548/780/4518 1706/780/4521 1702/778/4512
f 4549/778/4519 4550/776/4522 1697/776/4500 1701/778/4511
f 4550/776/4522 4549/778/4519 1702/778/4512 1698/776/4501
f 4550/776/4522 4548/780/4518 1705/780/4520 1697/776/4500
f 4548/780/4518 4550/776/4522 1698/776/4501 1706/780/4521
f 4551/777/4523 4552/779/4524 1703/779/4516 1699/777/4506
f 4552/779/4524 4551/777/4523 1700/777/4507 1704/779/4517
f 4552/779/4524 4553/781/4525 1707/781/4526 1703/779/4516
f 4553/781/4525 4552/779/4524 1704/779/4517 1708/781/4527
f 4553/781/4525 4551/777/4523 1699/777/4506 1707/781/4526
f 4551/777/4523 4553/781/4525 1708/781/4527 1700/777/4507
f 4554/778/4528 4555/780/4529 1705/780/4520 1701/778/4511
f 4555/780/4529 4554/778/4528 1702/778/4512 1706/780/4521
f 4555/780/4529 4556/782/4530 1709/782/4531 1705/780/4520
f 4556/782/4530 4555/780/4529 1706/780/4521 1710/782/4532
f 4556/782/4530 4554/778/4528 1701/778/4511 1709/782/4531
f 4554/778/4528 4556/782/4530 1710/782/4532 1702/778/4512
f 4557/783/4533 4558/781/4534 1707/781/4526 1711/783/4535
f 4558/781/4534 4557/783/4533 1712/783/4536 1708/781/4527
f 4558/781/4534 4559/779/4537 1703/779/4516 1707/781/4526
f 4559/779/4537 4558/781/4534 1708/781/4527 1704/779/4517
f 4559/779/4537 4557/783/4533 1711/783/4535 1703/779/4516
f 4557/783/4533 4559/779/4537 1704/779/4517 1712/783/4536
f 4560/780/4538 4561/784/4539 1713/784/4540 1705/780/4520
f 4561/784/4539 4560/780/4538 1706/780/4521 1714/784/4541
f 4561/784/4539 4562/782/4542 1709/782/4531 1713/784/4540
f 4562/782/4542 4561/784/4539 1714/784/4541 1710/782/4532
f 4562/782/4542 4560/780/4538 1705/780/4520 1709/782/4531
f 4560/780/4538 4562/782/4542 1710/782/4532 1706/780/4521
f 4563/785/4543 4564/781/4544 1707/781/4526 1715/785/4545
f 4564/781/4544 4563/785/4543 1716/785/4546 1708/781/4527
f 4564/781/4544 4565/783/4547 1711/783/4535 1707/781/4526
f 4565/783/4547 4564/781/4544 1708/781/4527 1712/783/4536
f 4565/783/4547 4563/785/4543 1715/785/4545 1711/783/4535
f 4563/785/4543 4565/783/4547 1712/783/4536 1716/785/4546
f 4566/782/4548 4567/784/4549 1713/784/4540 1709/782/4531
f 4567/784/4549 4566/782/4548 1710/782/4532 1714/784/4541
f 4567/784/4549 4568/786/4550 1717/786/4551 1713/784/4540
f 4568/786/4550 4567/784/4549 1714/784/4541 1718/786/4552
f 4568/786/4550 4566/782/4548 1709/782/4531 1717/786/4551
f 4566/782/4548 4568/786/4550 1718/786/4552 1710/782/4532
f 4569/787/4553 4570/785/4554 1715/785/4545 1719/787/4555
f 4570/785/4554 4569/787/4553 1720/787/4556 1716/785/4546
f 4570/785/4554 4571/783/4557 1711/783/4535 1715/785/4545
f 4571/783/4557 4570/785/4554 1716/785/4546 1712/783/4536
f 4571/783/4557 4569/787/4553 1719/787/4555 1711/783/4535
f 4569/787/4553 4571/783/4557 1712/783/4536 1720/787/4556
f 4572/784/4558 4573/788/4559 1721/788/4560 1713/784/4540
f 4573/788/4559 4572/784/4558 1714/784/4541 1722/788/4561
f 4573/788/4559 4574/786/4562 1717/786/4551 1721/788/4560
f 4574/786/4562 4573/788/4559 1722/788/4561 1718/786/4552
f 4574/786/4562 4572/784/4558 1713/784/4540 1717/786/4551
f 4572/784/4558 4574/786/4562 1718/786/4552 1714/784/4541
f 4575/789/4563 4576/785/4564 1715/785/4545 1723/789/4565
f 4576/785/4564 4575/789/4563 1724/789/4566 1716/785/4546
f 4576/785/4564 4577/787/4567 1719/787/4555 1715/785/4545
f 4577/787/4567 4576/785/4564 1716/785/4546 1720/787/4556
f 4577/787/4567 4575/789/4563 1723/789/4565 1719/787/4555
f 4575/789/4563 4577/787/4567 1720/787/4556 1724/789/4566
f 4578/786/4568 4579/788/4569 1721/788/4560 1717/786/4551
f 4579/788/4569 4578/786/4568 1718/786/4552 1722/788/4561
f 4579/788/4569 4580/790/4570 1725/790/4571 1721/788/4560
f 4580/790/4570 4579/788/4569 1722/788/4561 1726/790/4572
f 4580/790/4570 4578/786/4568 1717/786/4551 1725/790/4571
f 4578/786/4568 4580/790/4570 1726/790/4572 1718/786/4552
f 4581/791/4573 4582/789/4574 1723/789/4565 1727/791/4575
f 4582/789/4574 4581/791/4573 1728/791/4576 1724/789/4566
f 4582/789/4574 4583/787/4577 1719/787/4555 1723/789/4565
f 4583/787/4577 4582/789/4574 1724/789/4566 1720/787/4556
f 4583/787/4577 4581/791/4573 1727/791/4575 1719/787/4555
f 4581/791/4573 4583/787/4577 1720/787/4556 1728/791/4576
f 4584/788/4578 4585/792/4579 1729/792/4580 1721/788/4560
f 4585/792/4579 4584/788/4578 1722/788/4561 1730/792/4581
f 4585/792/4579 4586/790/4582 1725/790/4571 1729/792/4580
f 4586/790/4582 4585/792/4579 1730/792/4581 1726/790/4572
f 4586/790/4582 4584/788/4578 1721/788/4560 1725/790/4571
f 4584/788/4578 4586/790/4582 1726/790/4572 1722/788/4561
f 4587/792/4583 4588/789/4584 1723/789/4565 1729/792/4580
f 4588/789/4584 4587/792/4583 1730/792/4581 1724/789/4566
f 4588/789/4584 4589/791/4585 1727/791/4575 1723/789/4565
f 4589/791/4585 4588/789/4584 1724/789/4566 1728/791/4576
f 4589/791/4585 4587/792/4583 1729/792/4580 1727/791/4575
f 4587/792/4583 4589/791/4585 1728/791/4576 1730/792/4581
f 4590/790/4586 4591/792/4587 1729/792/4580 1725/790/4571
f 4591/792/4587 4590/790/4586 1726/790/4572 1730/792/4581
f 4591/792/4587 4592/791/4588 1727/791/4575 1729/792/4580
f 4592/791/4588 4591/792/4587 1730/792/4581 1728/791/4576
f 4592/791/4588 4590/790/4586 1725/790/4571 1727/791/4575
f 4590/790/4586 4592/791/4588 1728/791/4576 1726/790/4572
